timestamp_ms,elapsed_ms,pix_dist,m_dist
0ms,0,384.602,0.198221
47ms,47,385.500,0.198778
79ms,79,386.332,0.199198
111ms,111,386.611,0.199466
143ms,143,386.382,0.199256
239ms,239,386.486,0.199318
271ms,271,386.508,0.199408
303ms,303,386.531,0.199307
335ms,335,386.517,0.199338
400ms,400,386.487,0.199333
447ms,447,386.559,0.199385
479ms,479,386.591,0.199366
511ms,511,386.611,0.199536
543ms,543,385.667,0.199203
575ms,575,384.422,0.198624
608ms,608,383.338,0.197836
640ms,640,382.087,0.197262
671ms,671,380.926,0.196991
704ms,704,379.899,0.196267
736ms,736,378.836,0.195812
768ms,768,378.049,0.195288
800ms,800,377.845,0.195578
832ms,832,377.087,0.195041
879ms,879,376.980,0.194936
911ms,911,377.003,0.194633
943ms,943,376.845,0.194389
975ms,975,376.964,0.194470
1007ms,1007,376.903,0.194282
1039ms,1039,377.029,0.194353
1071ms,1071,377.280,0.194254
1103ms,1103,377.507,0.194548
1167ms,1167,378.195,0.194663
1200ms,1200,378.676,0.194940
1232ms,1232,379.200,0.195178
1279ms,1279,379.810,0.195549
1311ms,1311,380.442,0.195724
1343ms,1343,381.112,0.196180
1375ms,1375,381.847,0.196461
1408ms,1408,382.459,0.196936
1440ms,1440,383.212,0.197395
1471ms,1471,383.860,0.197738
1504ms,1504,384.697,0.198361
1536ms,1536,385.599,0.198817
1568ms,1568,386.364,0.199267
1600ms,1600,386.470,0.199467
1632ms,1632,386.396,0.199308
1680ms,1680,386.395,0.199409
1711ms,1711,386.360,0.199382
1744ms,1744,386.413,0.199421
1775ms,1775,386.426,0.199408
1807ms,1807,386.452,0.199421
1840ms,1840,386.418,0.199392
1872ms,1872,386.444,0.199358
1904ms,1904,386.440,0.199402
1935ms,1935,386.452,0.199368
1967ms,1967,386.548,0.199283
2000ms,2000,386.619,0.199574
2032ms,2032,385.609,0.199243
2079ms,2079,384.181,0.198625
2111ms,2111,383.049,0.197859
2143ms,2143,381.910,0.197290
2175ms,2175,380.699,0.196902
2207ms,2207,379.622,0.195997
2239ms,2239,378.613,0.195707
2271ms,2271,378.086,0.195313
2335ms,2335,376.931,0.194820
2368ms,2368,377.080,0.194919
2399ms,2399,377.005,0.194591
2432ms,2432,376.903,0.194525
2479ms,2479,376.888,0.194504
2511ms,2511,377.016,0.194428
2543ms,2543,377.111,0.194344
2575ms,2575,377.207,0.194342
2607ms,2607,377.505,0.194630
2640ms,2640,377.920,0.194655
2672ms,2672,378.308,0.194774
2704ms,2704,378.841,0.195025
2736ms,2736,379.351,0.195365
2768ms,2768,379.971,0.195650
2800ms,2800,380.636,0.195880
2831ms,2831,381.307,0.196343
2879ms,2879,382.035,0.196620
2911ms,2911,382.758,0.197226
2943ms,2943,383.439,0.197548
2975ms,2975,384.180,0.197899
3007ms,3007,385.000,0.198465
3040ms,3040,385.788,0.198947
3072ms,3072,386.606,0.199413
3104ms,3104,386.424,0.199440
3136ms,3136,386.514,0.199307
3168ms,3168,386.441,0.199400
3200ms,3200,386.465,0.199418
3232ms,3232,386.434,0.199399
3279ms,3279,386.451,0.199396
3311ms,3311,386.523,0.199328
3343ms,3343,386.493,0.199376
3375ms,3375,386.443,0.199332
3407ms,3407,386.498,0.199400
3439ms,3439,386.497,0.199360
3503ms,3503,386.433,0.199497
3536ms,3536,385.229,0.199116
3568ms,3568,384.017,0.198322
3600ms,3600,382.716,0.197607
3632ms,3632,381.541,0.197052
3679ms,3679,380.439,0.196635
3711ms,3711,379.344,0.195961
3743ms,3743,378.486,0.195623
3775ms,3775,378.020,0.195114
3807ms,3807,377.761,0.195754
3839ms,3839,376.894,0.194663
3872ms,3872,376.935,0.194788
3904ms,3904,376.995,0.194673
3936ms,3936,376.987,0.194464
3968ms,3968,377.034,0.194309
4000ms,4000,376.984,0.194457
4032ms,4032,377.098,0.194406
4079ms,4079,377.275,0.194365
4111ms,4111,377.513,0.194507
4143ms,4143,377.938,0.194605
4175ms,4175,378.374,0.194882
4208ms,4208,378.910,0.195002
4239ms,4239,379.468,0.195273
4271ms,4271,380.064,0.195748
4303ms,4303,380.668,0.195944
4336ms,4336,381.366,0.196231
4368ms,4368,382.108,0.196731
4400ms,4400,382.791,0.197189
4432ms,4432,383.537,0.197426
4479ms,4479,384.248,0.197955
4511ms,4511,385.086,0.198516
4543ms,4543,386.016,0.199000
4607ms,4607,386.253,0.199294
4639ms,4639,386.401,0.199407
4671ms,4671,386.414,0.199373
4704ms,4704,386.432,0.199381
4736ms,4736,386.417,0.199402
4768ms,4768,386.439,0.199418
4800ms,4800,386.410,0.199390
4832ms,4832,386.464,0.199389
4879ms,4879,386.452,0.199374
4911ms,4911,386.441,0.199298
4943ms,4943,386.496,0.199321
4975ms,4975,386.575,0.199426
5007ms,5007,386.349,0.199416
5040ms,5040,385.108,0.198983
5072ms,5072,383.803,0.198182
5104ms,5104,382.615,0.197554
5136ms,5136,381.481,0.197035
5168ms,5168,380.291,0.196522
5200ms,5200,379.285,0.195895
5232ms,5232,378.279,0.195619
5279ms,5279,377.877,0.195204
5311ms,5311,377.644,0.195493
5343ms,5343,376.916,0.194774
5375ms,5375,376.970,0.194823
5407ms,5407,376.929,0.194587
5439ms,5439,377.015,0.194620
5472ms,5472,376.942,0.194402
5504ms,5504,376.915,0.194401
5536ms,5536,377.070,0.194273
5568ms,5568,377.311,0.194495
5600ms,5600,377.657,0.194555
5632ms,5632,378.015,0.194461
5664ms,5664,378.522,0.194828
5711ms,5711,379.042,0.195088
5743ms,5743,379.590,0.195380
5775ms,5775,380.170,0.195733
5807ms,5807,380.867,0.196054
5839ms,5839,381.506,0.196295
5872ms,5872,382.268,0.196853
5904ms,5904,382.986,0.197238
5936ms,5936,383.661,0.197618
5968ms,5968,384.481,0.198183
6000ms,6000,385.270,0.198695
6032ms,6032,386.169,0.199227
6111ms,6111,386.344,0.199327
6143ms,6143,386.406,0.199389
6175ms,6175,386.411,0.199347
6208ms,6208,386.428,0.199433
6240ms,6240,386.427,0.199333
6272ms,6272,386.443,0.199225
6303ms,6303,386.465,0.199328
6335ms,6335,386.454,0.199337
6367ms,6367,386.395,0.199359
6400ms,6400,386.484,0.199365
6431ms,6431,386.562,0.199399
6463ms,6463,386.665,0.199402
6511ms,6511,385.968,0.199388
6543ms,6543,384.627,0.198750
6575ms,6575,383.406,0.198021
6639ms,6639,381.085,0.197032
6671ms,6671,379.952,0.196317
6703ms,6703,378.917,0.195836
6736ms,6736,378.119,0.195453
6768ms,6768,377.860,0.195452
6799ms,6799,377.210,0.194893
6832ms,6832,376.995,0.194997
6864ms,6864,376.989,0.194677
6911ms,6911,376.894,0.194644
6943ms,6943,376.968,0.194690
6975ms,6975,377.038,0.194588
7007ms,7007,376.963,0.194301
7039ms,7039,377.101,0.194361
7071ms,7071,377.368,0.194372
7104ms,7104,377.771,0.194613
7135ms,7135,378.111,0.194845
7168ms,7168,378.725,0.195102
7200ms,7200,379.177,0.195202
7232ms,7232,379.720,0.195482
7264ms,7264,380.332,0.195854
7311ms,7311,381.004,0.196175
7343ms,7343,381.676,0.196434
7375ms,7375,382.414,0.196878
7407ms,7407,383.125,0.197367
7439ms,7439,383.876,0.197796
7471ms,7471,384.691,0.198388
7503ms,7503,385.555,0.198801
7535ms,7535,386.287,0.199286
7568ms,7568,386.407,0.199362
7600ms,7600,386.316,0.199185
7632ms,7632,386.403,0.199285
7664ms,7664,386.433,0.199341
7711ms,7711,386.423,0.199295
7743ms,7743,386.393,0.199216
7775ms,7775,386.385,0.199313
7807ms,7807,386.366,0.199309
7839ms,7839,386.409,0.199348
7872ms,7872,386.403,0.199356
7904ms,7904,386.460,0.199293
7935ms,7935,386.464,0.199343
7968ms,7968,386.583,0.199453
8000ms,8000,385.592,0.199285
8032ms,8032,384.265,0.198541
8064ms,8064,383.066,0.197754
8111ms,8111,381.947,0.197299
8143ms,8143,380.801,0.196752
8175ms,8175,379.759,0.196178
8207ms,8207,378.711,0.195773
8239ms,8239,378.034,0.195394
8303ms,8303,377.068,0.194928
8335ms,8335,376.996,0.194969
8368ms,8368,376.947,0.194637
8400ms,8400,376.938,0.194556
8432ms,8432,376.898,0.194416
8511ms,8511,377.038,0.194439
8543ms,8543,377.281,0.194400
8575ms,8575,377.526,0.194514
8607ms,8607,377.962,0.194545
8671ms,8671,378.892,0.195027
8703ms,8703,379.341,0.195342
8736ms,8736,379.976,0.195526
8768ms,8768,380.610,0.195904
8800ms,8800,381.338,0.196284
8832ms,8832,381.979,0.196567
8864ms,8864,382.631,0.197036
8911ms,8911,383.440,0.197462
8943ms,8943,384.159,0.197927
8975ms,8975,384.975,0.198538
9007ms,9007,385.803,0.198772
9039ms,9039,386.386,0.199412
9071ms,9071,386.312,0.199357
9103ms,9103,386.440,0.199294
9136ms,9136,386.361,0.199394
9168ms,9168,386.366,0.199323
9200ms,9200,386.399,0.199430
9232ms,9232,386.436,0.199326
9264ms,9264,386.416,0.199287
9311ms,9311,386.406,0.199378
9343ms,9343,386.416,0.199371
9375ms,9375,386.408,0.199284
9407ms,9407,386.413,0.199365
9439ms,9439,386.494,0.199324
9471ms,9471,386.391,0.199345
9504ms,9504,385.196,0.199009
9536ms,9536,383.790,0.198247
9568ms,9568,382.689,0.197588
9600ms,9600,381.476,0.197273
9632ms,9632,380.363,0.196577
9664ms,9664,379.313,0.195929
9711ms,9711,378.344,0.195565
9743ms,9743,378.005,0.195395
9775ms,9775,377.764,0.195651
9807ms,9807,376.841,0.194702
9839ms,9839,377.020,0.194789
9903ms,9903,376.914,0.194402
9935ms,9935,376.913,0.194402
9967ms,9967,376.938,0.194383
10000ms,10000,377.021,0.194382
10032ms,10032,377.298,0.194391
10064ms,10064,377.573,0.194537
10111ms,10111,377.968,0.194615
10239ms,10239,380.134,0.195754
10271ms,10271,380.702,0.195996
10303ms,10303,381.451,0.196341
10336ms,10336,382.065,0.196668
10399ms,10399,383.588,0.197540
10432ms,10432,384.268,0.198027
10464ms,10464,385.127,0.198584
10496ms,10496,386.023,0.199048
10575ms,10575,386.181,0.199399
10607ms,10607,386.397,0.199278
10639ms,10639,386.484,0.199355
10672ms,10672,386.375,0.199257
10703ms,10703,386.387,0.199245
10736ms,10736,386.417,0.199396
10768ms,10768,386.387,0.199312
10800ms,10800,386.360,0.199304
10832ms,10832,386.407,0.199285
10864ms,10864,386.411,0.199317
10911ms,10911,386.457,0.199254
10943ms,10943,386.530,0.199376
10975ms,10975,386.341,0.199347
11007ms,11007,385.136,0.198905
11039ms,11039,383.776,0.198195
11072ms,11072,382.660,0.197512
11103ms,11103,381.405,0.197107
11135ms,11135,380.273,0.196598
11168ms,11168,379.316,0.195867
11200ms,11200,378.383,0.195463
11232ms,11232,378.091,0.195552
11264ms,11264,377.684,0.195508
11311ms,11311,376.884,0.194675
11343ms,11343,377.019,0.195089
11375ms,11375,376.987,0.194617
11407ms,11407,376.955,0.194408
11439ms,11439,376.934,0.194479
11471ms,11471,377.048,0.194376
11504ms,11504,377.127,0.194506
11535ms,11535,377.238,0.194388
11567ms,11567,377.509,0.194548
11600ms,11600,377.929,0.194533
11632ms,11632,378.431,0.194979
11664ms,11664,378.961,0.195174
11696ms,11696,379.402,0.195371
11743ms,11743,379.982,0.195619
11807ms,11807,381.385,0.196361
11839ms,11839,382.092,0.196821
11871ms,11871,382.869,0.197162
11904ms,11904,383.453,0.197614
11936ms,11936,384.223,0.197913
11968ms,11968,385.114,0.198632
11999ms,11999,385.808,0.199045
12032ms,12032,386.421,0.199400
12063ms,12063,386.241,0.199360
12096ms,12096,386.379,0.199319
12143ms,12143,386.377,0.199372
12175ms,12175,386.360,0.199212
12207ms,12207,386.369,0.199326
12239ms,12239,386.378,0.199304
12272ms,12272,386.340,0.199438
12304ms,12304,386.359,0.199213
12335ms,12335,386.362,0.199364
12368ms,12368,386.338,0.199318
12400ms,12400,386.370,0.199228
12432ms,12432,386.450,0.199301
12464ms,12464,386.265,0.199556
12496ms,12496,385.061,0.198875
12543ms,12543,383.666,0.198357
12575ms,12575,382.556,0.197785
12607ms,12607,381.443,0.196900
12639ms,12639,380.185,0.196593
12671ms,12671,379.152,0.196332
12704ms,12704,378.261,0.195523
12767ms,12767,377.458,0.195670
12800ms,12800,376.968,0.194677
12832ms,12832,377.039,0.194632
12864ms,12864,376.918,0.194453
12896ms,12896,376.938,0.194580
12943ms,12943,376.938,0.194311
12975ms,12975,377.030,0.194351
13007ms,13007,377.082,0.194309
13039ms,13039,377.434,0.194301
13072ms,13072,377.726,0.194579
13103ms,13103,378.173,0.194794
13167ms,13167,379.074,0.195279
13200ms,13200,379.706,0.195586
13231ms,13231,380.281,0.195721
13264ms,13264,380.896,0.196108
13296ms,13296,381.563,0.196485
13343ms,13343,382.315,0.196868
13375ms,13375,382.928,0.197313
13407ms,13407,383.799,0.197814
13439ms,13439,384.503,0.198124
13472ms,13472,385.373,0.198659
13503ms,13503,386.133,0.199203
13535ms,13535,386.321,0.199489
13567ms,13567,386.186,0.199240
13600ms,13600,386.339,0.199312
13632ms,13632,386.396,0.199315
13664ms,13664,386.444,0.199375
13696ms,13696,386.436,0.199286
13743ms,13743,386.374,0.199314
13775ms,13775,386.434,0.199454
13807ms,13807,386.370,0.199264
13839ms,13839,386.403,0.199304
13871ms,13871,386.459,0.199479
13903ms,13903,386.403,0.199247
13935ms,13935,386.533,0.199392
13967ms,13967,385.660,0.199444
14000ms,14000,384.428,0.198626
14031ms,14031,383.204,0.197908
14064ms,14064,382.007,0.197397
14095ms,14095,380.843,0.196932
14143ms,14143,379.790,0.196262
14175ms,14175,378.806,0.195649
14207ms,14207,378.132,0.195505
14239ms,14239,377.920,0.195420
14271ms,14271,377.043,0.194754
14303ms,14303,376.974,0.195218
14335ms,14335,376.963,0.194759
14367ms,14367,376.890,0.194580
14399ms,14399,376.959,0.194519
14432ms,14432,376.928,0.194371
14464ms,14464,376.959,0.194366
14496ms,14496,377.174,0.194467
14527ms,14527,377.501,0.194522
14575ms,14575,377.656,0.194604
14607ms,14607,378.167,0.194798
14639ms,14639,378.764,0.194951
14703ms,14703,379.828,0.195638
14735ms,14735,380.453,0.195827
14767ms,14767,381.141,0.196163
14799ms,14799,381.794,0.196543
14831ms,14831,382.558,0.197004
14864ms,14864,383.227,0.197464
14895ms,14895,383.927,0.197623
14943ms,14943,384.730,0.198237
14975ms,14975,385.597,0.198836
15007ms,15007,386.316,0.199369
15039ms,15039,386.406,0.199560
15103ms,15103,386.327,0.199152
15135ms,15135,386.354,0.199331
15167ms,15167,386.387,0.199286
15199ms,15199,386.313,0.199315
15231ms,15231,386.382,0.199304
15263ms,15263,386.391,0.199211
15296ms,15296,386.413,0.199454
15343ms,15343,386.401,0.199346
15407ms,15407,386.494,0.199347
15439ms,15439,386.608,0.199434
15471ms,15471,385.562,0.199346
15503ms,15503,384.290,0.198655
15567ms,15567,381.790,0.197207
15600ms,15600,380.688,0.196770
15632ms,15632,379.635,0.196133
15664ms,15664,378.590,0.195638
15696ms,15696,378.012,0.195125
15743ms,15743,377.959,0.195692
15775ms,15775,376.935,0.194833
15807ms,15807,377.038,0.195010
15839ms,15839,376.948,0.194562
15871ms,15871,376.968,0.194541
15903ms,15903,376.961,0.194608
15935ms,15935,376.950,0.194311
15967ms,15967,377.008,0.194392
16000ms,16000,377.253,0.194423
16031ms,16031,377.570,0.194620
16064ms,16064,377.985,0.194686
16095ms,16095,378.366,0.194814
16127ms,16127,378.922,0.194998
16175ms,16175,379.413,0.195305
16207ms,16207,379.969,0.195701
16239ms,16239,380.624,0.195999
16271ms,16271,381.381,0.196352
16303ms,16303,381.981,0.196720
16335ms,16335,382.810,0.197204
16367ms,16367,383.472,0.197554
16399ms,16399,384.170,0.197982
16431ms,16431,385.077,0.198547
16464ms,16464,385.838,0.198988
16495ms,16495,386.381,0.199369
16527ms,16527,386.141,0.199379
16575ms,16575,386.251,0.199414
16639ms,16639,386.354,0.199389
16671ms,16671,386.325,0.199244
16703ms,16703,386.338,0.199161
16735ms,16735,386.353,0.199259
16767ms,16767,386.344,0.199278
16799ms,16799,386.370,0.199270
16831ms,16831,386.370,0.199278
16864ms,16864,386.336,0.199365
16895ms,16895,386.485,0.199259
16928ms,16928,386.174,0.199429
16975ms,16975,384.830,0.199046
17007ms,17007,383.681,0.198231
17039ms,17039,382.568,0.197417
17071ms,17071,381.378,0.197425
17103ms,17103,380.259,0.196690
17135ms,17135,379.317,0.195779
17167ms,17167,378.300,0.195974
17199ms,17199,378.024,0.195118
17263ms,17263,376.919,0.194880
17295ms,17295,376.982,0.194903
17328ms,17328,376.913,0.194611
17375ms,17375,377.134,0.194459
17407ms,17407,376.968,0.194453
17439ms,17439,376.960,0.194329
17471ms,17471,377.040,0.194261
17503ms,17503,377.320,0.194525
17535ms,17535,377.621,0.194492
17567ms,17567,378.074,0.194613
17599ms,17599,378.562,0.195031
17631ms,17631,379.106,0.195341
17664ms,17664,379.615,0.195332
17696ms,17696,380.220,0.195760
17728ms,17728,380.875,0.196215
17775ms,17775,381.536,0.196500
17807ms,17807,382.267,0.196879
17839ms,17839,382.940,0.197161
17871ms,17871,383.659,0.197670
17903ms,17903,384.496,0.198114
17935ms,17935,385.285,0.198746
17967ms,17967,386.094,0.199186
17999ms,17999,386.372,0.199477
18031ms,18031,386.241,0.199254
18064ms,18064,386.346,0.199356
18095ms,18095,386.381,0.199322
18128ms,18128,386.369,0.199346
18175ms,18175,386.349,0.199343
18207ms,18207,386.376,0.199309
18239ms,18239,386.327,0.199296
18271ms,18271,386.374,0.199363
18303ms,18303,386.371,0.199310
18335ms,18335,386.374,0.199224
18367ms,18367,386.445,0.199296
18399ms,18399,386.511,0.199364
18431ms,18431,385.998,0.199383
18464ms,18464,384.647,0.198854
18495ms,18495,383.222,0.198479
18575ms,18575,380.903,0.196743
18607ms,18607,379.757,0.196955
18639ms,18639,378.761,0.195834
18671ms,18671,378.043,0.195083
18703ms,18703,377.872,0.196860
18735ms,18735,377.005,0.194833
18767ms,18767,377.073,0.194459
18799ms,18799,376.951,0.194993
18831ms,18831,377.011,0.194353
18863ms,18863,376.937,0.194287
18895ms,18895,376.901,0.194556
18928ms,18928,376.979,0.194480
18975ms,18975,377.186,0.194479
19007ms,19007,377.471,0.194643
19039ms,19039,377.803,0.194547
19071ms,19071,378.264,0.194847
19103ms,19103,378.726,0.195310
19135ms,19135,379.256,0.195291
19167ms,19167,379.870,0.195681
19199ms,19199,380.376,0.195886
19231ms,19231,381.117,0.196335
19263ms,19263,381.813,0.196696
19295ms,19295,382.478,0.197016
19327ms,19327,383.282,0.197464
19375ms,19375,383.961,0.197914
19407ms,19407,384.811,0.198193
19439ms,19439,385.663,0.198937
19471ms,19471,386.323,0.199444
19503ms,19503,386.345,0.199483
19535ms,19535,386.399,0.199272
19567ms,19567,386.329,0.199320
19599ms,19599,386.364,0.199433
19599ms,19599,386.364,0.199433
19631ms,19631,386.441,0.199327
19663ms,19663,386.330,0.199193
19695ms,19695,386.371,0.199416
19728ms,19728,386.394,0.199293
19760ms,19760,386.372,0.199259
19807ms,19807,386.430,0.199360
19839ms,19839,386.448,0.199292
19871ms,19871,386.483,0.199249
19903ms,19903,386.437,0.199573
19935ms,19935,385.345,0.199133
19967ms,19967,383.900,0.198387
19999ms,19999,382.766,0.197647
20031ms,20031,381.532,0.197196
20063ms,20063,380.366,0.196777
20096ms,20096,379.357,0.195900
20127ms,20127,378.428,0.195712
20159ms,20159,377.990,0.195573
20207ms,20207,377.585,0.195174
20271ms,20271,377.017,0.194831
20303ms,20303,377.022,0.194539
20367ms,20367,376.984,0.194492
20431ms,20431,377.239,0.194345
20463ms,20463,377.350,0.194536
20495ms,20495,377.626,0.194508
20527ms,20527,378.026,0.194585
20607ms,20607,379.143,0.195149
20639ms,20639,379.633,0.195444
20703ms,20703,380.979,0.196017
20735ms,20735,381.551,0.196391
20767ms,20767,382.333,0.196903
20799ms,20799,383.031,0.197218
20831ms,20831,383.727,0.197739
20863ms,20863,384.585,0.198185
20895ms,20895,385.350,0.198716
20927ms,20927,386.130,0.199117
20975ms,20975,386.476,0.199472
21007ms,21007,386.247,0.199223
21039ms,21039,386.337,0.199264
21071ms,21071,386.336,0.199265
21103ms,21103,386.327,0.199358
21167ms,21167,386.400,0.199205
21199ms,21199,386.352,0.199290
21232ms,21232,386.346,0.199422
21263ms,21263,386.350,0.199296
21295ms,21295,386.341,0.199294
21327ms,21327,386.428,0.199254
21375ms,21375,386.527,0.199377
21407ms,21407,385.932,0.199382
21439ms,21439,384.551,0.198679
21471ms,21471,383.374,0.198063
21503ms,21503,382.199,0.197453
21535ms,21535,380.951,0.196833
21567ms,21567,379.750,0.196330
21599ms,21599,378.920,0.195837
21631ms,21631,378.054,0.195310
21663ms,21663,377.816,0.195566
21695ms,21695,377.102,0.195053
21728ms,21728,377.046,0.194786
21775ms,21775,376.937,0.194686
21807ms,21807,376.916,0.194521
21839ms,21839,376.985,0.194403
21871ms,21871,376.957,0.194369
21903ms,21903,377.046,0.194339
21935ms,21935,377.276,0.194374
21967ms,21967,377.443,0.194554
21999ms,21999,377.791,0.194482
22031ms,22031,378.180,0.194734
22063ms,22063,378.782,0.195025
22095ms,22095,379.282,0.195245
22127ms,22127,379.780,0.195495
22159ms,22159,380.412,0.195881
22207ms,22207,381.128,0.196298
22239ms,22239,381.750,0.196532
22271ms,22271,382.518,0.197102
22303ms,22303,383.227,0.197426
22335ms,22335,384.004,0.197817
22367ms,22367,384.760,0.198249
22399ms,22399,385.557,0.198789
22431ms,22431,386.350,0.199323
22463ms,22463,386.297,0.199432
22496ms,22496,386.342,0.199235
22527ms,22527,386.379,0.199321
22560ms,22560,386.349,0.199397
22607ms,22607,386.370,0.199388
22639ms,22639,386.380,0.199400
22671ms,22671,386.362,0.199414
22703ms,22703,386.389,0.199446
22735ms,22735,386.397,0.199312
22767ms,22767,386.354,0.199287
22799ms,22799,386.403,0.199392
22863ms,22863,386.442,0.199505
22895ms,22895,385.361,0.199123
22928ms,22928,384.077,0.198455
22960ms,22960,382.887,0.197876
23007ms,23007,381.676,0.197151
23039ms,23039,380.593,0.196677
23071ms,23071,379.409,0.196081
23103ms,23103,378.571,0.195612
23135ms,23135,377.910,0.195302
23167ms,23167,377.769,0.195597
23199ms,23199,376.896,0.194847
23231ms,23231,376.921,0.194837
23263ms,23263,376.988,0.194653
23295ms,23295,376.852,0.194380
23327ms,23327,376.963,0.194484
23360ms,23360,377.077,0.194558
23407ms,23407,377.060,0.194418
23439ms,23439,377.222,0.194480
23471ms,23471,377.563,0.194517
23503ms,23503,377.924,0.194588
23535ms,23535,378.386,0.194861
23567ms,23567,378.949,0.195013
23599ms,23599,379.551,0.195299
23631ms,23631,380.038,0.195743
23695ms,23695,381.386,0.196340
23807ms,23807,383.446,0.197488
23839ms,23839,384.139,0.197940
23871ms,23871,385.009,0.198578
23935ms,23935,386.399,0.199403
23967ms,23967,386.162,0.199298
23999ms,23999,386.254,0.199269
24031ms,24031,386.225,0.199277
24063ms,24063,386.256,0.199277
24096ms,24096,386.257,0.199228
24127ms,24127,386.194,0.199304
24159ms,24159,386.244,0.199220
24207ms,24207,386.282,0.199204
24239ms,24239,386.255,0.199301
24271ms,24271,386.258,0.199223
24303ms,24303,386.253,0.199327
24335ms,24335,386.399,0.199216
24367ms,24367,386.297,0.199444
24399ms,24399,385.096,0.199005
24431ms,24431,383.752,0.198289
24463ms,24463,382.597,0.197680
24495ms,24495,381.455,0.197139
24527ms,24527,380.206,0.196501
24560ms,24560,379.197,0.196024
24607ms,24607,378.280,0.195600
24639ms,24639,378.010,0.195151
24671ms,24671,377.597,0.195438
24703ms,24703,376.938,0.194774
24735ms,24735,376.981,0.194751
24767ms,24767,376.955,0.194536
24799ms,24799,376.928,0.194423
24831ms,24831,376.930,0.194346
24863ms,24863,376.913,0.194483
24895ms,24895,377.005,0.194388
24927ms,24927,377.306,0.194493
24959ms,24959,377.679,0.194539
25039ms,25039,378.448,0.194857
25071ms,25071,379.010,0.195274
25103ms,25103,379.615,0.195448
25135ms,25135,380.196,0.195803
25167ms,25167,380.881,0.196108
25199ms,25199,381.524,0.196383
25231ms,25231,382.215,0.196822
25263ms,25263,382.959,0.197128
25295ms,25295,383.630,0.197660
25328ms,25328,384.432,0.198165
25360ms,25360,385.381,0.198622
25407ms,25407,386.117,0.199053
25439ms,25439,386.419,0.199415
25471ms,25471,386.225,0.199345
25503ms,25503,386.318,0.199207
25535ms,25535,386.288,0.199299
25567ms,25567,386.342,0.199305
25599ms,25599,386.334,0.199278
25631ms,25631,386.343,0.199257
25663ms,25663,386.282,0.199248
25695ms,25695,386.272,0.199239
25727ms,25727,386.282,0.199311
25760ms,25760,386.290,0.199363
25807ms,25807,386.358,0.199158
25839ms,25839,386.537,0.199379
25871ms,25871,385.756,0.199277
25903ms,25903,384.505,0.198771
25935ms,25935,383.210,0.197944
25967ms,25967,382.037,0.197468
25999ms,25999,380.829,0.196924
26031ms,26031,379.761,0.196316
26063ms,26063,378.709,0.195768
26095ms,26095,378.050,0.195367
26127ms,26127,377.928,0.195649
26160ms,26160,376.975,0.194968
26191ms,26191,376.963,0.194808
26239ms,26239,376.954,0.194514
26271ms,26271,376.847,0.194671
26303ms,26303,376.980,0.194558
26335ms,26335,377.022,0.194515
26367ms,26367,377.019,0.194365
26399ms,26399,377.191,0.194352
26431ms,26431,377.381,0.194583
26463ms,26463,377.746,0.194527
26495ms,26495,378.104,0.194709
26527ms,26527,378.702,0.195040
26559ms,26559,379.267,0.195233
26592ms,26592,379.788,0.195559
26639ms,26639,380.452,0.195840
26671ms,26671,381.054,0.196292
26703ms,26703,381.721,0.196602
26767ms,26767,383.243,0.197383
26799ms,26799,383.961,0.197739
26831ms,26831,384.798,0.198328
26863ms,26863,385.578,0.198815
26895ms,26895,386.277,0.199171
26928ms,26928,386.245,0.199335
26960ms,26960,386.192,0.199154
26992ms,26992,386.199,0.199155
27039ms,27039,386.178,0.199210
27071ms,27071,386.225,0.199134
27103ms,27103,386.237,0.199186
27135ms,27135,386.246,0.199170
27167ms,27167,386.250,0.199256
27199ms,27199,386.267,0.199232
27231ms,27231,386.219,0.199244
27263ms,27263,386.262,0.199246
27295ms,27295,386.278,0.199255
27327ms,27327,386.394,0.199393
27359ms,27359,385.616,0.199321
27391ms,27391,384.295,0.198548
27439ms,27439,383.140,0.197904
27471ms,27471,381.889,0.197344
27503ms,27503,380.700,0.196886
27535ms,27535,379.622,0.196170
27567ms,27567,378.581,0.195736
27631ms,27631,377.829,0.195578
27663ms,27663,376.915,0.194869
27695ms,27695,376.953,0.194876
27727ms,27727,376.983,0.194524
27759ms,27759,376.886,0.194566
27791ms,27791,376.925,0.194553
27839ms,27839,376.884,0.194494
27871ms,27871,377.123,0.194395
27935ms,27935,377.498,0.194479
27999ms,27999,378.257,0.194731
28031ms,28031,378.801,0.195099
28095ms,28095,379.962,0.195707
28127ms,28127,380.573,0.195945
28159ms,28159,381.185,0.196347
28192ms,28192,381.941,0.196639
28239ms,28239,382.655,0.197096
28271ms,28271,383.361,0.197466
28303ms,28303,384.047,0.197962
28335ms,28335,384.915,0.198488
28367ms,28367,385.782,0.198906
28399ms,28399,386.393,0.199368
28431ms,28431,386.175,0.199350
28463ms,28463,386.304,0.199330
28495ms,28495,386.248,0.199233
28527ms,28527,386.251,0.199255
28559ms,28559,386.279,0.199211
28592ms,28592,386.264,0.199216
28639ms,28639,386.289,0.199250
28671ms,28671,386.301,0.199255
28703ms,28703,386.337,0.199291
28735ms,28735,386.333,0.199250
28767ms,28767,386.341,0.199328
28799ms,28799,386.420,0.199262
28831ms,28831,386.381,0.199414
28863ms,28863,385.254,0.199156
28895ms,28895,384.051,0.198417
28927ms,28927,382.940,0.197702
28960ms,28960,381.585,0.197251
28992ms,28992,380.437,0.196506
29039ms,29039,379.380,0.195905
29071ms,29071,378.384,0.195755
29103ms,29103,377.926,0.195325
29135ms,29135,377.743,0.195593
29167ms,29167,376.902,0.194750
29199ms,29199,376.965,0.194867
29231ms,29231,377.092,0.194551
29263ms,29263,376.968,0.194511
29295ms,29295,377.026,0.194378
29327ms,29327,377.004,0.194322
29360ms,29360,377.112,0.194421
29392ms,29392,377.327,0.194466
29424ms,29424,377.630,0.194488
29471ms,29471,378.008,0.194545
29503ms,29503,378.417,0.194869
29535ms,29535,379.031,0.195312
29567ms,29567,379.608,0.195424
29599ms,29599,380.181,0.195601
29631ms,29631,380.898,0.196078
29663ms,29663,381.516,0.196333
29695ms,29695,382.148,0.196801
29727ms,29727,382.913,0.197239
29759ms,29759,383.495,0.197559
29791ms,29791,384.332,0.197992
29824ms,29824,385.312,0.198614
29871ms,29871,386.151,0.199164
29903ms,29903,386.514,0.199522
29935ms,29935,386.249,0.199393
29967ms,29967,386.401,0.199434
29999ms,29999,386.402,0.199473
30031ms,30031,386.431,0.199496
30063ms,30063,386.404,0.199509
30095ms,30095,386.402,0.199401
30127ms,30127,386.427,0.199429
30159ms,30159,386.430,0.199494
30191ms,30191,386.410,0.199466
30224ms,30224,386.446,0.199346
30271ms,30271,386.467,0.199266
30303ms,30303,386.631,0.199470
30335ms,30335,385.967,0.199335
30367ms,30367,384.682,0.198723
30399ms,30399,383.509,0.198100
30431ms,30431,382.293,0.197438
30463ms,30463,381.079,0.196957
30495ms,30495,379.960,0.196309
30527ms,30527,378.985,0.195787
30591ms,30591,377.930,0.195475
30624ms,30624,377.271,0.195100
30671ms,30671,376.964,0.194909
30735ms,30735,376.911,0.194667
30799ms,30799,377.052,0.194421
30831ms,30831,376.978,0.194380
30863ms,30863,377.211,0.194478
30895ms,30895,377.436,0.194435
30927ms,30927,377.787,0.194783
30959ms,30959,378.222,0.194899
30991ms,30991,378.818,0.195076
31023ms,31023,379.253,0.195212
31071ms,31071,379.728,0.195577
31103ms,31103,380.439,0.195890
31135ms,31135,381.076,0.196151
31167ms,31167,381.782,0.196659
31199ms,31199,382.473,0.196975
31231ms,31231,383.180,0.197343
31263ms,31263,383.953,0.197752
31295ms,31295,384.698,0.198221
31327ms,31327,385.576,0.198777
31359ms,31359,386.401,0.199341
31392ms,31392,386.441,0.199619
31424ms,31424,386.383,0.199206
31471ms,31471,386.380,0.199384
31503ms,31503,386.417,0.199426
31535ms,31535,386.458,0.199458
31567ms,31567,386.444,0.199436
31599ms,31599,386.480,0.199369
31631ms,31631,386.486,0.199458
31663ms,31663,386.482,0.199329
31695ms,31695,386.435,0.199366
31727ms,31727,386.455,0.199327
31759ms,31759,386.503,0.199365
31791ms,31791,386.545,0.199547
31823ms,31823,385.416,0.199197
31871ms,31871,384.150,0.198534
31903ms,31903,383.017,0.197917
31935ms,31935,381.914,0.197424
31967ms,31967,380.767,0.196874
31999ms,31999,379.565,0.196232
32031ms,32031,378.595,0.195669
32095ms,32095,377.905,0.195430
32127ms,32127,376.977,0.194765
32159ms,32159,376.925,0.194919
32191ms,32191,376.934,0.194676
32224ms,32224,376.911,0.194628
32271ms,32271,376.925,0.194513
32303ms,32303,376.970,0.194473
32335ms,32335,377.012,0.194522
32367ms,32367,377.365,0.194499
32399ms,32399,377.500,0.194440
32431ms,32431,377.818,0.194656
32463ms,32463,378.290,0.194812
32495ms,32495,378.820,0.194971
32527ms,32527,379.271,0.195218
32559ms,32559,379.928,0.195528
32592ms,32592,380.556,0.195961
32623ms,32623,381.140,0.196335
32671ms,32671,381.819,0.196557
32703ms,32703,382.624,0.197018
32735ms,32735,383.262,0.197495
32767ms,32767,384.040,0.197953
32799ms,32799,384.876,0.198402
32831ms,32831,385.681,0.198833
32895ms,32895,386.320,0.199470
32959ms,32959,386.397,0.199473
33023ms,33023,386.421,0.199343
33071ms,33071,386.386,0.199412
33103ms,33103,386.409,0.199382
33135ms,33135,386.422,0.199456
33167ms,33167,386.401,0.199375
33199ms,33199,386.418,0.199370
33231ms,33231,386.396,0.199354
33263ms,33263,386.507,0.199289
33295ms,33295,386.435,0.199495
33327ms,33327,385.241,0.199113
33359ms,33359,383.986,0.198385
33391ms,33391,382.888,0.197705
33423ms,33423,381.663,0.197232
33471ms,33471,380.489,0.196657
33503ms,33503,379.406,0.195966
33535ms,33535,378.413,0.195714
33567ms,33567,378.025,0.195355
33599ms,33599,377.740,0.195747
33631ms,33631,376.926,0.194701
33663ms,33663,376.901,0.194811
33695ms,33695,376.925,0.194695
33759ms,33759,376.960,0.194476
33791ms,33791,376.975,0.194326
33823ms,33823,377.139,0.194419
33871ms,33871,377.294,0.194538
33903ms,33903,377.593,0.194584
33935ms,33935,378.035,0.194747
33967ms,33967,378.474,0.195001
33999ms,33999,379.010,0.195137
34031ms,34031,379.502,0.195372
34063ms,34063,380.159,0.195735
34095ms,34095,380.787,0.196035
34127ms,34127,381.443,0.196480
34159ms,34159,382.202,0.196781
34191ms,34191,382.937,0.197194
34223ms,34223,383.543,0.197604
34271ms,34271,384.423,0.198029
34303ms,34303,385.168,0.198596
34335ms,34335,385.934,0.198953
34367ms,34367,386.411,0.199461
34399ms,34399,386.182,0.199361
34431ms,34431,386.369,0.199374
34463ms,34463,386.469,0.199326
34495ms,34495,386.400,0.199311
34527ms,34527,386.392,0.199334
34559ms,34559,386.413,0.199425
34591ms,34591,386.393,0.199379
34623ms,34623,386.351,0.199397
34671ms,34671,386.419,0.199409
34703ms,34703,386.388,0.199384
34735ms,34735,386.440,0.199299
34767ms,34767,386.562,0.199331
34799ms,34799,386.217,0.199424
34831ms,34831,385.073,0.198977
34895ms,34895,382.557,0.197576
34927ms,34927,381.303,0.197029
34959ms,34959,380.151,0.196517
34991ms,34991,379.162,0.196034
35023ms,35023,378.237,0.195544
35071ms,35071,377.930,0.195327
35135ms,35135,376.978,0.194748
35167ms,35167,376.939,0.194831
35199ms,35199,377.118,0.194431
35231ms,35231,376.996,0.194370
35263ms,35263,376.896,0.194311
35295ms,35295,376.996,0.194428
35327ms,35327,377.066,0.194279
35359ms,35359,377.324,0.194497
35391ms,35391,377.576,0.194574
35423ms,35423,377.982,0.194705
35471ms,35471,378.526,0.195013
35503ms,35503,379.065,0.195282
35535ms,35535,379.641,0.195432
35567ms,35567,380.174,0.195753
35599ms,35599,380.884,0.196017
35631ms,35631,381.515,0.196425
35663ms,35663,382.272,0.196847
35695ms,35695,383.045,0.197372
35727ms,35727,383.706,0.197720
35759ms,35759,384.520,0.198098
35791ms,35791,385.372,0.198745
35823ms,35823,386.179,0.199120
35871ms,35871,386.523,0.199425
35903ms,35903,386.232,0.199325
35967ms,35967,386.415,0.199404
35999ms,35999,386.394,0.199281
36031ms,36031,386.420,0.199342
36063ms,36063,386.417,0.199376
36095ms,36095,386.400,0.199388
36127ms,36127,386.378,0.199456
36159ms,36159,386.376,0.199451
36191ms,36191,386.401,0.199459
36223ms,36223,386.425,0.199320
36271ms,36271,386.540,0.199241
36303ms,36303,386.088,0.199372
36335ms,36335,384.751,0.198808
36367ms,36367,383.601,0.198104
36399ms,36399,382.374,0.197504
36431ms,36431,381.159,0.197134
36463ms,36463,380.103,0.196477
36495ms,36495,378.998,0.195988
36527ms,36527,378.207,0.195481
36559ms,36559,378.001,0.195409
36591ms,36591,377.278,0.195394
36623ms,36623,376.931,0.194836
36671ms,36671,377.019,0.194714
36703ms,36703,376.856,0.194655
36735ms,36735,376.898,0.194632
36767ms,36767,377.034,0.194435
36799ms,36799,377.003,0.194426
36831ms,36831,377.240,0.194421
36863ms,36863,377.459,0.194560
36895ms,36895,377.745,0.194622
36927ms,36927,378.121,0.194752
36959ms,36959,378.718,0.194970
36991ms,36991,379.205,0.195355
37023ms,37023,379.730,0.195566
37055ms,37055,380.249,0.195757
37103ms,37103,380.970,0.195964
37135ms,37135,381.633,0.196420
37167ms,37167,382.345,0.196884
37199ms,37199,382.966,0.197215
37231ms,37231,383.735,0.197612
37263ms,37263,384.573,0.198188
37295ms,37295,385.446,0.198777
37327ms,37327,386.241,0.199062
37359ms,37359,386.505,0.199528
37391ms,37391,386.353,0.199379
37423ms,37423,386.354,0.199481
37455ms,37455,386.382,0.199520
37503ms,37503,386.394,0.199470
37567ms,37567,386.382,0.199401
37599ms,37599,386.384,0.199443
37631ms,37631,386.340,0.199367
37663ms,37663,386.378,0.199388
37695ms,37695,386.411,0.199314
37727ms,37727,386.470,0.199257
37759ms,37759,386.546,0.199356
37791ms,37791,386.028,0.199264
37823ms,37823,384.631,0.198744
37855ms,37855,383.461,0.198169
37903ms,37903,382.329,0.197517
37935ms,37935,381.044,0.197099
37967ms,37967,379.880,0.196460
37999ms,37999,378.823,0.195867
38031ms,38031,378.053,0.195367
38063ms,38063,377.938,0.195571
38095ms,38095,377.201,0.194967
38127ms,38127,376.867,0.194765
38159ms,38159,376.935,0.194776
38191ms,38191,376.888,0.194661
38223ms,38223,376.953,0.194595
38255ms,38255,376.992,0.194550
38303ms,38303,377.101,0.194347
38367ms,38367,377.475,0.194691
38399ms,38399,377.779,0.194480
38431ms,38431,378.239,0.194665
38463ms,38463,378.744,0.195035
38495ms,38495,379.279,0.195120
38527ms,38527,379.875,0.195587
38559ms,38559,380.523,0.195886
38591ms,38591,381.164,0.196117
38623ms,38623,381.807,0.196668
38655ms,38655,382.613,0.197100
38735ms,38735,384.018,0.197734
38767ms,38767,384.845,0.198425
38799ms,38799,385.608,0.198870
38831ms,38831,386.365,0.199431
38895ms,38895,386.374,0.199203
38927ms,38927,386.341,0.199352
38959ms,38959,386.312,0.199294
39023ms,39023,386.341,0.199276
39055ms,39055,386.373,0.199434
39103ms,39103,386.356,0.199382
39135ms,39135,386.400,0.199270
39167ms,39167,386.376,0.199211
39199ms,39199,386.359,0.199346
39231ms,39231,386.432,0.199238
39263ms,39263,386.540,0.199475
39295ms,39295,385.668,0.199351
39295ms,39295,385.668,0.199351
39327ms,39327,384.425,0.198633
39327ms,39327,384.425,0.198633
39359ms,39359,383.211,0.197856
39359ms,39359,383.211,0.197856
39391ms,39391,382.032,0.197416
39423ms,39423,380.863,0.196910
39455ms,39455,379.752,0.196182
39503ms,39503,378.755,0.195785
39535ms,39535,378.103,0.195291
39567ms,39567,377.938,0.195598
39599ms,39599,377.019,0.195061
39631ms,39631,376.969,0.194941
39663ms,39663,376.945,0.194557
39695ms,39695,376.880,0.194651
39727ms,39727,376.959,0.194399
39759ms,39759,376.962,0.194365
39791ms,39791,377.088,0.194496
39823ms,39823,377.221,0.194367
39855ms,39855,377.478,0.194590
39903ms,39903,377.897,0.194556
39935ms,39935,378.284,0.194766
39967ms,39967,378.785,0.195047
39999ms,39999,379.224,0.195181
40031ms,40031,379.816,0.195614
40063ms,40063,380.425,0.195767
40095ms,40095,381.158,0.196134
40127ms,40127,381.812,0.196567
40159ms,40159,382.500,0.197005
40191ms,40191,383.182,0.197299
40223ms,40223,383.968,0.197728
40255ms,40255,384.796,0.198336
40287ms,40287,385.607,0.198844
40335ms,40335,386.401,0.199394
40367ms,40367,386.354,0.199395
40399ms,40399,386.341,0.199311
40431ms,40431,386.363,0.199296
40463ms,40463,386.338,0.199346
40495ms,40495,386.381,0.199291
40527ms,40527,386.372,0.199322
40559ms,40559,386.408,0.199255
40591ms,40591,386.409,0.199221
40623ms,40623,386.385,0.199387
40655ms,40655,386.376,0.199267
40687ms,40687,386.406,0.199355
40735ms,40735,386.428,0.199273
40767ms,40767,386.525,0.199426
40831ms,40831,384.408,0.198549
40863ms,40863,383.153,0.197851
40895ms,40895,382.041,0.197566
40927ms,40927,380.871,0.196887
40959ms,40959,379.763,0.196282
40991ms,40991,378.741,0.195850
41023ms,41023,378.090,0.195440
41055ms,41055,377.924,0.195662
41087ms,41087,377.032,0.194891
41135ms,41135,376.960,0.195015
41167ms,41167,376.941,0.194733
41199ms,41199,376.879,0.194568
41231ms,41231,376.945,0.194496
41263ms,41263,376.977,0.194414
41295ms,41295,377.035,0.194558
41327ms,41327,377.259,0.194533
41359ms,41359,377.518,0.194413
41391ms,41391,377.847,0.194588
41423ms,41423,378.318,0.194749
41455ms,41455,378.811,0.195040
41487ms,41487,379.316,0.195250
41535ms,41535,379.898,0.195624
41567ms,41567,380.561,0.195995
41631ms,41631,381.797,0.196519
41663ms,41663,382.572,0.197004
41695ms,41695,383.244,0.197405
41727ms,41727,384.076,0.197854
41759ms,41759,384.845,0.198372
41791ms,41791,385.722,0.199015
41823ms,41823,386.386,0.199425
41855ms,41855,386.327,0.199505
41999ms,41999,386.283,0.199207
42031ms,42031,386.347,0.199372
42063ms,42063,386.381,0.199297
42127ms,42127,386.347,0.199342
42159ms,42159,386.413,0.199244
42191ms,42191,386.382,0.199345
42223ms,42223,386.488,0.199297
42255ms,42255,386.511,0.199424
42287ms,42287,385.469,0.199227
42335ms,42335,384.194,0.198679
42367ms,42367,382.986,0.197818
42399ms,42399,381.799,0.197348
42431ms,42431,380.569,0.196799
42463ms,42463,379.502,0.196015
42495ms,42495,378.660,0.195554
42527ms,42527,377.974,0.195151
42559ms,42559,377.922,0.195574
42591ms,42591,376.885,0.194895
42623ms,42623,376.973,0.194771
42655ms,42655,376.908,0.194647
42687ms,42687,377.010,0.194300
42735ms,42735,376.951,0.194624
42767ms,42767,377.026,0.194520
42799ms,42799,377.035,0.194346
42831ms,42831,377.361,0.194421
42863ms,42863,377.545,0.194569
42895ms,42895,377.889,0.194624
42927ms,42927,378.412,0.194819
42959ms,42959,378.859,0.195141
42991ms,42991,379.413,0.195368
43023ms,43023,379.950,0.195683
43055ms,43055,380.549,0.195994
43087ms,43087,381.149,0.196352
43135ms,43135,381.907,0.196612
43167ms,43167,382.706,0.197046
43199ms,43199,383.368,0.197521
43231ms,43231,384.008,0.197922
43263ms,43263,384.854,0.198402
43295ms,43295,385.614,0.198903
43327ms,43327,386.405,0.199358
43359ms,43359,386.320,0.199449
43391ms,43391,386.323,0.199131
43423ms,43423,386.325,0.199247
43455ms,43455,386.287,0.199244
43487ms,43487,386.335,0.199203
43535ms,43535,386.344,0.199278
43567ms,43567,386.365,0.199269
43599ms,43599,386.291,0.199235
43631ms,43631,386.298,0.199214
43663ms,43663,386.336,0.199367
43695ms,43695,386.334,0.199292
43727ms,43727,386.415,0.199297
43759ms,43759,386.462,0.199386
43791ms,43791,385.633,0.199217
43823ms,43823,384.210,0.198647
43855ms,43855,383.092,0.198003
43887ms,43887,381.810,0.197199
43935ms,43935,380.756,0.196701
43967ms,43967,379.676,0.196200
43999ms,43999,378.734,0.195717
44031ms,44031,378.040,0.195386
44063ms,44063,377.937,0.195585
44095ms,44095,376.986,0.194838
44159ms,44159,376.951,0.194526
44191ms,44191,376.903,0.194648
44223ms,44223,376.841,0.194415
44255ms,44255,376.927,0.194280
44287ms,44287,377.055,0.194440
44335ms,44335,377.260,0.194389
44367ms,44367,377.504,0.194587
44399ms,44399,377.907,0.194588
44431ms,44431,378.334,0.194846
44495ms,44495,379.376,0.195310
44527ms,44527,379.974,0.195623
44559ms,44559,380.654,0.195977
44591ms,44591,381.289,0.196356
44623ms,44623,381.915,0.196699
44655ms,44655,382.668,0.197095
44687ms,44687,383.338,0.197483
44735ms,44735,384.036,0.197855
44767ms,44767,384.956,0.198494
44799ms,44799,385.829,0.198959
44831ms,44831,386.386,0.199335
44863ms,44863,386.183,0.199363
44895ms,44895,386.222,0.199252
44927ms,44927,386.258,0.199183
44959ms,44959,386.244,0.199199
44991ms,44991,386.274,0.199094
45023ms,45023,386.264,0.199138
45055ms,45055,386.282,0.199277
45087ms,45087,386.269,0.199162
45119ms,45119,386.374,0.199136
45167ms,45167,386.290,0.199239
45199ms,45199,386.284,0.199296
45231ms,45231,386.377,0.199289
45263ms,45263,386.427,0.199438
45295ms,45295,385.276,0.199135
45327ms,45327,384.012,0.198401
45359ms,45359,382.925,0.197736
45391ms,45391,381.647,0.197220
45423ms,45423,380.468,0.196612
45455ms,45455,379.353,0.195952
45487ms,45487,378.467,0.195605
45519ms,45519,377.989,0.195345
45567ms,45567,377.776,0.195681
45599ms,45599,376.889,0.194739
45631ms,45631,376.928,0.194892
45695ms,45695,376.865,0.194572
45727ms,45727,376.964,0.194486
45759ms,45759,376.963,0.194501
45791ms,45791,377.106,0.194403
45823ms,45823,377.274,0.194497
45855ms,45855,377.595,0.194481
45887ms,45887,377.946,0.194645
45920ms,45920,378.459,0.194805
45967ms,45967,378.961,0.195135
45999ms,45999,379.447,0.195478
46031ms,46031,380.093,0.195709
46063ms,46063,380.743,0.196090
46095ms,46095,381.399,0.196431
46159ms,46159,382.800,0.197123
46223ms,46223,384.133,0.197963
46287ms,46287,385.934,0.198949
46319ms,46319,386.418,0.199465
46399ms,46399,386.218,0.199293
46431ms,46431,386.290,0.199335
46463ms,46463,386.261,0.199227
46495ms,46495,386.399,0.199245
46527ms,46527,386.320,0.199227
46559ms,46559,386.312,0.199193
46591ms,46591,386.274,0.199312
46623ms,46623,386.310,0.199289
46655ms,46655,386.333,0.199277
46687ms,46687,386.335,0.199281
46719ms,46719,386.480,0.199281
46767ms,46767,386.356,0.199430
46799ms,46799,385.258,0.199059
46831ms,46831,383.896,0.198282
46863ms,46863,382.743,0.197674
46895ms,46895,381.597,0.197090
46927ms,46927,380.415,0.196540
46959ms,46959,379.385,0.195983
46991ms,46991,378.387,0.195555
47023ms,47023,377.910,0.195212
47055ms,47055,377.663,0.195527
47087ms,47087,376.951,0.194839
47119ms,47119,377.027,0.194848
47167ms,47167,377.003,0.194547
47199ms,47199,376.939,0.194466
47231ms,47231,376.942,0.194446
47263ms,47263,377.071,0.194401
47295ms,47295,377.117,0.194408
47327ms,47327,377.339,0.194409
47359ms,47359,377.616,0.194450
47391ms,47391,378.047,0.194593
47423ms,47423,378.492,0.194986
47455ms,47455,379.038,0.195310
47487ms,47487,379.663,0.195440
47519ms,47519,380.176,0.195775
47567ms,47567,380.841,0.196124
47599ms,47599,381.417,0.196495
47631ms,47631,382.124,0.196900
47663ms,47663,382.878,0.197172
47695ms,47695,383.528,0.197568
47727ms,47727,384.307,0.198056
47759ms,47759,385.272,0.198614
47791ms,47791,385.927,0.198984
47823ms,47823,386.444,0.199458
47855ms,47855,386.251,0.199297
47887ms,47887,386.335,0.199252
47919ms,47919,386.354,0.199303
47967ms,47967,386.341,0.199284
47999ms,47999,386.383,0.199251
48063ms,48063,386.408,0.199260
48095ms,48095,386.382,0.199284
48127ms,48127,386.389,0.199259
48159ms,48159,386.443,0.199315
48191ms,48191,386.372,0.199320
48223ms,48223,386.528,0.199340
48255ms,48255,386.159,0.199388
48287ms,48287,384.923,0.198909
48319ms,48319,383.682,0.198292
48367ms,48367,382.422,0.197540
48399ms,48399,381.247,0.196892
48431ms,48431,380.218,0.196546
48463ms,48463,379.156,0.196087
48495ms,48495,378.220,0.195348
48527ms,48527,377.920,0.195137
48559ms,48559,377.538,0.195423
48591ms,48591,376.898,0.194631
48623ms,48623,376.941,0.194845
48655ms,48655,376.925,0.194674
48687ms,48687,376.935,0.194582
48719ms,48719,376.969,0.194328
48767ms,48767,376.907,0.194598
48799ms,48799,377.127,0.194401
48831ms,48831,377.307,0.194511
48863ms,48863,377.623,0.194603
48895ms,48895,378.103,0.194729
48927ms,48927,378.565,0.194888
48959ms,48959,379.131,0.195252
48991ms,48991,379.635,0.195393
49023ms,49023,380.170,0.195813
49055ms,49055,380.906,0.196188
49087ms,49087,381.571,0.196443
49119ms,49119,382.187,0.196783
49199ms,49199,383.663,0.197629
49231ms,49231,384.506,0.198082
49263ms,49263,385.466,0.198656
49295ms,49295,386.096,0.199106
49327ms,49327,386.332,0.199406
49359ms,49359,386.258,0.199256
49391ms,49391,386.306,0.199296
49423ms,49423,386.386,0.199231
49455ms,49455,386.345,0.199272
49487ms,49487,386.337,0.199307
49519ms,49519,386.363,0.199215
49567ms,49567,386.402,0.199219
49599ms,49599,386.397,0.199271
49631ms,49631,386.388,0.199146
49663ms,49663,386.436,0.199241
49695ms,49695,386.445,0.199307
49727ms,49727,386.575,0.199324
49791ms,49791,384.838,0.198682
49823ms,49823,383.659,0.198214
49855ms,49855,382.396,0.197489
49887ms,49887,381.172,0.196997
49919ms,49919,380.151,0.196399
49951ms,49951,379.106,0.195933
49999ms,49999,378.232,0.195538
50031ms,50031,378.010,0.195390
50063ms,50063,377.370,0.195354
50095ms,50095,376.922,0.194817
50127ms,50127,377.023,0.194794
50159ms,50159,376.934,0.194643
50191ms,50191,376.906,0.194663
50223ms,50223,376.902,0.194422
50255ms,50255,377.008,0.194506
50319ms,50319,377.486,0.194333
50351ms,50351,377.760,0.194441
50399ms,50399,378.129,0.194686
50431ms,50431,378.682,0.194907
50463ms,50463,379.232,0.195354
50495ms,50495,379.710,0.195548
50527ms,50527,380.344,0.195885
50559ms,50559,381.114,0.196132
50591ms,50591,381.658,0.196435
50623ms,50623,382.318,0.196883
50655ms,50655,383.067,0.197262
50687ms,50687,383.855,0.197824
50719ms,50719,384.684,0.198345
50751ms,50751,385.529,0.198748
50799ms,50799,386.177,0.199117
50831ms,50831,386.339,0.199349
50863ms,50863,386.284,0.199144
50895ms,50895,386.295,0.199210
50927ms,50927,386.297,0.199232
50959ms,50959,386.324,0.199315
50991ms,50991,386.336,0.199261
51023ms,51023,386.313,0.199261
51055ms,51055,386.362,0.199325
51087ms,51087,386.329,0.199311
51119ms,51119,386.338,0.199316
51151ms,51151,386.397,0.199341
51199ms,51199,386.389,0.199314
51231ms,51231,386.462,0.199385
51263ms,51263,385.656,0.199358
51327ms,51327,383.153,0.197861
51359ms,51359,381.923,0.197352
51423ms,51423,379.699,0.196279
51455ms,51455,378.621,0.195702
51487ms,51487,378.016,0.195399
51519ms,51519,377.822,0.195659
51551ms,51551,376.991,0.194889
51599ms,51599,376.903,0.194960
51631ms,51631,376.996,0.194512
51663ms,51663,376.856,0.194602
51695ms,51695,376.953,0.194506
51727ms,51727,376.994,0.194341
51759ms,51759,377.055,0.194345
51791ms,51791,377.293,0.194372
51823ms,51823,377.567,0.194482
51855ms,51855,377.853,0.194596
51887ms,51887,378.278,0.194840
51919ms,51919,378.862,0.195095
51951ms,51951,379.315,0.195173
51999ms,51999,379.868,0.195547
52031ms,52031,380.577,0.195997
52063ms,52063,381.194,0.196247
52095ms,52095,381.959,0.196705
52127ms,52127,382.750,0.197033
52159ms,52159,383.368,0.197414
52191ms,52191,384.090,0.197917
52223ms,52223,384.837,0.198289
52255ms,52255,385.752,0.198818
52287ms,52287,386.498,0.199375
52319ms,52319,386.339,0.199563
52351ms,52351,386.432,0.199287
52399ms,52399,386.422,0.199270
52431ms,52431,386.461,0.199343
52463ms,52463,386.454,0.199353
52495ms,52495,386.424,0.199382
52527ms,52527,386.468,0.199259
52559ms,52559,386.464,0.199267
52591ms,52591,386.481,0.199353
52623ms,52623,386.499,0.199377
52655ms,52655,386.508,0.199465
52687ms,52687,386.595,0.199382
52719ms,52719,386.530,0.199499
52751ms,52751,385.405,0.199199
52799ms,52799,384.049,0.198504
52831ms,52831,382.954,0.197609
52863ms,52863,381.729,0.197237
52895ms,52895,380.656,0.196705
52927ms,52927,379.530,0.196057
52959ms,52959,378.546,0.195642
52991ms,52991,378.003,0.195307
53023ms,53023,377.772,0.195701
53055ms,53055,376.930,0.194789
53087ms,53087,376.846,0.194964
53119ms,53119,377.011,0.194454
53151ms,53151,376.908,0.194422
53199ms,53199,377.000,0.194489
53231ms,53231,377.031,0.194434
53295ms,53295,377.264,0.194482
53327ms,53327,377.606,0.194528
53359ms,53359,377.958,0.194641
53391ms,53391,378.466,0.194775
53423ms,53423,379.097,0.195151
53487ms,53487,380.156,0.195746
53519ms,53519,380.850,0.196032
53551ms,53551,381.455,0.196436
53599ms,53599,382.214,0.196713
53631ms,53631,382.894,0.197164
53663ms,53663,383.691,0.197615
53695ms,53695,384.519,0.198133
53727ms,53727,385.374,0.198660
53759ms,53759,386.163,0.199148
53791ms,53791,386.637,0.199501
53823ms,53823,386.188,0.199466
53855ms,53855,386.544,0.199359
53887ms,53887,386.521,0.199326
53919ms,53919,386.538,0.199392
53951ms,53951,386.503,0.199388
53999ms,53999,386.508,0.199420
54031ms,54031,386.539,0.199423
54063ms,54063,386.514,0.199381
54095ms,54095,386.500,0.199371
54127ms,54127,386.536,0.199370
54159ms,54159,386.647,0.199453
54191ms,54191,386.631,0.199359
54223ms,54223,386.333,0.199410
54255ms,54255,385.031,0.198960
54287ms,54287,383.747,0.198160
54319ms,54319,382.517,0.197528
54351ms,54351,381.298,0.197183
54399ms,54399,380.299,0.196692
54431ms,54431,379.175,0.195907
54463ms,54463,378.268,0.195592
54495ms,54495,377.950,0.195206
54559ms,54559,376.925,0.194815
54591ms,54591,376.998,0.194782
54623ms,54623,376.966,0.194581
54655ms,54655,377.030,0.194423
54687ms,54687,376.985,0.194419
54719ms,54719,376.885,0.194516
54751ms,54751,377.096,0.194265
54799ms,54799,377.377,0.194395
54863ms,54863,378.079,0.194614
54927ms,54927,379.059,0.195170
54959ms,54959,379.628,0.195506
55023ms,55023,380.804,0.196078
55055ms,55055,381.443,0.196303
55087ms,55087,382.186,0.196818
55119ms,55119,382.915,0.197185
55151ms,55151,383.668,0.197680
55199ms,55199,384.545,0.198111
55231ms,55231,385.380,0.198691
55263ms,55263,386.192,0.199188
55295ms,55295,386.656,0.199495
55327ms,55327,386.270,0.199316
55359ms,55359,386.517,0.199478
55391ms,55391,386.550,0.199444
55423ms,55423,386.506,0.199340
55487ms,55487,386.478,0.199298
55519ms,55519,386.445,0.199337
55551ms,55551,386.497,0.199355
55599ms,55599,386.458,0.199390
55631ms,55631,386.464,0.199360
55663ms,55663,386.532,0.199361
55695ms,55695,386.606,0.199415
55727ms,55727,386.251,0.199392
55759ms,55759,384.960,0.198866
55791ms,55791,383.732,0.198183
55823ms,55823,382.509,0.197517
55855ms,55855,381.272,0.197190
55887ms,55887,380.223,0.196448
55919ms,55919,379.042,0.195890
55951ms,55951,378.213,0.195627
55999ms,55999,377.990,0.195357
56031ms,56031,377.442,0.195304
56063ms,56063,376.858,0.194816
56095ms,56095,376.989,0.194820
56127ms,56127,376.978,0.194663
56159ms,56159,376.931,0.194579
56191ms,56191,376.893,0.194438
56223ms,56223,377.010,0.194452
56255ms,56255,377.194,0.194491
56287ms,56287,377.461,0.194463
56319ms,56319,377.704,0.194417
56351ms,56351,378.138,0.194684
56399ms,56399,378.613,0.194962
56431ms,56431,379.235,0.195210
56463ms,56463,379.700,0.195515
56495ms,56495,380.310,0.195752
56527ms,56527,381.031,0.195976
56559ms,56559,381.642,0.196505
56591ms,56591,382.289,0.196798
56623ms,56623,383.060,0.197344
56655ms,56655,383.754,0.197777
56687ms,56687,384.615,0.198190
56719ms,56719,385.432,0.198634
56751ms,56751,386.135,0.199189
56783ms,56783,386.375,0.199371
56831ms,56831,386.244,0.199180
56863ms,56863,386.367,0.199107
56895ms,56895,386.361,0.199176
56959ms,56959,386.348,0.199212
56991ms,56991,386.363,0.199225
57023ms,57023,386.386,0.199146
57055ms,57055,386.329,0.199274
57087ms,57087,386.339,0.199220
57119ms,57119,386.396,0.199316
57151ms,57151,386.393,0.199317
57183ms,57183,386.534,0.199409
57231ms,57231,386.003,0.199428
57263ms,57263,384.642,0.198832
57327ms,57327,382.301,0.197476
57359ms,57359,381.062,0.196853
57391ms,57391,379.966,0.196374
57423ms,57423,378.922,0.195805
57455ms,57455,378.015,0.195448
57487ms,57487,377.973,0.195519
57519ms,57519,377.141,0.194934
57551ms,57551,376.932,0.194943
57583ms,57583,376.972,0.194651
57631ms,57631,376.962,0.194449
57663ms,57663,376.886,0.194518
57695ms,57695,377.044,0.194415
57727ms,57727,376.983,0.194528
57759ms,57759,377.217,0.194345
57791ms,57791,377.396,0.194552
57823ms,57823,377.715,0.194672
57919ms,57919,379.236,0.195264
57951ms,57951,379.728,0.195509
57983ms,57983,380.436,0.195855
58031ms,58031,381.110,0.196155
58063ms,58063,381.699,0.196505
58095ms,58095,382.452,0.196973
58127ms,58127,383.184,0.197368
58191ms,58191,384.735,0.198316
58223ms,58223,385.539,0.198872
58255ms,58255,386.238,0.199157
58287ms,58287,386.429,0.199363
58319ms,58319,386.340,0.199234
58351ms,58351,386.329,0.199239
58383ms,58383,386.384,0.199267
58431ms,58431,386.362,0.199223
58463ms,58463,386.369,0.199259
58495ms,58495,386.363,0.199271
58527ms,58527,386.346,0.199300
58559ms,58559,386.385,0.199255
58591ms,58591,386.340,0.199232
58623ms,58623,386.379,0.199235
58655ms,58655,386.455,0.199379
58687ms,58687,386.541,0.199457
58719ms,58719,385.778,0.199345
58751ms,58751,384.433,0.198554
58783ms,58783,383.198,0.197863
58831ms,58831,381.917,0.197400
58863ms,58863,380.789,0.196825
58863ms,58863,380.789,0.196825
58895ms,58895,379.728,0.196217
58895ms,58895,379.728,0.196217
58927ms,58927,378.660,0.195659
58927ms,58927,378.660,0.195659
58959ms,58959,378.039,0.195333
58959ms,58959,378.039,0.195333
58991ms,58991,377.854,0.195494
58991ms,58991,377.854,0.195494
59023ms,59023,377.114,0.194839
59055ms,59055,376.929,0.194953
59087ms,59087,376.996,0.194500
59119ms,59119,376.899,0.194688
59151ms,59151,376.977,0.194540
59183ms,59183,377.004,0.194328
59231ms,59231,377.059,0.194360
59263ms,59263,377.261,0.194414
59295ms,59295,377.525,0.194371
59327ms,59327,377.873,0.194589
59359ms,59359,378.282,0.194723
59391ms,59391,378.844,0.194995
59423ms,59423,379.343,0.195276
59455ms,59455,379.899,0.195555
59487ms,59487,380.561,0.195962
59519ms,59519,381.174,0.196450
59551ms,59551,381.891,0.196723
59615ms,59615,383.306,0.197591
59663ms,59663,384.124,0.197866
59695ms,59695,384.939,0.198413
59727ms,59727,385.657,0.198796
59791ms,59791,386.276,0.199455
59823ms,59823,386.453,0.199363
59855ms,59855,386.429,0.199433
59887ms,59887,386.431,0.199323
59919ms,59919,386.425,0.199351
59951ms,59951,386.449,0.199355
59983ms,59983,386.478,0.199368
60015ms,60015,386.441,0.199313
60063ms,60063,386.485,0.199381
60095ms,60095,386.487,0.199356
60127ms,60127,386.428,0.199406
60159ms,60159,386.531,0.199323
60191ms,60191,386.531,0.199399
60223ms,60223,385.495,0.199282
60255ms,60255,384.132,0.198557
60287ms,60287,382.954,0.197743
60319ms,60319,381.596,0.197265
60351ms,60351,380.403,0.196608
60383ms,60383,379.431,0.195851
60415ms,60415,378.422,0.195570
60495ms,60495,377.851,0.195677
60527ms,60527,376.954,0.194786
60559ms,60559,376.849,0.194911
60591ms,60591,377.013,0.194614
60623ms,60623,376.910,0.194600
60655ms,60655,376.929,0.194441
60687ms,60687,376.931,0.194369
60719ms,60719,377.112,0.194449
60751ms,60751,377.289,0.194333
60783ms,60783,377.600,0.194515
60863ms,60863,378.493,0.194697
60895ms,60895,378.974,0.195118
60927ms,60927,379.462,0.195331
60959ms,60959,379.955,0.195703
60991ms,60991,380.668,0.196104
61023ms,61023,381.463,0.196304
61055ms,61055,382.103,0.196818
61087ms,61087,382.812,0.197094
61119ms,61119,383.492,0.197514
61151ms,61151,384.233,0.198030
61183ms,61183,385.084,0.198559
61215ms,61215,385.943,0.198935
61263ms,61263,386.382,0.199484
61295ms,61295,386.165,0.199402
61327ms,61327,386.371,0.199444
61359ms,61359,386.406,0.199306
61391ms,61391,386.367,0.199217
61423ms,61423,386.373,0.199335
61455ms,61455,386.342,0.199219
61487ms,61487,386.381,0.199210
61519ms,61519,386.363,0.199403
61551ms,61551,386.394,0.199182
61583ms,61583,386.394,0.199208
61615ms,61615,386.431,0.199239
61663ms,61663,386.452,0.199354
61695ms,61695,386.251,0.199437
61727ms,61727,384.909,0.198762
61791ms,61791,382.428,0.197577
61823ms,61823,381.318,0.196940
61855ms,61855,380.141,0.196641
61887ms,61887,379.152,0.196031
61919ms,61919,378.304,0.195391
61951ms,61951,378.037,0.195223
61983ms,61983,377.560,0.195399
62015ms,62015,377.031,0.194767
62063ms,62063,377.027,0.194773
62095ms,62095,376.939,0.194490
62127ms,62127,376.934,0.194422
62159ms,62159,376.940,0.194451
62191ms,62191,376.933,0.194374
62223ms,62223,377.138,0.194417
62255ms,62255,377.341,0.194573
62287ms,62287,377.587,0.194457
62319ms,62319,378.061,0.194827
62351ms,62351,378.543,0.194877
62383ms,62383,379.100,0.195298
62415ms,62415,379.690,0.195481
62463ms,62463,380.289,0.195766
62495ms,62495,380.929,0.196120
62527ms,62527,381.589,0.196482
62559ms,62559,382.280,0.196762
62591ms,62591,383.014,0.197261
62623ms,62623,383.727,0.197802
62655ms,62655,384.510,0.198181
62687ms,62687,385.483,0.198712
62719ms,62719,386.151,0.199183
62751ms,62751,386.374,0.199370
62783ms,62783,386.164,0.199246
62815ms,62815,386.365,0.199266
62863ms,62863,386.389,0.199288
62895ms,62895,386.395,0.199267
62927ms,62927,386.454,0.199306
62959ms,62959,386.395,0.199363
62991ms,62991,386.395,0.199348
63023ms,63023,386.406,0.199286
63055ms,63055,386.412,0.199341
63087ms,63087,386.439,0.199338
63119ms,63119,386.462,0.199279
63151ms,63151,386.588,0.199402
63183ms,63183,386.034,0.199443
63215ms,63215,384.766,0.198726
63263ms,63263,383.393,0.198078
63295ms,63295,382.241,0.197543
63327ms,63327,380.901,0.196917
63359ms,63359,379.788,0.196438
63391ms,63391,378.928,0.195807
63423ms,63423,378.184,0.195279
63455ms,63455,377.964,0.195563
63487ms,63487,377.065,0.194945
63519ms,63519,377.075,0.194958
63551ms,63551,376.976,0.194732
63583ms,63583,376.973,0.194621
63615ms,63615,376.953,0.194498
63663ms,63663,376.979,0.194504
63695ms,63695,377.108,0.194439
63727ms,63727,377.267,0.194342
63759ms,63759,377.583,0.194543
63823ms,63823,378.333,0.194814
63855ms,63855,378.911,0.195025
63887ms,63887,379.382,0.195245
63919ms,63919,379.976,0.195637
63951ms,63951,380.612,0.195932
63983ms,63983,381.198,0.196226
64015ms,64015,381.854,0.196700
64063ms,64063,382.728,0.197156
64095ms,64095,383.339,0.197490
64127ms,64127,384.084,0.197864
64159ms,64159,384.963,0.198376
64191ms,64191,385.807,0.198877
64223ms,64223,386.421,0.199424
64255ms,64255,386.196,0.199421
64287ms,64287,386.392,0.199178
64319ms,64319,386.318,0.199261
64351ms,64351,386.355,0.199233
64383ms,64383,386.417,0.199293
64415ms,64415,386.340,0.199324
64463ms,64463,386.379,0.199276
64495ms,64495,386.373,0.199312
64527ms,64527,386.374,0.199228
64559ms,64559,386.434,0.199356
64591ms,64591,386.411,0.199364
64623ms,64623,386.469,0.199280
64655ms,64655,386.503,0.199431
64687ms,64687,385.384,0.199230
64751ms,64751,382.796,0.197759
64783ms,64783,381.585,0.197138
64815ms,64815,380.463,0.196652
64847ms,64847,379.385,0.196053
64895ms,64895,378.419,0.195606
64927ms,64927,377.936,0.195170
64959ms,64959,377.642,0.195436
64991ms,64991,376.912,0.194750
65023ms,65023,376.922,0.194937
65055ms,65055,376.980,0.194605
65087ms,65087,376.989,0.194658
65119ms,65119,376.982,0.194412
65151ms,65151,377.041,0.194330
65183ms,65183,377.123,0.194416
65215ms,65215,377.292,0.194441
65247ms,65247,377.626,0.194475
65295ms,65295,377.962,0.194641
65327ms,65327,378.492,0.194777
65359ms,65359,379.029,0.195128
65391ms,65391,379.577,0.195421
65423ms,65423,380.097,0.195806
65455ms,65455,380.870,0.196043
65519ms,65519,382.157,0.196934
65551ms,65551,382.850,0.197058
65583ms,65583,383.548,0.197539
65615ms,65615,384.249,0.197951
65647ms,65647,385.220,0.198593
65695ms,65695,385.991,0.198998
65727ms,65727,386.422,0.199486
65759ms,65759,386.154,0.199286
65791ms,65791,386.345,0.199176
65823ms,65823,386.283,0.199306
65855ms,65855,386.333,0.199285
65887ms,65887,386.328,0.199240
65919ms,65919,386.316,0.199161
65951ms,65951,386.302,0.199177
65983ms,65983,386.335,0.199252
66015ms,66015,386.311,0.199276
66047ms,66047,386.304,0.199208
66095ms,66095,386.378,0.199341
66127ms,66127,386.476,0.199238
66159ms,66159,386.286,0.199330
66191ms,66191,384.984,0.198876
66223ms,66223,383.699,0.198271
66255ms,66255,382.574,0.197556
66287ms,66287,381.348,0.196975
66319ms,66319,380.223,0.196545
66351ms,66351,379.145,0.195910
66383ms,66383,378.296,0.195618
66415ms,66415,377.946,0.195261
66447ms,66447,377.515,0.195347
66495ms,66495,376.957,0.194798
66527ms,66527,376.940,0.194768
66559ms,66559,376.967,0.194648
66591ms,66591,376.999,0.194565
66623ms,66623,377.011,0.194337
66655ms,66655,376.964,0.194417
66687ms,66687,377.134,0.194265
66719ms,66719,377.360,0.194552
66751ms,66751,377.666,0.194513
66783ms,66783,378.129,0.194664
66815ms,66815,378.657,0.194996
66847ms,66847,379.167,0.195182
66895ms,66895,379.757,0.195505
66927ms,66927,380.259,0.195694
66959ms,66959,380.994,0.196137
66991ms,66991,381.567,0.196528
67023ms,67023,382.379,0.196846
67055ms,67055,382.987,0.197356
67087ms,67087,383.682,0.197682
67119ms,67119,384.569,0.198253
67151ms,67151,385.441,0.198644
67183ms,67183,386.175,0.199144
67215ms,67215,386.421,0.199381
67247ms,67247,386.306,0.199205
67295ms,67295,386.314,0.199224
67327ms,67327,386.368,0.199179
67359ms,67359,386.365,0.199129
67391ms,67391,386.347,0.199213
67423ms,67423,386.375,0.199115
67455ms,67455,386.335,0.199281
67487ms,67487,386.316,0.199256
67519ms,67519,386.250,0.199290
67551ms,67551,386.391,0.199255
67583ms,67583,386.435,0.199363
67647ms,67647,385.956,0.199394
67695ms,67695,384.693,0.198720
67727ms,67727,383.369,0.198052
67759ms,67759,382.256,0.197523
67791ms,67791,381.122,0.196714
67823ms,67823,379.899,0.196387
67855ms,67855,378.884,0.195630
67887ms,67887,378.124,0.195391
67919ms,67919,377.994,0.195517
67951ms,67951,377.234,0.195000
67983ms,67983,376.963,0.194950
68015ms,68015,377.065,0.194663
68047ms,68047,376.908,0.194645
68095ms,68095,376.983,0.194573
68127ms,68127,376.997,0.194539
68159ms,68159,377.094,0.194425
68191ms,68191,377.173,0.194408
68255ms,68255,377.732,0.194494
68383ms,68383,379.745,0.195523
68415ms,68415,380.512,0.195850
68495ms,68495,381.795,0.196498
68527ms,68527,382.561,0.197028
68559ms,68559,383.280,0.197356
68591ms,68591,384.040,0.197804
68623ms,68623,384.848,0.198284
68655ms,68655,385.642,0.198766
68687ms,68687,386.290,0.199290
68719ms,68719,386.344,0.199503
68751ms,68751,386.276,0.199232
68783ms,68783,386.240,0.199340
68815ms,68815,386.242,0.199320
68847ms,68847,386.286,0.199344
68895ms,68895,386.296,0.199283
68959ms,68959,386.266,0.199302
68991ms,68991,386.279,0.199246
69023ms,69023,386.324,0.199235
69055ms,69055,386.296,0.199209
69087ms,69087,386.358,0.199324
69119ms,69119,386.469,0.199382
69151ms,69151,385.400,0.199215
69183ms,69183,384.031,0.198513
69215ms,69215,382.878,0.197711
69247ms,69247,381.662,0.197125
69295ms,69295,380.494,0.196508
69327ms,69327,379.466,0.195994
69359ms,69359,378.513,0.195606
69391ms,69391,377.977,0.195296
69423ms,69423,377.837,0.195413
69455ms,69455,376.880,0.194779
69487ms,69487,376.920,0.195028
69519ms,69519,376.948,0.194582
69551ms,69551,376.946,0.194464
69583ms,69583,376.960,0.194576
69615ms,69615,376.926,0.194474
69647ms,69647,377.072,0.194466
69695ms,69695,377.288,0.194433
69727ms,69727,377.606,0.194484
69759ms,69759,377.923,0.194650
69791ms,69791,378.537,0.194872
69823ms,69823,379.027,0.195103
69855ms,69855,379.474,0.195237
69887ms,69887,380.040,0.195784
69919ms,69919,380.806,0.196085
69951ms,69951,381.514,0.196463
69983ms,69983,382.106,0.196764
70015ms,70015,382.795,0.197104
70047ms,70047,383.541,0.197483
70079ms,70079,384.323,0.198096
70127ms,70127,385.206,0.198668
70159ms,70159,385.988,0.198982
70191ms,70191,386.460,0.199366
70223ms,70223,386.152,0.199401
70255ms,70255,386.317,0.199155
70287ms,70287,386.293,0.199250
70319ms,70319,386.340,0.199135
70351ms,70351,386.348,0.199197
70383ms,70383,386.366,0.199167
70415ms,70415,386.352,0.199196
70447ms,70447,386.344,0.199204
70559ms,70559,386.355,0.199345
70591ms,70591,386.506,0.199264
70623ms,70623,386.145,0.199342
70655ms,70655,384.857,0.198892
70687ms,70687,383.672,0.198139
70719ms,70719,382.431,0.197486
70751ms,70751,381.325,0.197025
70783ms,70783,380.204,0.196620
70815ms,70815,379.104,0.196105
70847ms,70847,378.232,0.195573
70879ms,70879,378.018,0.195344
70927ms,70927,377.369,0.195284
70991ms,70991,376.982,0.194722
71023ms,71023,376.974,0.194549
71055ms,71055,376.983,0.194409
71087ms,71087,376.908,0.194307
71119ms,71119,377.051,0.194563
71151ms,71151,377.153,0.194374
71183ms,71183,377.433,0.194580
71215ms,71215,377.725,0.194460
71247ms,71247,378.108,0.194785
71279ms,71279,378.625,0.194956
71327ms,71327,379.224,0.195315
71359ms,71359,379.700,0.195561
71391ms,71391,380.341,0.195832
71423ms,71423,381.014,0.196143
71455ms,71455,381.730,0.196489
71487ms,71487,382.399,0.197031
71519ms,71519,383.113,0.197452
71583ms,71583,384.707,0.198315
71615ms,71615,385.549,0.198673
71647ms,71647,386.320,0.199272
71679ms,71679,386.427,0.199447
71759ms,71759,386.355,0.199240
71791ms,71791,386.409,0.199279
71823ms,71823,386.369,0.199165
71855ms,71855,386.403,0.199193
71887ms,71887,386.423,0.199202
71919ms,71919,386.394,0.199219
71951ms,71951,386.399,0.199268
71983ms,71983,386.392,0.199272
72015ms,72015,386.376,0.199316
72047ms,72047,386.419,0.199353
72079ms,72079,386.632,0.199360
72127ms,72127,385.940,0.199423
72159ms,72159,384.614,0.198679
72191ms,72191,383.360,0.198027
72223ms,72223,382.147,0.197410
72255ms,72255,380.860,0.196931
72319ms,72319,378.837,0.195797
72351ms,72351,378.158,0.195268
72383ms,72383,377.992,0.195554
72415ms,72415,377.077,0.194976
72447ms,72447,376.922,0.194895
72479ms,72479,376.974,0.194538
72527ms,72527,376.914,0.194599
72559ms,72559,376.970,0.194495
72591ms,72591,377.035,0.194423
72623ms,72623,377.078,0.194411
72655ms,72655,377.258,0.194381
72687ms,72687,377.566,0.194502
72719ms,72719,377.852,0.194448
72751ms,72751,378.330,0.194743
72783ms,72783,378.863,0.195077
72815ms,72815,379.364,0.195277
72847ms,72847,379.971,0.195597
72879ms,72879,380.512,0.195996
72927ms,72927,381.251,0.196282
72959ms,72959,381.919,0.196661
72991ms,72991,382.699,0.197072
73023ms,73023,383.377,0.197560
73055ms,73055,384.142,0.197886
73087ms,73087,385.003,0.198444
73119ms,73119,385.774,0.198852
73151ms,73151,386.443,0.199300
73183ms,73183,386.255,0.199301
73215ms,73215,386.314,0.199166
73247ms,73247,386.323,0.199254
73279ms,73279,386.348,0.199213
73327ms,73327,386.363,0.199239
73359ms,73359,386.337,0.199191
73391ms,73391,386.314,0.199207
73423ms,73423,386.288,0.199276
73455ms,73455,386.325,0.199188
73487ms,73487,386.332,0.199254
73519ms,73519,386.413,0.199301
73583ms,73583,386.441,0.199439
73615ms,73615,385.406,0.199050
73647ms,73647,383.987,0.198394
73679ms,73679,382.811,0.197764
73727ms,73727,381.520,0.197304
73759ms,73759,380.447,0.196649
73791ms,73791,379.386,0.196065
73823ms,73823,378.449,0.195587
73855ms,73855,377.944,0.195204
73887ms,73887,377.674,0.195658
73919ms,73919,376.903,0.194742
73951ms,73951,376.957,0.194833
73983ms,73983,376.895,0.194618
74015ms,74015,376.937,0.194564
74047ms,74047,376.943,0.194521
74079ms,74079,377.074,0.194462
74127ms,74127,377.104,0.194458
74159ms,74159,377.336,0.194404
74191ms,74191,377.600,0.194547
74223ms,74223,377.972,0.194630
74255ms,74255,378.524,0.195052
74287ms,74287,379.019,0.195128
74319ms,74319,379.451,0.195327
74351ms,74351,380.046,0.195764
74383ms,74383,380.781,0.196135
74415ms,74415,381.518,0.196319
74447ms,74447,382.226,0.196759
74479ms,74479,382.916,0.197256
74511ms,74511,383.646,0.197531
74559ms,74559,384.392,0.198115
74591ms,74591,385.235,0.198716
74623ms,74623,386.023,0.199035
74655ms,74655,386.517,0.199366
74687ms,74687,386.266,0.199244
74719ms,74719,386.329,0.199273
74751ms,74751,386.405,0.199247
74783ms,74783,386.335,0.199247
74815ms,74815,386.351,0.199216
74847ms,74847,386.382,0.199230
74879ms,74879,386.333,0.199202
74911ms,74911,386.330,0.199264
74959ms,74959,386.357,0.199284
74991ms,74991,386.411,0.199345
75023ms,75023,386.430,0.199403
75055ms,75055,386.573,0.199337
75087ms,75087,386.241,0.199377
75119ms,75119,384.846,0.198745
75151ms,75151,383.759,0.198176
75183ms,75183,382.471,0.197546
75215ms,75215,381.270,0.196995
75247ms,75247,380.119,0.196392
75279ms,75279,379.051,0.195868
75311ms,75311,378.244,0.195457
75359ms,75359,377.915,0.195385
75391ms,75391,377.486,0.195238
75423ms,75423,376.988,0.194915
75455ms,75455,377.039,0.194713
75487ms,75487,376.977,0.194680
75519ms,75519,376.971,0.194604
75551ms,75551,376.975,0.194508
75583ms,75583,377.010,0.194404
75615ms,75615,377.225,0.194446
75647ms,75647,377.514,0.194494
75679ms,75679,377.741,0.194601
75759ms,75759,378.681,0.195026
75791ms,75791,379.154,0.195284
75823ms,75823,379.794,0.195592
75855ms,75855,380.324,0.195726
75887ms,75887,381.063,0.196147
75919ms,75919,381.675,0.196434
75951ms,75951,382.387,0.196829
75983ms,75983,383.052,0.197313
76015ms,76015,383.920,0.197809
76047ms,76047,384.655,0.198270
76079ms,76079,385.579,0.198675
76111ms,76111,386.234,0.199198
76159ms,76159,386.427,0.199428
76191ms,76191,386.351,0.199219
76223ms,76223,386.422,0.199226
76255ms,76255,386.417,0.199209
76287ms,76287,386.406,0.199219
76319ms,76319,386.354,0.199179
76351ms,76351,386.415,0.199293
76383ms,76383,386.412,0.199274
76415ms,76415,386.404,0.199239
76447ms,76447,386.398,0.199172
76479ms,76479,386.423,0.199283
76511ms,76511,386.424,0.199284
76559ms,76559,386.579,0.199446
76591ms,76591,385.938,0.199335
76623ms,76623,384.653,0.198681
76655ms,76655,383.446,0.197997
76687ms,76687,382.174,0.197469
76751ms,76751,379.908,0.196291
76783ms,76783,378.901,0.195608
76815ms,76815,378.181,0.195241
76847ms,76847,377.873,0.195303
76879ms,76879,377.214,0.195098
76911ms,76911,376.919,0.194834
76959ms,76959,377.008,0.194729
76991ms,76991,377.010,0.194654
77023ms,77023,376.957,0.194644
77055ms,77055,376.978,0.194578
77087ms,77087,376.977,0.194462
77119ms,77119,377.220,0.194371
77151ms,77151,377.514,0.194492
77183ms,77183,377.801,0.194616
77215ms,77215,378.228,0.194741
77247ms,77247,378.808,0.195044
77279ms,77279,379.250,0.195299
77311ms,77311,379.761,0.195583
77359ms,77359,380.449,0.195890
77391ms,77391,381.089,0.196093
77423ms,77423,381.809,0.196600
77455ms,77455,382.492,0.197000
77487ms,77487,383.167,0.197376
77519ms,77519,383.940,0.197744
77551ms,77551,384.741,0.198265
77583ms,77583,385.499,0.198657
77615ms,77615,386.283,0.199228
77647ms,77647,386.453,0.199330
77679ms,77679,386.319,0.199173
77711ms,77711,386.378,0.199237
77759ms,77759,386.372,0.199260
77791ms,77791,386.342,0.199202
77823ms,77823,386.347,0.199270
77855ms,77855,386.369,0.199244
77887ms,77887,386.349,0.199277
77919ms,77919,386.336,0.199225
77951ms,77951,386.329,0.199196
77983ms,77983,386.415,0.199217
78047ms,78047,386.635,0.199345
78079ms,78079,386.071,0.199412
78111ms,78111,384.688,0.198737
78159ms,78159,383.333,0.197986
78191ms,78191,382.248,0.197660
78223ms,78223,380.849,0.197014
78255ms,78255,379.797,0.196310
78287ms,78287,378.813,0.195821
78319ms,78319,378.049,0.195214
78351ms,78351,377.976,0.195589
78511ms,78511,377.018,0.194482
78559ms,78559,377.050,0.194518
78591ms,78591,376.993,0.194427
78623ms,78623,377.276,0.194392
78655ms,78655,377.474,0.194588
78687ms,78687,377.843,0.194589
78719ms,78719,378.193,0.194729
78751ms,78751,378.769,0.195031
78783ms,78783,379.340,0.195324
78815ms,78815,379.796,0.195633
78847ms,78847,380.456,0.195888
78879ms,78879,381.185,0.196263
78911ms,78911,381.795,0.196710
78959ms,78959,382.468,0.197109
78991ms,78991,383.194,0.197358
79023ms,79023,383.956,0.197920
79055ms,79055,384.775,0.198387
79087ms,79087,385.559,0.198817
79119ms,79119,386.324,0.199280
79151ms,79151,386.315,0.199346
79183ms,79183,386.256,0.199259
79215ms,79215,386.258,0.199200
79247ms,79247,386.284,0.199140
79279ms,79279,386.267,0.199233
79311ms,79311,386.288,0.199193
79359ms,79359,386.229,0.199246
79391ms,79391,386.279,0.199154
79423ms,79423,386.243,0.199219
79455ms,79455,386.296,0.199151
79487ms,79487,386.311,0.199201
79519ms,79519,386.359,0.199273
79551ms,79551,386.524,0.199374
79583ms,79583,385.796,0.199317
79647ms,79647,383.419,0.197939
79679ms,79679,382.264,0.197603
79711ms,79711,381.016,0.196966
79743ms,79743,380.037,0.196297
79791ms,79791,378.883,0.195800
79823ms,79823,378.113,0.195336
79855ms,79855,377.911,0.195393
79887ms,79887,377.406,0.195169
79919ms,79919,376.900,0.194752
79951ms,79951,376.969,0.194757
79983ms,79983,377.029,0.194602
80015ms,80015,376.919,0.194637
80047ms,80047,377.071,0.194489
80079ms,80079,376.996,0.194408
80111ms,80111,377.275,0.194397
80143ms,80143,377.485,0.194540
80191ms,80191,377.796,0.194645
80223ms,80223,378.249,0.194834
80255ms,80255,378.834,0.194974
80287ms,80287,379.287,0.195303
80319ms,80319,379.796,0.195620
80383ms,80383,381.127,0.196156
80415ms,80415,381.832,0.196648
80447ms,80447,382.574,0.197029
80479ms,80479,383.226,0.197360
80511ms,80511,383.922,0.197821
80543ms,80543,384.705,0.198316
80591ms,80591,385.595,0.198815
80623ms,80623,386.305,0.199246
80655ms,80655,386.435,0.199411
80687ms,80687,386.300,0.199264
80719ms,80719,386.283,0.199175
80751ms,80751,386.300,0.199235
80783ms,80783,386.310,0.199205
80815ms,80815,386.384,0.199194
80847ms,80847,386.374,0.199280
80879ms,80879,386.335,0.199252
80911ms,80911,386.325,0.199248
80943ms,80943,386.287,0.199227
80991ms,80991,386.344,0.199243
81023ms,81023,386.416,0.199346
81055ms,81055,386.528,0.199419
81087ms,81087,385.707,0.199348
81119ms,81119,384.462,0.198599
81151ms,81151,383.232,0.197879
81183ms,81183,382.168,0.197370
81215ms,81215,380.908,0.196947
81247ms,81247,379.821,0.196390
81279ms,81279,378.760,0.195786
81311ms,81311,378.053,0.195304
81343ms,81343,377.976,0.195617
81391ms,81391,377.144,0.194875
81423ms,81423,376.924,0.194933
81455ms,81455,377.082,0.194587
81519ms,81519,376.951,0.194643
81551ms,81551,376.991,0.194493
81583ms,81583,376.962,0.194388
81615ms,81615,377.231,0.194365
81647ms,81647,377.430,0.194483
81679ms,81679,377.806,0.194689
81711ms,81711,378.221,0.194868
81743ms,81743,378.812,0.194968
81791ms,81791,379.342,0.195356
81823ms,81823,379.810,0.195491
81855ms,81855,380.425,0.195937
81887ms,81887,381.105,0.196072
81919ms,81919,381.743,0.196476
81951ms,81951,382.461,0.196989
81983ms,81983,383.270,0.197433
82015ms,82015,383.924,0.197759
82047ms,82047,384.700,0.198450
82079ms,82079,385.557,0.198716
82143ms,82143,386.491,0.199443
82191ms,82191,386.412,0.199317
82223ms,82223,386.453,0.199226
82255ms,82255,386.438,0.199255
82287ms,82287,386.466,0.199236
82319ms,82319,386.469,0.199229
82351ms,82351,386.443,0.199240
82383ms,82383,386.421,0.199187
82415ms,82415,386.429,0.199238
82447ms,82447,386.429,0.199212
82479ms,82479,386.405,0.199350
82511ms,82511,386.390,0.199391
82543ms,82543,386.578,0.199394
82591ms,82591,386.012,0.199392
82623ms,82623,384.626,0.198590
82655ms,82655,383.369,0.197881
82687ms,82687,382.283,0.197283
82719ms,82719,381.013,0.196841
82751ms,82751,379.907,0.196281
82783ms,82783,378.894,0.195731
82815ms,82815,378.083,0.195329
82879ms,82879,377.240,0.195239
82911ms,82911,376.976,0.194703
82943ms,82943,376.994,0.194574
82991ms,82991,376.942,0.194645
83023ms,83023,376.938,0.194700
83055ms,83055,377.064,0.194372
83087ms,83087,376.991,0.194558
83119ms,83119,377.294,0.194312
83151ms,83151,377.428,0.194498
83183ms,83183,377.820,0.194722
83215ms,83215,378.253,0.194686
83279ms,83279,379.290,0.195310
83311ms,83311,379.733,0.195562
83343ms,83343,380.410,0.195857
83391ms,83391,381.022,0.196180
83423ms,83423,381.811,0.196687
83455ms,83455,382.515,0.196901
83487ms,83487,383.162,0.197390
83519ms,83519,383.887,0.197761
83551ms,83551,384.723,0.198236
83583ms,83583,385.657,0.198749
83615ms,83615,386.315,0.199188
83647ms,83647,386.375,0.199379
83679ms,83679,386.286,0.199261
83711ms,83711,386.260,0.199286
83743ms,83743,386.275,0.199354
83791ms,83791,386.310,0.199343
83823ms,83823,386.347,0.199224
83855ms,83855,386.353,0.199243
83887ms,83887,386.342,0.199236
83919ms,83919,386.364,0.199233
83951ms,83951,386.353,0.199249
83983ms,83983,386.390,0.199198
84015ms,84015,386.412,0.199242
84047ms,84047,386.569,0.199370
84079ms,84079,385.793,0.199288
84111ms,84111,384.394,0.198564
84143ms,84143,383.217,0.197951
84191ms,84191,381.953,0.197374
84223ms,84223,380.807,0.196886
84287ms,84287,378.814,0.195682
84319ms,84319,378.049,0.195302
84351ms,84351,377.859,0.195505
84383ms,84383,377.080,0.194988
84415ms,84415,377.049,0.194735
84447ms,84447,376.976,0.194728
84479ms,84479,376.897,0.194723
84511ms,84511,376.973,0.194537
84543ms,84543,377.024,0.194496
84591ms,84591,377.052,0.194347
84623ms,84623,377.294,0.194313
84655ms,84655,377.448,0.194421
84687ms,84687,377.816,0.194671
84719ms,84719,378.287,0.194692
84751ms,84751,378.864,0.195088
84783ms,84783,379.348,0.195114
84815ms,84815,379.864,0.195536
84847ms,84847,380.535,0.195881
84879ms,84879,381.161,0.196216
84911ms,84911,381.746,0.196575
84943ms,84943,382.482,0.196981
84991ms,84991,383.212,0.197368
85023ms,85023,383.941,0.197799
85055ms,85055,384.767,0.198365
85087ms,85087,385.624,0.198658
85119ms,85119,386.374,0.199133
85151ms,85151,386.427,0.199525
85183ms,85183,386.378,0.199228
85215ms,85215,386.320,0.199238
85247ms,85247,386.294,0.199278
85279ms,85279,386.345,0.199271
85311ms,85311,386.321,0.199274
85343ms,85343,386.306,0.199273
85375ms,85375,386.302,0.199216
85423ms,85423,386.278,0.199307
85455ms,85455,386.310,0.199231
85487ms,85487,386.315,0.199204
85519ms,85519,386.464,0.199292
85551ms,85551,386.562,0.199423
85583ms,85583,385.729,0.199249
85615ms,85615,384.451,0.198608
85647ms,85647,383.277,0.197812
85679ms,85679,382.154,0.197463
85711ms,85711,380.851,0.197016
85743ms,85743,379.781,0.196344
85775ms,85775,378.776,0.195886
85823ms,85823,378.099,0.195410
85855ms,85855,377.938,0.195528
85919ms,85919,376.872,0.195124
85951ms,85951,377.048,0.194739
85983ms,85983,376.893,0.194522
86015ms,86015,376.955,0.194642
86047ms,86047,377.003,0.194478
86079ms,86079,377.043,0.194362
86111ms,86111,377.240,0.194456
86143ms,86143,377.534,0.194619
86175ms,86175,377.858,0.194618
86223ms,86223,378.363,0.194728
86255ms,86255,378.812,0.194947
86287ms,86287,379.307,0.195191
86319ms,86319,379.801,0.195453
86351ms,86351,380.559,0.195908
86383ms,86383,381.155,0.196207
86415ms,86415,381.789,0.196554
86447ms,86447,382.541,0.196926
86479ms,86479,383.313,0.197335
86511ms,86511,384.073,0.197708
86543ms,86543,384.750,0.198233
86575ms,86575,385.647,0.198785
86623ms,86623,386.373,0.199347
86655ms,86655,386.536,0.199418
86687ms,86687,386.375,0.199242
86719ms,86719,386.430,0.199292
86751ms,86751,386.446,0.199275
86783ms,86783,386.426,0.199256
86847ms,86847,386.435,0.199260
86911ms,86911,386.426,0.199250
86943ms,86943,386.437,0.199227
86975ms,86975,386.404,0.199273
87023ms,87023,386.457,0.199360
87055ms,87055,386.581,0.199437
87087ms,87087,385.950,0.199351
87119ms,87119,384.662,0.198627
87151ms,87151,383.386,0.197995
87183ms,87183,382.329,0.197461
87215ms,87215,381.078,0.197117
87247ms,87247,379.967,0.196400
87279ms,87279,379.000,0.195735
87311ms,87311,378.211,0.195395
87343ms,87343,377.957,0.195503
87375ms,87375,377.189,0.195093
87423ms,87423,377.012,0.194902
87455ms,87455,377.119,0.194504
87487ms,87487,377.010,0.194486
87519ms,87519,376.934,0.194553
87551ms,87551,376.978,0.194407
87583ms,87583,376.981,0.194401
87615ms,87615,377.243,0.194406
87647ms,87647,377.516,0.194455
87679ms,87679,377.758,0.194741
87711ms,87711,378.182,0.194833
87743ms,87743,378.813,0.194996
87775ms,87775,379.307,0.195261
87823ms,87823,379.766,0.195601
87855ms,87855,380.482,0.195829
87887ms,87887,381.164,0.196266
87919ms,87919,381.828,0.196528
87951ms,87951,382.506,0.197062
87983ms,87983,383.284,0.197488
88015ms,88015,383.944,0.197812
88047ms,88047,384.733,0.198485
88079ms,88079,385.625,0.198716
88111ms,88111,386.301,0.199250
88143ms,88143,386.352,0.199442
88175ms,88175,386.309,0.199179
88223ms,88223,386.322,0.199311
88255ms,88255,386.202,0.199276
88287ms,88287,386.287,0.199220
88319ms,88319,386.215,0.199173
88351ms,88351,386.246,0.199224
88383ms,88383,386.259,0.199263
88447ms,88447,386.334,0.199242
88479ms,88479,386.330,0.199219
88511ms,88511,386.343,0.199322
88543ms,88543,386.558,0.199342
88575ms,88575,385.968,0.199309
88623ms,88623,384.658,0.198823
88655ms,88655,383.458,0.198155
88687ms,88687,382.324,0.197539
88719ms,88719,381.071,0.196949
88751ms,88751,380.023,0.196470
88783ms,88783,378.923,0.195824
88815ms,88815,378.184,0.195338
88847ms,88847,377.903,0.195539
88879ms,88879,377.289,0.195074
88911ms,88911,376.942,0.194903
88943ms,88943,377.044,0.194630
88975ms,88975,376.938,0.194580
89023ms,89023,376.897,0.194544
89055ms,89055,377.025,0.194405
89087ms,89087,377.020,0.194456
89183ms,89183,377.762,0.194481
89215ms,89215,378.133,0.194727
89247ms,89247,378.779,0.194955
89279ms,89279,379.307,0.195320
89343ms,89343,380.470,0.195852
89375ms,89375,381.140,0.196198
89407ms,89407,381.809,0.196592
89455ms,89455,382.538,0.196916
89487ms,89487,383.212,0.197379
89519ms,89519,383.919,0.197753
89551ms,89551,384.721,0.198287
89583ms,89583,385.625,0.198698
89615ms,89615,386.245,0.199242
89647ms,89647,386.431,0.199423
89679ms,89679,386.362,0.199256
89711ms,89711,386.354,0.199230
89743ms,89743,386.261,0.199371
89775ms,89775,386.338,0.199275
89807ms,89807,386.351,0.199322
89855ms,89855,386.332,0.199367
89887ms,89887,386.334,0.199375
89919ms,89919,386.327,0.199297
89951ms,89951,386.313,0.199316
89983ms,89983,386.416,0.199272
90047ms,90047,386.558,0.199331
90079ms,90079,386.172,0.199387
90111ms,90111,384.801,0.198932
90143ms,90143,383.464,0.198262
90175ms,90175,382.362,0.197491
90223ms,90223,380.991,0.196977
90255ms,90255,379.938,0.196506
90287ms,90287,378.962,0.195711
90319ms,90319,378.232,0.195469
90351ms,90351,377.975,0.195538
90383ms,90383,377.202,0.194971
90415ms,90415,377.043,0.194956
90447ms,90447,376.981,0.194699
90479ms,90479,376.992,0.194565
90511ms,90511,376.963,0.194528
90543ms,90543,377.068,0.194603
90575ms,90575,377.014,0.194452
90623ms,90623,377.169,0.194369
90655ms,90655,377.484,0.194500
90687ms,90687,377.666,0.194631
90719ms,90719,378.219,0.194670
90751ms,90751,378.706,0.194973
90783ms,90783,379.248,0.195212
90815ms,90815,379.747,0.195521
90847ms,90847,380.413,0.195799
90879ms,90879,381.092,0.196171
90911ms,90911,381.740,0.196568
90943ms,90943,382.441,0.196942
90975ms,90975,383.126,0.197407
91007ms,91007,383.812,0.197689
91055ms,91055,384.622,0.198281
91087ms,91087,385.448,0.198616
91119ms,91119,386.238,0.199131
91151ms,91151,386.499,0.199394
91183ms,91183,386.210,0.199324
91215ms,91215,386.364,0.199124
91247ms,91247,386.276,0.199247
91279ms,91279,386.326,0.199295
91311ms,91311,386.308,0.199190
91343ms,91343,386.329,0.199239
91375ms,91375,386.344,0.199276
91407ms,91407,386.287,0.199227
91455ms,91455,386.350,0.199248
91487ms,91487,386.364,0.199179
91519ms,91519,386.374,0.199264
91551ms,91551,386.549,0.199297
91583ms,91583,386.100,0.199391
91615ms,91615,384.759,0.198776
91647ms,91647,383.583,0.198138
91679ms,91679,382.391,0.197473
91711ms,91711,381.207,0.197067
91743ms,91743,380.117,0.196374
91775ms,91775,378.987,0.195961
91807ms,91807,378.109,0.195635
91855ms,91855,377.843,0.195331
91887ms,91887,377.489,0.195334
91919ms,91919,377.025,0.194965
91951ms,91951,376.909,0.194734
91983ms,91983,376.987,0.194620
92015ms,92015,376.964,0.194403
92047ms,92047,376.936,0.194357
92079ms,92079,376.944,0.194510
92111ms,92111,377.127,0.194363
92175ms,92175,377.728,0.194626
92207ms,92207,378.083,0.194565
92255ms,92255,378.631,0.194959
92287ms,92287,379.106,0.195146
92319ms,92319,379.653,0.195511
92351ms,92351,380.255,0.195699
92383ms,92383,380.873,0.196124
92415ms,92415,381.580,0.196406
92447ms,92447,382.334,0.196793
92479ms,92479,383.014,0.197395
92511ms,92511,383.761,0.197639
92543ms,92543,384.532,0.198111
92575ms,92575,385.276,0.198593
92607ms,92607,386.029,0.199109
92655ms,92655,386.488,0.199400
92687ms,92687,386.147,0.199326
92719ms,92719,386.262,0.199349
92751ms,92751,386.316,0.199212
92783ms,92783,386.309,0.199224
92815ms,92815,386.280,0.199332
92847ms,92847,386.279,0.199205
92911ms,92911,386.255,0.199316
92975ms,92975,386.315,0.199147
93007ms,93007,386.330,0.199228
93055ms,93055,386.426,0.199263
93087ms,93087,386.333,0.199394
93119ms,93119,385.023,0.198943
93151ms,93151,383.838,0.198286
93183ms,93183,382.613,0.197560
93215ms,93215,381.318,0.197120
93247ms,93247,380.274,0.196628
93279ms,93279,379.194,0.196001
93311ms,93311,378.264,0.195541
93343ms,93343,377.918,0.195396
93375ms,93375,377.670,0.195485
93407ms,93407,376.852,0.194766
93455ms,93455,377.055,0.194716
93487ms,93487,376.984,0.194546
93519ms,93519,376.977,0.194375
93551ms,93551,376.904,0.194331
93583ms,93583,376.944,0.194225
93615ms,93615,377.131,0.194363
93647ms,93647,377.406,0.194324
93679ms,93679,377.669,0.194581
93711ms,93711,378.094,0.194785
93743ms,93743,378.567,0.194957
93775ms,93775,379.158,0.195089
93807ms,93807,379.680,0.195434
93855ms,93855,380.234,0.195757
93887ms,93887,380.912,0.196067
93919ms,93919,381.439,0.196359
93951ms,93951,382.268,0.196873
93983ms,93983,382.956,0.197179
94015ms,94015,383.690,0.197551
94047ms,94047,384.433,0.198042
94079ms,94079,385.297,0.198602
94111ms,94111,386.104,0.199084
94143ms,94143,386.497,0.199414
94175ms,94175,386.168,0.199235
94239ms,94239,386.270,0.199231
94287ms,94287,386.268,0.199261
94319ms,94319,386.262,0.199255
94351ms,94351,386.264,0.199191
94383ms,94383,386.259,0.199279
94415ms,94415,386.207,0.199280
94447ms,94447,386.232,0.199262
94479ms,94479,386.324,0.199228
94511ms,94511,386.307,0.199193
94543ms,94543,386.454,0.199404
94575ms,94575,386.262,0.199403
94607ms,94607,384.912,0.199025
94639ms,94639,383.609,0.198219
94687ms,94687,382.440,0.197512
94719ms,94719,381.226,0.197006
94751ms,94751,380.150,0.196436
94783ms,94783,379.197,0.195886
94815ms,94815,378.154,0.195469
94847ms,94847,377.971,0.195191
94879ms,94879,377.437,0.195313
94911ms,94911,376.986,0.194820
94943ms,94943,376.918,0.194798
94975ms,94975,377.049,0.194529
95007ms,95007,376.985,0.194370
95039ms,95039,376.883,0.194377
95119ms,95119,377.127,0.194367
95183ms,95183,377.759,0.194625
95215ms,95215,378.122,0.194822
95247ms,95247,378.656,0.194807
95279ms,95279,379.246,0.195282
95311ms,95311,379.722,0.195562
95343ms,95343,380.317,0.195666
95375ms,95375,380.967,0.196121
95407ms,95407,381.628,0.196427
95439ms,95439,382.294,0.196796
95487ms,95487,383.062,0.197302
95519ms,95519,383.815,0.197698
95551ms,95551,384.642,0.198298
95583ms,95583,385.490,0.198745
95615ms,95615,386.158,0.199137
95647ms,95647,386.320,0.199393
95679ms,95679,386.302,0.199097
95711ms,95711,386.218,0.199218
95743ms,95743,386.271,0.199179
95807ms,95807,386.248,0.199219
95839ms,95839,386.264,0.199215
95887ms,95887,386.224,0.199233
95919ms,95919,386.241,0.199175
95951ms,95951,386.244,0.199210
95983ms,95983,386.286,0.199145
96015ms,96015,386.286,0.199212
96047ms,96047,386.459,0.199294
96079ms,96079,386.218,0.199377
96111ms,96111,384.908,0.199083
96143ms,96143,383.679,0.198339
96175ms,96175,382.512,0.197402
96207ms,96207,381.304,0.197103
96239ms,96239,380.214,0.196457
96287ms,96287,379.158,0.195964
96319ms,96319,378.281,0.195539
96351ms,96351,377.946,0.195296
96383ms,96383,377.547,0.195310
96415ms,96415,376.878,0.194859
96447ms,96447,377.001,0.194729
96479ms,96479,377.017,0.194489
96511ms,96511,376.966,0.194348
96543ms,96543,376.946,0.194299
96575ms,96575,377.052,0.194398
96607ms,96607,377.183,0.194353
96639ms,96639,377.422,0.194510
96687ms,96687,377.760,0.194647
96719ms,96719,378.147,0.194703
96751ms,96751,378.740,0.195026
96783ms,96783,379.197,0.195234
96815ms,96815,379.664,0.195546
96847ms,96847,380.298,0.195785
96879ms,96879,380.957,0.196143
96911ms,96911,381.546,0.196385
96943ms,96943,382.296,0.196882
96975ms,96975,383.020,0.197259
97007ms,97007,383.656,0.197605
97039ms,97039,384.455,0.198141
97087ms,97087,385.314,0.198583
97151ms,97151,386.400,0.199363
97183ms,97183,386.117,0.199325
97215ms,97215,386.260,0.199287
97247ms,97247,386.272,0.199260
97279ms,97279,386.291,0.199200
97311ms,97311,386.277,0.199269
97343ms,97343,386.267,0.199209
97375ms,97375,386.266,0.199240
97407ms,97407,386.246,0.199211
97439ms,97439,386.279,0.199282
97487ms,97487,386.309,0.199220
97519ms,97519,386.346,0.199186
97551ms,97551,386.521,0.199339
97583ms,97583,386.082,0.199298
97615ms,97615,384.728,0.198929
97647ms,97647,383.471,0.198188
97679ms,97679,382.307,0.197377
97711ms,97711,381.054,0.197072
97743ms,97743,379.963,0.196363
97775ms,97775,378.941,0.195729
97839ms,97839,377.933,0.195445
97887ms,97887,377.131,0.195233
97919ms,97919,376.966,0.194714
97951ms,97951,377.058,0.194606
97983ms,97983,376.995,0.194568
98111ms,98111,377.186,0.194357
98143ms,98143,377.465,0.194407
98175ms,98175,377.702,0.194677
98207ms,98207,378.225,0.194817
98239ms,98239,378.866,0.195072
98287ms,98287,379.331,0.195289
98319ms,98319,379.768,0.195608
98351ms,98351,380.420,0.195973
98383ms,98383,381.120,0.196181
98415ms,98415,381.755,0.196507
98447ms,98447,382.532,0.196900
98479ms,98479,383.239,0.197345
98511ms,98511,383.948,0.197851
98543ms,98543,384.728,0.198305
98575ms,98575,385.570,0.198721
98607ms,98607,386.299,0.199187
98639ms,98639,386.375,0.199502
98687ms,98687,386.275,0.199285
98719ms,98719,386.251,0.199236
98751ms,98751,386.298,0.199187
98783ms,98783,386.316,0.199290
98815ms,98815,386.244,0.199249
98847ms,98847,386.244,0.199338
98879ms,98879,386.229,0.199194
98911ms,98911,386.284,0.199220
98943ms,98943,386.233,0.199184
98975ms,98975,386.279,0.199172
99007ms,99007,386.344,0.199303
99039ms,99039,386.535,0.199389
99119ms,99119,384.522,0.198727
99151ms,99151,383.240,0.197922
99183ms,99183,382.219,0.197393
99215ms,99215,380.947,0.196936
99247ms,99247,379.796,0.196267
99279ms,99279,378.851,0.195716
99311ms,99311,378.130,0.195251
99343ms,99343,377.925,0.195389
99375ms,99375,377.105,0.194931
99407ms,99407,376.967,0.194981
99471ms,99471,376.992,0.194547
99551ms,99551,377.050,0.194458
99615ms,99615,377.313,0.194386
99647ms,99647,377.541,0.194523
99679ms,99679,377.911,0.194507
99711ms,99711,378.342,0.194881
99743ms,99743,378.827,0.195090
99775ms,99775,379.390,0.195277
99807ms,99807,379.901,0.195697
99839ms,99839,380.546,0.195968
99871ms,99871,381.228,0.196347
99919ms,99919,381.873,0.196716
99951ms,99951,382.646,0.197129
99983ms,99983,383.330,0.197453
100015ms,100015,384.080,0.197792
100047ms,100047,384.790,0.198320
100079ms,100079,385.586,0.198744
100111ms,100111,386.388,0.199242
100143ms,100143,386.364,0.199378
100175ms,100175,386.322,0.199307
100207ms,100207,386.291,0.199213
100239ms,100239,386.305,0.199219
100271ms,100271,386.334,0.199258
100319ms,100319,386.317,0.199296
100383ms,100383,386.315,0.199307
100415ms,100415,386.291,0.199344
100447ms,100447,386.307,0.199259
100479ms,100479,386.337,0.199325
100511ms,100511,386.422,0.199396
100543ms,100543,386.534,0.199438
100575ms,100575,385.553,0.199256
100607ms,100607,384.201,0.198729
100639ms,100639,383.041,0.197720
100687ms,100687,381.856,0.197211
100719ms,100719,380.722,0.196855
100751ms,100751,379.648,0.196075
100783ms,100783,378.619,0.195680
100815ms,100815,378.103,0.195339
100847ms,100847,377.867,0.195718
100879ms,100879,376.921,0.194639
100911ms,100911,376.964,0.194828
100943ms,100943,377.067,0.194419
100975ms,100975,376.902,0.194661
101007ms,101007,376.970,0.194400
101039ms,101039,376.988,0.194397
101071ms,101071,377.043,0.194299
101119ms,101119,377.317,0.194346
101151ms,101151,377.516,0.194521
101183ms,101183,377.989,0.194659
101215ms,101215,378.434,0.194844
101247ms,101247,379.028,0.195139
101279ms,101279,379.488,0.195404
101311ms,101311,379.933,0.195632
101343ms,101343,380.697,0.195981
101375ms,101375,381.293,0.196381
101407ms,101407,382.051,0.196703
101439ms,101439,382.769,0.197067
101471ms,101471,383.405,0.197420
101519ms,101519,384.080,0.197939
101551ms,101551,385.033,0.198364
101583ms,101583,385.710,0.198745
101615ms,101615,386.352,0.199250
101647ms,101647,386.307,0.199438
101679ms,101679,386.318,0.199374
101711ms,101711,386.234,0.199329
101743ms,101743,386.296,0.199207
101775ms,101775,386.297,0.199300
101807ms,101807,386.268,0.199302
101839ms,101839,386.271,0.199228
101871ms,101871,386.295,0.199276
101919ms,101919,386.282,0.199227
101951ms,101951,386.273,0.199234
101983ms,101983,386.348,0.199179
102015ms,102015,386.415,0.199314
102079ms,102079,385.542,0.199321
102111ms,102111,384.309,0.198639
102143ms,102143,383.073,0.197893
102175ms,102175,381.810,0.197126
102207ms,102207,380.714,0.196656
102239ms,102239,379.522,0.196112
102271ms,102271,378.620,0.195667
102319ms,102319,378.094,0.195228
102351ms,102351,377.884,0.195839
102383ms,102383,376.925,0.194837
102415ms,102415,376.944,0.194860
102447ms,102447,377.046,0.194459
102479ms,102479,376.933,0.194637
102511ms,102511,376.970,0.194523
102543ms,102543,376.923,0.194434
102575ms,102575,377.183,0.194554
102607ms,102607,377.373,0.194430
102671ms,102671,377.912,0.194405
102815ms,102815,379.962,0.195598
102847ms,102847,380.660,0.196070
102911ms,102911,382.019,0.196724
102943ms,102943,382.712,0.197153
102975ms,102975,383.371,0.197403
103007ms,103007,384.180,0.197834
103039ms,103039,384.978,0.198378
103071ms,103071,385.820,0.198958
103119ms,103119,386.430,0.199293
103151ms,103151,386.322,0.199540
103183ms,103183,386.387,0.199327
103215ms,103215,386.235,0.199242
103247ms,103247,386.250,0.199271
103279ms,103279,386.309,0.199199
103311ms,103311,386.273,0.199249
103375ms,103375,386.291,0.199246
103407ms,103407,386.308,0.199266
103439ms,103439,386.314,0.199229
103471ms,103471,386.369,0.199320
103519ms,103519,386.397,0.199313
103551ms,103551,386.430,0.199275
103583ms,103583,385.404,0.199192
103615ms,103615,384.077,0.198476
103647ms,103647,382.971,0.197755
103679ms,103679,381.746,0.197214
103711ms,103711,380.671,0.196737
103743ms,103743,379.574,0.196135
103775ms,103775,378.640,0.195531
103807ms,103807,378.075,0.195218
103839ms,103839,377.909,0.195743
103871ms,103871,376.950,0.194752
103919ms,103919,377.033,0.194818
103951ms,103951,377.012,0.194517
103983ms,103983,376.943,0.194654
104015ms,104015,377.079,0.194401
104047ms,104047,377.058,0.194369
104079ms,104079,377.101,0.194464
104111ms,104111,377.444,0.194341
104143ms,104143,377.596,0.194610
104175ms,104175,378.042,0.194585
104207ms,104207,378.405,0.194864
104239ms,104239,379.015,0.195122
104271ms,104271,379.478,0.195399
104319ms,104319,380.022,0.195664
104351ms,104351,380.759,0.195928
104383ms,104383,381.357,0.196351
104415ms,104415,381.911,0.196568
104447ms,104447,382.682,0.197026
104479ms,104479,383.328,0.197429
104511ms,104511,384.116,0.197921
104543ms,104543,384.902,0.198366
104575ms,104575,385.660,0.198750
104607ms,104607,386.428,0.199249
104639ms,104639,386.391,0.199460
104671ms,104671,386.298,0.199220
104703ms,104703,386.241,0.199216
104751ms,104751,386.234,0.199278
104815ms,104815,386.287,0.199228
104847ms,104847,386.236,0.199224
104879ms,104879,386.294,0.199191
104911ms,104911,386.226,0.199240
104975ms,104975,386.263,0.199169
105071ms,105071,385.456,0.199244
105103ms,105103,384.145,0.198557
105151ms,105151,382.902,0.197765
105215ms,105215,380.495,0.196662
105247ms,105247,379.431,0.196010
105279ms,105279,378.478,0.195552
105311ms,105311,377.942,0.195416
105343ms,105343,377.871,0.195409
105375ms,105375,376.914,0.194848
105407ms,105407,377.063,0.194893
105439ms,105439,377.091,0.194505
105471ms,105471,376.973,0.194607
105519ms,105519,377.025,0.194497
105551ms,105551,377.134,0.194378
105583ms,105583,377.028,0.194298
105615ms,105615,377.408,0.194326
105647ms,105647,377.570,0.194605
105679ms,105679,377.999,0.194729
105711ms,105711,378.442,0.194807
105743ms,105743,379.082,0.195133
105775ms,105775,379.524,0.195383
105807ms,105807,380.050,0.195696
105839ms,105839,380.770,0.195890
105871ms,105871,381.434,0.196331
105903ms,105903,382.134,0.196737
105951ms,105951,382.869,0.197184
105983ms,105983,383.609,0.197532
106015ms,106015,384.329,0.198004
106047ms,106047,385.309,0.198622
106079ms,106079,385.978,0.199032
106111ms,106111,386.447,0.199408
106143ms,106143,386.209,0.199333
106175ms,106175,386.246,0.199215
106207ms,106207,386.268,0.199260
106239ms,106239,386.280,0.199233
106271ms,106271,386.239,0.199249
106303ms,106303,386.292,0.199310
106351ms,106351,386.289,0.199300
106383ms,106383,386.273,0.199275
106415ms,106415,386.267,0.199237
106447ms,106447,386.320,0.199305
106479ms,106479,386.338,0.199271
106511ms,106511,386.377,0.199274
106543ms,106543,386.392,0.199422
106575ms,106575,385.104,0.199026
106607ms,106607,383.930,0.198292
106639ms,106639,382.638,0.197649
106671ms,106671,381.401,0.197125
106703ms,106703,380.270,0.196698
106751ms,106751,379.224,0.196035
106783ms,106783,378.281,0.195579
106815ms,106815,377.988,0.195159
106847ms,106847,377.597,0.195439
106879ms,106879,377.014,0.194879
106911ms,106911,377.061,0.194839
106943ms,106943,377.020,0.194507
106975ms,106975,376.932,0.194559
107007ms,107007,377.035,0.194536
107039ms,107039,376.924,0.194306
107071ms,107071,377.122,0.194421
107103ms,107103,377.447,0.194311
107151ms,107151,377.620,0.194512
107183ms,107183,378.083,0.194650
107215ms,107215,378.566,0.194923
107247ms,107247,379.130,0.195298
107279ms,107279,379.631,0.195459
107311ms,107311,380.229,0.195746
107343ms,107343,380.945,0.196022
107375ms,107375,381.557,0.196462
107407ms,107407,382.338,0.196823
107439ms,107439,383.073,0.197243
107471ms,107471,383.682,0.197519
107503ms,107503,384.487,0.198122
107551ms,107551,385.347,0.198691
107583ms,107583,386.064,0.199031
107615ms,107615,386.443,0.199345
107647ms,107647,386.211,0.199279
107679ms,107679,386.244,0.199292
107711ms,107711,386.275,0.199390
107743ms,107743,386.284,0.199341
107775ms,107775,386.240,0.199286
107807ms,107807,386.275,0.199319
107839ms,107839,386.289,0.199302
107903ms,107903,386.268,0.199290
107951ms,107951,386.291,0.199231
107983ms,107983,386.341,0.199259
108015ms,108015,386.463,0.199356
108079ms,108079,384.882,0.198933
108111ms,108111,383.633,0.198192
108143ms,108143,382.484,0.197536
108175ms,108175,381.257,0.196973
108207ms,108207,380.097,0.196453
108239ms,108239,379.075,0.195862
108271ms,108271,378.152,0.195278
108303ms,108303,377.947,0.195369
108351ms,108351,377.385,0.195214
108383ms,108383,377.029,0.194809
108415ms,108415,376.988,0.194781
108447ms,108447,377.037,0.194565
108479ms,108479,376.971,0.194348
108511ms,108511,376.930,0.194385
108543ms,108543,377.013,0.194602
108575ms,108575,377.163,0.194456
108607ms,108607,377.409,0.194468
108639ms,108639,377.725,0.194534
108671ms,108671,378.156,0.194673
108703ms,108703,378.639,0.195017
108751ms,108751,379.223,0.195352
108783ms,108783,379.791,0.195548
108815ms,108815,380.430,0.195757
108847ms,108847,381.018,0.196085
108879ms,108879,381.709,0.196543
108911ms,108911,382.377,0.196924
108943ms,108943,383.109,0.197317
108975ms,108975,383.874,0.197719
109007ms,109007,384.662,0.198303
109039ms,109039,385.575,0.198675
109071ms,109071,386.225,0.199188
109103ms,109103,386.504,0.199442
109135ms,109135,386.338,0.199281
109183ms,109183,386.370,0.199375
109215ms,109215,386.343,0.199369
109247ms,109247,386.331,0.199349
109279ms,109279,386.380,0.199274
109311ms,109311,386.370,0.199280
109343ms,109343,386.381,0.199228
109375ms,109375,386.398,0.199240
109407ms,109407,386.365,0.199213
109439ms,109439,386.422,0.199339
109471ms,109471,386.458,0.199436
109503ms,109503,386.668,0.199504
109535ms,109535,386.080,0.199442
109583ms,109583,384.791,0.198835
109615ms,109615,383.524,0.198169
109647ms,109647,382.384,0.197542
109679ms,109679,381.006,0.197021
109711ms,109711,379.933,0.196262
109743ms,109743,378.871,0.195787
109775ms,109775,378.162,0.195278
109807ms,109807,377.896,0.195474
109839ms,109839,377.338,0.195015
109871ms,109871,377.002,0.194856
109903ms,109903,376.993,0.194710
109935ms,109935,377.007,0.194613
109983ms,109983,377.004,0.194446
110015ms,110015,376.955,0.194441
110047ms,110047,376.957,0.194394
110079ms,110079,377.115,0.194425
110111ms,110111,377.443,0.194563
110143ms,110143,377.741,0.194423
110175ms,110175,378.134,0.194683
110207ms,110207,378.669,0.194944
110239ms,110239,379.177,0.195261
110271ms,110271,379.761,0.195502
110303ms,110303,380.394,0.195680
110335ms,110335,380.993,0.196137
110383ms,110383,381.644,0.196462
110415ms,110415,382.352,0.196839
110479ms,110479,383.824,0.197827
110511ms,110511,384.674,0.198197
110543ms,110543,385.447,0.198775
110575ms,110575,386.116,0.199067
110607ms,110607,386.442,0.199410
110639ms,110639,386.193,0.199261
110671ms,110671,386.165,0.199280
110703ms,110703,386.217,0.199274
110735ms,110735,386.241,0.199261
110783ms,110783,386.205,0.199293
110815ms,110815,386.221,0.199272
110847ms,110847,386.266,0.199236
110879ms,110879,386.247,0.199179
110911ms,110911,386.226,0.199252
110943ms,110943,386.221,0.199295
110975ms,110975,386.251,0.199248
111007ms,111007,386.485,0.199465
111039ms,111039,385.843,0.199289
111071ms,111071,384.525,0.198688
111103ms,111103,383.367,0.198010
111135ms,111135,382.174,0.197428
111183ms,111183,380.892,0.196971
111215ms,111215,379.799,0.196262
111279ms,111279,378.119,0.195284
111343ms,111343,377.148,0.194889
111375ms,111375,376.933,0.195006
111407ms,111407,377.089,0.194534
111439ms,111439,377.028,0.194471
111471ms,111471,376.912,0.194608
111503ms,111503,377.023,0.194515
111535ms,111535,377.053,0.194366
111583ms,111583,377.252,0.194373
111615ms,111615,377.527,0.194638
111647ms,111647,377.939,0.194578
111679ms,111679,378.405,0.194869
111711ms,111711,378.908,0.195139
111743ms,111743,379.322,0.195274
111775ms,111775,379.925,0.195591
111807ms,111807,380.614,0.195970
111839ms,111839,381.255,0.196332
111871ms,111871,381.883,0.196828
111903ms,111903,382.656,0.197116
111935ms,111935,383.392,0.197452
111983ms,111983,384.192,0.197893
112015ms,112015,384.996,0.198276
112047ms,112047,385.787,0.198799
112079ms,112079,386.399,0.199229
112111ms,112111,386.424,0.199541
112143ms,112143,386.378,0.199464
112175ms,112175,386.290,0.199332
112207ms,112207,386.327,0.199350
112271ms,112271,386.308,0.199302
112303ms,112303,386.316,0.199346
112335ms,112335,386.282,0.199329
112383ms,112383,386.333,0.199334
112447ms,112447,386.305,0.199234
112479ms,112479,386.339,0.199338
112511ms,112511,386.553,0.199447
112543ms,112543,385.695,0.199365
112575ms,112575,384.326,0.198634
112607ms,112607,383.173,0.197998
112639ms,112639,381.833,0.197198
112671ms,112671,380.688,0.196642
112703ms,112703,379.569,0.196123
112735ms,112735,378.618,0.195685
112783ms,112783,378.096,0.195268
112815ms,112815,377.817,0.195703
112847ms,112847,377.025,0.194809
112879ms,112879,376.934,0.194960
112911ms,112911,377.065,0.194511
112943ms,112943,376.981,0.194733
112975ms,112975,376.956,0.194576
113007ms,113007,377.015,0.194474
113039ms,113039,377.070,0.194578
113071ms,113071,377.385,0.194314
113103ms,113103,377.604,0.194460
113135ms,113135,377.945,0.194658
113183ms,113183,378.384,0.194965
113215ms,113215,378.968,0.195111
113247ms,113247,379.445,0.195338
113279ms,113279,380.040,0.195638
113311ms,113311,380.726,0.196000
113343ms,113343,381.330,0.196336
113375ms,113375,382.013,0.196695
113407ms,113407,382.812,0.197115
113439ms,113439,383.369,0.197509
113471ms,113471,384.175,0.197884
113503ms,113503,385.003,0.198376
113535ms,113535,385.878,0.198870
113583ms,113583,386.356,0.199294
113615ms,113615,386.226,0.199459
113647ms,113647,386.312,0.199296
113679ms,113679,386.276,0.199322
113711ms,113711,386.301,0.199360
113743ms,113743,386.300,0.199308
113775ms,113775,386.272,0.199319
113807ms,113807,386.290,0.199389
113839ms,113839,386.272,0.199345
113871ms,113871,386.291,0.199285
113903ms,113903,386.298,0.199314
113967ms,113967,386.409,0.199244
114015ms,114015,386.376,0.199374
114047ms,114047,385.247,0.199150
114079ms,114079,383.964,0.198436
114111ms,114111,382.880,0.197594
114143ms,114143,381.675,0.197105
114175ms,114175,380.567,0.196655
114207ms,114207,379.492,0.195980
114239ms,114239,378.422,0.195666
114271ms,114271,377.960,0.195311
114303ms,114303,377.790,0.195667
114335ms,114335,376.866,0.194728
114367ms,114367,376.858,0.194956
114415ms,114415,377.081,0.194635
114447ms,114447,376.889,0.194604
114479ms,114479,376.997,0.194476
114511ms,114511,377.091,0.194428
114575ms,114575,377.421,0.194432
114671ms,114671,378.498,0.194937
114703ms,114703,379.082,0.195165
114735ms,114735,379.538,0.195358
114815ms,114815,380.756,0.196009
114847ms,114847,381.461,0.196354
114879ms,114879,382.106,0.196780
114911ms,114911,382.817,0.197134
114943ms,114943,383.609,0.197528
114975ms,114975,384.349,0.198059
115007ms,115007,385.299,0.198654
115039ms,115039,386.032,0.199150
115071ms,115071,386.431,0.199453
115103ms,115103,386.129,0.199278
115135ms,115135,386.301,0.199218
115183ms,115183,386.273,0.199324
115215ms,115215,386.256,0.199221
115247ms,115247,386.244,0.199246
115279ms,115279,386.241,0.199213
115311ms,115311,386.243,0.199247
115343ms,115343,386.281,0.199247
115375ms,115375,386.228,0.199230
115407ms,115407,386.262,0.199239
115439ms,115439,386.352,0.199208
115471ms,115471,386.369,0.199306
115503ms,115503,386.370,0.199478
115535ms,115535,385.168,0.199031
115583ms,115583,383.933,0.198197
115615ms,115615,382.610,0.197651
115647ms,115647,381.405,0.197013
115679ms,115679,380.314,0.196528
115711ms,115711,379.232,0.196140
115743ms,115743,378.261,0.195514
115775ms,115775,377.966,0.195249
115807ms,115807,377.522,0.195405
115839ms,115839,376.953,0.194766
115871ms,115871,377.059,0.194758
115903ms,115903,377.067,0.194495
115935ms,115935,376.952,0.194481
115967ms,115967,376.976,0.194413
116015ms,116015,377.010,0.194345
116047ms,116047,377.088,0.194325
116079ms,116079,377.349,0.194323
116111ms,116111,377.724,0.194654
116143ms,116143,378.119,0.194641
116175ms,116175,378.677,0.194916
116207ms,116207,379.184,0.195385
116239ms,116239,379.749,0.195560
116271ms,116271,380.330,0.195832
116303ms,116303,380.968,0.196132
116335ms,116335,381.612,0.196516
116367ms,116367,382.334,0.196892
116415ms,116415,383.079,0.197229
116447ms,116447,383.747,0.197629
116479ms,116479,384.547,0.198154
116511ms,116511,385.407,0.198722
116543ms,116543,386.198,0.199117
116575ms,116575,386.499,0.199400
116607ms,116607,386.211,0.199208
116639ms,116639,386.256,0.199298
116671ms,116671,386.216,0.199292
116703ms,116703,386.208,0.199160
116735ms,116735,386.210,0.199231
116767ms,116767,386.212,0.199239
116815ms,116815,386.267,0.199246
116847ms,116847,386.267,0.199253
116879ms,116879,386.260,0.199272
116911ms,116911,386.274,0.199165
116943ms,116943,386.321,0.199246
116975ms,116975,386.400,0.199249
117007ms,117007,386.311,0.199348
117039ms,117039,384.966,0.198830
117071ms,117071,383.768,0.198310
117103ms,117103,382.484,0.197534
117167ms,117167,380.166,0.196492
117215ms,117215,379.112,0.195918
117247ms,117247,378.210,0.195540
117279ms,117279,377.993,0.195511
117311ms,117311,377.471,0.195362
117343ms,117343,376.959,0.194845
117375ms,117375,376.961,0.194723
117407ms,117407,377.009,0.194468
117439ms,117439,377.015,0.194453
117471ms,117471,376.947,0.194353
117503ms,117503,377.016,0.194520
117535ms,117535,377.051,0.194401
117567ms,117567,377.421,0.194622
117615ms,117615,377.736,0.194528
117647ms,117647,378.172,0.194666
117679ms,117679,378.721,0.194975
117711ms,117711,379.245,0.195309
117775ms,117775,380.396,0.195803
117775ms,117775,380.396,0.195803
117839ms,117839,381.649,0.196551
117839ms,117839,381.649,0.196551
117903ms,117903,383.084,0.197397
117935ms,117935,383.846,0.197817
118015ms,118015,385.381,0.198731
118047ms,118047,386.113,0.199208
118079ms,118079,386.347,0.199452
118111ms,118111,386.214,0.199116
118143ms,118143,386.219,0.199251
118175ms,118175,386.200,0.199352
118207ms,118207,386.260,0.199338
118239ms,118239,386.228,0.199313
118271ms,118271,386.252,0.199330
118303ms,118303,386.207,0.199321
118335ms,118335,386.233,0.199318
118367ms,118367,386.226,0.199290
118415ms,118415,386.197,0.199258
118447ms,118447,386.282,0.199150
118479ms,118479,386.404,0.199389
118511ms,118511,386.086,0.199407
118543ms,118543,384.783,0.198867
118575ms,118575,383.500,0.198059
118607ms,118607,382.249,0.197525
118639ms,118639,381.063,0.196897
118671ms,118671,379.954,0.196326
118703ms,118703,378.949,0.195823
118735ms,118735,378.085,0.195187
118767ms,118767,377.933,0.195507
118815ms,118815,377.031,0.194901
118847ms,118847,377.100,0.194859
118879ms,118879,377.088,0.194722
118911ms,118911,377.021,0.194457
118943ms,118943,376.925,0.194417
118975ms,118975,377.038,0.194543
119007ms,119007,377.000,0.194387
119039ms,119039,377.256,0.194359
119071ms,119071,377.507,0.194546
119103ms,119103,377.787,0.194700
119135ms,119135,378.264,0.194773
119167ms,119167,378.699,0.194980
119199ms,119199,379.198,0.195313
119247ms,119247,379.851,0.195556
119279ms,119279,380.347,0.195817
119311ms,119311,381.054,0.196127
119343ms,119343,381.690,0.196483
119375ms,119375,382.480,0.196950
119407ms,119407,383.172,0.197505
119439ms,119439,383.965,0.197928
119471ms,119471,384.733,0.198226
119503ms,119503,385.584,0.198734
119535ms,119535,386.262,0.199256
119567ms,119567,386.357,0.199442
119599ms,119599,386.291,0.199347
119647ms,119647,386.312,0.199355
119679ms,119679,386.300,0.199311
119711ms,119711,386.316,0.199282
119775ms,119775,386.329,0.199228
119807ms,119807,386.341,0.199280
119839ms,119839,386.352,0.199295
119871ms,119871,386.291,0.199235
119903ms,119903,386.320,0.199254
119935ms,119935,386.409,0.199319
119967ms,119967,386.592,0.199534
119999ms,119999,385.720,0.199206
120047ms,120047,384.417,0.198585
120079ms,120079,383.231,0.197880
120111ms,120111,382.031,0.197342
120143ms,120143,380.908,0.196900
120175ms,120175,379.843,0.196266
120207ms,120207,378.736,0.195825
120239ms,120239,378.117,0.195471
120271ms,120271,377.934,0.195601
120303ms,120303,377.020,0.194872
120335ms,120335,377.008,0.194958
120367ms,120367,377.108,0.194668
120399ms,120399,377.042,0.194525
120447ms,120447,377.076,0.194587
120479ms,120479,377.081,0.194550
120511ms,120511,377.021,0.194382
120543ms,120543,377.264,0.194330
120575ms,120575,377.646,0.194523
120607ms,120607,377.958,0.194575
120639ms,120639,378.353,0.194778
120671ms,120671,378.836,0.195148
120703ms,120703,379.369,0.195305
120735ms,120735,379.876,0.195649
120767ms,120767,380.536,0.195897
120799ms,120799,381.237,0.196224
120847ms,120847,381.879,0.196623
120911ms,120911,383.296,0.197462
120943ms,120943,384.087,0.197865
120975ms,120975,384.868,0.198373
121007ms,121007,385.651,0.198806
121039ms,121039,386.393,0.199293
121071ms,121071,386.425,0.199502
121103ms,121103,386.349,0.199303
121135ms,121135,386.346,0.199220
121167ms,121167,386.324,0.199263
121199ms,121199,386.321,0.199307
121247ms,121247,386.294,0.199247
121279ms,121279,386.324,0.199315
121311ms,121311,386.339,0.199254
121343ms,121343,386.318,0.199279
121375ms,121375,386.308,0.199266
121407ms,121407,386.387,0.199209
121439ms,121439,386.416,0.199287
121471ms,121471,386.652,0.199393
121503ms,121503,385.841,0.199246
121535ms,121535,384.457,0.198577
121567ms,121567,383.190,0.197921
121647ms,121647,380.856,0.196910
121679ms,121679,379.692,0.196213
121711ms,121711,378.711,0.195647
121743ms,121743,378.117,0.195200
121775ms,121775,377.923,0.195587
121807ms,121807,376.982,0.194921
121839ms,121839,376.962,0.194897
121871ms,121871,377.153,0.194487
121935ms,121935,376.990,0.194621
121967ms,121967,377.069,0.194531
121999ms,121999,377.066,0.194266
122047ms,122047,377.344,0.194361
122079ms,122079,377.597,0.194474
122111ms,122111,377.917,0.194544
122143ms,122143,378.388,0.194966
122175ms,122175,379.003,0.195103
122207ms,122207,379.413,0.195340
122239ms,122239,380.005,0.195828
122271ms,122271,380.724,0.196038
122303ms,122303,381.275,0.196467
122335ms,122335,381.965,0.196676
122367ms,122367,382.737,0.197004
122399ms,122399,383.453,0.197552
122447ms,122447,384.235,0.197918
122479ms,122479,385.000,0.198336
122543ms,122543,386.470,0.199307
122575ms,122575,386.300,0.199379
122607ms,122607,386.363,0.199343
122639ms,122639,386.301,0.199387
122671ms,122671,386.299,0.199281
122703ms,122703,386.316,0.199323
122735ms,122735,386.329,0.199371
122767ms,122767,386.308,0.199271
122799ms,122799,386.305,0.199265
122847ms,122847,386.328,0.199274
122879ms,122879,386.289,0.199225
122911ms,122911,386.340,0.199326
122943ms,122943,386.459,0.199330
122975ms,122975,386.515,0.199459
123007ms,123007,385.408,0.199082
123039ms,123039,384.071,0.198504
123071ms,123071,382.862,0.197779
123103ms,123103,381.619,0.197167
123135ms,123135,380.368,0.196626
123167ms,123167,379.372,0.196028
123199ms,123199,378.365,0.195496
123247ms,123247,378.026,0.195447
123279ms,123279,377.630,0.195551
123311ms,123311,376.988,0.194846
123343ms,123343,376.966,0.194632
123375ms,123375,377.064,0.194489
123407ms,123407,376.948,0.194502
123439ms,123439,376.997,0.194447
123471ms,123471,377.031,0.194217
123503ms,123503,377.101,0.194487
123535ms,123535,377.446,0.194254
123567ms,123567,377.702,0.194533
123599ms,123599,378.032,0.194720
123647ms,123647,378.579,0.195036
123679ms,123679,379.134,0.195277
123711ms,123711,379.718,0.195413
123743ms,123743,380.272,0.195809
123775ms,123775,380.994,0.196151
123807ms,123807,381.618,0.196428
123839ms,123839,382.280,0.196832
123871ms,123871,382.949,0.197198
123903ms,123903,383.749,0.197562
123935ms,123935,384.506,0.198058
123967ms,123967,385.410,0.198625
123999ms,123999,386.149,0.199088
124031ms,124031,386.493,0.199438
124079ms,124079,386.242,0.199295
124111ms,124111,386.393,0.199383
124143ms,124143,386.408,0.199323
124175ms,124175,386.382,0.199354
124207ms,124207,386.402,0.199327
124239ms,124239,386.422,0.199329
124271ms,124271,386.416,0.199411
124303ms,124303,386.409,0.199335
124335ms,124335,386.404,0.199307
124367ms,124367,386.444,0.199267
124431ms,124431,386.577,0.199385
124479ms,124479,386.284,0.199495
124543ms,124543,383.744,0.198145
124575ms,124575,382.512,0.197639
124607ms,124607,381.265,0.197036
124639ms,124639,380.171,0.196481
124671ms,124671,379.168,0.195934
124703ms,124703,378.234,0.195427
124735ms,124735,378.008,0.195360
124767ms,124767,377.498,0.195479
124799ms,124799,376.937,0.194863
124831ms,124831,376.970,0.194776
124879ms,124879,377.086,0.194635
124911ms,124911,377.085,0.194450
124943ms,124943,376.887,0.194336
124975ms,124975,376.965,0.194576
125007ms,125007,377.130,0.194270
125039ms,125039,377.527,0.194484
125071ms,125071,377.713,0.194490
125103ms,125103,378.311,0.194728
125135ms,125135,378.763,0.195050
125167ms,125167,379.284,0.195334
125199ms,125199,379.813,0.195519
125231ms,125231,380.456,0.195884
125279ms,125279,381.231,0.196253
125311ms,125311,381.811,0.196665
125343ms,125343,382.603,0.196991
125375ms,125375,383.212,0.197455
125407ms,125407,383.991,0.197781
125439ms,125439,384.839,0.198256
125471ms,125471,385.636,0.198658
125503ms,125503,386.340,0.199270
125535ms,125535,386.386,0.199419
125567ms,125567,386.385,0.199336
125599ms,125599,386.371,0.199275
125631ms,125631,386.369,0.199293
125679ms,125679,386.437,0.199384
125711ms,125711,386.400,0.199254
125743ms,125743,386.416,0.199336
125775ms,125775,386.416,0.199436
125839ms,125839,386.438,0.199375
125871ms,125871,386.398,0.199291
125903ms,125903,386.453,0.199315
125935ms,125935,386.623,0.199495
125967ms,125967,385.937,0.199282
125999ms,125999,384.485,0.198597
126031ms,126031,383.274,0.198005
126079ms,126079,382.080,0.197446
126111ms,126111,380.849,0.196887
126175ms,126175,378.803,0.195665
126239ms,126239,377.924,0.195497
126271ms,126271,376.964,0.194886
126303ms,126303,377.131,0.194836
126335ms,126335,377.098,0.194622
126367ms,126367,377.021,0.194553
126399ms,126399,377.036,0.194517
126431ms,126431,377.074,0.194378
126479ms,126479,376.984,0.194520
126511ms,126511,377.173,0.194334
126543ms,126543,377.511,0.194375
126575ms,126575,377.866,0.194659
126607ms,126607,378.225,0.194782
126639ms,126639,378.886,0.195000
126671ms,126671,379.324,0.195294
126703ms,126703,379.863,0.195542
126735ms,126735,380.478,0.195835
126767ms,126767,381.190,0.196243
126799ms,126799,381.677,0.196432
126831ms,126831,382.444,0.196852
126879ms,126879,383.158,0.197356
126911ms,126911,383.859,0.197778
126943ms,126943,384.668,0.198181
126975ms,126975,385.530,0.198777
127007ms,127007,386.250,0.199187
127039ms,127039,386.391,0.199417
127071ms,127071,386.225,0.199300
127103ms,127103,386.306,0.199286
127135ms,127135,386.311,0.199291
127167ms,127167,386.275,0.199302
127199ms,127199,386.282,0.199252
127231ms,127231,386.297,0.199236
127279ms,127279,386.308,0.199285
127311ms,127311,386.328,0.199320
127343ms,127343,386.336,0.199342
127407ms,127407,386.371,0.199220
127439ms,127439,386.529,0.199448
127471ms,127471,385.929,0.199338
127503ms,127503,384.600,0.198735
127535ms,127535,383.387,0.198043
127567ms,127567,382.203,0.197421
127599ms,127599,380.923,0.196946
127631ms,127631,379.807,0.196341
127679ms,127679,378.751,0.195730
127711ms,127711,378.093,0.195348
127743ms,127743,377.964,0.195623
127775ms,127775,377.040,0.194846
127807ms,127807,376.921,0.194974
127839ms,127839,377.065,0.194620
127871ms,127871,377.019,0.194472
127903ms,127903,376.926,0.194534
127935ms,127935,377.038,0.194422
127967ms,127967,377.074,0.194401
127999ms,127999,377.268,0.194345
128031ms,128031,377.455,0.194553
128079ms,128079,377.886,0.194508
128111ms,128111,378.368,0.194801
128143ms,128143,378.916,0.195114
128175ms,128175,379.449,0.195281
128207ms,128207,379.922,0.195644
128239ms,128239,380.734,0.195967
128271ms,128271,381.367,0.196322
128303ms,128303,381.899,0.196790
128335ms,128335,382.677,0.197174
128367ms,128367,383.367,0.197434
128399ms,128399,384.224,0.197933
128431ms,128431,384.965,0.198409
128479ms,128479,385.713,0.198856
128511ms,128511,386.430,0.199294
128543ms,128543,386.287,0.199433
128575ms,128575,386.369,0.199239
128607ms,128607,386.348,0.199317
128639ms,128639,386.310,0.199314
128671ms,128671,386.294,0.199312
128703ms,128703,386.314,0.199299
128735ms,128735,386.292,0.199358
128767ms,128767,386.309,0.199319
128799ms,128799,386.300,0.199342
128831ms,128831,386.287,0.199372
128863ms,128863,386.303,0.199205
128911ms,128911,386.361,0.199235
128943ms,128943,386.576,0.199405
128975ms,128975,385.539,0.199224
129039ms,129039,383.034,0.197847
129071ms,129071,381.841,0.197194
129103ms,129103,380.562,0.196691
129167ms,129167,378.592,0.195519
129199ms,129199,377.966,0.195299
129231ms,129231,377.828,0.195582
129263ms,129263,376.908,0.194772
129343ms,129343,377.142,0.194678
129375ms,129375,377.006,0.194676
129407ms,129407,376.925,0.194418
129439ms,129439,376.990,0.194270
129471ms,129471,377.164,0.194515
129503ms,129503,377.437,0.194416
129535ms,129535,377.557,0.194570
129567ms,129567,378.017,0.194670
129599ms,129599,378.439,0.194829
129631ms,129631,378.978,0.195201
129663ms,129663,379.475,0.195330
129743ms,129743,380.742,0.196028
129775ms,129775,381.272,0.196492
129839ms,129839,382.678,0.197127
129871ms,129871,383.370,0.197315
129903ms,129903,384.238,0.197770
129935ms,129935,385.019,0.198361
129967ms,129967,385.794,0.198770
129999ms,129999,386.316,0.199321
130031ms,130031,386.308,0.199393
130079ms,130079,386.328,0.199274
130111ms,130111,386.299,0.199316
130143ms,130143,386.369,0.199387
130175ms,130175,386.307,0.199246
130207ms,130207,386.297,0.199265
130239ms,130239,386.323,0.199311
130271ms,130271,386.341,0.199281
130303ms,130303,386.319,0.199251
130335ms,130335,386.367,0.199228
130367ms,130367,386.345,0.199350
130399ms,130399,386.395,0.199278
130431ms,130431,386.534,0.199458
130479ms,130479,385.484,0.199202
130511ms,130511,384.237,0.198550
130543ms,130543,383.008,0.197788
130575ms,130575,381.709,0.197326
130607ms,130607,380.567,0.196719
130639ms,130639,379.486,0.196004
130671ms,130671,378.567,0.195630
130703ms,130703,377.924,0.195311
130735ms,130735,377.802,0.195813
130767ms,130767,376.937,0.194803
130799ms,130799,377.058,0.194920
130831ms,130831,377.138,0.194423
130863ms,130863,376.849,0.194558
130911ms,130911,376.933,0.194463
130943ms,130943,377.007,0.194498
130975ms,130975,377.105,0.194446
131007ms,131007,377.308,0.194418
131039ms,131039,377.671,0.194420
131071ms,131071,378.004,0.194747
131103ms,131103,378.574,0.194901
131135ms,131135,379.152,0.195140
131167ms,131167,379.526,0.195398
131199ms,131199,380.136,0.195743
131231ms,131231,380.829,0.196101
131263ms,131263,381.459,0.196350
131311ms,131311,382.143,0.196646
131343ms,131343,382.854,0.197174
131375ms,131375,383.506,0.197556
131439ms,131439,385.200,0.198510
131471ms,131471,385.839,0.198960
131503ms,131503,386.508,0.199409
131535ms,131535,386.304,0.199350
131567ms,131567,386.370,0.199287
131599ms,131599,386.272,0.199293
131631ms,131631,386.355,0.199345
131663ms,131663,386.329,0.199315
131711ms,131711,386.300,0.199292
131743ms,131743,386.325,0.199300
131775ms,131775,386.306,0.199270
131807ms,131807,386.299,0.199244
131839ms,131839,386.314,0.199296
131871ms,131871,386.319,0.199270
131903ms,131903,386.404,0.199208
131935ms,131935,386.430,0.199444
131967ms,131967,385.280,0.199111
131999ms,131999,383.973,0.198460
132031ms,132031,382.805,0.197705
132063ms,132063,381.484,0.197255
132111ms,132111,380.437,0.196679
132143ms,132143,379.356,0.195992
132175ms,132175,378.496,0.195671
132207ms,132207,378.073,0.195373
132239ms,132239,377.672,0.195568
132303ms,132303,377.023,0.194815
132335ms,132335,377.075,0.194444
132367ms,132367,376.967,0.194469
132399ms,132399,376.962,0.194468
132431ms,132431,377.014,0.194417
132463ms,132463,377.110,0.194496
132511ms,132511,377.447,0.194445
132543ms,132543,377.651,0.194498
132575ms,132575,378.085,0.194744
132607ms,132607,378.556,0.194824
132639ms,132639,379.044,0.195177
132671ms,132671,379.587,0.195391
132703ms,132703,380.167,0.195757
132735ms,132735,380.796,0.195970
132767ms,132767,381.501,0.196378
132799ms,132799,382.140,0.196810
132831ms,132831,382.856,0.197211
132863ms,132863,383.632,0.197528
132911ms,132911,384.408,0.198063
132943ms,132943,385.268,0.198600
132975ms,132975,385.994,0.198992
133039ms,133039,386.262,0.199275
133071ms,133071,386.388,0.199357
133103ms,133103,386.383,0.199340
133135ms,133135,386.387,0.199308
133167ms,133167,386.380,0.199380
133199ms,133199,386.377,0.199311
133231ms,133231,386.346,0.199251
133263ms,133263,386.354,0.199239
133311ms,133311,386.351,0.199343
133343ms,133343,386.401,0.199291
133375ms,133375,386.371,0.199236
133407ms,133407,386.466,0.199306
133439ms,133439,386.362,0.199432
133471ms,133471,385.022,0.198969
133503ms,133503,383.843,0.198399
133535ms,133535,382.583,0.197434
133567ms,133567,381.368,0.197153
133599ms,133599,380.179,0.196488
133631ms,133631,379.195,0.195843
133663ms,133663,378.224,0.195562
133711ms,133711,377.886,0.195575
133743ms,133743,377.375,0.195392
133775ms,133775,376.908,0.194817
133807ms,133807,377.023,0.194611
133839ms,133839,377.101,0.194389
133871ms,133871,377.090,0.194375
133903ms,133903,376.945,0.194434
133935ms,133935,376.991,0.194462
133967ms,133967,377.207,0.194386
133999ms,133999,377.544,0.194426
134031ms,134031,377.735,0.194541
134063ms,134063,378.259,0.194762
134095ms,134095,378.784,0.195068
134143ms,134143,379.307,0.195275
134175ms,134175,379.799,0.195507
134207ms,134207,380.469,0.196021
134239ms,134239,381.150,0.196227
134271ms,134271,381.814,0.196624
134303ms,134303,382.544,0.197034
134335ms,134335,383.190,0.197499
134367ms,134367,383.976,0.197825
134399ms,134399,384.786,0.198213
134431ms,134431,385.589,0.198701
134463ms,134463,386.274,0.199214
134495ms,134495,386.384,0.199465
134575ms,134575,386.265,0.199310
134607ms,134607,386.294,0.199346
134639ms,134639,386.322,0.199262
134671ms,134671,386.288,0.199263
134703ms,134703,386.306,0.199210
134735ms,134735,386.330,0.199289
134767ms,134767,386.281,0.199269
134799ms,134799,386.298,0.199304
134831ms,134831,386.252,0.199244
134863ms,134863,386.315,0.199230
134895ms,134895,386.489,0.199461
134975ms,134975,384.423,0.198634
135007ms,135007,383.172,0.197995
135039ms,135039,382.023,0.197326
135071ms,135071,380.786,0.196980
135103ms,135103,379.664,0.196131
135135ms,135135,378.684,0.195657
135167ms,135167,378.127,0.195225
135199ms,135199,377.946,0.195612
135231ms,135231,376.995,0.194824
135263ms,135263,376.977,0.194878
135295ms,135295,377.126,0.194511
135343ms,135343,376.968,0.194442
135375ms,135375,376.991,0.194669
135407ms,135407,377.027,0.194519
135439ms,135439,377.076,0.194503
135471ms,135471,377.251,0.194307
135503ms,135503,377.491,0.194533
135535ms,135535,377.915,0.194546
135567ms,135567,378.356,0.194831
135599ms,135599,378.966,0.195079
135631ms,135631,379.423,0.195323
135663ms,135663,380.013,0.195722
135695ms,135695,380.757,0.196042
135743ms,135743,381.391,0.196274
135775ms,135775,382.076,0.196821
135807ms,135807,382.744,0.197041
135839ms,135839,383.458,0.197478
135871ms,135871,384.273,0.197963
135903ms,135903,385.047,0.198465
135935ms,135935,385.847,0.198759
135967ms,135967,386.489,0.199423
135999ms,135999,386.244,0.199479
136031ms,136031,386.418,0.199293
136063ms,136063,386.428,0.199475
136095ms,136095,386.404,0.199313
136175ms,136175,386.378,0.199317
136207ms,136207,386.394,0.199310
136239ms,136239,386.398,0.199352
136271ms,136271,386.378,0.199329
136335ms,136335,386.360,0.199239
136399ms,136399,386.471,0.199387
136431ms,136431,385.183,0.199020
136463ms,136463,383.971,0.198364
136495ms,136495,382.759,0.197654
136543ms,136543,381.447,0.197168
136575ms,136575,380.287,0.196618
136607ms,136607,379.227,0.195979
136639ms,136639,378.357,0.195545
136671ms,136671,377.977,0.195292
136703ms,136703,377.531,0.195401
136735ms,136735,376.925,0.194749
136767ms,136767,376.994,0.194862
136799ms,136799,377.105,0.194499
136831ms,136831,376.995,0.194375
136863ms,136863,377.006,0.194488
136895ms,136895,377.038,0.194369
136943ms,136943,377.094,0.194303
136975ms,136975,377.421,0.194478
137007ms,137007,377.691,0.194547
137039ms,137039,378.171,0.194623
137071ms,137071,378.675,0.194953
137103ms,137103,379.223,0.195098
137135ms,137135,379.811,0.195561
137167ms,137167,380.318,0.195757
137199ms,137199,380.994,0.196072
137231ms,137231,381.680,0.196507
137263ms,137263,382.404,0.196882
137295ms,137295,383.060,0.197291
137343ms,137343,383.809,0.197735
137343ms,137343,383.809,0.197735
137375ms,137375,384.608,0.198111
137407ms,137407,385.463,0.198678
137439ms,137439,386.217,0.199165
137471ms,137471,386.461,0.199485
137503ms,137503,386.354,0.199259
137535ms,137535,386.420,0.199355
137599ms,137599,386.421,0.199355
137631ms,137631,386.327,0.199270
137695ms,137695,386.365,0.199383
137743ms,137743,386.384,0.199355
137775ms,137775,386.405,0.199358
137807ms,137807,386.367,0.199293
137839ms,137839,386.390,0.199288
137871ms,137871,386.618,0.199433
137903ms,137903,385.903,0.199375
137935ms,137935,384.604,0.198649
137967ms,137967,383.475,0.197910
137999ms,137999,382.215,0.197555
138031ms,138031,381.053,0.196885
138063ms,138063,379.907,0.196332
138095ms,138095,378.932,0.195785
138175ms,138175,378.016,0.195626
138207ms,138207,377.074,0.194994
138239ms,138239,377.090,0.194773
138303ms,138303,377.014,0.194400
138335ms,138335,376.935,0.194381
138367ms,138367,376.950,0.194432
138399ms,138399,376.989,0.194292
138431ms,138431,377.240,0.194322
138463ms,138463,377.493,0.194386
138543ms,138543,378.283,0.194853
138575ms,138575,378.829,0.195002
138607ms,138607,379.325,0.195374
138639ms,138639,379.840,0.195557
138671ms,138671,380.431,0.195866
138703ms,138703,381.201,0.196287
138735ms,138735,381.849,0.196636
138767ms,138767,382.591,0.197063
138799ms,138799,383.222,0.197367
138831ms,138831,384.008,0.197865
138863ms,138863,384.890,0.198175
138895ms,138895,385.680,0.198786
138943ms,138943,386.393,0.199185
138975ms,138975,386.405,0.199375
139007ms,139007,386.384,0.199362
139039ms,139039,386.423,0.199347
139071ms,139071,386.433,0.199382
139103ms,139103,386.399,0.199424
139135ms,139135,386.398,0.199339
139167ms,139167,386.448,0.199252
139199ms,139199,386.460,0.199323
139231ms,139231,386.311,0.199303
139263ms,139263,386.467,0.199314
139295ms,139295,386.379,0.199323
139343ms,139343,386.461,0.199317
139375ms,139375,386.636,0.199507
139407ms,139407,385.840,0.199220
139439ms,139439,384.533,0.198587
139471ms,139471,383.303,0.198031
139503ms,139503,382.076,0.197522
139535ms,139535,380.846,0.196815
139567ms,139567,379.859,0.196388
139599ms,139599,378.744,0.195729
139631ms,139631,378.150,0.195250
139663ms,139663,377.819,0.195530
139695ms,139695,376.959,0.194966
139727ms,139727,377.001,0.194985
139775ms,139775,377.108,0.194597
139807ms,139807,376.941,0.194621
139839ms,139839,376.971,0.194537
139871ms,139871,376.997,0.194414
139903ms,139903,377.153,0.194429
139967ms,139967,377.587,0.194566
139999ms,139999,378.050,0.194680
140031ms,140031,378.504,0.194888
140063ms,140063,379.087,0.195188
140095ms,140095,379.565,0.195398
140127ms,140127,380.179,0.195863
140175ms,140175,380.820,0.196055
140207ms,140207,381.521,0.196478
140239ms,140239,382.199,0.196769
140271ms,140271,382.846,0.197099
140303ms,140303,383.576,0.197479
140335ms,140335,384.347,0.198000
140367ms,140367,385.217,0.198587
140399ms,140399,385.992,0.198938
140431ms,140431,386.513,0.199421
140463ms,140463,386.222,0.199417
140495ms,140495,386.373,0.199320
140527ms,140527,386.363,0.199355
140575ms,140575,386.340,0.199375
140607ms,140607,386.398,0.199299
140639ms,140639,386.427,0.199323
140671ms,140671,386.364,0.199391
140703ms,140703,386.466,0.199304
140735ms,140735,386.454,0.199340
140767ms,140767,386.348,0.199329
140799ms,140799,386.418,0.199327
140831ms,140831,386.494,0.199380
140863ms,140863,386.243,0.199368
140895ms,140895,384.930,0.198865
140975ms,140975,382.553,0.197441
141007ms,141007,381.279,0.197017
141039ms,141039,380.114,0.196497
141071ms,141071,378.987,0.195779
141103ms,141103,378.161,0.195388
141135ms,141135,377.952,0.195283
141167ms,141167,377.385,0.195081
141199ms,141199,376.988,0.194942
141263ms,141263,376.972,0.194497
141295ms,141295,376.977,0.194662
141327ms,141327,376.946,0.194481
141375ms,141375,377.072,0.194492
141407ms,141407,377.183,0.194341
141439ms,141439,377.540,0.194448
141471ms,141471,377.726,0.194522
141503ms,141503,378.229,0.194754
141535ms,141535,378.766,0.194979
141567ms,141567,379.287,0.195347
141599ms,141599,379.823,0.195686
141631ms,141631,380.373,0.195696
141663ms,141663,381.074,0.196128
141695ms,141695,381.689,0.196528
141727ms,141727,382.555,0.196939
141775ms,141775,383.136,0.197408
141807ms,141807,383.927,0.197727
141871ms,141871,385.601,0.198724
141903ms,141903,386.315,0.199117
141935ms,141935,386.472,0.199397
141967ms,141967,386.357,0.199271
142031ms,142031,386.477,0.199315
142063ms,142063,386.468,0.199345
142095ms,142095,386.432,0.199332
142127ms,142127,386.409,0.199310
142175ms,142175,386.367,0.199268
142207ms,142207,386.393,0.199415
142239ms,142239,386.403,0.199366
142271ms,142271,386.395,0.199349
142303ms,142303,386.379,0.199254
142335ms,142335,386.527,0.199406
142367ms,142367,386.013,0.199382
142399ms,142399,384.698,0.198762
142431ms,142431,383.489,0.198076
142463ms,142463,382.305,0.197465
142495ms,142495,381.006,0.196837
142527ms,142527,379.856,0.196447
142575ms,142575,378.901,0.195933
142607ms,142607,378.094,0.195251
142639ms,142639,377.963,0.195511
142671ms,142671,377.180,0.195005
142703ms,142703,376.970,0.194951
142735ms,142735,377.061,0.194632
142767ms,142767,376.985,0.194568
142799ms,142799,377.032,0.194283
142831ms,142831,376.990,0.194341
142863ms,142863,377.071,0.194456
142895ms,142895,377.097,0.194275
142927ms,142927,377.469,0.194471
142975ms,142975,377.829,0.194597
143007ms,143007,378.145,0.194692
143039ms,143039,378.756,0.194966
143071ms,143071,379.244,0.195345
143103ms,143103,379.769,0.195540
143135ms,143135,380.471,0.195701
143199ms,143199,381.794,0.196635
143231ms,143231,382.498,0.196881
143263ms,143263,383.179,0.197369
143295ms,143295,383.904,0.197731
143375ms,143375,385.574,0.198677
143407ms,143407,386.219,0.199202
143439ms,143439,386.508,0.199466
143471ms,143471,386.352,0.199278
143503ms,143503,386.295,0.199284
143535ms,143535,386.406,0.199287
143567ms,143567,386.446,0.199265
143599ms,143599,386.332,0.199262
143631ms,143631,386.401,0.199303
143663ms,143663,386.430,0.199156
143695ms,143695,386.329,0.199259
143727ms,143727,386.310,0.199246
143775ms,143775,386.481,0.199300
143807ms,143807,386.402,0.199179
143839ms,143839,386.567,0.199510
143871ms,143871,385.866,0.199370
143903ms,143903,384.584,0.198687
143935ms,143935,383.429,0.198039
143967ms,143967,382.129,0.197548
143999ms,143999,381.037,0.196886
144031ms,144031,379.876,0.196321
144063ms,144063,378.957,0.195894
144095ms,144095,378.143,0.195350
144127ms,144127,378.001,0.195492
144175ms,144175,377.093,0.195018
144207ms,144207,376.986,0.194942
144239ms,144239,377.036,0.194571
144271ms,144271,376.967,0.194607
144303ms,144303,377.056,0.194350
144335ms,144335,376.971,0.194235
144367ms,144367,377.018,0.194519
144399ms,144399,377.261,0.194459
144431ms,144431,377.564,0.194526
144463ms,144463,377.826,0.194548
144527ms,144527,378.846,0.194942
144559ms,144559,379.367,0.195190
144607ms,144607,379.934,0.195551
144639ms,144639,380.554,0.196042
144703ms,144703,381.870,0.196627
144735ms,144735,382.553,0.196981
144767ms,144767,383.209,0.197458
144799ms,144799,384.079,0.197891
144831ms,144831,384.961,0.198353
144863ms,144863,385.715,0.198817
144895ms,144895,386.364,0.199252
144927ms,144927,386.463,0.199429
144975ms,144975,386.449,0.199408
145007ms,145007,386.382,0.199333
145039ms,145039,386.397,0.199214
145071ms,145071,386.378,0.199301
145103ms,145103,386.368,0.199301
145135ms,145135,386.361,0.199230
145167ms,145167,386.321,0.199288
145199ms,145199,386.390,0.199218
145231ms,145231,386.401,0.199233
145263ms,145263,386.332,0.199323
145295ms,145295,386.439,0.199289
145327ms,145327,386.547,0.199334
145359ms,145359,385.596,0.199266
145407ms,145407,384.322,0.198569
145439ms,145439,383.143,0.197826
145471ms,145471,381.967,0.197163
145503ms,145503,380.733,0.196845
145535ms,145535,379.658,0.196117
145567ms,145567,378.714,0.195552
145599ms,145599,378.053,0.195298
145631ms,145631,377.775,0.195661
145663ms,145663,376.951,0.194926
145695ms,145695,376.991,0.194929
145727ms,145727,377.120,0.194672
145759ms,145759,377.008,0.194620
145807ms,145807,376.941,0.194450
145839ms,145839,377.068,0.194324
145871ms,145871,377.113,0.194465
145903ms,145903,377.394,0.194365
145935ms,145935,377.611,0.194463
145967ms,145967,377.916,0.194611
145999ms,145999,378.366,0.194856
146031ms,146031,379.002,0.195035
146063ms,146063,379.494,0.195352
146095ms,146095,380.123,0.195667
146127ms,146127,380.766,0.196145
146159ms,146159,381.317,0.196282
146207ms,146207,382.060,0.196780
146239ms,146239,382.853,0.197188
146271ms,146271,383.570,0.197516
146303ms,146303,384.391,0.197992
146335ms,146335,385.140,0.198501
146367ms,146367,385.883,0.198828
146399ms,146399,386.490,0.199424
146431ms,146431,386.186,0.199418
146463ms,146463,386.357,0.199295
146495ms,146495,386.382,0.199342
146527ms,146527,386.341,0.199357
146559ms,146559,386.344,0.199288
146639ms,146639,386.401,0.199282
146671ms,146671,386.361,0.199296
146735ms,146735,386.336,0.199352
146799ms,146799,386.366,0.199208
146831ms,146831,386.532,0.199370
146863ms,146863,385.422,0.199139
146895ms,146895,384.173,0.198491
146927ms,146927,383.113,0.197852
146959ms,146959,381.924,0.197297
147007ms,147007,380.743,0.196704
147039ms,147039,379.635,0.196128
147071ms,147071,378.603,0.195723
147103ms,147103,378.091,0.195263
147135ms,147135,377.996,0.195619
147167ms,147167,377.014,0.194820
147199ms,147199,376.959,0.194789
147231ms,147231,377.123,0.194574
147263ms,147263,376.995,0.194604
147295ms,147295,376.941,0.194477
147327ms,147327,376.994,0.194430
147407ms,147407,377.374,0.194409
147439ms,147439,377.627,0.194493
147503ms,147503,378.432,0.194802
147535ms,147535,378.961,0.195031
147567ms,147567,379.463,0.195232
147599ms,147599,380.086,0.195755
147631ms,147631,380.727,0.195941
147663ms,147663,381.398,0.196447
147695ms,147695,382.148,0.196705
147727ms,147727,382.798,0.197127
147759ms,147759,383.527,0.197573
147807ms,147807,384.317,0.197931
147839ms,147839,385.129,0.198528
147871ms,147871,385.837,0.198919
147903ms,147903,386.423,0.199417
147935ms,147935,386.171,0.199333
147967ms,147967,386.333,0.199343
147999ms,147999,386.345,0.199390
148031ms,148031,386.351,0.199339
148063ms,148063,386.357,0.199275
148095ms,148095,386.357,0.199276
148127ms,148127,386.339,0.199252
148159ms,148159,386.394,0.199285
148207ms,148207,386.325,0.199219
148239ms,148239,386.364,0.199225
148271ms,148271,386.320,0.199281
148303ms,148303,386.422,0.199281
148335ms,148335,386.307,0.199339
148367ms,148367,385.087,0.199018
148399ms,148399,383.790,0.198340
148431ms,148431,382.574,0.197647
148463ms,148463,381.362,0.197144
148495ms,148495,380.194,0.196582
148527ms,148527,379.080,0.196014
148559ms,148559,378.241,0.195628
148607ms,148607,377.982,0.195306
148639ms,148639,377.386,0.195193
148671ms,148671,377.025,0.194895
148703ms,148703,377.068,0.194705
148735ms,148735,376.973,0.194565
148767ms,148767,377.027,0.194500
148799ms,148799,376.870,0.194460
148831ms,148831,377.044,0.194539
148863ms,148863,377.190,0.194428
148895ms,148895,377.437,0.194491
148927ms,148927,377.766,0.194525
148959ms,148959,378.192,0.194714
148991ms,148991,378.698,0.194958
149039ms,149039,379.268,0.195244
149071ms,149071,379.845,0.195448
149103ms,149103,380.440,0.195702
149135ms,149135,381.044,0.196168
149167ms,149167,381.655,0.196462
149199ms,149199,382.480,0.196979
149231ms,149231,383.069,0.197308
149263ms,149263,383.875,0.197724
149295ms,149295,384.791,0.198228
149327ms,149327,385.539,0.198768
149359ms,149359,386.276,0.199083
149391ms,149391,386.516,0.199486
149439ms,149439,386.381,0.199331
149471ms,149471,386.446,0.199269
149503ms,149503,386.466,0.199339
149567ms,149567,386.460,0.199353
149599ms,149599,386.460,0.199311
149631ms,149631,386.449,0.199262
149663ms,149663,386.470,0.199309
149695ms,149695,386.471,0.199310
149727ms,149727,386.463,0.199328
149759ms,149759,386.472,0.199297
149791ms,149791,386.658,0.199509
149839ms,149839,385.889,0.199318
149871ms,149871,384.545,0.198772
149903ms,149903,383.332,0.197863
149935ms,149935,382.232,0.197404
149967ms,149967,380.906,0.197008
149999ms,149999,379.847,0.196123
150031ms,150031,378.770,0.195726
150095ms,150095,377.875,0.195644
150127ms,150127,377.165,0.194893
150159ms,150159,376.924,0.195025
150191ms,150191,377.057,0.194586
150239ms,150239,377.011,0.194596
150271ms,150271,376.956,0.194593
150303ms,150303,376.983,0.194465
150335ms,150335,377.034,0.194393
150399ms,150399,377.635,0.194673
150431ms,150431,377.931,0.194694
150463ms,150463,378.474,0.194770
150495ms,150495,378.986,0.195120
150559ms,150559,379.909,0.195563
150591ms,150591,380.611,0.195876
150639ms,150639,381.259,0.196266
150671ms,150671,381.960,0.196692
150703ms,150703,382.649,0.197108
150735ms,150735,383.445,0.197365
150767ms,150767,384.191,0.197855
150799ms,150799,384.920,0.198389
150831ms,150831,385.756,0.198815
150863ms,150863,386.406,0.199239
150895ms,150895,386.379,0.199431
150927ms,150927,386.399,0.199266
150959ms,150959,386.395,0.199285
150991ms,150991,386.425,0.199389
151039ms,151039,386.435,0.199328
151071ms,151071,386.390,0.199269
151103ms,151103,386.376,0.199367
151135ms,151135,386.423,0.199307
151167ms,151167,386.419,0.199356
151199ms,151199,386.384,0.199375
151231ms,151231,386.317,0.199340
151263ms,151263,386.381,0.199308
151295ms,151295,386.544,0.199397
151327ms,151327,385.624,0.199274
151359ms,151359,384.340,0.198697
151391ms,151391,383.231,0.197848
151439ms,151439,381.982,0.197285
151471ms,151471,380.775,0.196822
151503ms,151503,379.735,0.196010
151535ms,151535,378.683,0.195592
151567ms,151567,378.071,0.195198
151599ms,151599,377.903,0.195654
151631ms,151631,376.941,0.194909
151663ms,151663,376.844,0.194919
151695ms,151695,377.040,0.194566
151727ms,151727,376.988,0.194484
151759ms,151759,377.009,0.194544
151791ms,151791,377.025,0.194421
151839ms,151839,377.225,0.194439
151871ms,151871,377.310,0.194540
151903ms,151903,377.573,0.194594
151935ms,151935,377.917,0.194615
151967ms,151967,378.327,0.194822
151999ms,151999,378.924,0.195029
152031ms,152031,379.447,0.195272
152063ms,152063,379.969,0.195626
152095ms,152095,380.743,0.195942
152127ms,152127,381.353,0.196352
152159ms,152159,381.983,0.196806
152191ms,152191,382.669,0.197142
152303ms,152303,384.995,0.198323
152335ms,152335,385.774,0.198867
152367ms,152367,386.475,0.199342
152399ms,152399,386.344,0.199464
152463ms,152463,386.366,0.199338
152495ms,152495,386.332,0.199357
152527ms,152527,386.415,0.199357
152559ms,152559,386.401,0.199340
152591ms,152591,386.411,0.199391
152639ms,152639,386.419,0.199306
152671ms,152671,386.399,0.199343
152703ms,152703,386.420,0.199374
152735ms,152735,386.370,0.199294
152767ms,152767,386.475,0.199223
152799ms,152799,386.531,0.199400
152831ms,152831,385.238,0.199035
152863ms,152863,383.981,0.198393
152895ms,152895,382.751,0.197673
152927ms,152927,381.514,0.197128
152959ms,152959,380.353,0.196741
152991ms,152991,379.292,0.196095
153039ms,153039,378.320,0.195599
153071ms,153071,378.026,0.195184
153103ms,153103,377.526,0.195383
153135ms,153135,377.063,0.194956
153167ms,153167,377.155,0.194766
153199ms,153199,377.080,0.194441
153231ms,153231,376.969,0.194488
153263ms,153263,377.034,0.194426
153295ms,153295,377.086,0.194383
153327ms,153327,377.126,0.194374
153359ms,153359,377.443,0.194461
153391ms,153391,377.638,0.194623
153439ms,153439,378.145,0.194702
153471ms,153471,378.599,0.194881
153503ms,153503,379.216,0.195275
153535ms,153535,379.678,0.195443
153567ms,153567,380.248,0.195681
153599ms,153599,380.961,0.196061
153631ms,153631,381.587,0.196461
153663ms,153663,382.238,0.196816
153695ms,153695,382.953,0.197165
153727ms,153727,383.675,0.197639
153759ms,153759,384.422,0.198113
153791ms,153791,385.290,0.198607
153823ms,153823,386.025,0.198983
153871ms,153871,386.445,0.199447
153903ms,153903,386.204,0.199368
153935ms,153935,386.347,0.199280
153967ms,153967,386.284,0.199260
153999ms,153999,386.319,0.199218
154031ms,154031,386.356,0.199195
154095ms,154095,386.344,0.199239
154127ms,154127,386.333,0.199257
154159ms,154159,386.353,0.199363
154191ms,154191,386.405,0.199260
154223ms,154223,386.355,0.199292
154271ms,154271,386.468,0.199343
154303ms,154303,386.369,0.199401
154335ms,154335,384.970,0.198994
154367ms,154367,383.738,0.198216
154399ms,154399,382.557,0.197531
154431ms,154431,381.309,0.197106
154463ms,154463,380.137,0.196458
154495ms,154495,379.042,0.195922
154559ms,154559,378.006,0.195495
154591ms,154591,377.350,0.195139
154623ms,154623,377.015,0.194944
154671ms,154671,377.036,0.194545
154703ms,154703,377.126,0.194440
154735ms,154735,377.066,0.194494
154767ms,154767,376.921,0.194312
154799ms,154799,377.014,0.194473
154831ms,154831,377.129,0.194298
154863ms,154863,377.593,0.194394
154927ms,154927,378.225,0.194784
154959ms,154959,378.791,0.194984
154991ms,154991,379.279,0.195291
155023ms,155023,379.875,0.195573
155103ms,155103,381.107,0.196099
155135ms,155135,381.798,0.196466
155199ms,155199,383.265,0.197421
155231ms,155231,384.026,0.197877
155263ms,155263,384.890,0.198358
155295ms,155295,385.646,0.198839
155327ms,155327,386.380,0.199229
155359ms,155359,386.436,0.199429
155391ms,155391,386.413,0.199280
155423ms,155423,386.353,0.199335
155471ms,155471,386.364,0.199307
155503ms,155503,386.371,0.199268
155535ms,155535,386.427,0.199258
155567ms,155567,386.403,0.199300
155599ms,155599,386.355,0.199301
155663ms,155663,386.387,0.199271
155695ms,155695,386.331,0.199286
155727ms,155727,386.355,0.199211
155759ms,155759,386.601,0.199433
155791ms,155791,385.839,0.199382
155823ms,155823,384.565,0.198726
155871ms,155871,383.244,0.198017
155903ms,155903,382.115,0.197386
155935ms,155935,380.891,0.196943
155967ms,155967,379.625,0.196277
155999ms,155999,378.683,0.195629
156031ms,156031,378.087,0.195284
156063ms,156063,377.868,0.195715
156095ms,156095,376.987,0.194984
156127ms,156127,376.996,0.194896
156159ms,156159,377.104,0.194666
156191ms,156191,377.041,0.194563
156223ms,156223,376.922,0.194505
156271ms,156271,377.011,0.194419
156303ms,156303,377.143,0.194519
156335ms,156335,377.337,0.194357
156367ms,156367,377.560,0.194587
156399ms,156399,378.039,0.194671
156431ms,156431,378.501,0.194932
156463ms,156463,378.999,0.195159
156495ms,156495,379.497,0.195246
156527ms,156527,380.121,0.195735
156559ms,156559,380.787,0.195945
156591ms,156591,381.405,0.196337
156623ms,156623,382.079,0.196732
156671ms,156671,382.828,0.197163
156703ms,156703,383.489,0.197523
156735ms,156735,384.287,0.197944
156767ms,156767,385.042,0.198376
156799ms,156799,385.902,0.198881
156831ms,156831,386.568,0.199365
156863ms,156863,386.178,0.199411
156895ms,156895,386.447,0.199346
156927ms,156927,386.411,0.199340
156927ms,156927,386.411,0.199340
156959ms,156959,386.376,0.199265
156959ms,156959,386.376,0.199265
156991ms,156991,386.357,0.199241
156991ms,156991,386.357,0.199241
157023ms,157023,386.382,0.199299
157023ms,157023,386.382,0.199299
157071ms,157071,386.350,0.199272
157071ms,157071,386.350,0.199272
157103ms,157103,386.389,0.199382
157167ms,157167,386.408,0.199346
157199ms,157199,386.322,0.199321
157231ms,157231,386.472,0.199314
157263ms,157263,386.528,0.199406
157295ms,157295,385.365,0.199203
157327ms,157327,384.063,0.198491
157359ms,157359,382.914,0.197646
157391ms,157391,381.587,0.197264
157423ms,157423,380.584,0.196703
157503ms,157503,378.515,0.195538
157535ms,157535,378.105,0.195221
157567ms,157567,377.822,0.195677
157599ms,157599,376.965,0.194764
157631ms,157631,377.115,0.194787
157663ms,157663,377.112,0.194464
157695ms,157695,376.938,0.194512
157727ms,157727,377.006,0.194484
157791ms,157791,377.152,0.194326
157823ms,157823,377.454,0.194401
157871ms,157871,377.587,0.194578
157903ms,157903,378.019,0.194717
157967ms,157967,379.098,0.195139
157999ms,157999,379.660,0.195416
158031ms,158031,380.264,0.195734
158063ms,158063,380.923,0.196042
158095ms,158095,381.571,0.196363
158127ms,158127,382.247,0.196856
158159ms,158159,382.934,0.197109
158191ms,158191,383.664,0.197600
158223ms,158223,384.472,0.198159
158271ms,158271,385.265,0.198547
158303ms,158303,385.920,0.199063
158335ms,158335,386.513,0.199380
158367ms,158367,386.252,0.199328
158399ms,158399,386.328,0.199328
158431ms,158431,386.331,0.199346
158463ms,158463,386.386,0.199325
158495ms,158495,386.379,0.199270
158527ms,158527,386.395,0.199300
158559ms,158559,386.398,0.199294
158591ms,158591,386.414,0.199326
158623ms,158623,386.349,0.199262
158655ms,158655,386.317,0.199324
158703ms,158703,386.277,0.199257
158735ms,158735,386.415,0.199332
158767ms,158767,386.337,0.199382
158799ms,158799,385.000,0.199020
158831ms,158831,383.741,0.198332
158863ms,158863,382.552,0.197596
158895ms,158895,381.312,0.196978
158927ms,158927,380.183,0.196427
158959ms,158959,379.131,0.195677
158991ms,158991,378.289,0.195447
159023ms,159023,377.976,0.195434
159055ms,159055,377.500,0.195252
159135ms,159135,377.109,0.194614
159167ms,159167,377.136,0.194589
159199ms,159199,376.959,0.194585
159231ms,159231,376.957,0.194516
159263ms,159263,377.010,0.194343
159295ms,159295,377.127,0.194351
159327ms,159327,377.441,0.194331
159359ms,159359,377.673,0.194588
159391ms,159391,378.134,0.194699
159423ms,159423,378.522,0.194936
159455ms,159455,379.182,0.195159
159503ms,159503,379.661,0.195399
159535ms,159535,380.275,0.195716
159567ms,159567,380.959,0.196050
159599ms,159599,381.601,0.196386
159631ms,159631,382.302,0.196750
159663ms,159663,382.923,0.197192
159695ms,159695,383.674,0.197619
159727ms,159727,384.403,0.198173
159759ms,159759,385.397,0.198667
159791ms,159791,386.131,0.198984
159823ms,159823,386.530,0.199399
159855ms,159855,386.241,0.199453
159903ms,159903,386.423,0.199298
159935ms,159935,386.393,0.199304
159967ms,159967,386.390,0.199316
159999ms,159999,386.417,0.199315
160031ms,160031,386.387,0.199333
160127ms,160127,386.390,0.199321
160159ms,160159,386.469,0.199346
160191ms,160191,386.389,0.199322
160223ms,160223,386.545,0.199334
160255ms,160255,386.238,0.199421
160303ms,160303,384.905,0.198898
160335ms,160335,383.557,0.198194
160367ms,160367,382.491,0.197563
160399ms,160399,381.145,0.197114
160431ms,160431,380.000,0.196333
160463ms,160463,378.976,0.195738
160495ms,160495,378.194,0.195299
160527ms,160527,377.994,0.195598
160559ms,160559,377.295,0.195004
160591ms,160591,376.983,0.194934
160623ms,160623,377.034,0.194715
160655ms,160655,377.036,0.194632
160703ms,160703,377.074,0.194332
160735ms,160735,376.903,0.194355
160767ms,160767,377.017,0.194532
160799ms,160799,377.180,0.194331
160831ms,160831,377.407,0.194593
160863ms,160863,377.756,0.194400
160895ms,160895,378.220,0.194660
160927ms,160927,378.800,0.195004
160959ms,160959,379.306,0.195249
160991ms,160991,379.785,0.195519
161023ms,161023,380.376,0.195949
161055ms,161055,381.084,0.196157
161103ms,161103,381.734,0.196479
161135ms,161135,382.437,0.196854
161167ms,161167,383.092,0.197297
161199ms,161199,383.857,0.197644
161263ms,161263,385.457,0.198726
161295ms,161295,386.285,0.199202
161327ms,161327,386.456,0.199449
161359ms,161359,386.311,0.199241
161391ms,161391,386.348,0.199219
161423ms,161423,386.359,0.199295
161455ms,161455,386.416,0.199268
161503ms,161503,386.385,0.199292
161535ms,161535,386.369,0.199381
161567ms,161567,386.345,0.199344
161599ms,161599,386.393,0.199250
161631ms,161631,386.363,0.199255
161663ms,161663,386.376,0.199290
161695ms,161695,386.344,0.199369
161727ms,161727,386.456,0.199361
161759ms,161759,386.074,0.199370
161791ms,161791,384.740,0.198670
161823ms,161823,383.516,0.198087
161855ms,161855,382.392,0.197496
161903ms,161903,381.090,0.196841
161935ms,161935,380.007,0.196404
161967ms,161967,379.012,0.195699
161999ms,161999,378.231,0.195453
162031ms,162031,378.013,0.195534
162063ms,162063,377.220,0.194999
162095ms,162095,377.009,0.194828
162127ms,162127,377.123,0.194504
162159ms,162159,377.049,0.194530
162191ms,162191,377.054,0.194414
162223ms,162223,376.891,0.194389
162255ms,162255,377.006,0.194412
162303ms,162303,377.262,0.194434
162335ms,162335,377.558,0.194444
162367ms,162367,377.780,0.194469
162399ms,162399,378.266,0.194945
162431ms,162431,378.814,0.195096
162463ms,162463,379.312,0.195410
162495ms,162495,379.960,0.195590
162527ms,162527,380.516,0.195775
162559ms,162559,381.111,0.196264
162591ms,162591,381.772,0.196578
162623ms,162623,382.506,0.197025
162655ms,162655,383.203,0.197463
162687ms,162687,383.918,0.197723
162735ms,162735,384.828,0.198235
162767ms,162767,385.680,0.198760
162799ms,162799,386.338,0.199207
162831ms,162831,386.486,0.199458
162895ms,162895,386.499,0.199293
162927ms,162927,386.485,0.199314
162959ms,162959,386.484,0.199439
162991ms,162991,386.445,0.199382
163023ms,163023,386.451,0.199292
163055ms,163055,386.476,0.199303
163103ms,163103,386.479,0.199299
163135ms,163135,386.457,0.199340
163167ms,163167,386.452,0.199370
163199ms,163199,386.477,0.199307
163231ms,163231,386.648,0.199458
163263ms,163263,385.714,0.199269
163295ms,163295,384.401,0.198675
163327ms,163327,383.106,0.197947
163359ms,163359,381.851,0.197213
163391ms,163391,380.728,0.196903
163455ms,163455,378.646,0.195707
163487ms,163487,378.052,0.195399
163535ms,163535,377.924,0.195639
163567ms,163567,377.032,0.194921
163599ms,163599,376.990,0.194908
163631ms,163631,377.098,0.194460
163663ms,163663,376.989,0.194534
163695ms,163695,376.981,0.194414
163759ms,163759,377.082,0.194382
163791ms,163791,377.372,0.194268
163823ms,163823,377.600,0.194660
163855ms,163855,377.923,0.194562
163935ms,163935,378.881,0.194917
163967ms,163967,379.433,0.195236
163999ms,163999,380.097,0.195702
164031ms,164031,380.801,0.195963
164063ms,164063,381.326,0.196384
164095ms,164095,382.002,0.196749
164127ms,164127,382.745,0.197107
164159ms,164159,383.465,0.197407
164191ms,164191,384.329,0.197935
164223ms,164223,385.096,0.198455
164255ms,164255,385.943,0.198950
164287ms,164287,386.546,0.199373
164335ms,164335,386.317,0.199317
164367ms,164367,386.515,0.199323
164399ms,164399,386.461,0.199408
164431ms,164431,386.446,0.199326
164463ms,164463,386.477,0.199399
164495ms,164495,386.485,0.199378
164527ms,164527,386.447,0.199360
164559ms,164559,386.462,0.199317
164623ms,164623,386.431,0.199333
164655ms,164655,386.492,0.199319
164703ms,164703,386.582,0.199436
164735ms,164735,386.506,0.199450
164767ms,164767,385.230,0.199046
164799ms,164799,383.965,0.198415
164831ms,164831,382.694,0.197630
164863ms,164863,381.444,0.197054
164895ms,164895,380.271,0.196520
164927ms,164927,379.206,0.195904
164959ms,164959,378.340,0.195628
164991ms,164991,377.937,0.195283
165023ms,165023,377.518,0.195398
165055ms,165055,376.998,0.194590
165103ms,165103,376.973,0.194775
165135ms,165135,377.114,0.194488
165167ms,165167,376.901,0.194518
165199ms,165199,377.023,0.194513
165231ms,165231,377.079,0.194390
165263ms,165263,377.198,0.194398
165295ms,165295,377.525,0.194423
165327ms,165327,377.674,0.194520
165359ms,165359,378.059,0.194562
165391ms,165391,378.580,0.194828
165423ms,165423,379.053,0.195292
165455ms,165455,379.577,0.195402
165487ms,165487,380.147,0.195698
165535ms,165535,380.853,0.196066
165567ms,165567,381.525,0.196293
165599ms,165599,382.166,0.196782
165631ms,165631,382.916,0.197173
165663ms,165663,383.648,0.197581
165695ms,165695,384.387,0.198043
165727ms,165727,385.303,0.198555
165759ms,165759,386.114,0.198966
165791ms,165791,386.506,0.199457
165823ms,165823,386.291,0.199416
165855ms,165855,386.447,0.199409
165887ms,165887,386.441,0.199377
165935ms,165935,386.423,0.199374
165967ms,165967,386.408,0.199377
165999ms,165999,386.418,0.199409
166031ms,166031,386.454,0.199474
166063ms,166063,386.430,0.199475
166095ms,166095,386.441,0.199384
166127ms,166127,386.339,0.199401
166159ms,166159,386.365,0.199333
166191ms,166191,386.572,0.199347
166255ms,166255,385.084,0.198996
166287ms,166287,383.868,0.198326
166335ms,166335,382.735,0.197627
166367ms,166367,381.504,0.197193
166399ms,166399,380.247,0.196626
166431ms,166431,379.256,0.195956
166463ms,166463,378.298,0.195595
166495ms,166495,377.986,0.195131
166527ms,166527,377.672,0.195337
166559ms,166559,377.064,0.194815
166591ms,166591,377.006,0.194768
166623ms,166623,377.113,0.194454
166655ms,166655,376.915,0.194525
166687ms,166687,377.003,0.194460
166735ms,166735,376.967,0.194314
166767ms,166767,377.149,0.194327
166799ms,166799,377.483,0.194319
166831ms,166831,377.749,0.194429
166863ms,166863,378.095,0.194631
166895ms,166895,378.586,0.194880
166927ms,166927,379.062,0.195144
166959ms,166959,379.570,0.195299
166991ms,166991,380.166,0.195583
167023ms,167023,380.792,0.196051
167055ms,167055,381.518,0.196499
167087ms,167087,382.321,0.196861
167135ms,167135,382.877,0.197090
167167ms,167167,383.609,0.197479
167199ms,167199,384.365,0.197961
167231ms,167231,385.317,0.198574
167263ms,167263,386.143,0.199094
167295ms,167295,386.611,0.199557
167327ms,167327,386.308,0.199380
167359ms,167359,386.432,0.199439
167391ms,167391,386.456,0.199332
167423ms,167423,386.427,0.199290
167487ms,167487,386.431,0.199335
167535ms,167535,386.435,0.199326
167599ms,167599,386.443,0.199336
167663ms,167663,386.483,0.199271
167695ms,167695,386.560,0.199370
167727ms,167727,386.441,0.199453
167759ms,167759,385.208,0.199023
167791ms,167791,383.903,0.198369
167823ms,167823,382.640,0.197660
167855ms,167855,381.455,0.197112
167935ms,167935,379.178,0.196034
167967ms,167967,378.364,0.195501
167999ms,167999,378.060,0.195229
168031ms,168031,377.661,0.195482
168063ms,168063,376.972,0.194828
168095ms,168095,376.971,0.194963
168127ms,168127,377.094,0.194538
168159ms,168159,376.920,0.194555
168191ms,168191,376.938,0.194519
168223ms,168223,377.067,0.194390
168255ms,168255,377.129,0.194424
168287ms,168287,377.362,0.194375
168335ms,168335,377.729,0.194480
168367ms,168367,378.092,0.194686
168399ms,168399,378.533,0.194937
168431ms,168431,379.172,0.195101
168463ms,168463,379.615,0.195268
168495ms,168495,380.200,0.195760
168527ms,168527,380.896,0.196103
168559ms,168559,381.563,0.196474
168591ms,168591,382.167,0.196923
168623ms,168623,382.816,0.197169
168655ms,168655,383.555,0.197493
168687ms,168687,384.345,0.198066
168719ms,168719,385.263,0.198554
168767ms,168767,386.012,0.198953
168799ms,168799,386.510,0.199344
168831ms,168831,386.198,0.199316
168863ms,168863,386.465,0.199414
168895ms,168895,386.427,0.199296
168927ms,168927,386.397,0.199296
168959ms,168959,386.376,0.199316
168991ms,168991,386.406,0.199348
169023ms,169023,386.443,0.199302
169055ms,169055,386.405,0.199223
169087ms,169087,386.413,0.199305
169119ms,169119,386.435,0.199272
169167ms,169167,386.443,0.199257
169231ms,169231,386.237,0.199473
169263ms,169263,384.861,0.198811
169295ms,169295,383.638,0.198287
169327ms,169327,382.473,0.197614
169359ms,169359,381.212,0.197067
169391ms,169391,380.096,0.196328
169423ms,169423,379.102,0.195742
169455ms,169455,378.213,0.195532
169487ms,169487,377.933,0.195328
169567ms,169567,376.903,0.194971
169599ms,169599,377.082,0.194599
169631ms,169631,377.075,0.194558
169663ms,169663,377.079,0.194478
169695ms,169695,376.928,0.194393
169727ms,169727,377.046,0.194402
169759ms,169759,377.170,0.194394
169791ms,169791,377.503,0.194603
169823ms,169823,377.782,0.194479
169855ms,169855,378.177,0.194738
169887ms,169887,378.780,0.195015
169919ms,169919,379.281,0.195316
169967ms,169967,379.811,0.195557
169999ms,169999,380.453,0.195751
170031ms,170031,381.006,0.196142
170063ms,170063,381.698,0.196556
170095ms,170095,382.518,0.196941
170127ms,170127,383.220,0.197320
170159ms,170159,383.919,0.197796
170191ms,170191,384.811,0.198254
170223ms,170223,385.656,0.198739
170255ms,170255,386.385,0.199292
170319ms,170319,386.437,0.199296
170367ms,170367,386.404,0.199272
170399ms,170399,386.390,0.199322
170431ms,170431,386.450,0.199327
170463ms,170463,386.430,0.199303
170495ms,170495,386.450,0.199291
170527ms,170527,386.432,0.199278
170559ms,170559,386.441,0.199309
170591ms,170591,386.444,0.199240
170623ms,170623,386.418,0.199269
170655ms,170655,386.412,0.199303
170687ms,170687,386.621,0.199326
170719ms,170719,385.802,0.199338
170767ms,170767,384.477,0.198696
170799ms,170799,383.280,0.197961
170831ms,170831,382.016,0.197251
170863ms,170863,380.842,0.196799
170895ms,170895,379.784,0.196149
170927ms,170927,378.757,0.195651
170959ms,170959,378.134,0.195347
170991ms,170991,377.990,0.195429
171023ms,171023,377.217,0.194971
171055ms,171055,376.927,0.194866
171087ms,171087,377.029,0.194665
171119ms,171119,377.086,0.194501
171167ms,171167,376.979,0.194634
171199ms,171199,376.977,0.194332
171263ms,171263,377.304,0.194196
171295ms,171295,377.522,0.194617
171327ms,171327,377.931,0.194619
171359ms,171359,378.385,0.194804
171391ms,171391,378.945,0.195033
171423ms,171423,379.370,0.195255
171455ms,171455,379.860,0.195477
171519ms,171519,381.199,0.196137
171567ms,171567,381.896,0.196612
171599ms,171599,382.650,0.197060
171631ms,171631,383.376,0.197451
171663ms,171663,384.144,0.197839
171695ms,171695,384.909,0.198291
171727ms,171727,385.666,0.198773
171759ms,171759,386.370,0.199284
171791ms,171791,386.280,0.199430
171823ms,171823,386.390,0.199150
171855ms,171855,386.317,0.199206
171887ms,171887,386.352,0.199218
171919ms,171919,386.358,0.199246
171967ms,171967,386.353,0.199301
171999ms,171999,386.341,0.199257
172031ms,172031,386.334,0.199285
172063ms,172063,386.320,0.199250
172095ms,172095,386.358,0.199269
172127ms,172127,386.314,0.199253
172159ms,172159,386.411,0.199239
172191ms,172191,386.505,0.199465
172223ms,172223,385.411,0.199109
172255ms,172255,384.066,0.198487
172287ms,172287,382.844,0.197621
172319ms,172319,381.564,0.197078
172367ms,172367,380.532,0.196576
172399ms,172399,379.435,0.195904
172431ms,172431,378.415,0.195512
172463ms,172463,378.074,0.195280
172495ms,172495,377.684,0.195632
172527ms,172527,376.973,0.194763
172559ms,172559,377.134,0.194675
172591ms,172591,377.220,0.194607
172623ms,172623,376.937,0.194636
172655ms,172655,376.977,0.194451
172687ms,172687,377.021,0.194430
172719ms,172719,377.172,0.194463
172767ms,172767,377.494,0.194624
172799ms,172799,377.735,0.194491
172831ms,172831,378.104,0.194673
172863ms,172863,378.552,0.194838
172895ms,172895,379.108,0.195183
172927ms,172927,379.621,0.195380
172959ms,172959,380.179,0.195679
172991ms,172991,380.866,0.196199
173023ms,173023,381.554,0.196336
173055ms,173055,382.204,0.196774
173087ms,173087,382.916,0.197216
173119ms,173119,383.663,0.197663
173151ms,173151,384.474,0.198048
173199ms,173199,385.273,0.198515
173231ms,173231,386.028,0.199046
173263ms,173263,386.418,0.199427
173295ms,173295,386.205,0.199388
173327ms,173327,386.451,0.199420
173359ms,173359,386.474,0.199364
173391ms,173391,386.449,0.199285
173423ms,173423,386.453,0.199331
173455ms,173455,386.411,0.199358
173487ms,173487,386.419,0.199379
173519ms,173519,386.392,0.199390
173551ms,173551,386.443,0.199391
173599ms,173599,386.411,0.199368
173631ms,173631,386.423,0.199405
173663ms,173663,386.534,0.199321
173727ms,173727,385.018,0.198899
173759ms,173759,383.737,0.198242
173791ms,173791,382.619,0.197589
173855ms,173855,380.225,0.196474
173887ms,173887,379.190,0.196140
173919ms,173919,378.285,0.195464
173951ms,173951,377.932,0.195437
174031ms,174031,376.924,0.194788
174063ms,174063,377.092,0.194683
174095ms,174095,377.071,0.194365
174127ms,174127,376.924,0.194464
174159ms,174159,377.102,0.194491
174191ms,174191,377.018,0.194379
174223ms,174223,377.096,0.194360
174255ms,174255,377.507,0.194335
174287ms,174287,377.694,0.194508
174319ms,174319,378.193,0.194682
174351ms,174351,378.709,0.194985
174399ms,174399,379.248,0.195225
174431ms,174431,379.742,0.195483
174463ms,174463,380.346,0.195696
174495ms,174495,380.951,0.196153
174527ms,174527,381.618,0.196525
174559ms,174559,382.400,0.196886
174591ms,174591,383.080,0.197342
174623ms,174623,383.812,0.197642
174655ms,174655,384.684,0.198119
174687ms,174687,385.542,0.198787
174719ms,174719,386.316,0.199174
174751ms,174751,386.520,0.199494
174799ms,174799,386.424,0.199317
174831ms,174831,386.425,0.199308
174863ms,174863,386.437,0.199315
174895ms,174895,386.388,0.199316
174927ms,174927,386.402,0.199317
174991ms,174991,386.401,0.199305
175023ms,175023,386.402,0.199300
175055ms,175055,386.389,0.199388
175087ms,175087,386.417,0.199275
175119ms,175119,386.381,0.199301
175151ms,175151,386.596,0.199408
175199ms,175199,386.051,0.199416
175231ms,175231,384.721,0.198661
175263ms,175263,383.539,0.198035
175295ms,175295,382.376,0.197473
175327ms,175327,381.095,0.196995
175359ms,175359,379.927,0.196358
175391ms,175391,378.932,0.195747
175423ms,175423,378.206,0.195363
175455ms,175455,377.973,0.195629
175487ms,175487,377.180,0.194906
175519ms,175519,376.984,0.194926
175551ms,175551,377.140,0.194645
175599ms,175599,377.056,0.194453
175631ms,175631,377.055,0.194328
175663ms,175663,376.939,0.194339
175695ms,175695,377.111,0.194481
175727ms,175727,377.243,0.194395
175759ms,175759,377.552,0.194477
175791ms,175791,377.746,0.194583
175823ms,175823,378.317,0.194732
175855ms,175855,378.847,0.194966
175887ms,175887,379.335,0.195332
175919ms,175919,379.964,0.195742
175951ms,175951,380.481,0.195931
175999ms,175999,381.272,0.196255
176031ms,176031,381.968,0.196706
176063ms,176063,382.663,0.197076
176095ms,176095,383.371,0.197449
176127ms,176127,384.076,0.197874
176159ms,176159,384.916,0.198392
176191ms,176191,385.785,0.198832
176223ms,176223,386.440,0.199252
176255ms,176255,386.462,0.199440
176287ms,176287,386.463,0.199345
176319ms,176319,386.384,0.199243
176351ms,176351,386.432,0.199275
176399ms,176399,386.435,0.199303
176431ms,176431,386.404,0.199335
176463ms,176463,386.428,0.199320
176495ms,176495,386.422,0.199337
176559ms,176559,386.422,0.199248
176623ms,176623,386.419,0.199258
176655ms,176655,386.563,0.199453
176719ms,176719,384.361,0.198501
176751ms,176751,383.119,0.197930
176799ms,176799,381.948,0.197338
176831ms,176831,380.724,0.196756
176895ms,176895,378.618,0.195618
176927ms,176927,378.112,0.195393
176959ms,176959,377.826,0.195794
176991ms,176991,377.005,0.194911
177023ms,177023,376.912,0.194867
177055ms,177055,377.068,0.194687
177087ms,177087,377.011,0.194510
177119ms,177119,376.913,0.194567
177151ms,177151,376.959,0.194466
177199ms,177199,377.058,0.194398
177231ms,177231,377.247,0.194316
177263ms,177263,377.649,0.194566
177295ms,177295,377.953,0.194661
177327ms,177327,378.445,0.194790
177359ms,177359,378.989,0.195133
177391ms,177391,379.520,0.195272
177423ms,177423,380.036,0.195643
177455ms,177455,380.684,0.196066
177487ms,177487,381.419,0.196405
177519ms,177519,382.043,0.196695
177551ms,177551,382.775,0.197072
177599ms,177599,383.448,0.197442
177631ms,177631,384.267,0.197922
177663ms,177663,385.084,0.198403
177695ms,177695,385.840,0.198848
177727ms,177727,386.503,0.199395
177759ms,177759,386.374,0.199509
177791ms,177791,386.483,0.199252
177823ms,177823,386.470,0.199375
177855ms,177855,386.461,0.199342
177887ms,177887,386.447,0.199381
177919ms,177919,386.427,0.199346
177951ms,177951,386.437,0.199395
177999ms,177999,386.463,0.199356
178031ms,178031,386.503,0.199306
178063ms,178063,386.467,0.199330
178095ms,178095,386.427,0.199336
178127ms,178127,386.572,0.199312
178159ms,178159,386.495,0.199477
178191ms,178191,385.278,0.199179
178223ms,178223,384.048,0.198482
178255ms,178255,382.831,0.197716
178287ms,178287,381.602,0.197152
178319ms,178319,380.400,0.196517
178351ms,178351,379.344,0.195949
178383ms,178383,378.337,0.195545
178431ms,178431,378.043,0.195224
178463ms,178463,377.701,0.195579
178495ms,178495,376.943,0.194656
178527ms,178527,376.978,0.194896
178559ms,178559,377.152,0.194624
178591ms,178591,376.970,0.194596
178623ms,178623,377.003,0.194473
178655ms,178655,377.057,0.194465
178687ms,178687,377.111,0.194368
178719ms,178719,377.436,0.194503
178751ms,178751,377.708,0.194627
178783ms,178783,378.043,0.194710
178831ms,178831,378.567,0.194855
178863ms,178863,379.143,0.195085
178895ms,178895,379.668,0.195439
178927ms,178927,380.268,0.195732
178959ms,178959,380.919,0.196182
178991ms,178991,381.561,0.196349
179023ms,179023,382.231,0.196757
179055ms,179055,382.956,0.197252
179087ms,179087,383.659,0.197639
179119ms,179119,384.425,0.198057
179151ms,179151,385.272,0.198627
179183ms,179183,386.100,0.199100
179231ms,179231,386.489,0.199409
179263ms,179263,386.244,0.199322
179295ms,179295,386.441,0.199301
179327ms,179327,386.456,0.199269
179359ms,179359,386.462,0.199388
179391ms,179391,386.467,0.199409
179423ms,179423,386.485,0.199349
179455ms,179455,386.431,0.199359
179519ms,179519,386.439,0.199290
179551ms,179551,386.445,0.199312
179583ms,179583,386.488,0.199295
179631ms,179631,386.538,0.199341
179663ms,179663,386.166,0.199409
179695ms,179695,384.829,0.198789
179727ms,179727,383.509,0.198221
179759ms,179759,382.420,0.197553
179791ms,179791,381.096,0.196957
179823ms,179823,379.971,0.196332
179855ms,179855,378.947,0.195826
179887ms,179887,378.147,0.195269
179919ms,179919,378.003,0.195442
179951ms,179951,377.160,0.194964
179983ms,179983,377.028,0.194977
180031ms,180031,377.199,0.194693
180063ms,180063,377.038,0.194446
180127ms,180127,377.031,0.194367
180159ms,180159,377.047,0.194499
180191ms,180191,377.301,0.194394
180223ms,180223,377.525,0.194440
180255ms,180255,377.832,0.194647
180287ms,180287,378.272,0.194826
180319ms,180319,378.929,0.194948
180351ms,180351,379.425,0.195248
180383ms,180383,379.954,0.195595
180431ms,180431,380.593,0.195915
180463ms,180463,381.262,0.196278
180495ms,180495,382.026,0.196688
180527ms,180527,382.694,0.197126
180559ms,180559,383.377,0.197462
180591ms,180591,384.106,0.197894
180623ms,180623,384.935,0.198327
180655ms,180655,385.644,0.198806
180687ms,180687,386.402,0.199317
180719ms,180719,386.446,0.199499
180751ms,180751,386.458,0.199251
180783ms,180783,386.476,0.199387
180831ms,180831,386.485,0.199386
180863ms,180863,386.491,0.199362
180895ms,180895,386.488,0.199395
180927ms,180927,386.499,0.199397
180959ms,180959,386.459,0.199335
181023ms,181023,386.469,0.199393
181055ms,181055,386.434,0.199297
181087ms,181087,386.420,0.199381
181119ms,181119,386.607,0.199352
181151ms,181151,385.774,0.199390
181183ms,181183,384.568,0.198674
181231ms,181231,383.259,0.197971
181263ms,181263,382.160,0.197401
181295ms,181295,380.951,0.196842
181327ms,181327,379.830,0.196228
181359ms,181359,378.724,0.195545
181391ms,181391,378.115,0.195386
181423ms,181423,377.956,0.195628
181455ms,181455,377.077,0.194861
181487ms,181487,376.982,0.194992
181519ms,181519,377.142,0.194737
181551ms,181551,377.046,0.194445
181583ms,181583,377.046,0.194567
181631ms,181631,376.963,0.194396
181663ms,181663,377.017,0.194464
181694ms,181694,377.262,0.194394
181727ms,181727,377.571,0.194468
181759ms,181759,377.758,0.194642
181791ms,181791,378.247,0.194787
181823ms,181823,378.799,0.194957
181855ms,181855,379.347,0.195232
181887ms,181887,379.815,0.195564
181919ms,181919,380.584,0.195928
181951ms,181951,381.229,0.196218
181983ms,181983,381.912,0.196623
182031ms,182031,382.651,0.197097
182063ms,182063,383.411,0.197457
182095ms,182095,384.133,0.197967
182127ms,182127,384.962,0.198325
182159ms,182159,385.842,0.198812
182191ms,182191,386.442,0.199291
182223ms,182223,386.336,0.199400
182255ms,182255,386.385,0.199266
182287ms,182287,386.370,0.199321
182319ms,182319,386.355,0.199394
182351ms,182351,386.369,0.199324
182383ms,182383,386.403,0.199325
182415ms,182415,386.354,0.199304
182463ms,182463,386.377,0.199317
182527ms,182527,386.343,0.199266
182559ms,182559,386.348,0.199335
182591ms,182591,386.391,0.199196
182623ms,182623,386.509,0.199464
182655ms,182655,385.358,0.199134
182687ms,182687,384.129,0.198586
182719ms,182719,382.842,0.197718
182751ms,182751,381.610,0.197184
182783ms,182783,380.426,0.196711
182831ms,182831,379.399,0.195872
182863ms,182863,378.511,0.195615
182895ms,182895,378.075,0.195362
182927ms,182927,377.737,0.195510
182959ms,182959,376.994,0.194734
182991ms,182991,376.992,0.194782
183023ms,183023,377.149,0.194576
183055ms,183055,376.960,0.194517
183119ms,183119,377.147,0.194377
183231ms,183231,377.690,0.194576
183263ms,183263,378.092,0.194674
183295ms,183295,378.597,0.194887
183327ms,183327,379.106,0.195198
183359ms,183359,379.641,0.195332
183391ms,183391,380.192,0.195583
183423ms,183423,380.816,0.196079
183455ms,183455,381.566,0.196371
183487ms,183487,382.262,0.196791
183519ms,183519,382.846,0.197173
183551ms,183551,383.644,0.197562
183583ms,183583,384.462,0.198079
183615ms,183615,385.270,0.198559
183663ms,183663,386.024,0.198940
183695ms,183695,386.596,0.199461
183727ms,183727,386.319,0.199321
183759ms,183759,386.506,0.199294
183791ms,183791,386.539,0.199357
183823ms,183823,386.513,0.199271
183855ms,183855,386.494,0.199350
183887ms,183887,386.496,0.199345
183919ms,183919,386.474,0.199385
183951ms,183951,386.529,0.199385
183983ms,183983,386.519,0.199386
184015ms,184015,386.472,0.199283
184063ms,184063,386.406,0.199345
184095ms,184095,386.560,0.199368
184127ms,184127,386.486,0.199428
184159ms,184159,385.281,0.199070
184191ms,184191,384.060,0.198433
184255ms,184255,381.471,0.197230
184287ms,184287,380.369,0.196646
184319ms,184319,379.344,0.196039
184351ms,184351,378.355,0.195697
184383ms,184383,377.960,0.195316
184431ms,184431,377.736,0.195366
184463ms,184463,376.943,0.194784
184495ms,184495,377.068,0.194911
184527ms,184527,377.187,0.194495
184559ms,184559,376.967,0.194510
184591ms,184591,377.006,0.194502
184623ms,184623,377.061,0.194438
184655ms,184655,377.176,0.194307
184687ms,184687,377.398,0.194268
184719ms,184719,377.724,0.194552
184751ms,184751,378.109,0.194722
184783ms,184783,378.625,0.194935
184831ms,184831,379.166,0.195170
184863ms,184863,379.644,0.195362
184895ms,184895,380.219,0.195748
184926ms,184926,380.835,0.196004
184959ms,184959,381.504,0.196293
184991ms,184991,382.257,0.196801
185023ms,185023,382.883,0.197171
185055ms,185055,383.618,0.197564
185087ms,185087,384.457,0.198065
185119ms,185119,385.358,0.198632
185151ms,185151,386.022,0.198970
185183ms,185183,386.531,0.199376
185215ms,185215,386.326,0.199245
185263ms,185263,386.410,0.199342
185294ms,185294,386.436,0.199333
185327ms,185327,386.401,0.199366
185359ms,185359,386.456,0.199352
185391ms,185391,386.456,0.199342
185423ms,185423,386.452,0.199353
185455ms,185455,386.467,0.199317
185487ms,185487,386.456,0.199254
185519ms,185519,386.450,0.199348
185551ms,185551,386.412,0.199312
185583ms,185583,386.538,0.199336
185615ms,185615,386.286,0.199414
185663ms,185663,384.906,0.198979
185695ms,185695,383.595,0.198222
185727ms,185727,382.450,0.197514
185759ms,185759,381.172,0.197091
185791ms,185791,380.085,0.196496
185823ms,185823,379.081,0.195866
185855ms,185855,378.180,0.195317
185887ms,185887,377.867,0.195471
185919ms,185919,377.429,0.195287
185983ms,185983,377.103,0.194620
186015ms,186015,377.164,0.194509
186095ms,186095,376.897,0.194376
186159ms,186159,377.195,0.194450
186191ms,186191,377.597,0.194474
186223ms,186223,377.846,0.194410
186255ms,186255,378.238,0.194670
186287ms,186287,378.788,0.194908
186319ms,186319,379.309,0.195324
186351ms,186351,379.887,0.195564
186383ms,186383,380.480,0.195816
186415ms,186415,381.125,0.196058
186463ms,186463,381.669,0.196558
186495ms,186495,382.471,0.196904
186527ms,186527,383.173,0.197364
186559ms,186559,383.866,0.197669
186591ms,186591,384.723,0.198187
186623ms,186623,385.444,0.198724
186655ms,186655,386.315,0.199229
186687ms,186687,386.480,0.199477
186719ms,186719,386.368,0.199321
186751ms,186751,386.375,0.199275
186783ms,186783,386.394,0.199187
186815ms,186815,386.362,0.199288
186863ms,186863,386.364,0.199209
186895ms,186895,386.391,0.199276
186927ms,186927,386.385,0.199292
186959ms,186959,386.400,0.199271
186991ms,186991,386.393,0.199277
187023ms,187023,386.423,0.199302
187055ms,187055,386.388,0.199281
187087ms,187087,386.502,0.199335
187119ms,187119,385.897,0.199333
187151ms,187151,384.633,0.198730
187183ms,187183,383.352,0.197962
187215ms,187215,382.168,0.197462
187263ms,187263,380.967,0.196998
187295ms,187295,379.847,0.196379
187326ms,187326,378.834,0.195964
187359ms,187359,378.128,0.195422
187391ms,187391,377.968,0.195765
187423ms,187423,377.072,0.194807
187455ms,187455,377.002,0.194940
187487ms,187487,377.211,0.194788
187519ms,187519,377.082,0.194588
187551ms,187551,377.014,0.194438
187583ms,187583,376.876,0.194406
187615ms,187615,377.077,0.194454
187647ms,187647,377.212,0.194456
187695ms,187695,377.611,0.194463
187727ms,187727,377.855,0.194695
187759ms,187759,378.310,0.194863
187791ms,187791,378.940,0.194994
187855ms,187855,379.880,0.195619
187887ms,187887,380.557,0.195960
187919ms,187919,381.244,0.196193
187951ms,187951,381.942,0.196635
187983ms,187983,382.642,0.197081
188015ms,188015,383.344,0.197393
188047ms,188047,384.152,0.197913
188095ms,188095,384.952,0.198361
188127ms,188127,385.812,0.198903
188159ms,188159,386.412,0.199316
188191ms,188191,386.328,0.199419
188223ms,188223,386.445,0.199212
188255ms,188255,386.426,0.199296
188287ms,188287,386.464,0.199295
188319ms,188319,386.437,0.199334
188351ms,188351,386.429,0.199258
188383ms,188383,386.451,0.199311
188415ms,188415,386.439,0.199320
188447ms,188447,386.429,0.199271
188495ms,188495,386.420,0.199322
188527ms,188527,386.398,0.199260
188559ms,188559,386.449,0.199352
188591ms,188591,386.509,0.199403
188623ms,188623,385.508,0.199121
188655ms,188655,384.193,0.198497
188687ms,188687,383.062,0.197866
188719ms,188719,381.775,0.197237
188751ms,188751,380.618,0.196679
188783ms,188783,379.557,0.196017
188815ms,188815,378.539,0.195715
188847ms,188847,378.075,0.195175
188895ms,188895,377.826,0.195501
188927ms,188927,377.056,0.194815
188991ms,188991,376.974,0.194686
189023ms,189023,377.072,0.194591
189086ms,189086,376.969,0.194334
189119ms,189119,377.141,0.194460
189151ms,189151,377.406,0.194509
189183ms,189183,377.651,0.194580
189215ms,189215,377.945,0.194580
189247ms,189247,378.495,0.194885
189295ms,189295,379.109,0.195179
189327ms,189327,379.532,0.195313
189359ms,189359,380.098,0.195696
189390ms,189390,380.873,0.196027
189423ms,189423,381.505,0.196339
189455ms,189455,382.116,0.196743
189487ms,189487,382.842,0.197193
189519ms,189519,383.544,0.197508
189551ms,189551,384.471,0.197915
189583ms,189583,385.279,0.198438
189615ms,189615,385.947,0.198892
189647ms,189647,386.596,0.199423
189695ms,189695,386.261,0.199486
189727ms,189727,386.458,0.199362
189823ms,189823,386.426,0.199303
189855ms,189855,386.491,0.199342
189887ms,189887,386.503,0.199319
189919ms,189919,386.535,0.199299
189983ms,189983,386.549,0.199352
190015ms,190015,386.459,0.199227
190047ms,190047,386.516,0.199291
190095ms,190095,386.614,0.199487
190127ms,190127,385.433,0.199217
190159ms,190159,384.102,0.198527
190191ms,190191,382.905,0.197693
190223ms,190223,381.569,0.197274
190255ms,190255,380.388,0.196645
190287ms,190287,379.338,0.196070
190319ms,190319,378.401,0.195535
190351ms,190351,378.015,0.195096
190383ms,190383,377.727,0.195305
190415ms,190415,377.000,0.194657
190447ms,190447,377.076,0.194875
190495ms,190495,377.172,0.194719
190527ms,190527,377.013,0.194525
190559ms,190559,377.011,0.194439
190591ms,190591,377.105,0.194369
190623ms,190623,377.155,0.194523
190655ms,190655,377.405,0.194379
190687ms,190687,377.709,0.194571
190719ms,190719,378.086,0.194660
190751ms,190751,378.569,0.194936
190783ms,190783,379.148,0.195179
190815ms,190815,379.639,0.195337
190847ms,190847,380.215,0.195674
190895ms,190895,380.853,0.196180
190927ms,190927,381.582,0.196433
190959ms,190959,382.294,0.196833
190991ms,190991,383.032,0.197139
191023ms,191023,383.716,0.197662
191055ms,191055,384.533,0.198167
191087ms,191087,385.362,0.198631
191119ms,191119,386.158,0.199015
191151ms,191151,386.620,0.199429
191183ms,191183,386.314,0.199228
191215ms,191215,386.433,0.199346
191247ms,191247,386.463,0.199204
191295ms,191295,386.434,0.199289
191327ms,191327,386.469,0.199347
191359ms,191359,386.470,0.199309
191391ms,191391,386.475,0.199310
191423ms,191423,386.418,0.199205
191487ms,191487,386.429,0.199364
191519ms,191519,386.408,0.199319
191551ms,191551,386.541,0.199325
191583ms,191583,386.104,0.199345
191615ms,191615,384.703,0.198798
191647ms,191647,383.427,0.198197
191695ms,191695,382.206,0.197546
191727ms,191727,381.053,0.196992
191759ms,191759,379.958,0.196402
191823ms,191823,378.144,0.195277
191855ms,191855,378.096,0.195683
191887ms,191887,377.127,0.194889
191919ms,191919,376.898,0.194925
191951ms,191951,377.145,0.194712
191983ms,191983,377.084,0.194483
192015ms,192015,377.118,0.194403
192047ms,192047,376.962,0.194392
192127ms,192127,377.290,0.194395
192190ms,192190,377.884,0.194730
192223ms,192223,378.242,0.194758
192286ms,192286,379.321,0.195304
192319ms,192319,379.963,0.195604
192351ms,192351,380.478,0.195905
192383ms,192383,381.226,0.196141
192415ms,192415,381.967,0.196623
192447ms,192447,382.578,0.197047
192495ms,192495,383.332,0.197495
192527ms,192527,384.036,0.197845
192559ms,192559,384.940,0.198287
192591ms,192591,385.753,0.198849
192623ms,192623,386.430,0.199213
192655ms,192655,386.465,0.199449
192687ms,192687,386.405,0.199242
192719ms,192719,386.412,0.199199
192751ms,192751,386.397,0.199242
192783ms,192783,386.454,0.199257
192815ms,192815,386.421,0.199290
192847ms,192847,386.426,0.199267
192895ms,192895,386.439,0.199263
192927ms,192927,386.450,0.199263
192959ms,192959,386.424,0.199277
192991ms,192991,386.448,0.199344
193023ms,193023,386.455,0.199205
193055ms,193055,386.522,0.199426
193087ms,193087,385.760,0.199350
193119ms,193119,384.434,0.198748
193151ms,193151,383.239,0.197911
193183ms,193183,381.962,0.197404
193215ms,193215,380.779,0.196709
193247ms,193247,379.747,0.196128
193295ms,193295,378.621,0.195537
193327ms,193327,378.161,0.195377
193359ms,193359,377.916,0.195632
193390ms,193390,376.978,0.194945
193423ms,193423,377.069,0.194878
193455ms,193455,377.112,0.194506
193487ms,193487,377.032,0.194629
193519ms,193519,376.977,0.194512
193551ms,193551,377.047,0.194407
193583ms,193583,377.023,0.194349
193615ms,193615,377.310,0.194469
193647ms,193647,377.652,0.194472
193679ms,193679,377.964,0.194608
193727ms,193727,378.446,0.194961
193758ms,193758,379.051,0.195112
193791ms,193791,379.472,0.195310
193823ms,193823,379.985,0.195535
193855ms,193855,380.679,0.196021
193887ms,193887,381.329,0.196301
193919ms,193919,382.117,0.196739
193951ms,193951,382.736,0.197116
193983ms,193983,383.457,0.197434
194015ms,194015,384.226,0.197888
194047ms,194047,385.009,0.198366
194079ms,194079,385.843,0.198898
194126ms,194126,386.543,0.199296
194158ms,194158,386.293,0.199447
194190ms,194190,386.458,0.199200
194223ms,194223,386.440,0.199211
194255ms,194255,386.407,0.199213
194287ms,194287,386.435,0.199277
194319ms,194319,386.445,0.199286
194351ms,194351,386.434,0.199253
194383ms,194383,386.434,0.199203
194415ms,194415,386.416,0.199288
194447ms,194447,386.426,0.199329
194479ms,194479,386.423,0.199275
194527ms,194527,386.421,0.199336
194559ms,194559,386.537,0.199453
194591ms,194591,385.438,0.199113
194623ms,194623,384.068,0.198599
194655ms,194655,382.901,0.197690
194687ms,194687,381.583,0.197259
194719ms,194719,380.405,0.196813
194751ms,194751,379.316,0.196098
194783ms,194783,378.354,0.195565
194815ms,194815,378.003,0.195242
194847ms,194847,377.628,0.195596
194879ms,194879,377.009,0.194779
194926ms,194926,376.958,0.194817
194958ms,194958,377.136,0.194687
194990ms,194990,376.950,0.194486
195023ms,195023,376.966,0.194430
195055ms,195055,377.039,0.194302
195087ms,195087,377.138,0.194491
195119ms,195119,377.434,0.194397
195151ms,195151,377.674,0.194553
195183ms,195183,378.027,0.194629
195215ms,195215,378.555,0.194868
195247ms,195247,379.116,0.195170
195279ms,195279,379.648,0.195446
195326ms,195326,380.163,0.195688
195358ms,195358,380.910,0.195984
195390ms,195390,381.552,0.196386
195454ms,195454,382.874,0.197157
195487ms,195487,383.661,0.197639
195519ms,195519,384.390,0.198108
195551ms,195551,385.349,0.198499
195583ms,195583,386.076,0.199037
195615ms,195615,386.542,0.199435
195647ms,195647,386.335,0.199354
195679ms,195679,386.535,0.199352
195727ms,195727,386.532,0.199343
195758ms,195758,386.526,0.199351
195791ms,195791,386.528,0.199318
195823ms,195823,386.506,0.199257
195855ms,195855,386.507,0.199262
195887ms,195887,386.513,0.199335
195919ms,195919,386.505,0.199345
195951ms,195951,386.524,0.199280
195983ms,195983,386.558,0.199335
196015ms,196015,386.578,0.199323
196047ms,196047,386.541,0.199430
196079ms,196079,385.340,0.199122
196191ms,196191,381.509,0.197179
196223ms,196223,380.372,0.196686
196255ms,196255,379.324,0.195975
196287ms,196287,378.341,0.195483
196319ms,196319,378.007,0.195234
196351ms,196351,377.608,0.195296
196383ms,196383,377.030,0.194831
196415ms,196415,377.060,0.194802
196447ms,196447,377.098,0.194476
196479ms,196479,377.023,0.194463
196527ms,196527,377.010,0.194427
196591ms,196591,377.208,0.194515
196623ms,196623,377.456,0.194426
196655ms,196655,377.820,0.194423
196687ms,196687,378.096,0.194590
196751ms,196751,379.184,0.195099
196783ms,196783,379.673,0.195353
196815ms,196815,380.238,0.195706
196847ms,196847,380.888,0.196008
196879ms,196879,381.627,0.196405
196927ms,196927,382.236,0.196844
196958ms,196958,383.007,0.197269
196991ms,196991,383.787,0.197706
197023ms,197023,384.594,0.198239
197055ms,197055,385.380,0.198629
197087ms,197087,386.246,0.199116
197119ms,197119,386.624,0.199340
197151ms,197151,386.308,0.199261
197183ms,197183,386.454,0.199311
197215ms,197215,386.455,0.199322
197247ms,197247,386.469,0.199271
197279ms,197279,386.500,0.199300
197327ms,197327,386.454,0.199291
197359ms,197359,386.462,0.199286
197391ms,197391,386.437,0.199319
197423ms,197423,386.472,0.199198
197455ms,197455,386.535,0.199207
197487ms,197487,386.448,0.199324
197519ms,197519,386.556,0.199348
197551ms,197551,386.317,0.199390
197583ms,197583,385.063,0.199095
197615ms,197615,383.810,0.198332
197647ms,197647,382.576,0.197702
197679ms,197679,381.351,0.197011
197727ms,197727,380.129,0.196595
197758ms,197758,379.117,0.195860
197791ms,197791,378.146,0.195444
197823ms,197823,377.944,0.195370
197855ms,197855,377.545,0.195287
197887ms,197887,377.002,0.194926
197919ms,197919,377.040,0.194647
197951ms,197951,377.104,0.194425
197983ms,197983,376.944,0.194352
198015ms,198015,377.005,0.194550
198047ms,198047,377.111,0.194360
198079ms,198079,377.173,0.194384
198111ms,198111,377.573,0.194370
198158ms,198158,377.738,0.194593
198190ms,198190,378.167,0.194736
198223ms,198223,378.703,0.194915
198255ms,198255,379.357,0.195320
198287ms,198287,379.775,0.195455
198319ms,198319,380.341,0.195853
198383ms,198383,381.699,0.196426
198415ms,198415,382.433,0.196850
198447ms,198447,383.118,0.197248
198511ms,198511,384.767,0.198167
198559ms,198559,385.587,0.198728
198591ms,198591,386.311,0.199178
198623ms,198623,386.513,0.199450
198655ms,198655,386.384,0.199290
198687ms,198687,386.415,0.199242
198719ms,198719,386.393,0.199281
198751ms,198751,386.434,0.199310
198783ms,198783,386.417,0.199274
198815ms,198815,386.451,0.199251
198847ms,198847,386.499,0.199176
198879ms,198879,386.464,0.199272
198911ms,198911,386.452,0.199198
198959ms,198959,386.502,0.199193
198991ms,198991,386.460,0.199240
199023ms,199023,386.525,0.199512
199054ms,199054,385.979,0.199400
199086ms,199086,384.696,0.198677
199119ms,199119,383.503,0.198103
199151ms,199151,382.164,0.197470
199183ms,199183,381.002,0.196878
199215ms,199215,379.909,0.196226
199247ms,199247,378.861,0.195722
199279ms,199279,378.036,0.195317
199311ms,199311,378.010,0.195596
199358ms,199358,377.190,0.194859
199391ms,199391,376.912,0.194894
199423ms,199423,377.114,0.194801
199455ms,199455,377.139,0.194520
199519ms,199519,377.003,0.194342
199551ms,199551,377.108,0.194359
199583ms,199583,377.312,0.194393
199615ms,199615,377.546,0.194561
199647ms,199647,377.907,0.194542
199679ms,199679,378.358,0.194978
199711ms,199711,378.977,0.195139
199758ms,199758,379.443,0.195237
199790ms,199790,380.019,0.195597
199822ms,199822,380.689,0.196009
199854ms,199854,381.401,0.196345
199887ms,199887,382.036,0.196759
199919ms,199919,382.722,0.197119
199951ms,199951,383.445,0.197496
199983ms,199983,384.156,0.197804
200015ms,200015,385.072,0.198471
200047ms,200047,385.776,0.198966
200079ms,200079,386.474,0.199298
200111ms,200111,386.322,0.199471
200159ms,200159,386.490,0.199261
200190ms,200190,386.435,0.199342
200222ms,200222,386.490,0.199297
200254ms,200254,386.484,0.199274
200287ms,200287,386.445,0.199240
200319ms,200319,386.438,0.199276
200351ms,200351,386.405,0.199240
200383ms,200383,386.428,0.199258
200415ms,200415,386.448,0.199210
200447ms,200447,386.506,0.199299
200479ms,200479,386.471,0.199298
200511ms,200511,386.599,0.199465
200559ms,200559,385.650,0.199233
200591ms,200591,384.311,0.198660
200623ms,200623,383.074,0.197947
200655ms,200655,381.808,0.197284
200687ms,200687,380.805,0.196653
200719ms,200719,379.660,0.196042
200751ms,200751,378.671,0.195801
200783ms,200783,378.107,0.195301
200847ms,200847,377.027,0.194914
200879ms,200879,376.988,0.194880
200991ms,200991,377.007,0.194478
201055ms,201055,377.093,0.194347
201086ms,201086,377.272,0.194378
201118ms,201118,377.510,0.194545
201182ms,201182,378.310,0.194828
201215ms,201215,378.946,0.194980
201247ms,201247,379.395,0.195169
201279ms,201279,379.942,0.195606
201311ms,201311,380.567,0.195967
201359ms,201359,381.328,0.196241
201391ms,201391,381.960,0.196609
201423ms,201423,382.641,0.196981
201455ms,201455,383.465,0.197514
201487ms,201487,384.161,0.197931
201519ms,201519,384.953,0.198420
201551ms,201551,385.723,0.198799
201583ms,201583,386.458,0.199300
201615ms,201615,386.296,0.199461
201647ms,201647,386.655,0.199190
201679ms,201679,386.531,0.199299
201711ms,201711,386.562,0.199234
201758ms,201758,386.519,0.199280
201790ms,201790,386.502,0.199202
201822ms,201822,386.515,0.199175
201855ms,201855,386.498,0.199228
201886ms,201886,386.491,0.199249
201918ms,201918,386.475,0.199343
201951ms,201951,386.534,0.199378
201983ms,201983,386.563,0.199350
202014ms,202014,386.582,0.199388
202047ms,202047,385.497,0.199268
202079ms,202079,384.265,0.198468
202111ms,202111,382.945,0.197993
202159ms,202159,381.729,0.197335
202191ms,202191,380.659,0.196785
202223ms,202223,379.468,0.196223
202255ms,202255,378.501,0.195631
202286ms,202286,378.036,0.195457
202319ms,202319,377.712,0.195529
202351ms,202351,376.976,0.194703
202382ms,202382,376.984,0.194766
202415ms,202415,377.123,0.194782
202447ms,202447,377.113,0.194477
202479ms,202479,376.980,0.194356
202511ms,202511,376.959,0.194320
202590ms,202590,377.419,0.194378
202622ms,202622,377.718,0.194435
202654ms,202654,378.077,0.194748
202686ms,202686,378.648,0.194955
202719ms,202719,379.130,0.195184
202751ms,202751,379.625,0.195450
202783ms,202783,380.218,0.195692
202815ms,202815,380.950,0.196107
202847ms,202847,381.642,0.196380
202911ms,202911,383.030,0.197246
202959ms,202959,383.735,0.197664
202991ms,202991,384.546,0.198051
203023ms,203023,385.345,0.198540
203055ms,203055,386.146,0.199122
203087ms,203087,386.560,0.199448
203119ms,203119,386.299,0.199226
203151ms,203151,386.477,0.199299
203214ms,203214,386.415,0.199240
203279ms,203279,386.463,0.199246
203311ms,203311,386.487,0.199309
203343ms,203343,386.495,0.199262
203390ms,203390,386.483,0.199217
203423ms,203423,386.547,0.199166
203455ms,203455,386.538,0.199224
203486ms,203486,386.574,0.199351
203519ms,203519,386.211,0.199381
203551ms,203551,384.905,0.198845
203583ms,203583,383.621,0.198247
203615ms,203615,382.467,0.197628
203647ms,203647,381.185,0.197088
203679ms,203679,379.953,0.196300
203711ms,203711,379.037,0.195835
203743ms,203743,378.178,0.195179
203791ms,203791,377.971,0.195352
203822ms,203822,377.193,0.195185
203855ms,203855,376.981,0.194937
203887ms,203887,377.116,0.194648
203918ms,203918,377.130,0.194604
203951ms,203951,377.037,0.194444
203983ms,203983,376.956,0.194354
204015ms,204015,377.111,0.194409
204047ms,204047,377.190,0.194306
204079ms,204079,377.532,0.194577
204111ms,204111,377.779,0.194456
204143ms,204143,378.292,0.194696
204190ms,204190,378.792,0.195067
204222ms,204222,379.398,0.195340
204254ms,204254,379.955,0.195620
204286ms,204286,380.508,0.195874
204319ms,204319,381.223,0.196227
204351ms,204351,381.840,0.196510
204383ms,204383,382.679,0.197034
204447ms,204447,384.139,0.197833
204479ms,204479,385.037,0.198421
204511ms,204511,385.729,0.198952
204543ms,204543,386.469,0.199213
204591ms,204591,386.375,0.199301
204622ms,204622,386.464,0.199232
204655ms,204655,386.434,0.199233
204719ms,204719,386.418,0.199307
204751ms,204751,386.405,0.199251
204783ms,204783,386.457,0.199193
204815ms,204815,386.435,0.199184
204847ms,204847,386.412,0.199138
204879ms,204879,386.450,0.199170
204911ms,204911,386.459,0.199224
204943ms,204943,386.447,0.199325
204991ms,204991,386.565,0.199433
205023ms,205023,385.801,0.199285
205054ms,205054,384.419,0.198654
205087ms,205087,383.348,0.197944
205119ms,205119,382.048,0.197395
205150ms,205150,380.787,0.196765
205182ms,205182,379.709,0.196087
205215ms,205215,378.702,0.195682
205246ms,205246,378.062,0.195172
205279ms,205279,378.003,0.195523
205311ms,205311,377.033,0.194791
205391ms,205391,376.996,0.194642
205423ms,205423,377.141,0.194433
205454ms,205454,377.000,0.194621
205486ms,205486,377.010,0.194411
205519ms,205519,377.072,0.194401
205551ms,205551,377.297,0.194380
205583ms,205583,377.605,0.194309
205615ms,205615,377.978,0.194593
205647ms,205647,378.411,0.194808
205679ms,205679,378.925,0.195147
205711ms,205711,379.477,0.195277
205743ms,205743,380.070,0.195594
205790ms,205790,380.617,0.195991
205823ms,205823,381.388,0.196342
205854ms,205854,382.061,0.196747
205886ms,205886,382.838,0.197059
205919ms,205919,383.514,0.197483
205951ms,205951,384.251,0.197957
205983ms,205983,385.056,0.198458
206015ms,206015,385.831,0.198919
206047ms,206047,386.491,0.199347
206079ms,206079,386.295,0.199462
206111ms,206111,386.392,0.199198
206143ms,206143,386.321,0.199217
206222ms,206222,386.426,0.199174
206255ms,206255,386.419,0.199280
206287ms,206287,386.412,0.199148
206318ms,206318,386.430,0.199171
206351ms,206351,386.382,0.199235
206382ms,206382,386.360,0.199195
206415ms,206415,386.438,0.199207
206447ms,206447,386.548,0.199294
206479ms,206479,386.530,0.199420
206511ms,206511,385.447,0.199135
206543ms,206543,384.190,0.198497
206590ms,206590,383.030,0.197794
206623ms,206623,381.649,0.197144
206655ms,206655,380.490,0.196685
206686ms,206686,379.395,0.195978
206719ms,206719,378.398,0.195669
206751ms,206751,377.957,0.195154
206783ms,206783,377.745,0.195385
206815ms,206815,376.935,0.194694
206847ms,206847,377.002,0.194869
206879ms,206879,377.035,0.194754
206911ms,206911,377.058,0.194568
206943ms,206943,376.970,0.194481
206991ms,206991,377.033,0.194358
207022ms,207022,377.201,0.194420
207055ms,207055,377.422,0.194465
207087ms,207087,377.783,0.194483
207119ms,207119,378.089,0.194785
207150ms,207150,378.659,0.194825
207183ms,207183,379.145,0.195163
207214ms,207214,379.678,0.195412
207247ms,207247,380.236,0.195783
207279ms,207279,380.943,0.196106
207311ms,207311,381.632,0.196383
207343ms,207343,382.315,0.196823
207391ms,207391,382.924,0.197199
207422ms,207422,383.658,0.197601
207454ms,207454,384.555,0.198028
207486ms,207486,385.350,0.198522
207518ms,207518,386.163,0.199099
207551ms,207551,386.676,0.199500
207583ms,207583,386.369,0.199405
207615ms,207615,386.549,0.199374
207647ms,207647,386.538,0.199284
207711ms,207711,386.587,0.199345
207743ms,207743,386.544,0.199297
207791ms,207791,386.555,0.199351
207822ms,207822,386.598,0.199260
207855ms,207855,386.581,0.199307
207886ms,207886,386.581,0.199267
207918ms,207918,386.616,0.199361
207951ms,207951,386.595,0.199340
207983ms,207983,386.556,0.199457
208015ms,208015,385.408,0.199163
208047ms,208047,384.138,0.198422
208079ms,208079,382.797,0.197734
208111ms,208111,381.700,0.197283
208143ms,208143,380.463,0.196613
208175ms,208175,379.366,0.196070
208222ms,208222,378.441,0.195575
208254ms,208254,378.017,0.195285
208286ms,208286,377.773,0.195527
208318ms,208318,377.005,0.194767
208350ms,208350,377.053,0.194880
208383ms,208383,377.136,0.194443
208415ms,208415,377.061,0.194553
208447ms,208447,377.013,0.194417
208479ms,208479,377.206,0.194532
208511ms,208511,377.223,0.194419
208543ms,208543,377.408,0.194458
208575ms,208575,377.795,0.194537
208622ms,208622,378.142,0.194730
208654ms,208654,378.602,0.194846
208687ms,208687,379.188,0.195164
208719ms,208719,379.685,0.195532
208751ms,208751,380.313,0.195717
208783ms,208783,380.974,0.196267
208815ms,208815,381.636,0.196431
208847ms,208847,382.341,0.196820
208879ms,208879,383.015,0.197253
208911ms,208911,383.763,0.197694
208943ms,208943,384.558,0.198136
208975ms,208975,385.424,0.198626
209023ms,209023,386.110,0.199154
209054ms,209054,386.472,0.199435
209119ms,209119,386.352,0.199231
209151ms,209151,386.419,0.199154
209182ms,209182,386.342,0.199200
209278ms,209278,386.443,0.199159
209342ms,209342,386.424,0.199217
209375ms,209375,386.458,0.199240
209422ms,209422,386.499,0.199229
209486ms,209486,386.338,0.199466
209519ms,209519,384.966,0.198931
209550ms,209550,383.734,0.198374
209583ms,209583,382.603,0.197467
209614ms,209614,381.386,0.197046
209647ms,209647,380.289,0.196400
209679ms,209679,379.158,0.196081
209711ms,209711,378.344,0.195571
209743ms,209743,377.970,0.195299
209775ms,209775,377.503,0.195550
209822ms,209822,376.940,0.194784
209854ms,209854,377.145,0.194687
209886ms,209886,377.174,0.194603
209919ms,209919,377.027,0.194468
209951ms,209951,376.945,0.194308
209983ms,209983,377.060,0.194389
210015ms,210015,377.166,0.194339
210047ms,210047,377.537,0.194402
210079ms,210079,377.792,0.194684
210111ms,210111,378.207,0.194769
210143ms,210143,378.716,0.195029
210175ms,210175,379.263,0.195265
210222ms,210222,379.761,0.195537
210254ms,210254,380.456,0.195699
210286ms,210286,381.130,0.196196
210319ms,210319,381.794,0.196462
210351ms,210351,382.520,0.196940
210383ms,210383,383.218,0.197389
210414ms,210414,383.908,0.197712
210447ms,210447,384.711,0.198214
210479ms,210479,385.587,0.198750
210511ms,210511,386.274,0.199089
210543ms,210543,386.452,0.199445
210575ms,210575,386.407,0.199275
210623ms,210623,386.418,0.199173
210654ms,210654,386.379,0.199197
210686ms,210686,386.440,0.199221
210718ms,210718,386.414,0.199163
210750ms,210750,386.422,0.199248
210783ms,210783,386.415,0.199201
210815ms,210815,386.430,0.199232
210847ms,210847,386.426,0.199166
210879ms,210879,386.526,0.199296
210911ms,210911,386.485,0.199263
210943ms,210943,386.585,0.199487
210975ms,210975,385.882,0.199288
211022ms,211022,384.609,0.198719
211054ms,211054,383.397,0.197849
211086ms,211086,382.095,0.197354
211118ms,211118,380.941,0.197037
211151ms,211151,379.693,0.196248
211182ms,211182,378.747,0.195794
211214ms,211214,378.230,0.195475
211247ms,211247,377.904,0.195654
211279ms,211279,377.082,0.194960
211343ms,211343,376.990,0.194730
211375ms,211375,377.115,0.194426
211423ms,211423,377.061,0.194632
211454ms,211454,377.037,0.194320
211486ms,211486,377.101,0.194415
211519ms,211519,377.260,0.194362
211551ms,211551,377.572,0.194358
211583ms,211583,377.958,0.194605
211615ms,211615,378.449,0.194895
211647ms,211647,379.091,0.195044
211679ms,211679,379.443,0.195293
211743ms,211743,380.697,0.196072
211775ms,211775,381.350,0.196272
211823ms,211823,382.044,0.196726
211854ms,211854,382.728,0.197149
211886ms,211886,383.447,0.197312
211919ms,211919,384.179,0.197879
211951ms,211951,385.155,0.198461
211983ms,211983,385.926,0.198992
212015ms,212015,386.622,0.199431
212047ms,212047,386.375,0.199586
212079ms,212079,386.524,0.199258
212111ms,212111,386.476,0.199214
212143ms,212143,386.473,0.199225
212175ms,212175,386.455,0.199266
212223ms,212223,386.532,0.199348
212319ms,212319,386.528,0.199261
212351ms,212351,386.490,0.199334
212383ms,212383,386.498,0.199356
212415ms,212415,386.530,0.199335
212447ms,212447,386.579,0.199438
212479ms,212479,385.492,0.199217
212511ms,212511,384.211,0.198568
212543ms,212543,382.934,0.197901
212575ms,212575,381.657,0.197222
212623ms,212623,380.537,0.196627
212654ms,212654,379.488,0.196088
212687ms,212687,378.525,0.195551
212719ms,212719,378.093,0.195286
212751ms,212751,377.833,0.195581
212782ms,212782,377.018,0.194732
212815ms,212815,377.048,0.194996
212847ms,212847,377.126,0.194585
212879ms,212879,377.077,0.194510
212911ms,212911,377.001,0.194504
212943ms,212943,377.084,0.194479
212975ms,212975,377.210,0.194438
213023ms,213023,377.374,0.194412
213054ms,213054,377.713,0.194548
213086ms,213086,378.071,0.194549
213119ms,213119,378.528,0.194908
213150ms,213150,379.135,0.195096
213183ms,213183,379.560,0.195408
213214ms,213214,380.152,0.195766
213246ms,213246,380.910,0.196068
213279ms,213279,381.479,0.196385
213311ms,213311,382.121,0.196780
213343ms,213343,382.908,0.197119
213375ms,213375,383.633,0.197400
213407ms,213407,384.467,0.197991
213454ms,213454,385.275,0.198442
213487ms,213487,386.091,0.199037
213518ms,213518,386.470,0.199377
213551ms,213551,386.290,0.199286
213614ms,213614,386.380,0.199222
213646ms,213646,386.372,0.199249
213679ms,213679,386.409,0.199236
213711ms,213711,386.388,0.199210
213743ms,213743,386.435,0.199205
213775ms,213775,386.429,0.199190
213807ms,213807,386.423,0.199155
213886ms,213886,386.479,0.199266
213919ms,213919,386.530,0.199339
213951ms,213951,386.315,0.199325
213982ms,213982,385.033,0.198966
214015ms,214015,383.797,0.198291
214047ms,214047,382.650,0.197569
214079ms,214079,381.449,0.197118
214111ms,214111,380.393,0.196458
214143ms,214143,379.275,0.196092
214175ms,214175,378.365,0.195516
214207ms,214207,377.973,0.195271
214255ms,214255,377.553,0.195362
214319ms,214319,377.038,0.194710
214383ms,214383,377.054,0.194606
214415ms,214415,376.954,0.194538
214478ms,214478,377.237,0.194402
214511ms,214511,377.512,0.194397
214543ms,214543,377.727,0.194654
214575ms,214575,378.194,0.194712
214607ms,214607,378.677,0.195033
214655ms,214655,379.283,0.195286
214687ms,214687,379.759,0.195452
214718ms,214718,380.425,0.195810
214751ms,214751,381.098,0.196109
214782ms,214782,381.798,0.196535
214814ms,214814,382.461,0.196892
214847ms,214847,383.160,0.197271
214878ms,214878,383.914,0.197705
214911ms,214911,384.709,0.198300
214943ms,214943,385.540,0.198717
214975ms,214975,386.244,0.199063
215007ms,215007,386.532,0.199412
215054ms,215054,386.348,0.199212
215086ms,215086,386.367,0.199215
215118ms,215118,386.442,0.199190
215150ms,215150,386.490,0.199235
215182ms,215182,386.405,0.199217
215214ms,215214,386.394,0.199247
215246ms,215246,386.388,0.199237
215279ms,215279,386.383,0.199239
215311ms,215311,386.410,0.199182
215343ms,215343,386.538,0.199250
215375ms,215375,386.537,0.199169
215407ms,215407,386.579,0.199417
215454ms,215454,385.942,0.199326
215487ms,215487,384.655,0.198770
215518ms,215518,383.281,0.198056
215551ms,215551,382.156,0.197564
215583ms,215583,380.949,0.196845
215615ms,215615,379.857,0.196366
215647ms,215647,378.799,0.195798
215679ms,215679,378.182,0.195280
215711ms,215711,377.936,0.195615
215743ms,215743,376.988,0.194977
215775ms,215775,376.979,0.195137
215807ms,215807,377.039,0.194811
215807ms,215807,377.039,0.194811
215855ms,215855,377.171,0.194528
215855ms,215855,377.171,0.194528
215918ms,215918,377.055,0.194425
215918ms,215918,377.055,0.194425
215951ms,215951,377.075,0.194394
215951ms,215951,377.075,0.194394
215983ms,215983,377.287,0.194474
215983ms,215983,377.287,0.194474
216014ms,216014,377.626,0.194433
216047ms,216047,377.888,0.194701
216078ms,216078,378.393,0.194857
216111ms,216111,379.010,0.195002
216143ms,216143,379.511,0.195336
216175ms,216175,380.058,0.195682
216207ms,216207,380.584,0.195980
216254ms,216254,381.306,0.196325
216287ms,216287,381.904,0.196546
216319ms,216319,382.652,0.197045
216350ms,216350,383.388,0.197504
216383ms,216383,384.129,0.197782
216415ms,216415,384.911,0.198353
216447ms,216447,385.693,0.198842
216510ms,216510,386.435,0.199429
216574ms,216574,386.428,0.199173
216654ms,216654,386.417,0.199211
216686ms,216686,386.386,0.199220
216718ms,216718,386.355,0.199188
216782ms,216782,386.444,0.199156
216815ms,216815,386.429,0.199223
216847ms,216847,386.488,0.199236
216879ms,216879,386.464,0.199255
216911ms,216911,386.589,0.199367
216943ms,216943,385.882,0.199306
216974ms,216974,384.586,0.198795
217007ms,217007,383.351,0.197956
217054ms,217054,382.089,0.197338
217086ms,217086,380.843,0.196834
217118ms,217118,379.757,0.196250
217150ms,217150,378.785,0.195714
217182ms,217182,378.187,0.195388
217215ms,217215,377.868,0.195637
217247ms,217247,377.114,0.194897
217279ms,217279,376.946,0.195018
217311ms,217311,377.067,0.194788
217343ms,217343,377.149,0.194479
217375ms,217375,376.994,0.194433
217407ms,217407,377.014,0.194347
217454ms,217454,377.132,0.194534
217486ms,217486,377.248,0.194373
217518ms,217518,377.646,0.194463
217551ms,217551,377.827,0.194591
217583ms,217583,378.339,0.194846
217614ms,217614,378.823,0.194864
217647ms,217647,379.390,0.195431
217678ms,217678,380.000,0.195519
217711ms,217711,380.552,0.195872
217743ms,217743,381.197,0.196127
217775ms,217775,381.866,0.196624
217807ms,217807,382.631,0.196964
217854ms,217854,383.303,0.197437
217886ms,217886,384.015,0.197715
217919ms,217919,384.849,0.198278
217950ms,217950,385.715,0.198800
217982ms,217982,386.466,0.199236
218014ms,218014,386.444,0.199482
218046ms,218046,386.497,0.199241
218078ms,218078,386.433,0.199226
218143ms,218143,386.490,0.199216
218174ms,218174,386.470,0.199229
218238ms,218238,386.462,0.199243
218286ms,218286,386.455,0.199257
218318ms,218318,386.464,0.199219
218350ms,218350,386.527,0.199309
218383ms,218383,386.545,0.199338
218414ms,218414,386.617,0.199454
218447ms,218447,385.819,0.199256
218479ms,218479,384.357,0.198617
218511ms,218511,383.172,0.197879
218543ms,218543,381.890,0.197368
218575ms,218575,380.769,0.196976
218607ms,218607,379.652,0.196152
218639ms,218639,378.733,0.195563
218686ms,218686,378.059,0.195280
218718ms,218718,377.884,0.195616
218750ms,218750,377.007,0.194787
218782ms,218782,376.940,0.194814
218814ms,218814,376.975,0.194672
218846ms,218846,377.114,0.194549
218879ms,218879,376.997,0.194438
218911ms,218911,376.974,0.194513
218943ms,218943,377.115,0.194382
218975ms,218975,377.254,0.194279
219007ms,219007,377.617,0.194417
219039ms,219039,377.939,0.194618
219086ms,219086,378.320,0.194816
219118ms,219118,378.934,0.195052
219150ms,219150,379.417,0.195318
219182ms,219182,379.998,0.195681
219214ms,219214,380.657,0.195980
219246ms,219246,381.329,0.196230
219278ms,219278,381.950,0.196578
219310ms,219310,382.648,0.197025
219342ms,219342,383.300,0.197449
219375ms,219375,384.028,0.197844
219407ms,219407,384.945,0.198391
219439ms,219439,385.689,0.198877
219518ms,219518,386.342,0.199369
219550ms,219550,386.364,0.199189
219583ms,219583,386.344,0.199252
219614ms,219614,386.337,0.199206
219647ms,219647,386.370,0.199228
219678ms,219678,386.328,0.199235
219710ms,219710,386.350,0.199138
219742ms,219742,386.344,0.199221
219774ms,219774,386.378,0.199216
219807ms,219807,386.387,0.199169
219839ms,219839,386.480,0.199220
219886ms,219886,386.469,0.199297
219918ms,219918,386.571,0.199440
219950ms,219950,385.733,0.199242
219982ms,219982,384.455,0.198623
220014ms,220014,383.186,0.197867
220046ms,220046,381.875,0.197303
220078ms,220078,380.827,0.196856
220110ms,220110,379.753,0.196052
220174ms,220174,378.073,0.195305
220206ms,220206,377.930,0.195568
220239ms,220239,376.967,0.194780
220286ms,220286,376.939,0.194973
220318ms,220318,377.083,0.194717
220350ms,220350,377.135,0.194469
220382ms,220382,376.965,0.194434
220414ms,220414,376.964,0.194339
220446ms,220446,377.053,0.194432
220479ms,220479,377.231,0.194434
220511ms,220511,377.653,0.194442
220543ms,220543,377.881,0.194497
220575ms,220575,378.250,0.194694
220607ms,220607,378.814,0.195010
220639ms,220639,379.443,0.195435
220686ms,220686,379.948,0.195563
220718ms,220718,380.542,0.195867
220751ms,220751,381.230,0.196230
220783ms,220783,381.890,0.196600
220814ms,220814,382.676,0.197091
220846ms,220846,383.295,0.197510
220878ms,220878,384.043,0.197936
220910ms,220910,384.888,0.198302
220942ms,220942,385.797,0.198854
220975ms,220975,386.403,0.199206
221007ms,221007,386.408,0.199410
221038ms,221038,386.362,0.199200
221086ms,221086,386.318,0.199249
221118ms,221118,386.324,0.199196
221182ms,221182,386.324,0.199211
221215ms,221215,386.336,0.199221
221247ms,221247,386.403,0.199240
221279ms,221279,386.347,0.199246
221311ms,221311,386.339,0.199216
221343ms,221343,386.451,0.199226
221375ms,221375,386.482,0.199216
221407ms,221407,386.578,0.199435
221439ms,221439,385.699,0.199194
221486ms,221486,384.384,0.198623
221518ms,221518,383.061,0.198014
221550ms,221550,381.802,0.197339
221582ms,221582,380.604,0.196817
221614ms,221614,379.551,0.196002
221646ms,221646,378.539,0.195550
221678ms,221678,378.150,0.195301
221710ms,221710,377.724,0.195639
221742ms,221742,376.986,0.194761
221774ms,221774,377.053,0.194853
221807ms,221807,377.066,0.194770
221839ms,221839,377.010,0.194443
221887ms,221887,376.934,0.194531
221918ms,221918,377.026,0.194415
221950ms,221950,377.174,0.194438
221982ms,221982,377.370,0.194335
222015ms,222015,377.675,0.194465
222046ms,222046,378.035,0.194724
222078ms,222078,378.511,0.194953
222111ms,222111,379.153,0.195093
222143ms,222143,379.517,0.195278
222174ms,222174,380.138,0.195711
222207ms,222207,380.917,0.196119
222239ms,222239,381.495,0.196387
222318ms,222318,382.817,0.197069
222382ms,222382,384.414,0.197891
222414ms,222414,385.308,0.198395
222446ms,222446,386.000,0.199041
222479ms,222479,386.504,0.199379
222511ms,222511,386.212,0.199315
222543ms,222543,386.375,0.199118
222575ms,222575,386.319,0.199231
222607ms,222607,386.330,0.199226
222639ms,222639,386.385,0.199239
222671ms,222671,386.362,0.199165
222718ms,222718,386.407,0.199256
222750ms,222750,386.375,0.199206
222782ms,222782,386.341,0.199221
222814ms,222814,386.394,0.199211
222846ms,222846,386.471,0.199246
222878ms,222878,386.517,0.199314
222910ms,222910,386.459,0.199482
222943ms,222943,385.183,0.199081
222975ms,222975,383.963,0.198337
223007ms,223007,382.665,0.197650
223039ms,223039,381.356,0.197164
223071ms,223071,380.364,0.196589
223118ms,223118,379.247,0.196075
223150ms,223150,378.354,0.195507
223182ms,223182,377.942,0.195349
223215ms,223215,377.607,0.195430
223247ms,223247,376.897,0.194804
223310ms,223310,377.055,0.194703
223343ms,223343,377.028,0.194593
223375ms,223375,377.014,0.194508
223407ms,223407,377.074,0.194525
223439ms,223439,377.255,0.194416
223471ms,223471,377.343,0.194430
223518ms,223518,377.687,0.194505
223550ms,223550,378.069,0.194690
223582ms,223582,378.633,0.194944
223614ms,223614,379.159,0.195201
223647ms,223647,379.645,0.195471
223678ms,223678,380.237,0.195715
223711ms,223711,381.042,0.196036
223743ms,223743,381.577,0.196393
223775ms,223775,382.261,0.196876
223807ms,223807,382.979,0.197301
223839ms,223839,383.666,0.197547
223871ms,223871,384.587,0.198000
223918ms,223918,385.317,0.198535
223950ms,223950,386.078,0.199003
223982ms,223982,386.517,0.199352
224015ms,224015,386.251,0.199267
224046ms,224046,386.411,0.199197
224078ms,224078,386.422,0.199236
224111ms,224111,386.358,0.199220
224143ms,224143,386.414,0.199240
224174ms,224174,386.428,0.199221
224207ms,224207,386.403,0.199254
224239ms,224239,386.390,0.199194
224271ms,224271,386.429,0.199281
224318ms,224318,386.454,0.199227
224350ms,224350,386.545,0.199282
224382ms,224382,386.519,0.199209
224414ms,224414,386.364,0.199448
224478ms,224478,383.857,0.198346
224511ms,224511,382.661,0.197610
224542ms,224542,381.358,0.197232
224575ms,224575,380.250,0.196521
224638ms,224638,378.343,0.195381
224671ms,224671,378.011,0.195317
224718ms,224718,377.647,0.195342
224750ms,224750,376.952,0.194704
224782ms,224782,377.092,0.194735
224814ms,224814,377.024,0.194676
224846ms,224846,377.021,0.194627
224879ms,224879,376.958,0.194403
224911ms,224911,377.073,0.194442
224943ms,224943,377.145,0.194355
224975ms,224975,377.420,0.194402
225007ms,225007,377.719,0.194580
225039ms,225039,378.223,0.194806
225071ms,225071,378.679,0.194950
225118ms,225118,379.170,0.195250
225150ms,225150,379.712,0.195459
225182ms,225182,380.252,0.195799
225214ms,225214,381.015,0.196169
225278ms,225278,382.277,0.196760
225311ms,225311,383.034,0.197263
225342ms,225342,383.716,0.197580
225375ms,225375,384.587,0.198196
225407ms,225407,385.463,0.198771
225439ms,225439,386.209,0.199121
225471ms,225471,386.508,0.199371
225518ms,225518,386.357,0.199332
225550ms,225550,386.407,0.199208
225582ms,225582,386.402,0.199186
225614ms,225614,386.412,0.199205
225647ms,225647,386.392,0.199207
225679ms,225679,386.425,0.199167
225711ms,225711,386.410,0.199282
225743ms,225743,386.427,0.199262
225775ms,225775,386.443,0.199224
225807ms,225807,386.453,0.199201
225839ms,225839,386.538,0.199260
225870ms,225870,386.517,0.199320
225918ms,225918,386.325,0.199436
225950ms,225950,384.905,0.198886
225982ms,225982,383.715,0.198167
226014ms,226014,382.457,0.197715
226046ms,226046,381.161,0.197037
226079ms,226079,379.998,0.196392
226111ms,226111,379.005,0.195718
226143ms,226143,378.228,0.195308
226174ms,226174,377.987,0.195445
226206ms,226206,377.257,0.195170
226238ms,226238,377.026,0.194815
226271ms,226271,377.155,0.194741
226318ms,226318,377.041,0.194589
226350ms,226350,376.969,0.194724
226382ms,226382,377.057,0.194473
226414ms,226414,376.966,0.194262
226446ms,226446,377.219,0.194511
226478ms,226478,377.488,0.194394
226511ms,226511,377.830,0.194502
226542ms,226542,378.264,0.194738
226575ms,226575,378.813,0.194946
226606ms,226606,379.406,0.195299
226639ms,226639,379.977,0.195531
226671ms,226671,380.517,0.195906
226718ms,226718,381.219,0.196206
226750ms,226750,381.878,0.196697
226782ms,226782,382.636,0.197019
226814ms,226814,383.275,0.197457
226846ms,226846,383.980,0.197849
226879ms,226879,384.793,0.198318
226910ms,226910,385.688,0.198839
226943ms,226943,386.422,0.199264
227006ms,227006,386.459,0.199198
227039ms,227039,386.401,0.199218
227071ms,227071,386.411,0.199220
227118ms,227118,386.409,0.199167
227182ms,227182,386.403,0.199190
227246ms,227246,386.404,0.199181
227278ms,227278,386.417,0.199209
227311ms,227311,386.515,0.199206
227343ms,227343,386.497,0.199188
227375ms,227375,386.556,0.199481
227407ms,227407,386.014,0.199381
227439ms,227439,384.691,0.198720
227471ms,227471,383.503,0.198102
227518ms,227518,382.245,0.197526
227550ms,227550,381.045,0.197067
227582ms,227582,379.895,0.196440
227614ms,227614,378.902,0.195750
227647ms,227647,378.103,0.195357
227679ms,227679,377.912,0.195391
227711ms,227711,377.182,0.194949
227743ms,227743,376.951,0.195039
227775ms,227775,376.991,0.194588
227838ms,227838,377.051,0.194410
227871ms,227871,376.976,0.194314
227950ms,227950,377.299,0.194469
227982ms,227982,377.658,0.194495
228014ms,228014,377.868,0.194582
228046ms,228046,378.264,0.194856
228078ms,228078,378.958,0.195130
228110ms,228110,379.469,0.195369
228143ms,228143,380.005,0.195573
228174ms,228174,380.637,0.195883
228207ms,228207,381.291,0.196290
228239ms,228239,381.988,0.196593
228271ms,228271,382.711,0.197086
228318ms,228318,383.371,0.197402
228350ms,228350,383.995,0.197862
228383ms,228383,384.958,0.198444
228414ms,228414,385.722,0.198804
228446ms,228446,386.518,0.199266
228478ms,228478,386.522,0.199458
228511ms,228511,386.405,0.199258
228542ms,228542,386.366,0.199231
228574ms,228574,386.364,0.199164
228607ms,228607,386.376,0.199199
228639ms,228639,386.402,0.199203
228671ms,228671,386.397,0.199265
228718ms,228718,386.407,0.199272
228750ms,228750,386.375,0.199227
228782ms,228782,386.391,0.199186
228814ms,228814,386.492,0.199239
228846ms,228846,386.486,0.199225
228878ms,228878,386.544,0.199380
228910ms,228910,385.870,0.199413
228943ms,228943,384.642,0.198764
228975ms,228975,383.365,0.197942
229007ms,229007,382.041,0.197333
229039ms,229039,380.794,0.196732
229071ms,229071,379.688,0.196255
229103ms,229103,378.692,0.195510
229150ms,229150,378.073,0.195349
229182ms,229182,377.964,0.195400
229214ms,229214,377.050,0.194858
229247ms,229247,376.985,0.194921
229278ms,229278,377.123,0.194487
229311ms,229311,377.084,0.194516
229343ms,229343,376.991,0.194568
229375ms,229375,377.117,0.194542
229407ms,229407,377.094,0.194495
229439ms,229439,377.314,0.194353
229471ms,229471,377.598,0.194468
229503ms,229503,377.934,0.194611
229550ms,229550,378.418,0.194843
229582ms,229582,379.042,0.195034
229614ms,229614,379.522,0.195285
229646ms,229646,380.077,0.195640
229678ms,229678,380.712,0.195995
229710ms,229710,381.447,0.196306
229743ms,229743,382.061,0.196786
229774ms,229774,382.791,0.197184
229806ms,229806,383.569,0.197568
229839ms,229839,384.233,0.197900
229871ms,229871,385.143,0.198526
229903ms,229903,385.989,0.198977
229950ms,229950,386.575,0.199384
229982ms,229982,386.383,0.199585
230014ms,230014,386.510,0.199276
230046ms,230046,386.508,0.199304
230078ms,230078,386.489,0.199306
230110ms,230110,386.523,0.199275
230142ms,230142,386.500,0.199216
230174ms,230174,386.463,0.199246
230206ms,230206,386.505,0.199274
230238ms,230238,386.484,0.199322
230270ms,230270,386.539,0.199305
230303ms,230303,386.540,0.199389
230350ms,230350,386.564,0.199289
230382ms,230382,386.661,0.199394
230414ms,230414,385.727,0.199261
230446ms,230446,384.430,0.198558
230478ms,230478,383.150,0.197842
230511ms,230511,381.903,0.197324
230542ms,230542,380.779,0.196756
230575ms,230575,379.617,0.196133
230607ms,230607,378.535,0.195573
230639ms,230639,378.015,0.195360
230671ms,230671,377.917,0.195640
230703ms,230703,377.033,0.194886
230750ms,230750,376.958,0.194962
230782ms,230782,377.135,0.194703
230814ms,230814,377.039,0.194470
230846ms,230846,377.039,0.194571
230878ms,230878,377.069,0.194461
230910ms,230910,377.199,0.194351
230943ms,230943,377.363,0.194570
230974ms,230974,377.660,0.194550
231006ms,231006,378.013,0.194690
231039ms,231039,378.515,0.194951
231071ms,231071,379.020,0.195206
231103ms,231103,379.469,0.195269
231150ms,231150,380.093,0.195598
231182ms,231182,380.777,0.196075
231214ms,231214,381.437,0.196475
231246ms,231246,382.129,0.196772
231278ms,231278,382.803,0.197130
231310ms,231310,383.519,0.197472
231342ms,231342,384.265,0.197956
231374ms,231374,385.077,0.198333
231407ms,231407,385.884,0.198985
231439ms,231439,386.499,0.199367
231503ms,231503,386.483,0.199294
231550ms,231550,386.476,0.199258
231582ms,231582,386.454,0.199252
231614ms,231614,386.466,0.199198
231646ms,231646,386.471,0.199190
231678ms,231678,386.497,0.199148
231710ms,231710,386.489,0.199251
231742ms,231742,386.427,0.199214
231774ms,231774,386.394,0.199290
231806ms,231806,386.523,0.199222
231839ms,231839,386.532,0.199206
231870ms,231870,386.466,0.199380
231903ms,231903,385.293,0.199162
231950ms,231950,384.054,0.198386
231982ms,231982,382.813,0.197780
232014ms,232014,381.555,0.197249
232046ms,232046,380.452,0.196672
232078ms,232078,379.427,0.196097
232110ms,232110,378.437,0.195554
232142ms,232142,378.081,0.195164
232174ms,232174,377.714,0.195620
232238ms,232238,377.107,0.194941
232270ms,232270,377.235,0.194608
232350ms,232350,376.961,0.194567
232382ms,232382,377.065,0.194444
232414ms,232414,377.190,0.194398
232446ms,232446,377.411,0.194453
232478ms,232478,377.666,0.194524
232510ms,232510,378.227,0.194789
232542ms,232542,378.602,0.194909
232574ms,232574,379.113,0.195244
232606ms,232606,379.724,0.195470
232638ms,232638,380.248,0.195617
232671ms,232671,380.950,0.196085
232703ms,232703,381.618,0.196604
232734ms,232734,382.216,0.196870
232782ms,232782,382.923,0.197093
232814ms,232814,383.657,0.197503
232846ms,232846,384.579,0.198031
232878ms,232878,385.302,0.198530
232910ms,232910,386.070,0.199048
232974ms,232974,386.204,0.199370
233007ms,233007,386.457,0.199152
233070ms,233070,386.447,0.199274
233103ms,233103,386.457,0.199296
233150ms,233150,386.398,0.199258
233182ms,233182,386.430,0.199265
233214ms,233214,386.536,0.199204
233246ms,233246,386.441,0.199229
233278ms,233278,386.529,0.199194
233310ms,233310,386.564,0.199265
233342ms,233342,386.518,0.199316
233374ms,233374,386.381,0.199350
233406ms,233406,385.074,0.198928
233438ms,233438,383.874,0.198312
233470ms,233470,382.764,0.197660
233502ms,233502,381.455,0.197043
233550ms,233550,380.322,0.196593
233582ms,233582,379.185,0.195966
233614ms,233614,378.475,0.195509
233646ms,233646,378.007,0.195211
233679ms,233679,377.618,0.195526
233710ms,233710,377.019,0.194645
233742ms,233742,377.001,0.194927
233774ms,233774,376.979,0.194672
233806ms,233806,377.030,0.194581
233838ms,233838,376.980,0.194484
233870ms,233870,377.180,0.194568
233902ms,233902,377.312,0.194365
233950ms,233950,377.513,0.194425
233982ms,233982,377.737,0.194441
234014ms,234014,378.066,0.194629
234046ms,234046,378.592,0.194778
234078ms,234078,379.192,0.195154
234110ms,234110,379.702,0.195463
234142ms,234142,380.304,0.195636
234174ms,234174,380.971,0.195954
234206ms,234206,381.660,0.196441
234239ms,234239,382.371,0.196804
234271ms,234271,383.032,0.197275
234303ms,234303,383.794,0.197748
234335ms,234335,384.568,0.198087
234382ms,234382,385.372,0.198591
234414ms,234414,386.167,0.199020
234446ms,234446,386.572,0.199537
234479ms,234479,386.391,0.199342
234511ms,234511,386.458,0.199221
234542ms,234542,386.488,0.199328
234574ms,234574,386.504,0.199285
234607ms,234607,386.480,0.199289
234639ms,234639,386.542,0.199291
234671ms,234671,386.489,0.199244
234703ms,234703,386.508,0.199288
234735ms,234735,386.495,0.199275
234782ms,234782,386.571,0.199273
234846ms,234846,386.615,0.199268
234878ms,234878,386.453,0.199432
234910ms,234910,385.166,0.199054
234942ms,234942,383.863,0.198338
234974ms,234974,382.743,0.197569
235006ms,235006,381.501,0.197053
235039ms,235039,380.442,0.196492
235071ms,235071,379.385,0.195986
235103ms,235103,378.487,0.195627
235182ms,235182,377.731,0.195625
235214ms,235214,377.081,0.194775
235246ms,235246,377.132,0.194701
235278ms,235278,377.062,0.194536
235310ms,235310,376.985,0.194576
235343ms,235343,376.957,0.194327
235374ms,235374,376.985,0.194328
235406ms,235406,377.195,0.194457
235503ms,235503,378.070,0.194657
235534ms,235534,378.553,0.194952
235582ms,235582,379.144,0.195231
235646ms,235646,380.242,0.195647
235678ms,235678,381.027,0.196121
235710ms,235710,381.565,0.196464
235742ms,235742,382.231,0.196741
235775ms,235775,382.946,0.197251
235806ms,235806,383.683,0.197549
235838ms,235838,384.486,0.198009
235870ms,235870,385.254,0.198422
235902ms,235902,386.206,0.199118
235934ms,235934,386.736,0.199592
235982ms,235982,386.506,0.199433
236014ms,236014,386.693,0.199378
236078ms,236078,386.772,0.199367
236110ms,236110,386.737,0.199366
236142ms,236142,386.753,0.199357
236174ms,236174,386.787,0.199377
236206ms,236206,386.760,0.199376
236238ms,236238,386.733,0.199304
236270ms,236270,386.716,0.199317
236302ms,236302,386.722,0.199496
236334ms,236334,386.788,0.199381
236382ms,236382,386.650,0.199522
236414ms,236414,385.316,0.199113
236446ms,236446,384.039,0.198431
236478ms,236478,382.806,0.197534
236510ms,236510,381.470,0.197195
236542ms,236542,380.433,0.196614
236574ms,236574,379.218,0.196009
236606ms,236606,378.327,0.195673
236638ms,236638,377.985,0.195402
236670ms,236670,377.553,0.195363
236702ms,236702,376.932,0.194664
236734ms,236734,377.117,0.194753
236782ms,236782,377.152,0.194575
236814ms,236814,377.017,0.194689
236846ms,236846,377.078,0.194544
236878ms,236878,377.174,0.194447
236910ms,236910,377.278,0.194391
236942ms,236942,377.365,0.194477
236974ms,236974,377.757,0.194489
237006ms,237006,378.043,0.194689
237038ms,237038,378.609,0.194940
237071ms,237071,379.154,0.195232
237103ms,237103,379.689,0.195464
237135ms,237135,380.266,0.195676
237182ms,237182,380.937,0.196198
237214ms,237214,381.656,0.196443
237246ms,237246,382.328,0.196771
237278ms,237278,383.000,0.197242
237310ms,237310,383.758,0.197601
237342ms,237342,384.613,0.198051
237374ms,237374,385.375,0.198617
237406ms,237406,386.171,0.199113
237438ms,237438,386.564,0.199498
237471ms,237471,386.400,0.199316
237503ms,237503,386.415,0.199296
237535ms,237535,386.431,0.199336
237566ms,237566,386.468,0.199286
237614ms,237614,386.461,0.199249
237646ms,237646,386.481,0.199320
237678ms,237678,386.465,0.199398
237710ms,237710,386.481,0.199310
237742ms,237742,386.496,0.199363
237774ms,237774,386.521,0.199328
237806ms,237806,386.602,0.199381
237838ms,237838,386.552,0.199277
237870ms,237870,386.354,0.199369
237902ms,237902,384.936,0.199000
237935ms,237935,383.711,0.198358
237967ms,237967,382.504,0.197568
238014ms,238014,381.228,0.197193
238046ms,238046,380.107,0.196343
238078ms,238078,379.108,0.195944
238110ms,238110,378.261,0.195458
238142ms,238142,377.966,0.195380
238206ms,238206,377.021,0.194800
238238ms,238238,377.121,0.194621
238270ms,238270,377.030,0.194554
238302ms,238302,376.983,0.194511
238334ms,238334,376.964,0.194392
238367ms,238367,377.077,0.194490
238414ms,238414,377.259,0.194305
238446ms,238446,377.506,0.194379
238478ms,238478,377.796,0.194588
238510ms,238510,378.220,0.194669
238542ms,238542,378.727,0.194972
238574ms,238574,379.343,0.195273
238606ms,238606,379.894,0.195576
238639ms,238639,380.515,0.195794
238671ms,238671,381.199,0.196175
238703ms,238703,381.880,0.196616
238735ms,238735,382.534,0.196970
238766ms,238766,383.210,0.197437
238814ms,238814,383.903,0.197750
238846ms,238846,384.747,0.198288
238878ms,238878,385.662,0.198731
238910ms,238910,386.363,0.199213
238942ms,238942,386.486,0.199402
238974ms,238974,386.372,0.199287
239006ms,239006,386.374,0.199265
239038ms,239038,386.387,0.199278
239070ms,239070,386.391,0.199248
239102ms,239102,386.413,0.199270
239135ms,239135,386.383,0.199255
239166ms,239166,386.417,0.199244
239214ms,239214,386.389,0.199302
239278ms,239278,386.508,0.199317
239310ms,239310,386.505,0.199276
239342ms,239342,386.616,0.199351
239374ms,239374,385.883,0.199393
239406ms,239406,384.545,0.198767
239438ms,239438,383.385,0.197948
239470ms,239470,382.152,0.197343
239502ms,239502,380.883,0.196995
239535ms,239535,379.830,0.196288
239566ms,239566,378.896,0.195759
239614ms,239614,378.155,0.195301
239646ms,239646,377.986,0.195564
239678ms,239678,377.089,0.194896
239710ms,239710,377.024,0.195040
239774ms,239774,377.087,0.194557
239838ms,239838,376.998,0.194488
239870ms,239870,377.133,0.194356
239902ms,239902,377.314,0.194436
239934ms,239934,377.552,0.194656
239966ms,239966,378.035,0.194640
240014ms,240014,378.406,0.194933
240046ms,240046,379.049,0.195106
240078ms,240078,379.500,0.195360
240110ms,240110,380.085,0.195707
240142ms,240142,380.744,0.196127
240174ms,240174,381.439,0.196280
240206ms,240206,382.136,0.196802
240238ms,240238,382.802,0.197156
240270ms,240270,383.485,0.197545
240302ms,240302,384.311,0.198043
240334ms,240334,385.183,0.198424
240366ms,240366,385.950,0.198934
240414ms,240414,386.563,0.199326
240446ms,240446,386.226,0.199521
240478ms,240478,386.491,0.199265
240510ms,240510,386.409,0.199301
240542ms,240542,386.397,0.199286
240574ms,240574,386.489,0.199281
240606ms,240606,386.453,0.199224
240638ms,240638,386.449,0.199293
240670ms,240670,386.401,0.199224
240702ms,240702,386.396,0.199365
240734ms,240734,386.458,0.199270
240766ms,240766,386.522,0.199280
240814ms,240814,386.539,0.199295
240846ms,240846,386.514,0.199500
240878ms,240878,385.413,0.199168
240910ms,240910,384.124,0.198440
240942ms,240942,382.836,0.197713
240974ms,240974,381.582,0.197115
241006ms,241006,380.499,0.196743
241038ms,241038,379.497,0.196004
241102ms,241102,378.044,0.195298
241134ms,241134,377.809,0.195600
241167ms,241167,376.940,0.194635
241214ms,241214,377.062,0.194795
241246ms,241246,377.036,0.194664
241278ms,241278,377.096,0.194534
241310ms,241310,376.982,0.194575
241342ms,241342,377.015,0.194322
241374ms,241374,377.169,0.194485
241406ms,241406,377.454,0.194384
241438ms,241438,377.749,0.194576
241470ms,241470,378.125,0.194801
241502ms,241502,378.516,0.195029
241566ms,241566,379.668,0.195388
241614ms,241614,380.199,0.195729
241646ms,241646,380.958,0.196075
241678ms,241678,381.538,0.196484
241710ms,241710,382.167,0.196841
241742ms,241742,382.847,0.197136
241774ms,241774,383.662,0.197541
241806ms,241806,384.444,0.197937
241838ms,241838,385.353,0.198569
241870ms,241870,386.008,0.199096
241902ms,241902,386.577,0.199565
241934ms,241934,386.211,0.199390
241967ms,241967,386.363,0.199249
242014ms,242014,386.369,0.199181
242046ms,242046,386.380,0.199256
242078ms,242078,386.342,0.199228
242110ms,242110,386.360,0.199231
242142ms,242142,386.382,0.199260
242174ms,242174,386.388,0.199251
242206ms,242206,386.394,0.199285
242238ms,242238,386.460,0.199198
242270ms,242270,386.495,0.199239
242303ms,242303,386.576,0.199281
242335ms,242335,386.272,0.199382
242367ms,242367,384.908,0.198748
242414ms,242414,383.626,0.198214
242446ms,242446,382.429,0.197555
242478ms,242478,381.137,0.196982
242510ms,242510,380.086,0.196480
242542ms,242542,379.053,0.195770
242574ms,242574,378.174,0.195252
242606ms,242606,378.037,0.195421
242638ms,242638,377.206,0.195244
242670ms,242670,377.028,0.194886
242702ms,242702,377.198,0.194671
242734ms,242734,377.148,0.194710
242766ms,242766,376.983,0.194429
242799ms,242799,377.019,0.194413
242846ms,242846,376.986,0.194321
242878ms,242878,377.240,0.194551
242910ms,242910,377.533,0.194493
242942ms,242942,377.787,0.194581
242974ms,242974,378.247,0.194764
243006ms,243006,378.770,0.194932
243038ms,243038,379.396,0.195297
243070ms,243070,379.913,0.195570
243103ms,243103,380.516,0.195871
243135ms,243135,381.141,0.196259
243167ms,243167,381.866,0.196624
243199ms,243199,382.476,0.196960
243246ms,243246,383.285,0.197416
243278ms,243278,384.023,0.197781
243310ms,243310,384.882,0.198312
243342ms,243342,385.712,0.198758
243374ms,243374,386.357,0.199219
243406ms,243406,386.366,0.199394
243438ms,243438,386.350,0.199236
243470ms,243470,386.379,0.199173
243502ms,243502,386.287,0.199203
243534ms,243534,386.339,0.199246
243567ms,243567,386.310,0.199240
243599ms,243599,386.365,0.199233
243646ms,243646,386.353,0.199151
243678ms,243678,386.329,0.199160
243710ms,243710,386.357,0.199224
243742ms,243742,386.390,0.199260
243774ms,243774,386.430,0.199260
243806ms,243806,386.541,0.199409
243838ms,243838,385.895,0.199356
243870ms,243870,384.562,0.198723
243902ms,243902,383.361,0.197905
243934ms,243934,382.009,0.197367
243966ms,243966,380.843,0.196694
243999ms,243999,379.719,0.196166
244046ms,244046,378.734,0.195768
244078ms,244078,378.156,0.195329
244110ms,244110,377.961,0.195667
244142ms,244142,377.052,0.194840
244174ms,244174,376.945,0.194779
244206ms,244206,376.986,0.194697
244238ms,244238,377.058,0.194427
244270ms,244270,377.022,0.194475
244302ms,244302,376.973,0.194362
244334ms,244334,377.117,0.194324
244367ms,244367,377.305,0.194337
244399ms,244399,377.599,0.194534
244446ms,244446,377.930,0.194669
244478ms,244478,378.428,0.194972
244510ms,244510,378.955,0.195189
244542ms,244542,379.489,0.195232
244574ms,244574,380.049,0.195632
244606ms,244606,380.735,0.196098
244638ms,244638,381.442,0.196217
244670ms,244670,381.988,0.196739
244702ms,244702,382.742,0.197155
244734ms,244734,383.501,0.197502
244766ms,244766,384.264,0.197975
244799ms,244799,385.116,0.198362
244846ms,244846,385.860,0.198956
244878ms,244878,386.440,0.199362
244910ms,244910,386.267,0.199382
244942ms,244942,386.386,0.199225
244974ms,244974,386.398,0.199247
245006ms,245006,386.375,0.199273
245038ms,245038,386.361,0.199325
245070ms,245070,386.398,0.199214
245102ms,245102,386.394,0.199321
245134ms,245134,386.337,0.199284
245166ms,245166,386.411,0.199214
245199ms,245199,386.406,0.199264
245246ms,245246,386.458,0.199239
245310ms,245310,386.513,0.199402
245342ms,245342,385.345,0.199110
245374ms,245374,384.062,0.198395
245406ms,245406,382.874,0.197666
245438ms,245438,381.597,0.197259
245470ms,245470,380.448,0.196650
245503ms,245503,379.386,0.196081
245534ms,245534,378.525,0.195615
245566ms,245566,377.936,0.195166
245598ms,245598,377.687,0.195437
245646ms,245646,376.989,0.194804
245678ms,245678,377.003,0.194846
245710ms,245710,377.023,0.194674
245742ms,245742,376.990,0.194481
245774ms,245774,376.940,0.194518
245806ms,245806,377.094,0.194501
245838ms,245838,377.267,0.194378
245902ms,245902,377.806,0.194548
245934ms,245934,378.156,0.194758
245966ms,245966,378.625,0.194799
245998ms,245998,379.200,0.195232
246046ms,246046,379.701,0.195456
246078ms,246078,380.291,0.195756
246110ms,246110,381.009,0.196149
246142ms,246142,381.662,0.196374
246174ms,246174,382.326,0.196839
246206ms,246206,382.940,0.197252
246238ms,246238,383.688,0.197704
246270ms,246270,384.560,0.198039
246302ms,246302,385.378,0.198581
246334ms,246334,386.145,0.199165
246366ms,246366,386.576,0.199410
246398ms,246398,386.306,0.199285
246446ms,246446,386.345,0.199218
246478ms,246478,386.436,0.199246
246510ms,246510,386.413,0.199203
246542ms,246542,386.379,0.199214
246574ms,246574,386.417,0.199295
246606ms,246606,386.396,0.199202
246638ms,246638,386.417,0.199227
246670ms,246670,386.426,0.199258
246702ms,246702,386.448,0.199228
246734ms,246734,386.538,0.199292
246766ms,246766,386.607,0.199300
246799ms,246799,386.231,0.199340
246846ms,246846,384.963,0.198770
246878ms,246878,383.726,0.198206
246910ms,246910,382.494,0.197671
246942ms,246942,381.307,0.196942
246974ms,246974,380.084,0.196294
247006ms,247006,379.090,0.195894
247038ms,247038,378.245,0.195277
247070ms,247070,378.081,0.195577
247102ms,247102,377.346,0.195097
247134ms,247134,377.001,0.195047
247166ms,247166,377.063,0.194686
247199ms,247199,377.096,0.194593
247231ms,247231,377.010,0.194458
247278ms,247278,376.992,0.194333
247310ms,247310,377.124,0.194600
247342ms,247342,377.231,0.194361
247374ms,247374,377.565,0.194645
247406ms,247406,377.863,0.194499
247438ms,247438,378.314,0.194799
247470ms,247470,378.890,0.195103
247502ms,247502,379.452,0.195403
247534ms,247534,379.975,0.195594
247566ms,247566,380.582,0.195866
247598ms,247598,381.262,0.196323
247631ms,247631,381.888,0.196626
247678ms,247678,382.691,0.197062
247710ms,247710,383.338,0.197368
247742ms,247742,384.011,0.197764
247774ms,247774,384.716,0.198206
247806ms,247806,385.655,0.198682
247838ms,247838,386.322,0.199258
247870ms,247870,386.508,0.199480
247934ms,247934,386.418,0.199186
247966ms,247966,386.452,0.199229
247998ms,247998,386.451,0.199218
248030ms,248030,386.424,0.199205
248078ms,248078,386.446,0.199259
248110ms,248110,386.446,0.199218
248142ms,248142,386.419,0.199240
248174ms,248174,386.456,0.199211
248206ms,248206,386.510,0.199204
248270ms,248270,386.558,0.199325
248334ms,248334,384.615,0.198626
248366ms,248366,383.415,0.197910
248398ms,248398,382.133,0.197317
248431ms,248431,380.911,0.197007
248478ms,248478,379.771,0.196336
248510ms,248510,378.745,0.195690
248542ms,248542,378.086,0.195287
248574ms,248574,377.994,0.195586
248606ms,248606,377.049,0.194856
248638ms,248638,376.941,0.194993
248670ms,248670,377.068,0.194646
248702ms,248702,377.135,0.194586
248734ms,248734,377.055,0.194611
248766ms,248766,377.016,0.194360
248799ms,248799,377.158,0.194342
248830ms,248830,377.271,0.194426
248878ms,248878,377.626,0.194370
248910ms,248910,377.904,0.194673
248942ms,248942,378.355,0.194870
248974ms,248974,378.853,0.194971
249006ms,249006,379.455,0.195298
249038ms,249038,380.008,0.195646
249070ms,249070,380.641,0.195954
249102ms,249102,381.333,0.196270
249134ms,249134,381.923,0.196749
249166ms,249166,382.608,0.197050
249198ms,249198,383.354,0.197380
249231ms,249231,384.138,0.197894
249278ms,249278,384.998,0.198372
249310ms,249310,385.747,0.198945
249342ms,249342,386.413,0.199191
249374ms,249374,386.365,0.199341
249406ms,249406,386.366,0.199259
249438ms,249438,386.360,0.199282
249470ms,249470,386.415,0.199199
249502ms,249502,386.382,0.199214
249534ms,249534,386.350,0.199160
249566ms,249566,386.393,0.199156
249598ms,249598,386.414,0.199265
249678ms,249678,386.386,0.199160
249710ms,249710,386.464,0.199245
249742ms,249742,386.455,0.199226
249774ms,249774,386.585,0.199385
249806ms,249806,385.740,0.199244
249870ms,249870,383.179,0.197953
249902ms,249902,381.894,0.197282
249934ms,249934,380.762,0.196699
249966ms,249966,379.696,0.196031
249998ms,249998,378.640,0.195678
250030ms,250030,378.038,0.195358
250078ms,250078,378.006,0.195638
250110ms,250110,377.011,0.194830
250142ms,250142,377.004,0.195007
250174ms,250174,377.003,0.194739
250206ms,250206,377.103,0.194552
250238ms,250238,376.947,0.194353
250270ms,250270,377.006,0.194254
250302ms,250302,377.105,0.194333
250334ms,250334,377.260,0.194394
250366ms,250366,377.538,0.194584
250398ms,250398,377.961,0.194576
250431ms,250431,378.445,0.194781
250478ms,250478,379.025,0.195155
250510ms,250510,379.560,0.195278
250542ms,250542,380.067,0.195657
250574ms,250574,380.829,0.196057
250606ms,250606,381.409,0.196335
250638ms,250638,382.121,0.196716
250670ms,250670,382.787,0.197105
250702ms,250702,383.489,0.197517
250734ms,250734,384.261,0.197897
250767ms,250767,385.246,0.198507
250799ms,250799,386.000,0.198927
250831ms,250831,386.603,0.199407
250878ms,250878,386.286,0.199392
250910ms,250910,386.521,0.199199
250942ms,250942,386.464,0.199238
250974ms,250974,386.428,0.199232
251006ms,251006,386.443,0.199299
251038ms,251038,386.449,0.199294
251070ms,251070,386.473,0.199260
251102ms,251102,386.489,0.199275
251134ms,251134,386.458,0.199238
251167ms,251167,386.458,0.199299
251198ms,251198,386.538,0.199237
251278ms,251278,386.453,0.199513
251310ms,251310,385.202,0.199131
251342ms,251342,383.931,0.198298
251374ms,251374,382.786,0.197574
251406ms,251406,381.362,0.197111
251438ms,251438,380.254,0.196510
251470ms,251470,379.213,0.195885
251502ms,251502,378.290,0.195592
251535ms,251535,377.921,0.195244
251567ms,251567,377.518,0.195414
251599ms,251599,377.001,0.194868
251630ms,251630,377.182,0.194728
251678ms,251678,377.036,0.194635
251742ms,251742,377.034,0.194386
251774ms,251774,377.110,0.194378
251806ms,251806,377.178,0.194467
251838ms,251838,377.438,0.194407
251870ms,251870,377.729,0.194557
251902ms,251902,378.129,0.194687
251934ms,251934,378.677,0.194909
251966ms,251966,379.196,0.195262
251998ms,251998,379.681,0.195444
252031ms,252031,380.230,0.195675
252078ms,252078,380.993,0.196120
252110ms,252110,381.660,0.196414
252142ms,252142,382.297,0.196957
252174ms,252174,382.945,0.197250
252206ms,252206,383.733,0.197556
252238ms,252238,384.597,0.198040
252270ms,252270,385.375,0.198538
252302ms,252302,386.181,0.199069
252334ms,252334,386.605,0.199467
252366ms,252366,386.333,0.199340
252398ms,252398,386.478,0.199278
252431ms,252431,386.416,0.199277
252462ms,252462,386.415,0.199294
252510ms,252510,386.439,0.199218
252542ms,252542,386.402,0.199226
252574ms,252574,386.482,0.199306
252606ms,252606,386.463,0.199200
252638ms,252638,386.416,0.199290
252670ms,252670,386.465,0.199308
252702ms,252702,386.560,0.199263
252734ms,252734,386.542,0.199264
252766ms,252766,386.321,0.199408
252799ms,252799,384.977,0.198964
252830ms,252830,383.703,0.198287
252910ms,252910,381.300,0.197111
252942ms,252942,380.165,0.196428
252974ms,252974,379.128,0.195884
253006ms,253006,378.306,0.195353
253038ms,253038,378.021,0.195593
253070ms,253070,377.276,0.195125
253102ms,253102,376.939,0.194803
253134ms,253134,377.050,0.194696
253166ms,253166,377.105,0.194608
253198ms,253198,377.037,0.194528
253231ms,253231,376.998,0.194416
253263ms,253263,377.147,0.194415
253310ms,253310,377.261,0.194414
253342ms,253342,377.561,0.194427
253406ms,253406,378.346,0.194857
253534ms,253534,380.516,0.195968
253566ms,253566,381.209,0.196211
253598ms,253598,381.840,0.196543
253630ms,253630,382.599,0.197018
253663ms,253663,383.305,0.197445
253710ms,253710,384.126,0.197921
253774ms,253774,385.779,0.198823
253806ms,253806,386.553,0.199284
253838ms,253838,386.533,0.199461
253870ms,253870,386.549,0.199234
253902ms,253902,386.493,0.199255
253934ms,253934,386.472,0.199243
253966ms,253966,386.505,0.199271
253998ms,253998,386.501,0.199256
254030ms,254030,386.477,0.199259
254063ms,254063,386.463,0.199286
254110ms,254110,386.507,0.199295
254142ms,254142,386.544,0.199243
254174ms,254174,386.596,0.199261
254206ms,254206,386.616,0.199220
254238ms,254238,386.664,0.199415
254270ms,254270,385.926,0.199317
254302ms,254302,384.550,0.198674
254334ms,254334,383.379,0.197951
254367ms,254367,382.028,0.197498
254398ms,254398,380.850,0.196864
254431ms,254431,379.768,0.196275
254462ms,254462,378.721,0.195643
254510ms,254510,378.096,0.195176
254542ms,254542,377.964,0.195655
254574ms,254574,377.097,0.194871
254606ms,254606,376.993,0.194845
254638ms,254638,377.154,0.194665
254670ms,254670,377.157,0.194365
254702ms,254702,377.086,0.194388
254734ms,254734,377.058,0.194452
254766ms,254766,377.113,0.194431
254798ms,254798,377.334,0.194335
254830ms,254830,377.545,0.194496
254863ms,254863,378.007,0.194582
254910ms,254910,378.383,0.194787
254942ms,254942,379.005,0.195123
255070ms,255070,381.423,0.196264
255102ms,255102,382.071,0.196704
255134ms,255134,382.777,0.197173
255167ms,255167,383.501,0.197490
255198ms,255198,384.218,0.197926
255230ms,255230,385.180,0.198354
255263ms,255263,385.960,0.198976
255310ms,255310,386.548,0.199346
255342ms,255342,386.262,0.199469
255374ms,255374,386.438,0.199202
255406ms,255406,386.377,0.199238
255438ms,255438,386.407,0.199211
255470ms,255470,386.451,0.199290
255502ms,255502,386.441,0.199229
255534ms,255534,386.470,0.199187
255566ms,255566,386.408,0.199180
255599ms,255599,386.439,0.199155
255630ms,255630,386.416,0.199279
255663ms,255663,386.474,0.199275
255710ms,255710,386.527,0.199232
255742ms,255742,386.544,0.199405
255774ms,255774,385.612,0.199233
255806ms,255806,384.278,0.198662
255838ms,255838,383.104,0.197859
255870ms,255870,381.868,0.197365
255902ms,255902,380.581,0.196805
255934ms,255934,379.522,0.196046
255966ms,255966,378.598,0.195637
255998ms,255998,378.176,0.195406
256030ms,256030,377.791,0.195438
256062ms,256062,377.085,0.194754
256110ms,256110,377.050,0.194931
256142ms,256142,377.221,0.194581
256174ms,256174,377.123,0.194528
256206ms,256206,377.001,0.194634
256238ms,256238,377.012,0.194559
256270ms,256270,377.179,0.194428
256302ms,256302,377.346,0.194595
256334ms,256334,377.682,0.194568
256366ms,256366,378.007,0.194706
256398ms,256398,378.479,0.195003
256431ms,256431,379.128,0.195166
256463ms,256463,379.577,0.195344
256494ms,256494,380.205,0.195588
256542ms,256542,380.858,0.196086
256574ms,256574,381.490,0.196315
256606ms,256606,382.183,0.196827
256638ms,256638,382.890,0.197118
256670ms,256670,383.607,0.197623
256702ms,256702,384.467,0.197982
256734ms,256734,385.248,0.198532
256766ms,256766,386.095,0.198983
256799ms,256799,386.582,0.199423
256862ms,256862,386.435,0.199289
256910ms,256910,386.451,0.199304
256974ms,256974,386.486,0.199261
257006ms,257006,386.454,0.199244
257038ms,257038,386.424,0.199270
257070ms,257070,386.429,0.199297
257102ms,257102,386.422,0.199239
257134ms,257134,386.471,0.199255
257166ms,257166,386.553,0.199251
257198ms,257198,386.539,0.199175
257230ms,257230,386.574,0.199512
257262ms,257262,385.359,0.199291
257294ms,257294,384.133,0.198383
257342ms,257342,382.858,0.197785
257374ms,257374,381.694,0.197324
257406ms,257406,380.409,0.196692
257438ms,257438,379.295,0.195986
257470ms,257470,378.470,0.195687
257502ms,257502,378.010,0.195224
257534ms,257534,377.646,0.195535
257566ms,257566,377.020,0.194788
257598ms,257598,377.011,0.194957
257630ms,257630,376.994,0.194687
257662ms,257662,377.123,0.194401
257694ms,257694,377.049,0.194598
257742ms,257742,377.043,0.194511
257774ms,257774,377.166,0.194391
257806ms,257806,377.380,0.194411
257838ms,257838,377.689,0.194507
257870ms,257870,378.044,0.194621
257966ms,257966,379.728,0.195286
257998ms,257998,380.195,0.195697
258030ms,258030,380.891,0.195898
258062ms,258062,381.525,0.196468
258094ms,258094,382.168,0.196755
258142ms,258142,382.854,0.197115
258174ms,258174,383.514,0.197474
258238ms,258238,385.204,0.198387
258270ms,258270,385.938,0.198970
258302ms,258302,386.502,0.199332
258334ms,258334,386.261,0.199328
258366ms,258366,386.462,0.199188
258398ms,258398,386.352,0.199224
258430ms,258430,386.379,0.199206
258463ms,258463,386.359,0.199267
258510ms,258510,386.364,0.199216
258542ms,258542,386.376,0.199198
258574ms,258574,386.421,0.199213
258606ms,258606,386.364,0.199185
258638ms,258638,386.343,0.199210
258670ms,258670,386.398,0.199225
258702ms,258702,386.444,0.199184
258734ms,258734,386.549,0.199329
258766ms,258766,385.726,0.199285
258799ms,258799,384.426,0.198576
258830ms,258830,383.289,0.197793
258862ms,258862,382.131,0.197431
258910ms,258910,380.877,0.196750
258942ms,258942,379.798,0.196224
258974ms,258974,378.759,0.195621
259006ms,259006,378.148,0.195264
259038ms,259038,377.941,0.195728
259070ms,259070,377.024,0.194949
259102ms,259102,377.090,0.195037
259134ms,259134,377.168,0.194551
259166ms,259166,377.086,0.194481
259198ms,259198,376.993,0.194341
259230ms,259230,376.974,0.194376
259262ms,259262,377.109,0.194448
259294ms,259294,377.299,0.194351
259342ms,259342,377.611,0.194470
259374ms,259374,377.940,0.194619
259406ms,259406,378.386,0.194864
259438ms,259438,379.020,0.195062
259470ms,259470,379.465,0.195265
259502ms,259502,380.023,0.195722
259534ms,259534,380.637,0.195945
259566ms,259566,381.366,0.196373
259599ms,259599,382.062,0.196719
259630ms,259630,382.862,0.197192
259663ms,259663,383.573,0.197488
259694ms,259694,384.300,0.197990
259742ms,259742,385.263,0.198502
259774ms,259774,386.009,0.199093
259806ms,259806,386.510,0.199359
259838ms,259838,386.278,0.199365
259870ms,259870,386.422,0.199154
259902ms,259902,386.404,0.199186
259934ms,259934,386.410,0.199211
259966ms,259966,386.424,0.199208
259998ms,259998,386.463,0.199227
260030ms,260030,386.448,0.199263
260062ms,260062,386.453,0.199203
260095ms,260095,386.405,0.199322
260142ms,260142,386.457,0.199285
260174ms,260174,386.498,0.199269
260206ms,260206,386.568,0.199215
260238ms,260238,386.531,0.199503
260270ms,260270,385.355,0.199084
260302ms,260302,384.056,0.198418
260334ms,260334,382.816,0.197696
260366ms,260366,381.618,0.197099
260398ms,260398,380.441,0.196593
260430ms,260430,379.265,0.195989
260463ms,260463,378.490,0.195707
260494ms,260494,378.107,0.195144
260542ms,260542,377.690,0.195425
260574ms,260574,377.076,0.194695
260606ms,260606,377.114,0.194867
260638ms,260638,376.938,0.194766
260670ms,260670,377.102,0.194539
260702ms,260702,377.040,0.194506
260734ms,260734,377.027,0.194395
260766ms,260766,377.199,0.194448
260798ms,260798,377.403,0.194468
260830ms,260830,377.764,0.194577
260862ms,260862,378.143,0.194638
260894ms,260894,378.572,0.194837
260942ms,260942,379.201,0.195139
260974ms,260974,379.673,0.195427
261006ms,261006,380.252,0.195731
261038ms,261038,381.044,0.196071
261070ms,261070,381.637,0.196338
261102ms,261102,382.279,0.196942
261134ms,261134,383.015,0.197230
261166ms,261166,383.777,0.197740
261198ms,261198,384.515,0.197999
261230ms,261230,385.291,0.198487
261262ms,261262,386.034,0.199025
261294ms,261294,386.475,0.199259
261326ms,261326,386.202,0.199285
261374ms,261374,386.445,0.199217
261406ms,261406,386.418,0.199271
261438ms,261438,386.375,0.199211
261470ms,261470,386.395,0.199217
261502ms,261502,386.426,0.199231
261534ms,261534,386.430,0.199187
261598ms,261598,386.432,0.199228
261630ms,261630,386.418,0.199235
261662ms,261662,386.532,0.199265
261694ms,261694,386.483,0.199211
261742ms,261742,386.492,0.199341
261806ms,261806,383.933,0.198324
261870ms,261870,381.471,0.197199
261902ms,261902,380.351,0.196409
261934ms,261934,379.147,0.195915
261966ms,261966,378.333,0.195513
261998ms,261998,377.914,0.195411
262030ms,262030,377.435,0.195343
262062ms,262062,377.064,0.194830
262094ms,262094,377.163,0.194672
262142ms,262142,377.106,0.194720
262174ms,262174,377.034,0.194636
262206ms,262206,376.988,0.194471
262238ms,262238,377.051,0.194442
262270ms,262270,377.193,0.194517
262302ms,262302,377.513,0.194298
262334ms,262334,377.712,0.194550
262366ms,262366,378.107,0.194786
262398ms,262398,378.721,0.194999
262462ms,262462,379.793,0.195508
262494ms,262494,380.420,0.195814
262526ms,262526,381.113,0.196078
262574ms,262574,381.711,0.196464
262606ms,262606,382.436,0.196778
262638ms,262638,383.081,0.197203
262670ms,262670,383.832,0.197716
262702ms,262702,384.588,0.198218
262734ms,262734,385.570,0.198718
262766ms,262766,386.247,0.199069
262798ms,262798,386.481,0.199336
262830ms,262830,386.337,0.199231
262862ms,262862,386.368,0.199219
262894ms,262894,386.404,0.199219
262926ms,262926,386.400,0.199242
262974ms,262974,386.375,0.199166
263006ms,263006,386.428,0.199221
263038ms,263038,386.430,0.199254
263070ms,263070,386.435,0.199241
263134ms,263134,386.439,0.199237
263166ms,263166,386.535,0.199216
263198ms,263198,386.611,0.199353
263230ms,263230,386.045,0.199360
263262ms,263262,384.661,0.198688
263294ms,263294,383.461,0.197910
263342ms,263342,382.166,0.197416
263374ms,263374,380.972,0.196989
263406ms,263406,379.821,0.196273
263438ms,263438,378.783,0.195801
263470ms,263470,378.255,0.195269
263502ms,263502,377.936,0.195450
263534ms,263534,377.105,0.194911
263566ms,263566,376.968,0.194994
263598ms,263598,376.961,0.194688
263630ms,263630,377.086,0.194539
263662ms,263662,377.103,0.194398
263694ms,263694,377.073,0.194426
263742ms,263742,377.169,0.194441
263774ms,263774,377.332,0.194359
263806ms,263806,377.642,0.194537
263838ms,263838,377.920,0.194718
263870ms,263870,378.373,0.194829
263902ms,263902,378.876,0.195019
263934ms,263934,379.504,0.195332
263966ms,263966,380.031,0.195606
263998ms,263998,380.691,0.195971
264030ms,264030,381.448,0.196339
264062ms,264062,382.112,0.196626
264094ms,264094,382.834,0.197158
264126ms,264126,383.527,0.197520
264174ms,264174,384.173,0.197865
264206ms,264206,385.065,0.198309
264238ms,264238,385.773,0.198852
264270ms,264270,386.410,0.199310
264334ms,264334,386.401,0.199246
264366ms,264366,386.304,0.199211
264398ms,264398,386.375,0.199150
264430ms,264430,386.358,0.199160
264462ms,264462,386.337,0.199277
264494ms,264494,386.369,0.199122
264526ms,264526,386.360,0.199345
264574ms,264574,386.388,0.199265
264606ms,264606,386.350,0.199219
264638ms,264638,386.370,0.199291
264670ms,264670,386.488,0.199259
264702ms,264702,386.528,0.199402
264734ms,264734,385.412,0.199154
264766ms,264766,384.211,0.198458
264798ms,264798,382.961,0.197862
264830ms,264830,381.683,0.197335
264862ms,264862,380.581,0.196661
264894ms,264894,379.507,0.196066
264926ms,264926,378.526,0.195599
264974ms,264974,378.036,0.195294
265006ms,265006,377.601,0.195483
265038ms,265038,377.094,0.194649
265070ms,265070,376.971,0.194941
265102ms,265102,376.970,0.194807
265134ms,265134,377.073,0.194468
265166ms,265166,376.992,0.194521
265198ms,265198,377.026,0.194353
265230ms,265230,377.183,0.194352
265262ms,265262,377.388,0.194534
265294ms,265294,377.670,0.194548
265326ms,265326,378.020,0.194616
265374ms,265374,378.496,0.195024
265406ms,265406,379.093,0.195177
265438ms,265438,379.572,0.195344
265470ms,265470,380.132,0.195622
265502ms,265502,380.879,0.196014
265534ms,265534,381.528,0.196333
265566ms,265566,382.221,0.196804
265598ms,265598,382.925,0.197083
265630ms,265630,383.661,0.197529
265662ms,265662,384.456,0.197961
265694ms,265694,385.303,0.198492
265726ms,265726,386.139,0.198987
265774ms,265774,386.687,0.199456
265806ms,265806,386.352,0.199328
265838ms,265838,386.538,0.199263
265870ms,265870,386.455,0.199354
265902ms,265902,386.428,0.199357
265934ms,265934,386.474,0.199321
265966ms,265966,386.410,0.199264
266030ms,266030,386.456,0.199328
266062ms,266062,386.458,0.199367
266126ms,266126,386.561,0.199206
266174ms,266174,386.580,0.199332
266206ms,266206,386.520,0.199373
266238ms,266238,385.477,0.199189
266270ms,266270,384.251,0.198497
266302ms,266302,382.889,0.197851
266334ms,266334,381.660,0.197234
266366ms,266366,380.528,0.196612
266398ms,266398,379.437,0.196132
266430ms,266430,378.482,0.195621
266462ms,266462,378.129,0.195360
266494ms,266494,377.657,0.195374
266526ms,266526,377.086,0.194802
266606ms,266606,377.000,0.194817
266638ms,266638,377.115,0.194424
266670ms,266670,377.045,0.194561
266702ms,266702,376.967,0.194372
266734ms,266734,377.203,0.194502
266766ms,266766,377.386,0.194497
266798ms,266798,377.648,0.194534
266830ms,266830,378.021,0.194599
266862ms,266862,378.486,0.194963
266894ms,266894,379.052,0.195183
266926ms,266926,379.618,0.195300
266974ms,266974,380.156,0.195708
267006ms,267006,380.792,0.196141
267038ms,267038,381.501,0.196405
267070ms,267070,382.187,0.196860
267102ms,267102,382.820,0.197161
267134ms,267134,383.633,0.197632
267198ms,267198,385.201,0.198467
267230ms,267230,385.986,0.199012
267262ms,267262,386.515,0.199311
267294ms,267294,386.270,0.199422
267326ms,267326,386.437,0.199206
267358ms,267358,386.307,0.199178
267406ms,267406,386.379,0.199245
267438ms,267438,386.354,0.199278
267470ms,267470,386.388,0.199277
267502ms,267502,386.372,0.199263
267534ms,267534,386.380,0.199301
267566ms,267566,386.372,0.199272
267598ms,267598,386.361,0.199165
267630ms,267630,386.425,0.199277
267662ms,267662,386.568,0.199294
267694ms,267694,386.537,0.199450
267726ms,267726,385.352,0.199167
267759ms,267759,384.003,0.198403
267806ms,267806,382.741,0.197685
267838ms,267838,381.660,0.197211
267870ms,267870,380.444,0.196584
267902ms,267902,379.371,0.195975
267934ms,267934,378.500,0.195562
267966ms,267966,377.975,0.195195
267998ms,267998,377.514,0.195405
268030ms,268030,376.978,0.194696
268062ms,268062,376.997,0.194795
268094ms,268094,376.966,0.194773
268126ms,268126,377.087,0.194446
268158ms,268158,376.949,0.194447
268206ms,268206,377.070,0.194345
268238ms,268238,377.191,0.194468
268270ms,268270,377.549,0.194502
268302ms,268302,377.855,0.194429
268334ms,268334,378.176,0.194757
268366ms,268366,378.718,0.194907
268398ms,268398,379.188,0.195251
268430ms,268430,379.740,0.195455
268462ms,268462,380.284,0.195783
268494ms,268494,381.013,0.196092
268526ms,268526,381.603,0.196447
268558ms,268558,382.322,0.196892
268606ms,268606,383.030,0.197200
268670ms,268670,384.519,0.198124
268702ms,268702,385.352,0.198536
268734ms,268734,386.149,0.199067
268766ms,268766,386.534,0.199422
268798ms,268798,386.303,0.199266
268830ms,268830,386.330,0.199219
268862ms,268862,386.407,0.199291
268894ms,268894,386.367,0.199320
268926ms,268926,386.328,0.199263
268958ms,268958,386.343,0.199306
269006ms,269006,386.360,0.199335
269038ms,269038,386.385,0.199285
269070ms,269070,386.339,0.199268
269102ms,269102,386.391,0.199191
269134ms,269134,386.428,0.199288
269166ms,269166,386.579,0.199215
269198ms,269198,386.396,0.199426
269230ms,269230,385.017,0.198859
269262ms,269262,383.781,0.198269
269294ms,269294,382.570,0.197714
269326ms,269326,381.342,0.197152
269358ms,269358,380.254,0.196411
269406ms,269406,379.206,0.195852
269438ms,269438,378.406,0.195573
269470ms,269470,377.975,0.195245
269502ms,269502,377.426,0.195196
269534ms,269534,377.072,0.194824
269566ms,269566,377.115,0.194668
269598ms,269598,376.980,0.194674
269630ms,269630,377.095,0.194516
269662ms,269662,377.003,0.194466
269726ms,269726,377.267,0.194374
269758ms,269758,377.489,0.194429
269806ms,269806,377.769,0.194491
269838ms,269838,378.219,0.194707
269870ms,269870,378.702,0.195031
269902ms,269902,379.277,0.195317
269934ms,269934,379.855,0.195519
269966ms,269966,380.424,0.195772
269998ms,269998,381.131,0.196161
270030ms,270030,381.783,0.196420
270062ms,270062,382.410,0.196878
270094ms,270094,383.077,0.197281
270127ms,270127,383.848,0.197715
270158ms,270158,384.684,0.198210
270206ms,270206,385.490,0.198720
270238ms,270238,386.262,0.199115
270270ms,270270,386.549,0.199510
270302ms,270302,386.270,0.199214
270334ms,270334,386.294,0.199200
270366ms,270366,386.342,0.199180
270398ms,270398,386.319,0.199273
270430ms,270430,386.370,0.199234
270462ms,270462,386.375,0.199174
270494ms,270494,386.359,0.199229
270526ms,270526,386.324,0.199216
270558ms,270558,386.346,0.199188
270606ms,270606,386.386,0.199229
270670ms,270670,386.551,0.199364
270734ms,270734,384.840,0.198885
270798ms,270798,382.313,0.197514
270830ms,270830,381.144,0.196867
270862ms,270862,379.995,0.196394
270894ms,270894,378.905,0.195845
270926ms,270926,378.119,0.195291
270958ms,270958,377.984,0.195314
271038ms,271038,377.025,0.194973
271070ms,271070,377.122,0.194708
271102ms,271102,377.042,0.194653
271134ms,271134,376.983,0.194566
271166ms,271166,376.948,0.194329
271198ms,271198,377.080,0.194441
271230ms,271230,377.179,0.194485
271262ms,271262,377.652,0.194640
271294ms,271294,377.912,0.194744
271326ms,271326,378.332,0.194740
271358ms,271358,378.883,0.195011
271406ms,271406,379.494,0.195360
271438ms,271438,380.071,0.195622
271470ms,271470,380.684,0.196007
271502ms,271502,381.323,0.196317
271534ms,271534,381.995,0.196717
271566ms,271566,382.715,0.197006
271598ms,271598,383.353,0.197473
271630ms,271630,384.162,0.197832
271662ms,271662,385.101,0.198412
271694ms,271694,385.888,0.198937
271726ms,271726,386.546,0.199275
271758ms,271758,386.298,0.199400
271806ms,271806,386.405,0.199239
271838ms,271838,386.334,0.199320
271870ms,271870,386.360,0.199217
271902ms,271902,386.341,0.199247
271934ms,271934,386.318,0.199238
271966ms,271966,386.358,0.199313
271998ms,271998,386.321,0.199231
272030ms,272030,386.307,0.199280
272062ms,272062,386.342,0.199266
272126ms,272126,386.401,0.199278
272158ms,272158,386.542,0.199401
272206ms,272206,385.669,0.199110
272238ms,272238,384.346,0.198609
272270ms,272270,383.081,0.197858
272302ms,272302,381.839,0.197189
272334ms,272334,380.668,0.196688
272366ms,272366,379.590,0.196112
272398ms,272398,378.682,0.195644
272430ms,272430,378.083,0.195192
272462ms,272462,378.014,0.195625
272494ms,272494,377.066,0.194728
272526ms,272526,377.116,0.194996
272558ms,272558,377.020,0.194733
272606ms,272606,377.107,0.194420
272638ms,272638,377.068,0.194631
272670ms,272670,377.047,0.194528
272702ms,272702,377.124,0.194360
272734ms,272734,377.271,0.194346
272766ms,272766,377.619,0.194451
272798ms,272798,377.903,0.194652
272830ms,272830,378.376,0.194926
272862ms,272862,379.027,0.195014
272894ms,272894,379.533,0.195227
272926ms,272926,380.080,0.195592
272958ms,272958,380.774,0.195977
273006ms,273006,381.412,0.196369
273038ms,273038,382.051,0.196606
273070ms,273070,382.721,0.197029
273102ms,273102,383.447,0.197404
273134ms,273134,384.155,0.197844
273166ms,273166,385.011,0.198392
273198ms,273198,385.786,0.198923
273230ms,273230,386.406,0.199208
273262ms,273262,386.308,0.199454
273294ms,273294,386.408,0.199261
273326ms,273326,386.413,0.199277
273358ms,273358,386.404,0.199306
273390ms,273390,386.461,0.199352
273438ms,273438,386.409,0.199300
273470ms,273470,386.426,0.199330
273502ms,273502,386.417,0.199331
273534ms,273534,386.429,0.199412
273566ms,273566,386.417,0.199297
273598ms,273598,386.430,0.199319
273630ms,273630,386.567,0.199253
273662ms,273662,386.658,0.199393
273694ms,273694,385.948,0.199273
273726ms,273726,384.572,0.198704
273758ms,273758,383.340,0.197971
273790ms,273790,382.092,0.197381
273838ms,273838,380.876,0.196839
273870ms,273870,379.750,0.196233
273902ms,273902,378.700,0.195755
273934ms,273934,378.092,0.195536
273966ms,273966,377.971,0.195595
273998ms,273998,377.073,0.194885
274030ms,274030,376.952,0.195131
274062ms,274062,376.942,0.194752
274094ms,274094,377.133,0.194539
274126ms,274126,376.999,0.194492
274158ms,274158,377.008,0.194381
274190ms,274190,377.146,0.194391
274238ms,274238,377.262,0.194341
274270ms,274270,377.559,0.194462
274302ms,274302,377.928,0.194565
274334ms,274334,378.349,0.194871
274366ms,274366,378.951,0.195063
274398ms,274398,379.445,0.195366
274430ms,274430,380.066,0.195679
274462ms,274462,380.612,0.196067
274734ms,274734,386.404,0.199233
274766ms,274766,386.286,0.199478
274798ms,274798,386.414,0.199168
274830ms,274830,386.369,0.199351
274862ms,274862,386.382,0.199238
274894ms,274894,386.385,0.199221
274926ms,274926,386.374,0.199317
274958ms,274958,386.417,0.199333
274990ms,274990,386.369,0.199232
275038ms,275038,386.397,0.199299
275070ms,275070,386.388,0.199312
275102ms,275102,386.408,0.199303
275134ms,275134,386.462,0.199307
275166ms,275166,386.611,0.199519
275198ms,275198,385.718,0.199252
275230ms,275230,384.378,0.198636
275262ms,275262,383.194,0.197942
275294ms,275294,381.937,0.197210
275326ms,275326,380.834,0.196658
275358ms,275358,379.615,0.196127
275390ms,275390,378.705,0.195799
275470ms,275470,377.939,0.195646
275502ms,275502,377.068,0.194920
275534ms,275534,376.992,0.195009
275566ms,275566,377.006,0.194742
275598ms,275598,377.081,0.194662
275630ms,275630,377.078,0.194455
275662ms,275662,376.883,0.194237
275694ms,275694,377.129,0.194476
275838ms,275838,378.344,0.194774
275870ms,275870,378.905,0.195054
275934ms,275934,380.007,0.195577
275966ms,275966,380.677,0.195941
275998ms,275998,381.328,0.196339
276030ms,276030,382.026,0.196612
276062ms,276062,382.793,0.197152
276094ms,276094,383.482,0.197543
276126ms,276126,384.201,0.197912
276158ms,276158,385.025,0.198330
276190ms,276190,385.788,0.198791
276238ms,276238,386.456,0.199251
276270ms,276270,386.320,0.199416
276302ms,276302,386.387,0.199274
276334ms,276334,386.295,0.199278
276366ms,276366,386.340,0.199330
276398ms,276398,386.356,0.199258
276430ms,276430,386.343,0.199302
276462ms,276462,386.351,0.199278
276494ms,276494,386.341,0.199236
276526ms,276526,386.337,0.199258
276558ms,276558,386.333,0.199254
276590ms,276590,386.333,0.199239
276638ms,276638,386.431,0.199260
276670ms,276670,386.598,0.199360
276702ms,276702,385.660,0.199275
276734ms,276734,384.400,0.198551
276766ms,276766,383.124,0.197935
276798ms,276798,381.837,0.197256
276830ms,276830,380.736,0.196695
276862ms,276862,379.703,0.196103
276894ms,276894,378.718,0.195687
276926ms,276926,378.106,0.195274
276958ms,276958,377.964,0.195566
276990ms,276990,377.054,0.194753
277038ms,277038,376.940,0.194923
277070ms,277070,377.021,0.194690
277102ms,277102,377.106,0.194495
277134ms,277134,377.043,0.194588
277166ms,277166,376.992,0.194585
277198ms,277198,377.181,0.194431
277230ms,277230,377.358,0.194436
277262ms,277262,377.666,0.194539
277294ms,277294,378.074,0.194649
277326ms,277326,378.515,0.194915
277358ms,277358,379.098,0.195116
277390ms,277390,379.594,0.195367
277422ms,277422,380.032,0.195595
277470ms,277470,380.825,0.196036
277502ms,277502,381.494,0.196294
277534ms,277534,382.210,0.196802
277566ms,277566,382.884,0.197242
277598ms,277598,383.587,0.197607
277630ms,277630,384.445,0.197986
277662ms,277662,385.320,0.198598
277694ms,277694,386.108,0.198995
277726ms,277726,386.568,0.199432
277758ms,277758,386.283,0.199373
277790ms,277790,386.586,0.199364
277822ms,277822,386.514,0.199303
277870ms,277870,386.535,0.199375
277902ms,277902,386.538,0.199311
277934ms,277934,386.517,0.199341
277966ms,277966,386.526,0.199277
277998ms,277998,386.527,0.199291
278030ms,278030,386.527,0.199275
278094ms,278094,386.594,0.199266
278126ms,278126,386.602,0.199337
278158ms,278158,386.631,0.199442
278190ms,278190,385.473,0.199251
278222ms,278222,384.167,0.198488
278270ms,278270,382.882,0.197811
278302ms,278302,381.684,0.197221
278334ms,278334,380.491,0.196587
278366ms,278366,379.319,0.196078
278430ms,278430,378.022,0.195410
278462ms,278462,377.619,0.195218
278494ms,278494,376.923,0.194842
278526ms,278526,377.148,0.194884
278558ms,278558,376.927,0.194733
278590ms,278590,377.133,0.194524
278622ms,278622,376.979,0.194549
278670ms,278670,377.089,0.194373
278766ms,278766,377.830,0.194492
278798ms,278798,378.164,0.194785
278830ms,278830,378.697,0.194912
278894ms,278894,379.803,0.195430
278926ms,278926,380.340,0.195726
278958ms,278958,381.070,0.196145
278990ms,278990,381.762,0.196452
279022ms,279022,382.423,0.196918
279070ms,279070,383.180,0.197337
279102ms,279102,383.937,0.197807
279134ms,279134,384.743,0.198296
279166ms,279166,385.598,0.198775
279198ms,279198,386.376,0.199085
279230ms,279230,386.558,0.199481
279262ms,279262,386.389,0.199286
279294ms,279294,386.401,0.199227
279326ms,279326,386.435,0.199264
279358ms,279358,386.410,0.199233
279390ms,279390,386.435,0.199262
279422ms,279422,386.420,0.199275
279470ms,279470,386.429,0.199286
279502ms,279502,386.413,0.199255
279534ms,279534,386.428,0.199273
279566ms,279566,386.456,0.199311
279598ms,279598,386.529,0.199294
279630ms,279630,386.635,0.199419
279662ms,279662,386.233,0.199492
279694ms,279694,384.860,0.198876
279726ms,279726,383.599,0.198116
279758ms,279758,382.412,0.197572
279790ms,279790,381.164,0.196986
279822ms,279822,380.067,0.196468
279870ms,279870,378.896,0.195883
279902ms,279902,378.250,0.195382
279934ms,279934,377.994,0.195630
279966ms,279966,377.150,0.194916
279998ms,279998,376.933,0.194940
280030ms,280030,376.927,0.194835
280094ms,280094,376.992,0.194600
280126ms,280126,376.965,0.194489
280158ms,280158,377.097,0.194336
280190ms,280190,377.158,0.194395
280222ms,280222,377.587,0.194331
280270ms,280270,377.801,0.194518
280302ms,280302,378.328,0.194879
280334ms,280334,378.764,0.195029
280366ms,280366,379.393,0.195422
280398ms,280398,380.001,0.195682
280430ms,280430,380.555,0.195889
280462ms,280462,381.256,0.196216
280494ms,280494,381.872,0.196607
280526ms,280526,382.639,0.197078
280558ms,280558,383.439,0.197405
280590ms,280590,384.075,0.197833
280622ms,280622,384.843,0.198316
280670ms,280670,385.660,0.198759
280702ms,280702,386.379,0.199128
280734ms,280734,386.397,0.199425
280766ms,280766,386.380,0.199288
280798ms,280798,386.386,0.199276
280830ms,280830,386.401,0.199280
280862ms,280862,386.398,0.199285
280894ms,280894,386.387,0.199266
280926ms,280926,386.397,0.199351
280958ms,280958,386.401,0.199233
280990ms,280990,386.362,0.199278
281070ms,281070,386.394,0.199195
281102ms,281102,386.478,0.199251
281134ms,281134,386.601,0.199411
281166ms,281166,385.782,0.199186
281198ms,281198,384.380,0.198638
281230ms,281230,383.182,0.197878
281262ms,281262,381.917,0.197219
281294ms,281294,380.783,0.196791
281326ms,281326,379.675,0.196095
281358ms,281358,378.686,0.195603
281390ms,281390,378.154,0.195244
281422ms,281422,377.861,0.195645
281470ms,281470,377.103,0.194717
281502ms,281502,377.018,0.195055
281534ms,281534,376.982,0.194652
281566ms,281566,377.065,0.194493
281598ms,281598,377.151,0.194510
281630ms,281630,376.992,0.194529
281662ms,281662,377.186,0.194508
281694ms,281694,377.302,0.194405
281726ms,281726,377.579,0.194665
281758ms,281758,378.077,0.194598
281790ms,281790,378.531,0.194939
281822ms,281822,379.064,0.195173
281870ms,281870,379.559,0.195565
281934ms,281934,380.756,0.196093
281966ms,281966,381.406,0.196314
281998ms,281998,382.109,0.196688
282030ms,282030,382.822,0.197117
282062ms,282062,383.588,0.197512
282094ms,282094,384.307,0.198005
282126ms,282126,385.195,0.198486
282158ms,282158,385.929,0.199018
282190ms,282190,386.506,0.199356
282222ms,282222,386.312,0.199342
282270ms,282270,386.429,0.199282
282302ms,282302,386.380,0.199282
282334ms,282334,386.381,0.199285
282366ms,282366,386.344,0.199272
282398ms,282398,386.344,0.199270
282430ms,282430,386.356,0.199259
282462ms,282462,386.339,0.199240
282494ms,282494,386.394,0.199302
282526ms,282526,386.373,0.199298
282558ms,282558,386.465,0.199230
282590ms,282590,386.496,0.199226
282622ms,282622,386.505,0.199411
282670ms,282670,385.246,0.199045
282702ms,282702,383.924,0.198344
282734ms,282734,382.760,0.197677
282766ms,282766,381.509,0.197136
282798ms,282798,380.365,0.196481
282830ms,282830,379.283,0.195892
282862ms,282862,378.340,0.195360
282894ms,282894,377.944,0.195325
282926ms,282926,377.463,0.195364
282958ms,282958,377.074,0.194737
282990ms,282990,377.093,0.194637
283022ms,283022,376.944,0.194709
283054ms,283054,377.068,0.194395
283102ms,283102,376.990,0.194378
283134ms,283134,377.054,0.194501
283166ms,283166,377.195,0.194362
283198ms,283198,377.462,0.194540
283230ms,283230,377.778,0.194426
283262ms,283262,378.203,0.194738
283294ms,283294,378.657,0.194981
283326ms,283326,379.267,0.195207
283358ms,283358,379.729,0.195450
283390ms,283390,380.357,0.195747
283422ms,283422,381.039,0.196174
283454ms,283454,381.669,0.196527
283502ms,283502,382.385,0.196904
283534ms,283534,383.037,0.197310
283566ms,283566,383.796,0.197771
283598ms,283598,384.624,0.198114
283630ms,283630,385.489,0.198588
283662ms,283662,386.233,0.199112
283694ms,283694,386.580,0.199354
283726ms,283726,386.260,0.199203
283758ms,283758,386.325,0.199294
283790ms,283790,386.357,0.199268
283822ms,283822,386.420,0.199242
283854ms,283854,386.355,0.199290
283902ms,283902,386.318,0.199230
283934ms,283934,386.346,0.199335
283966ms,283966,386.342,0.199294
283998ms,283998,386.355,0.199254
284030ms,284030,386.386,0.199250
284062ms,284062,386.393,0.199267
284126ms,284126,386.338,0.199468
284158ms,284158,384.912,0.198862
284190ms,284190,383.694,0.198307
284222ms,284222,382.483,0.197527
284254ms,284254,381.240,0.196988
284302ms,284302,380.109,0.196325
284334ms,284334,379.100,0.195729
284366ms,284366,378.250,0.195347
284398ms,284398,377.987,0.195321
284430ms,284430,377.291,0.195159
284462ms,284462,377.127,0.194871
284526ms,284526,377.035,0.194758
284590ms,284590,377.115,0.194511
284622ms,284622,377.126,0.194488
284654ms,284654,377.259,0.194550
284702ms,284702,377.513,0.194420
284734ms,284734,377.770,0.194618
284766ms,284766,378.193,0.194725
284798ms,284798,378.681,0.195047
284830ms,284830,379.323,0.195209
284862ms,284862,379.902,0.195541
284894ms,284894,380.456,0.195764
284926ms,284926,381.122,0.196216
284958ms,284958,381.865,0.196526
284990ms,284990,382.514,0.196977
285022ms,285022,383.181,0.197340
285054ms,285054,383.941,0.197743
285102ms,285102,384.720,0.198101
285134ms,285134,385.602,0.198748
285166ms,285166,386.275,0.199097
285198ms,285198,386.556,0.199490
285230ms,285230,386.331,0.199178
285262ms,285262,386.327,0.199294
285294ms,285294,386.398,0.199281
285326ms,285326,386.396,0.199254
285358ms,285358,386.381,0.199227
285390ms,285390,386.408,0.199293
285422ms,285422,386.374,0.199251
285454ms,285454,386.392,0.199234
285502ms,285502,386.374,0.199230
285534ms,285534,386.375,0.199220
285598ms,285598,386.588,0.199363
285630ms,285630,386.280,0.199371
285662ms,285662,384.946,0.198891
285694ms,285694,383.715,0.198207
285726ms,285726,382.509,0.197654
285758ms,285758,381.273,0.196899
285822ms,285822,379.201,0.195864
285854ms,285854,378.317,0.195299
285902ms,285902,377.946,0.195554
285934ms,285934,377.382,0.195067
285966ms,285966,376.969,0.194940
285998ms,285998,377.106,0.194866
286030ms,286030,376.973,0.194688
286062ms,286062,377.099,0.194502
286094ms,286094,377.058,0.194537
286126ms,286126,377.165,0.194418
286158ms,286158,377.214,0.194445
286190ms,286190,377.515,0.194444
286222ms,286222,377.834,0.194517
286254ms,286254,378.179,0.194695
286302ms,286302,378.658,0.194961
286334ms,286334,379.250,0.195279
286366ms,286366,379.799,0.195516
286398ms,286398,380.393,0.195796
286430ms,286430,381.075,0.196107
286462ms,286462,381.730,0.196453
286494ms,286494,382.448,0.196913
286526ms,286526,383.168,0.197348
286558ms,286558,383.938,0.197762
286590ms,286590,384.714,0.198170
286622ms,286622,385.591,0.198712
286654ms,286654,386.359,0.199106
286702ms,286702,386.622,0.199459
286734ms,286734,386.263,0.199324
286766ms,286766,386.397,0.199345
286798ms,286798,386.424,0.199327
286830ms,286830,386.396,0.199289
286862ms,286862,386.388,0.199300
286894ms,286894,386.365,0.199288
286926ms,286926,386.428,0.199367
286958ms,286958,386.445,0.199327
286990ms,286990,386.408,0.199281
287022ms,287022,386.436,0.199318
287054ms,287054,386.533,0.199316
287086ms,287086,386.616,0.199212
287134ms,287134,386.304,0.199364
287166ms,287166,384.885,0.198870
287198ms,287198,383.704,0.198282
287230ms,287230,382.555,0.197629
287262ms,287262,381.343,0.196888
287294ms,287294,380.135,0.196439
287326ms,287326,379.068,0.195800
287358ms,287358,378.234,0.195256
287390ms,287390,378.025,0.195486
287422ms,287422,377.178,0.195139
287454ms,287454,377.027,0.195009
287486ms,287486,377.003,0.194781
287534ms,287534,377.010,0.194710
287566ms,287566,377.064,0.194577
287598ms,287598,377.032,0.194449
287630ms,287630,377.068,0.194205
287662ms,287662,377.270,0.194371
287694ms,287694,377.491,0.194433
287726ms,287726,377.805,0.194774
287758ms,287758,378.264,0.194701
287790ms,287790,378.656,0.194909
287822ms,287822,379.280,0.195370
287854ms,287854,379.820,0.195533
287886ms,287886,380.527,0.195910
287934ms,287934,381.110,0.196123
287966ms,287966,381.846,0.196456
287998ms,287998,382.531,0.196902
288030ms,288030,383.305,0.197396
288062ms,288062,383.967,0.197721
288094ms,288094,384.776,0.198232
288126ms,288126,385.673,0.198792
288158ms,288158,386.397,0.199167
288190ms,288190,386.484,0.199487
288222ms,288222,386.377,0.199302
288254ms,288254,386.393,0.199202
288286ms,288286,386.415,0.199290
288334ms,288334,386.396,0.199339
288366ms,288366,386.418,0.199311
288398ms,288398,386.431,0.199286
288430ms,288430,386.387,0.199262
288462ms,288462,386.453,0.199262
288526ms,288526,386.415,0.199334
288558ms,288558,386.510,0.199238
288590ms,288590,386.597,0.199364
288622ms,288622,385.805,0.199321
288686ms,288686,383.286,0.198030
288734ms,288734,382.004,0.197359
288766ms,288766,380.890,0.196793
288798ms,288798,379.662,0.196289
288830ms,288830,378.726,0.195521
288862ms,288862,378.089,0.195406
288894ms,288894,377.948,0.195550
288926ms,288926,377.064,0.194978
288958ms,288958,376.941,0.194990
288990ms,288990,376.966,0.194790
289022ms,289022,377.021,0.194479
289054ms,289054,377.013,0.194498
289086ms,289086,376.978,0.194375
289134ms,289134,377.096,0.194493
289166ms,289166,377.351,0.194436
289198ms,289198,377.702,0.194510
289230ms,289230,377.948,0.194705
289262ms,289262,378.414,0.194904
289294ms,289294,378.891,0.195047
289326ms,289326,379.446,0.195305
289358ms,289358,380.048,0.195509
289390ms,289390,380.600,0.195977
289422ms,289422,381.293,0.196290
289455ms,289455,381.978,0.196624
289486ms,289486,382.722,0.196946
289534ms,289534,383.465,0.197439
289566ms,289566,384.105,0.197886
289598ms,289598,384.910,0.198288
289630ms,289630,385.756,0.198808
289662ms,289662,386.454,0.199255
289694ms,289694,386.442,0.199487
289726ms,289726,386.429,0.199247
289758ms,289758,386.320,0.199324
289790ms,289790,386.374,0.199363
289854ms,289854,386.346,0.199363
289886ms,289886,386.374,0.199311
289934ms,289934,386.406,0.199349
289966ms,289966,386.347,0.199325
289998ms,289998,386.386,0.199346
290030ms,290030,386.394,0.199287
290062ms,290062,386.503,0.199267
290094ms,290094,386.623,0.199412
290158ms,290158,384.466,0.198646
290190ms,290190,383.249,0.197991
290222ms,290222,381.959,0.197345
290254ms,290254,380.807,0.196781
290334ms,290334,378.709,0.195751
290366ms,290366,378.026,0.195134
290398ms,290398,377.914,0.195671
290430ms,290430,376.997,0.194744
290462ms,290462,377.039,0.194926
290494ms,290494,376.930,0.194766
290526ms,290526,377.155,0.194445
290558ms,290558,377.022,0.194454
290590ms,290590,377.040,0.194437
290622ms,290622,377.187,0.194365
290654ms,290654,377.279,0.194354
290686ms,290686,377.634,0.194544
290734ms,290734,378.038,0.194446
290766ms,290766,378.519,0.194969
290798ms,290798,378.987,0.195247
290830ms,290830,379.555,0.195354
290862ms,290862,380.118,0.195629
290894ms,290894,380.741,0.196070
290926ms,290926,381.413,0.196370
290958ms,290958,382.190,0.196812
290990ms,290990,382.837,0.197056
291022ms,291022,383.635,0.197619
291054ms,291054,384.408,0.198012
291086ms,291086,385.244,0.198520
291134ms,291134,386.081,0.198997
291166ms,291166,386.690,0.199405
291198ms,291198,386.317,0.199443
291262ms,291262,386.396,0.199284
291294ms,291294,386.379,0.199316
291326ms,291326,386.376,0.199293
291358ms,291358,386.391,0.199280
291422ms,291422,386.375,0.199294
291454ms,291454,386.383,0.199385
291486ms,291486,386.406,0.199300
291534ms,291534,386.454,0.199214
291566ms,291566,386.557,0.199310
291598ms,291598,386.623,0.199466
291630ms,291630,385.510,0.199206
291662ms,291662,384.235,0.198597
291694ms,291694,382.993,0.197898
291726ms,291726,381.739,0.197341
291758ms,291758,380.564,0.196732
291790ms,291790,379.589,0.196014
291822ms,291822,378.561,0.195638
291854ms,291854,378.034,0.195568
291886ms,291886,377.881,0.195617
291934ms,291934,377.073,0.194783
291966ms,291966,377.013,0.195021
292030ms,292030,377.123,0.194447
292062ms,292062,376.999,0.194527
292094ms,292094,377.011,0.194473
292126ms,292126,377.262,0.194302
292158ms,292158,377.388,0.194460
292190ms,292190,377.725,0.194564
292222ms,292222,378.052,0.194641
292254ms,292254,378.499,0.194911
292286ms,292286,379.091,0.195103
292334ms,292334,379.565,0.195280
292366ms,292366,380.203,0.195742
292398ms,292398,380.870,0.196075
292430ms,292430,381.463,0.196374
292462ms,292462,382.293,0.196813
292494ms,292494,382.915,0.197208
292526ms,292526,383.668,0.197518
292558ms,292558,384.466,0.198014
292590ms,292590,385.275,0.198574
292622ms,292622,386.122,0.198949
292654ms,292654,386.604,0.199378
292686ms,292686,386.333,0.199424
292734ms,292734,386.489,0.199258
292766ms,292766,386.427,0.199259
292798ms,292798,386.427,0.199210
292830ms,292830,386.447,0.199215
292862ms,292862,386.414,0.199262
292894ms,292894,386.417,0.199309
292926ms,292926,386.448,0.199243
292958ms,292958,386.456,0.199297
292990ms,292990,386.439,0.199208
293022ms,293022,386.450,0.199299
293054ms,293054,386.549,0.199247
293086ms,293086,386.597,0.199452
293134ms,293134,385.343,0.199183
293166ms,293166,384.064,0.198593
293198ms,293198,382.817,0.197808
293230ms,293230,381.571,0.197269
293262ms,293262,380.482,0.196714
293294ms,293294,379.305,0.196068
293326ms,293326,378.472,0.195605
293358ms,293358,378.013,0.195259
293390ms,293390,377.584,0.195409
293422ms,293422,377.108,0.194723
293454ms,293454,377.151,0.194760
293518ms,293518,377.100,0.194514
293566ms,293566,377.005,0.194454
293598ms,293598,377.067,0.194351
293630ms,293630,377.216,0.194437
293662ms,293662,377.403,0.194464
293694ms,293694,377.789,0.194496
293726ms,293726,378.222,0.194781
293758ms,293758,378.629,0.195031
293790ms,293790,379.244,0.195277
293822ms,293822,379.702,0.195397
293854ms,293854,380.314,0.195758
293886ms,293886,381.022,0.196059
293918ms,293918,381.635,0.196299
293966ms,293966,382.349,0.196881
293998ms,293998,382.989,0.197149
294030ms,294030,383.715,0.197645
294062ms,294062,384.539,0.198104
294094ms,294094,385.305,0.198620
294126ms,294126,386.048,0.198979
294158ms,294158,386.525,0.199410
294190ms,294190,386.253,0.199353
294222ms,294222,386.352,0.199302
294254ms,294254,386.360,0.199249
294286ms,294286,386.350,0.199253
294318ms,294318,386.341,0.199269
294366ms,294366,386.331,0.199261
294430ms,294430,386.374,0.199259
294462ms,294462,386.388,0.199294
294494ms,294494,386.359,0.199249
294526ms,294526,386.389,0.199268
294558ms,294558,386.489,0.199289
294590ms,294590,386.585,0.199513
294622ms,294622,385.458,0.199225
294654ms,294654,384.149,0.198440
294686ms,294686,383.020,0.197895
294766ms,294766,380.504,0.196644
294798ms,294798,379.369,0.196161
294830ms,294830,378.465,0.195610
294862ms,294862,378.063,0.195404
294894ms,294894,377.548,0.195433
294926ms,294926,377.043,0.194986
294958ms,294958,377.108,0.194660
294990ms,294990,376.937,0.194726
295022ms,295022,377.100,0.194445
295054ms,295054,377.023,0.194592
295086ms,295086,376.999,0.194408
295118ms,295118,377.139,0.194462
295166ms,295166,377.379,0.194338
295198ms,295198,377.757,0.194612
295230ms,295230,378.162,0.194776
295262ms,295262,378.694,0.194973
295294ms,295294,379.221,0.195193
295326ms,295326,379.735,0.195464
295358ms,295358,380.312,0.195664
295390ms,295390,380.979,0.196126
295486ms,295486,383.001,0.197074
295518ms,295518,383.760,0.197671
295566ms,295566,384.583,0.198126
295598ms,295598,385.325,0.198635
295630ms,295630,386.079,0.199036
295662ms,295662,386.611,0.199409
295694ms,295694,386.223,0.199328
295726ms,295726,386.366,0.199290
295758ms,295758,386.371,0.199292
295790ms,295790,386.308,0.199223
295822ms,295822,386.336,0.199242
295854ms,295854,386.318,0.199290
295886ms,295886,386.349,0.199316
295918ms,295918,386.382,0.199317
295966ms,295966,386.346,0.199218
295998ms,295998,386.362,0.199191
296030ms,296030,386.385,0.199215
296062ms,296062,386.454,0.199242
296094ms,296094,386.519,0.199440
296126ms,296126,385.216,0.199029
296158ms,296158,383.981,0.198373
296190ms,296190,382.781,0.197690
296222ms,296222,381.519,0.197170
296254ms,296254,380.424,0.196436
296286ms,296286,379.275,0.196072
296318ms,296318,378.409,0.195476
296366ms,296366,377.923,0.195512
296398ms,296398,377.561,0.195430
296430ms,296430,377.023,0.194798
296462ms,296462,377.150,0.194796
296494ms,296494,376.990,0.194773
296526ms,296526,377.058,0.194495
296558ms,296558,377.005,0.194519
296590ms,296590,377.075,0.194388
296622ms,296622,377.227,0.194456
296654ms,296654,377.453,0.194552
296686ms,296686,377.775,0.194592
296718ms,296718,378.196,0.194780
296750ms,296750,378.627,0.194948
296798ms,296798,379.167,0.195195
296862ms,296862,380.264,0.195677
296894ms,296894,380.910,0.196134
296926ms,296926,381.550,0.196512
296958ms,296958,382.320,0.196879
296990ms,296990,383.014,0.197168
297022ms,297022,383.736,0.197544
297054ms,297054,384.565,0.198031
297086ms,297086,385.343,0.198642
297118ms,297118,386.144,0.199093
297150ms,297150,386.618,0.199477
297198ms,297198,386.283,0.199423
297230ms,297230,386.433,0.199337
297262ms,297262,386.445,0.199273
297294ms,297294,386.443,0.199310
297326ms,297326,386.422,0.199316
297358ms,297358,386.438,0.199264
297390ms,297390,386.435,0.199215
297422ms,297422,386.484,0.199277
297454ms,297454,386.482,0.199268
297486ms,297486,386.534,0.199262
297518ms,297518,386.496,0.199265
297550ms,297550,386.608,0.199305
297598ms,297598,386.506,0.199405
297630ms,297630,385.125,0.198892
297662ms,297662,383.878,0.198192
297694ms,297694,382.737,0.197813
297758ms,297758,380.356,0.196527
297790ms,297790,379.240,0.196008
297822ms,297822,378.348,0.195544
297854ms,297854,377.969,0.195368
297886ms,297886,377.461,0.195488
297918ms,297918,377.003,0.194815
297950ms,297950,377.155,0.194716
297998ms,297998,376.909,0.194666
298030ms,298030,377.087,0.194495
298062ms,298062,377.001,0.194472
298094ms,298094,377.132,0.194373
298126ms,298126,377.242,0.194503
298158ms,298158,377.373,0.194472
298190ms,298190,377.824,0.194509
298222ms,298222,378.168,0.194722
298254ms,298254,378.702,0.194835
298286ms,298286,379.172,0.195275
298318ms,298318,379.774,0.195439
298350ms,298350,380.316,0.195786
298398ms,298398,381.042,0.196097
298430ms,298430,381.608,0.196422
298462ms,298462,382.316,0.196832
298494ms,298494,382.994,0.197244
298526ms,298526,383.843,0.197745
298558ms,298558,384.618,0.198256
298590ms,298590,385.397,0.198664
298622ms,298622,386.263,0.199105
298654ms,298654,386.577,0.199430
298686ms,298686,386.314,0.199326
298718ms,298718,386.425,0.199345
298750ms,298750,386.434,0.199335
298798ms,298798,386.365,0.199341
298830ms,298830,386.410,0.199309
298862ms,298862,386.403,0.199320
298894ms,298894,386.345,0.199248
298958ms,298958,386.365,0.199303
298990ms,298990,386.400,0.199188
299022ms,299022,386.470,0.199360
299054ms,299054,386.590,0.199272
299086ms,299086,386.332,0.199494
299118ms,299118,384.941,0.198865
299150ms,299150,383.745,0.198259
299198ms,299198,382.528,0.197682
299230ms,299230,381.358,0.197044
299262ms,299262,380.173,0.196366
299294ms,299294,379.170,0.195854
299326ms,299326,378.181,0.195338
299358ms,299358,378.022,0.195418
299390ms,299390,377.340,0.195094
299422ms,299422,377.016,0.194973
299454ms,299454,376.950,0.194887
299486ms,299486,376.957,0.194817
299518ms,299518,377.002,0.194573
299550ms,299550,377.036,0.194482
299598ms,299598,377.107,0.194372
299630ms,299630,377.267,0.194371
299662ms,299662,377.528,0.194677
299694ms,299694,377.916,0.194480
299726ms,299726,378.360,0.194744
299758ms,299758,378.862,0.195018
299790ms,299790,379.465,0.195298
299822ms,299822,379.993,0.195610
299854ms,299854,380.617,0.195932
299886ms,299886,381.228,0.196205
299918ms,299918,381.897,0.196618
299950ms,299950,382.612,0.196905
299998ms,299998,383.309,0.197359
300030ms,300030,384.060,0.197840
300094ms,300094,385.693,0.198796
300126ms,300126,386.311,0.199180
300158ms,300158,386.489,0.199422
300190ms,300190,386.405,0.199230
300222ms,300222,386.372,0.199210
300254ms,300254,386.377,0.199257
300286ms,300286,386.401,0.199249
300318ms,300318,386.382,0.199256
300350ms,300350,386.383,0.199275
300398ms,300398,386.412,0.199247
300430ms,300430,386.378,0.199277
300462ms,300462,386.430,0.199335
300494ms,300494,386.396,0.199248
300526ms,300526,386.450,0.199231
300558ms,300558,386.596,0.199406
300622ms,300622,384.472,0.198781
300654ms,300654,383.300,0.198044
300686ms,300686,382.081,0.197321
300718ms,300718,380.866,0.196875
300750ms,300750,379.743,0.196235
300798ms,300798,378.694,0.195612
300830ms,300830,378.139,0.195405
300862ms,300862,377.906,0.195709
300894ms,300894,377.124,0.194813
300926ms,300926,376.935,0.194974
300958ms,300958,377.019,0.194703
300990ms,300990,377.133,0.194710
301022ms,301022,377.008,0.194410
301054ms,301054,376.995,0.194376
301086ms,301086,377.083,0.194364
301118ms,301118,377.333,0.194399
301150ms,301150,377.644,0.194524
301230ms,301230,378.342,0.195043
301262ms,301262,379.060,0.195111
301294ms,301294,379.545,0.195364
301326ms,301326,380.058,0.195581
301358ms,301358,380.735,0.195988
301390ms,301390,381.370,0.196292
301422ms,301422,382.162,0.196672
301454ms,301454,382.833,0.197109
301486ms,301486,383.610,0.197440
301518ms,301518,384.385,0.198056
301550ms,301550,385.231,0.198523
301598ms,301598,385.981,0.199028
301630ms,301630,386.587,0.199342
301662ms,301662,386.306,0.199415
301694ms,301694,386.407,0.199231
301726ms,301726,386.357,0.199307
301758ms,301758,386.405,0.199325
301790ms,301790,386.395,0.199270
301822ms,301822,386.430,0.199315
301854ms,301854,386.386,0.199261
301886ms,301886,386.394,0.199309
301918ms,301918,386.386,0.199224
301950ms,301950,386.396,0.199284
301982ms,301982,386.404,0.199210
302030ms,302030,386.511,0.199267
302062ms,302062,386.580,0.199492
302094ms,302094,385.520,0.199165
302126ms,302126,384.191,0.198398
302158ms,302158,383.010,0.197809
302190ms,302190,381.772,0.197285
302222ms,302222,380.601,0.196636
302254ms,302254,379.515,0.196103
302286ms,302286,378.582,0.195602
302318ms,302318,378.096,0.195316
302350ms,302350,377.830,0.195576
302382ms,302382,377.126,0.194685
302430ms,302430,377.161,0.194894
302462ms,302462,376.986,0.194649
302494ms,302494,377.125,0.194547
302526ms,302526,377.095,0.194548
302558ms,302558,377.095,0.194517
302590ms,302590,377.200,0.194428
302622ms,302622,377.365,0.194452
302654ms,302654,377.763,0.194691
302718ms,302718,378.586,0.194970
302750ms,302750,379.116,0.195120
302782ms,302782,379.548,0.195205
302830ms,302830,380.134,0.195685
302862ms,302862,380.803,0.196144
302894ms,302894,381.520,0.196333
302926ms,302926,382.195,0.196727
302958ms,302958,382.904,0.197165
302990ms,302990,383.567,0.197527
303022ms,303022,384.276,0.197920
303054ms,303054,385.253,0.198452
303086ms,303086,385.992,0.199100
303118ms,303118,386.630,0.199410
303150ms,303150,386.342,0.199312
303182ms,303182,386.536,0.199336
303230ms,303230,386.418,0.199337
303262ms,303262,386.411,0.199333
303326ms,303326,386.403,0.199278
303358ms,303358,386.456,0.199357
303390ms,303390,386.443,0.199334
303422ms,303422,386.466,0.199339
303454ms,303454,386.457,0.199276
303486ms,303486,386.483,0.199333
303518ms,303518,386.547,0.199227
303550ms,303550,386.658,0.199459
303582ms,303582,385.652,0.199195
303630ms,303630,384.285,0.198576
303694ms,303694,381.932,0.197407
303726ms,303726,380.732,0.196727
303758ms,303758,379.591,0.196059
303822ms,303822,378.065,0.195337
303854ms,303854,377.949,0.195580
303886ms,303886,377.138,0.194963
303918ms,303918,377.016,0.194923
303950ms,303950,376.987,0.194568
303982ms,303982,376.992,0.194558
304030ms,304030,377.060,0.194651
304062ms,304062,376.983,0.194479
304094ms,304094,377.136,0.194350
304126ms,304126,377.223,0.194343
304158ms,304158,377.512,0.194497
304190ms,304190,377.948,0.194426
304222ms,304222,378.400,0.194662
304254ms,304254,378.943,0.195030
304286ms,304286,379.421,0.195409
304318ms,304318,380.020,0.195601
304350ms,304350,380.675,0.195949
304382ms,304382,381.332,0.196387
304430ms,304430,382.050,0.196699
304462ms,304462,382.804,0.197067
304494ms,304494,383.410,0.197359
304526ms,304526,384.181,0.197895
304558ms,304558,385.049,0.198427
304590ms,304590,385.902,0.198959
304622ms,304622,386.508,0.199301
304654ms,304654,386.367,0.199427
304686ms,304686,386.471,0.199260
304718ms,304718,386.365,0.199245
304782ms,304782,386.388,0.199267
304830ms,304830,386.446,0.199280
304862ms,304862,386.411,0.199353
304894ms,304894,386.425,0.199215
304926ms,304926,386.463,0.199291
304958ms,304958,386.436,0.199273
304990ms,304990,386.462,0.199297
305022ms,305022,386.444,0.199208
305054ms,305054,386.642,0.199419
305086ms,305086,385.955,0.199366
305118ms,305118,384.611,0.198669
305150ms,305150,383.474,0.198002
305182ms,305182,382.171,0.197341
305230ms,305230,381.028,0.196987
305262ms,305262,379.836,0.196210
305294ms,305294,378.833,0.195660
305326ms,305326,378.107,0.195286
305358ms,305358,378.015,0.195507
305390ms,305390,377.105,0.194897
305422ms,305422,377.027,0.194945
305454ms,305454,376.960,0.194698
305486ms,305486,377.040,0.194619
305518ms,305518,377.006,0.194513
305550ms,305550,376.984,0.194297
305582ms,305582,377.056,0.194444
305630ms,305630,377.340,0.194564
305662ms,305662,377.572,0.194603
305694ms,305694,377.866,0.194284
305726ms,305726,378.330,0.194698
305758ms,305758,378.908,0.195039
305790ms,305790,379.409,0.195311
305822ms,305822,380.099,0.195610
305854ms,305854,380.666,0.195966
305886ms,305886,381.248,0.196273
305918ms,305918,382.068,0.196583
305950ms,305950,382.789,0.197052
305982ms,305982,383.497,0.197517
306030ms,306030,384.179,0.197792
306062ms,306062,385.012,0.198301
306094ms,306094,385.752,0.198859
306126ms,306126,386.459,0.199229
306158ms,306158,386.458,0.199442
306190ms,306190,386.418,0.199245
306222ms,306222,386.336,0.199215
306254ms,306254,386.344,0.199186
306286ms,306286,386.320,0.199150
306318ms,306318,386.326,0.199215
306350ms,306350,386.293,0.199204
306382ms,306382,386.376,0.199231
306414ms,306414,386.398,0.199246
306462ms,306462,386.388,0.199308
306494ms,306494,386.409,0.199247
306526ms,306526,386.464,0.199167
306558ms,306558,386.586,0.199344
306622ms,306622,384.536,0.198626
306654ms,306654,383.331,0.198043
306686ms,306686,382.081,0.197377
306718ms,306718,380.853,0.196851
306750ms,306750,379.768,0.196258
306782ms,306782,378.761,0.195522
306814ms,306814,378.096,0.195389
306862ms,306862,377.999,0.195621
306894ms,306894,377.107,0.194921
306926ms,306926,376.884,0.195105
306958ms,306958,376.969,0.194611
307022ms,307022,377.037,0.194502
307086ms,307086,377.119,0.194454
307118ms,307118,377.389,0.194467
307150ms,307150,377.687,0.194516
307182ms,307182,377.942,0.194708
307262ms,307262,379.064,0.195119
307294ms,307294,379.533,0.195384
307326ms,307326,380.123,0.195727
307358ms,307358,380.716,0.195831
307390ms,307390,381.397,0.196372
307422ms,307422,382.055,0.196779
307454ms,307454,382.857,0.197036
307486ms,307486,383.456,0.197430
307518ms,307518,384.217,0.197866
307550ms,307550,385.114,0.198389
307582ms,307582,385.913,0.198899
307614ms,307614,386.447,0.199249
307662ms,307662,386.400,0.199481
307694ms,307694,386.465,0.199275
307726ms,307726,386.431,0.199292
307790ms,307790,386.465,0.199138
307822ms,307822,386.390,0.199149
307854ms,307854,386.416,0.199267
307886ms,307886,386.416,0.199278
307918ms,307918,386.411,0.199242
307950ms,307950,386.394,0.199206
307982ms,307982,386.410,0.199266
308030ms,308030,386.438,0.199249
308062ms,308062,386.630,0.199335
308094ms,308094,385.748,0.199328
308126ms,308126,384.430,0.198566
308158ms,308158,383.190,0.197902
308190ms,308190,381.929,0.197443
308222ms,308222,380.752,0.196705
308254ms,308254,379.645,0.196108
308318ms,308318,378.108,0.195314
308350ms,308350,377.823,0.195653
308382ms,308382,377.149,0.194772
308414ms,308414,377.012,0.195027
308462ms,308462,377.060,0.194519
308494ms,308494,377.055,0.194746
308526ms,308526,377.059,0.194342
308558ms,308558,377.009,0.194371
308590ms,308590,377.144,0.194504
308622ms,308622,377.281,0.194482
308654ms,308654,377.579,0.194569
308686ms,308686,377.897,0.194673
308718ms,308718,378.343,0.194803
308750ms,308750,378.916,0.195029
308782ms,308782,379.433,0.195300
308830ms,308830,379.985,0.195630
308862ms,308862,380.599,0.195831
308894ms,308894,381.289,0.196156
308926ms,308926,381.901,0.196642
308958ms,308958,382.681,0.197001
308990ms,308990,383.370,0.197332
309022ms,309022,384.036,0.197827
309054ms,309054,384.845,0.198312
309086ms,309086,385.651,0.198775
309118ms,309118,386.380,0.199181
309150ms,309150,386.462,0.199426
309182ms,309182,386.381,0.199100
309214ms,309214,386.352,0.199201
309262ms,309262,386.411,0.199174
309294ms,309294,386.385,0.199221
309326ms,309326,386.357,0.199247
309358ms,309358,386.376,0.199121
309390ms,309390,386.353,0.199171
309422ms,309422,386.414,0.199203
309454ms,309454,386.350,0.199267
309486ms,309486,386.425,0.199224
309518ms,309518,386.503,0.199273
309550ms,309550,386.584,0.199388
309582ms,309582,385.727,0.199253
309614ms,309614,384.451,0.198610
309662ms,309662,383.266,0.197988
309694ms,309694,381.994,0.197465
309726ms,309726,380.789,0.196728
309758ms,309758,379.583,0.196152
309790ms,309790,378.681,0.195921
309822ms,309822,378.087,0.195148
309854ms,309854,377.828,0.195673
309886ms,309886,377.116,0.194750
309918ms,309918,377.138,0.194888
309982ms,309982,377.141,0.194360
310014ms,310014,377.017,0.194503
310062ms,310062,376.980,0.194370
310094ms,310094,377.099,0.194505
310126ms,310126,377.421,0.194592
310190ms,310190,378.055,0.194653
310222ms,310222,378.409,0.194864
310254ms,310254,379.173,0.195204
310286ms,310286,379.508,0.195383
310318ms,310318,380.152,0.195676
310350ms,310350,380.879,0.196162
310382ms,310382,381.500,0.196397
310414ms,310414,382.199,0.196743
310462ms,310462,382.956,0.197054
310494ms,310494,383.638,0.197548
310526ms,310526,384.468,0.197999
310558ms,310558,385.292,0.198540
310590ms,310590,386.115,0.198980
310622ms,310622,386.767,0.199497
310654ms,310654,386.629,0.199664
310686ms,310686,386.730,0.199493
310718ms,310718,386.755,0.199373
310750ms,310750,386.725,0.199469
310782ms,310782,386.766,0.199451
310814ms,310814,386.752,0.199411
310862ms,310862,386.809,0.199362
310894ms,310894,386.810,0.199512
310926ms,310926,386.722,0.199490
310958ms,310958,386.723,0.199420
310990ms,310990,386.749,0.199754
311022ms,311022,386.897,0.199362
311054ms,311054,386.734,0.199515
311086ms,311086,385.405,0.199370
311118ms,311118,384.232,0.198248
311150ms,311150,382.921,0.197613
311182ms,311182,381.710,0.197384
311214ms,311214,380.637,0.196443
311262ms,311262,379.336,0.196756
311294ms,311294,378.517,0.195343
311326ms,311326,378.086,0.194913
311358ms,311358,377.563,0.196273
311390ms,311390,377.097,0.194641
311422ms,311422,377.159,0.194674
311454ms,311454,377.099,0.194711
311486ms,311486,377.120,0.194425
311518ms,311518,377.013,0.194444
311582ms,311582,377.262,0.194431
311614ms,311614,377.480,0.194427
311646ms,311646,377.781,0.194575
311694ms,311694,378.215,0.194635
311726ms,311726,378.636,0.194956
311758ms,311758,379.206,0.195282
311790ms,311790,379.771,0.195318
311822ms,311822,380.437,0.195737
311854ms,311854,380.998,0.196101
311886ms,311886,381.675,0.196569
311918ms,311918,382.450,0.196929
311950ms,311950,383.060,0.197212
311982ms,311982,383.865,0.197655
312014ms,312014,384.659,0.198162
312046ms,312046,385.463,0.198703
312094ms,312094,386.212,0.199007
312126ms,312126,386.563,0.199366
312158ms,312158,386.392,0.199221
312190ms,312190,386.504,0.199303
312254ms,312254,386.375,0.199256
312286ms,312286,386.426,0.199208
312318ms,312318,386.428,0.199181
312350ms,312350,386.405,0.199226
312382ms,312382,386.433,0.199242
312414ms,312414,386.411,0.199269
312446ms,312446,386.425,0.199318
312494ms,312494,386.447,0.199138
312526ms,312526,386.556,0.199296
312558ms,312558,386.141,0.199541
312590ms,312590,384.873,0.198747
312622ms,312622,383.706,0.198119
312654ms,312654,382.458,0.197744
312686ms,312686,381.222,0.197090
312718ms,312718,380.125,0.196390
312750ms,312750,378.922,0.195776
312782ms,312782,378.227,0.195626
312814ms,312814,377.988,0.195492
312846ms,312846,377.193,0.194840
312894ms,312894,376.889,0.195214
312926ms,312926,377.071,0.194538
312958ms,312958,377.146,0.194577
312990ms,312990,377.058,0.194549
313022ms,313022,377.074,0.194510
313054ms,313054,377.007,0.194206
313086ms,313086,377.238,0.194410
313118ms,313118,377.601,0.194563
313150ms,313150,377.886,0.194614
313182ms,313182,378.342,0.194706
313214ms,313214,378.934,0.195097
313246ms,313246,379.387,0.195333
313294ms,313294,380.014,0.195641
313326ms,313326,380.641,0.195934
313358ms,313358,381.286,0.196208
313390ms,313390,381.964,0.196585
313422ms,313422,382.750,0.197067
