timestamp_ms,elapsed_ms,pix_dist,m_dist
64ms,64,95.749,0.220148
272ms,272,96.749,0.203335
367ms,367,97.180,0.207339
400ms,400,97.022,0.203232
576ms,576,97.226,0.204167
608ms,608,97.000,0.204148
640ms,640,96.945,0.203949
736ms,736,97.166,0.202488
768ms,768,97.126,0.201915
800ms,800,96.607,0.204085
1504ms,1504,95.532,0.204582
1536ms,1536,95.346,0.201427
1616ms,1616,95.766,0.202615
1648ms,1648,95.864,0.203790
1680ms,1680,96.225,0.206603
1712ms,1712,96.372,0.207910
1744ms,1744,96.590,0.204349
1776ms,1776,97.015,0.208010
1840ms,1840,97.241,0.205276
1872ms,1872,97.023,0.203993
1904ms,1904,97.014,0.205151
1968ms,1968,97.073,0.204015
2047ms,2047,96.950,0.203290
2112ms,2112,96.937,0.203736
2144ms,2144,97.159,0.206694
2240ms,2240,97.041,0.203898
2272ms,2272,96.838,0.204056
2336ms,2336,96.292,0.201789
3040ms,3040,95.588,0.206804
3072ms,3072,95.794,0.204593
3120ms,3120,95.962,0.202674
3184ms,3184,96.393,0.204066
3216ms,3216,96.335,0.203657
3248ms,3248,96.625,0.202335
3280ms,3280,97.042,0.204939
3616ms,3616,97.017,0.205975
3744ms,3744,96.984,0.203186
4448ms,4448,95.227,0.199334
4512ms,4512,95.611,0.202696
4608ms,4608,95.870,0.206409
4688ms,4688,96.507,0.208437
4720ms,4720,96.575,0.202990
4816ms,4816,97.442,0.204693
4912ms,4912,96.994,0.210532
4944ms,4944,97.036,0.209037
4976ms,4976,97.022,0.205067
5008ms,5008,97.145,0.210383
5088ms,5088,96.959,0.208482
5120ms,5120,97.116,0.208569
5216ms,5216,97.346,0.209777
5248ms,5248,96.928,0.203298
5280ms,5280,96.858,0.203614
5952ms,5952,95.420,0.199719
6080ms,6080,95.904,0.203646
6144ms,6144,96.281,0.207157
6192ms,6192,96.397,0.202086
6256ms,6256,97.032,0.204155
6288ms,6288,97.088,0.214054
6352ms,6352,97.021,0.204013
6416ms,6416,97.125,0.205557
6448ms,6448,97.090,0.203273
6592ms,6592,97.136,0.204282
6752ms,6752,96.601,0.203863
6784ms,6784,96.628,0.202894
7424ms,7424,95.335,0.199980
7488ms,7488,95.683,0.201257
7520ms,7520,95.620,0.204293
7552ms,7552,95.598,0.202226
7616ms,7616,96.038,0.202432
7648ms,7648,96.335,0.203973
7728ms,7728,96.909,0.203914
7759ms,7759,97.150,0.205149
7856ms,7856,97.113,0.206451
7920ms,7920,96.985,0.204242
7952ms,7952,97.075,0.203980
7984ms,7984,97.092,0.204810
8016ms,8016,97.002,0.207751
8064ms,8064,96.830,0.204512
8096ms,8096,96.870,0.208217
8128ms,8128,96.650,0.203721
8320ms,8320,96.208,0.200848
9056ms,9056,95.845,0.203018
9120ms,9120,96.218,0.210858
9152ms,9152,96.201,0.205985
9328ms,9328,96.954,0.203980
9360ms,9360,97.051,0.203352
9392ms,9392,96.916,0.204960
9424ms,9424,96.888,0.204222
9456ms,9456,97.090,0.209867
9488ms,9488,96.961,0.205756
9728ms,9728,96.823,0.205370
9920ms,9920,95.148,0.199840
10400ms,10400,94.998,0.199595
10560ms,10560,95.841,0.205714
10624ms,10624,96.297,0.203978
10656ms,10656,96.537,0.205072
10704ms,10704,96.697,0.213915
10736ms,10736,97.135,0.203476
10768ms,10768,97.145,0.203861
10832ms,10832,97.039,0.204588
10864ms,10864,97.150,0.205427
10960ms,10960,97.002,0.211530
11136ms,11136,96.800,0.203794
11232ms,11232,96.691,0.204062
11264ms,11264,96.697,0.202651
11904ms,11904,95.321,0.200764
12032ms,12032,95.728,0.202668
12096ms,12096,96.227,0.206828
12128ms,12128,96.280,0.205385
12160ms,12160,96.273,0.208875
12192ms,12192,96.586,0.202363
12239ms,12239,97.017,0.208636
12335ms,12335,97.108,0.206367
12368ms,12368,97.172,0.205654
12464ms,12464,96.971,0.205684
12560ms,12560,96.965,0.204365
12608ms,12608,97.204,0.205605
12640ms,12640,97.046,0.206177
12704ms,12704,97.025,0.203803
12736ms,12736,96.499,0.202826
12800ms,12800,96.289,0.201320
13264ms,13264,95.091,0.196754
13408ms,13408,95.157,0.199943
13568ms,13568,95.731,0.204653
13600ms,13600,96.123,0.205302
13664ms,13664,96.440,0.206498
13696ms,13696,96.808,0.204663
13776ms,13776,97.257,0.205687
13840ms,13840,97.062,0.204330
13872ms,13872,97.016,0.203685
13904ms,13904,96.995,0.206053
13936ms,13936,97.003,0.204282
14032ms,14032,97.285,0.205736
14064ms,14064,97.041,0.205190
14096ms,14096,97.093,0.207484
14240ms,14240,96.692,0.203773
14976ms,14976,95.495,0.202406
15008ms,15008,95.664,0.202301
15040ms,15040,95.760,0.206212
15104ms,15104,96.166,0.205343
15136ms,15136,96.140,0.205731
15200ms,15200,97.107,0.205179
15232ms,15232,97.117,0.208578
15312ms,15312,96.908,0.205642
15376ms,15376,96.968,0.209000
15408ms,15408,97.138,0.205687
15440ms,15440,97.168,0.206995
15472ms,15472,97.062,0.206636
15504ms,15504,97.188,0.207110
15536ms,15536,97.039,0.206947
15568ms,15568,97.234,0.205168
15600ms,15600,97.179,0.204799
15648ms,15648,96.976,0.203710
15680ms,15680,97.277,0.206977
15712ms,15712,96.673,0.203359
15744ms,15744,96.816,0.204069
16336ms,16336,95.090,0.201811
16368ms,16368,95.092,0.199671
16512ms,16512,95.608,0.203413
16544ms,16544,95.779,0.202429
16576ms,16576,96.238,0.204874
16608ms,16608,96.403,0.206492
16640ms,16640,96.226,0.207100
16672ms,16672,96.854,0.204182
16880ms,16880,97.249,0.205631
16912ms,16912,96.949,0.206154
16944ms,16944,97.041,0.205587
16976ms,16976,97.035,0.205079
17008ms,17008,97.103,0.204010
17040ms,17040,96.922,0.204448
17184ms,17184,96.735,0.203863
17952ms,17952,95.654,0.201634
18016ms,18016,95.729,0.202489
18080ms,18080,96.062,0.206316
18112ms,18112,96.279,0.206924
18208ms,18208,97.039,0.205251
18288ms,18288,97.010,0.203650
18320ms,18320,97.094,0.204950
18352ms,18352,96.997,0.206449
18416ms,18416,97.076,0.206570
18448ms,18448,97.017,0.204497
18512ms,18512,96.911,0.204467
18640ms,18640,97.122,0.204048
18688ms,18688,96.916,0.204533
19312ms,19312,95.002,0.207742
19408ms,19408,95.655,0.208610
19487ms,19487,95.464,0.202786
19520ms,19520,95.943,0.203691
19584ms,19584,96.254,0.205119
19648ms,19648,96.833,0.206234
19776ms,19776,97.074,0.206895
19823ms,19823,96.967,0.204756
19856ms,19856,97.092,0.204088
19888ms,19888,97.024,0.206876
19920ms,19920,96.976,0.208388
19952ms,19952,96.910,0.206292
20016ms,20016,97.068,0.202553
20048ms,20048,97.166,0.205616
20080ms,20080,97.067,0.204816
20192ms,20192,96.806,0.204106
20224ms,20224,96.596,0.202631
20912ms,20912,95.633,0.201429
20960ms,20960,95.450,0.204896
21056ms,21056,96.096,0.213302
21088ms,21088,96.340,0.209315
21120ms,21120,96.458,0.206525
21152ms,21152,96.970,0.203808
21184ms,21184,96.843,0.207281
21280ms,21280,97.057,0.205199
21328ms,21328,97.030,0.204353
21360ms,21360,97.131,0.206116
21392ms,21392,97.055,0.205375
21424ms,21424,97.045,0.210015
21520ms,21520,97.043,0.208287
21584ms,21584,97.153,0.204885
22320ms,22320,95.155,0.201557
22416ms,22416,95.621,0.203495
22464ms,22464,95.593,0.207958
22496ms,22496,95.721,0.208107
22560ms,22560,96.254,0.204085
22592ms,22592,96.367,0.207220
22624ms,22624,96.635,0.207390
22688ms,22688,97.080,0.203499
22720ms,22720,97.105,0.204567
22752ms,22752,96.927,0.204325
22784ms,22784,96.993,0.204479
22864ms,22864,96.996,0.205613
22896ms,22896,97.050,0.204473
22928ms,22928,96.931,0.204838
22992ms,22992,96.942,0.205543
23056ms,23056,96.960,0.205174
23152ms,23152,96.850,0.203091
23184ms,23184,96.831,0.205876
23824ms,23824,95.240,0.200519
24032ms,24032,96.225,0.205835
24064ms,24064,96.408,0.209847
24096ms,24096,96.210,0.207275
24128ms,24128,96.720,0.202531
24160ms,24160,97.223,0.204872
24288ms,24288,97.040,0.205775
24320ms,24320,96.969,0.204953
24368ms,24368,96.877,0.204534
24399ms,24399,96.791,0.204249
24432ms,24432,96.938,0.206575
24464ms,24464,97.090,0.205060
24496ms,24496,96.971,0.203974
24528ms,24528,96.980,0.204743
24624ms,24624,96.555,0.203940
24656ms,24656,96.809,0.204775
25424ms,25424,95.724,0.203194
25504ms,25504,96.076,0.207241
25600ms,25600,96.844,0.204586
25728ms,25728,97.028,0.205633
25792ms,25792,96.961,0.204276
25824ms,25824,96.943,0.203309
25872ms,25872,97.125,0.206326
25904ms,25904,97.050,0.205094
25936ms,25936,97.020,0.205437
25967ms,25967,97.046,0.204225
26000ms,26000,97.266,0.205423
26032ms,26032,96.917,0.205061
26160ms,26160,96.460,0.202836
26928ms,26928,95.707,0.209055
27008ms,27008,96.263,0.203740
27040ms,27040,96.320,0.208825
27072ms,27072,96.610,0.203677
27104ms,27104,96.975,0.202777
27232ms,27232,97.045,0.204917
27264ms,27264,96.983,0.204582
27296ms,27296,96.933,0.204667
27328ms,27328,96.995,0.205061
27360ms,27360,96.991,0.205211
27408ms,27408,97.175,0.208385
27440ms,27440,97.062,0.206380
27472ms,27472,96.870,0.204683
27536ms,27536,97.105,0.210845
27632ms,27632,96.639,0.204298
27664ms,27664,96.126,0.201490
28240ms,28240,95.114,0.204890
28336ms,28336,95.588,0.202686
28400ms,28400,95.457,0.205992
28432ms,28432,95.815,0.203455
28544ms,28544,96.345,0.207573
28576ms,28576,96.646,0.203214
28640ms,28640,96.937,0.204539
28704ms,28704,97.166,0.207223
28736ms,28736,96.914,0.209350
28768ms,28768,97.000,0.209806
28800ms,28800,96.955,0.203869
28864ms,28864,96.933,0.206005
28944ms,28944,96.835,0.203824
29008ms,29008,96.893,0.203742
29104ms,29104,96.817,0.204158
29136ms,29136,96.553,0.201951
29775ms,29775,95.309,0.200136
29840ms,29840,95.622,0.201183
29904ms,29904,95.666,0.204014
29936ms,29936,95.888,0.205585
29968ms,29968,96.214,0.204912
30000ms,30000,96.362,0.203893
30048ms,30048,96.240,0.203004
30080ms,30080,96.996,0.205742
30112ms,30112,97.050,0.207069
30176ms,30176,97.056,0.205057
30240ms,30240,96.993,0.203675
30272ms,30272,96.902,0.204913
30304ms,30304,97.067,0.204069
30336ms,30336,96.914,0.207183
30368ms,30368,96.883,0.205122
30416ms,30416,96.920,0.204804
30448ms,30448,97.037,0.207861
30480ms,30480,96.867,0.207340
30576ms,30576,96.739,0.204468
30608ms,30608,96.675,0.202772
31344ms,31344,95.497,0.200047
31408ms,31408,95.752,0.205947
31472ms,31472,96.352,0.212353
31504ms,31504,96.258,0.209609
31680ms,31680,96.980,0.207005
31712ms,31712,97.037,0.204962
31775ms,31775,96.902,0.205039
31808ms,31808,96.997,0.204219
31840ms,31840,97.045,0.203944
31872ms,31872,96.950,0.206106
31904ms,31904,96.957,0.204916
31952ms,31952,97.131,0.206712
32112ms,32112,96.409,0.204163
32752ms,32752,95.504,0.199282
32815ms,32815,95.616,0.200731
32944ms,32944,96.164,0.204887
33008ms,33008,96.516,0.203440
33040ms,33040,96.921,0.202747
33088ms,33088,97.043,0.203404
33119ms,33119,96.989,0.205303
33152ms,33152,97.044,0.204441
33184ms,33184,97.035,0.205890
33216ms,33216,96.937,0.205295
33248ms,33248,96.913,0.204449
33280ms,33280,96.994,0.204748
33312ms,33312,96.922,0.207338
33344ms,33344,96.963,0.205616
33376ms,33376,96.927,0.203867
33408ms,33408,96.870,0.204352
33440ms,33440,96.999,0.204022
33488ms,33488,96.992,0.203923
34223ms,34223,95.187,0.200254
34256ms,34256,95.554,0.202317
34352ms,34352,95.707,0.200334
34480ms,34480,96.235,0.205021
34512ms,34512,96.612,0.207846
34576ms,34576,96.805,0.204812
34624ms,34624,96.997,0.204185
34656ms,34656,97.119,0.206408
34688ms,34688,97.056,0.204563
34720ms,34720,97.024,0.203440
34752ms,34752,96.959,0.204548
34784ms,34784,97.072,0.204019
34816ms,34816,96.967,0.204737
34848ms,34848,97.051,0.204881
34880ms,34880,97.139,0.206569
34912ms,34912,96.957,0.205387
34944ms,34944,96.981,0.204155
34992ms,34992,97.059,0.204257
35056ms,35056,96.777,0.204478
35728ms,35728,95.166,0.202863
35823ms,35823,95.593,0.199905
35855ms,35855,95.590,0.204607
35887ms,35887,95.852,0.206287
35920ms,35920,96.165,0.205225
35952ms,35952,96.417,0.203741
35984ms,35984,96.461,0.203502
36160ms,36160,96.983,0.204226
36192ms,36192,96.988,0.204400
36223ms,36223,96.939,0.207392
36256ms,36256,96.936,0.205738
36288ms,36288,96.935,0.206218
36320ms,36320,96.812,0.204181
36352ms,36352,96.858,0.204465
36384ms,36384,96.958,0.206314
36416ms,36416,96.982,0.205332
36448ms,36448,96.839,0.204363
36528ms,36528,96.924,0.205473
36592ms,36592,96.377,0.202627
37184ms,37184,95.078,0.199232
37328ms,37328,95.661,0.200961
37360ms,37360,95.843,0.205400
37392ms,37392,96.018,0.206062
37424ms,37424,96.286,0.218102
37456ms,37456,96.257,0.206598
37520ms,37520,96.991,0.205161
37552ms,37552,97.122,0.204952
37632ms,37632,96.967,0.204261
37664ms,37664,96.965,0.205253
37696ms,37696,96.829,0.205940
37728ms,37728,96.875,0.206963
37760ms,37760,96.889,0.205402
37824ms,37824,96.910,0.204109
37888ms,37888,96.931,0.204529
37920ms,37920,96.939,0.207328
38000ms,38000,97.093,0.204334
38064ms,38064,96.495,0.202934
38096ms,38096,95.976,0.201648
38560ms,38560,95.174,0.198761
38832ms,38832,95.581,0.201559
38864ms,38864,95.915,0.208727
38928ms,38928,96.303,0.216471
38960ms,38960,96.365,0.206142
38992ms,38992,97.049,0.203505
39056ms,39056,96.998,0.204168
39120ms,39120,96.988,0.204520
39168ms,39168,96.998,0.207440
39200ms,39200,97.056,0.206443
39232ms,39232,96.906,0.207160
39264ms,39264,96.901,0.205727
39296ms,39296,97.100,0.208679
39360ms,39360,96.846,0.205786
39392ms,39392,96.922,0.206490
39424ms,39424,97.022,0.205527
40160ms,40160,94.962,0.198639
40336ms,40336,95.768,0.203548
40400ms,40400,96.147,0.216101
40432ms,40432,96.522,0.203956
40528ms,40528,97.022,0.204884
40592ms,40592,96.993,0.204361
40624ms,40624,97.049,0.206113
40672ms,40672,96.962,0.206769
40704ms,40704,97.145,0.207192
40736ms,40736,96.862,0.204357
40767ms,40767,96.879,0.205208
40800ms,40800,97.031,0.209109
40832ms,40832,97.098,0.205970
40864ms,40864,97.078,0.204990
40896ms,40896,97.204,0.208105
40928ms,40928,97.006,0.204761
40992ms,40992,96.881,0.204276
41104ms,41104,95.965,0.200840
41664ms,41664,94.968,0.202596
41760ms,41760,95.644,0.205388
41808ms,41808,95.657,0.200954
41904ms,41904,96.336,0.208420
41936ms,41936,96.260,0.211772
42000ms,42000,96.877,0.204780
42032ms,42032,97.047,0.204014
42096ms,42096,96.851,0.204226
42128ms,42128,96.843,0.204310
42176ms,42176,97.122,0.206895
42208ms,42208,96.887,0.204470
42240ms,42240,96.912,0.205164
42272ms,42272,97.020,0.205548
42304ms,42304,97.045,0.207034
42336ms,42336,96.819,0.209051
42368ms,42368,97.018,0.208482
42400ms,42400,96.995,0.204235
42464ms,42464,96.938,0.203881
43040ms,43040,94.974,0.201830
43232ms,43232,95.619,0.203899
43264ms,43264,95.658,0.200436
43312ms,43312,95.708,0.203124
43376ms,43376,96.092,0.208229
43408ms,43408,96.445,0.203191
43472ms,43472,96.921,0.202833
43504ms,43504,97.062,0.204062
43536ms,43536,96.969,0.205797
43568ms,43568,96.992,0.206270
43600ms,43600,96.995,0.204792
43632ms,43632,97.173,0.204905
43664ms,43664,96.895,0.203972
43712ms,43712,96.875,0.205427
43744ms,43744,97.079,0.204466
43776ms,43776,97.008,0.204693
43808ms,43808,96.917,0.205736
43840ms,43840,96.897,0.204494
43872ms,43872,97.063,0.204935
43904ms,43904,97.158,0.205958
43936ms,43936,97.174,0.204710
43968ms,43968,96.766,0.204765
44032ms,44032,95.927,0.205762
44704ms,44704,95.460,0.201678
44768ms,44768,95.730,0.201956
44880ms,44880,96.242,0.212529
45008ms,45008,96.988,0.204409
45072ms,45072,96.890,0.206381
45104ms,45104,96.950,0.204735
45136ms,45136,97.079,0.207822
45168ms,45168,96.991,0.205519
45216ms,45216,97.064,0.203832
45248ms,45248,96.987,0.205170
45280ms,45280,96.976,0.204956
45312ms,45312,96.935,0.204742
45344ms,45344,97.025,0.207467
45376ms,45376,97.069,0.205685
45408ms,45408,97.095,0.207407
45472ms,45472,96.721,0.204740
46015ms,46015,94.881,0.197889
46112ms,46112,95.094,0.199212
46144ms,46144,95.486,0.200868
46240ms,46240,95.638,0.200534
46272ms,46272,95.808,0.205824
46352ms,46352,96.322,0.216387
46383ms,46383,96.418,0.204193
46416ms,46416,96.326,0.203207
46448ms,46448,96.873,0.208327
46480ms,46480,97.054,0.204452
46544ms,46544,97.014,0.206320
46576ms,46576,96.829,0.205197
46608ms,46608,96.957,0.207144
46640ms,46640,96.963,0.204086
46672ms,46672,96.848,0.203887
46704ms,46704,96.838,0.205778
46752ms,46752,96.973,0.204287
46783ms,46783,97.030,0.207140
46816ms,46816,96.957,0.205191
46848ms,46848,97.029,0.206037
46880ms,46880,97.003,0.205147
46912ms,46912,97.175,0.205159
46944ms,46944,96.878,0.206461
47008ms,47008,96.150,0.206692
47712ms,47712,95.662,0.207309
47744ms,47744,95.687,0.202209
47776ms,47776,95.910,0.206187
47856ms,47856,96.250,0.210274
47888ms,47888,96.200,0.209994
47984ms,47984,96.926,0.204355
48016ms,48016,97.198,0.203821
48048ms,48048,96.979,0.204834
48080ms,48080,97.060,0.207927
48112ms,48112,96.879,0.205572
48144ms,48144,96.845,0.205073
48176ms,48176,96.794,0.206381
48208ms,48208,96.961,0.204659
48256ms,48256,96.839,0.204914
48288ms,48288,97.092,0.204716
48320ms,48320,96.914,0.206479
48352ms,48352,97.030,0.204522
48384ms,48384,96.942,0.204321
48416ms,48416,97.021,0.205486
48976ms,48976,95.033,0.197018
49088ms,49088,94.884,0.200711
49184ms,49184,95.749,0.202131
49216ms,49216,95.397,0.205907
49248ms,49248,95.511,0.204421
49280ms,49280,96.038,0.220682
49344ms,49344,96.324,0.216447
49392ms,49392,96.441,0.203957
49456ms,49456,96.968,0.204250
49488ms,49488,97.059,0.204059
49520ms,49520,96.883,0.205671
49552ms,49552,97.017,0.205864
49584ms,49584,97.147,0.205217
49616ms,49616,97.195,0.204004
49648ms,49648,96.951,0.205480
49680ms,49680,96.902,0.203941
49791ms,49791,97.027,0.204390
49823ms,49823,97.001,0.206924
49855ms,49855,97.158,0.204158
49887ms,49887,97.038,0.204500
49920ms,49920,96.801,0.203526
49952ms,49952,96.718,0.203813
50720ms,50720,95.721,0.199827
50784ms,50784,95.850,0.204606
50816ms,50816,96.227,0.219572
50848ms,50848,96.255,0.208658
50880ms,50880,96.820,0.206050
50928ms,50928,96.895,0.205045
50960ms,50960,97.077,0.203916
50992ms,50992,96.973,0.204073
51024ms,51024,97.076,0.204498
51088ms,51088,97.084,0.205204
51120ms,51120,97.046,0.204468
51152ms,51152,97.050,0.203803
51184ms,51184,97.063,0.204084
51216ms,51216,96.998,0.205470
51248ms,51248,97.065,0.205725
51295ms,51295,97.081,0.203713
51327ms,51327,97.248,0.203878
51360ms,51360,97.162,0.204783
51392ms,51392,97.077,0.204129
51456ms,51456,96.480,0.202343
52160ms,52160,95.733,0.200661
52192ms,52192,95.674,0.199702
52288ms,52288,96.107,0.206071
52320ms,52320,96.383,0.218176
52352ms,52352,96.380,0.205687
52431ms,52431,97.017,0.203603
52496ms,52496,97.027,0.206803
52528ms,52528,96.996,0.207490
52560ms,52560,97.024,0.204728
52592ms,52592,96.923,0.207371
52624ms,52624,96.952,0.206057
52656ms,52656,97.220,0.205015
52688ms,52688,97.127,0.205473
52720ms,52720,96.821,0.205635
52752ms,52752,96.858,0.205794
52799ms,52799,97.068,0.204257
52831ms,52831,97.117,0.204881
52863ms,52863,96.996,0.205950
52928ms,52928,96.663,0.203012
53696ms,53696,95.643,0.201959
53792ms,53792,96.380,0.209716
53856ms,53856,96.840,0.203044
53888ms,53888,96.956,0.206335
53968ms,53968,96.933,0.204200
54032ms,54032,97.096,0.204345
54064ms,54064,96.885,0.205146
54096ms,54096,96.852,0.208019
54128ms,54128,96.886,0.207228
54160ms,54160,96.891,0.203986
54192ms,54192,96.771,0.205893
54224ms,54224,97.059,0.208530
54256ms,54256,96.997,0.203552
54303ms,54303,96.928,0.206293
54336ms,54336,97.236,0.207991
54368ms,54368,97.052,0.208897
54400ms,54400,96.721,0.205817
55024ms,55024,95.236,0.199571
55072ms,55072,95.410,0.199363
55136ms,55136,95.586,0.202490
55167ms,55167,95.856,0.204958
55200ms,55200,95.693,0.203931
55264ms,55264,96.000,0.209521
55328ms,55328,96.462,0.205534
55360ms,55360,96.974,0.205781
55392ms,55392,97.105,0.206171
55440ms,55440,97.042,0.204818
55472ms,55472,97.259,0.204422
55504ms,55504,97.094,0.203974
55535ms,55535,96.811,0.204100
55568ms,55568,97.030,0.205402
55600ms,55600,96.945,0.204442
55632ms,55632,97.029,0.209335
55696ms,55696,97.122,0.205573
55728ms,55728,96.987,0.207118
55760ms,55760,97.165,0.205519
55792ms,55792,96.979,0.204170
55840ms,55840,97.098,0.205049
55936ms,55936,96.185,0.201826
56672ms,56672,95.470,0.203014
56799ms,56799,96.459,0.207335
56896ms,56896,97.082,0.205308
56928ms,56928,97.028,0.204969
56976ms,56976,96.825,0.203982
57008ms,57008,96.947,0.204353
57072ms,57072,97.135,0.205244
57104ms,57104,97.032,0.205073
57136ms,57136,97.130,0.208283
57168ms,57168,97.119,0.204532
57200ms,57200,97.002,0.205743
57232ms,57232,96.955,0.209045
57264ms,57264,97.034,0.206094
57296ms,57296,97.256,0.204657
57344ms,57344,96.987,0.204441
57408ms,57408,96.477,0.204220
58032ms,58032,95.094,0.200412
58176ms,58176,95.667,0.200515
58272ms,58272,96.441,0.206480
58304ms,58304,96.348,0.204085
58368ms,58368,97.138,0.203637
58432ms,58432,97.208,0.204419
58512ms,58512,97.272,0.205317
58544ms,58544,97.236,0.204146
58576ms,58576,97.068,0.206370
58608ms,58608,97.098,0.204165
58640ms,58640,96.929,0.204680
58704ms,58704,96.960,0.209099
58736ms,58736,96.938,0.204819
58768ms,58768,97.059,0.203831
58832ms,58832,96.895,0.204227
58880ms,58880,96.674,0.202759
58912ms,58912,96.322,0.202081
59472ms,59472,95.068,0.198003
59536ms,59536,95.537,0.199480
59600ms,59600,95.650,0.200974
59744ms,59744,96.112,0.214075
59776ms,59776,96.216,0.206379
59808ms,59808,96.503,0.202685
59840ms,59840,96.884,0.203168
59872ms,59872,96.954,0.206003
59904ms,59904,96.810,0.204408
59936ms,59936,96.941,0.205112
59968ms,59968,97.023,0.205495
60016ms,60016,96.918,0.204629
60048ms,60048,97.041,0.204890
60080ms,60080,97.033,0.205237
60112ms,60112,97.199,0.205012
60144ms,60144,97.085,0.204381
60176ms,60176,97.112,0.205366
60208ms,60208,97.071,0.204902
60240ms,60240,96.975,0.204393
60272ms,60272,97.071,0.204058
60304ms,60304,96.925,0.204253
61008ms,61008,95.360,0.203295
61104ms,61104,95.726,0.200630
61152ms,61152,95.724,0.202809
61216ms,61216,96.246,0.207619
61248ms,61248,96.236,0.209457
61280ms,61280,96.399,0.203822
61344ms,61344,97.026,0.205754
61376ms,61376,96.968,0.204589
61408ms,61408,97.102,0.204530
61440ms,61440,97.040,0.207387
61472ms,61472,96.915,0.205221
61520ms,61520,97.104,0.208219
61551ms,61551,97.128,0.207351
61584ms,61584,96.970,0.203907
61616ms,61616,97.068,0.208687
61647ms,61647,97.185,0.203876
61679ms,61679,97.166,0.208583
61712ms,61712,97.096,0.206907
61744ms,61744,97.036,0.205072
61776ms,61776,97.037,0.203598
62416ms,62416,95.014,0.198320
62576ms,62576,95.821,0.201236
62608ms,62608,95.618,0.201354
62720ms,62720,96.282,0.208439
62752ms,62752,96.361,0.206422
62784ms,62784,97.006,0.203821
62816ms,62816,96.953,0.203610
62880ms,62880,97.121,0.204030
62912ms,62912,97.069,0.205866
62944ms,62944,96.952,0.204010
62976ms,62976,97.167,0.204452
63024ms,63024,97.182,0.204764
63056ms,63056,97.118,0.203942
63088ms,63088,97.120,0.204259
63120ms,63120,97.150,0.205082
63184ms,63184,97.194,0.204966
63216ms,63216,97.118,0.204802
63248ms,63248,96.931,0.204119
63280ms,63280,96.908,0.207024
63855ms,63855,94.755,0.198337
63952ms,63952,95.089,0.199738
64112ms,64112,95.822,0.204018
64192ms,64192,96.110,0.215916
64224ms,64224,96.319,0.206307
64256ms,64256,96.427,0.204004
64288ms,64288,96.929,0.204316
64320ms,64320,97.150,0.203260
64384ms,64384,97.085,0.204690
64416ms,64416,97.209,0.204685
64448ms,64448,97.347,0.205222
64480ms,64480,97.090,0.205077
64512ms,64512,97.254,0.204366
64592ms,64592,97.014,0.208358
64624ms,64624,96.987,0.205015
64656ms,64656,97.094,0.209344
64688ms,64688,97.081,0.203467
64720ms,64720,97.238,0.206230
64752ms,64752,97.178,0.205901
65456ms,65456,95.049,0.199258
65696ms,65696,96.241,0.212497
65791ms,65791,96.954,0.204290
65824ms,65824,97.050,0.204039
65856ms,65856,97.105,0.204982
65920ms,65920,97.137,0.206572
65952ms,65952,96.891,0.205610
65984ms,65984,96.900,0.204381
66016ms,66016,96.828,0.203920
66064ms,66064,97.175,0.205721
66096ms,66096,97.113,0.206129
66128ms,66128,97.171,0.207231
66159ms,66159,96.947,0.204325
66191ms,66191,97.123,0.208219
66224ms,66224,97.129,0.205208
66256ms,66256,96.942,0.204515
66928ms,66928,95.039,0.200033
66992ms,66992,95.335,0.203474
67024ms,67024,95.605,0.201040
67056ms,67056,95.703,0.202940
67152ms,67152,96.290,0.212205
67184ms,67184,96.474,0.207915
67232ms,67232,96.876,0.203543
67264ms,67264,96.919,0.203093
67296ms,67296,97.107,0.203388
67328ms,67328,96.939,0.204322
67392ms,67392,97.119,0.205361
67424ms,67424,97.259,0.203681
67456ms,67456,97.181,0.204800
67488ms,67488,97.111,0.206883
67520ms,67520,97.194,0.205713
67600ms,67600,97.165,0.205010
67632ms,67632,96.980,0.204788
67664ms,67664,97.183,0.204158
67695ms,67695,97.072,0.204454
67728ms,67728,97.045,0.211441
68432ms,68432,95.247,0.198846
68496ms,68496,95.643,0.201226
68528ms,68528,95.692,0.209458
68560ms,68560,95.613,0.201922
68624ms,68624,96.115,0.206202
68688ms,68688,96.640,0.204095
68768ms,68768,97.114,0.204987
68799ms,68799,97.133,0.204451
68864ms,68864,97.191,0.205305
68896ms,68896,97.113,0.204483
68928ms,68928,97.168,0.205126
68960ms,68960,96.927,0.205870
68992ms,68992,97.117,0.204167
69024ms,69024,97.180,0.204536
69056ms,69056,97.267,0.203822
69104ms,69104,97.150,0.204243
69135ms,69135,97.118,0.204259
69168ms,69168,97.120,0.205400
69200ms,69200,97.142,0.205410
69264ms,69264,96.593,0.203062
70000ms,70000,95.587,0.204144
70160ms,70160,96.471,0.213156
70192ms,70192,96.887,0.203569
70240ms,70240,97.214,0.203452
70336ms,70336,97.014,0.204185
70368ms,70368,97.001,0.205675
70400ms,70400,97.068,0.204626
70432ms,70432,97.138,0.204926
70464ms,70464,97.099,0.204822
70528ms,70528,97.086,0.205665
70560ms,70560,96.955,0.203600
70608ms,70608,96.863,0.204929
70640ms,70640,97.030,0.206904
70672ms,70672,96.925,0.204526
70704ms,70704,96.938,0.204842
70736ms,70736,96.717,0.203488
70768ms,70768,96.276,0.202691
71264ms,71264,94.949,0.198468
71328ms,71328,95.090,0.199980
71375ms,71375,95.108,0.198673
71408ms,71408,95.250,0.200153
71504ms,71504,95.771,0.206008
71536ms,71536,95.759,0.206341
71632ms,71632,96.260,0.205217
71664ms,71664,96.671,0.204139
71840ms,71840,96.999,0.204643
71872ms,71872,97.053,0.206546
71904ms,71904,96.878,0.203884
71936ms,71936,97.001,0.203730
71968ms,71968,97.123,0.204284
72000ms,72000,96.988,0.204787
72032ms,72032,96.974,0.204682
72063ms,72063,97.170,0.205143
72096ms,72096,97.027,0.205010
72144ms,72144,97.216,0.205122
72176ms,72176,96.905,0.203726
72240ms,72240,96.453,0.205049
73008ms,73008,95.486,0.200465
73040ms,73040,96.036,0.209207
73104ms,73104,96.342,0.208863
73280ms,73280,97.133,0.203723
73312ms,73312,97.001,0.203270
73344ms,73344,97.105,0.204645
73376ms,73376,97.126,0.204249
73408ms,73408,97.136,0.205300
73440ms,73440,97.011,0.211768
73472ms,73472,97.142,0.204248
73504ms,73504,97.077,0.204534
73536ms,73536,96.957,0.204787
73599ms,73599,97.102,0.204902
73680ms,73680,96.954,0.204704
74448ms,74448,95.735,0.205687
74480ms,74480,95.745,0.201130
74512ms,74512,95.842,0.204582
74576ms,74576,96.229,0.221650
74608ms,74608,96.286,0.206706
74672ms,74672,96.975,0.203277
74704ms,74704,97.131,0.204505
74736ms,74736,97.001,0.203378
74783ms,74783,96.768,0.204959
74816ms,74816,97.047,0.204486
74848ms,74848,97.050,0.204201
74880ms,74880,97.154,0.204129
74912ms,74912,97.130,0.204992
74944ms,74944,97.231,0.204199
74976ms,74976,97.113,0.205028
75008ms,75008,97.158,0.204738
75040ms,75040,97.208,0.205034
75072ms,75072,97.219,0.204886
75712ms,75712,95.073,0.197492
75840ms,75840,95.113,0.201355
75951ms,75951,95.719,0.200836
76112ms,76112,96.487,0.204978
76144ms,76144,96.697,0.204835
76176ms,76176,97.067,0.203166
76240ms,76240,97.094,0.204654
76320ms,76320,97.010,0.204390
76352ms,76352,97.089,0.205911
76384ms,76384,97.166,0.205454
76416ms,76416,97.151,0.204710
76448ms,76448,97.145,0.204428
76479ms,76479,97.196,0.205379
76512ms,76512,97.279,0.204154
76544ms,76544,97.016,0.205162
76640ms,76640,96.811,0.204101
77184ms,77184,94.995,0.198474
77312ms,77312,95.039,0.203211
77455ms,77455,95.782,0.201469
77488ms,77488,95.875,0.206221
77552ms,77552,96.391,0.208825
77584ms,77584,96.397,0.208663
77680ms,77680,97.054,0.203625
77712ms,77712,97.012,0.207943
77744ms,77744,97.075,0.209305
77776ms,77776,97.183,0.204778
77824ms,77824,97.065,0.203551
77856ms,77856,97.148,0.204969
77887ms,77887,97.245,0.204741
77920ms,77920,97.009,0.205176
77984ms,77984,97.190,0.204851
78016ms,78016,97.206,0.204906
78048ms,78048,97.139,0.206750
78112ms,78112,97.036,0.205059
78192ms,78192,96.162,0.202803
78784ms,78784,95.185,0.197940
78959ms,78959,95.685,0.204772
79024ms,79024,96.169,0.207174
79088ms,79088,96.539,0.206395
79152ms,79152,97.082,0.203597
79184ms,79184,97.060,0.204590
79216ms,79216,97.027,0.204404
79248ms,79248,96.936,0.204528
79280ms,79280,97.191,0.204719
79312ms,79312,97.123,0.207439
79360ms,79360,96.988,0.205537
79392ms,79392,97.283,0.205184
79456ms,79456,97.196,0.204778
79488ms,79488,97.169,0.205005
79520ms,79520,96.814,0.204190
79552ms,79552,96.991,0.208729
79584ms,79584,97.102,0.206784
79648ms,79648,96.642,0.202018
80256ms,80256,95.159,0.199977
80416ms,80416,95.799,0.202073
80464ms,80464,95.877,0.205431
80528ms,80528,96.330,0.211986
80560ms,80560,96.292,0.208189
80592ms,80592,96.805,0.206103
80688ms,80688,97.190,0.206202
80720ms,80720,97.149,0.205258
80752ms,80752,96.960,0.204595
80784ms,80784,97.238,0.204848
80816ms,80816,96.893,0.204243
80864ms,80864,96.946,0.203824
80960ms,80960,96.902,0.206073
80992ms,80992,96.907,0.204673
81024ms,81024,96.948,0.204457
81056ms,81056,97.082,0.205545
81759ms,81759,95.069,0.201458
81888ms,81888,95.784,0.204305
81920ms,81920,95.869,0.206138
81999ms,81999,96.446,0.211349
82032ms,82032,96.302,0.205473
82096ms,82096,97.040,0.205297
82128ms,82128,97.067,0.205044
82160ms,82160,97.186,0.204407
82192ms,82192,96.894,0.203578
82224ms,82224,96.984,0.203863
82256ms,82256,97.222,0.205057
82288ms,82288,96.923,0.204252
82320ms,82320,97.083,0.204523
82368ms,82368,97.201,0.207232
82399ms,82399,96.913,0.204485
82432ms,82432,96.889,0.205177
82464ms,82464,97.001,0.205166
82496ms,82496,97.271,0.205197
82528ms,82528,97.057,0.204600
82560ms,82560,97.028,0.205187
82592ms,82592,96.714,0.203959
83360ms,83360,95.703,0.200173
83392ms,83392,95.877,0.204649
83456ms,83456,96.373,0.209969
83504ms,83504,96.285,0.206790
83600ms,83600,97.101,0.204027
83632ms,83632,97.073,0.204242
83664ms,83664,97.071,0.208846
83696ms,83696,97.169,0.207374
83728ms,83728,97.199,0.205183
83760ms,83760,97.111,0.204490
83792ms,83792,96.997,0.205273
83824ms,83824,97.124,0.204923
83856ms,83856,97.056,0.205093
83904ms,83904,97.041,0.204640
83935ms,83935,97.198,0.204594
83967ms,83967,97.167,0.204434
84000ms,84000,97.151,0.207512
84032ms,84032,96.797,0.205332
84096ms,84096,96.295,0.202392
84736ms,84736,95.472,0.199978
84800ms,84800,95.665,0.201049
84832ms,84832,95.734,0.201982
84896ms,84896,95.897,0.207279
85040ms,85040,96.932,0.203483
85072ms,85072,97.021,0.204235
85104ms,85104,97.023,0.203991
85135ms,85135,96.889,0.205635
85168ms,85168,97.104,0.204121
85200ms,85200,97.086,0.204671
85232ms,85232,97.129,0.204649
85296ms,85296,96.892,0.204889
85328ms,85328,97.086,0.204180
85360ms,85360,96.919,0.205122
85408ms,85408,97.169,0.204054
85440ms,85440,97.123,0.204137
85504ms,85504,97.007,0.209206
86272ms,86272,95.714,0.202473
86336ms,86336,95.680,0.203432
86400ms,86400,96.209,0.208470
86432ms,86432,96.120,0.211115
86464ms,86464,96.807,0.202436
86496ms,86496,96.888,0.205163
86543ms,86543,96.971,0.204025
86608ms,86608,97.159,0.204295
86640ms,86640,97.282,0.204718
86672ms,86672,97.020,0.203844
86704ms,86704,96.951,0.204104
86736ms,86736,97.160,0.204978
86768ms,86768,96.944,0.204327
86800ms,86800,97.002,0.204098
86832ms,86832,97.016,0.204442
86864ms,86864,96.881,0.204070
86896ms,86896,96.868,0.203910
86944ms,86944,97.105,0.204507
86975ms,86975,97.018,0.204287
87008ms,87008,96.751,0.202999
87680ms,87680,95.136,0.201072
87808ms,87808,95.715,0.201463
87840ms,87840,95.890,0.209130
87936ms,87936,96.373,0.204636
87968ms,87968,96.708,0.204850
88000ms,88000,96.957,0.203675
88048ms,88048,96.915,0.203485
88080ms,88080,97.186,0.204798
88111ms,88111,96.856,0.204889
88144ms,88144,97.130,0.204654
88176ms,88176,97.223,0.205134
88208ms,88208,96.950,0.205464
88240ms,88240,97.042,0.204640
88272ms,88272,96.844,0.209092
88304ms,88304,96.943,0.204474
88336ms,88336,97.030,0.204730
88368ms,88368,97.186,0.204357
88400ms,88400,97.341,0.204960
88448ms,88448,97.007,0.209284
88544ms,88544,96.156,0.204037
89184ms,89184,95.340,0.199529
89248ms,89248,95.674,0.201110
89376ms,89376,96.307,0.211462
89408ms,89408,96.484,0.205432
89440ms,89440,96.646,0.209378
89504ms,89504,97.034,0.203409
89536ms,89536,97.256,0.204607
89584ms,89584,96.877,0.204931
89616ms,89616,96.847,0.205108
89647ms,89647,96.986,0.204254
89680ms,89680,96.907,0.205450
89712ms,89712,97.104,0.204503
89744ms,89744,97.199,0.204639
89776ms,89776,96.984,0.204358
89808ms,89808,96.865,0.203866
89840ms,89840,96.929,0.204747
89872ms,89872,97.217,0.204029
89904ms,89904,97.169,0.205368
89951ms,89951,97.042,0.204357
90576ms,90576,95.063,0.198323
90608ms,90608,95.070,0.199396
90640ms,90640,95.153,0.202936
90752ms,90752,95.760,0.199153
90783ms,90783,95.759,0.200436
90815ms,90815,95.918,0.205325
90880ms,90880,96.289,0.215218
91008ms,91008,97.043,0.204551
91040ms,91040,97.191,0.203825
91120ms,91120,96.956,0.204476
91152ms,91152,97.062,0.205330
91184ms,91184,96.890,0.204377
91216ms,91216,96.899,0.205183
91248ms,91248,97.068,0.204883
91280ms,91280,97.190,0.203864
91312ms,91312,96.871,0.203882
91344ms,91344,97.213,0.205602
91375ms,91375,97.193,0.204815
91408ms,91408,97.170,0.206915
91440ms,91440,97.020,0.204369
92016ms,92016,95.047,0.198727
92256ms,92256,95.739,0.200043
92288ms,92288,95.800,0.201490
92384ms,92384,96.401,0.206115
92480ms,92480,96.993,0.206122
92544ms,92544,97.285,0.206136
92576ms,92576,97.050,0.205118
92624ms,92624,96.946,0.204997
92656ms,92656,96.960,0.205847
92687ms,92687,96.942,0.205159
92720ms,92720,97.177,0.204431
92752ms,92752,97.012,0.204654
92784ms,92784,96.991,0.205626
92816ms,92816,97.124,0.204090
92848ms,92848,97.020,0.204299
92880ms,92880,97.120,0.205356
92912ms,92912,97.088,0.204760
93552ms,93552,94.957,0.198805
93616ms,93616,95.075,0.199439
93791ms,93791,96.015,0.204349
93824ms,93824,96.090,0.205560
93856ms,93856,96.294,0.208510
93888ms,93888,96.409,0.203389
93920ms,93920,96.697,0.202605
93952ms,93952,96.949,0.203435
93984ms,93984,96.997,0.203337
94016ms,94016,97.099,0.206268
94047ms,94047,97.031,0.204408
94080ms,94080,96.991,0.203878
94128ms,94128,97.025,0.204434
94159ms,94159,97.189,0.204835
94192ms,94192,96.991,0.204163
94224ms,94224,97.180,0.209593
94256ms,94256,97.188,0.211495
94288ms,94288,96.965,0.202913
94320ms,94320,96.962,0.204345
94352ms,94352,97.224,0.205315
94384ms,94384,97.132,0.207983
94448ms,94448,96.710,0.202953
94992ms,94992,95.186,0.196959
95263ms,95263,95.803,0.201448
95360ms,95360,96.413,0.214231
95392ms,95392,96.516,0.202919
95456ms,95456,97.086,0.203095
95488ms,95488,97.037,0.204120
95520ms,95520,96.935,0.204731
95552ms,95552,96.863,0.204126
95584ms,95584,97.008,0.204290
95616ms,95616,97.107,0.204031
95663ms,95663,96.919,0.204140
95696ms,95696,96.948,0.205789
95728ms,95728,96.989,0.205613
95759ms,95759,96.998,0.205061
95792ms,95792,97.098,0.204783
95824ms,95824,96.997,0.204957
95856ms,95856,96.970,0.204917
95920ms,95920,96.884,0.205348
96528ms,96528,95.036,0.198026
96688ms,96688,95.699,0.203422
96720ms,96720,95.730,0.202144
96863ms,96863,96.346,0.202784
96896ms,96896,96.830,0.204424
96960ms,96960,96.985,0.204553
96992ms,96992,97.110,0.205898
97024ms,97024,97.040,0.207025
97056ms,97056,96.993,0.205544
97088ms,97088,97.065,0.204548
97120ms,97120,97.021,0.205023
97167ms,97167,97.291,0.204866
97199ms,97199,96.896,0.206017
97231ms,97231,97.196,0.204592
97264ms,97264,96.986,0.204813
97296ms,97296,97.081,0.204773
97328ms,97328,97.132,0.204396
97360ms,97360,97.084,0.205896
97968ms,97968,95.028,0.197109
98095ms,98095,95.341,0.199337
98192ms,98192,95.755,0.201347
98224ms,98224,95.620,0.202400
98303ms,98303,96.163,0.206168
98336ms,98336,96.441,0.203518
98368ms,98368,96.750,0.206885
98432ms,98432,97.012,0.202964
98464ms,98464,96.906,0.205506
98496ms,98496,96.930,0.203983
98528ms,98528,96.941,0.203868
98560ms,98560,96.952,0.203979
98592ms,98592,97.068,0.203981
98624ms,98624,97.003,0.203840
98672ms,98672,97.002,0.204753
98704ms,98704,97.053,0.204985
98736ms,98736,96.935,0.204637
98767ms,98767,96.994,0.205625
98800ms,98800,97.033,0.204914
98864ms,98864,97.033,0.204650
99504ms,99504,94.919,0.198226
99568ms,99568,95.242,0.199618
99600ms,99600,95.035,0.200198
99696ms,99696,95.595,0.200684
99728ms,99728,95.900,0.204886
99807ms,99807,96.406,0.210800
99871ms,99871,96.990,0.203826
99904ms,99904,97.012,0.203329
99936ms,99936,97.185,0.205660
99968ms,99968,97.228,0.204571
100000ms,100000,96.902,0.205084
100032ms,100032,97.071,0.203691
100064ms,100064,97.007,0.205152
100096ms,100096,96.881,0.204303
100128ms,100128,96.851,0.204615
100160ms,100160,97.225,0.206044
100208ms,100208,96.957,0.207066
100240ms,100240,96.974,0.206444
100271ms,100271,97.076,0.204697
100336ms,100336,97.042,0.205414
100432ms,100432,96.433,0.202209
100943ms,100943,94.576,0.201114
101072ms,101072,95.126,0.199142
101168ms,101168,95.791,0.201958
101296ms,101296,96.278,0.210143
101440ms,101440,97.187,0.205273
101472ms,101472,97.009,0.205041
101504ms,101504,96.945,0.204225
101536ms,101536,97.015,0.205357
101600ms,101600,97.006,0.205410
101632ms,101632,96.999,0.205107
101664ms,101664,96.991,0.204407
101712ms,101712,96.979,0.204719
101744ms,101744,97.119,0.204368
101776ms,101776,97.129,0.204406
101808ms,101808,97.207,0.204628
101872ms,101872,96.751,0.203186
102400ms,102400,95.226,0.199476
102512ms,102512,95.037,0.198682
102672ms,102672,95.794,0.200791
102768ms,102768,96.390,0.204589
102800ms,102800,96.627,0.202759
102911ms,102911,97.103,0.205498
102943ms,102943,96.927,0.203739
102976ms,102976,96.994,0.203879
103008ms,103008,97.134,0.203417
103040ms,103040,96.921,0.204010
103072ms,103072,96.992,0.206124
103104ms,103104,97.145,0.206257
103136ms,103136,97.040,0.203394
103168ms,103168,97.114,0.206801
103200ms,103200,96.971,0.203966
103248ms,103248,97.154,0.204808
103280ms,103280,97.020,0.204790
103376ms,103376,96.541,0.204483
103984ms,103984,95.203,0.199193
104016ms,104016,95.033,0.206284
104144ms,104144,95.808,0.200845
104176ms,104176,95.938,0.213558
104240ms,104240,96.278,0.208403
104272ms,104272,96.308,0.207890
104304ms,104304,96.796,0.204549
104384ms,104384,96.938,0.203916
104416ms,104416,96.982,0.204785
104480ms,104480,96.925,0.204538
104512ms,104512,97.023,0.203830
104544ms,104544,96.845,0.204590
104576ms,104576,96.886,0.203893
104608ms,104608,97.025,0.204649
104672ms,104672,96.986,0.203973
104704ms,104704,97.125,0.204407
104784ms,104784,97.070,0.204486
104816ms,104816,96.830,0.205306
104848ms,104848,96.752,0.205069
105584ms,105584,95.673,0.204676
105616ms,105616,95.782,0.200243
105648ms,105648,95.852,0.202872
105744ms,105744,96.188,0.219291
105776ms,105776,96.908,0.203977
105888ms,105888,97.226,0.204787
105920ms,105920,97.128,0.204924
105952ms,105952,97.134,0.203857
105984ms,105984,96.978,0.205350
106016ms,106016,96.962,0.204224
106048ms,106048,96.987,0.204681
106080ms,106080,97.207,0.204901
106112ms,106112,97.171,0.204501
106144ms,106144,97.011,0.204291
106176ms,106176,96.939,0.205252
106208ms,106208,97.007,0.204723
106256ms,106256,97.139,0.205379
106288ms,106288,96.994,0.204380
106944ms,106944,95.217,0.199985
106976ms,106976,95.193,0.198657
107024ms,107024,95.458,0.199021
107120ms,107120,95.748,0.200844
107152ms,107152,95.890,0.202360
107216ms,107216,96.382,0.213749
107248ms,107248,96.433,0.207818
107312ms,107312,97.049,0.203136
107392ms,107392,96.872,0.205255
107424ms,107424,97.022,0.204715
107456ms,107456,97.095,0.204613
107488ms,107488,96.876,0.205359
107520ms,107520,97.065,0.206324
107552ms,107552,97.090,0.206439
107584ms,107584,96.945,0.204345
107616ms,107616,97.170,0.206288
107648ms,107648,97.012,0.204008
107680ms,107680,96.973,0.204146
107712ms,107712,97.250,0.205148
107759ms,107759,97.056,0.204979
108352ms,108352,95.119,0.196716
108448ms,108448,95.065,0.205061
108480ms,108480,95.000,0.204637
108624ms,108624,95.784,0.201042
108656ms,108656,95.942,0.213178
108720ms,108720,96.353,0.212317
108752ms,108752,96.477,0.204194
108816ms,108816,97.015,0.203993
108848ms,108848,97.010,0.204387
108895ms,108895,97.189,0.204805
108928ms,108928,97.234,0.204392
108960ms,108960,97.256,0.204823
108992ms,108992,97.195,0.205208
109024ms,109024,97.071,0.204747
109056ms,109056,96.968,0.204486
109088ms,109088,96.936,0.206265
109120ms,109120,96.907,0.204779
109152ms,109152,97.191,0.204558
109184ms,109184,97.227,0.205072
109216ms,109216,97.076,0.206857
109296ms,109296,96.801,0.203405
109792ms,109792,94.984,0.202088
109984ms,109984,95.110,0.199742
110095ms,110095,95.623,0.207634
110159ms,110159,95.857,0.201535
110224ms,110224,96.499,0.204400
110256ms,110256,96.402,0.215345
110288ms,110288,97.049,0.203270
110352ms,110352,97.147,0.204262
110384ms,110384,97.145,0.204715
110432ms,110432,97.113,0.204467
110464ms,110464,97.077,0.204404
110496ms,110496,96.850,0.204329
110527ms,110527,96.856,0.204328
110560ms,110560,97.147,0.204578
110592ms,110592,96.914,0.204405
110624ms,110624,96.859,0.203587
110656ms,110656,96.920,0.204651
110688ms,110688,96.856,0.204837
110720ms,110720,96.954,0.204524
111024ms,111024,95.120,0.198051
111328ms,111328,94.826,0.197779
111360ms,111360,94.693,0.198829
111392ms,111392,94.941,0.198382
111424ms,111424,94.885,0.198629
111456ms,111456,94.900,0.199211
111488ms,111488,95.136,0.199304
111520ms,111520,95.605,0.202323
111568ms,111568,95.642,0.200057
111631ms,111631,95.914,0.203014
111664ms,111664,96.071,0.204083
111728ms,111728,96.432,0.205754
111760ms,111760,96.782,0.204394
111824ms,111824,96.982,0.204541
111856ms,111856,97.242,0.204709
111888ms,111888,96.969,0.204904
111936ms,111936,96.992,0.204822
111968ms,111968,96.915,0.203549
111999ms,111999,96.906,0.204465
112032ms,112032,97.058,0.204717
112096ms,112096,96.867,0.204347
112128ms,112128,96.918,0.205525
112160ms,112160,96.962,0.204688
112192ms,112192,96.976,0.204423
112224ms,112224,97.221,0.206620
112495ms,112495,94.939,0.197541
112799ms,112799,94.954,0.197561
112896ms,112896,94.954,0.199168
113024ms,113024,95.448,0.200945
113104ms,113104,95.634,0.201172
113136ms,113136,95.987,0.203149
113168ms,113168,96.083,0.201769
113232ms,113232,96.418,0.205142
113296ms,113296,97.136,0.202696
113360ms,113360,96.974,0.206295
113424ms,113424,97.140,0.205145
113472ms,113472,96.876,0.205112
113504ms,113504,96.882,0.204835
113535ms,113535,96.925,0.205152
113568ms,113568,97.093,0.205187
113600ms,113600,96.895,0.204216
113632ms,113632,96.941,0.204415
113664ms,113664,97.117,0.204726
113696ms,113696,97.132,0.203668
113728ms,113728,97.070,0.210590
113760ms,113760,96.826,0.204899
113840ms,113840,96.528,0.202057
114464ms,114464,95.292,0.198956
114528ms,114528,95.499,0.200792
114640ms,114640,95.973,0.202213
114672ms,114672,96.035,0.206405
114704ms,114704,96.486,0.203369
114736ms,114736,96.369,0.207274
114800ms,114800,97.087,0.204021
114832ms,114832,97.044,0.203734
114864ms,114864,96.857,0.204937
114896ms,114896,96.949,0.204394
114928ms,114928,97.111,0.204702
114976ms,114976,97.048,0.206367
115008ms,115008,97.065,0.205900
115040ms,115040,96.929,0.205136
115104ms,115104,96.940,0.204184
115135ms,115135,96.956,0.204707
115168ms,115168,96.845,0.205013
115200ms,115200,97.169,0.204965
115232ms,115232,97.095,0.205223
115264ms,115264,96.768,0.203614
115328ms,115328,96.331,0.201554
115807ms,115807,95.065,0.197847
115904ms,115904,94.831,0.197970
115936ms,115936,94.849,0.198086
115968ms,115968,95.331,0.200816
116064ms,116064,95.668,0.203298
116112ms,116112,95.776,0.201993
116144ms,116144,96.104,0.203224
116175ms,116175,96.240,0.204804
116208ms,116208,96.319,0.204359
116240ms,116240,96.619,0.204738
116336ms,116336,97.100,0.204864
116368ms,116368,96.933,0.207283
116400ms,116400,96.933,0.203606
116432ms,116432,96.879,0.205654
116480ms,116480,96.969,0.204806
116512ms,116512,96.914,0.205432
116543ms,116543,96.897,0.204728
116576ms,116576,96.798,0.204472
116608ms,116608,96.935,0.204194
116640ms,116640,96.923,0.203483
116672ms,116672,97.219,0.204830
116704ms,116704,96.975,0.205312
116976ms,116976,94.763,0.200534
117344ms,117344,94.807,0.197045
117376ms,117376,95.114,0.196963
117440ms,117440,95.034,0.198059
117504ms,117504,95.523,0.199257
117568ms,117568,95.717,0.204277
117616ms,117616,95.945,0.202470
117648ms,117648,96.046,0.205904
117680ms,117680,96.310,0.209394
117712ms,117712,96.342,0.211674
117775ms,117775,97.070,0.204238
117808ms,117808,97.160,0.205035
117840ms,117840,96.985,0.204444
117872ms,117872,97.147,0.207038
117904ms,117904,96.949,0.204980
117936ms,117936,96.836,0.203821
117968ms,117968,96.932,0.204263
118016ms,118016,96.940,0.203941
118048ms,118048,97.016,0.206300
118079ms,118079,96.898,0.205409
118112ms,118112,97.059,0.203845
118144ms,118144,96.962,0.204939
118176ms,118176,96.846,0.205781
118240ms,118240,96.805,0.204202
118304ms,118304,96.448,0.201236
118448ms,118448,95.061,0.197661
118784ms,118784,94.798,0.196613
118848ms,118848,94.668,0.196991
118880ms,118880,95.023,0.198173
118912ms,118912,94.860,0.199202
118976ms,118976,95.441,0.201596
119008ms,119008,95.610,0.200599
119040ms,119040,95.647,0.207800
119072ms,119072,95.869,0.201962
119152ms,119152,96.169,0.204931
119184ms,119184,96.303,0.207937
119216ms,119216,96.558,0.204515
119248ms,119248,97.117,0.202706
119280ms,119280,97.099,0.204126
119312ms,119312,97.104,0.205241
119344ms,119344,96.828,0.204494
119376ms,119376,96.835,0.203718
119408ms,119408,96.926,0.204356
119440ms,119440,96.927,0.207607
119472ms,119472,96.951,0.206548
119520ms,119520,96.985,0.204836
119552ms,119552,96.948,0.204034
119584ms,119584,96.840,0.205990
119616ms,119616,96.849,0.203951
119648ms,119648,96.868,0.204964
119712ms,119712,96.968,0.204620
120320ms,120320,94.921,0.197751
120352ms,120352,94.891,0.197498
120384ms,120384,94.841,0.198250
120416ms,120416,95.112,0.198047
120480ms,120480,95.350,0.198603
120608ms,120608,95.943,0.205082
120656ms,120656,96.287,0.204858
120688ms,120688,96.436,0.208759
120784ms,120784,97.079,0.205596
120816ms,120816,96.894,0.203904
120848ms,120848,96.904,0.204306
120880ms,120880,96.844,0.204494
120912ms,120912,96.936,0.204682
120944ms,120944,96.969,0.204336
120976ms,120976,96.974,0.204405
121008ms,121008,96.913,0.204444
121055ms,121055,97.010,0.204861
121088ms,121088,96.969,0.204761
121120ms,121120,96.916,0.204904
121152ms,121152,97.239,0.204760
121184ms,121184,97.013,0.206255
121280ms,121280,96.253,0.201013
121488ms,121488,94.815,0.205280
121712ms,121712,95.001,0.197155
121792ms,121792,94.873,0.199137
121920ms,121920,95.190,0.203906
121984ms,121984,95.499,0.200240
122016ms,122016,95.563,0.202693
122048ms,122048,95.853,0.202173
122080ms,122080,96.024,0.202482
122192ms,122192,96.797,0.203744
122224ms,122224,97.149,0.203919
122256ms,122256,97.104,0.204775
122288ms,122288,97.200,0.204464
122320ms,122320,97.118,0.204821
122352ms,122352,96.961,0.203929
122383ms,122383,96.876,0.205409
122448ms,122448,97.149,0.203297
122480ms,122480,96.907,0.204129
122512ms,122512,96.931,0.203716
122559ms,122559,96.908,0.203785
122592ms,122592,96.946,0.204716
122624ms,122624,97.003,0.204029
122656ms,122656,96.941,0.203364
122688ms,122688,97.059,0.204256
122816ms,122816,95.806,0.203467
122928ms,122928,94.793,0.198997
123184ms,123184,94.996,0.203343
123216ms,123216,94.685,0.196793
123248ms,123248,94.794,0.200607
123360ms,123360,95.070,0.197211
123456ms,123456,95.401,0.200066
123552ms,123552,96.021,0.205263
123584ms,123584,96.047,0.201733
123616ms,123616,96.175,0.208885
123648ms,123648,96.475,0.203550
123759ms,123759,97.141,0.204798
123791ms,123791,96.936,0.204361
123824ms,123824,96.911,0.205238
123855ms,123855,96.870,0.204624
123888ms,123888,96.915,0.204275
123920ms,123920,96.817,0.204319
123952ms,123952,96.874,0.204317
123984ms,123984,96.873,0.204663
124016ms,124016,97.059,0.204593
124048ms,124048,96.916,0.204515
124096ms,124096,96.932,0.204434
124160ms,124160,96.922,0.204144
124256ms,124256,96.231,0.201324
124352ms,124352,95.075,0.207142
124464ms,124464,94.826,0.202444
124752ms,124752,94.699,0.197700
124784ms,124784,94.781,0.197096
124864ms,124864,94.798,0.202460
124960ms,124960,95.633,0.201330
125024ms,125024,95.991,0.201820
125088ms,125088,96.326,0.203419
125120ms,125120,96.445,0.209831
125152ms,125152,96.673,0.203508
125232ms,125232,97.122,0.206103
125264ms,125264,97.001,0.205309
125295ms,125295,96.996,0.204643
125328ms,125328,96.933,0.204211
125360ms,125360,97.116,0.206451
125392ms,125392,96.878,0.204519
125424ms,125424,96.931,0.204013
125487ms,125487,96.975,0.204073
125520ms,125520,97.010,0.204268
125552ms,125552,96.930,0.203119
125600ms,125600,96.949,0.206545
125632ms,125632,97.080,0.205276
125888ms,125888,94.751,0.198130
125920ms,125920,94.857,0.198737
126224ms,126224,94.793,0.202726
126256ms,126256,94.737,0.200604
126367ms,126367,94.781,0.199674
126432ms,126432,95.179,0.198152
126496ms,126496,95.541,0.202050
126528ms,126528,96.004,0.204236
126560ms,126560,96.118,0.201136
126592ms,126592,96.269,0.206567
126624ms,126624,96.310,0.210530
126656ms,126656,96.555,0.203611
126735ms,126735,97.141,0.204187
126767ms,126767,96.992,0.204493
126799ms,126799,96.958,0.203462
126832ms,126832,96.970,0.203655
126864ms,126864,97.059,0.203836
126896ms,126896,96.888,0.204549
126928ms,126928,96.961,0.203527
126960ms,126960,97.070,0.205046
126992ms,126992,96.871,0.205783
127024ms,127024,96.851,0.203535
127056ms,127056,96.945,0.206794
127104ms,127104,97.266,0.205957
127136ms,127136,97.083,0.204832
127232ms,127232,96.430,0.200990
127664ms,127664,95.015,0.198098
127696ms,127696,94.758,0.196728
127760ms,127760,95.046,0.197878
127824ms,127824,94.996,0.198158
127871ms,127871,95.144,0.197957
127904ms,127904,95.431,0.201641
127967ms,127967,95.714,0.203062
128000ms,128000,95.759,0.201725
128128ms,128128,96.800,0.204958
128192ms,128192,97.082,0.205252
128240ms,128240,97.170,0.205001
128272ms,128272,97.087,0.205636
128304ms,128304,96.875,0.205710
128336ms,128336,96.968,0.204361
128368ms,128368,96.896,0.204805
128400ms,128400,97.177,0.204822
128432ms,128432,96.987,0.204482
128464ms,128464,96.965,0.204606
128496ms,128496,96.947,0.203979
128528ms,128528,97.006,0.204094
128560ms,128560,97.061,0.204300
128592ms,128592,97.060,0.204817
128704ms,128704,96.541,0.201906
128864ms,128864,94.852,0.201169
129168ms,129168,94.871,0.199558
129200ms,129200,94.937,0.198226
129264ms,129264,95.006,0.199509
129328ms,129328,94.968,0.198892
129504ms,129504,96.030,0.203707
129536ms,129536,96.193,0.201634
129568ms,129568,96.386,0.205007
129600ms,129600,96.451,0.208504
129664ms,129664,97.180,0.204869
129696ms,129696,97.142,0.204090
129728ms,129728,96.964,0.205830
129775ms,129775,96.917,0.204993
129807ms,129807,96.961,0.204257
129839ms,129839,97.003,0.204817
129872ms,129872,96.937,0.206114
129904ms,129904,96.876,0.205897
129936ms,129936,96.879,0.204915
129968ms,129968,96.928,0.204961
130000ms,130000,96.948,0.204382
130032ms,130032,96.921,0.204795
130064ms,130064,96.963,0.205109
130096ms,130096,97.045,0.204943
130207ms,130207,96.198,0.202737
130304ms,130304,95.148,0.204146
130400ms,130400,94.923,0.205612
130704ms,130704,94.738,0.201674
130736ms,130736,94.850,0.196709
130800ms,130800,94.881,0.198977
130912ms,130912,95.638,0.199396
130943ms,130943,95.576,0.201602
130976ms,130976,95.871,0.200807
131072ms,131072,96.371,0.205620
131136ms,131136,97.167,0.202965
131168ms,131168,97.001,0.204497
131232ms,131232,96.998,0.205905
131280ms,131280,96.996,0.204713
131312ms,131312,97.000,0.205123
131344ms,131344,96.919,0.205800
131376ms,131376,96.886,0.204397
131408ms,131408,96.980,0.204677
131440ms,131440,96.877,0.204374
131472ms,131472,96.886,0.204429
131504ms,131504,97.020,0.204530
131536ms,131536,96.839,0.204763
131568ms,131568,97.127,0.205057
131600ms,131600,96.870,0.204642
131840ms,131840,95.287,0.198413
132144ms,132144,95.102,0.197202
132272ms,132272,94.821,0.199661
132304ms,132304,95.332,0.202755
132336ms,132336,95.386,0.205202
132368ms,132368,95.726,0.199294
132448ms,132448,95.919,0.201542
132512ms,132512,96.292,0.208853
132544ms,132544,96.376,0.213433
132608ms,132608,97.087,0.203668
132640ms,132640,97.067,0.204852
132672ms,132672,97.157,0.204779
132736ms,132736,96.989,0.205165
132783ms,132783,97.027,0.203307
132815ms,132815,96.827,0.204986
132847ms,132847,96.994,0.203512
132912ms,132912,97.006,0.205049
132944ms,132944,97.148,0.206125
132976ms,132976,96.977,0.204542
133008ms,133008,97.020,0.205297
133040ms,133040,97.131,0.205124
133072ms,133072,96.858,0.204451
133136ms,133136,96.392,0.203265
133744ms,133744,95.079,0.199549
133775ms,133775,95.117,0.197806
133840ms,133840,95.318,0.199500
133919ms,133919,95.548,0.201273
133952ms,133952,95.917,0.201856
133984ms,133984,96.186,0.202525
134016ms,134016,96.438,0.204965
134048ms,134048,96.316,0.210963
134112ms,134112,96.951,0.204021
134144ms,134144,97.035,0.205451
134176ms,134176,96.928,0.205157
134208ms,134208,96.998,0.205442
134240ms,134240,96.944,0.205722
134320ms,134320,96.941,0.203730
134352ms,134352,96.921,0.204647
134384ms,134384,96.973,0.205260
134416ms,134416,96.904,0.204750
134448ms,134448,97.124,0.204507
134480ms,134480,97.014,0.204994
134512ms,134512,97.160,0.204935
134544ms,134544,97.107,0.204560
134576ms,134576,96.835,0.203006
134816ms,134816,94.998,0.198697
135152ms,135152,94.749,0.197596
135216ms,135216,94.974,0.198733
135312ms,135312,95.379,0.201628
135344ms,135344,95.557,0.202540
135376ms,135376,95.769,0.206096
135408ms,135408,95.730,0.202196
135456ms,135456,95.966,0.205363
135487ms,135487,95.993,0.206288
135552ms,135552,96.829,0.203860
135584ms,135584,97.113,0.204551
135616ms,135616,96.857,0.203272
135648ms,135648,97.134,0.204701
135680ms,135680,97.151,0.204967
135712ms,135712,96.958,0.206247
135744ms,135744,96.939,0.203822
135776ms,135776,96.799,0.203276
135823ms,135823,96.952,0.206776
135855ms,135855,97.035,0.204622
135887ms,135887,97.103,0.205926
135919ms,135919,96.981,0.205808
135952ms,135952,96.904,0.205108
135984ms,135984,97.148,0.205963
136015ms,136015,97.132,0.204480
136048ms,136048,96.901,0.204573
136080ms,136080,96.724,0.202519
136176ms,136176,95.650,0.206029
136255ms,136255,95.141,0.198544
136480ms,136480,94.792,0.196635
136592ms,136592,95.119,0.200067
136624ms,136624,94.837,0.200080
136656ms,136656,94.925,0.203368
136752ms,136752,95.093,0.200041
136848ms,136848,95.612,0.205063
136880ms,136880,95.695,0.200873
136992ms,136992,96.381,0.205826
137024ms,137024,96.446,0.203775
137120ms,137120,97.192,0.204731
137152ms,137152,96.891,0.204318
137184ms,137184,97.016,0.203915
137216ms,137216,97.118,0.206251
137248ms,137248,96.996,0.204868
137280ms,137280,97.030,0.206078
137312ms,137312,96.968,0.203543
137360ms,137360,96.851,0.204808
137392ms,137392,96.937,0.206959
137424ms,137424,97.038,0.204848
137456ms,137456,96.958,0.203312
137488ms,137488,97.014,0.206073
137520ms,137520,97.144,0.204467
138095ms,138095,94.816,0.200086
138160ms,138160,95.222,0.196901
138192ms,138192,94.972,0.199659
138224ms,138224,94.945,0.199052
138288ms,138288,95.515,0.200507
138416ms,138416,96.039,0.201297
138448ms,138448,96.330,0.207209
138496ms,138496,96.511,0.203077
138560ms,138560,97.222,0.204473
138592ms,138592,97.201,0.204443
138624ms,138624,97.147,0.205044
138688ms,138688,96.913,0.204472
138720ms,138720,96.945,0.204687
138752ms,138752,96.950,0.205324
138784ms,138784,96.971,0.203614
138816ms,138816,96.936,0.203700
138863ms,138863,96.868,0.203358
138896ms,138896,96.915,0.204622
138928ms,138928,96.873,0.204281
138960ms,138960,96.940,0.204892
138992ms,138992,97.097,0.204068
139088ms,139088,96.398,0.202202
139263ms,139263,95.053,0.198445
139424ms,139424,94.653,0.198056
139520ms,139520,94.881,0.202156
139552ms,139552,94.655,0.198832
139584ms,139584,94.666,0.197367
139696ms,139696,94.748,0.200631
139728ms,139728,95.262,0.200625
139759ms,139759,95.417,0.201696
139824ms,139824,95.760,0.208014
139920ms,139920,96.295,0.205193
140032ms,140032,97.103,0.204104
140064ms,140064,97.111,0.205758
140096ms,140096,97.127,0.204853
140128ms,140128,96.849,0.204287
140192ms,140192,96.889,0.204960
140224ms,140224,96.895,0.204207
140256ms,140256,96.882,0.205875
140288ms,140288,96.964,0.209662
140320ms,140320,96.954,0.208728
140367ms,140367,96.825,0.204481
140400ms,140400,96.927,0.203717
140431ms,140431,97.106,0.204628
140464ms,140464,97.171,0.204265
140496ms,140496,96.797,0.202983
140720ms,140720,95.086,0.198476
140767ms,140767,94.867,0.199019
141024ms,141024,94.978,0.197035
141056ms,141056,94.879,0.199905
141136ms,141136,95.176,0.198179
141168ms,141168,95.019,0.198583
141264ms,141264,95.589,0.201243
141296ms,141296,95.569,0.205083
141360ms,141360,95.929,0.200850
141392ms,141392,96.161,0.202191
141424ms,141424,96.315,0.205534
141456ms,141456,96.466,0.204359
141536ms,141536,96.937,0.204338
141567ms,141567,97.145,0.205188
141600ms,141600,96.883,0.205143
141631ms,141631,96.945,0.203272
141664ms,141664,96.881,0.204239
141696ms,141696,96.945,0.205450
141728ms,141728,97.083,0.205114
141760ms,141760,96.942,0.204994
141792ms,141792,97.040,0.205858
141824ms,141824,97.136,0.205004
141856ms,141856,96.927,0.204596
141904ms,141904,97.155,0.205576
141936ms,141936,97.246,0.206167
141967ms,141967,96.939,0.204656
142032ms,142032,96.387,0.201140
142496ms,142496,94.894,0.202833
142528ms,142528,94.838,0.198301
142560ms,142560,94.727,0.201354
142640ms,142640,94.975,0.200053
142672ms,142672,94.814,0.198791
142736ms,142736,95.476,0.199925
142767ms,142767,95.620,0.199819
142799ms,142799,95.603,0.201848
142832ms,142832,96.063,0.206995
142864ms,142864,96.018,0.201744
142896ms,142896,96.307,0.204815
142928ms,142928,96.300,0.207133
142992ms,142992,97.070,0.202741
143040ms,143040,97.180,0.204547
143071ms,143071,96.913,0.204770
143103ms,143103,97.101,0.208293
143135ms,143135,96.912,0.204240
143168ms,143168,96.934,0.204027
143199ms,143199,96.881,0.203799
143232ms,143232,96.959,0.203978
143264ms,143264,96.967,0.205153
143296ms,143296,96.953,0.204292
143328ms,143328,96.811,0.204578
143360ms,143360,96.940,0.206362
143407ms,143407,96.982,0.204928
143440ms,143440,96.861,0.205255
143472ms,143472,96.829,0.203886
143536ms,143536,96.347,0.203241
143728ms,143728,94.762,0.201465
144000ms,144000,94.961,0.199766
144032ms,144032,94.715,0.197101
144064ms,144064,94.856,0.196817
144096ms,144096,95.073,0.197732
144128ms,144128,94.907,0.199271
144208ms,144208,95.424,0.200553
144240ms,144240,95.596,0.200158
144368ms,144368,96.263,0.206182
144496ms,144496,97.074,0.204394
144543ms,144543,97.275,0.204499
144575ms,144575,96.985,0.204762
144608ms,144608,97.187,0.204024
144640ms,144640,97.060,0.206880
144704ms,144704,97.047,0.203664
144736ms,144736,97.028,0.204553
144767ms,144767,97.031,0.203352
144800ms,144800,97.092,0.205428
144832ms,144832,97.107,0.203819
144864ms,144864,97.016,0.204487
144896ms,144896,97.222,0.204562
145008ms,145008,96.368,0.201799
145168ms,145168,95.001,0.198504
145232ms,145232,94.960,0.200189
145472ms,145472,94.866,0.195261
145536ms,145536,94.864,0.198505
145568ms,145568,95.038,0.198477
145600ms,145600,94.796,0.202915
145632ms,145632,95.262,0.198638
145775ms,145775,95.761,0.202791
145840ms,145840,96.184,0.204353
145904ms,145904,96.390,0.204775
145936ms,145936,97.135,0.204756
145968ms,145968,97.065,0.204827
146000ms,146000,96.976,0.204792
146032ms,146032,96.942,0.204762
146080ms,146080,96.905,0.203485
146112ms,146112,97.029,0.203141
146176ms,146176,96.925,0.204275
146208ms,146208,96.836,0.204667
146240ms,146240,97.085,0.203940
146272ms,146272,97.019,0.203030
146304ms,146304,97.006,0.203938
146336ms,146336,96.889,0.205336
146368ms,146368,96.961,0.205367
146400ms,146400,97.053,0.206476
146480ms,146480,96.379,0.200947
146608ms,146608,94.957,0.201899
146640ms,146640,95.019,0.198043
146672ms,146672,94.799,0.201114
146704ms,146704,94.949,0.197324
146976ms,146976,94.868,0.197520
147008ms,147008,94.811,0.197465
147104ms,147104,94.967,0.199363
147168ms,147168,95.359,0.202621
147248ms,147248,95.572,0.202501
147280ms,147280,96.073,0.206530
147312ms,147312,96.231,0.204206
147344ms,147344,96.642,0.203882
147376ms,147376,96.315,0.206269
147408ms,147408,96.884,0.206656
147440ms,147440,97.250,0.203270
147472ms,147472,97.073,0.204907
147504ms,147504,97.120,0.206014
147584ms,147584,96.950,0.209657
147616ms,147616,97.108,0.205925
147648ms,147648,97.086,0.203614
147679ms,147679,96.933,0.203908
147712ms,147712,97.104,0.205383
147744ms,147744,97.022,0.204193
147776ms,147776,96.927,0.206758
147808ms,147808,96.913,0.205197
147840ms,147840,97.203,0.205818
147872ms,147872,97.111,0.204448
147984ms,147984,96.462,0.201545
148176ms,148176,95.027,0.198311
148240ms,148240,94.610,0.201965
148480ms,148480,94.805,0.199012
148512ms,148512,94.741,0.198307
148544ms,148544,95.035,0.199105
148576ms,148576,94.943,0.198054
148608ms,148608,95.133,0.198610
148640ms,148640,95.281,0.201099
148672ms,148672,95.478,0.199207
148720ms,148720,95.636,0.203914
148848ms,148848,96.245,0.206191
148880ms,148880,96.701,0.203004
148912ms,148912,97.128,0.203916
148944ms,148944,97.063,0.205823
148976ms,148976,97.023,0.204957
149008ms,149008,97.035,0.204035
149040ms,149040,96.996,0.204510
149088ms,149088,96.992,0.203588
149120ms,149120,96.917,0.204454
149151ms,149151,96.930,0.204281
149184ms,149184,97.028,0.204580
149216ms,149216,97.082,0.204999
149248ms,149248,97.088,0.206371
149280ms,149280,97.071,0.203733
149312ms,149312,97.102,0.206554
149344ms,149344,97.170,0.204935
149375ms,149375,96.897,0.203884
149440ms,149440,96.234,0.201682
149952ms,149952,94.823,0.199466
149984ms,149984,94.823,0.197593
150016ms,150016,95.192,0.198530
150048ms,150048,94.893,0.198196
150080ms,150080,94.989,0.198066
150144ms,150144,95.576,0.199047
150224ms,150224,95.706,0.204262
150287ms,150287,96.038,0.209447
150320ms,150320,96.394,0.203054
150352ms,150352,96.401,0.206004
150384ms,150384,96.750,0.207381
150416ms,150416,97.178,0.203844
150448ms,150448,97.042,0.204490
150480ms,150480,97.008,0.204376
150512ms,150512,96.926,0.205445
150544ms,150544,96.968,0.204568
150576ms,150576,96.918,0.205365
150624ms,150624,96.870,0.204116
150656ms,150656,97.023,0.203644
150687ms,150687,97.061,0.203634
150720ms,150720,96.929,0.206023
150752ms,150752,96.943,0.204429
150783ms,150783,96.936,0.204450
150815ms,150815,97.070,0.204259
150847ms,150847,96.945,0.204776
150944ms,150944,96.385,0.202876
151055ms,151055,95.051,0.204562
151248ms,151248,94.627,0.196576
151424ms,151424,94.818,0.196828
151519ms,151519,95.083,0.198697
151552ms,151552,94.788,0.198884
151584ms,151584,95.011,0.200012
151616ms,151616,95.494,0.200287
151648ms,151648,95.564,0.201418
151680ms,151680,95.583,0.201423
151759ms,151759,95.912,0.201031
151824ms,151824,96.217,0.210833
151856ms,151856,96.902,0.204154
151887ms,151887,97.147,0.203973
151920ms,151920,97.215,0.204617
151952ms,151952,96.865,0.205505
151984ms,151984,96.976,0.204034
152016ms,152016,97.021,0.204283
152048ms,152048,97.063,0.204249
152080ms,152080,97.089,0.205932
152127ms,152127,97.061,0.204604
152160ms,152160,97.071,0.203820
152192ms,152192,96.888,0.204210
152255ms,152255,97.046,0.206042
152288ms,152288,96.987,0.203735
152320ms,152320,97.077,0.203969
152352ms,152352,96.882,0.203935
152384ms,152384,96.710,0.203065
152528ms,152528,95.414,0.202176
152927ms,152927,94.826,0.198090
152960ms,152960,94.767,0.197521
152992ms,152992,95.158,0.197919
153024ms,153024,94.982,0.199002
153056ms,153056,94.948,0.199007
153088ms,153088,95.412,0.200356
153120ms,153120,95.676,0.199782
153152ms,153152,95.652,0.203216
153184ms,153184,95.773,0.205183
153264ms,153264,96.226,0.208862
153296ms,153296,96.515,0.206023
153327ms,153327,96.519,0.203874
153424ms,153424,97.081,0.204460
153456ms,153456,97.031,0.204965
153488ms,153488,96.902,0.203794
153584ms,153584,96.904,0.204484
153632ms,153632,97.024,0.204400
153664ms,153664,96.840,0.204343
153696ms,153696,96.979,0.204962
153728ms,153728,97.233,0.203664
153759ms,153759,97.134,0.204902
153792ms,153792,97.155,0.204972
153824ms,153824,96.882,0.204081
153888ms,153888,96.427,0.201739
153888ms,153888,96.427,0.201739
154064ms,154064,95.036,0.198559
154096ms,154096,94.903,0.200020
154128ms,154128,94.940,0.198430
154432ms,154432,94.773,0.197625
154464ms,154464,95.021,0.198110
154496ms,154496,95.083,0.199063
154528ms,154528,95.156,0.198042
154592ms,154592,95.653,0.203938
154624ms,154624,95.672,0.199942
154767ms,154767,96.446,0.204336
154799ms,154799,96.503,0.204226
154864ms,154864,97.174,0.203248
154896ms,154896,97.019,0.204527
154928ms,154928,96.887,0.204544
154960ms,154960,96.941,0.203461
154992ms,154992,97.169,0.202736
155024ms,155024,97.001,0.202878
155056ms,155056,97.002,0.203321
155088ms,155088,96.887,0.202889
155120ms,155120,96.801,0.203393
155168ms,155168,96.882,0.204325
155200ms,155200,97.025,0.203339
155232ms,155232,96.925,0.204861
155264ms,155264,97.033,0.204830
155296ms,155296,96.871,0.204073
155360ms,155360,96.330,0.203680
155792ms,155792,94.519,0.212418
155936ms,155936,94.932,0.203399
156000ms,156000,94.805,0.203803
156096ms,156096,95.564,0.199950
156128ms,156128,95.592,0.203118
156160ms,156160,95.725,0.204028
156224ms,156224,96.272,0.202406
156256ms,156256,96.318,0.207588
156304ms,156304,96.528,0.202530
156335ms,156335,97.103,0.204114
156367ms,156367,97.119,0.204972
156400ms,156400,96.995,0.204892
156432ms,156432,96.994,0.204154
156496ms,156496,96.866,0.203335
156528ms,156528,96.942,0.206083
156560ms,156560,96.912,0.203494
156592ms,156592,96.906,0.203718
156624ms,156624,97.069,0.204667
156672ms,156672,96.911,0.205481
156704ms,156704,97.092,0.203520
156736ms,156736,96.924,0.204802
156767ms,156767,97.074,0.204771
156800ms,156800,96.895,0.204111
156864ms,156864,96.243,0.204056
156992ms,156992,95.091,0.199645
157024ms,157024,94.810,0.199501
157360ms,157360,94.786,0.198844
157392ms,157392,94.755,0.200259
157568ms,157568,95.424,0.209091
157632ms,157632,95.664,0.200178
157664ms,157664,95.946,0.205529
157696ms,157696,96.160,0.201453
157760ms,157760,96.497,0.203954
157808ms,157808,96.780,0.203303
157872ms,157872,96.895,0.204664
157904ms,157904,96.966,0.203846
157936ms,157936,97.095,0.203912
157968ms,157968,97.053,0.207145
158000ms,158000,96.939,0.204885
158032ms,158032,96.928,0.204247
158064ms,158064,96.880,0.203542
158096ms,158096,96.811,0.203407
158128ms,158128,96.801,0.203234
158160ms,158160,96.841,0.203915
158208ms,158208,96.958,0.205236
158240ms,158240,96.960,0.205645
158271ms,158271,97.066,0.204721
158368ms,158368,96.292,0.202417
158464ms,158464,94.931,0.205447
158864ms,158864,94.646,0.199344
158896ms,158896,94.618,0.207148
158928ms,158928,95.100,0.200476
158975ms,158975,94.858,0.199281
159008ms,159008,95.085,0.200255
159040ms,159040,95.313,0.199439
159168ms,159168,96.128,0.204600
159200ms,159200,96.081,0.204605
159232ms,159232,96.396,0.205665
159264ms,159264,96.556,0.206839
159296ms,159296,97.080,0.206105
159344ms,159344,97.124,0.204878
159376ms,159376,97.083,0.203960
159440ms,159440,97.071,0.202770
159472ms,159472,97.105,0.205433
159504ms,159504,96.902,0.204557
159536ms,159536,96.892,0.204057
159600ms,159600,96.907,0.204408
159632ms,159632,97.032,0.204432
159664ms,159664,96.954,0.204616
159712ms,159712,96.815,0.205458
159744ms,159744,97.122,0.205088
159775ms,159775,96.953,0.206874
160304ms,160304,95.022,0.197162
160368ms,160368,94.749,0.206066
160479ms,160479,94.705,0.198088
160544ms,160544,95.482,0.199791
160608ms,160608,95.673,0.203980
160640ms,160640,95.755,0.202843
160672ms,160672,96.094,0.209604
160704ms,160704,96.169,0.205639
160736ms,160736,96.361,0.204733
160768ms,160768,96.705,0.203311
160848ms,160848,97.082,0.203544
160880ms,160880,96.890,0.203872
160912ms,160912,97.036,0.203963
160943ms,160943,96.950,0.204954
160976ms,160976,96.872,0.204072
161008ms,161008,97.020,0.204095
161040ms,161040,97.026,0.203615
161072ms,161072,97.049,0.203739
161104ms,161104,97.080,0.205309
161136ms,161136,97.093,0.203365
161168ms,161168,96.931,0.204435
161215ms,161215,96.972,0.204423
161247ms,161247,97.200,0.204530
161280ms,161280,96.808,0.204949
161311ms,161311,96.633,0.203115
161344ms,161344,96.308,0.201360
161376ms,161376,96.127,0.201272
161536ms,161536,94.962,0.204255
161840ms,161840,94.657,0.197490
161872ms,161872,94.747,0.196913
161904ms,161904,95.293,0.197308
161936ms,161936,94.962,0.197569
161984ms,161984,95.110,0.201466
162047ms,162047,95.689,0.203980
162176ms,162176,96.136,0.203459
162207ms,162207,96.240,0.204898
162240ms,162240,96.617,0.203964
162272ms,162272,96.884,0.205864
162304ms,162304,97.053,0.205642
162384ms,162384,96.881,0.204530
162416ms,162416,96.952,0.206983
162447ms,162447,96.976,0.203909
162479ms,162479,96.948,0.205932
162512ms,162512,97.214,0.208366
162544ms,162544,97.128,0.206019
162576ms,162576,96.975,0.204655
162608ms,162608,96.903,0.203618
162672ms,162672,96.918,0.205793
162704ms,162704,96.873,0.205138
162751ms,162751,96.724,0.204741
162783ms,162783,96.799,0.205856
163215ms,163215,94.722,0.199006
163375ms,163375,94.825,0.197845
163440ms,163440,94.863,0.200896
163520ms,163520,95.484,0.199007
163583ms,163583,95.698,0.200968
163616ms,163616,95.933,0.202648
163648ms,163648,96.029,0.203386
163808ms,163808,97.045,0.205554
163840ms,163840,97.003,0.204023
163887ms,163887,96.934,0.204813
163920ms,163920,97.162,0.203304
163952ms,163952,96.972,0.205331
163984ms,163984,96.970,0.203892
164016ms,164016,96.961,0.204048
164080ms,164080,97.006,0.204034
164112ms,164112,96.924,0.203989
164144ms,164144,96.916,0.202973
164176ms,164176,96.939,0.204838
164208ms,164208,97.269,0.206847
164416ms,164416,94.970,0.201284
164784ms,164784,94.969,0.197278
164816ms,164816,94.953,0.198056
164880ms,164880,94.822,0.197523
164944ms,164944,95.206,0.198623
165024ms,165024,95.466,0.198982
165055ms,165055,95.598,0.202749
165087ms,165087,95.681,0.201112
165216ms,165216,96.638,0.206802
165280ms,165280,97.090,0.205452
165312ms,165312,96.872,0.205010
165344ms,165344,97.081,0.205080
165391ms,165391,97.002,0.206910
165424ms,165424,97.003,0.204422
165455ms,165455,96.950,0.205402
165488ms,165488,96.963,0.205889
165520ms,165520,96.935,0.204063
165584ms,165584,96.913,0.206521
165616ms,165616,97.035,0.204098
165648ms,165648,96.910,0.203572
165680ms,165680,97.063,0.204773
165712ms,165712,96.836,0.204809
165792ms,165792,96.411,0.201584
165824ms,165824,96.130,0.201671
166080ms,166080,94.883,0.217288
166255ms,166255,95.192,0.196871
166288ms,166288,94.808,0.198901
166320ms,166320,94.786,0.198772
166352ms,166352,94.891,0.196998
166384ms,166384,94.882,0.199235
166480ms,166480,95.413,0.204508
166512ms,166512,95.696,0.200104
166560ms,166560,95.659,0.207224
166592ms,166592,95.827,0.202332
166655ms,166655,96.119,0.209392
166752ms,166752,97.038,0.203508
166784ms,166784,97.090,0.204835
166816ms,166816,97.037,0.204266
166880ms,166880,97.005,0.202836
166928ms,166928,96.852,0.203672
166959ms,166959,96.923,0.204449
166992ms,166992,97.048,0.203930
167024ms,167024,97.114,0.206835
167056ms,167056,97.136,0.204798
167088ms,167088,97.183,0.204180
167120ms,167120,97.112,0.205572
167152ms,167152,96.917,0.204740
167184ms,167184,97.289,0.204476
167248ms,167248,96.746,0.201614
167488ms,167488,94.896,0.202685
167728ms,167728,94.919,0.199246
167792ms,167792,94.861,0.198291
167824ms,167824,94.855,0.198118
167856ms,167856,94.957,0.199463
167888ms,167888,94.895,0.198902
167920ms,167920,95.141,0.199266
167984ms,167984,95.515,0.198655
168064ms,168064,95.668,0.202591
168128ms,168128,96.072,0.202503
168192ms,168192,96.767,0.204086
168256ms,168256,97.038,0.204409
168288ms,168288,97.072,0.205866
168320ms,168320,96.967,0.203371
168352ms,168352,96.997,0.206354
168384ms,168384,97.053,0.203293
168432ms,168432,96.940,0.204143
168463ms,168463,96.902,0.203511
168496ms,168496,96.927,0.203786
168528ms,168528,96.917,0.204904
168560ms,168560,96.940,0.204701
168592ms,168592,96.935,0.203503
168624ms,168624,96.891,0.204936
168688ms,168688,96.931,0.205418
168752ms,168752,96.295,0.204896
169296ms,169296,94.822,0.197700
169360ms,169360,94.957,0.199143
169392ms,169392,94.878,0.198169
169456ms,169456,95.455,0.198910
169520ms,169520,95.599,0.201860
169568ms,169568,96.014,0.203346
169600ms,169600,95.979,0.203052
169664ms,169664,96.309,0.206279
169696ms,169696,96.696,0.202910
169728ms,169728,97.102,0.204411
169760ms,169760,97.210,0.208283
169792ms,169792,96.858,0.204411
169824ms,169824,96.811,0.203179
169856ms,169856,96.933,0.203309
169888ms,169888,96.871,0.203513
169920ms,169920,96.917,0.204096
169968ms,169968,96.849,0.204072
170000ms,170000,96.893,0.203666
170064ms,170064,96.932,0.204080
170096ms,170096,96.936,0.203612
170128ms,170128,97.097,0.204609
170160ms,170160,97.122,0.206048
170192ms,170192,96.920,0.203790
170224ms,170224,96.727,0.201752
170432ms,170432,95.208,0.198492
170768ms,170768,94.842,0.200202
170800ms,170800,94.895,0.197139
170831ms,170831,95.261,0.198725
170864ms,170864,95.158,0.198187
170896ms,170896,95.321,0.198231
170960ms,170960,95.577,0.200936
170992ms,170992,95.575,0.203322
171104ms,171104,96.057,0.206302
171168ms,171168,96.605,0.205521
171199ms,171199,97.044,0.204679
171232ms,171232,97.086,0.203293
171264ms,171264,96.912,0.206845
171296ms,171296,96.964,0.204204
171328ms,171328,96.958,0.203506
171360ms,171360,96.855,0.204744
171392ms,171392,96.749,0.204035
171424ms,171424,96.878,0.204444
171472ms,171472,96.903,0.204312
171536ms,171536,96.935,0.204531
171568ms,171568,97.010,0.204828
171600ms,171600,97.081,0.205060
171632ms,171632,97.099,0.205262
171664ms,171664,96.919,0.204313
171728ms,171728,96.421,0.203401
171872ms,171872,94.983,0.202548
172207ms,172207,95.013,0.200177
172239ms,172239,94.931,0.205765
172304ms,172304,94.906,0.197566
172368ms,172368,94.925,0.198783
172432ms,172432,95.451,0.205537
172496ms,172496,95.748,0.202343
172528ms,172528,96.024,0.209144
172560ms,172560,96.124,0.202346
172607ms,172607,96.294,0.205905
172639ms,172639,96.520,0.207761
172736ms,172736,97.180,0.205506
172768ms,172768,96.939,0.205834
172800ms,172800,96.934,0.208041
172832ms,172832,96.878,0.205689
172864ms,172864,96.904,0.204788
172928ms,172928,96.952,0.208785
172975ms,172975,96.897,0.205515
173040ms,173040,96.874,0.204391
173072ms,173072,96.890,0.204645
173104ms,173104,96.961,0.204381
173136ms,173136,97.091,0.204825
173200ms,173200,96.734,0.203995
173328ms,173328,94.737,0.201066
173807ms,173807,95.133,0.197436
173872ms,173872,95.012,0.198935
173936ms,173936,95.582,0.198927
173968ms,173968,95.655,0.202477
174000ms,174000,95.778,0.202691
174064ms,174064,96.062,0.206463
174096ms,174096,96.326,0.206139
174144ms,174144,96.769,0.209818
174208ms,174208,96.960,0.203866
174240ms,174240,97.099,0.204924
174304ms,174304,96.935,0.204094
174336ms,174336,96.841,0.203961
174368ms,174368,96.996,0.204437
174400ms,174400,97.041,0.203609
174432ms,174432,96.962,0.203602
174464ms,174464,96.930,0.203336
174512ms,174512,96.904,0.204413
174544ms,174544,96.931,0.204251
174575ms,174575,96.999,0.204989
174608ms,174608,96.817,0.205508
174640ms,174640,96.995,0.205151
174736ms,174736,96.253,0.201628
175248ms,175248,94.812,0.198986
175312ms,175312,95.205,0.198800
175343ms,175343,95.005,0.199871
175376ms,175376,95.003,0.201507
175408ms,175408,95.252,0.206034
175440ms,175440,95.619,0.199604
175472ms,175472,95.660,0.202329
175536ms,175536,95.939,0.202417
175600ms,175600,96.274,0.205657
175648ms,175648,96.712,0.203262
175679ms,175679,97.155,0.203706
175712ms,175712,97.114,0.207213
175775ms,175775,96.951,0.204920
175808ms,175808,96.921,0.204208
175840ms,175840,96.941,0.204602
175872ms,175872,96.992,0.205123
175904ms,175904,96.964,0.205637
175936ms,175936,96.942,0.204109
175968ms,175968,96.910,0.204802
176016ms,176016,96.932,0.207848
176048ms,176048,97.045,0.204064
176080ms,176080,96.907,0.204887
176112ms,176112,97.157,0.204975
176144ms,176144,96.814,0.204678
176176ms,176176,96.758,0.202714
176384ms,176384,95.201,0.197145
176415ms,176415,94.787,0.199396
176447ms,176447,94.860,0.213033
176672ms,176672,94.846,0.196043
176704ms,176704,94.766,0.198354
176736ms,176736,94.780,0.196481
176784ms,176784,95.236,0.197649
176815ms,176815,94.955,0.203618
176847ms,176847,95.281,0.198463
176912ms,176912,95.420,0.197864
176976ms,176976,95.735,0.201380
177072ms,177072,96.475,0.204868
177104ms,177104,96.667,0.204954
177152ms,177152,96.943,0.203234
177184ms,177184,97.011,0.205389
177215ms,177215,96.948,0.204559
177247ms,177247,96.943,0.203481
177280ms,177280,96.906,0.204688
177376ms,177376,96.870,0.205392
177408ms,177408,96.973,0.206788
177440ms,177440,96.935,0.204318
177472ms,177472,96.874,0.204378
177520ms,177520,97.013,0.204272
177552ms,177552,96.948,0.204611
177583ms,177583,97.123,0.205584
177616ms,177616,96.984,0.204850
177680ms,177680,96.426,0.202240
178048ms,178048,94.738,0.199357
178144ms,178144,94.845,0.198987
178208ms,178208,94.711,0.197719
178320ms,178320,94.830,0.199875
178384ms,178384,95.549,0.201921
178416ms,178416,95.645,0.199964
178480ms,178480,95.921,0.207469
178544ms,178544,96.272,0.206717
178576ms,178576,96.371,0.206306
178687ms,178687,97.131,0.204892
178720ms,178720,97.037,0.205275
178752ms,178752,96.993,0.203565
178816ms,178816,97.201,0.204183
178848ms,178848,96.882,0.203877
178880ms,178880,97.126,0.205356
178912ms,178912,97.014,0.203033
178944ms,178944,96.968,0.202984
178976ms,178976,96.951,0.205604
179008ms,179008,96.981,0.203794
179056ms,179056,97.023,0.205150
179088ms,179088,97.049,0.205905
179184ms,179184,96.532,0.203988
179312ms,179312,95.033,0.198699
179648ms,179648,94.861,0.194921
179680ms,179680,94.812,0.200896
179712ms,179712,94.850,0.197819
179792ms,179792,95.027,0.197904
179824ms,179824,95.059,0.202143
179888ms,179888,95.487,0.199181
179952ms,179952,95.677,0.205131
180016ms,180016,96.077,0.202292
180048ms,180048,96.376,0.207716
180144ms,180144,97.022,0.209207
180192ms,180192,96.982,0.204645
180255ms,180255,97.041,0.204033
180320ms,180320,96.907,0.204138
180352ms,180352,97.058,0.205289
180416ms,180416,97.016,0.204256
180480ms,180480,96.900,0.204769
180512ms,180512,96.940,0.204891
180560ms,180560,97.141,0.204283
180592ms,180592,96.841,0.205616
180624ms,180624,96.765,0.202704
180688ms,180688,96.225,0.200831
181152ms,181152,95.040,0.197739
181184ms,181184,94.751,0.197959
181360ms,181360,95.603,0.201856
181392ms,181392,95.725,0.200457
181488ms,181488,96.059,0.204041
181520ms,181520,96.271,0.211060
181552ms,181552,96.387,0.203961
181584ms,181584,96.807,0.204667
181616ms,181616,97.012,0.204121
181648ms,181648,97.051,0.205251
181695ms,181695,97.077,0.203235
181727ms,181727,96.910,0.204339
181792ms,181792,96.854,0.203547
181824ms,181824,96.952,0.204035
181856ms,181856,96.908,0.204301
181888ms,181888,97.021,0.205247
181920ms,181920,97.034,0.206211
181952ms,181952,97.102,0.203348
181984ms,181984,96.767,0.203246
182016ms,182016,97.039,0.204944
182128ms,182128,96.475,0.201899
182592ms,182592,95.126,0.200555
182623ms,182623,94.850,0.196737
182656ms,182656,94.764,0.196894
182688ms,182688,94.829,0.197025
182720ms,182720,94.848,0.199017
182752ms,182752,94.859,0.199751
182784ms,182784,95.202,0.203606
182864ms,182864,95.696,0.200559
182896ms,182896,95.577,0.199943
182928ms,182928,95.874,0.200952
182992ms,182992,96.308,0.204354
183056ms,183056,96.805,0.210890
183088ms,183088,97.149,0.203732
183184ms,183184,96.983,0.204779
183232ms,183232,96.888,0.204979
183264ms,183264,97.043,0.204335
183296ms,183296,97.066,0.203438
183328ms,183328,96.858,0.202607
183360ms,183360,97.014,0.203265
183392ms,183392,97.156,0.204692
183424ms,183424,96.980,0.203251
183456ms,183456,97.165,0.204073
183488ms,183488,96.886,0.204501
183520ms,183520,97.184,0.206826
183728ms,183728,95.058,0.199820
183792ms,183792,95.052,0.198559
184095ms,184095,94.881,0.196521
184192ms,184192,95.367,0.197635
184320ms,184320,95.675,0.198940
184464ms,184464,96.119,0.205667
184528ms,184528,96.556,0.209807
184560ms,184560,96.990,0.202551
184592ms,184592,97.246,0.204340
184624ms,184624,96.975,0.209520
184656ms,184656,96.837,0.204379
184688ms,184688,96.916,0.203998
184735ms,184735,96.710,0.203859
184799ms,184799,96.720,0.206434
184864ms,184864,96.985,0.204047
184896ms,184896,97.004,0.203627
184927ms,184927,97.015,0.204351
184960ms,184960,96.882,0.204536
184992ms,184992,97.231,0.205136
185024ms,185024,96.906,0.204432
185056ms,185056,96.854,0.207324
185088ms,185088,96.667,0.201802
185135ms,185135,96.029,0.201067
185328ms,185328,94.865,0.196621
185456ms,185456,94.632,0.196457
185632ms,185632,94.764,0.197869
185728ms,185728,94.847,0.198843
185792ms,185792,95.539,0.204481
185824ms,185824,95.664,0.200298
185871ms,185871,95.690,0.202132
185903ms,185903,96.046,0.207446
185935ms,185935,96.102,0.205172
185967ms,185967,96.393,0.203830
186063ms,186063,97.142,0.203764
186096ms,186096,97.143,0.205149
186128ms,186128,97.044,0.207002
186160ms,186160,97.117,0.204745
186192ms,186192,96.971,0.203848
186239ms,186239,97.222,0.204158
186271ms,186271,96.709,0.202900
186368ms,186368,96.982,0.203320
186400ms,186400,96.960,0.203322
186432ms,186432,97.081,0.203320
186464ms,186464,96.838,0.204783
186496ms,186496,96.990,0.205242
186528ms,186528,96.762,0.203644
186799ms,186799,94.724,0.199871
187103ms,187103,94.867,0.198614
187136ms,187136,94.861,0.197383
187168ms,187168,95.253,0.197761
187200ms,187200,94.918,0.198920
187232ms,187232,95.183,0.200596
187296ms,187296,95.704,0.200446
187328ms,187328,95.566,0.202969
187360ms,187360,95.676,0.201083
187439ms,187439,96.135,0.208058
187472ms,187472,96.366,0.209375
187504ms,187504,96.939,0.208660
187536ms,187536,97.020,0.203406
187568ms,187568,97.044,0.204015
187600ms,187600,96.997,0.204082
187632ms,187632,96.868,0.206050
187664ms,187664,97.046,0.204458
187696ms,187696,97.054,0.204641
187728ms,187728,96.799,0.205297
187775ms,187775,97.044,0.203577
187840ms,187840,96.840,0.204001
187872ms,187872,96.879,0.203919
187904ms,187904,96.986,0.205577
187936ms,187936,96.925,0.204610
187968ms,187968,96.902,0.204549
188064ms,188064,96.459,0.202719
188272ms,188272,95.009,0.199137
188432ms,188432,94.624,0.198973
188512ms,188512,94.921,0.208004
188607ms,188607,94.797,0.197291
188640ms,188640,95.103,0.196814
188671ms,188671,94.941,0.198451
188704ms,188704,94.918,0.200217
188768ms,188768,95.381,0.201131
188832ms,188832,95.692,0.202719
188944ms,188944,96.373,0.204092
189008ms,189008,96.932,0.206082
189039ms,189039,97.164,0.203564
189072ms,189072,97.043,0.205733
189104ms,189104,96.974,0.205179
189136ms,189136,96.916,0.205306
189200ms,189200,97.020,0.203353
189232ms,189232,96.729,0.202518
189279ms,189279,96.953,0.203321
189311ms,189311,97.043,0.203978
189343ms,189343,97.118,0.204891
189375ms,189375,96.965,0.204120
189407ms,189407,97.018,0.203867
189440ms,189440,97.028,0.205573
189472ms,189472,97.103,0.205873
189568ms,189568,96.360,0.200983
189775ms,189775,94.816,0.209685
190080ms,190080,94.752,0.198928
190176ms,190176,95.153,0.198359
190208ms,190208,95.047,0.199751
190240ms,190240,95.423,0.209838
190272ms,190272,95.609,0.199575
190304ms,190304,95.614,0.207701
190336ms,190336,95.611,0.202094
190415ms,190415,96.172,0.202676
190447ms,190447,96.323,0.208867
190479ms,190479,96.697,0.203929
190511ms,190511,96.992,0.203105
190544ms,190544,97.149,0.204292
190576ms,190576,97.019,0.204189
190608ms,190608,97.017,0.204130
190704ms,190704,96.903,0.203237
190736ms,190736,96.973,0.204240
190768ms,190768,96.898,0.204696
190815ms,190815,97.092,0.204954
190847ms,190847,97.140,0.203934
190880ms,190880,97.042,0.205840
190912ms,190912,96.973,0.204566
190944ms,190944,97.219,0.204132
191040ms,191040,96.494,0.204590
191472ms,191472,94.661,0.201366
191584ms,191584,94.814,0.199805
191647ms,191647,95.041,0.202915
191680ms,191680,94.863,0.199156
191744ms,191744,95.477,0.202317
191775ms,191775,95.740,0.200188
191807ms,191807,95.748,0.203803
191840ms,191840,95.979,0.202522
191872ms,191872,96.074,0.202993
191904ms,191904,96.358,0.209796
191951ms,191951,96.516,0.204675
192015ms,192015,97.192,0.203562
192047ms,192047,97.104,0.204557
192079ms,192079,96.856,0.206146
192111ms,192111,96.941,0.205678
192143ms,192143,96.979,0.206069
192176ms,192176,96.958,0.203956
192208ms,192208,96.851,0.205500
192272ms,192272,96.956,0.205161
192319ms,192319,96.891,0.203118
192384ms,192384,97.023,0.205032
192416ms,192416,96.915,0.204516
192448ms,192448,97.055,0.205105
193040ms,193040,94.723,0.198677
193087ms,193087,94.715,0.197143
193151ms,193151,94.850,0.201457
193184ms,193184,94.981,0.199349
193248ms,193248,95.594,0.199663
193312ms,193312,95.766,0.202407
193376ms,193376,96.389,0.203351
193408ms,193408,96.240,0.203882
193455ms,193455,96.718,0.203906
193520ms,193520,97.189,0.205234
193551ms,193551,96.909,0.206671
193584ms,193584,96.971,0.208536
193616ms,193616,96.925,0.207657
193647ms,193647,97.059,0.204627
193680ms,193680,97.095,0.204472
193712ms,193712,96.965,0.204441
193744ms,193744,96.989,0.207192
193776ms,193776,97.094,0.207053
193824ms,193824,97.012,0.204531
193855ms,193855,97.050,0.204484
193920ms,193920,97.211,0.205334
193984ms,193984,96.671,0.203862
194512ms,194512,94.862,0.197361
194544ms,194544,94.744,0.198129
194656ms,194656,94.939,0.198994
194720ms,194720,95.403,0.200865
194752ms,194752,95.682,0.202020
194847ms,194847,96.262,0.201905
194880ms,194880,96.405,0.206267
194912ms,194912,96.432,0.204181
194944ms,194944,96.696,0.207418
195023ms,195023,97.062,0.204456
195055ms,195055,97.208,0.204398
195088ms,195088,96.967,0.204199
195120ms,195120,97.189,0.203610
195152ms,195152,96.996,0.204618
195184ms,195184,97.117,0.204953
195216ms,195216,97.077,0.207083
195248ms,195248,96.976,0.205185
195280ms,195280,96.974,0.204324
195312ms,195312,97.143,0.205216
195359ms,195359,97.065,0.203636
195391ms,195391,97.023,0.203957
195455ms,195455,96.759,0.202832
195984ms,195984,94.905,0.196620
196016ms,196016,94.762,0.198526
196048ms,196048,94.813,0.198505
196095ms,196095,94.967,0.203794
196128ms,196128,94.966,0.198164
196224ms,196224,95.508,0.199999
196256ms,196256,95.690,0.204521
196384ms,196384,96.263,0.205016
196416ms,196416,96.731,0.202474
196495ms,196495,97.237,0.203615
196528ms,196528,96.948,0.205513
196559ms,196559,96.951,0.203619
196592ms,196592,97.203,0.203603
196624ms,196624,96.907,0.203909
196656ms,196656,96.879,0.204480
196688ms,196688,96.999,0.206970
196720ms,196720,97.039,0.203504
196784ms,196784,96.979,0.204053
196816ms,196816,96.984,0.202798
196864ms,196864,96.956,0.203743
196927ms,196927,96.804,0.203512
197231ms,197231,94.771,0.200275
197295ms,197295,94.797,0.197875
197456ms,197456,94.794,0.198442
197488ms,197488,94.911,0.197877
197520ms,197520,94.699,0.198195
197632ms,197632,94.858,0.203751
197792ms,197792,96.097,0.202975
197856ms,197856,96.375,0.206461
197888ms,197888,96.449,0.204701
197952ms,197952,97.164,0.203973
197999ms,197999,96.880,0.204476
198031ms,198031,97.066,0.204770
198063ms,198063,97.110,0.203622
198095ms,198095,96.952,0.203296
198128ms,198128,96.988,0.204392
198192ms,198192,96.947,0.205732
198224ms,198224,96.942,0.203839
198288ms,198288,97.076,0.204632
198352ms,198352,97.039,0.205291
198496ms,198496,96.151,0.204785
198960ms,198960,94.892,0.198753
198992ms,198992,94.760,0.197971
199024ms,199024,94.585,0.197483
199056ms,199056,95.265,0.200085
199088ms,199088,94.910,0.199118
199135ms,199135,95.131,0.198396
199168ms,199168,95.502,0.199419
199232ms,199232,95.769,0.202103
199264ms,199264,95.874,0.203800
199328ms,199328,96.247,0.204299
199360ms,199360,96.167,0.210743
199392ms,199392,96.865,0.203540
199424ms,199424,97.029,0.204993
199456ms,199456,97.122,0.204172
199504ms,199504,96.876,0.206379
199535ms,199535,97.068,0.203607
199568ms,199568,96.782,0.203551
199600ms,199600,97.227,0.206495
199664ms,199664,96.774,0.203677
199696ms,199696,96.786,0.203465
199728ms,199728,96.885,0.205543
199760ms,199760,97.019,0.203206
199792ms,199792,96.829,0.203564
199824ms,199824,96.994,0.204402
199856ms,199856,96.994,0.204880
199904ms,199904,96.932,0.203259
200128ms,200128,95.120,0.199106
200496ms,200496,94.810,0.197092
200528ms,200528,95.125,0.198365
200560ms,200560,94.832,0.198370
200592ms,200592,95.091,0.197893
200767ms,200767,96.070,0.203227
200832ms,200832,96.261,0.205699
200864ms,200864,96.568,0.203577
200928ms,200928,97.161,0.204002
200960ms,200960,97.050,0.203557
200992ms,200992,97.113,0.203893
201040ms,201040,97.095,0.203397
201104ms,201104,97.038,0.205413
201136ms,201136,96.870,0.204051
201168ms,201168,96.966,0.205558
201200ms,201200,96.975,0.204378
201232ms,201232,96.825,0.205589
201264ms,201264,96.999,0.206854
201296ms,201296,97.042,0.204101
201328ms,201328,96.838,0.204396
201360ms,201360,96.810,0.204564
201472ms,201472,96.242,0.201397
201632ms,201632,94.769,0.198971
201968ms,201968,94.857,0.197716
202000ms,202000,95.039,0.197304
202032ms,202032,95.118,0.200460
202128ms,202128,95.491,0.200441
202176ms,202176,95.602,0.202034
202368ms,202368,96.717,0.202728
202400ms,202400,97.195,0.203405
202432ms,202432,97.019,0.204892
202464ms,202464,97.023,0.204883
202528ms,202528,96.955,0.204357
202671ms,202671,97.069,0.203632
202767ms,202767,96.891,0.203611
202800ms,202800,96.907,0.204951
202832ms,202832,97.055,0.204777
202943ms,202943,96.278,0.201024
203408ms,203408,95.049,0.198895
203504ms,203504,95.241,0.198517
203568ms,203568,95.360,0.200934
203600ms,203600,95.122,0.203517
203632ms,203632,95.662,0.199532
203680ms,203680,95.729,0.201934
203775ms,203775,96.033,0.203650
203808ms,203808,96.377,0.205855
203840ms,203840,96.895,0.204469
203936ms,203936,97.112,0.205242
203968ms,203968,96.898,0.203950
204032ms,204032,97.054,0.205460
204176ms,204176,97.038,0.203423
204208ms,204208,97.118,0.202958
204240ms,204240,96.996,0.206919
204272ms,204272,97.063,0.203569
204304ms,204304,97.076,0.204169
204400ms,204400,96.482,0.204807
204543ms,204543,94.981,0.199132
204799ms,204799,94.646,0.210193
204944ms,204944,94.769,0.197140
204976ms,204976,95.057,0.198074
205008ms,205008,95.064,0.198429
205040ms,205040,95.095,0.198430
205104ms,205104,95.476,0.199015
205168ms,205168,95.634,0.204461
205247ms,205247,96.170,0.201961
205280ms,205280,96.381,0.206415
205312ms,205312,96.638,0.207007
205376ms,205376,97.196,0.203658
205408ms,205408,97.039,0.205643
205440ms,205440,97.050,0.204208
205472ms,205472,96.860,0.204022
205536ms,205536,96.653,0.203600
205584ms,205584,96.974,0.203481
205615ms,205615,97.007,0.203535
205647ms,205647,97.036,0.208406
205679ms,205679,97.020,0.204869
205712ms,205712,96.900,0.205444
205744ms,205744,96.862,0.205376
205775ms,205775,97.028,0.203824
205807ms,205807,97.032,0.205354
205839ms,205839,96.790,0.202761
206304ms,206304,94.613,0.204278
206608ms,206608,95.622,0.199393
206640ms,206640,95.714,0.200980
206672ms,206672,95.807,0.201188
206751ms,206751,96.103,0.204134
206815ms,206815,96.763,0.202800
206880ms,206880,97.110,0.203852
206912ms,206912,96.986,0.204063
206944ms,206944,96.924,0.204706
206976ms,206976,96.974,0.204698
207008ms,207008,96.992,0.203019
207088ms,207088,96.872,0.204199
207119ms,207119,96.940,0.203882
207215ms,207215,96.806,0.203206
207248ms,207248,97.009,0.204846
207280ms,207280,97.097,0.204665
207312ms,207312,96.812,0.203082
207552ms,207552,94.925,0.199221
207919ms,207919,94.816,0.197879
207984ms,207984,95.200,0.198525
208016ms,208016,95.054,0.198923
208080ms,208080,95.397,0.198873
208112ms,208112,95.674,0.200757
208144ms,208144,95.652,0.204987
208255ms,208255,96.402,0.206034
208287ms,208287,96.634,0.203696
208319ms,208319,96.755,0.202905
208351ms,208351,97.142,0.205199
208384ms,208384,97.054,0.204092
208416ms,208416,97.115,0.211995
208448ms,208448,96.902,0.207708
208480ms,208480,97.066,0.203805
208544ms,208544,96.952,0.205122
208576ms,208576,96.968,0.203069
208624ms,208624,97.008,0.204685
208655ms,208655,97.051,0.204707
208688ms,208688,97.210,0.203625
208719ms,208719,97.072,0.203932
208752ms,208752,96.860,0.205253
208784ms,208784,97.078,0.204059
208816ms,208816,96.832,0.203470
208848ms,208848,96.345,0.202597
209391ms,209391,94.776,0.202618
209423ms,209423,94.759,0.197931
209488ms,209488,94.888,0.200168
209520ms,209520,95.059,0.199483
209584ms,209584,95.558,0.198216
209616ms,209616,95.688,0.202245
209648ms,209648,95.818,0.203489
209712ms,209712,96.152,0.205207
209759ms,209759,96.378,0.207802
209791ms,209791,96.861,0.207389
209823ms,209823,97.204,0.202739
209855ms,209855,97.074,0.205649
209887ms,209887,96.945,0.204147
209919ms,209919,97.090,0.205370
209951ms,209951,97.018,0.204877
210015ms,210015,97.069,0.203730
210048ms,210048,96.867,0.204459
210127ms,210127,96.929,0.203084
210159ms,210159,97.204,0.204076
210192ms,210192,96.977,0.203175
210224ms,210224,97.038,0.203885
210256ms,210256,97.005,0.206078
210352ms,210352,96.313,0.201717
210480ms,210480,94.970,0.198779
210560ms,210560,94.892,0.200598
210848ms,210848,94.725,0.200231
210927ms,210927,95.127,0.197990
210992ms,210992,95.124,0.199005
211056ms,211056,95.546,0.198624
211088ms,211088,95.566,0.201602
211184ms,211184,96.187,0.204327
211216ms,211216,96.204,0.217380
211264ms,211264,96.560,0.203710
211359ms,211359,96.977,0.205430
211392ms,211392,97.072,0.204046
211424ms,211424,97.043,0.203785
211456ms,211456,97.035,0.203459
211488ms,211488,96.984,0.204865
211520ms,211520,96.891,0.204524
211664ms,211664,96.915,0.204780
211695ms,211695,96.901,0.205308
211727ms,211727,97.048,0.205387
211759ms,211759,96.961,0.204302
211792ms,211792,96.750,0.207632
211984ms,211984,94.807,0.198405
212288ms,212288,94.959,0.197710
212351ms,212351,94.573,0.196472
212431ms,212431,94.993,0.197442
212688ms,212688,96.280,0.209299
212720ms,212720,96.447,0.204762
212831ms,212831,97.104,0.203542
212863ms,212863,96.968,0.206086
212896ms,212896,97.156,0.204021
212928ms,212928,96.858,0.203192
212960ms,212960,97.004,0.204972
212992ms,212992,96.946,0.205015
213024ms,213024,96.963,0.204079
213056ms,213056,97.053,0.203968
213088ms,213088,97.045,0.204289
213120ms,213120,96.756,0.204661
213167ms,213167,97.127,0.203553
213199ms,213199,97.025,0.203952
213231ms,213231,97.055,0.205217
213328ms,213328,96.282,0.201602
213456ms,213456,95.013,0.198535
213792ms,213792,94.879,0.196315
213824ms,213824,94.868,0.198896
213888ms,213888,95.097,0.198222
213967ms,213967,95.292,0.199433
214032ms,214032,95.270,0.199160
214064ms,214064,95.682,0.201131
214096ms,214096,95.756,0.201267
214160ms,214160,96.087,0.202860
214192ms,214192,96.381,0.206048
214224ms,214224,96.746,0.208434
214256ms,214256,96.936,0.204022
214304ms,214304,96.904,0.205145
214335ms,214335,96.915,0.203946
214368ms,214368,96.958,0.202939
214400ms,214400,96.697,0.203657
214432ms,214432,97.025,0.204090
214464ms,214464,96.906,0.203181
214496ms,214496,97.041,0.203206
214528ms,214528,96.857,0.203351
214560ms,214560,96.966,0.202358
214592ms,214592,97.092,0.203695
214624ms,214624,96.974,0.203450
214672ms,214672,97.098,0.204356
214704ms,214704,97.012,0.204877
214735ms,214735,96.999,0.204921
214767ms,214767,96.654,0.202371
214992ms,214992,94.798,0.202450
215328ms,215328,94.723,0.198942
215439ms,215439,95.007,0.199241
215504ms,215504,95.397,0.199688
215664ms,215664,96.424,0.204540
215696ms,215696,96.534,0.203456
215760ms,215760,97.067,0.202887
215807ms,215807,97.024,0.203891
215839ms,215839,96.940,0.203939
215871ms,215871,96.920,0.204219
215903ms,215903,96.938,0.202871
215936ms,215936,96.981,0.203827
216000ms,216000,96.899,0.203231
216032ms,216032,96.830,0.205032
216096ms,216096,96.948,0.203581
216128ms,216128,97.002,0.204536
216160ms,216160,97.073,0.204971
216207ms,216207,96.802,0.203883
216432ms,216432,94.911,0.201753
216799ms,216799,94.710,0.200790
216831ms,216831,94.885,0.197301
216864ms,216864,95.004,0.198245
216896ms,216896,94.852,0.201196
216975ms,216975,95.458,0.199529
217007ms,217007,95.627,0.199745
217104ms,217104,96.113,0.204723
217168ms,217168,96.288,0.206838
217264ms,217264,97.100,0.204307
217296ms,217296,97.054,0.207273
217344ms,217344,96.980,0.203906
217375ms,217375,97.148,0.202425
217408ms,217408,97.008,0.204000
217439ms,217439,97.182,0.204265
217472ms,217472,96.854,0.206459
217504ms,217504,96.851,0.204336
217536ms,217536,97.150,0.203155
217568ms,217568,96.815,0.209463
217600ms,217600,97.020,0.205815
217632ms,217632,96.938,0.206868
217664ms,217664,96.937,0.205555
217712ms,217712,96.742,0.204027
217744ms,217744,96.675,0.207943
217775ms,217775,96.050,0.202769
217872ms,217872,95.184,0.201741
217968ms,217968,94.828,0.207888
218240ms,218240,94.929,0.197173
218304ms,218304,94.764,0.197672
218367ms,218367,95.346,0.198209
218479ms,218479,95.505,0.199878
218512ms,218512,95.531,0.201822
218640ms,218640,96.358,0.204902
218704ms,218704,97.082,0.204837
218736ms,218736,97.075,0.205835
218768ms,218768,96.974,0.204646
218831ms,218831,96.761,0.204361
218879ms,218879,97.096,0.203425
218911ms,218911,96.871,0.203974
218944ms,218944,96.974,0.204260
218975ms,218975,97.063,0.204323
219008ms,219008,97.132,0.203971
219040ms,219040,96.985,0.203049
219072ms,219072,96.920,0.207700
219104ms,219104,97.061,0.205188
219136ms,219136,96.940,0.205703
219168ms,219168,96.797,0.203976
219200ms,219200,96.852,0.203261
219247ms,219247,96.496,0.203270
219279ms,219279,96.219,0.201246
219712ms,219712,94.938,0.198764
219775ms,219775,94.743,0.198198
219872ms,219872,94.933,0.199062
219936ms,219936,95.498,0.199045
219968ms,219968,95.719,0.200299
220015ms,220015,95.605,0.204069
220047ms,220047,95.718,0.203052
220079ms,220079,96.130,0.209509
220112ms,220112,96.269,0.208999
220176ms,220176,96.731,0.202678
220208ms,220208,97.075,0.203496
220240ms,220240,97.075,0.205365
220272ms,220272,96.950,0.204530
220304ms,220304,97.018,0.203782
220480ms,220480,96.832,0.203403
220511ms,220511,96.918,0.204725
220544ms,220544,96.772,0.203541
220608ms,220608,97.249,0.205613
220640ms,220640,97.021,0.204868
220672ms,220672,96.989,0.203526
221184ms,221184,95.041,0.205237
221280ms,221280,94.733,0.197853
221440ms,221440,95.346,0.201154
221520ms,221520,95.717,0.205883
221552ms,221552,95.941,0.202323
221584ms,221584,96.144,0.203754
221615ms,221615,96.483,0.206301
221648ms,221648,96.592,0.203482
221712ms,221712,97.072,0.204208
221744ms,221744,97.104,0.204153
221840ms,221840,97.052,0.204625
221951ms,221951,96.961,0.206130
221984ms,221984,97.019,0.204225
222016ms,222016,96.907,0.205689
222079ms,222079,97.109,0.204245
222112ms,222112,97.074,0.204828
222144ms,222144,97.039,0.204510
222784ms,222784,94.798,0.197069
222848ms,222848,94.975,0.206148
222880ms,222880,95.023,0.198865
222912ms,222912,95.255,0.200351
222944ms,222944,95.635,0.199390
223023ms,223023,95.847,0.202832
223087ms,223087,96.286,0.204394
223119ms,223119,96.359,0.213521
223152ms,223152,96.810,0.204085
223216ms,223216,97.052,0.204404
223248ms,223248,96.806,0.204712
223280ms,223280,97.067,0.202274
223312ms,223312,96.883,0.206375
223391ms,223391,96.959,0.203241
223424ms,223424,96.953,0.204965
223455ms,223455,96.960,0.208041
223488ms,223488,96.820,0.204068
223520ms,223520,97.006,0.203275
223552ms,223552,97.124,0.203094
223616ms,223616,96.986,0.204788
223680ms,223680,96.711,0.206566
223712ms,223712,96.514,0.202159
223888ms,223888,95.177,0.197920
223952ms,223952,94.789,0.204683
224080ms,224080,94.700,0.196086
224223ms,224223,94.719,0.201598
224255ms,224255,94.691,0.197578
224351ms,224351,94.898,0.198545
224416ms,224416,95.546,0.202744
224480ms,224480,95.801,0.202624
224591ms,224591,96.551,0.209384
224655ms,224655,96.731,0.204045
224688ms,224688,97.081,0.203836
224752ms,224752,97.174,0.206265
224784ms,224784,96.895,0.206081
224816ms,224816,96.916,0.202618
224848ms,224848,96.952,0.204580
224991ms,224991,96.999,0.203393
225024ms,225024,97.075,0.204277
225056ms,225056,97.119,0.204990
225088ms,225088,97.200,0.205497
225120ms,225120,97.006,0.205959
225327ms,225327,95.073,0.201258
225695ms,225695,94.856,0.196953
225727ms,225727,94.798,0.199459
225759ms,225759,94.710,0.197235
225823ms,225823,94.884,0.200723
225887ms,225887,95.678,0.202447
225919ms,225919,95.572,0.201608
226095ms,226095,96.516,0.204194
226127ms,226127,96.556,0.205293
226191ms,226191,97.102,0.203489
226224ms,226224,97.039,0.204670
226288ms,226288,97.084,0.204305
226384ms,226384,96.940,0.203020
226431ms,226431,97.022,0.203246
226463ms,226463,96.938,0.203193
226495ms,226495,96.953,0.204201
226527ms,226527,96.975,0.203936
226560ms,226560,96.911,0.204382
226592ms,226592,97.174,0.205339
226624ms,226624,96.857,0.204870
226688ms,226688,96.485,0.201831
226864ms,226864,95.119,0.198537
227024ms,227024,94.630,0.202965
227263ms,227263,95.070,0.197762
227328ms,227328,95.183,0.198665
227392ms,227392,95.496,0.199925
227456ms,227456,95.763,0.202747
227488ms,227488,96.197,0.204060
227599ms,227599,96.536,0.203999
227695ms,227695,96.977,0.203405
227792ms,227792,96.741,0.203682
227824ms,227824,96.941,0.203434
227856ms,227856,96.948,0.205096
227888ms,227888,97.002,0.202974
227967ms,227967,96.884,0.201925
227999ms,227999,96.990,0.203007
228064ms,228064,97.021,0.204367
228288ms,228288,94.945,0.204158
228335ms,228335,94.963,0.197547
228464ms,228464,94.712,0.201483
228624ms,228624,94.948,0.197451
228656ms,228656,94.849,0.196922
228688ms,228688,94.763,0.201044
228767ms,228767,95.173,0.198960
228831ms,228831,95.156,0.202407
228864ms,228864,95.516,0.200029
228896ms,228896,95.635,0.200155
228927ms,228927,95.828,0.200894
228960ms,228960,95.985,0.202374
229024ms,229024,96.347,0.211377
229103ms,229103,96.791,0.203682
229136ms,229136,97.216,0.203042
229200ms,229200,96.935,0.203359
229232ms,229232,97.214,0.203848
229264ms,229264,96.986,0.204773
229296ms,229296,96.898,0.204403
229328ms,229328,97.031,0.202349
229360ms,229360,96.906,0.203132
229424ms,229424,96.861,0.204340
229471ms,229471,96.783,0.202274
229504ms,229504,97.048,0.205105
229535ms,229535,96.841,0.205865
229567ms,229567,97.015,0.204855
229600ms,229600,96.826,0.203934
229839ms,229839,95.156,0.198923
230096ms,230096,94.961,0.204036
230160ms,230160,94.837,0.198696
230239ms,230239,95.079,0.196930
230303ms,230303,95.038,0.200735
230368ms,230368,95.435,0.199135
230432ms,230432,95.607,0.202513
230496ms,230496,96.128,0.203653
230528ms,230528,96.541,0.204871
230639ms,230639,96.989,0.203983
230671ms,230671,97.008,0.204028
230736ms,230736,96.909,0.202698
230767ms,230767,97.137,0.203421
230800ms,230800,96.887,0.203842
230864ms,230864,96.979,0.205653
230896ms,230896,96.997,0.204389
230928ms,230928,97.197,0.203037
231008ms,231008,97.069,0.204456
231040ms,231040,96.976,0.205307
231072ms,231072,96.946,0.204414
231296ms,231296,95.148,0.197697
231600ms,231600,95.140,0.199523
231775ms,231775,94.898,0.199870
231839ms,231839,95.458,0.201864
231872ms,231872,95.722,0.199410
231936ms,231936,95.947,0.203017
231968ms,231968,96.164,0.208824
232032ms,232032,96.336,0.203958
232064ms,232064,96.730,0.204391
232096ms,232096,96.983,0.203298
232143ms,232143,97.169,0.204954
232175ms,232175,97.110,0.206179
232207ms,232207,96.892,0.204549
232240ms,232240,96.876,0.205652
232272ms,232272,97.031,0.204029
232336ms,232336,96.959,0.204425
232399ms,232399,97.009,0.203912
232432ms,232432,97.037,0.204631
232464ms,232464,96.910,0.203404
232512ms,232512,96.955,0.203574
232544ms,232544,97.012,0.205483
232576ms,232576,96.898,0.204046
232640ms,232640,96.301,0.200873
232832ms,232832,94.902,0.201700
233072ms,233072,94.940,0.209232
233200ms,233200,95.185,0.199313
233247ms,233247,94.960,0.198003
233279ms,233279,95.025,0.200623
233472ms,233472,96.201,0.202219
233536ms,233536,96.614,0.204614
233600ms,233600,97.098,0.205374
233648ms,233648,97.020,0.205048
233680ms,233680,96.878,0.204956
233744ms,233744,96.842,0.203513
233776ms,233776,96.961,0.204400
233808ms,233808,96.671,0.207546
233840ms,233840,96.864,0.205167
233872ms,233872,97.031,0.203266
233904ms,233904,97.145,0.205398
233936ms,233936,96.968,0.204826
233968ms,233968,96.991,0.203654
234016ms,234016,96.985,0.204205
234079ms,234079,96.825,0.207404
234112ms,234112,96.452,0.204841
234608ms,234608,94.871,0.202593
234640ms,234640,94.805,0.200241
234736ms,234736,94.964,0.199247
234783ms,234783,95.174,0.200691
234815ms,234815,95.414,0.199788
234847ms,234847,95.574,0.200788
234880ms,234880,95.644,0.201140
234944ms,234944,96.157,0.208799
235040ms,235040,96.755,0.203834
235104ms,235104,97.154,0.204524
235152ms,235152,97.137,0.202933
235184ms,235184,97.008,0.204769
235215ms,235215,97.045,0.204137
235280ms,235280,96.805,0.204973
235312ms,235312,96.991,0.203235
235408ms,235408,96.848,0.203996
235440ms,235440,96.964,0.205948
235472ms,235472,96.905,0.203903
235504ms,235504,97.086,0.208645
235615ms,235615,96.324,0.202003
235775ms,235775,95.158,0.198169
235808ms,235808,94.947,0.207333
236176ms,236176,95.345,0.198590
236240ms,236240,95.158,0.198410
236319ms,236319,95.641,0.198932
236351ms,236351,95.751,0.203991
236479ms,236479,96.249,0.217577
236576ms,236576,97.091,0.203920
236608ms,236608,97.049,0.205723
236640ms,236640,97.090,0.205936
236752ms,236752,97.035,0.204121
236783ms,236783,97.199,0.203157
236816ms,236816,97.138,0.204589
236880ms,236880,97.014,0.203742
236944ms,236944,97.112,0.204314
236976ms,236976,97.031,0.204893
237008ms,237008,96.869,0.202894
237087ms,237087,96.444,0.202801
237216ms,237216,95.031,0.199186
237248ms,237248,95.106,0.199326
237280ms,237280,94.914,0.199995
237344ms,237344,94.730,0.197951
237552ms,237552,94.943,0.199417
237584ms,237584,94.914,0.197099
237712ms,237712,95.040,0.199180
237775ms,237775,95.624,0.197743
237823ms,237823,95.689,0.203672
237887ms,237887,96.077,0.204270
237984ms,237984,96.693,0.205579
238080ms,238080,96.946,0.204225
238112ms,238112,97.085,0.204624
238191ms,238191,97.121,0.203641
238223ms,238223,97.048,0.203099
238287ms,238287,96.993,0.202873
238352ms,238352,96.823,0.204014
238415ms,238415,96.900,0.208146
238448ms,238448,96.953,0.204850
238480ms,238480,96.981,0.204342
238912ms,238912,94.666,0.198296
238991ms,238991,94.690,0.196789
239088ms,239088,94.762,0.198776
239120ms,239120,94.793,0.196690
239184ms,239184,95.005,0.197689
239216ms,239216,95.108,0.198035
239280ms,239280,95.738,0.200342
239359ms,239359,95.858,0.203029
239423ms,239423,96.211,0.203458
239455ms,239455,96.174,0.214221
239488ms,239488,96.907,0.203949
239552ms,239552,97.070,0.204104
239584ms,239584,97.086,0.207951
239616ms,239616,96.974,0.202968
239648ms,239648,96.845,0.201721
239727ms,239727,96.795,0.204190
239759ms,239759,96.959,0.202481
239791ms,239791,97.008,0.202634
239824ms,239824,96.945,0.202788
239856ms,239856,97.004,0.205969
239888ms,239888,96.843,0.206871
239920ms,239920,97.089,0.204949
239952ms,239952,96.961,0.204538
239984ms,239984,96.949,0.203599
240159ms,240159,95.134,0.199976
240592ms,240592,94.859,0.197339
240688ms,240688,94.927,0.200728
240751ms,240751,95.469,0.198968
240784ms,240784,95.704,0.199949
240863ms,240863,96.059,0.206404
240959ms,240959,96.439,0.204012
241024ms,241024,97.173,0.202948
241055ms,241055,96.979,0.205019
241088ms,241088,97.161,0.205615
241120ms,241120,97.018,0.204569
241184ms,241184,96.974,0.204697
241295ms,241295,97.145,0.203401
241360ms,241360,97.136,0.203138
241392ms,241392,96.979,0.206373
241424ms,241424,97.146,0.204145
241456ms,241456,97.024,0.204933
241663ms,241663,95.080,0.202171
242031ms,242031,94.908,0.195599
242095ms,242095,94.600,0.197373
242192ms,242192,95.083,0.198160
242256ms,242256,95.684,0.200534
242288ms,242288,95.729,0.200330
242320ms,242320,95.884,0.203580
242399ms,242399,96.211,0.205749
242464ms,242464,96.730,0.204890
242496ms,242496,97.181,0.203280
242527ms,242527,97.115,0.204301
242560ms,242560,96.972,0.203835
242592ms,242592,97.244,0.204179
242624ms,242624,96.972,0.203212
242656ms,242656,97.066,0.202722
242767ms,242767,96.931,0.203338
242831ms,242831,97.045,0.203182
242864ms,242864,97.126,0.203731
242895ms,242895,96.984,0.205078
242927ms,242927,96.966,0.204653
242960ms,242960,96.928,0.203873
242992ms,242992,96.657,0.203111
243024ms,243024,96.499,0.201731
243503ms,243503,94.923,0.201205
243567ms,243567,94.737,0.197016
243600ms,243600,95.161,0.197720
243695ms,243695,95.406,0.199379
243728ms,243728,95.576,0.202415
243792ms,243792,95.777,0.205501
243871ms,243871,96.073,0.204209
243935ms,243935,96.782,0.203295
244000ms,244000,97.136,0.205228
244032ms,244032,96.995,0.204676
244064ms,244064,97.079,0.204058
244096ms,244096,97.108,0.202940
244128ms,244128,96.985,0.202396
244160ms,244160,96.984,0.203725
244192ms,244192,96.955,0.209293
244224ms,244224,96.902,0.203939
244272ms,244272,97.040,0.203237
244304ms,244304,96.929,0.203657
244335ms,244335,96.872,0.202901
244399ms,244399,97.167,0.205689
244432ms,244432,97.043,0.204675
244495ms,244495,96.539,0.202024
244704ms,244704,94.858,0.198823
244735ms,244735,94.845,0.203150
244767ms,244767,94.752,0.205426
244799ms,244799,94.659,0.212979
244992ms,244992,94.993,0.197286
245040ms,245040,94.790,0.199180
245071ms,245071,94.771,0.198449
245135ms,245135,94.861,0.200790
245200ms,245200,95.458,0.199569
245264ms,245264,95.673,0.200734
245295ms,245295,96.003,0.202050
245360ms,245360,96.421,0.206022
245407ms,245407,96.465,0.203203
245439ms,245439,96.803,0.207952
245503ms,245503,97.072,0.203726
245535ms,245535,96.925,0.204599
245568ms,245568,97.072,0.203079
245632ms,245632,97.000,0.202543
245696ms,245696,97.033,0.203111
245775ms,245775,96.985,0.203451
245807ms,245807,96.988,0.203841
245871ms,245871,96.945,0.205913
245904ms,245904,96.855,0.204137
245936ms,245936,96.836,0.203242
246000ms,246000,96.428,0.201241
246096ms,246096,95.201,0.202383
246432ms,246432,94.961,0.199767
246464ms,246464,94.930,0.196762
246543ms,246543,94.781,0.197739
246575ms,246575,95.134,0.199651
246607ms,246607,95.067,0.198878
246704ms,246704,95.573,0.199053
246736ms,246736,95.657,0.203148
246767ms,246767,95.952,0.201886
246832ms,246832,96.286,0.205282
246864ms,246864,96.454,0.207061
246911ms,246911,96.787,0.204837
247007ms,247007,96.972,0.204828
247040ms,247040,96.922,0.203484
247136ms,247136,97.013,0.205410
247200ms,247200,97.022,0.204309
247232ms,247232,96.878,0.203193
247264ms,247264,96.899,0.203435
247311ms,247311,97.163,0.204626
247344ms,247344,97.029,0.203991
247375ms,247375,97.052,0.204030
247407ms,247407,96.887,0.203126
247504ms,247504,95.961,0.204730
248000ms,248000,94.898,0.198828
248111ms,248111,95.118,0.199188
248175ms,248175,95.571,0.200102
248239ms,248239,95.869,0.207412
248304ms,248304,96.256,0.206836
248336ms,248336,96.430,0.208464
248368ms,248368,96.546,0.203029
248415ms,248415,96.810,0.203074
248479ms,248479,97.077,0.203964
248576ms,248576,96.953,0.203981
248640ms,248640,96.932,0.205168
248672ms,248672,96.963,0.204227
248704ms,248704,97.081,0.203744
248768ms,248768,97.008,0.203898
248815ms,248815,96.941,0.205240
248847ms,248847,96.948,0.205610
248879ms,248879,96.962,0.205166
248944ms,248944,96.509,0.203755
249104ms,249104,94.954,0.199079
249136ms,249136,94.966,0.199193
249440ms,249440,94.935,0.196599
249472ms,249472,94.708,0.201206
249551ms,249551,94.908,0.198494
249583ms,249583,94.995,0.198286
249615ms,249615,95.218,0.201782
249647ms,249647,95.711,0.199781
249680ms,249680,95.684,0.199382
249712ms,249712,95.639,0.202570
249775ms,249775,96.201,0.203326
249872ms,249872,96.965,0.210677
249951ms,249951,96.975,0.204052
249983ms,249983,96.918,0.203116
250047ms,250047,97.042,0.208474
250272ms,250272,96.863,0.205372
250879ms,250879,95.102,0.201311
251008ms,251008,95.201,0.198640
251040ms,251040,95.052,0.198683
251119ms,251119,95.444,0.200302
251151ms,251151,95.393,0.199631
251184ms,251184,95.731,0.202050
251280ms,251280,96.144,0.202260
251312ms,251312,96.257,0.205775
251344ms,251344,96.796,0.204556
251408ms,251408,97.283,0.203061
251455ms,251455,97.087,0.206024
251487ms,251487,96.796,0.203558
251519ms,251519,96.962,0.205541
251551ms,251551,96.802,0.204081
251776ms,251776,96.971,0.204492
251823ms,251823,97.072,0.206865
251919ms,251919,96.423,0.202021
252080ms,252080,95.161,0.198585
252352ms,252352,94.747,0.203143
252416ms,252416,94.788,0.197695
252448ms,252448,94.758,0.199321
252544ms,252544,95.084,0.200372
252623ms,252623,95.560,0.200063
252655ms,252655,95.563,0.202511
252687ms,252687,95.686,0.201475
252720ms,252720,95.964,0.208667
252752ms,252752,96.127,0.207387
252783ms,252783,96.446,0.208132
252815ms,252815,96.679,0.209075
252880ms,252880,97.114,0.205238
252912ms,252912,97.157,0.204016
252944ms,252944,96.904,0.203409
252991ms,252991,97.018,0.203106
253023ms,253023,96.946,0.205699
253055ms,253055,96.834,0.203730
253088ms,253088,97.092,0.203629
253120ms,253120,96.875,0.203002
253184ms,253184,96.931,0.203366
253248ms,253248,97.056,0.204185
253392ms,253392,96.624,0.202575
253456ms,253456,95.842,0.200264
253552ms,253552,94.821,0.198409
253952ms,253952,94.778,0.197228
253984ms,253984,94.995,0.199143
254159ms,254159,95.658,0.203613
254255ms,254255,96.228,0.211519
254320ms,254320,96.813,0.203314
254384ms,254384,97.198,0.204617
254416ms,254416,97.025,0.205429
254448ms,254448,96.945,0.205362
254495ms,254495,96.879,0.203701
254527ms,254527,97.018,0.203312
254559ms,254559,96.811,0.203987
254591ms,254591,97.054,0.203482
254624ms,254624,96.951,0.203741
254656ms,254656,96.919,0.204242
254720ms,254720,97.010,0.204823
254752ms,254752,96.964,0.203420
254784ms,254784,96.988,0.206353
254895ms,254895,96.497,0.202101
255263ms,255263,94.638,0.205275
255392ms,255392,94.942,0.197643
255424ms,255424,94.811,0.198009
255456ms,255456,95.180,0.198767
255520ms,255520,95.116,0.198843
255584ms,255584,95.355,0.198464
255727ms,255727,96.209,0.204534
255759ms,255759,96.325,0.208053
255791ms,255791,96.734,0.209446
255824ms,255824,96.879,0.203798
255855ms,255855,97.096,0.203926
255888ms,255888,97.146,0.205595
255920ms,255920,97.026,0.204061
255952ms,255952,97.016,0.207735
256127ms,256127,97.179,0.203492
256159ms,256159,97.020,0.204631
256192ms,256192,96.788,0.202888
256224ms,256224,97.057,0.204797
256256ms,256256,97.177,0.204996
256624ms,256624,94.831,0.204946
256895ms,256895,94.800,0.198653
256992ms,256992,95.318,0.198963
257135ms,257135,95.583,0.200858
257199ms,257199,96.230,0.205786
257231ms,257231,96.435,0.210210
257264ms,257264,96.660,0.210678
257328ms,257328,96.858,0.208561
257360ms,257360,97.126,0.203009
257424ms,257424,96.764,0.203195
257456ms,257456,97.049,0.202999
257488ms,257488,97.116,0.203253
257599ms,257599,96.995,0.203792
257631ms,257631,96.913,0.204564
257663ms,257663,97.012,0.204518
257728ms,257728,96.966,0.203649
257824ms,257824,96.741,0.202571
257856ms,257856,96.221,0.201661
257999ms,257999,94.801,0.199063
258032ms,258032,95.001,0.197732
258224ms,258224,94.853,0.199775
258335ms,258335,94.793,0.197444
258464ms,258464,94.979,0.198895
258496ms,258496,95.200,0.200631
258624ms,258624,95.825,0.201616
258703ms,258703,96.207,0.202281
258767ms,258767,96.762,0.204548
258799ms,258799,96.872,0.206734
258831ms,258831,97.229,0.203777
258896ms,258896,96.890,0.206051
259039ms,259039,97.064,0.203345
259071ms,259071,97.064,0.205912
259200ms,259200,97.067,0.203485
259232ms,259232,97.144,0.204419
259296ms,259296,96.746,0.204639
259328ms,259328,96.553,0.201975
259839ms,259839,94.974,0.196822
259871ms,259871,94.667,0.197345
259968ms,259968,95.090,0.198691
260064ms,260064,95.677,0.200227
260095ms,260095,95.711,0.201995
260239ms,260239,96.391,0.203157
260271ms,260271,96.834,0.204007
260335ms,260335,97.073,0.203869
260400ms,260400,97.021,0.202895
260464ms,260464,96.904,0.204727
260575ms,260575,96.947,0.206597
260672ms,260672,97.187,0.208574
260704ms,260704,97.058,0.204903
260736ms,260736,97.056,0.204997
260832ms,260832,96.261,0.202347
260864ms,260864,95.873,0.199860
261232ms,261232,94.620,0.208253
261343ms,261343,94.784,0.198473
261440ms,261440,95.108,0.197522
261472ms,261472,95.121,0.200389
261679ms,261679,96.292,0.208471
261711ms,261711,96.353,0.208186
261743ms,261743,96.989,0.205199
261840ms,261840,96.873,0.206905
261872ms,261872,96.980,0.202991
261904ms,261904,96.936,0.206602
261936ms,261936,96.783,0.204700
261968ms,261968,96.934,0.203098
262000ms,262000,97.069,0.203407
262111ms,262111,97.111,0.203079
262143ms,262143,97.092,0.205617
262176ms,262176,97.011,0.204271
262207ms,262207,97.150,0.205118
262704ms,262704,94.822,0.204169
262768ms,262768,94.995,0.197017
262879ms,262879,95.069,0.197512
262943ms,262943,95.192,0.198812
263007ms,263007,95.631,0.200296
263136ms,263136,96.252,0.202458
263215ms,263215,96.701,0.203573
263279ms,263279,97.103,0.205545
263311ms,263311,97.136,0.207037
263408ms,263408,97.030,0.204095
263440ms,263440,96.847,0.206734
263472ms,263472,96.956,0.203023
263504ms,263504,96.810,0.203224
263647ms,263647,97.047,0.204591
263679ms,263679,97.160,0.203522
263775ms,263775,96.594,0.200398
264304ms,264304,94.945,0.198517
264351ms,264351,94.817,0.202428
264383ms,264383,95.140,0.198204
264415ms,264415,94.912,0.199372
264447ms,264447,95.284,0.198495
264544ms,264544,95.640,0.201329
264640ms,264640,96.359,0.204639
264672ms,264672,96.503,0.203986
264704ms,264704,96.762,0.203313
264783ms,264783,96.997,0.203787
264815ms,264815,97.012,0.204538
264944ms,264944,96.927,0.203906
265040ms,265040,96.830,0.204268
265072ms,265072,97.079,0.205584
265119ms,265119,97.113,0.203948
265151ms,265151,97.224,0.203410
265183ms,265183,97.016,0.206342
265280ms,265280,96.496,0.201337
265487ms,265487,94.978,0.203253
265648ms,265648,94.795,0.201962
265744ms,265744,94.782,0.195350
265776ms,265776,95.039,0.197729
265808ms,265808,94.731,0.198674
265920ms,265920,95.209,0.198874
265984ms,265984,95.331,0.198911
266112ms,266112,96.103,0.204636
266144ms,266144,96.375,0.204088
266176ms,266176,96.702,0.204995
266255ms,266255,97.111,0.204178
266288ms,266288,96.944,0.205045
266319ms,266319,96.811,0.203738
266544ms,266544,96.888,0.202925
266576ms,266576,97.034,0.204088
266623ms,266623,97.070,0.203791
266656ms,266656,97.064,0.204301
266687ms,266687,96.927,0.204830
266752ms,266752,96.526,0.201890
266944ms,266944,94.772,0.199010
266976ms,266976,94.866,0.198306
267216ms,267216,95.046,0.210023
267280ms,267280,94.661,0.198861
267312ms,267312,94.744,0.197926
267392ms,267392,94.856,0.199184
267487ms,267487,95.894,0.199635
267520ms,267520,95.780,0.202825
267552ms,267552,96.114,0.203601
267680ms,267680,96.738,0.204431
267712ms,267712,97.041,0.204687
267759ms,267759,97.262,0.204209
267823ms,267823,96.972,0.205170
267855ms,267855,96.873,0.204962
267887ms,267887,96.918,0.204619
267984ms,267984,97.029,0.204999
268016ms,268016,96.989,0.204925
268159ms,268159,96.938,0.204047
268384ms,268384,95.078,0.200454
268784ms,268784,94.740,0.198382
268895ms,268895,94.893,0.199511
268959ms,268959,95.441,0.199897
269088ms,269088,96.128,0.210282
269120ms,269120,96.443,0.211527
269152ms,269152,96.561,0.208371
269184ms,269184,96.909,0.204208
269263ms,269263,97.075,0.204422
269327ms,269327,96.801,0.204431
269359ms,269359,96.899,0.203902
269392ms,269392,96.835,0.202599
269456ms,269456,96.800,0.204085
269520ms,269520,96.900,0.203790
269584ms,269584,97.051,0.203875
269616ms,269616,96.959,0.206333
269663ms,269663,96.988,0.204746
270095ms,270095,94.808,0.197304
270192ms,270192,94.923,0.209705
270255ms,270255,94.781,0.198814
270287ms,270287,94.912,0.197329
270320ms,270320,95.013,0.199213
270352ms,270352,94.846,0.201610
270431ms,270431,95.591,0.201635
270495ms,270495,95.688,0.202371
270527ms,270527,96.015,0.203900
270560ms,270560,96.177,0.202259
270592ms,270592,96.255,0.209607
270624ms,270624,96.482,0.208159
270656ms,270656,96.963,0.210042
270720ms,270720,97.127,0.204775
270752ms,270752,97.004,0.207074
270799ms,270799,96.944,0.204998
270928ms,270928,96.811,0.204645
270991ms,270991,96.987,0.203378
271024ms,271024,96.867,0.203612
271056ms,271056,96.943,0.203059
271088ms,271088,97.023,0.206197
271120ms,271120,97.020,0.205106
271695ms,271695,94.911,0.196177
271728ms,271728,94.761,0.198744
271760ms,271760,94.742,0.197302
271792ms,271792,95.033,0.199323
271856ms,271856,95.122,0.200048
271967ms,271967,95.596,0.202957
271999ms,271999,95.904,0.204067
272032ms,272032,96.198,0.206986
272064ms,272064,96.379,0.204236
272096ms,272096,96.423,0.203861
272128ms,272128,96.692,0.204190
272192ms,272192,97.130,0.204632
272224ms,272224,97.111,0.203613
272288ms,272288,97.058,0.204566
272335ms,272335,97.017,0.206030
272367ms,272367,97.034,0.204013
272399ms,272399,97.044,0.205763
272431ms,272431,97.030,0.204700
272496ms,272496,96.883,0.203893
272560ms,272560,96.914,0.204432
272592ms,272592,97.180,0.207069
272656ms,272656,96.749,0.201884
272896ms,272896,94.903,0.199293
273199ms,273199,94.965,0.198325
273232ms,273232,94.796,0.197470
273264ms,273264,94.878,0.197723
273392ms,273392,95.499,0.198694
273471ms,273471,95.743,0.200967
273567ms,273567,96.477,0.208272
273600ms,273600,96.562,0.203540
273632ms,273632,96.946,0.203710
273696ms,273696,96.975,0.205603
273760ms,273760,96.884,0.204669
273792ms,273792,97.145,0.205095
273871ms,273871,96.722,0.202399
273903ms,273903,97.188,0.204952
273999ms,273999,97.038,0.203534
274031ms,274031,96.985,0.204069
274064ms,274064,97.045,0.205384
274096ms,274096,96.891,0.206728
274207ms,274207,96.118,0.200481
274304ms,274304,95.066,0.199373
274335ms,274335,95.012,0.198403
274575ms,274575,94.992,0.200976
274671ms,274671,95.006,0.197532
274704ms,274704,94.798,0.197464
274799ms,274799,94.927,0.198033
274864ms,274864,95.504,0.199107
274928ms,274928,95.759,0.201379
274975ms,274975,95.971,0.202178
275007ms,275007,96.075,0.203575
275039ms,275039,96.292,0.203600
275200ms,275200,96.941,0.205023
275232ms,275232,96.912,0.204823
275296ms,275296,96.962,0.204026
275375ms,275375,97.027,0.204063
275664ms,275664,96.216,0.202046
276032ms,276032,94.747,0.196226
276064ms,276064,94.716,0.197804
276143ms,276143,94.759,0.196767
276207ms,276207,94.845,0.198933
276272ms,276272,95.154,0.198174
276304ms,276304,95.147,0.201470
276432ms,276432,95.977,0.202944
276575ms,276575,96.681,0.203005
276671ms,276671,97.015,0.204844
276704ms,276704,96.956,0.204552
276800ms,276800,96.736,0.204607
276832ms,276832,96.844,0.205039
276879ms,276879,97.024,0.204880
276911ms,276911,97.006,0.204749
276943ms,276943,96.901,0.203724
277008ms,277008,97.059,0.203888
277040ms,277040,96.980,0.205625
277072ms,277072,96.997,0.204121
277136ms,277136,96.653,0.201699
277200ms,277200,96.012,0.203592
277311ms,277311,94.867,0.198622
277440ms,277440,94.743,0.207850
277647ms,277647,95.054,0.197794
277679ms,277679,95.022,0.198424
277744ms,277744,95.250,0.198602
277775ms,277775,94.908,0.199683
277807ms,277807,94.940,0.199716
277840ms,277840,95.421,0.200061
277904ms,277904,95.631,0.203524
277936ms,277936,95.671,0.200963
278015ms,278015,96.169,0.203628
278047ms,278047,96.412,0.207342
278079ms,278079,96.832,0.205465
278112ms,278112,96.982,0.203274
278176ms,278176,96.942,0.203948
278208ms,278208,97.053,0.204388
278240ms,278240,96.873,0.203438
278272ms,278272,96.831,0.206184
278336ms,278336,97.001,0.203884
278415ms,278415,96.966,0.207390
278447ms,278447,96.852,0.204100
279151ms,279151,94.995,0.203102
279183ms,279183,94.816,0.196722
279248ms,279248,95.092,0.198739
279280ms,279280,94.919,0.198299
279312ms,279312,95.088,0.199067
279344ms,279344,95.607,0.198394
279376ms,279376,95.705,0.200019
279408ms,279408,95.712,0.204330
279472ms,279472,96.227,0.208769
279519ms,279519,96.253,0.203257
279648ms,279648,96.978,0.204461
279712ms,279712,97.034,0.203162
279744ms,279744,96.927,0.204029
279775ms,279775,96.775,0.202891
279808ms,279808,96.926,0.202694
279840ms,279840,96.899,0.203392
279887ms,279887,96.948,0.202682
279919ms,279919,97.061,0.203351
279951ms,279951,96.998,0.204535
280016ms,280016,97.076,0.206149
280080ms,280080,96.761,0.203375
280144ms,280144,96.245,0.201232
280608ms,280608,95.057,0.206220
280719ms,280719,95.156,0.198601
280752ms,280752,95.242,0.201735
280783ms,280783,95.334,0.199417
280976ms,280976,96.258,0.203218
281023ms,281023,96.407,0.212101
281055ms,281055,96.785,0.204461
281152ms,281152,97.075,0.204225
281184ms,281184,97.209,0.204758
281216ms,281216,96.749,0.203427
281248ms,281248,96.956,0.202700
281312ms,281312,97.093,0.203723
281376ms,281376,96.965,0.204278
281455ms,281455,97.025,0.205483
281487ms,281487,97.056,0.205204
281520ms,281520,96.988,0.206051
281552ms,281552,96.945,0.203239
281615ms,281615,96.361,0.201497
281791ms,281791,94.978,0.199462
281984ms,281984,94.697,0.210405
282048ms,282048,94.977,0.211675
282080ms,282080,94.783,0.207536
282112ms,282112,94.828,0.198268
282159ms,282159,94.824,0.198174
282192ms,282192,94.693,0.197413
282224ms,282224,95.178,0.198702
282255ms,282255,94.949,0.202015
282320ms,282320,95.267,0.202869
282384ms,282384,95.747,0.205587
282416ms,282416,95.940,0.205188
282480ms,282480,96.269,0.213220
282559ms,282559,96.854,0.203568
282623ms,282623,96.829,0.204589
282687ms,282687,96.898,0.208492
282784ms,282784,96.808,0.204303
282848ms,282848,96.815,0.204842
283055ms,283055,96.828,0.203944
283088ms,283088,96.571,0.201576
283616ms,283616,94.914,0.197953
283648ms,283648,94.791,0.197802
283759ms,283759,95.182,0.197759
283824ms,283824,95.382,0.199411
283888ms,283888,95.847,0.202838
283920ms,283920,96.137,0.203142
283952ms,283952,96.146,0.204341
283984ms,283984,96.533,0.205039
284095ms,284095,97.158,0.203090
284127ms,284127,97.196,0.204909
284191ms,284191,97.080,0.203967
284287ms,284287,97.098,0.206288
284320ms,284320,96.913,0.204102
284352ms,284352,97.041,0.203645
284384ms,284384,96.913,0.205372
284495ms,284495,97.036,0.204270
284527ms,284527,96.949,0.204855
284752ms,284752,95.049,0.198307
285056ms,285056,95.084,0.197334
285088ms,285088,95.077,0.196420
285152ms,285152,94.756,0.198403
285231ms,285231,94.874,0.204006
285263ms,285263,95.192,0.200075
285295ms,285295,95.326,0.199950
285360ms,285360,95.711,0.201595
285392ms,285392,96.000,0.202485
285424ms,285424,96.248,0.208300
285455ms,285455,96.345,0.209182
285488ms,285488,96.612,0.205773
285520ms,285520,96.777,0.204086
285631ms,285631,96.869,0.203698
285663ms,285663,96.882,0.203657
285728ms,285728,96.921,0.203541
285759ms,285759,96.907,0.204776
285856ms,285856,97.058,0.202603
285888ms,285888,96.986,0.203386
285920ms,285920,96.820,0.203749
286032ms,286032,96.795,0.208041
286560ms,286560,94.915,0.196697
286704ms,286704,95.126,0.198314
286735ms,286735,95.142,0.198735
286799ms,286799,95.465,0.200084
286928ms,286928,96.361,0.203661
286960ms,286960,96.508,0.204184
286992ms,286992,96.740,0.204649
287104ms,287104,96.966,0.206740
287135ms,287135,96.910,0.205267
287264ms,287264,96.978,0.203065
287424ms,287424,96.985,0.204574
287471ms,287471,97.153,0.204294
287728ms,287728,95.247,0.197485
287760ms,287760,95.040,0.198840
288128ms,288128,94.627,0.197460
288192ms,288192,94.924,0.199213
288239ms,288239,95.122,0.199507
288271ms,288271,95.357,0.200620
288303ms,288303,95.653,0.200216
288336ms,288336,95.752,0.201897
288368ms,288368,96.129,0.203608
288431ms,288431,96.277,0.211052
288496ms,288496,96.974,0.205410
288607ms,288607,96.826,0.205990
288671ms,288671,96.779,0.207602
288735ms,288735,96.991,0.205273
288767ms,288767,96.983,0.203710
288928ms,288928,97.010,0.205560
289071ms,289071,96.437,0.201614
289168ms,289168,95.085,0.200980
289439ms,289439,94.597,0.198929
289568ms,289568,94.835,0.197894
289600ms,289600,94.761,0.200628
289632ms,289632,94.823,0.198838
289664ms,289664,95.062,0.198511
289696ms,289696,94.972,0.198200
289775ms,289775,95.562,0.200201
289807ms,289807,95.655,0.199290
289839ms,289839,95.574,0.206389
289871ms,289871,96.104,0.204307
289903ms,289903,96.265,0.202532
289967ms,289967,96.584,0.202778
289999ms,289999,96.871,0.204512
290031ms,290031,97.082,0.204341
290096ms,290096,96.912,0.204781
290143ms,290143,96.823,0.203064
290175ms,290175,96.944,0.205369
290207ms,290207,97.047,0.204212
290304ms,290304,96.937,0.203968
290368ms,290368,96.901,0.203213
290400ms,290400,96.926,0.203601
290432ms,290432,96.982,0.204552
290464ms,290464,96.990,0.203892
290575ms,290575,96.208,0.202327
290735ms,290735,94.891,0.201139
290832ms,290832,94.763,0.201604
291040ms,291040,94.819,0.196120
291072ms,291072,94.856,0.198632
291104ms,291104,94.583,0.197478
291136ms,291136,95.135,0.199249
291168ms,291168,95.007,0.197984
291200ms,291200,95.223,0.198118
291279ms,291279,95.521,0.199055
291343ms,291343,95.954,0.201813
291407ms,291407,96.376,0.213823
291440ms,291440,96.400,0.204779
291472ms,291472,96.894,0.203737
291536ms,291536,96.993,0.204485
291808ms,291808,96.787,0.205431
291840ms,291840,96.859,0.203014
291872ms,291872,96.841,0.203323
291904ms,291904,97.085,0.204152
291936ms,291936,97.054,0.207125
292047ms,292047,96.412,0.201740
292368ms,292368,94.880,0.199948
292479ms,292479,94.898,0.207468
292575ms,292575,94.616,0.197290
292608ms,292608,94.929,0.198450
292672ms,292672,95.055,0.197964
292783ms,292783,95.710,0.200830
292815ms,292815,95.747,0.202276
292879ms,292879,96.212,0.205084
292944ms,292944,96.761,0.203212
293008ms,293008,97.192,0.203704
293040ms,293040,97.033,0.204698
293072ms,293072,97.010,0.204038
293104ms,293104,97.050,0.206444
293151ms,293151,96.957,0.206396
293215ms,293215,97.055,0.204935
293247ms,293247,97.018,0.203436
293376ms,293376,97.030,0.204523
293407ms,293407,97.049,0.204453
294015ms,294015,94.977,0.206393
294080ms,294080,94.721,0.197370
294112ms,294112,95.254,0.198820
294144ms,294144,95.020,0.202082
294240ms,294240,95.442,0.199390
294287ms,294287,95.788,0.200900
294383ms,294383,96.365,0.204792
294415ms,294415,96.553,0.203997
294448ms,294448,96.840,0.203071
294512ms,294512,97.175,0.204059
294544ms,294544,97.064,0.205334
294576ms,294576,96.974,0.205452
294640ms,294640,96.912,0.203675
294687ms,294687,96.988,0.205721
294751ms,294751,96.894,0.204229
294783ms,294783,97.129,0.204302
294815ms,294815,96.951,0.203540
294944ms,294944,96.775,0.205237
295007ms,295007,96.494,0.201369
295119ms,295119,95.117,0.203443
295519ms,295519,94.871,0.198274
295551ms,295551,94.735,0.199131
295616ms,295616,95.130,0.198294
295712ms,295712,95.406,0.199143
295744ms,295744,95.577,0.201070
295855ms,295855,96.075,0.205583
296048ms,296048,96.972,0.203876
296112ms,296112,96.879,0.203605
296144ms,296144,97.094,0.203987
296287ms,296287,96.935,0.208633
296319ms,296319,96.886,0.206380
296384ms,296384,97.191,0.204019
296416ms,296416,97.035,0.204047
296448ms,296448,96.882,0.203709
297023ms,297023,94.826,0.199498
297055ms,297055,94.748,0.197072
297087ms,297087,95.191,0.201515
297120ms,297120,94.963,0.200621
297152ms,297152,95.218,0.198759
297248ms,297248,95.753,0.204929
297359ms,297359,96.310,0.209523
297391ms,297391,96.380,0.206712
297423ms,297423,96.900,0.211050
297520ms,297520,97.029,0.206453
297648ms,297648,96.871,0.204697
297680ms,297680,96.815,0.202998
297759ms,297759,96.864,0.203923
297823ms,297823,96.916,0.204605
297887ms,297887,97.120,0.204417
297952ms,297952,96.820,0.201802
298159ms,298159,94.952,0.201648
298256ms,298256,94.654,0.199366
298527ms,298527,94.817,0.197844
298559ms,298559,94.917,0.200778
298624ms,298624,95.032,0.200123
298688ms,298688,95.158,0.201834
298752ms,298752,95.650,0.203519
298863ms,298863,96.544,0.206223
299024ms,299024,96.972,0.207653
299055ms,299055,96.881,0.206944
299088ms,299088,96.893,0.203673
299120ms,299120,96.904,0.205833
299231ms,299231,96.923,0.203178
299263ms,299263,97.057,0.204501
299359ms,299359,97.125,0.204399
299392ms,299392,97.080,0.202248
299456ms,299456,96.646,0.202765
299663ms,299663,94.893,0.197993
299759ms,299759,94.725,0.203389
299856ms,299856,94.860,0.198894
299952ms,299952,94.918,0.195591
299999ms,299999,94.978,0.198785
300063ms,300063,95.339,0.198152
300095ms,300095,95.015,0.200316
300224ms,300224,95.665,0.201906
300320ms,300320,96.221,0.202093
300399ms,300399,96.802,0.205450
300464ms,300464,97.066,0.205087
300495ms,300495,96.974,0.203726
300624ms,300624,96.946,0.204007
300720ms,300720,97.063,0.210693
300767ms,300767,96.816,0.202896
300864ms,300864,97.169,0.205583
300960ms,300960,96.557,0.201351
301056ms,301056,95.487,0.198999
301296ms,301296,94.867,0.200346
301392ms,301392,94.943,0.210429
301424ms,301424,94.821,0.201391
301455ms,301455,94.800,0.198634
301503ms,301503,94.733,0.197100
301599ms,301599,95.067,0.199317
301664ms,301664,95.519,0.201026
301728ms,301728,95.795,0.200405
301792ms,301792,96.268,0.203824
301824ms,301824,96.480,0.207645
301935ms,301935,97.054,0.203694
301967ms,301967,97.240,0.206956
301999ms,301999,96.904,0.203924
302224ms,302224,96.910,0.204388
302303ms,302303,97.129,0.204030
302335ms,302335,97.007,0.207991
302367ms,302367,96.952,0.207523
302592ms,302592,94.974,0.199391
302639ms,302639,95.023,0.199872
302671ms,302671,94.808,0.205911
302896ms,302896,94.980,0.198210
302960ms,302960,94.841,0.198855
303039ms,303039,95.186,0.200781
303071ms,303071,94.924,0.199313
303103ms,303103,95.224,0.200160
303200ms,303200,95.687,0.201062
303232ms,303232,96.133,0.204517
303360ms,303360,96.911,0.206663
303439ms,303439,97.037,0.204832
303632ms,303632,96.904,0.205723
303664ms,303664,96.902,0.204173
303696ms,303696,96.861,0.203660
303839ms,303839,97.100,0.204553
303904ms,303904,96.763,0.202735
303936ms,303936,96.348,0.203181
304143ms,304143,94.898,0.198674
304400ms,304400,94.786,0.196424
304432ms,304432,94.994,0.198735
304464ms,304464,94.706,0.200256
304495ms,304495,95.028,0.198216
304544ms,304544,95.095,0.198691
304575ms,304575,95.060,0.199110
304639ms,304639,95.286,0.198845
304672ms,304672,95.521,0.201891
304736ms,304736,96.081,0.202500
304800ms,304800,96.384,0.215353
304832ms,304832,96.608,0.203810
304864ms,304864,96.784,0.204648
304912ms,304912,97.021,0.205644
304943ms,304943,96.957,0.207716
305103ms,305103,97.098,0.203504
305168ms,305168,96.965,0.203773
305200ms,305200,96.912,0.206527
305232ms,305232,96.998,0.206479
305311ms,305311,97.114,0.204833
305343ms,305343,96.947,0.203982
305568ms,305568,95.144,0.198590
305743ms,305743,94.970,0.198099
305840ms,305840,94.741,0.204485
305968ms,305968,94.715,0.197015
305999ms,305999,95.049,0.198504
306047ms,306047,94.939,0.200355
306079ms,306079,95.170,0.199456
306111ms,306111,95.250,0.200179
306143ms,306143,95.627,0.199489
306176ms,306176,95.612,0.201329
306208ms,306208,95.921,0.201893
306272ms,306272,96.307,0.207936
306304ms,306304,96.417,0.204658
306336ms,306336,96.727,0.202981
306447ms,306447,96.957,0.208586
306479ms,306479,96.886,0.203823
306544ms,306544,96.886,0.204640
306608ms,306608,96.922,0.205095
306640ms,306640,96.929,0.203155
306672ms,306672,96.981,0.206389
306768ms,306768,97.141,0.204033
306815ms,306815,97.281,0.204556
306847ms,306847,96.777,0.203319
