timestamp_ms,elapsed_ms,pix_dist,m_dist
0ms,0,149.990,0.202672
32ms,32,150.130,0.202228
64ms,64,150.058,0.202133
127ms,127,150.222,0.202140
160ms,160,150.075,0.202205
239ms,239,150.022,0.202306
271ms,271,149.827,0.202174
303ms,303,149.284,0.201349
336ms,336,148.727,0.200385
368ms,368,148.073,0.200635
400ms,400,147.911,0.199671
432ms,432,147.463,0.199547
464ms,464,147.428,0.198825
496ms,496,147.225,0.198711
528ms,528,147.136,0.198457
560ms,560,146.892,0.199417
608ms,608,146.626,0.201615
639ms,639,146.852,0.200264
672ms,672,146.791,0.201980
704ms,704,146.666,0.199509
736ms,736,146.765,0.199014
768ms,768,146.600,0.198315
800ms,800,146.725,0.198755
832ms,832,146.684,0.198693
864ms,864,146.792,0.198312
896ms,896,146.802,0.197958
928ms,928,146.871,0.199009
975ms,975,147.081,0.198595
1007ms,1007,147.460,0.198530
1039ms,1039,147.569,0.198696
1072ms,1072,147.785,0.198253
1104ms,1104,147.871,0.199519
1136ms,1136,148.058,0.199739
1168ms,1168,148.433,0.200005
1200ms,1200,148.791,0.201240
1232ms,1232,149.208,0.201111
1264ms,1264,149.400,0.201788
1296ms,1296,149.746,0.202012
1344ms,1344,150.139,0.202171
1375ms,1375,150.122,0.202333
1408ms,1408,150.239,0.202114
1440ms,1440,150.061,0.202453
1472ms,1472,150.129,0.202382
1504ms,1504,150.138,0.202372
1536ms,1536,150.210,0.202003
1567ms,1567,150.167,0.202086
1600ms,1600,150.204,0.202557
1632ms,1632,150.227,0.202430
1695ms,1695,150.187,0.202360
1743ms,1743,150.064,0.202450
1775ms,1775,149.739,0.202238
1808ms,1808,149.230,0.201268
1839ms,1839,148.717,0.200651
1872ms,1872,148.185,0.200913
1904ms,1904,147.832,0.199563
1936ms,1936,147.430,0.199029
1968ms,1968,147.265,0.198765
2000ms,2000,147.176,0.198542
2032ms,2032,147.170,0.199520
2064ms,2064,146.946,0.198277
2112ms,2112,146.771,0.200706
2143ms,2143,146.783,0.201134
2175ms,2175,146.614,0.200760
2208ms,2208,146.760,0.199610
2240ms,2240,146.701,0.199330
2272ms,2272,146.556,0.199287
2304ms,2304,146.659,0.198823
2336ms,2336,146.761,0.198467
2368ms,2368,146.707,0.198213
2400ms,2400,146.869,0.198508
2432ms,2432,146.983,0.199070
2479ms,2479,147.183,0.199613
2512ms,2512,147.375,0.198459
2543ms,2543,147.695,0.198817
2576ms,2576,147.763,0.198653
2608ms,2608,147.809,0.199656
2671ms,2671,148.490,0.199969
2704ms,2704,148.762,0.200317
2736ms,2736,149.206,0.200953
2768ms,2768,149.323,0.201464
2800ms,2800,149.731,0.201630
2832ms,2832,150.082,0.202467
2879ms,2879,150.182,0.202679
2911ms,2911,150.206,0.202358
2976ms,2976,150.131,0.202491
3008ms,3008,150.207,0.202150
3040ms,3040,150.092,0.202103
3072ms,3072,150.137,0.201966
3104ms,3104,150.182,0.202021
3136ms,3136,150.115,0.201779
3168ms,3168,150.161,0.201794
3200ms,3200,150.203,0.202128
3248ms,3248,150.135,0.202355
3279ms,3279,149.604,0.201746
3312ms,3312,149.065,0.201193
3344ms,3344,148.572,0.200556
3375ms,3375,148.224,0.199726
3408ms,3408,147.762,0.200366
3440ms,3440,147.342,0.199658
3504ms,3504,147.002,0.198415
3536ms,3536,146.982,0.198339
3568ms,3568,146.676,0.198410
3647ms,3647,146.761,0.202581
3679ms,3679,146.770,0.201932
3712ms,3712,146.466,0.201129
3744ms,3744,146.481,0.199183
3776ms,3776,146.548,0.198245
3808ms,3808,146.621,0.198825
3840ms,3840,146.665,0.197771
3872ms,3872,146.938,0.198329
3904ms,3904,147.048,0.198108
3936ms,3936,147.131,0.199151
3968ms,3968,147.235,0.198350
4016ms,4016,147.445,0.199053
4048ms,4048,147.490,0.199466
4080ms,4080,147.898,0.198583
4112ms,4112,147.915,0.199334
4144ms,4144,148.187,0.199654
4176ms,4176,148.614,0.200383
4208ms,4208,148.952,0.200845
4240ms,4240,149.281,0.201222
4272ms,4272,149.571,0.201964
4304ms,4304,149.919,0.202018
4336ms,4336,150.067,0.202430
4383ms,4383,150.026,0.202437
4415ms,4415,150.104,0.202418
4448ms,4448,150.112,0.202097
4480ms,4480,150.134,0.202697
4512ms,4512,150.151,0.202325
4544ms,4544,150.115,0.202567
4576ms,4576,150.185,0.202234
4608ms,4608,150.148,0.202501
4640ms,4640,150.089,0.202275
4672ms,4672,150.140,0.202158
4704ms,4704,150.246,0.202148
4751ms,4751,149.916,0.202369
4784ms,4784,149.255,0.201476
4816ms,4816,148.897,0.200929
4848ms,4848,148.284,0.200958
4880ms,4880,148.097,0.200004
4912ms,4912,147.616,0.199207
4944ms,4944,147.356,0.199375
4976ms,4976,146.976,0.199172
5008ms,5008,146.871,0.198267
5040ms,5040,146.840,0.199296
5072ms,5072,146.470,0.200569
5104ms,5104,146.758,0.200325
5151ms,5151,146.694,0.199779
5184ms,5184,146.757,0.200816
5248ms,5248,146.424,0.198585
5279ms,5279,146.551,0.198714
5312ms,5312,146.690,0.199850
5344ms,5344,146.771,0.197679
5376ms,5376,146.829,0.198602
5408ms,5408,146.961,0.199257
5440ms,5440,147.193,0.199999
5472ms,5472,147.273,0.198121
5551ms,5551,147.751,0.198577
5583ms,5583,147.860,0.199304
5616ms,5616,148.045,0.200035
5648ms,5648,148.388,0.200029
5680ms,5680,148.668,0.200217
5712ms,5712,149.133,0.200770
5744ms,5744,149.412,0.201854
5776ms,5776,149.523,0.202512
5808ms,5808,150.022,0.201760
5840ms,5840,150.123,0.202503
5872ms,5872,150.061,0.202474
5919ms,5919,150.098,0.201983
5952ms,5952,150.084,0.202258
5984ms,5984,150.124,0.202524
6016ms,6016,150.088,0.202688
6048ms,6048,150.178,0.202413
6079ms,6079,150.165,0.202691
6112ms,6112,150.000,0.202056
6144ms,6144,150.105,0.202373
6176ms,6176,150.111,0.202454
6208ms,6208,150.198,0.202559
6240ms,6240,149.615,0.202287
6288ms,6288,149.241,0.201154
6320ms,6320,148.792,0.200432
6352ms,6352,148.245,0.200563
6384ms,6384,147.899,0.199055
6416ms,6416,147.604,0.199143
6448ms,6448,147.092,0.199096
6480ms,6480,147.106,0.198636
6512ms,6512,147.276,0.199861
6544ms,6544,146.695,0.198857
6576ms,6576,146.682,0.200247
6608ms,6608,146.720,0.202116
6655ms,6655,146.560,0.200984
6752ms,6752,146.606,0.198560
6783ms,6783,146.582,0.198334
6816ms,6816,146.669,0.198146
6848ms,6848,146.677,0.198291
6880ms,6880,146.866,0.198066
6912ms,6912,147.130,0.197985
6944ms,6944,147.170,0.198539
7007ms,7007,147.531,0.198324
7055ms,7055,147.727,0.199108
7087ms,7087,147.934,0.200074
7119ms,7119,147.986,0.200237
7151ms,7151,148.405,0.200288
7184ms,7184,148.889,0.200933
7215ms,7215,149.211,0.201408
7247ms,7247,149.388,0.201552
7279ms,7279,149.853,0.202472
7311ms,7311,150.127,0.202638
7344ms,7344,150.123,0.202547
7376ms,7376,150.064,0.202519
7423ms,7423,150.185,0.202807
7455ms,7455,150.038,0.202250
7488ms,7488,150.128,0.202096
7520ms,7520,150.089,0.202263
7551ms,7551,150.026,0.202526
7584ms,7584,150.125,0.202598
7616ms,7616,150.176,0.202563
7680ms,7680,150.087,0.202769
7743ms,7743,149.450,0.201968
7791ms,7791,149.076,0.202184
7824ms,7824,148.441,0.200473
7856ms,7856,148.150,0.199874
7888ms,7888,147.683,0.199501
7920ms,7920,147.283,0.199020
7952ms,7952,147.083,0.198914
7984ms,7984,146.974,0.199153
8016ms,8016,146.817,0.199276
8048ms,8048,146.689,0.199060
8080ms,8080,146.526,0.198207
8112ms,8112,146.537,0.201399
8159ms,8159,146.767,0.200091
8192ms,8192,146.657,0.200457
8223ms,8223,146.467,0.199985
8256ms,8256,146.513,0.198127
8288ms,8288,146.763,0.198164
8319ms,8319,146.795,0.197982
8352ms,8352,146.650,0.198421
8384ms,8384,146.884,0.198615
8416ms,8416,147.142,0.199892
8448ms,8448,147.402,0.198338
8480ms,8480,147.536,0.199260
8512ms,8512,147.800,0.198624
8559ms,8559,147.751,0.199273
8591ms,8591,148.031,0.199569
8624ms,8624,148.322,0.199798
8656ms,8656,148.730,0.199961
8688ms,8688,149.096,0.201165
8720ms,8720,149.385,0.201496
8752ms,8752,149.750,0.201533
8784ms,8784,149.995,0.202096
8816ms,8816,150.118,0.202794
8848ms,8848,150.106,0.202237
8880ms,8880,150.087,0.202491
8927ms,8927,150.066,0.201969
8960ms,8960,150.169,0.201946
8992ms,8992,150.175,0.202479
9024ms,9024,149.984,0.202589
9056ms,9056,150.045,0.202226
9088ms,9088,149.967,0.202035
9152ms,9152,150.057,0.202696
9184ms,9184,149.998,0.202433
9216ms,9216,149.589,0.201717
9248ms,9248,149.068,0.201490
9280ms,9280,148.649,0.200489
9327ms,9327,148.296,0.200484
9359ms,9359,147.864,0.199915
9392ms,9392,147.314,0.199414
9424ms,9424,147.046,0.198310
9456ms,9456,147.088,0.198351
9487ms,9487,147.019,0.198037
9520ms,9520,146.617,0.198392
9584ms,9584,146.587,0.203488
9616ms,9616,146.655,0.200819
9648ms,9648,146.537,0.200339
9695ms,9695,146.430,0.200133
9759ms,9759,146.712,0.197916
9823ms,9823,146.795,0.197957
9856ms,9856,147.006,0.197682
9888ms,9888,147.062,0.200440
9920ms,9920,147.164,0.198929
9952ms,9952,147.332,0.199352
9984ms,9984,147.432,0.198259
10016ms,10016,147.758,0.199298
10063ms,10063,148.014,0.199462
10095ms,10095,148.090,0.199606
10127ms,10127,148.517,0.200736
10191ms,10191,149.156,0.201485
10224ms,10224,149.664,0.202194
10256ms,10256,149.792,0.202126
10288ms,10288,150.157,0.202121
10320ms,10320,149.981,0.202227
10352ms,10352,150.026,0.202371
10384ms,10384,149.996,0.202083
10416ms,10416,150.065,0.202491
10464ms,10464,150.213,0.202429
10496ms,10496,149.906,0.202258
10528ms,10528,149.955,0.202650
10559ms,10559,150.010,0.202565
10591ms,10591,150.090,0.202392
10624ms,10624,150.081,0.202187
10656ms,10656,149.992,0.202615
10688ms,10688,149.841,0.202054
10719ms,10719,149.499,0.201305
10752ms,10752,148.925,0.200966
10784ms,10784,148.389,0.200709
10831ms,10831,147.867,0.199477
10863ms,10863,147.778,0.199413
10895ms,10895,147.217,0.198486
10928ms,10928,146.952,0.198095
10959ms,10959,146.985,0.199534
10992ms,10992,146.847,0.198295
11024ms,11024,146.518,0.200263
11056ms,11056,146.716,0.198383
11088ms,11088,146.650,0.198523
11120ms,11120,146.597,0.199943
11152ms,11152,146.678,0.199204
11199ms,11199,146.643,0.198269
11231ms,11231,146.613,0.197780
11264ms,11264,146.575,0.198378
11296ms,11296,146.756,0.197847
11328ms,11328,146.688,0.198131
11360ms,11360,146.943,0.199306
11392ms,11392,147.010,0.199752
11424ms,11424,147.310,0.198778
11456ms,11456,147.604,0.199081
11488ms,11488,147.626,0.199166
11520ms,11520,147.873,0.200167
11552ms,11552,148.172,0.199683
11600ms,11600,148.335,0.200653
11632ms,11632,148.600,0.201165
11664ms,11664,149.075,0.201025
11695ms,11695,149.238,0.201329
11759ms,11759,149.935,0.201992
11792ms,11792,150.040,0.202254
11824ms,11824,150.123,0.202583
11856ms,11856,150.174,0.202178
11888ms,11888,150.072,0.201963
11920ms,11920,150.023,0.201929
11968ms,11968,150.064,0.202247
11999ms,11999,150.100,0.202247
12031ms,12031,150.086,0.202281
12064ms,12064,150.109,0.202455
12096ms,12096,150.052,0.202631
12128ms,12128,150.108,0.202910
12160ms,12160,150.007,0.203023
12192ms,12192,149.546,0.202151
12224ms,12224,149.187,0.201209
12256ms,12256,148.696,0.200746
12288ms,12288,148.180,0.200040
12336ms,12336,147.876,0.200053
12368ms,12368,147.359,0.199826
12400ms,12400,147.022,0.198646
12432ms,12432,147.178,0.198197
12464ms,12464,147.191,0.198065
12496ms,12496,146.581,0.198900
12559ms,12559,146.683,0.202121
12592ms,12592,146.619,0.202324
12624ms,12624,146.494,0.199994
12656ms,12656,146.520,0.199244
12688ms,12688,146.482,0.197673
12736ms,12736,146.623,0.198139
12768ms,12768,146.678,0.197296
12800ms,12800,146.605,0.198136
12832ms,12832,146.770,0.197760
12864ms,12864,146.995,0.198622
12896ms,12896,147.216,0.198945
12959ms,12959,147.591,0.198432
12992ms,12992,147.699,0.198658
13024ms,13024,148.033,0.199529
13056ms,13056,148.203,0.199481
13103ms,13103,148.517,0.200353
13136ms,13136,148.721,0.201173
13168ms,13168,149.188,0.200736
13200ms,13200,149.565,0.201690
13231ms,13231,149.743,0.201888
13264ms,13264,149.950,0.202289
13296ms,13296,150.078,0.202583
13328ms,13328,150.087,0.202592
13360ms,13360,150.098,0.202254
13392ms,13392,150.123,0.202575
13424ms,13424,150.111,0.202044
13472ms,13472,150.080,0.202176
13503ms,13503,150.087,0.202186
13536ms,13536,150.115,0.202447
13567ms,13567,149.981,0.202481
13599ms,13599,150.077,0.202708
13632ms,13632,150.047,0.202607
13664ms,13664,149.875,0.202855
13696ms,13696,149.332,0.202447
13728ms,13728,148.937,0.201152
13760ms,13760,148.402,0.200695
13792ms,13792,148.145,0.200219
13824ms,13824,147.698,0.199593
13872ms,13872,147.306,0.198812
13903ms,13903,147.177,0.198537
13967ms,13967,146.622,0.198931
14032ms,14032,146.620,0.198724
14064ms,14064,146.568,0.203581
14096ms,14096,146.686,0.199860
14128ms,14128,146.628,0.199325
14160ms,14160,146.325,0.199670
14192ms,14192,146.592,0.198490
14240ms,14240,146.577,0.198462
14272ms,14272,146.854,0.198290
14303ms,14303,146.757,0.197883
14336ms,14336,146.939,0.199070
14368ms,14368,147.238,0.198763
14400ms,14400,147.148,0.198046
14432ms,14432,147.381,0.198100
14464ms,14464,147.678,0.198639
14496ms,14496,147.824,0.199046
14528ms,14528,147.905,0.199590
14560ms,14560,148.364,0.199961
14608ms,14608,148.668,0.200782
14639ms,14639,148.952,0.200791
14671ms,14671,149.254,0.201771
14703ms,14703,149.712,0.202106
14736ms,14736,149.894,0.202134
14767ms,14767,150.072,0.202878
14800ms,14800,149.992,0.202348
14832ms,14832,150.007,0.202599
14864ms,14864,150.101,0.202273
14896ms,14896,149.985,0.202202
14928ms,14928,149.978,0.202046
14960ms,14960,150.071,0.202105
15007ms,15007,150.063,0.202150
15039ms,15039,150.107,0.202223
15072ms,15072,150.057,0.202365
15104ms,15104,150.016,0.202663
15136ms,15136,150.052,0.202519
15168ms,15168,149.533,0.202038
15200ms,15200,149.172,0.201987
15232ms,15232,148.667,0.200736
15264ms,15264,148.149,0.201026
15296ms,15296,147.885,0.199480
15328ms,15328,147.577,0.198900
15375ms,15375,147.169,0.198309
15407ms,15407,147.012,0.199274
15439ms,15439,147.072,0.200025
15472ms,15472,146.656,0.198327
15504ms,15504,146.613,0.200527
15536ms,15536,146.663,0.201674
15568ms,15568,146.673,0.200112
15600ms,15600,146.683,0.198053
15632ms,15632,146.609,0.200002
15664ms,15664,146.606,0.197625
15696ms,15696,146.611,0.198468
15728ms,15728,146.622,0.198003
15775ms,15775,146.665,0.199158
15808ms,15808,146.777,0.197463
15839ms,15839,147.019,0.198321
15872ms,15872,147.184,0.198400
15904ms,15904,147.286,0.198868
15936ms,15936,147.414,0.198504
15968ms,15968,147.631,0.198671
16000ms,16000,147.954,0.199867
16064ms,16064,148.585,0.200655
16096ms,16096,148.761,0.200620
16143ms,16143,149.138,0.201063
16175ms,16175,149.475,0.201920
16207ms,16207,149.662,0.202313
16240ms,16240,149.973,0.202256
16272ms,16272,150.031,0.201958
16304ms,16304,150.109,0.202026
16336ms,16336,150.042,0.202216
16368ms,16368,150.036,0.202258
16400ms,16400,150.196,0.202441
16432ms,16432,150.128,0.202179
16464ms,16464,150.157,0.202231
16511ms,16511,150.060,0.202006
16543ms,16543,150.060,0.202464
16575ms,16575,150.062,0.202435
16608ms,16608,149.978,0.202466
16640ms,16640,149.891,0.202629
16672ms,16672,149.330,0.201835
16704ms,16704,149.062,0.200954
16736ms,16736,148.644,0.199885
16768ms,16768,148.097,0.199830
16800ms,16800,147.603,0.199784
16832ms,16832,147.304,0.199311
16864ms,16864,147.067,0.198266
16912ms,16912,147.019,0.198439
16944ms,16944,146.911,0.198581
16976ms,16976,146.588,0.200909
17008ms,17008,146.489,0.199770
17040ms,17040,146.702,0.199690
17071ms,17071,146.430,0.200111
17104ms,17104,146.575,0.202272
17136ms,17136,146.405,0.198101
17168ms,17168,146.589,0.198126
17200ms,17200,146.690,0.197605
17232ms,17232,146.653,0.199485
17279ms,17279,146.786,0.198064
17312ms,17312,146.899,0.198922
17376ms,17376,147.248,0.198787
17408ms,17408,147.475,0.198887
17440ms,17440,147.724,0.199403
17472ms,17472,147.899,0.198979
17504ms,17504,148.075,0.199577
17536ms,17536,148.160,0.199810
17568ms,17568,148.637,0.200940
17600ms,17600,149.015,0.200952
17647ms,17647,149.132,0.202052
17679ms,17679,149.558,0.202005
17711ms,17711,149.829,0.202071
17744ms,17744,150.100,0.202540
17776ms,17776,150.033,0.203079
17808ms,17808,150.021,0.201992
17840ms,17840,150.048,0.202055
17872ms,17872,150.001,0.202072
17904ms,17904,149.961,0.202303
17936ms,17936,149.874,0.202354
17968ms,17968,150.100,0.202340
18000ms,18000,149.971,0.202199
18048ms,18048,149.977,0.202207
18079ms,18079,149.991,0.202592
18112ms,18112,149.890,0.202707
18144ms,18144,149.641,0.201836
18176ms,18176,149.316,0.201712
18208ms,18208,148.713,0.200888
18240ms,18240,148.165,0.200523
18272ms,18272,147.880,0.200029
18304ms,18304,147.529,0.198708
18336ms,18336,147.210,0.198835
18368ms,18368,147.039,0.198601
18447ms,18447,146.732,0.197751
18479ms,18479,146.637,0.199398
18512ms,18512,146.508,0.201172
18544ms,18544,146.663,0.201762
18576ms,18576,146.744,0.202075
18608ms,18608,146.640,0.201249
18640ms,18640,146.504,0.197783
18672ms,18672,146.696,0.198320
18704ms,18704,146.618,0.198792
18736ms,18736,146.765,0.197879
18783ms,18783,146.903,0.197445
18815ms,18815,147.001,0.198512
18848ms,18848,147.124,0.198940
18879ms,18879,147.234,0.198248
18912ms,18912,147.487,0.198592
18944ms,18944,147.562,0.198160
18976ms,18976,147.758,0.199520
19008ms,19008,148.082,0.199363
19040ms,19040,148.396,0.199796
19136ms,19136,149.393,0.201999
19184ms,19184,149.651,0.201989
19215ms,19215,149.912,0.201858
19248ms,19248,149.980,0.202466
19280ms,19280,149.987,0.203189
19312ms,19312,150.001,0.202589
19344ms,19344,150.012,0.202537
19376ms,19376,149.998,0.202185
19408ms,19408,149.814,0.202143
19440ms,19440,150.066,0.201719
19472ms,19472,149.996,0.202073
19504ms,19504,149.926,0.202146
19551ms,19551,150.019,0.202507
19583ms,19583,150.060,0.202329
19615ms,19615,149.998,0.202719
19648ms,19648,149.494,0.201626
19680ms,19680,149.073,0.200932
19712ms,19712,148.700,0.200458
19744ms,19744,148.188,0.200344
19807ms,19807,147.532,0.199410
19840ms,19840,147.154,0.198313
19872ms,19872,147.134,0.198573
19919ms,19919,147.151,0.198387
19951ms,19951,146.630,0.198040
19983ms,19983,146.564,0.199816
20015ms,20015,146.657,0.198870
20047ms,20047,146.731,0.201503
20080ms,20080,146.613,0.202979
20112ms,20112,146.520,0.201167
20144ms,20144,146.569,0.197906
20176ms,20176,146.665,0.197701
20208ms,20208,146.669,0.197635
20240ms,20240,146.670,0.197838
20272ms,20272,146.855,0.197789
20319ms,20319,147.073,0.198704
20351ms,20351,147.260,0.198475
20384ms,20384,147.481,0.197851
20416ms,20416,147.476,0.197852
20448ms,20448,147.646,0.198961
20480ms,20480,148.003,0.199177
20512ms,20512,148.177,0.199173
20544ms,20544,148.473,0.200131
20576ms,20576,148.791,0.200844
20608ms,20608,149.175,0.201305
20640ms,20640,149.538,0.201410
20688ms,20688,149.658,0.202157
20719ms,20719,149.929,0.201733
20751ms,20751,149.862,0.201965
20783ms,20783,149.988,0.202340
20816ms,20816,150.091,0.202370
20848ms,20848,150.044,0.202002
20880ms,20880,150.023,0.202025
20912ms,20912,149.896,0.202120
20944ms,20944,149.869,0.202281
20976ms,20976,149.927,0.202064
21008ms,21008,150.012,0.201918
21040ms,21040,150.053,0.202179
21088ms,21088,150.025,0.202334
21119ms,21119,149.825,0.201977
21183ms,21183,148.877,0.201133
21216ms,21216,148.302,0.200390
21248ms,21248,147.976,0.200038
21280ms,21280,147.622,0.199397
21312ms,21312,147.232,0.198541
21344ms,21344,146.886,0.198913
21376ms,21376,147.040,0.198370
21408ms,21408,146.827,0.197968
21456ms,21456,146.569,0.198803
21488ms,21488,146.644,0.199451
21519ms,21519,146.362,0.201822
21551ms,21551,146.659,0.200047
21616ms,21616,146.459,0.199500
21648ms,21648,146.467,0.197976
21680ms,21680,146.756,0.198367
21712ms,21712,146.722,0.197521
21744ms,21744,146.618,0.197918
21776ms,21776,146.880,0.199325
21824ms,21824,147.119,0.199032
21856ms,21856,147.399,0.198272
21888ms,21888,147.468,0.198109
21920ms,21920,147.645,0.200109
21952ms,21952,147.854,0.199418
21984ms,21984,148.035,0.199693
22016ms,22016,148.394,0.199999
22048ms,22048,148.621,0.201034
22080ms,22080,149.005,0.201227
22112ms,22112,149.260,0.201740
22144ms,22144,149.739,0.202254
22191ms,22191,149.907,0.201882
22223ms,22223,149.970,0.202775
22255ms,22255,150.032,0.202296
22287ms,22287,150.044,0.201935
22320ms,22320,149.994,0.201916
22351ms,22351,149.972,0.201791
22384ms,22384,149.919,0.201472
22416ms,22416,149.958,0.201674
22448ms,22448,149.993,0.201780
22480ms,22480,150.061,0.201852
22512ms,22512,150.052,0.202244
22544ms,22544,150.117,0.202463
22592ms,22592,150.049,0.202725
22655ms,22655,149.324,0.200736
22688ms,22688,148.688,0.200701
22720ms,22720,148.167,0.200422
22752ms,22752,147.995,0.198998
22784ms,22784,147.348,0.198696
22816ms,22816,147.119,0.198142
22848ms,22848,147.062,0.198117
22880ms,22880,147.200,0.198139
22912ms,22912,146.663,0.198196
22959ms,22959,146.599,0.203131
22992ms,22992,146.737,0.202916
23024ms,23024,146.681,0.200416
23055ms,23055,146.583,0.198237
23088ms,23088,146.532,0.199001
23120ms,23120,146.614,0.197728
23152ms,23152,146.760,0.197839
23184ms,23184,146.663,0.197647
23216ms,23216,146.639,0.197684
23248ms,23248,146.867,0.197997
23280ms,23280,147.011,0.197801
23327ms,23327,147.236,0.198981
23359ms,23359,147.440,0.198686
23391ms,23391,147.611,0.198383
23424ms,23424,147.728,0.199126
23455ms,23455,147.980,0.199107
23488ms,23488,148.077,0.199136
23520ms,23520,148.450,0.200163
23552ms,23552,148.769,0.201367
23584ms,23584,149.103,0.201212
23616ms,23616,149.509,0.201720
23679ms,23679,150.102,0.201991
23728ms,23728,149.879,0.201936
23759ms,23759,149.898,0.202135
23791ms,23791,150.059,0.202141
23823ms,23823,149.986,0.202254
23856ms,23856,149.963,0.201600
23888ms,23888,150.056,0.201817
23920ms,23920,150.022,0.201663
23952ms,23952,150.034,0.201674
23984ms,23984,150.016,0.201765
24016ms,24016,150.084,0.202278
24048ms,24048,149.985,0.202404
24095ms,24095,149.832,0.201897
24128ms,24128,149.281,0.201605
24159ms,24159,148.793,0.200921
24191ms,24191,148.360,0.200542
24224ms,24224,148.000,0.199850
24256ms,24256,147.709,0.199415
24288ms,24288,147.382,0.199127
24320ms,24320,147.091,0.198622
24352ms,24352,147.050,0.198794
24384ms,24384,146.753,0.198650
24416ms,24416,146.452,0.201943
24463ms,24463,146.720,0.199764
24495ms,24495,146.547,0.199615
24528ms,24528,146.635,0.198876
24592ms,24592,146.444,0.200301
24624ms,24624,146.586,0.198258
24656ms,24656,146.621,0.198214
24688ms,24688,146.762,0.198284
24720ms,24720,146.807,0.198345
24752ms,24752,147.056,0.198257
24784ms,24784,147.206,0.198482
24863ms,24863,147.330,0.198102
24895ms,24895,147.662,0.198696
24927ms,24927,147.862,0.198409
24960ms,24960,148.096,0.199651
24992ms,24992,148.174,0.199821
25024ms,25024,148.683,0.200806
25056ms,25056,148.982,0.200701
25088ms,25088,149.261,0.201098
25120ms,25120,149.521,0.201814
25152ms,25152,149.892,0.201951
25184ms,25184,150.053,0.202502
25232ms,25232,150.024,0.203377
25264ms,25264,150.010,0.202354
25295ms,25295,149.988,0.202275
25328ms,25328,150.125,0.201834
25360ms,25360,150.046,0.202267
25391ms,25391,150.014,0.201614
25423ms,25423,149.959,0.201865
25456ms,25456,149.859,0.202056
25488ms,25488,150.018,0.202357
25519ms,25519,150.042,0.202615
25552ms,25552,150.031,0.202348
25584ms,25584,149.778,0.202280
25632ms,25632,149.292,0.201801
25663ms,25663,148.812,0.200828
25696ms,25696,148.412,0.200489
25728ms,25728,147.916,0.200049
25760ms,25760,147.616,0.199102
25792ms,25792,147.300,0.198615
25824ms,25824,146.880,0.200376
25856ms,25856,146.979,0.198619
25888ms,25888,146.772,0.198554
25920ms,25920,146.697,0.199163
25952ms,25952,146.554,0.197860
25999ms,25999,146.656,0.200162
26031ms,26031,146.711,0.198292
26063ms,26063,146.564,0.199503
26096ms,26096,146.388,0.199917
26128ms,26128,146.499,0.197836
26160ms,26160,146.580,0.198138
26192ms,26192,146.749,0.197511
26224ms,26224,146.646,0.197983
26256ms,26256,146.989,0.198775
26288ms,26288,147.148,0.197912
26320ms,26320,147.271,0.198726
26368ms,26368,147.473,0.198498
26399ms,26399,147.719,0.198814
26431ms,26431,147.881,0.199305
26464ms,26464,148.025,0.199719
26496ms,26496,148.300,0.199868
26528ms,26528,148.576,0.200491
26559ms,26559,149.131,0.200721
26592ms,26592,149.249,0.201575
26624ms,26624,149.707,0.201920
26688ms,26688,150.093,0.202437
26720ms,26720,150.146,0.202548
26800ms,26800,150.160,0.202237
26832ms,26832,150.145,0.202375
26864ms,26864,150.075,0.202892
26896ms,26896,150.004,0.201931
26928ms,26928,149.978,0.201836
26960ms,26960,149.925,0.202037
26992ms,26992,150.127,0.203247
27056ms,27056,150.052,0.202793
27088ms,27088,149.572,0.202183
27136ms,27136,149.192,0.201587
27167ms,27167,148.801,0.200396
27200ms,27200,148.168,0.200250
27232ms,27232,147.832,0.199355
27264ms,27264,147.365,0.199610
27296ms,27296,147.223,0.198450
27328ms,27328,146.988,0.199240
27360ms,27360,147.018,0.199009
27391ms,27391,146.670,0.197775
27456ms,27456,146.552,0.199445
27503ms,27503,146.517,0.201531
27535ms,27535,146.663,0.198555
27567ms,27567,146.516,0.200029
27600ms,27600,146.463,0.197903
27632ms,27632,146.654,0.198085
27664ms,27664,146.689,0.197531
27696ms,27696,146.769,0.198009
27728ms,27728,146.852,0.197958
27760ms,27760,147.049,0.198309
27792ms,27792,147.166,0.198774
27824ms,27824,147.306,0.198445
27856ms,27856,147.510,0.198456
27903ms,27903,147.734,0.199214
27935ms,27935,147.959,0.199378
27968ms,27968,148.125,0.199601
28000ms,28000,148.536,0.200295
28032ms,28032,148.786,0.201173
28063ms,28063,149.185,0.201391
28096ms,28096,149.546,0.202198
28128ms,28128,149.856,0.201698
28160ms,28160,149.956,0.202273
28192ms,28192,150.001,0.202183
28224ms,28224,150.051,0.201854
28271ms,28271,150.002,0.201707
28303ms,28303,150.020,0.201706
28335ms,28335,150.009,0.201692
28367ms,28367,149.940,0.201843
28400ms,28400,150.015,0.202164
28463ms,28463,149.959,0.201828
28496ms,28496,149.961,0.201863
28528ms,28528,150.118,0.201854
28559ms,28559,149.690,0.202049
28592ms,28592,149.284,0.201720
28639ms,28639,148.896,0.201363
28671ms,28671,148.405,0.200208
28703ms,28703,147.915,0.200222
28736ms,28736,147.607,0.199326
28768ms,28768,147.281,0.198902
28800ms,28800,146.866,0.198593
28831ms,28831,147.084,0.199140
28864ms,28864,146.789,0.199622
28896ms,28896,146.629,0.198645
28928ms,28928,146.611,0.199986
28960ms,28960,146.305,0.201679
28992ms,28992,146.740,0.199208
29071ms,29071,146.482,0.199819
29104ms,29104,146.500,0.197892
29136ms,29136,146.656,0.197510
29168ms,29168,146.812,0.198193
29200ms,29200,146.707,0.197738
29232ms,29232,146.885,0.199057
29264ms,29264,147.124,0.198745
29296ms,29296,147.357,0.198668
29328ms,29328,147.511,0.197800
29360ms,29360,147.605,0.198436
29407ms,29407,147.864,0.199818
29439ms,29439,147.984,0.199327
29471ms,29471,148.361,0.200400
29504ms,29504,148.572,0.201333
29536ms,29536,148.982,0.201070
29568ms,29568,149.278,0.202263
29600ms,29600,149.634,0.202201
29632ms,29632,149.853,0.201865
29664ms,29664,149.873,0.203322
29696ms,29696,149.939,0.202624
29728ms,29728,149.902,0.201995
29760ms,29760,149.994,0.201926
29807ms,29807,149.966,0.201531
29839ms,29839,150.008,0.201961
29872ms,29872,150.097,0.202104
29935ms,29935,150.102,0.202079
29968ms,29968,150.043,0.202111
29999ms,29999,150.025,0.202074
30032ms,30032,149.892,0.202247
30064ms,30064,149.582,0.201529
30096ms,30096,149.120,0.201341
30128ms,30128,148.624,0.200617
30175ms,30175,148.030,0.200431
30207ms,30207,148.046,0.200125
30239ms,30239,147.476,0.199627
30272ms,30272,146.985,0.198355
30304ms,30304,146.963,0.198801
30336ms,30336,146.939,0.198557
30368ms,30368,146.482,0.198275
30400ms,30400,146.535,0.200294
30432ms,30432,146.601,0.203301
30464ms,30464,146.611,0.199209
30496ms,30496,146.596,0.198506
30543ms,30543,146.472,0.199603
30576ms,30576,146.455,0.198205
30608ms,30608,146.700,0.200020
30640ms,30640,146.719,0.197849
30672ms,30672,146.626,0.198192
30704ms,30704,146.847,0.197531
30736ms,30736,147.023,0.198980
30768ms,30768,147.210,0.198120
30800ms,30800,147.332,0.198321
30832ms,30832,147.500,0.198756
30864ms,30864,147.718,0.199020
30911ms,30911,148.016,0.199578
30944ms,30944,148.260,0.199420
30976ms,30976,148.415,0.200527
31008ms,31008,148.816,0.201147
31040ms,31040,149.219,0.201033
31072ms,31072,149.429,0.202153
31104ms,31104,149.706,0.201642
31136ms,31136,149.926,0.202288
31168ms,31168,149.851,0.203196
31200ms,31200,149.999,0.201988
31232ms,31232,150.060,0.201787
31264ms,31264,150.075,0.201828
31311ms,31311,150.033,0.201674
31343ms,31343,149.878,0.201522
31407ms,31407,149.960,0.202166
31439ms,31439,150.107,0.202086
31472ms,31472,150.069,0.202642
31504ms,31504,150.099,0.202518
31536ms,31536,149.908,0.202044
31568ms,31568,149.220,0.201934
31600ms,31600,148.877,0.200763
31632ms,31632,148.433,0.200649
31679ms,31679,147.991,0.200068
31711ms,31711,147.650,0.199616
31744ms,31744,147.281,0.198992
31776ms,31776,147.214,0.199598
31808ms,31808,146.976,0.198456
31840ms,31840,146.684,0.199026
31872ms,31872,146.717,0.198057
31904ms,31904,146.537,0.198653
31936ms,31936,146.606,0.200910
31968ms,31968,146.762,0.200504
32000ms,32000,146.511,0.199567
32048ms,32048,146.504,0.199421
32079ms,32079,146.583,0.197677
32111ms,32111,146.563,0.196797
32143ms,32143,146.735,0.197673
32176ms,32176,146.721,0.197586
32208ms,32208,146.966,0.199006
32240ms,32240,147.168,0.197833
32272ms,32272,147.363,0.198903
32304ms,32304,147.479,0.198233
32368ms,32368,147.807,0.199327
32400ms,32400,148.163,0.199502
32447ms,32447,148.209,0.199725
32479ms,32479,148.722,0.200381
32511ms,32511,149.073,0.200922
32543ms,32543,149.182,0.201673
32576ms,32576,149.637,0.201712
32608ms,32608,149.777,0.201743
32640ms,32640,149.837,0.202417
32672ms,32672,149.922,0.202037
32704ms,32704,149.906,0.202058
32736ms,32736,149.876,0.202147
32768ms,32768,149.841,0.202121
32815ms,32815,149.902,0.202209
32847ms,32847,150.073,0.201954
32879ms,32879,149.983,0.201983
32911ms,32911,149.936,0.201616
32944ms,32944,149.920,0.202128
32976ms,32976,149.912,0.202342
33008ms,33008,149.902,0.202269
33040ms,33040,149.565,0.201597
33072ms,33072,149.225,0.201701
33104ms,33104,148.749,0.200821
33136ms,33136,148.209,0.199497
33183ms,33183,147.862,0.199535
33215ms,33215,147.342,0.199717
33247ms,33247,147.056,0.198501
33279ms,33279,146.929,0.199425
33312ms,33312,146.885,0.198088
33344ms,33344,146.669,0.197846
33376ms,33376,146.654,0.201019
33408ms,33408,146.649,0.200432
33440ms,33440,146.655,0.200861
33472ms,33472,146.645,0.199454
33536ms,33536,146.383,0.198314
33583ms,33583,146.560,0.198482
33616ms,33616,146.652,0.197656
33647ms,33647,146.709,0.198105
33680ms,33680,146.749,0.197772
33712ms,33712,146.987,0.198312
33744ms,33744,147.227,0.198887
33776ms,33776,147.297,0.198334
33808ms,33808,147.660,0.198782
33840ms,33840,147.684,0.198896
33872ms,33872,147.820,0.198938
33904ms,33904,147.992,0.199431
33951ms,33951,148.339,0.199916
33983ms,33983,148.772,0.200719
34015ms,34015,149.085,0.200898
34048ms,34048,149.327,0.201527
34080ms,34080,149.709,0.201935
34112ms,34112,149.888,0.202158
34175ms,34175,150.009,0.202038
34208ms,34208,149.911,0.201913
34240ms,34240,149.956,0.202138
34272ms,34272,149.886,0.202068
34304ms,34304,149.991,0.201950
34351ms,34351,149.931,0.202119
34384ms,34384,149.962,0.202002
34416ms,34416,149.971,0.201607
34447ms,34447,149.923,0.202015
34480ms,34480,149.925,0.203007
34512ms,34512,149.894,0.202478
34544ms,34544,149.325,0.202501
34576ms,34576,149.060,0.201469
34608ms,34608,148.379,0.200276
34640ms,34640,148.040,0.199774
34672ms,34672,147.573,0.199294
34719ms,34719,147.274,0.198848
34751ms,34751,146.988,0.198690
34783ms,34783,146.845,0.198595
34816ms,34816,146.680,0.199528
34848ms,34848,146.551,0.198184
34880ms,34880,146.595,0.198333
34912ms,34912,146.564,0.202549
34944ms,34944,146.523,0.200062
34976ms,34976,146.474,0.199852
35008ms,35008,146.453,0.200005
35040ms,35040,146.668,0.197789
35088ms,35088,146.646,0.197825
35120ms,35120,146.763,0.198807
35151ms,35151,146.736,0.198134
35183ms,35183,146.924,0.198532
35216ms,35216,147.121,0.199128
35248ms,35248,147.301,0.198623
35280ms,35280,147.521,0.198176
35312ms,35312,147.743,0.198648
35344ms,35344,147.829,0.199394
35376ms,35376,148.050,0.199530
35408ms,35408,148.343,0.199581
35440ms,35440,148.616,0.200216
35488ms,35488,149.121,0.201275
35519ms,35519,149.308,0.201580
35551ms,35551,149.723,0.201995
35584ms,35584,149.892,0.201966
35647ms,35647,150.022,0.201902
35680ms,35680,150.077,0.201798
35712ms,35712,150.035,0.201968
35744ms,35744,150.023,0.201946
35776ms,35776,149.953,0.201862
35808ms,35808,149.973,0.202352
35855ms,35855,149.954,0.201985
35887ms,35887,149.917,0.202014
35919ms,35919,149.928,0.202410
35952ms,35952,150.045,0.202228
35984ms,35984,149.983,0.202293
36016ms,36016,149.589,0.202140
36048ms,36048,149.193,0.201244
36080ms,36080,148.710,0.200855
36112ms,36112,148.153,0.200162
36144ms,36144,147.967,0.199734
36176ms,36176,147.371,0.198936
36223ms,36223,147.116,0.198499
36255ms,36255,146.894,0.198362
36319ms,36319,146.643,0.198828
36384ms,36384,146.724,0.202235
36416ms,36416,146.748,0.200354
36448ms,36448,146.504,0.201408
36480ms,36480,146.485,0.202434
36512ms,36512,146.571,0.198382
36544ms,36544,146.677,0.197886
36576ms,36576,146.540,0.197935
36623ms,36623,146.672,0.198797
36655ms,36655,146.776,0.197500
36688ms,36688,146.896,0.198401
36719ms,36719,147.172,0.198399
36752ms,36752,147.433,0.198537
36784ms,36784,147.539,0.198269
36816ms,36816,147.697,0.199107
36848ms,36848,147.996,0.199305
36880ms,36880,148.124,0.199524
36912ms,36912,148.530,0.200137
36944ms,36944,148.708,0.201400
36991ms,36991,149.095,0.200861
37024ms,37024,149.409,0.201377
37056ms,37056,149.846,0.201693
37088ms,37088,150.060,0.201911
37119ms,37119,149.907,0.202513
37152ms,37152,149.954,0.202100
37183ms,37183,149.950,0.202237
37216ms,37216,149.892,0.202175
37248ms,37248,149.918,0.201865
37280ms,37280,150.064,0.201614
37312ms,37312,150.050,0.202139
37359ms,37359,150.057,0.202070
37391ms,37391,149.836,0.201913
37423ms,37423,149.890,0.202048
37488ms,37488,149.855,0.202023
37519ms,37519,149.332,0.201872
37551ms,37551,148.881,0.201255
37584ms,37584,148.494,0.200152
37616ms,37616,147.905,0.199772
37648ms,37648,147.618,0.199812
37680ms,37680,147.228,0.198656
37712ms,37712,147.117,0.198761
37759ms,37759,146.976,0.198648
37791ms,37791,146.717,0.197843
37823ms,37823,146.418,0.200056
37856ms,37856,146.633,0.198568
37888ms,37888,146.679,0.202376
37920ms,37920,146.666,0.200798
37952ms,37952,146.507,0.201551
37984ms,37984,146.368,0.199995
38016ms,38016,146.473,0.198525
38320ms,38320,147.807,0.199164
38352ms,38352,148.119,0.199038
38384ms,38384,148.274,0.199496
38416ms,38416,148.591,0.200617
38448ms,38448,149.008,0.201571
38495ms,38495,149.327,0.201600
38527ms,38527,149.685,0.202007
38559ms,38559,149.824,0.201819
38591ms,38591,149.989,0.202488
38624ms,38624,149.990,0.202070
38656ms,38656,149.914,0.202035
38688ms,38688,149.890,0.201809
38719ms,38719,149.948,0.201823
38751ms,38751,149.900,0.202119
38784ms,38784,149.864,0.202478
38848ms,38848,149.853,0.201889
38895ms,38895,149.924,0.201811
38927ms,38927,149.981,0.201784
38959ms,38959,149.964,0.202080
38992ms,38992,149.503,0.201734
39023ms,39023,149.128,0.201491
39056ms,39056,148.803,0.200895
39088ms,39088,148.264,0.200041
39120ms,39120,147.879,0.198965
39152ms,39152,147.453,0.198774
39184ms,39184,147.088,0.198085
39216ms,39216,146.896,0.197715
39263ms,39263,146.967,0.198162
39295ms,39295,146.651,0.198004
39360ms,39360,146.703,0.201155
39392ms,39392,146.607,0.199588
39423ms,39423,146.718,0.200662
39456ms,39456,146.615,0.200056
39488ms,39488,146.394,0.199060
39520ms,39520,146.752,0.198340
39552ms,39552,146.555,0.197510
39584ms,39584,146.644,0.198639
39632ms,39632,146.747,0.197806
39663ms,39663,146.890,0.198024
39696ms,39696,147.280,0.198796
39728ms,39728,147.310,0.198798
39760ms,39760,147.498,0.197856
39792ms,39792,147.661,0.198598
39824ms,39824,147.941,0.199023
39856ms,39856,148.083,0.199293
39888ms,39888,148.516,0.200161
39920ms,39920,148.637,0.200874
39952ms,39952,149.111,0.201260
39984ms,39984,149.346,0.202146
40031ms,40031,149.794,0.202058
40063ms,40063,150.087,0.201920
40096ms,40096,150.028,0.201867
40128ms,40128,149.976,0.201723
40160ms,40160,149.945,0.202140
40192ms,40192,149.976,0.201766
40224ms,40224,149.940,0.201612
40256ms,40256,149.893,0.201840
40319ms,40319,149.909,0.201844
40352ms,40352,149.985,0.201762
40400ms,40400,149.903,0.202090
40431ms,40431,150.019,0.202772
40464ms,40464,149.840,0.202372
40496ms,40496,149.348,0.201977
40528ms,40528,148.868,0.201219
40560ms,40560,148.498,0.200399
40592ms,40592,147.984,0.199804
40624ms,40624,147.552,0.199135
40656ms,40656,147.322,0.198544
40688ms,40688,147.148,0.199196
40720ms,40720,147.015,0.198298
40767ms,40767,146.697,0.200630
40799ms,40799,146.402,0.197907
40864ms,40864,146.345,0.200081
40895ms,40895,146.643,0.200968
40928ms,40928,146.556,0.200931
40960ms,40960,146.418,0.201568
40992ms,40992,146.428,0.197512
41024ms,41024,146.708,0.197828
41056ms,41056,146.727,0.198494
41088ms,41088,146.749,0.197741
41120ms,41120,146.945,0.198536
41168ms,41168,147.087,0.198031
41199ms,41199,147.350,0.198373
41231ms,41231,147.436,0.198638
41264ms,41264,147.760,0.198985
41296ms,41296,147.761,0.199447
41328ms,41328,148.146,0.199319
41360ms,41360,148.287,0.199984
41392ms,41392,148.614,0.200888
41424ms,41424,148.898,0.200563
41456ms,41456,149.299,0.201568
41488ms,41488,149.647,0.201944
41536ms,41536,149.827,0.202154
41567ms,41567,150.014,0.202624
41600ms,41600,149.955,0.202289
41631ms,41631,149.950,0.202416
41664ms,41664,149.921,0.202001
41696ms,41696,150.012,0.202045
41728ms,41728,149.921,0.202589
41791ms,41791,149.945,0.202023
41824ms,41824,149.890,0.201825
41856ms,41856,149.887,0.201693
41888ms,41888,149.920,0.202263
41936ms,41936,149.978,0.201686
41968ms,41968,149.531,0.201740
42000ms,42000,149.137,0.201508
42032ms,42032,148.800,0.201195
42064ms,42064,148.180,0.199567
42095ms,42095,147.975,0.198996
42128ms,42128,147.424,0.198794
42160ms,42160,147.272,0.198465
42192ms,42192,147.118,0.198532
42224ms,42224,146.930,0.199380
42256ms,42256,146.604,0.198483
42303ms,42303,146.514,0.199677
42335ms,42335,146.699,0.200478
42367ms,42367,146.679,0.201568
42400ms,42400,146.558,0.197947
42432ms,42432,146.495,0.198708
42464ms,42464,146.448,0.197958
42496ms,42496,146.640,0.198932
42528ms,42528,146.654,0.198246
42560ms,42560,146.596,0.197802
42592ms,42592,146.806,0.198337
42624ms,42624,146.875,0.199076
42672ms,42672,147.352,0.200235
42704ms,42704,147.332,0.197829
42768ms,42768,147.646,0.198816
42800ms,42800,147.863,0.199011
42832ms,42832,148.177,0.199376
42864ms,42864,148.509,0.200389
42896ms,42896,148.797,0.201227
42928ms,42928,149.111,0.200856
42960ms,42960,149.515,0.202583
42992ms,42992,149.801,0.202116
43071ms,43071,149.908,0.201862
43103ms,43103,149.927,0.202588
43136ms,43136,150.040,0.201919
43168ms,43168,149.940,0.201905
43199ms,43199,149.836,0.202104
43232ms,43232,149.936,0.202097
43264ms,43264,149.935,0.201988
43296ms,43296,149.973,0.201698
43328ms,43328,149.918,0.201929
43360ms,43360,149.925,0.201942
43392ms,43392,150.078,0.202295
43439ms,43439,149.829,0.202156
43472ms,43472,149.231,0.201511
43503ms,43503,148.625,0.200773
43536ms,43536,148.417,0.200319
43567ms,43567,147.922,0.199827
43600ms,43600,147.632,0.199738
43632ms,43632,147.107,0.198758
43664ms,43664,146.977,0.199496
43696ms,43696,147.032,0.199996
43728ms,43728,146.647,0.199085
43776ms,43776,146.584,0.200304
43808ms,43808,146.691,0.200487
43840ms,43840,146.558,0.202781
43872ms,43872,146.654,0.199528
43904ms,43904,146.492,0.200564
43936ms,43936,146.568,0.199901
43968ms,43968,146.432,0.198008
43999ms,43999,146.660,0.199070
44032ms,44032,146.701,0.197904
44064ms,44064,146.694,0.197417
44096ms,44096,146.984,0.198384
44128ms,44128,147.192,0.199581
44175ms,44175,147.239,0.198544
44208ms,44208,147.597,0.198366
44239ms,44239,147.566,0.199147
44272ms,44272,147.748,0.200153
44304ms,44304,148.215,0.199735
44336ms,44336,148.516,0.199986
44368ms,44368,148.688,0.201126
44400ms,44400,149.000,0.200681
44432ms,44432,149.514,0.201815
44464ms,44464,149.812,0.202123
44496ms,44496,149.918,0.202378
44576ms,44576,149.914,0.201976
44608ms,44608,149.874,0.201685
44639ms,44639,149.913,0.202181
44672ms,44672,149.879,0.201708
44704ms,44704,149.956,0.201841
44736ms,44736,150.046,0.201975
44768ms,44768,149.881,0.202311
44800ms,44800,149.940,0.201986
44832ms,44832,149.853,0.201896
44864ms,44864,149.863,0.202639
44896ms,44896,149.863,0.202532
44943ms,44943,149.433,0.202412
44976ms,44976,149.002,0.200720
45007ms,45007,148.503,0.200504
45040ms,45040,147.875,0.199986
45072ms,45072,147.622,0.199328
45104ms,45104,147.289,0.199181
45136ms,45136,146.889,0.198951
45168ms,45168,147.062,0.199418
45200ms,45200,146.688,0.199388
45232ms,45232,146.468,0.199271
45264ms,45264,146.566,0.198863
45311ms,45311,146.710,0.199754
45343ms,45343,146.721,0.200097
45376ms,45376,146.496,0.199644
45407ms,45407,146.518,0.199157
45440ms,45440,146.469,0.197708
45472ms,45472,146.648,0.198681
45504ms,45504,146.737,0.197769
45536ms,45536,146.560,0.198025
45568ms,45568,146.802,0.198966
45600ms,45600,147.098,0.198382
45632ms,45632,147.286,0.198109
45664ms,45664,147.488,0.198005
45711ms,45711,147.661,0.199033
45743ms,45743,147.919,0.199448
45776ms,45776,148.157,0.199492
45807ms,45807,148.417,0.199802
45840ms,45840,148.539,0.200783
45872ms,45872,148.938,0.200713
45904ms,45904,149.329,0.201390
45936ms,45936,149.734,0.201773
45968ms,45968,149.863,0.201966
46031ms,46031,149.834,0.201870
46079ms,46079,149.833,0.201599
46111ms,46111,149.846,0.201610
46143ms,46143,149.892,0.202019
46176ms,46176,149.896,0.201877
46208ms,46208,149.898,0.201954
46240ms,46240,149.929,0.201804
46272ms,46272,149.899,0.201635
46304ms,46304,149.875,0.201873
46336ms,46336,149.822,0.201768
46368ms,46368,149.828,0.202289
46400ms,46400,149.552,0.202265
46447ms,46447,149.138,0.201668
46479ms,46479,148.709,0.200763
46511ms,46511,148.154,0.199825
46543ms,46543,147.875,0.199365
46576ms,46576,147.325,0.199451
46608ms,46608,147.071,0.198471
46640ms,46640,147.049,0.198144
46672ms,46672,147.020,0.198356
46704ms,46704,146.639,0.198793
46735ms,46735,146.498,0.200444
46768ms,46768,146.579,0.200357
46799ms,46799,146.676,0.202281
46848ms,46848,146.290,0.199026
46879ms,46879,146.311,0.203225
46911ms,46911,146.527,0.197869
46944ms,46944,146.708,0.198583
46976ms,46976,146.717,0.197798
47008ms,47008,146.733,0.198039
47040ms,47040,147.036,0.197706
47072ms,47072,147.112,0.198442
47104ms,47104,147.146,0.198469
47136ms,47136,147.594,0.198579
47168ms,47168,147.493,0.199258
47248ms,47248,148.056,0.198944
47279ms,47279,148.214,0.199506
47311ms,47311,148.494,0.200559
47344ms,47344,148.917,0.201542
47376ms,47376,149.231,0.201653
47408ms,47408,149.779,0.201661
47440ms,47440,149.947,0.202442
47472ms,47472,150.018,0.202467
47504ms,47504,149.915,0.202201
47536ms,47536,149.926,0.201930
47583ms,47583,150.004,0.201512
47616ms,47616,149.940,0.201808
47648ms,47648,149.924,0.201871
47679ms,47679,149.841,0.201737
47712ms,47712,149.885,0.202270
47744ms,47744,149.936,0.201747
47776ms,47776,149.979,0.202156
47808ms,47808,149.910,0.201585
47840ms,47840,149.950,0.202026
47872ms,47872,149.661,0.202378
47904ms,47904,149.243,0.201435
47951ms,47951,148.659,0.200642
47983ms,47983,148.256,0.200667
48015ms,48015,147.975,0.199411
48048ms,48048,147.395,0.198843
48080ms,48080,147.014,0.198425
48111ms,48111,146.901,0.198132
48144ms,48144,147.021,0.199164
48176ms,48176,146.561,0.198466
48208ms,48208,146.616,0.200641
48240ms,48240,146.639,0.199712
48272ms,48272,146.667,0.200212
48304ms,48304,146.634,0.198294
48351ms,48351,146.490,0.199828
48384ms,48384,146.442,0.198104
48416ms,48416,146.682,0.198088
48448ms,48448,146.628,0.197406
48512ms,48512,146.745,0.197999
48544ms,48544,146.974,0.198710
48576ms,48576,147.191,0.198624
48608ms,48608,147.322,0.198469
48640ms,48640,147.445,0.198309
48672ms,48672,147.778,0.199176
48704ms,48704,147.999,0.199634
48751ms,48751,148.252,0.199746
48784ms,48784,148.518,0.200385
48816ms,48816,149.056,0.201468
48848ms,48848,149.237,0.201210
48879ms,48879,149.596,0.201954
48912ms,48912,149.771,0.202251
48944ms,48944,149.866,0.201733
48976ms,48976,149.763,0.202479
49008ms,49008,149.849,0.201693
49039ms,49039,149.827,0.202014
49087ms,49087,149.828,0.201999
49119ms,49119,149.771,0.201925
49151ms,49151,149.856,0.202124
49183ms,49183,149.908,0.201803
49216ms,49216,149.866,0.201905
49248ms,49248,149.824,0.202054
49279ms,49279,149.841,0.202005
49312ms,49312,149.908,0.202294
49344ms,49344,149.387,0.202396
49375ms,49375,149.010,0.201204
49408ms,49408,148.646,0.200495
49440ms,49440,148.227,0.200606
49488ms,49488,147.784,0.200071
49519ms,49519,147.401,0.199419
49551ms,49551,147.196,0.198218
49583ms,49583,146.971,0.199416
49616ms,49616,146.881,0.198234
49648ms,49648,146.539,0.198076
49712ms,49712,146.494,0.199583
49744ms,49744,146.717,0.198695
49776ms,49776,146.366,0.200323
49808ms,49808,146.436,0.199734
49855ms,49855,146.530,0.197265
49887ms,49887,146.729,0.197603
49919ms,49919,146.599,0.197409
49983ms,49983,146.794,0.197838
50016ms,50016,146.873,0.199056
50048ms,50048,147.236,0.198452
50080ms,50080,147.369,0.198630
50111ms,50111,147.503,0.198252
50144ms,50144,147.721,0.199172
50176ms,50176,147.981,0.199240
50224ms,50224,148.199,0.199539
50256ms,50256,148.406,0.200351
50288ms,50288,148.806,0.200884
50320ms,50320,149.110,0.201693
50352ms,50352,149.385,0.201728
50383ms,50383,149.680,0.201699
50416ms,50416,150.001,0.202255
50447ms,50447,149.865,0.202127
50480ms,50480,149.861,0.201654
50512ms,50512,149.927,0.201714
50544ms,50544,149.870,0.201927
50576ms,50576,149.892,0.202100
50623ms,50623,149.967,0.201957
50655ms,50655,149.933,0.201937
50687ms,50687,149.920,0.202048
50719ms,50719,149.904,0.202062
50751ms,50751,149.948,0.201880
50784ms,50784,149.980,0.201921
50816ms,50816,149.750,0.202250
50848ms,50848,149.393,0.202514
50880ms,50880,148.912,0.200557
50911ms,50911,148.382,0.200363
50944ms,50944,148.049,0.199326
50976ms,50976,147.661,0.199724
51024ms,51024,147.155,0.198873
51055ms,51055,146.935,0.198613
51087ms,51087,147.042,0.198830
51119ms,51119,146.578,0.198509
51152ms,51152,146.645,0.198049
51183ms,51183,146.638,0.198230
51216ms,51216,146.604,0.200811
51248ms,51248,146.697,0.201199
51280ms,51280,146.489,0.199702
51312ms,51312,146.506,0.201138
51344ms,51344,146.375,0.198338
51391ms,51391,146.620,0.197827
51423ms,51423,146.756,0.198246
51456ms,51456,146.648,0.198023
51488ms,51488,146.952,0.198204
51520ms,51520,147.098,0.198298
51551ms,51551,147.340,0.198492
51583ms,51583,147.499,0.198791
51616ms,51616,147.719,0.199329
51648ms,51648,147.964,0.198823
51680ms,51680,148.159,0.199363
51712ms,51712,148.242,0.200107
51759ms,51759,148.533,0.200698
51824ms,51824,149.201,0.201611
51855ms,51855,149.797,0.202003
51888ms,51888,149.724,0.202254
51920ms,51920,149.775,0.201815
51952ms,51952,149.851,0.202076
51984ms,51984,149.781,0.201703
52016ms,52016,149.806,0.202070
52048ms,52048,149.926,0.202045
52080ms,52080,149.843,0.201964
52112ms,52112,149.897,0.202225
52159ms,52159,149.840,0.201743
52191ms,52191,149.882,0.202166
52224ms,52224,149.798,0.201882
52256ms,52256,149.999,0.201629
52288ms,52288,149.948,0.202135
52320ms,52320,149.527,0.202017
52352ms,52352,149.060,0.201169
52384ms,52384,148.640,0.200360
52416ms,52416,148.092,0.200471
52448ms,52448,147.778,0.199297
52480ms,52480,147.296,0.199169
52527ms,52527,146.972,0.199339
52559ms,52559,147.054,0.198188
52591ms,52591,146.822,0.199749
52624ms,52624,146.479,0.198732
52688ms,52688,146.533,0.198079
52752ms,52752,146.530,0.198219
52816ms,52816,146.586,0.198029
52848ms,52848,146.707,0.197700
52895ms,52895,146.564,0.198724
52927ms,52927,146.760,0.198243
52959ms,52959,146.982,0.197520
52991ms,52991,147.094,0.198444
53024ms,53024,147.266,0.198510
53056ms,53056,147.365,0.198731
53088ms,53088,147.658,0.198250
53119ms,53119,147.616,0.199150
53152ms,53152,147.918,0.199976
53184ms,53184,148.126,0.199809
53216ms,53216,148.638,0.199970
53263ms,53263,148.944,0.200487
53295ms,53295,149.174,0.201997
53327ms,53327,149.511,0.201945
53359ms,53359,149.754,0.202344
53392ms,53392,149.840,0.202074
53423ms,53423,149.840,0.202106
53456ms,53456,149.838,0.202333
53488ms,53488,149.883,0.202303
53520ms,53520,149.804,0.202156
53552ms,53552,149.825,0.202229
53584ms,53584,149.913,0.202252
53616ms,53616,149.969,0.202090
53663ms,53663,149.906,0.202248
53695ms,53695,149.847,0.201776
53727ms,53727,149.902,0.201707
53759ms,53759,149.824,0.201844
53792ms,53792,149.594,0.201891
53824ms,53824,149.194,0.202058
53856ms,53856,148.863,0.200748
53888ms,53888,148.219,0.200239
53920ms,53920,147.949,0.199496
53952ms,53952,147.301,0.199707
53984ms,53984,147.140,0.198859
54016ms,54016,147.140,0.199732
54064ms,54064,146.989,0.199487
54095ms,54095,146.722,0.197695
54128ms,54128,146.485,0.200320
54159ms,54159,146.736,0.199225
54223ms,54223,146.734,0.199636
54256ms,54256,146.672,0.200440
54288ms,54288,146.482,0.198719
54320ms,54320,146.516,0.198246
54352ms,54352,146.702,0.199318
54399ms,54399,146.608,0.198148
54431ms,54431,146.663,0.197530
54463ms,54463,146.877,0.198811
54495ms,54495,147.148,0.198622
54528ms,54528,147.402,0.198971
54559ms,54559,147.389,0.198450
54592ms,54592,147.592,0.199029
54623ms,54623,147.904,0.199880
54656ms,54656,148.068,0.199442
54688ms,54688,148.387,0.200355
54720ms,54720,148.757,0.200499
54752ms,54752,149.069,0.200755
54799ms,54799,149.454,0.201266
54831ms,54831,149.706,0.202131
54863ms,54863,149.758,0.202159
54895ms,54895,149.752,0.201714
54928ms,54928,149.826,0.201704
54960ms,54960,149.705,0.201474
54992ms,54992,149.722,0.201758
55024ms,55024,149.841,0.202149
55056ms,55056,149.704,0.202295
55119ms,55119,149.786,0.201709
55167ms,55167,149.806,0.202298
55231ms,55231,149.801,0.202438
55263ms,55263,149.874,0.201785
55295ms,55295,149.334,0.202147
55328ms,55328,148.968,0.200703
55360ms,55360,148.644,0.200503
55392ms,55392,148.088,0.200597
55424ms,55424,147.833,0.199401
55456ms,55456,147.398,0.199506
55488ms,55488,147.164,0.199241
55536ms,55536,147.001,0.198760
55567ms,55567,146.914,0.199216
55599ms,55599,146.491,0.198194
55631ms,55631,146.484,0.199162
55664ms,55664,146.609,0.199376
55696ms,55696,146.646,0.199323
55760ms,55760,146.304,0.199966
55792ms,55792,146.531,0.198024
55824ms,55824,146.727,0.198334
55856ms,55856,146.619,0.198195
55888ms,55888,146.667,0.198846
55935ms,55935,146.816,0.197470
55967ms,55967,147.040,0.199332
55999ms,55999,147.309,0.198590
56031ms,56031,147.424,0.198613
56063ms,56063,147.583,0.198256
56096ms,56096,147.786,0.199143
56127ms,56127,147.980,0.199399
56160ms,56160,148.198,0.199511
56192ms,56192,148.582,0.200506
56224ms,56224,148.957,0.201224
56256ms,56256,149.197,0.201077
56303ms,56303,149.554,0.201875
56336ms,56336,149.748,0.202607
56368ms,56368,149.879,0.202288
56399ms,56399,149.785,0.202096
56432ms,56432,149.802,0.202200
56464ms,56464,149.936,0.202083
56496ms,56496,149.862,0.202051
56528ms,56528,149.850,0.201873
56559ms,56559,149.882,0.201686
56592ms,56592,149.862,0.202274
56655ms,56655,149.668,0.201908
56703ms,56703,149.813,0.202324
56736ms,56736,149.860,0.202137
56768ms,56768,149.652,0.202101
56800ms,56800,149.163,0.201826
56832ms,56832,148.888,0.200561
56864ms,56864,148.293,0.200436
56896ms,56896,147.946,0.199715
56928ms,56928,147.425,0.198442
56960ms,56960,147.171,0.198242
56992ms,56992,147.072,0.199287
57024ms,57024,146.995,0.199563
57071ms,57071,146.668,0.197689
57103ms,57103,146.615,0.200519
57135ms,57135,146.667,0.198155
57168ms,57168,146.594,0.200304
57200ms,57200,146.482,0.200302
57471ms,57471,147.336,0.199462
57503ms,57503,147.254,0.198761
57535ms,57535,147.506,0.198596
57567ms,57567,147.625,0.198829
57599ms,57599,147.843,0.199557
57631ms,57631,148.089,0.199335
57664ms,57664,148.444,0.201066
57696ms,57696,148.739,0.200312
57759ms,57759,149.399,0.201680
57807ms,57807,149.529,0.202089
57839ms,57839,149.820,0.202298
57871ms,57871,149.846,0.202349
57903ms,57903,149.776,0.202241
57935ms,57935,149.843,0.202361
57968ms,57968,149.927,0.202634
57999ms,57999,149.971,0.202349
58032ms,58032,149.891,0.202271
58064ms,58064,149.850,0.202223
58096ms,58096,149.916,0.202439
58128ms,58128,149.888,0.202165
58160ms,58160,149.808,0.201966
58207ms,58207,149.766,0.202199
58239ms,58239,149.730,0.201649
58271ms,58271,149.426,0.201659
58304ms,58304,148.965,0.200800
58336ms,58336,148.422,0.199992
58368ms,58368,147.891,0.199908
58400ms,58400,147.414,0.199458
58432ms,58432,147.232,0.198253
58464ms,58464,146.861,0.198872
58496ms,58496,147.115,0.197944
58528ms,58528,146.756,0.198342
58575ms,58575,146.400,0.198719
58608ms,58608,146.653,0.198670
58639ms,58639,146.559,0.198838
58671ms,58671,146.668,0.200348
58735ms,58735,146.585,0.199172
58768ms,58768,146.444,0.198884
58800ms,58800,146.650,0.197714
58832ms,58832,146.691,0.198286
58864ms,58864,146.672,0.197566
58896ms,58896,146.975,0.198963
58943ms,58943,147.128,0.197920
58975ms,58975,147.350,0.198997
59039ms,59039,147.590,0.198780
59072ms,59072,147.760,0.200155
59104ms,59104,147.997,0.199547
59136ms,59136,148.413,0.200094
59168ms,59168,148.668,0.200647
59231ms,59231,149.226,0.201396
59264ms,59264,149.648,0.201947
59296ms,59296,149.721,0.202213
59343ms,59343,149.829,0.201930
59375ms,59375,149.886,0.202081
59407ms,59407,149.764,0.201834
59439ms,59439,149.800,0.202125
59472ms,59472,149.835,0.202024
59535ms,59535,149.750,0.202068
59568ms,59568,149.742,0.201922
59600ms,59600,149.779,0.201845
59632ms,59632,149.783,0.201537
59664ms,59664,149.745,0.201842
59712ms,59712,149.797,0.201617
59744ms,59744,149.457,0.202327
59776ms,59776,149.109,0.200959
59808ms,59808,148.681,0.200379
59840ms,59840,148.162,0.201476
59871ms,59871,147.871,0.199882
59904ms,59904,147.348,0.199388
59936ms,59936,147.068,0.198721
59968ms,59968,147.102,0.198290
59999ms,59999,146.959,0.199481
60032ms,60032,146.615,0.198027
60079ms,60079,146.373,0.198417
60111ms,60111,146.547,0.201067
60143ms,60143,146.556,0.199019
60176ms,60176,146.633,0.199275
60208ms,60208,146.548,0.198606
60240ms,60240,146.574,0.198035
60272ms,60272,146.690,0.198594
60304ms,60304,146.564,0.197275
60336ms,60336,146.612,0.198019
60368ms,60368,146.804,0.197781
60400ms,60400,147.054,0.198468
60447ms,60447,147.276,0.198702
60479ms,60479,147.398,0.198441
60511ms,60511,147.632,0.198264
60543ms,60543,147.684,0.199249
60575ms,60575,147.894,0.199443
60608ms,60608,148.120,0.199809
60639ms,60639,148.738,0.200726
60671ms,60671,148.995,0.201250
60704ms,60704,149.268,0.201748
60736ms,60736,149.681,0.201967
60768ms,60768,149.680,0.202318
60799ms,60799,150.034,0.202060
60847ms,60847,149.804,0.201844
60879ms,60879,149.876,0.201679
60911ms,60911,149.838,0.202058
60975ms,60975,149.900,0.201909
61008ms,61008,149.850,0.202276
61039ms,61039,149.930,0.202190
61072ms,61072,149.910,0.202031
61104ms,61104,149.882,0.202195
61136ms,61136,149.884,0.202535
61168ms,61168,149.846,0.201937
61200ms,61200,149.567,0.201690
61248ms,61248,149.151,0.201332
61279ms,61279,148.883,0.200640
61311ms,61311,148.160,0.200008
61344ms,61344,148.012,0.199243
61376ms,61376,147.277,0.198901
61408ms,61408,147.133,0.198312
61440ms,61440,147.046,0.198581
61472ms,61472,147.102,0.198286
61504ms,61504,146.700,0.197843
61536ms,61536,146.553,0.200345
61568ms,61568,146.639,0.199665
61615ms,61615,146.641,0.198799
61647ms,61647,146.470,0.199811
61679ms,61679,146.481,0.199534
61711ms,61711,146.483,0.198119
61744ms,61744,146.559,0.197606
61776ms,61776,146.493,0.198914
61808ms,61808,146.727,0.199056
61840ms,61840,146.800,0.198211
61872ms,61872,146.931,0.199169
61935ms,61935,147.341,0.198645
61983ms,61983,147.521,0.198942
62015ms,62015,147.622,0.199337
62047ms,62047,147.979,0.199297
62079ms,62079,148.041,0.199277
62111ms,62111,148.662,0.200628
62144ms,62144,148.680,0.200716
62208ms,62208,149.408,0.201918
62240ms,62240,149.707,0.202091
62272ms,62272,149.907,0.201908
62304ms,62304,149.898,0.202485
62351ms,62351,149.925,0.201984
62383ms,62383,149.855,0.202062
62415ms,62415,149.879,0.202560
62447ms,62447,149.920,0.202343
62480ms,62480,149.973,0.202216
62512ms,62512,149.915,0.202032
62575ms,62575,149.940,0.202409
62608ms,62608,149.927,0.202135
62640ms,62640,149.939,0.202289
62672ms,62672,149.744,0.201596
62704ms,62704,149.293,0.201558
62751ms,62751,148.935,0.200765
62783ms,62783,148.500,0.199906
62815ms,62815,148.088,0.199698
62847ms,62847,147.688,0.199124
62880ms,62880,147.319,0.199104
62912ms,62912,146.993,0.199030
62944ms,62944,147.059,0.198661
62975ms,62975,146.848,0.199494
63008ms,63008,146.520,0.198617
63039ms,63039,146.675,0.201038
63072ms,63072,146.441,0.197732
63119ms,63119,146.546,0.198900
63151ms,63151,146.505,0.199889
63183ms,63183,146.510,0.201151
63216ms,63216,146.614,0.198185
63248ms,63248,146.618,0.198346
63280ms,63280,146.695,0.198342
63312ms,63312,146.672,0.197841
63344ms,63344,147.044,0.197977
63376ms,63376,147.188,0.198929
63408ms,63408,147.313,0.198547
63440ms,63440,147.441,0.199284
63488ms,63488,147.700,0.198681
63519ms,63519,147.744,0.198925
63552ms,63552,148.268,0.199627
63583ms,63583,148.283,0.199614
63616ms,63616,148.620,0.200991
63647ms,63647,148.987,0.201541
63680ms,63680,149.321,0.201590
63712ms,63712,149.711,0.201385
63744ms,63744,149.820,0.202561
63776ms,63776,149.937,0.202647
63808ms,63808,149.937,0.202484
63840ms,63840,149.838,0.202170
63887ms,63887,149.935,0.202225
63919ms,63919,149.910,0.202361
63951ms,63951,149.896,0.202150
63983ms,63983,149.901,0.201845
64016ms,64016,149.806,0.201745
64048ms,64048,149.945,0.202012
64080ms,64080,149.897,0.202165
64144ms,64144,149.952,0.202205
64176ms,64176,149.448,0.202733
64208ms,64208,149.248,0.201563
64255ms,64255,148.664,0.200680
64288ms,64288,148.125,0.200398
64319ms,64319,147.958,0.199511
64351ms,64351,147.269,0.200527
64384ms,64384,146.983,0.198526
64416ms,64416,147.097,0.198075
64447ms,64447,147.108,0.198310
64480ms,64480,146.712,0.197694
64512ms,64512,146.428,0.200146
64544ms,64544,146.599,0.199636
64576ms,64576,146.601,0.198147
64608ms,64608,146.479,0.198086
64656ms,64656,146.574,0.198697
64688ms,64688,146.573,0.197530
64719ms,64719,146.676,0.198549
64752ms,64752,146.613,0.199452
64784ms,64784,146.614,0.197700
64816ms,64816,146.841,0.197361
64848ms,64848,146.999,0.198769
64880ms,64880,147.305,0.199410
64912ms,64912,147.313,0.198020
64944ms,64944,147.599,0.198145
64976ms,64976,147.601,0.198515
65056ms,65056,148.043,0.199244
65087ms,65087,148.618,0.199733
65120ms,65120,148.783,0.200487
65152ms,65152,149.081,0.200880
65184ms,65184,149.403,0.201729
65216ms,65216,149.738,0.202671
65248ms,65248,149.987,0.202468
65311ms,65311,149.951,0.202115
65344ms,65344,149.890,0.202204
65391ms,65391,149.945,0.202619
65423ms,65423,149.902,0.202302
65456ms,65456,149.968,0.202936
65487ms,65487,150.000,0.202508
65520ms,65520,149.898,0.202831
65552ms,65552,149.914,0.202005
65584ms,65584,149.859,0.202383
65616ms,65616,149.769,0.201839
65679ms,65679,149.369,0.201606
65712ms,65712,148.963,0.200905
65744ms,65744,148.401,0.200063
65791ms,65791,147.974,0.200152
65823ms,65823,147.541,0.199072
65855ms,65855,147.189,0.198654
65888ms,65888,146.935,0.198438
65919ms,65919,147.089,0.198814
65951ms,65951,146.707,0.199776
65984ms,65984,146.473,0.201527
66016ms,66016,146.648,0.200490
66048ms,66048,146.508,0.199399
66080ms,66080,146.475,0.205646
66112ms,66112,146.416,0.199696
66159ms,66159,146.458,0.198341
66191ms,66191,146.453,0.197668
66223ms,66223,146.676,0.198199
66255ms,66255,146.784,0.198258
66287ms,66287,146.688,0.198279
66320ms,66320,147.073,0.198169
66352ms,66352,147.097,0.198231
66384ms,66384,147.253,0.198379
66416ms,66416,147.414,0.198636
66448ms,66448,147.621,0.199152
66480ms,66480,147.733,0.199662
66527ms,66527,148.018,0.199813
66559ms,66559,148.314,0.199787
66623ms,66623,149.055,0.201231
66655ms,66655,149.318,0.200972
66687ms,66687,149.503,0.202153
66719ms,66719,149.831,0.202458
66751ms,66751,149.772,0.202400
66783ms,66783,149.949,0.202320
66816ms,66816,149.819,0.202096
66848ms,66848,149.900,0.202026
66895ms,66895,149.910,0.202295
66927ms,66927,149.893,0.202571
66959ms,66959,149.985,0.202189
66991ms,66991,149.937,0.202480
67024ms,67024,149.924,0.202030
67056ms,67056,149.825,0.201891
67088ms,67088,149.752,0.202126
67120ms,67120,149.801,0.201740
67152ms,67152,149.521,0.201927
67184ms,67184,149.184,0.201247
67216ms,67216,148.670,0.200609
67248ms,67248,148.229,0.199621
67295ms,67295,147.929,0.199280
67327ms,67327,147.310,0.198441
67359ms,67359,147.104,0.198572
67392ms,67392,146.855,0.198274
67424ms,67424,146.866,0.198900
67456ms,67456,146.579,0.198980
67520ms,67520,146.689,0.201722
67552ms,67552,146.706,0.200012
67583ms,67583,146.643,0.200949
67616ms,67616,146.457,0.200586
67663ms,67663,146.571,0.197468
67696ms,67696,146.579,0.197724
67727ms,67727,146.586,0.198287
67760ms,67760,146.719,0.198705
67792ms,67792,146.647,0.198312
67824ms,67824,146.897,0.198079
67856ms,67856,147.252,0.198220
67888ms,67888,147.297,0.198457
67920ms,67920,147.597,0.198267
67952ms,67952,147.638,0.198753
67984ms,67984,148.013,0.199335
68016ms,68016,148.132,0.199413
68048ms,68048,148.525,0.200048
68095ms,68095,148.912,0.200762
68127ms,68127,149.150,0.201199
68159ms,68159,149.512,0.201670
68192ms,68192,149.706,0.202217
68224ms,68224,149.851,0.202361
68256ms,68256,149.807,0.202056
68288ms,68288,149.743,0.202195
68320ms,68320,149.812,0.201935
68352ms,68352,149.908,0.202435
68384ms,68384,149.823,0.202105
68431ms,68431,149.839,0.202229
68463ms,68463,149.984,0.202145
68527ms,68527,149.907,0.201859
68559ms,68559,149.899,0.202182
68591ms,68591,149.893,0.202490
68623ms,68623,149.818,0.202385
68656ms,68656,149.454,0.202186
68688ms,68688,148.862,0.201182
68720ms,68720,148.422,0.200301
68752ms,68752,147.978,0.199641
68799ms,68799,147.652,0.198859
68831ms,68831,147.328,0.198301
68863ms,68863,146.922,0.198336
68896ms,68896,147.169,0.198897
68928ms,68928,146.655,0.198797
68960ms,68960,146.437,0.199486
68992ms,68992,146.634,0.198997
69024ms,69024,146.572,0.199290
69088ms,69088,146.597,0.201313
69120ms,69120,146.438,0.198643
69152ms,69152,146.508,0.197642
69199ms,69199,146.727,0.197924
69231ms,69231,146.746,0.197832
69263ms,69263,146.687,0.197801
69295ms,69295,146.968,0.197580
69328ms,69328,147.068,0.198344
69359ms,69359,147.337,0.198549
69392ms,69392,147.703,0.198846
69424ms,69424,147.724,0.198586
69487ms,69487,147.990,0.199335
69520ms,69520,148.337,0.200253
69567ms,69567,148.600,0.200524
69599ms,69599,149.017,0.200972
69631ms,69631,149.462,0.201659
69664ms,69664,149.811,0.202031
69696ms,69696,149.748,0.202507
69728ms,69728,149.839,0.201606
69791ms,69791,149.949,0.202403
69824ms,69824,149.877,0.202317
69856ms,69856,149.808,0.202045
69888ms,69888,149.913,0.202281
69935ms,69935,149.913,0.202005
69999ms,69999,149.843,0.202053
70031ms,70031,149.960,0.202327
70064ms,70064,149.849,0.202902
70096ms,70096,149.850,0.202433
70128ms,70128,149.474,0.202317
70160ms,70160,149.037,0.200872
70192ms,70192,148.508,0.200229
70224ms,70224,148.155,0.200438
70256ms,70256,147.703,0.199106
70288ms,70288,147.373,0.199079
70335ms,70335,147.173,0.198822
70367ms,70367,147.111,0.198237
70399ms,70399,146.815,0.198877
70431ms,70431,146.574,0.198377
70463ms,70463,146.508,0.200746
70495ms,70495,146.559,0.201544
70528ms,70528,146.758,0.198923
70560ms,70560,146.532,0.201222
70592ms,70592,146.473,0.199125
70624ms,70624,146.565,0.197959
70656ms,70656,146.707,0.197941
70688ms,70688,146.629,0.197889
70735ms,70735,146.857,0.197530
70767ms,70767,146.981,0.197827
70799ms,70799,147.085,0.199702
70831ms,70831,147.238,0.198732
70863ms,70863,147.389,0.198502
70896ms,70896,147.590,0.198077
70928ms,70928,147.690,0.199279
70960ms,70960,147.944,0.199860
70992ms,70992,148.200,0.199771
71024ms,71024,148.682,0.199875
71071ms,71071,149.022,0.200983
71103ms,71103,149.303,0.201421
71135ms,71135,149.505,0.202007
71167ms,71167,149.697,0.202286
71199ms,71199,149.905,0.202416
71232ms,71232,149.961,0.202397
71263ms,71263,149.873,0.202307
71296ms,71296,149.847,0.202092
71328ms,71328,149.880,0.202334
71391ms,71391,149.921,0.202171
71424ms,71424,149.988,0.202774
71471ms,71471,149.862,0.202006
71503ms,71503,149.824,0.202005
71535ms,71535,149.859,0.202102
71567ms,71567,149.840,0.201946
71599ms,71599,149.560,0.202167
71632ms,71632,149.238,0.201782
71664ms,71664,148.782,0.200915
71696ms,71696,148.297,0.201425
71728ms,71728,147.993,0.199927
71760ms,71760,147.405,0.199460
71792ms,71792,147.033,0.198443
71824ms,71824,147.015,0.198876
71871ms,71871,147.008,0.199895
71903ms,71903,146.622,0.198394
71935ms,71935,146.498,0.199101
71968ms,71968,146.614,0.198073
72000ms,72000,146.599,0.198369
72031ms,72031,146.680,0.203556
72063ms,72063,146.501,0.200234
72096ms,72096,146.535,0.198274
72128ms,72128,146.592,0.197443
72160ms,72160,146.674,0.199723
72192ms,72192,146.655,0.197392
72239ms,72239,146.679,0.198266
72271ms,72271,146.964,0.198277
72304ms,72304,147.093,0.199187
72336ms,72336,147.323,0.198886
72368ms,72368,147.490,0.198778
72400ms,72400,147.672,0.198994
72463ms,72463,148.171,0.199072
72496ms,72496,148.495,0.199993
72528ms,72528,148.788,0.200809
72560ms,72560,149.101,0.201069
72607ms,72607,149.356,0.201664
72639ms,72639,149.785,0.202516
72671ms,72671,149.858,0.201875
72704ms,72704,150.015,0.201847
72736ms,72736,149.923,0.202126
72768ms,72768,149.934,0.201848
72800ms,72800,149.967,0.202262
72832ms,72832,149.932,0.202316
72864ms,72864,149.914,0.202221
72896ms,72896,149.948,0.202272
72928ms,72928,149.943,0.202298
72975ms,72975,150.038,0.202412
73008ms,73008,150.003,0.202677
73039ms,73039,149.978,0.201987
73071ms,73071,149.792,0.201786
73104ms,73104,149.451,0.202180
73136ms,73136,149.009,0.200860
73168ms,73168,148.518,0.200129
73231ms,73231,147.617,0.198981
73264ms,73264,147.491,0.199011
73296ms,73296,147.003,0.198942
73328ms,73328,147.035,0.198538
73375ms,73375,146.768,0.198482
73407ms,73407,146.400,0.198861
73471ms,73471,146.430,0.203909
73535ms,73535,146.374,0.199987
73568ms,73568,146.477,0.199396
73600ms,73600,146.486,0.197468
73632ms,73632,146.704,0.198144
73664ms,73664,146.571,0.197944
73696ms,73696,146.704,0.198561
73743ms,73743,146.980,0.197477
73775ms,73775,147.131,0.198193
73807ms,73807,147.201,0.198432
73839ms,73839,147.424,0.198258
73872ms,73872,147.681,0.198991
73904ms,73904,147.757,0.199098
73936ms,73936,148.128,0.199619
73968ms,73968,148.308,0.199591
74000ms,74000,148.606,0.200753
74063ms,74063,149.360,0.201714
74111ms,74111,149.631,0.202266
74143ms,74143,149.673,0.202183
74175ms,74175,149.853,0.202025
74207ms,74207,149.971,0.202436
74239ms,74239,149.842,0.201978
74272ms,74272,149.839,0.202086
74304ms,74304,150.007,0.202546
74335ms,74335,149.829,0.202271
74368ms,74368,149.841,0.202182
74400ms,74400,149.821,0.201959
74432ms,74432,149.959,0.202453
74464ms,74464,149.794,0.201925
74511ms,74511,149.828,0.202433
74543ms,74543,149.807,0.202434
74576ms,74576,149.543,0.201895
74607ms,74607,149.164,0.201247
74640ms,74640,148.763,0.200850
74671ms,74671,148.224,0.200142
74704ms,74704,147.810,0.199636
74736ms,74736,147.512,0.198545
74768ms,74768,147.081,0.199154
74800ms,74800,146.843,0.199176
74832ms,74832,146.941,0.198599
74879ms,74879,146.769,0.198127
74943ms,74943,146.542,0.198345
74975ms,74975,146.656,0.198173
75007ms,75007,146.560,0.201201
75072ms,75072,146.550,0.198402
75104ms,75104,146.673,0.198165
75136ms,75136,146.661,0.199622
75168ms,75168,146.498,0.197466
75200ms,75200,146.887,0.197864
75247ms,75247,147.044,0.199938
75279ms,75279,147.174,0.198566
75311ms,75311,147.379,0.198884
75343ms,75343,147.552,0.198448
75375ms,75375,147.693,0.198712
75408ms,75408,147.949,0.199662
75471ms,75471,148.539,0.199789
75504ms,75504,148.705,0.200942
75536ms,75536,149.189,0.201400
75568ms,75568,149.546,0.201810
75600ms,75600,149.736,0.202386
75647ms,75647,149.843,0.202601
75679ms,75679,149.873,0.202516
75711ms,75711,149.884,0.202176
75744ms,75744,149.871,0.202012
75775ms,75775,149.851,0.202617
75807ms,75807,149.896,0.202475
75839ms,75839,149.978,0.202079
75871ms,75871,149.936,0.202034
75903ms,75903,149.899,0.202097
75936ms,75936,149.782,0.202145
75968ms,75968,149.918,0.202292
76015ms,76015,149.817,0.202417
76048ms,76048,149.688,0.201932
76079ms,76079,149.313,0.201558
76112ms,76112,148.939,0.201073
76144ms,76144,148.376,0.200095
76176ms,76176,147.966,0.199646
76208ms,76208,147.430,0.198897
76240ms,76240,147.309,0.198315
76272ms,76272,147.098,0.198168
76303ms,76303,147.001,0.199131
76336ms,76336,146.522,0.198819
76383ms,76383,146.573,0.197862
76415ms,76415,146.717,0.200409
76479ms,76479,146.744,0.200791
76576ms,76576,146.543,0.197976
76608ms,76608,146.632,0.197594
76640ms,76640,146.675,0.197959
76672ms,76672,146.715,0.197852
76672ms,76672,146.715,0.197852
76704ms,76704,146.985,0.198794
76736ms,76736,147.167,0.197839
76783ms,76783,147.418,0.198627
76815ms,76815,147.396,0.198075
76847ms,76847,147.607,0.198596
76879ms,76879,147.819,0.199418
76912ms,76912,147.958,0.199237
76944ms,76944,148.435,0.200000
76976ms,76976,148.550,0.200544
77008ms,77008,148.998,0.201310
77040ms,77040,149.474,0.201241
77072ms,77072,149.663,0.202228
77104ms,77104,149.783,0.202274
77151ms,77151,149.792,0.202541
77183ms,77183,149.847,0.202178
77215ms,77215,149.934,0.201984
77248ms,77248,149.725,0.201640
77280ms,77280,149.795,0.201905
77311ms,77311,149.828,0.202317
77343ms,77343,149.901,0.201888
77376ms,77376,149.874,0.202426
77408ms,77408,149.939,0.202591
77440ms,77440,149.811,0.202459
77472ms,77472,149.869,0.202246
77519ms,77519,149.770,0.202067
77551ms,77551,149.382,0.201840
77583ms,77583,148.989,0.200530
77615ms,77615,148.420,0.199961
77648ms,77648,147.934,0.199960
77680ms,77680,147.696,0.199154
77712ms,77712,147.486,0.198387
77744ms,77744,146.998,0.198483
77776ms,77776,146.980,0.198217
77808ms,77808,146.812,0.199916
77840ms,77840,146.502,0.198528
77872ms,77872,146.430,0.198512
77919ms,77919,146.612,0.198956
77951ms,77951,146.655,0.199284
78015ms,78015,146.462,0.200849
78048ms,78048,146.476,0.197658
78080ms,78080,146.707,0.198733
78112ms,78112,146.670,0.198112
78144ms,78144,146.777,0.198766
78176ms,78176,146.919,0.198083
78208ms,78208,147.097,0.198730
78240ms,78240,147.281,0.198014
78272ms,78272,147.298,0.198748
78319ms,78319,147.588,0.198086
78351ms,78351,147.756,0.199429
78384ms,78384,147.953,0.199522
78416ms,78416,148.249,0.199511
78448ms,78448,148.634,0.200205
78479ms,78479,148.922,0.201006
78512ms,78512,149.121,0.201604
78544ms,78544,149.645,0.202120
78575ms,78575,149.738,0.202604
78608ms,78608,149.838,0.202226
78640ms,78640,149.971,0.202457
78688ms,78688,149.802,0.202272
78719ms,78719,149.806,0.202561
78751ms,78751,149.874,0.202012
78784ms,78784,149.745,0.202180
78816ms,78816,149.871,0.202298
78848ms,78848,149.903,0.202117
78880ms,78880,149.863,0.201964
78912ms,78912,149.794,0.202254
78944ms,78944,149.765,0.202410
78976ms,78976,149.796,0.201927
79008ms,79008,149.600,0.201946
79055ms,79055,149.254,0.202046
79087ms,79087,148.782,0.201305
79119ms,79119,148.327,0.200450
79151ms,79151,148.012,0.199364
79215ms,79215,147.070,0.198598
79248ms,79248,147.038,0.199070
79280ms,79280,146.994,0.199141
79312ms,79312,146.592,0.198112
79344ms,79344,146.494,0.199597
79376ms,79376,146.663,0.200813
79423ms,79423,146.670,0.199651
79455ms,79455,146.648,0.199615
79519ms,79519,146.536,0.198971
79551ms,79551,146.555,0.197227
79584ms,79584,146.522,0.199558
79616ms,79616,146.602,0.197634
79648ms,79648,146.738,0.197860
79680ms,79680,146.836,0.198850
79712ms,79712,147.071,0.198352
79744ms,79744,147.331,0.198423
79776ms,79776,147.430,0.198473
79823ms,79823,147.795,0.199241
79855ms,79855,147.806,0.199456
79887ms,79887,148.038,0.200356
79919ms,79919,148.418,0.200169
79951ms,79951,148.582,0.200939
79984ms,79984,149.063,0.201552
80015ms,80015,149.423,0.202294
80048ms,80048,149.730,0.202265
80080ms,80080,149.960,0.202540
80112ms,80112,149.837,0.202359
80144ms,80144,149.950,0.202595
80191ms,80191,149.969,0.202409
80223ms,80223,150.006,0.202209
80287ms,80287,149.953,0.202206
80320ms,80320,149.998,0.202719
80352ms,80352,149.997,0.202480
80384ms,80384,149.999,0.202033
80416ms,80416,149.932,0.202368
80448ms,80448,150.047,0.202400
80480ms,80480,149.908,0.201645
80512ms,80512,149.473,0.201815
80559ms,80559,149.044,0.200943
80591ms,80591,148.553,0.200269
80623ms,80623,148.104,0.199948
80655ms,80655,147.867,0.199488
80688ms,80688,147.402,0.200114
80720ms,80720,147.021,0.199346
80752ms,80752,147.057,0.198321
80784ms,80784,146.935,0.200116
80816ms,80816,146.466,0.198286
80879ms,80879,146.731,0.200428
80912ms,80912,146.804,0.199830
80959ms,80959,146.688,0.198744
80991ms,80991,146.381,0.201915
81055ms,81055,146.644,0.197991
81119ms,81119,146.652,0.197770
81152ms,81152,146.861,0.197824
81184ms,81184,147.063,0.199349
81216ms,81216,147.326,0.198401
81248ms,81248,147.440,0.199130
81328ms,81328,147.733,0.199181
81359ms,81359,147.972,0.199378
81392ms,81392,148.057,0.199638
81423ms,81423,148.653,0.199970
81456ms,81456,149.070,0.201413
81488ms,81488,149.264,0.201364
81519ms,81519,149.515,0.201742
81551ms,81551,149.667,0.201888
81584ms,81584,149.799,0.202195
81616ms,81616,149.824,0.202109
81648ms,81648,149.754,0.202057
81695ms,81695,149.924,0.202416
81727ms,81727,149.848,0.202296
81760ms,81760,149.846,0.202232
81792ms,81792,149.862,0.202240
81824ms,81824,149.851,0.201847
81856ms,81856,149.930,0.202112
81888ms,81888,149.928,0.201996
81919ms,81919,149.843,0.202372
81951ms,81951,149.808,0.201858
81984ms,81984,149.492,0.202089
82016ms,82016,149.195,0.202328
82048ms,82048,148.808,0.200991
82095ms,82095,148.381,0.200158
82128ms,82128,147.989,0.199008
82159ms,82159,147.401,0.198798
82191ms,82191,147.169,0.198797
82224ms,82224,146.998,0.198606
82256ms,82256,146.895,0.199330
82287ms,82287,146.620,0.198842
82320ms,82320,146.623,0.199065
82351ms,82351,146.670,0.198723
82384ms,82384,146.750,0.200769
82416ms,82416,146.764,0.199059
82463ms,82463,146.541,0.199172
82496ms,82496,146.477,0.198909
82527ms,82527,146.585,0.197465
82560ms,82560,146.452,0.198786
82592ms,82592,146.691,0.197740
82624ms,82624,146.669,0.197962
82656ms,82656,146.951,0.198400
82688ms,82688,147.137,0.199055
82719ms,82719,147.333,0.198246
82752ms,82752,147.561,0.198549
82784ms,82784,147.806,0.198517
82816ms,82816,147.871,0.200046
82895ms,82895,148.380,0.199825
82927ms,82927,148.855,0.200903
82959ms,82959,149.053,0.201782
82992ms,82992,149.576,0.202162
83024ms,83024,149.830,0.201756
83056ms,83056,149.884,0.202557
83088ms,83088,149.787,0.202268
83120ms,83120,149.960,0.202537
83152ms,83152,149.972,0.202048
83184ms,83184,149.944,0.202379
83231ms,83231,149.824,0.202239
83264ms,83264,149.856,0.202636
83295ms,83295,149.725,0.202246
83328ms,83328,149.933,0.202652
83360ms,83360,149.897,0.202814
83392ms,83392,149.791,0.202154
83424ms,83424,149.783,0.202046
83455ms,83455,149.820,0.202136
83488ms,83488,149.394,0.202023
83520ms,83520,148.885,0.201093
83552ms,83552,148.488,0.200149
83599ms,83599,148.038,0.200588
83631ms,83631,147.547,0.199716
83663ms,83663,147.283,0.198418
83728ms,83728,146.920,0.198910
83791ms,83791,146.465,0.198276
83824ms,83824,146.709,0.199560
83856ms,83856,146.575,0.199301
83888ms,83888,146.659,0.199718
83920ms,83920,146.519,0.200724
83967ms,83967,146.481,0.200296
83999ms,83999,146.575,0.197514
84031ms,84031,146.702,0.197434
84063ms,84063,146.629,0.197264
84096ms,84096,146.782,0.198060
84128ms,84128,147.015,0.197062
84159ms,84159,147.183,0.198610
84192ms,84192,147.281,0.198202
84224ms,84224,147.416,0.198391
84256ms,84256,147.578,0.198622
84288ms,84288,147.811,0.199244
84320ms,84320,148.077,0.199561
84367ms,84367,148.246,0.199720
84399ms,84399,148.547,0.200606
84432ms,84432,148.948,0.201239
84463ms,84463,149.227,0.201634
84496ms,84496,149.649,0.202354
84528ms,84528,149.743,0.202742
84559ms,84559,150.031,0.203147
84592ms,84592,149.954,0.202674
84624ms,84624,149.914,0.202626
84656ms,84656,149.932,0.202582
84688ms,84688,149.902,0.202216
84735ms,84735,149.870,0.202421
84767ms,84767,149.975,0.201940
84800ms,84800,150.009,0.202387
84831ms,84831,150.004,0.201966
84864ms,84864,149.919,0.202167
84896ms,84896,149.965,0.202361
84928ms,84928,150.040,0.203088
84959ms,84959,149.676,0.201710
84992ms,84992,149.092,0.201064
85024ms,85024,148.645,0.200480
85055ms,85055,148.209,0.199822
85088ms,85088,147.993,0.199198
85135ms,85135,147.468,0.199325
85168ms,85168,147.100,0.199020
85231ms,85231,146.989,0.198425
85264ms,85264,146.440,0.197808
85296ms,85296,146.561,0.200356
85328ms,85328,146.625,0.199921
85360ms,85360,146.650,0.199335
85456ms,85456,146.507,0.198734
85535ms,85535,146.519,0.199154
85567ms,85567,146.709,0.197941
85599ms,85599,146.748,0.197953
85631ms,85631,146.910,0.198371
85664ms,85664,147.266,0.198897
85696ms,85696,147.263,0.198132
85728ms,85728,147.665,0.198204
85760ms,85760,147.753,0.198880
85792ms,85792,147.827,0.199698
85824ms,85824,148.000,0.199360
85871ms,85871,148.392,0.200384
85903ms,85903,148.659,0.200979
85935ms,85935,148.972,0.200898
85968ms,85968,149.410,0.202304
85999ms,85999,149.681,0.202756
86032ms,86032,149.819,0.202315
86064ms,86064,149.939,0.202682
86096ms,86096,150.090,0.202088
86128ms,86128,150.027,0.202396
86160ms,86160,150.028,0.202158
86192ms,86192,149.934,0.202842
86239ms,86239,149.987,0.202495
86271ms,86271,150.081,0.202380
86303ms,86303,149.926,0.202057
86336ms,86336,149.947,0.202117
86367ms,86367,149.975,0.201858
86399ms,86399,150.017,0.202199
86432ms,86432,149.874,0.202100
86495ms,86495,148.958,0.201109
86528ms,86528,148.515,0.200313
86560ms,86560,148.058,0.200068
86592ms,86592,147.605,0.199042
86639ms,86639,147.419,0.198885
86703ms,86703,147.146,0.198535
86736ms,86736,146.786,0.198519
86768ms,86768,146.563,0.198637
86800ms,86800,146.500,0.200151
86832ms,86832,146.660,0.201634
86864ms,86864,146.651,0.197688
86896ms,86896,146.503,0.199787
86928ms,86928,146.355,0.199905
87007ms,87007,146.704,0.198062
87039ms,87039,146.549,0.197906
87071ms,87071,146.676,0.197761
87104ms,87104,146.961,0.197966
87136ms,87136,147.029,0.198485
87168ms,87168,147.342,0.198642
87200ms,87200,147.281,0.198317
87232ms,87232,147.677,0.198025
87264ms,87264,147.798,0.199413
87296ms,87296,148.052,0.199507
87328ms,87328,148.176,0.199758
87375ms,87375,148.693,0.200290
87407ms,87407,149.002,0.200724
87439ms,87439,149.198,0.201122
87471ms,87471,149.551,0.202057
87503ms,87503,149.754,0.202577
87536ms,87536,149.903,0.202397
87567ms,87567,149.920,0.202628
87599ms,87599,149.941,0.202150
87631ms,87631,149.947,0.201957
87664ms,87664,149.998,0.202418
87696ms,87696,149.996,0.202539
87743ms,87743,150.021,0.202565
87775ms,87775,150.036,0.202571
87807ms,87807,149.965,0.202664
87839ms,87839,149.912,0.202759
87871ms,87871,149.864,0.202273
87904ms,87904,149.838,0.202353
87936ms,87936,149.713,0.202119
87967ms,87967,149.084,0.201318
88000ms,88000,148.864,0.201069
88032ms,88032,148.278,0.200528
88064ms,88064,147.951,0.199453
88096ms,88096,147.450,0.199901
88143ms,88143,147.161,0.198751
88175ms,88175,146.935,0.199037
88208ms,88208,146.996,0.199400
88239ms,88239,146.596,0.198412
88272ms,88272,146.520,0.197654
88304ms,88304,146.652,0.202803
88336ms,88336,146.663,0.199709
88367ms,88367,146.582,0.200276
88431ms,88431,146.467,0.199678
88464ms,88464,146.586,0.197676
88496ms,88496,146.528,0.198580
88543ms,88543,146.765,0.198760
88576ms,88576,146.747,0.198187
88607ms,88607,146.953,0.198375
88639ms,88639,147.106,0.198492
88672ms,88672,147.175,0.198248
88703ms,88703,147.554,0.198373
88735ms,88735,147.679,0.199305
88767ms,88767,147.909,0.199533
88800ms,88800,148.030,0.199229
88832ms,88832,148.481,0.200176
88864ms,88864,148.761,0.200047
88911ms,88911,149.081,0.201292
88943ms,88943,149.534,0.201621
88976ms,88976,149.739,0.202101
89039ms,89039,149.897,0.203157
89103ms,89103,150.020,0.202881
89136ms,89136,150.023,0.202243
89168ms,89168,149.987,0.202546
89200ms,89200,150.033,0.203054
89232ms,89232,149.940,0.202042
89279ms,89279,150.025,0.202333
89311ms,89311,149.862,0.202137
89343ms,89343,149.937,0.202059
89375ms,89375,149.934,0.201908
89408ms,89408,149.823,0.202252
89440ms,89440,149.380,0.201975
89472ms,89472,148.941,0.200776
89504ms,89504,148.600,0.200187
89536ms,89536,148.040,0.199395
89568ms,89568,147.556,0.199658
89647ms,89647,147.081,0.199237
89679ms,89679,147.131,0.198318
89711ms,89711,146.834,0.199241
89743ms,89743,146.647,0.198451
89807ms,89807,146.692,0.200663
89839ms,89839,146.736,0.198407
89872ms,89872,146.499,0.198963
89904ms,89904,146.438,0.199376
89936ms,89936,146.532,0.198251
89968ms,89968,146.696,0.198361
90000ms,90000,146.616,0.199792
90047ms,90047,146.764,0.199175
90079ms,90079,147.017,0.197720
90111ms,90111,147.094,0.198507
90144ms,90144,147.301,0.198783
90176ms,90176,147.302,0.198543
90208ms,90208,147.638,0.198157
90240ms,90240,147.763,0.199309
90272ms,90272,148.041,0.200098
90304ms,90304,148.254,0.199431
90336ms,90336,148.621,0.200220
90368ms,90368,148.862,0.200880
90415ms,90415,149.178,0.201066
90448ms,90448,149.525,0.202204
90479ms,90479,149.783,0.202381
90511ms,90511,149.825,0.202647
90543ms,90543,149.891,0.202809
90576ms,90576,149.995,0.202395
90608ms,90608,150.022,0.202395
90640ms,90640,150.044,0.202129
90672ms,90672,149.934,0.202015
90704ms,90704,149.969,0.202604
90736ms,90736,149.923,0.202450
90768ms,90768,149.872,0.202381
90815ms,90815,149.955,0.202275
90847ms,90847,149.774,0.202433
90879ms,90879,149.915,0.202362
90911ms,90911,149.790,0.202199
90944ms,90944,149.265,0.201870
90976ms,90976,148.876,0.201239
91008ms,91008,148.389,0.200046
91040ms,91040,148.003,0.199970
91072ms,91072,147.593,0.198965
91104ms,91104,147.284,0.198506
91136ms,91136,146.987,0.198222
91183ms,91183,146.990,0.199787
91215ms,91215,146.662,0.199550
91247ms,91247,146.411,0.200649
91279ms,91279,146.676,0.200436
91311ms,91311,146.631,0.201819
91344ms,91344,146.587,0.199511
91376ms,91376,146.431,0.199672
91408ms,91408,146.542,0.198368
91440ms,91440,146.458,0.198229
91472ms,91472,146.774,0.198366
91504ms,91504,146.634,0.197059
91551ms,91551,146.748,0.197938
91583ms,91583,147.014,0.198513
91615ms,91615,147.134,0.198707
91648ms,91648,147.416,0.198412
91680ms,91680,147.599,0.198355
91711ms,91711,147.710,0.198929
91744ms,91744,147.853,0.199836
91776ms,91776,148.238,0.199136
91808ms,91808,148.560,0.199738
91840ms,91840,148.644,0.200616
91872ms,91872,149.081,0.201383
91951ms,91951,149.718,0.202071
91983ms,91983,149.731,0.202537
92015ms,92015,149.747,0.202670
92048ms,92048,150.016,0.203059
92080ms,92080,150.033,0.202781
92112ms,92112,149.955,0.202517
92144ms,92144,150.024,0.202853
92176ms,92176,149.986,0.202403
92208ms,92208,150.026,0.202315
92240ms,92240,149.901,0.202876
92272ms,92272,149.796,0.202205
92319ms,92319,149.841,0.202626
92351ms,92351,149.864,0.202272
92383ms,92383,149.944,0.202124
92415ms,92415,149.449,0.201941
92447ms,92447,148.928,0.201189
92480ms,92480,148.435,0.200625
92543ms,92543,147.541,0.199339
92608ms,92608,147.074,0.198759
92640ms,92640,147.081,0.198307
92687ms,92687,146.931,0.199575
92719ms,92719,146.572,0.198223
92751ms,92751,146.474,0.198959
92784ms,92784,146.459,0.198974
92848ms,92848,146.406,0.199706
92879ms,92879,146.456,0.200426
92912ms,92912,146.691,0.197520
92975ms,92975,146.750,0.196944
93008ms,93008,146.838,0.198373
93040ms,93040,147.012,0.198211
93088ms,93088,147.110,0.199079
93119ms,93119,147.265,0.198658
93151ms,93151,147.375,0.198032
93184ms,93184,147.606,0.198519
93215ms,93215,147.702,0.199407
93248ms,93248,147.988,0.200294
93279ms,93279,148.149,0.199965
93312ms,93312,148.710,0.199775
93344ms,93344,148.968,0.200970
93376ms,93376,149.248,0.201257
93408ms,93408,149.592,0.201706
93455ms,93455,149.748,0.202542
93487ms,93487,149.854,0.202681
93519ms,93519,149.932,0.202525
93551ms,93551,149.798,0.202226
93584ms,93584,149.986,0.202418
93615ms,93615,149.974,0.202076
93648ms,93648,149.998,0.202540
93680ms,93680,149.945,0.202581
93712ms,93712,149.895,0.202405
93744ms,93744,149.820,0.202002
93776ms,93776,149.781,0.201647
93823ms,93823,149.850,0.202266
93855ms,93855,149.848,0.202037
93919ms,93919,149.173,0.201718
93952ms,93952,148.847,0.201164
93983ms,93983,148.399,0.200216
94015ms,94015,148.126,0.199638
94048ms,94048,147.476,0.199880
94080ms,94080,147.196,0.198479
94112ms,94112,147.181,0.198492
94144ms,94144,146.962,0.198594
94191ms,94191,146.709,0.198106
94223ms,94223,146.472,0.201748
94255ms,94255,146.615,0.200776
94288ms,94288,146.613,0.199704
94319ms,94319,146.721,0.200414
94352ms,94352,146.631,0.200425
94384ms,94384,146.484,0.198139
94416ms,94416,146.613,0.198153
94448ms,94448,146.512,0.198064
94479ms,94479,146.603,0.198395
94512ms,94512,146.701,0.197772
94543ms,94543,146.913,0.198969
94591ms,94591,147.241,0.199061
94623ms,94623,147.381,0.198325
94655ms,94655,147.485,0.199070
94687ms,94687,147.719,0.198826
94720ms,94720,147.787,0.199281
94752ms,94752,148.025,0.199452
94784ms,94784,148.409,0.200052
94816ms,94816,148.623,0.200850
94848ms,94848,149.053,0.200916
94880ms,94880,149.485,0.201770
94912ms,94912,149.741,0.201945
94959ms,94959,149.692,0.202277
94991ms,94991,149.905,0.203128
95023ms,95023,149.670,0.202514
95055ms,95055,149.771,0.202092
95088ms,95088,149.870,0.202342
95120ms,95120,149.806,0.202153
95152ms,95152,149.753,0.202302
95184ms,95184,149.882,0.201988
95216ms,95216,149.815,0.202359
95248ms,95248,149.816,0.202502
95280ms,95280,149.809,0.202292
95312ms,95312,149.758,0.202601
95359ms,95359,149.840,0.202775
95391ms,95391,149.439,0.202173
95455ms,95455,148.365,0.200168
95488ms,95488,148.002,0.200068
95520ms,95520,147.652,0.198709
95551ms,95551,147.381,0.198706
95584ms,95584,147.119,0.199134
95616ms,95616,146.993,0.199270
95648ms,95648,146.768,0.198732
95680ms,95680,146.543,0.198665
95759ms,95759,146.814,0.201423
95791ms,95791,146.578,0.199095
95791ms,95791,146.578,0.199095
95823ms,95823,146.429,0.202010
95823ms,95823,146.429,0.202010
95856ms,95856,146.400,0.200073
95888ms,95888,146.453,0.197373
95920ms,95920,146.549,0.197812
95951ms,95951,146.576,0.197562
95984ms,95984,146.772,0.197967
96016ms,96016,146.826,0.197989
96048ms,96048,147.127,0.198014
96080ms,96080,147.268,0.198465
96127ms,96127,147.451,0.198264
96159ms,96159,147.583,0.198157
96191ms,96191,147.610,0.198992
96224ms,96224,147.903,0.199712
96256ms,96256,148.019,0.199245
96288ms,96288,148.450,0.200092
96351ms,96351,149.061,0.201600
96384ms,96384,149.453,0.202465
96416ms,96416,149.752,0.202280
96448ms,96448,149.875,0.202761
96495ms,96495,149.853,0.202332
96527ms,96527,149.919,0.202531
96559ms,96559,149.932,0.202040
96591ms,96591,149.884,0.202335
96624ms,96624,149.873,0.202119
96655ms,96655,149.930,0.202544
96688ms,96688,149.920,0.202026
96720ms,96720,149.903,0.202299
96752ms,96752,149.816,0.202397
96784ms,96784,149.755,0.202120
96816ms,96816,149.828,0.203117
96863ms,96863,149.669,0.202237
96895ms,96895,149.261,0.202330
96927ms,96927,148.896,0.201210
96959ms,96959,148.435,0.200249
96991ms,96991,147.914,0.199779
97023ms,97023,147.593,0.198704
97056ms,97056,147.158,0.198718
97088ms,97088,147.029,0.198540
97119ms,97119,147.083,0.198560
97152ms,97152,146.702,0.198326
97184ms,97184,146.457,0.197795
97231ms,97231,146.730,0.200210
97263ms,97263,146.558,0.201489
97295ms,97295,146.684,0.198751
97327ms,97327,146.547,0.200389
97360ms,97360,146.504,0.198540
97392ms,97392,146.513,0.198109
97424ms,97424,146.649,0.197867
97456ms,97456,146.767,0.197611
97488ms,97488,146.736,0.197985
97520ms,97520,146.931,0.198815
97552ms,97552,147.108,0.198559
97584ms,97584,147.285,0.197752
97631ms,97631,147.585,0.198864
97695ms,97695,147.847,0.199320
97727ms,97727,148.188,0.200090
97760ms,97760,148.295,0.199999
97791ms,97791,148.608,0.200436
97824ms,97824,149.058,0.201294
97856ms,97856,149.288,0.201568
97888ms,97888,149.681,0.202057
97919ms,97919,149.712,0.202066
97952ms,97952,149.776,0.201998
97999ms,97999,149.790,0.202381
98031ms,98031,149.848,0.202112
98063ms,98063,149.890,0.202213
98096ms,98096,149.838,0.202126
98128ms,98128,149.867,0.202398
98160ms,98160,149.849,0.202152
98192ms,98192,149.885,0.202182
98224ms,98224,149.861,0.202363
98256ms,98256,149.768,0.202183
98288ms,98288,149.768,0.201988
98320ms,98320,149.800,0.202289
98352ms,98352,149.447,0.202128
98399ms,98399,149.075,0.201191
98431ms,98431,148.429,0.200305
98463ms,98463,148.022,0.200842
98496ms,98496,147.823,0.199233
98528ms,98528,147.361,0.198912
98560ms,98560,147.053,0.198627
98591ms,98591,147.018,0.198399
98624ms,98624,146.858,0.199233
98656ms,98656,146.503,0.198278
98720ms,98720,146.575,0.199504
98767ms,98767,146.601,0.198954
98831ms,98831,146.393,0.200320
98863ms,98863,146.411,0.197969
98896ms,98896,146.634,0.198496
98928ms,98928,146.633,0.198290
98959ms,98959,146.711,0.198690
98992ms,98992,146.963,0.197627
99024ms,99024,147.135,0.198524
99056ms,99056,147.189,0.198301
99088ms,99088,147.358,0.198150
99135ms,99135,147.547,0.198210
99167ms,99167,147.854,0.199782
99199ms,99199,147.989,0.200297
99231ms,99231,148.161,0.199522
99264ms,99264,148.618,0.200099
99296ms,99296,149.062,0.201149
99327ms,99327,149.161,0.201287
99360ms,99360,149.494,0.201738
99391ms,99391,149.717,0.202271
99424ms,99424,149.973,0.202295
99456ms,99456,149.886,0.201791
99488ms,99488,150.023,0.202401
99535ms,99535,149.913,0.202213
99567ms,99567,149.790,0.201964
99599ms,99599,149.778,0.202006
99631ms,99631,149.798,0.202114
99664ms,99664,149.839,0.202196
99727ms,99727,149.780,0.201962
99760ms,99760,149.768,0.201864
99792ms,99792,149.760,0.202249
99824ms,99824,149.718,0.202389
99856ms,99856,149.325,0.201764
99903ms,99903,148.814,0.201405
99935ms,99935,148.353,0.200345
99967ms,99967,147.976,0.199201
99999ms,99999,147.556,0.199115
100031ms,100031,147.196,0.198516
100064ms,100064,147.101,0.198593
100096ms,100096,146.953,0.199259
100128ms,100128,146.587,0.197890
100159ms,100159,146.538,0.200188
100192ms,100192,146.752,0.200477
100224ms,100224,146.654,0.200268
100271ms,100271,146.493,0.203041
100303ms,100303,146.649,0.199208
100335ms,100335,146.520,0.198417
100367ms,100367,146.564,0.198354
100400ms,100400,146.552,0.198161
100432ms,100432,146.614,0.199158
100464ms,100464,146.768,0.197464
100496ms,100496,146.991,0.198229
100528ms,100528,147.287,0.198396
100560ms,100560,147.288,0.198534
100592ms,100592,147.603,0.198388
100624ms,100624,147.523,0.198867
100671ms,100671,147.814,0.199287
100703ms,100703,148.074,0.199236
100735ms,100735,148.484,0.200115
100767ms,100767,148.893,0.200675
100800ms,100800,149.063,0.201269
100832ms,100832,149.422,0.201859
100864ms,100864,149.676,0.202142
100896ms,100896,149.890,0.202113
100928ms,100928,149.886,0.202708
100960ms,100960,149.931,0.202587
100992ms,100992,149.944,0.201773
101071ms,101071,149.864,0.202043
101103ms,101103,149.877,0.202262
101136ms,101136,149.898,0.201980
101167ms,101167,149.967,0.202310
101200ms,101200,149.847,0.202039
101232ms,101232,149.851,0.202516
101264ms,101264,149.798,0.202584
101296ms,101296,149.824,0.202354
101327ms,101327,149.331,0.202094
101360ms,101360,149.073,0.201073
101407ms,101407,148.425,0.200822
101439ms,101439,147.929,0.200132
101471ms,101471,147.600,0.199023
101503ms,101503,147.482,0.199263
101536ms,101536,146.952,0.198350
101567ms,101567,147.106,0.198546
101600ms,101600,146.681,0.199361
101632ms,101632,146.476,0.197871
101664ms,101664,146.595,0.199893
101696ms,101696,146.680,0.199895
101728ms,101728,146.494,0.198533
101760ms,101760,146.586,0.198257
101807ms,101807,146.478,0.199843
101839ms,101839,146.452,0.197792
101903ms,101903,146.628,0.197295
101936ms,101936,146.734,0.198245
101968ms,101968,146.992,0.197782
102000ms,102000,147.165,0.198581
102032ms,102032,147.292,0.198259
102064ms,102064,147.339,0.198890
102096ms,102096,147.613,0.198899
102128ms,102128,147.740,0.199384
102207ms,102207,148.280,0.199636
102239ms,102239,148.665,0.199868
102272ms,102272,148.921,0.201316
102304ms,102304,149.248,0.201428
102336ms,102336,149.444,0.202144
102368ms,102368,149.653,0.202022
102400ms,102400,149.867,0.202542
102432ms,102432,149.797,0.202152
102464ms,102464,149.863,0.201968
102496ms,102496,149.847,0.201688
102543ms,102543,149.833,0.202186
102575ms,102575,149.880,0.202413
102608ms,102608,149.882,0.202118
102639ms,102639,149.850,0.202350
102672ms,102672,149.917,0.202866
102704ms,102704,149.813,0.202075
102736ms,102736,149.782,0.202812
102768ms,102768,149.926,0.202303
102800ms,102800,149.594,0.202281
102832ms,102832,149.210,0.201337
102864ms,102864,148.788,0.200645
102896ms,102896,148.288,0.200954
102943ms,102943,147.773,0.199029
102975ms,102975,147.476,0.199546
103007ms,103007,147.103,0.198054
103039ms,103039,147.097,0.198308
103072ms,103072,146.899,0.199068
103103ms,103103,146.647,0.198231
103168ms,103168,146.751,0.202092
103200ms,103200,146.786,0.199814
103232ms,103232,146.479,0.201038
103264ms,103264,146.479,0.199876
103311ms,103311,146.522,0.198572
103343ms,103343,146.636,0.197961
103375ms,103375,146.598,0.199152
103408ms,103408,146.682,0.199492
103439ms,103439,146.844,0.198048
103471ms,103471,147.040,0.197910
103504ms,103504,147.232,0.199310
103536ms,103536,147.329,0.198322
103568ms,103568,147.684,0.198337
103631ms,103631,147.950,0.199422
103680ms,103680,148.098,0.199729
103711ms,103711,148.650,0.200611
103743ms,103743,148.835,0.201137
103775ms,103775,149.147,0.201223
103807ms,103807,149.480,0.202325
103839ms,103839,149.805,0.202657
103872ms,103872,149.958,0.202474
103903ms,103903,149.921,0.201870
103935ms,103935,149.892,0.202214
103968ms,103968,149.987,0.202758
103999ms,103999,149.977,0.202395
104032ms,104032,150.062,0.202267
104079ms,104079,150.023,0.202419
104111ms,104111,150.083,0.202028
104144ms,104144,149.992,0.202173
104175ms,104175,149.976,0.202618
104207ms,104207,149.979,0.202574
104239ms,104239,149.919,0.202470
104272ms,104272,149.834,0.202060
104304ms,104304,149.337,0.202221
104336ms,104336,148.636,0.200784
104368ms,104368,148.344,0.199766
104400ms,104400,148.034,0.200034
104447ms,104447,147.460,0.198750
104479ms,104479,147.211,0.198434
104511ms,104511,147.125,0.199188
104543ms,104543,147.018,0.199214
104608ms,104608,146.573,0.200358
104671ms,104671,146.575,0.199865
104704ms,104704,146.711,0.199079
104735ms,104735,146.494,0.199942
104768ms,104768,146.619,0.197836
104815ms,104815,146.373,0.198321
104848ms,104848,146.611,0.197711
104879ms,104879,146.746,0.197980
104911ms,104911,146.683,0.197456
104943ms,104943,146.995,0.198311
104975ms,104975,147.078,0.198213
105039ms,105039,147.500,0.198588
105072ms,105072,147.785,0.198779
105104ms,105104,147.897,0.199203
105136ms,105136,148.094,0.199179
105168ms,105168,148.460,0.199772
105215ms,105215,148.616,0.200434
105247ms,105247,149.039,0.201640
105279ms,105279,149.366,0.201269
105311ms,105311,149.706,0.202084
105344ms,105344,149.810,0.202237
105375ms,105375,149.702,0.202721
105407ms,105407,149.865,0.202479
105440ms,105440,149.855,0.202070
105472ms,105472,149.854,0.201774
105504ms,105504,149.829,0.202052
105536ms,105536,149.966,0.202181
105583ms,105583,150.028,0.202264
105615ms,105615,149.928,0.202312
105647ms,105647,149.859,0.202545
105679ms,105679,149.816,0.202532
105712ms,105712,149.736,0.202518
105744ms,105744,149.790,0.202180
105776ms,105776,149.514,0.202176
105808ms,105808,149.122,0.200980
105840ms,105840,148.711,0.200095
105872ms,105872,148.130,0.199985
105904ms,105904,147.867,0.198894
105984ms,105984,147.127,0.198781
106015ms,106015,146.951,0.198247
106048ms,106048,146.991,0.199985
106079ms,106079,146.698,0.198480
106144ms,106144,146.551,0.198300
106176ms,106176,146.494,0.197635
106207ms,106207,146.439,0.200902
106240ms,106240,146.442,0.203719
106271ms,106271,146.553,0.198804
106319ms,106319,146.625,0.197873
106351ms,106351,146.650,0.198133
106383ms,106383,146.676,0.198093
106415ms,106415,146.843,0.197823
106447ms,106447,147.071,0.198526
106479ms,106479,147.253,0.197969
106511ms,106511,147.277,0.198751
106543ms,106543,147.714,0.198217
106575ms,106575,147.746,0.199147
106607ms,106607,148.200,0.199348
106639ms,106639,148.231,0.199508
106671ms,106671,148.665,0.199888
106719ms,106719,149.019,0.200731
106751ms,106751,149.211,0.201441
106783ms,106783,149.495,0.202116
106816ms,106816,149.766,0.202478
106847ms,106847,149.825,0.202447
106879ms,106879,149.774,0.202534
106911ms,106911,149.774,0.202463
106943ms,106943,149.895,0.202299
106975ms,106975,149.891,0.202429
107007ms,107007,149.764,0.202367
107039ms,107039,149.770,0.202086
107087ms,107087,149.869,0.201812
107119ms,107119,149.858,0.202100
107151ms,107151,149.790,0.201823
107183ms,107183,149.964,0.202505
107216ms,107216,149.798,0.202508
107247ms,107247,149.753,0.201986
107279ms,107279,149.191,0.201895
107311ms,107311,148.855,0.200885
107343ms,107343,148.400,0.199959
107375ms,107375,148.016,0.199342
107407ms,107407,147.447,0.199549
107487ms,107487,147.033,0.198499
107520ms,107520,146.950,0.199741
107551ms,107551,146.647,0.197751
107583ms,107583,146.472,0.199609
107615ms,107615,146.626,0.199368
107647ms,107647,146.456,0.199769
107680ms,107680,146.701,0.198981
107711ms,107711,146.578,0.198677
107744ms,107744,146.438,0.199339
107775ms,107775,146.525,0.198482
107807ms,107807,146.697,0.198252
107855ms,107855,146.686,0.198410
107887ms,107887,146.666,0.197372
107919ms,107919,146.940,0.198276
107952ms,107952,147.156,0.198416
107984ms,107984,147.379,0.198197
108016ms,108016,147.494,0.198399
108048ms,108048,147.800,0.198882
108080ms,108080,147.826,0.199322
108143ms,108143,148.362,0.199537
108176ms,108176,148.606,0.200761
108223ms,108223,149.129,0.201535
108255ms,108255,149.251,0.201674
108287ms,108287,149.575,0.201904
108319ms,108319,149.791,0.202207
108351ms,108351,149.949,0.202625
108416ms,108416,149.778,0.202476
108447ms,108447,149.756,0.202011
108480ms,108480,149.706,0.202278
108512ms,108512,149.958,0.202100
108544ms,108544,149.752,0.202198
108623ms,108623,149.931,0.202717
108655ms,108655,149.778,0.202076
108687ms,108687,149.707,0.201989
108719ms,108719,149.827,0.202150
108751ms,108751,149.351,0.201709
108784ms,108784,148.978,0.201074
108815ms,108815,148.612,0.199987
108848ms,108848,148.122,0.200060
108880ms,108880,147.775,0.198845
108912ms,108912,147.326,0.199733
108944ms,108944,147.014,0.199415
108991ms,108991,147.135,0.198456
109023ms,109023,146.837,0.198504
109055ms,109055,146.542,0.198803
109087ms,109087,146.420,0.198522
109119ms,109119,146.689,0.201224
109151ms,109151,146.663,0.199231
109184ms,109184,146.437,0.200294
109215ms,109215,146.562,0.200293
109247ms,109247,146.579,0.197413
109279ms,109279,146.680,0.198563
109312ms,109312,146.605,0.197428
109344ms,109344,146.679,0.198323
109391ms,109391,146.881,0.197954
109423ms,109423,146.982,0.197845
109455ms,109455,147.325,0.197997
109488ms,109488,147.337,0.198400
109520ms,109520,147.595,0.198142
109552ms,109552,147.702,0.199222
109584ms,109584,147.912,0.199631
109615ms,109615,148.162,0.199536
109648ms,109648,148.721,0.200230
109679ms,109679,148.987,0.201090
109712ms,109712,149.244,0.202223
109759ms,109759,149.552,0.201885
109791ms,109791,149.750,0.202397
109823ms,109823,149.809,0.202233
109855ms,109855,149.805,0.201664
109887ms,109887,149.851,0.202150
109919ms,109919,149.796,0.202052
109951ms,109951,149.795,0.201791
110015ms,110015,149.864,0.202053
110048ms,110048,149.749,0.201953
110079ms,110079,149.827,0.201855
110127ms,110127,149.915,0.202565
110159ms,110159,149.740,0.202095
110191ms,110191,149.886,0.202631
110223ms,110223,149.605,0.201954
110255ms,110255,149.247,0.202385
110288ms,110288,148.688,0.200924
110319ms,110319,148.356,0.200127
110352ms,110352,147.894,0.199643
110384ms,110384,147.445,0.198566
110416ms,110416,147.149,0.198589
110448ms,110448,147.012,0.198905
110480ms,110480,146.976,0.198700
110527ms,110527,146.670,0.198789
110559ms,110559,146.560,0.199922
110591ms,110591,146.597,0.198337
110623ms,110623,146.634,0.198960
110720ms,110720,146.535,0.198654
110752ms,110752,146.518,0.197618
110784ms,110784,146.501,0.198167
110816ms,110816,146.670,0.198142
110848ms,110848,146.760,0.198082
110895ms,110895,146.860,0.199114
110927ms,110927,147.196,0.198112
110959ms,110959,147.309,0.198335
110991ms,110991,147.630,0.198283
111024ms,111024,147.545,0.199122
111055ms,111055,147.739,0.199556
111088ms,111088,148.047,0.199213
111119ms,111119,148.358,0.200492
111152ms,111152,148.922,0.200865
111184ms,111184,149.137,0.201180
111216ms,111216,149.527,0.202040
111248ms,111248,149.758,0.202700
111295ms,111295,149.727,0.202071
111327ms,111327,149.950,0.202157
111359ms,111359,149.955,0.201815
111423ms,111423,149.916,0.202271
111487ms,111487,149.975,0.202481
111519ms,111519,149.995,0.202101
111552ms,111552,149.928,0.201976
111584ms,111584,149.853,0.201873
111616ms,111616,149.872,0.201728
111663ms,111663,149.812,0.201967
111695ms,111695,149.810,0.201410
111759ms,111759,148.912,0.200882
111792ms,111792,148.481,0.199406
111824ms,111824,147.934,0.200029
111856ms,111856,147.678,0.199971
111888ms,111888,147.194,0.199928
111919ms,111919,147.038,0.198765
111952ms,111952,147.063,0.198891
111984ms,111984,146.753,0.199841
112031ms,112031,146.323,0.199504
112063ms,112063,146.708,0.198110
112095ms,112095,146.608,0.199592
112127ms,112127,146.731,0.200582
112159ms,112159,146.375,0.200111
112192ms,112192,146.472,0.199276
112223ms,112223,146.351,0.197978
112256ms,112256,146.545,0.198103
112288ms,112288,146.675,0.197278
112320ms,112320,146.723,0.198651
112352ms,112352,146.888,0.197800
112399ms,112399,147.169,0.197830
112431ms,112431,147.209,0.198973
112464ms,112464,147.444,0.199475
112495ms,112495,147.613,0.198126
112528ms,112528,147.694,0.198598
112560ms,112560,148.133,0.199428
112592ms,112592,148.373,0.199789
112624ms,112624,148.787,0.200706
112655ms,112655,148.999,0.201352
112687ms,112687,149.279,0.201752
112720ms,112720,149.510,0.201999
112752ms,112752,149.857,0.202448
112799ms,112799,149.823,0.202322
112831ms,112831,149.767,0.202661
112863ms,112863,149.843,0.202406
112895ms,112895,149.852,0.202067
112927ms,112927,149.822,0.202322
112991ms,112991,149.897,0.202055
113024ms,113024,149.826,0.201982
113056ms,113056,149.808,0.202045
113088ms,113088,149.830,0.202205
113120ms,113120,149.748,0.201924
113167ms,113167,149.957,0.202581
113199ms,113199,149.593,0.202054
113231ms,113231,149.306,0.201464
113263ms,113263,148.826,0.200978
113296ms,113296,148.356,0.199759
113327ms,113327,148.021,0.199471
113360ms,113360,147.565,0.198438
113392ms,113392,147.189,0.198700
113424ms,113424,147.096,0.198190
113456ms,113456,146.944,0.198359
113488ms,113488,146.640,0.198351
113535ms,113535,146.551,0.199924
113567ms,113567,146.542,0.198186
113599ms,113599,146.666,0.200700
113632ms,113632,146.656,0.200677
113663ms,113663,146.584,0.199810
113696ms,113696,146.527,0.198585
113728ms,113728,146.563,0.197303
113760ms,113760,146.514,0.198227
113791ms,113791,146.778,0.198145
113824ms,113824,146.757,0.197855
113856ms,113856,146.991,0.198972
113888ms,113888,147.052,0.198678
113935ms,113935,147.402,0.198376
113967ms,113967,147.499,0.198436
113999ms,113999,147.862,0.199543
114031ms,114031,147.838,0.200108
114063ms,114063,148.131,0.199287
114096ms,114096,148.338,0.199998
114128ms,114128,148.727,0.200309
114160ms,114160,149.090,0.201001
114192ms,114192,149.441,0.202153
114255ms,114255,149.899,0.202804
114303ms,114303,149.871,0.202507
114335ms,114335,149.735,0.201780
114367ms,114367,149.754,0.202195
114399ms,114399,149.867,0.202098
114431ms,114431,150.007,0.202390
114464ms,114464,149.791,0.202258
114496ms,114496,149.905,0.201680
114528ms,114528,149.880,0.201756
114560ms,114560,149.878,0.202129
114592ms,114592,149.808,0.202101
114624ms,114624,149.791,0.202051
114656ms,114656,149.809,0.202509
114703ms,114703,149.353,0.202281
114735ms,114735,148.913,0.200723
114767ms,114767,148.305,0.200585
114799ms,114799,147.888,0.200299
114831ms,114831,147.655,0.199300
114864ms,114864,147.449,0.198588
114928ms,114928,147.108,0.198822
114960ms,114960,146.899,0.198018
114991ms,114991,146.548,0.199279
115071ms,115071,146.521,0.199359
115103ms,115103,146.594,0.206517
115167ms,115167,146.479,0.198624
115199ms,115199,146.540,0.198131
115231ms,115231,146.624,0.199376
115264ms,115264,146.719,0.198148
115296ms,115296,146.664,0.197921
115328ms,115328,146.974,0.197760
115360ms,115360,147.112,0.198443
115439ms,115439,147.354,0.199032
115471ms,115471,147.728,0.198501
115503ms,115503,147.777,0.200235
115535ms,115535,148.224,0.199878
115567ms,115567,148.289,0.199916
115599ms,115599,148.570,0.199963
115631ms,115631,149.007,0.201615
115664ms,115664,149.405,0.201607
115695ms,115695,149.706,0.202303
115728ms,115728,149.705,0.202274
115760ms,115760,149.835,0.202649
115807ms,115807,149.881,0.202218
115839ms,115839,149.838,0.201879
115871ms,115871,149.889,0.202223
115903ms,115903,149.926,0.201972
115935ms,115935,149.874,0.202086
115968ms,115968,149.921,0.202257
115999ms,115999,149.909,0.202033
116031ms,116031,149.833,0.201830
116064ms,116064,149.919,0.201839
116096ms,116096,149.887,0.202612
116128ms,116128,149.866,0.202633
116160ms,116160,149.581,0.201959
116207ms,116207,149.122,0.201261
116239ms,116239,148.647,0.200480
116271ms,116271,148.310,0.200089
116303ms,116303,147.920,0.199201
116336ms,116336,147.493,0.199197
116368ms,116368,147.030,0.198418
116399ms,116399,147.000,0.198870
116432ms,116432,146.990,0.199486
116463ms,116463,146.695,0.198209
116495ms,116495,146.626,0.200393
116528ms,116528,146.597,0.200139
116575ms,116575,146.651,0.200110
116639ms,116639,146.533,0.200290
116671ms,116671,146.474,0.198013
116704ms,116704,146.622,0.197411
116736ms,116736,146.535,0.198049
116768ms,116768,146.598,0.198181
116799ms,116799,146.685,0.197757
116832ms,116832,146.969,0.198749
116864ms,116864,147.132,0.198397
116896ms,116896,147.242,0.198298
116928ms,116928,147.629,0.199724
116975ms,116975,147.563,0.198921
117007ms,117007,147.865,0.199606
117039ms,117039,148.135,0.199479
117071ms,117071,148.462,0.199409
117103ms,117103,148.836,0.200768
117135ms,117135,149.120,0.201123
117167ms,117167,149.566,0.201995
117200ms,117200,149.764,0.202596
117232ms,117232,149.921,0.203285
117264ms,117264,149.851,0.202533
117296ms,117296,149.964,0.202756
117343ms,117343,149.958,0.201891
117375ms,117375,149.887,0.201965
117407ms,117407,149.912,0.202421
117439ms,117439,149.973,0.202157
117471ms,117471,150.161,0.202159
117504ms,117504,149.850,0.201823
117535ms,117535,149.993,0.202055
117567ms,117567,149.790,0.202634
117600ms,117600,149.869,0.202185
117632ms,117632,149.797,0.202745
117664ms,117664,149.284,0.202086
117711ms,117711,148.962,0.200963
117743ms,117743,148.444,0.200307
117775ms,117775,147.951,0.199950
117807ms,117807,147.563,0.199000
117839ms,117839,147.159,0.198822
117872ms,117872,146.978,0.198763
117904ms,117904,147.033,0.200053
117936ms,117936,146.638,0.198445
117968ms,117968,146.558,0.200099
118032ms,118032,146.668,0.201479
118111ms,118111,146.472,0.199129
118143ms,118143,146.515,0.200560
118175ms,118175,146.522,0.198245
118208ms,118208,146.698,0.197763
118271ms,118271,146.799,0.198520
118304ms,118304,146.985,0.197771
118336ms,118336,147.113,0.198419
118368ms,118368,147.202,0.198353
118399ms,118399,147.424,0.198747
118432ms,118432,147.660,0.198800
118479ms,118479,147.747,0.199258
118511ms,118511,148.067,0.199468
118543ms,118543,148.321,0.199868
118575ms,118575,148.681,0.200393
118608ms,118608,149.028,0.201409
118639ms,118639,149.392,0.201859
118672ms,118672,149.609,0.202331
118704ms,118704,149.775,0.202568
118736ms,118736,149.883,0.202532
118768ms,118768,149.869,0.202123
118800ms,118800,150.028,0.202238
118847ms,118847,149.886,0.202630
118879ms,118879,149.872,0.201958
118911ms,118911,149.901,0.202205
118943ms,118943,150.015,0.201974
118976ms,118976,149.879,0.202227
119008ms,119008,149.955,0.202192
119039ms,119039,149.895,0.202077
119072ms,119072,149.781,0.202349
119103ms,119103,149.995,0.202291
119136ms,119136,149.579,0.202034
119168ms,119168,149.198,0.201335
119200ms,119200,148.673,0.200638
119247ms,119247,148.170,0.200253
119279ms,119279,147.721,0.199243
119312ms,119312,147.425,0.199273
119343ms,119343,146.950,0.199124
119376ms,119376,147.020,0.199152
119408ms,119408,146.645,0.197920
119440ms,119440,146.490,0.200119
119471ms,119471,146.508,0.199472
119504ms,119504,146.653,0.199382
119536ms,119536,146.826,0.201681
119567ms,119567,146.571,0.199890
119615ms,119615,146.461,0.198532
119648ms,119648,146.610,0.197826
119679ms,119679,146.634,0.198122
119743ms,119743,146.746,0.198265
119776ms,119776,147.027,0.198460
119808ms,119808,147.303,0.199454
119840ms,119840,147.344,0.198363
119872ms,119872,147.560,0.198395
119904ms,119904,147.773,0.199699
119936ms,119936,148.041,0.199437
119983ms,119983,148.284,0.199502
120015ms,120015,148.590,0.201055
120047ms,120047,149.155,0.201321
120079ms,120079,149.342,0.201544
120112ms,120112,149.592,0.201878
120144ms,120144,149.830,0.202463
120176ms,120176,149.914,0.202778
120207ms,120207,150.088,0.202094
120239ms,120239,149.997,0.202327
120271ms,120271,150.006,0.202119
120303ms,120303,149.964,0.202329
120336ms,120336,150.022,0.202629
120415ms,120415,149.991,0.202556
120447ms,120447,150.024,0.202561
120479ms,120479,149.974,0.202364
120512ms,120512,149.981,0.202529
120575ms,120575,149.393,0.202195
120608ms,120608,148.948,0.201233
120639ms,120639,148.389,0.200345
120671ms,120671,148.027,0.199902
120704ms,120704,147.594,0.200013
120751ms,120751,147.052,0.198585
120783ms,120783,147.133,0.198967
120815ms,120815,146.916,0.199284
120847ms,120847,146.658,0.197961
120879ms,120879,146.601,0.199321
120911ms,120911,146.812,0.199785
120943ms,120943,146.767,0.201202
120976ms,120976,146.656,0.199730
121008ms,121008,146.568,0.200753
121040ms,121040,146.471,0.198064
121072ms,121072,146.558,0.197787
121119ms,121119,146.712,0.197179
121151ms,121151,146.809,0.198191
121183ms,121183,146.915,0.197089
121215ms,121215,147.184,0.197812
121247ms,121247,147.394,0.199055
121279ms,121279,147.451,0.198818
121312ms,121312,147.815,0.198899
121343ms,121343,147.807,0.199566
121375ms,121375,148.211,0.199635
121407ms,121407,148.441,0.200231
121440ms,121440,148.723,0.200538
121519ms,121519,149.347,0.201776
121551ms,121551,149.741,0.201910
121583ms,121583,149.796,0.202804
121615ms,121615,149.798,0.202273
121647ms,121647,149.884,0.202641
121679ms,121679,149.911,0.202322
121711ms,121711,149.880,0.202460
121744ms,121744,149.896,0.202459
121776ms,121776,149.911,0.202460
121808ms,121808,149.966,0.202154
121840ms,121840,149.994,0.202376
121887ms,121887,149.992,0.202067
121919ms,121919,149.902,0.201871
121951ms,121951,149.944,0.202120
121984ms,121984,149.721,0.202028
122016ms,122016,149.154,0.201437
122048ms,122048,148.729,0.200877
122080ms,122080,148.142,0.200369
122112ms,122112,148.011,0.199360
122144ms,122144,147.454,0.199820
122176ms,122176,147.134,0.198600
122208ms,122208,147.011,0.198343
122256ms,122256,146.901,0.198695
122287ms,122287,146.709,0.198449
122319ms,122319,146.585,0.199605
122351ms,122351,146.681,0.199420
122384ms,122384,146.614,0.202408
122448ms,122448,146.516,0.199401
122480ms,122480,146.500,0.197990
122512ms,122512,146.526,0.197759
122544ms,122544,146.497,0.199400
122575ms,122575,146.716,0.198176
122623ms,122623,146.768,0.197962
122655ms,122655,147.013,0.198932
122687ms,122687,147.070,0.199506
122719ms,122719,147.349,0.198601
122751ms,122751,147.552,0.198519
122784ms,122784,147.731,0.199287
122815ms,122815,147.868,0.199783
122848ms,122848,148.152,0.199690
122880ms,122880,148.378,0.200130
122912ms,122912,148.652,0.200842
122944ms,122944,149.146,0.201483
122976ms,122976,149.574,0.202017
123023ms,123023,149.678,0.202412
123055ms,123055,149.795,0.202277
123087ms,123087,150.005,0.202176
123119ms,123119,149.980,0.201952
123151ms,123151,150.024,0.202269
123184ms,123184,149.930,0.202584
123215ms,123215,149.941,0.202362
123247ms,123247,149.929,0.202316
123280ms,123280,150.049,0.202201
123311ms,123311,149.913,0.202367
123344ms,123344,149.912,0.202275
123391ms,123391,149.906,0.202408
123423ms,123423,150.022,0.202514
123455ms,123455,149.770,0.202415
123487ms,123487,149.385,0.202025
123519ms,123519,149.034,0.201315
123551ms,123551,148.448,0.200481
123584ms,123584,148.090,0.200590
123647ms,123647,147.136,0.199001
123680ms,123680,147.074,0.198412
123712ms,123712,147.169,0.199209
123744ms,123744,146.813,0.198700
123791ms,123791,146.633,0.199608
123823ms,123823,146.583,0.199084
123855ms,123855,146.616,0.200710
123887ms,123887,146.437,0.202722
123919ms,123919,146.598,0.199131
123951ms,123951,146.444,0.199976
123984ms,123984,146.501,0.197507
124015ms,124015,146.591,0.197695
124048ms,124048,146.724,0.197150
124080ms,124080,146.783,0.197930
124112ms,124112,146.956,0.197790
124159ms,124159,147.087,0.198872
124191ms,124191,147.275,0.198203
124223ms,124223,147.439,0.198860
124255ms,124255,147.543,0.197864
124287ms,124287,147.743,0.198974
124319ms,124319,148.080,0.199188
124351ms,124351,148.173,0.199422
124415ms,124415,148.834,0.201257
124448ms,124448,149.307,0.201124
124479ms,124479,149.490,0.202579
124527ms,124527,149.772,0.202668
124559ms,124559,149.852,0.202147
124591ms,124591,150.032,0.202888
124623ms,124623,149.946,0.202237
124655ms,124655,149.901,0.202280
124687ms,124687,149.988,0.202299
124719ms,124719,150.048,0.202441
124751ms,124751,149.929,0.202002
124783ms,124783,149.931,0.201991
124815ms,124815,149.956,0.202138
124848ms,124848,149.916,0.202351
124879ms,124879,149.916,0.202084
124927ms,124927,149.932,0.202437
124959ms,124959,149.765,0.202725
124991ms,124991,149.369,0.201620
125023ms,125023,148.739,0.201122
125056ms,125056,148.283,0.200654
125088ms,125088,148.017,0.199658
125120ms,125120,147.355,0.199164
125183ms,125183,147.029,0.198046
125216ms,125216,147.035,0.198341
125248ms,125248,146.637,0.197978
125295ms,125295,146.516,0.203007
125359ms,125359,146.470,0.197943
125423ms,125423,146.582,0.199797
125456ms,125456,146.459,0.197558
125488ms,125488,146.411,0.197848
125520ms,125520,146.570,0.197456
125551ms,125551,146.821,0.198005
125584ms,125584,146.768,0.198491
125616ms,125616,146.883,0.198658
125663ms,125663,147.170,0.199164
125695ms,125695,147.391,0.198583
125727ms,125727,147.567,0.199042
125759ms,125759,147.666,0.198765
125791ms,125791,147.834,0.199789
125824ms,125824,148.155,0.199254
125856ms,125856,148.280,0.199755
125888ms,125888,148.691,0.200491
125920ms,125920,149.014,0.201317
125952ms,125952,149.470,0.201786
125984ms,125984,149.536,0.202322
126015ms,126015,149.804,0.202317
126063ms,126063,150.019,0.202830
126095ms,126095,149.954,0.202208
126127ms,126127,149.980,0.202054
126159ms,126159,150.001,0.203014
126191ms,126191,150.017,0.202394
126224ms,126224,149.962,0.202395
126256ms,126256,150.005,0.202549
126288ms,126288,149.899,0.202691
126320ms,126320,150.000,0.202391
126351ms,126351,150.058,0.202477
126384ms,126384,149.958,0.202284
126431ms,126431,149.875,0.202245
126463ms,126463,149.462,0.202048
126495ms,126495,149.115,0.200693
126527ms,126527,148.654,0.200246
126559ms,126559,148.133,0.200610
126591ms,126591,147.550,0.199324
126624ms,126624,147.367,0.199586
126656ms,126656,147.253,0.199303
126688ms,126688,146.969,0.198568
126720ms,126720,146.708,0.198306
126831ms,126831,146.562,0.203226
126863ms,126863,146.557,0.200002
126895ms,126895,146.477,0.202004
126927ms,126927,146.325,0.199383
126959ms,126959,146.494,0.198837
126991ms,126991,146.631,0.197853
127023ms,127023,146.559,0.197625
127055ms,127055,146.834,0.198656
127088ms,127088,146.817,0.198155
127120ms,127120,146.913,0.197806
127152ms,127152,147.157,0.199265
127199ms,127199,147.340,0.198255
127231ms,127231,147.601,0.198314
127263ms,127263,147.638,0.199080
127295ms,127295,147.974,0.199651
127327ms,127327,148.235,0.199238
127359ms,127359,148.643,0.199526
127391ms,127391,148.947,0.200871
127424ms,127424,149.202,0.201006
127455ms,127455,149.447,0.201710
127488ms,127488,149.799,0.202275
127520ms,127520,149.743,0.202220
127567ms,127567,149.921,0.202227
127599ms,127599,149.902,0.202347
127631ms,127631,149.867,0.202235
127663ms,127663,149.918,0.202362
127727ms,127727,149.861,0.202372
127760ms,127760,149.866,0.202231
127792ms,127792,149.896,0.202353
127824ms,127824,149.932,0.202428
127856ms,127856,149.966,0.202414
127888ms,127888,149.939,0.201849
127920ms,127920,149.724,0.202239
127967ms,127967,149.284,0.201893
127999ms,127999,148.913,0.201014
128031ms,128031,148.414,0.199758
128064ms,128064,148.035,0.199219
128095ms,128095,147.513,0.198824
128127ms,128127,147.182,0.198540
128159ms,128159,147.121,0.199081
128192ms,128192,147.032,0.197912
128223ms,128223,146.612,0.198157
128256ms,128256,146.544,0.199796
128335ms,128335,146.433,0.200987
128399ms,128399,146.610,0.199131
128432ms,128432,146.583,0.198060
128464ms,128464,146.455,0.197822
128495ms,128495,146.687,0.197607
128528ms,128528,146.788,0.198117
128560ms,128560,146.733,0.198450
128623ms,128623,147.029,0.198645
128656ms,128656,147.493,0.198595
128704ms,128704,147.445,0.198714
128735ms,128735,147.560,0.198268
128768ms,128768,147.783,0.199528
128799ms,128799,148.108,0.199628
128831ms,128831,148.397,0.199807
128863ms,128863,148.730,0.200361
128895ms,128895,149.045,0.201158
128928ms,128928,149.357,0.201093
128960ms,128960,149.634,0.202264
128992ms,128992,149.731,0.202517
129024ms,129024,149.920,0.202613
129056ms,129056,149.983,0.202253
129103ms,129103,149.909,0.201960
129135ms,129135,149.878,0.202000
129167ms,129167,149.887,0.202115
129231ms,129231,149.964,0.202676
129264ms,129264,149.954,0.202109
129296ms,129296,149.957,0.202351
129328ms,129328,149.950,0.202331
129360ms,129360,149.842,0.202344
129392ms,129392,149.698,0.202644
129424ms,129424,149.546,0.202717
129471ms,129471,149.071,0.201092
129535ms,129535,148.142,0.201167
129567ms,129567,147.627,0.199325
129599ms,129599,147.250,0.199366
129631ms,129631,147.025,0.199272
129663ms,129663,147.091,0.197863
129696ms,129696,146.762,0.198500
129728ms,129728,146.478,0.198447
129759ms,129759,146.428,0.202525
129792ms,129792,146.429,0.202882
129839ms,129839,146.479,0.201202
129871ms,129871,146.415,0.202321
129903ms,129903,146.491,0.201099
129935ms,129935,146.538,0.199438
129967ms,129967,146.627,0.198332
129999ms,129999,146.554,0.199369
130031ms,130031,146.838,0.197629
130063ms,130063,146.808,0.198458
130096ms,130096,147.082,0.199058
130127ms,130127,147.350,0.198537
130160ms,130160,147.283,0.198020
130207ms,130207,147.529,0.197913
130239ms,130239,147.551,0.199066
130271ms,130271,147.844,0.199416
130303ms,130303,148.108,0.199178
130336ms,130336,148.658,0.199430
130368ms,130368,148.894,0.200833
130400ms,130400,149.187,0.201629
130432ms,130432,149.536,0.202241
130463ms,130463,149.776,0.202186
130495ms,130495,149.801,0.202873
130528ms,130528,149.872,0.202373
130560ms,130560,149.888,0.202309
130607ms,130607,149.797,0.202138
130639ms,130639,149.959,0.202493
130671ms,130671,149.906,0.202686
130704ms,130704,149.919,0.202190
130736ms,130736,149.891,0.202141
130768ms,130768,149.935,0.202118
130799ms,130799,149.962,0.203043
130832ms,130832,149.909,0.202150
130864ms,130864,149.932,0.202466
130896ms,130896,149.775,0.202390
130959ms,130959,148.850,0.200836
131008ms,131008,148.220,0.199769
131039ms,131039,147.934,0.199586
131072ms,131072,147.317,0.200338
131103ms,131103,147.182,0.198641
131136ms,131136,147.120,0.198008
131167ms,131167,147.019,0.198735
131199ms,131199,146.656,0.197574
131231ms,131231,146.613,0.200842
131264ms,131264,146.570,0.201121
131296ms,131296,146.460,0.207079
131328ms,131328,146.703,0.200130
131375ms,131375,146.604,0.199667
131408ms,131408,146.522,0.198830
131439ms,131439,146.624,0.198106
131472ms,131472,146.554,0.198197
131504ms,131504,146.790,0.197990
131536ms,131536,146.673,0.198368
131568ms,131568,146.938,0.198777
131599ms,131599,147.158,0.198411
131632ms,131632,147.368,0.198409
131664ms,131664,147.494,0.198113
131696ms,131696,147.766,0.198917
131743ms,131743,147.912,0.199818
131775ms,131775,148.036,0.199778
131807ms,131807,148.545,0.200029
131839ms,131839,148.675,0.200721
131871ms,131871,149.137,0.201252
131903ms,131903,149.586,0.201526
131935ms,131935,149.710,0.202353
131967ms,131967,149.724,0.202265
132000ms,132000,149.907,0.202036
132032ms,132032,149.955,0.202479
132064ms,132064,150.006,0.202194
132096ms,132096,149.815,0.202573
132143ms,132143,149.948,0.202671
132176ms,132176,149.795,0.202135
132207ms,132207,149.978,0.203033
132239ms,132239,149.918,0.202813
132272ms,132272,149.842,0.202235
132303ms,132303,149.959,0.202623
132335ms,132335,149.832,0.202247
132367ms,132367,149.753,0.202378
132399ms,132399,149.352,0.202179
132432ms,132432,148.887,0.200686
132464ms,132464,148.449,0.200739
132543ms,132543,147.578,0.199104
132575ms,132575,147.189,0.198990
132607ms,132607,147.049,0.198096
132639ms,132639,146.982,0.199114
132672ms,132672,146.634,0.199324
132703ms,132703,146.364,0.199517
132768ms,132768,146.513,0.201022
132832ms,132832,146.525,0.202058
132879ms,132879,146.414,0.197779
132911ms,132911,146.496,0.197160
132943ms,132943,146.605,0.197960
132975ms,132975,146.634,0.197215
133007ms,133007,146.723,0.198180
133039ms,133039,146.928,0.198131
133072ms,133072,147.033,0.198510
133104ms,133104,147.301,0.198283
133136ms,133136,147.422,0.198625
133199ms,133199,147.762,0.199522
133247ms,133247,148.035,0.199748
133279ms,133279,148.204,0.200103
133311ms,133311,148.650,0.200352
133343ms,133343,148.994,0.200703
133375ms,133375,149.338,0.201448
133407ms,133407,149.478,0.202048
133440ms,133440,149.861,0.202473
133472ms,133472,149.901,0.202741
133504ms,133504,149.733,0.202034
133535ms,133535,149.822,0.202404
133567ms,133567,149.856,0.202449
133600ms,133600,149.829,0.202404
133647ms,133647,149.881,0.202653
133679ms,133679,149.990,0.202205
133711ms,133711,149.936,0.202592
133743ms,133743,149.848,0.202727
133775ms,133775,149.866,0.202673
133808ms,133808,149.846,0.201871
133839ms,133839,149.821,0.202381
133871ms,133871,149.500,0.202741
133904ms,133904,149.080,0.201036
133936ms,133936,148.581,0.200827
134111ms,134111,146.906,0.198956
134144ms,134144,146.894,0.199572
134176ms,134176,146.579,0.198468
134208ms,134208,146.566,0.200589
134240ms,134240,146.515,0.200350
134303ms,134303,146.448,0.199634
134336ms,134336,146.599,0.198509
134383ms,134383,146.471,0.198600
134415ms,134415,146.651,0.197482
134447ms,134447,146.531,0.197995
134479ms,134479,146.814,0.198180
134511ms,134511,146.849,0.198319
134575ms,134575,147.320,0.198552
134608ms,134608,147.310,0.198851
134640ms,134640,147.640,0.198258
134672ms,134672,147.703,0.199254
134704ms,134704,148.041,0.199660
134784ms,134784,148.470,0.201310
134815ms,134815,149.003,0.200928
134847ms,134847,149.258,0.201166
134879ms,134879,149.523,0.201671
134911ms,134911,149.739,0.202388
134943ms,134943,149.719,0.201959
134976ms,134976,149.865,0.202140
135008ms,135008,149.952,0.202176
135040ms,135040,150.002,0.202155
135072ms,135072,149.975,0.202061
135104ms,135104,149.825,0.201977
135151ms,135151,149.942,0.202820
135183ms,135183,149.888,0.202343
135215ms,135215,149.919,0.202112
135248ms,135248,149.847,0.202340
135279ms,135279,149.890,0.202460
135312ms,135312,149.926,0.202491
135344ms,135344,149.737,0.202138
135376ms,135376,149.172,0.202095
135407ms,135407,148.820,0.201262
135440ms,135440,148.217,0.200557
135471ms,135471,148.025,0.199660
135519ms,135519,147.445,0.198900
135551ms,135551,147.185,0.199039
135583ms,135583,147.080,0.198903
135615ms,135615,147.016,0.198426
135647ms,135647,146.594,0.197931
135679ms,135679,146.449,0.200790
135744ms,135744,146.598,0.198473
135776ms,135776,146.680,0.200031
135808ms,135808,146.605,0.199559
135840ms,135840,146.605,0.198720
135872ms,135872,146.404,0.198472
135919ms,135919,146.625,0.198969
135951ms,135951,146.738,0.198674
135983ms,135983,146.846,0.199040
136015ms,136015,147.010,0.198772
136047ms,136047,147.121,0.198407
136080ms,136080,147.363,0.198997
136112ms,136112,147.563,0.198472
136144ms,136144,147.595,0.198758
136176ms,136176,147.796,0.199449
136208ms,136208,148.176,0.199452
136240ms,136240,148.409,0.200190
136272ms,136272,148.595,0.200851
136319ms,136319,148.997,0.201404
136351ms,136351,149.475,0.201859
136383ms,136383,149.605,0.202147
136447ms,136447,149.969,0.201950
136480ms,136480,150.044,0.202416
136512ms,136512,149.969,0.202575
136544ms,136544,150.010,0.202548
136576ms,136576,149.971,0.202095
136608ms,136608,149.962,0.202234
136640ms,136640,149.976,0.202487
136687ms,136687,150.041,0.202585
136719ms,136719,150.007,0.202398
136751ms,136751,149.953,0.202401
136784ms,136784,150.010,0.202386
136816ms,136816,149.737,0.202339
136848ms,136848,149.447,0.201679
136880ms,136880,149.089,0.201833
136912ms,136912,148.521,0.200301
136944ms,136944,148.082,0.200295
136976ms,136976,147.659,0.199935
137055ms,137055,147.127,0.199186
137087ms,137087,146.954,0.198718
137119ms,137119,146.902,0.198710
137151ms,137151,146.473,0.197893
137216ms,137216,146.370,0.199450
137248ms,137248,146.486,0.200159
137280ms,137280,146.504,0.203234
137343ms,137343,146.630,0.198907
137376ms,137376,146.511,0.197532
137423ms,137423,146.486,0.198429
137455ms,137455,146.746,0.197870
137487ms,137487,146.913,0.198166
137551ms,137551,147.148,0.200125
137584ms,137584,147.402,0.198720
137615ms,137615,147.558,0.198267
137647ms,137647,147.595,0.198736
137679ms,137679,147.974,0.199329
137711ms,137711,148.099,0.199404
137744ms,137744,148.522,0.200003
137776ms,137776,148.757,0.201245
137823ms,137823,149.271,0.201441
137855ms,137855,149.522,0.202264
137887ms,137887,149.692,0.202091
137919ms,137919,149.679,0.202482
137951ms,137951,149.822,0.202329
137983ms,137983,149.811,0.202488
138015ms,138015,149.916,0.201809
138047ms,138047,149.976,0.202278
138079ms,138079,149.931,0.202073
138111ms,138111,149.935,0.202254
138143ms,138143,149.796,0.202368
138191ms,138191,149.920,0.202307
138223ms,138223,149.910,0.202220
138255ms,138255,149.866,0.202488
138287ms,138287,149.910,0.202423
138319ms,138319,149.870,0.201888
138351ms,138351,149.238,0.201952
138383ms,138383,148.856,0.201126
138415ms,138415,148.337,0.200033
138447ms,138447,148.022,0.199990
138479ms,138479,147.566,0.198830
138512ms,138512,147.237,0.198387
138559ms,138559,146.977,0.198593
138591ms,138591,147.047,0.198756
138623ms,138623,146.569,0.198255
138655ms,138655,146.483,0.201334
138687ms,138687,146.599,0.198336
138720ms,138720,146.629,0.200508
138751ms,138751,146.893,0.199766
138783ms,138783,146.512,0.199434
138815ms,138815,146.513,0.197050
138848ms,138848,146.353,0.197371
138880ms,138880,146.644,0.198801
138912ms,138912,146.793,0.197810
138959ms,138959,146.754,0.198122
138991ms,138991,147.113,0.197910
139023ms,139023,147.191,0.198355
139056ms,139056,147.323,0.198050
139087ms,139087,147.634,0.199036
139120ms,139120,147.644,0.199064
139152ms,139152,147.688,0.199432
139215ms,139215,148.302,0.200095
139248ms,139248,148.679,0.199896
139280ms,139280,149.092,0.200725
139327ms,139327,149.381,0.201433
139359ms,139359,149.574,0.202117
139391ms,139391,149.712,0.202342
139423ms,139423,149.812,0.202989
139455ms,139455,149.879,0.202218
139488ms,139488,149.956,0.201914
139520ms,139520,149.861,0.202022
139551ms,139551,149.997,0.202334
139584ms,139584,149.958,0.201783
139616ms,139616,149.870,0.202302
139648ms,139648,149.810,0.202266
139695ms,139695,150.045,0.202176
139727ms,139727,149.921,0.202680
139759ms,139759,149.838,0.202111
139791ms,139791,149.879,0.202422
139823ms,139823,149.676,0.201960
139887ms,139887,148.764,0.200720
139920ms,139920,148.252,0.200366
139951ms,139951,147.776,0.199310
139984ms,139984,147.395,0.199216
140016ms,140016,147.119,0.198837
140048ms,140048,146.919,0.198859
140095ms,140095,146.873,0.201240
140127ms,140127,146.578,0.198290
140159ms,140159,146.628,0.202176
140191ms,140191,146.743,0.200334
140224ms,140224,146.874,0.199582
140256ms,140256,146.627,0.199106
140288ms,140288,146.459,0.199359
140319ms,140319,146.603,0.198486
140351ms,140351,146.662,0.197793
140384ms,140384,146.513,0.199115
140416ms,140416,146.739,0.198052
140463ms,140463,146.735,0.197850
140495ms,140495,146.884,0.198151
140527ms,140527,147.244,0.198935
140559ms,140559,147.462,0.199044
140592ms,140592,147.602,0.198037
140623ms,140623,147.669,0.199065
140656ms,140656,147.845,0.199965
140687ms,140687,148.115,0.199387
140720ms,140720,148.562,0.200003
140783ms,140783,149.244,0.201624
140831ms,140831,149.324,0.202051
140863ms,140863,149.745,0.202448
140895ms,140895,149.892,0.202800
140927ms,140927,149.853,0.202112
140960ms,140960,149.928,0.201969
140992ms,140992,149.999,0.202479
141024ms,141024,149.845,0.202321
141056ms,141056,149.934,0.202232
141088ms,141088,150.048,0.202787
141119ms,141119,149.964,0.202677
141152ms,141152,149.919,0.202110
141184ms,141184,149.897,0.202421
141231ms,141231,149.916,0.202205
141263ms,141263,149.912,0.201513
141295ms,141295,149.815,0.202390
141327ms,141327,149.302,0.201641
141360ms,141360,148.989,0.200813
141392ms,141392,148.379,0.200084
141424ms,141424,147.992,0.200087
141456ms,141456,147.612,0.199209
141488ms,141488,147.297,0.198883
141520ms,141520,147.067,0.198940
141551ms,141551,147.010,0.199026
141599ms,141599,146.525,0.198397
141631ms,141631,146.354,0.199700
141695ms,141695,146.620,0.199193
141760ms,141760,146.629,0.201174
141792ms,141792,146.469,0.198548
141824ms,141824,146.524,0.198049
141855ms,141855,146.466,0.197214
141888ms,141888,146.725,0.197796
141920ms,141920,146.774,0.198199
141952ms,141952,146.915,0.198741
141999ms,141999,147.157,0.197914
142031ms,142031,147.386,0.198816
142063ms,142063,147.306,0.199039
142095ms,142095,147.537,0.198384
142127ms,142127,147.710,0.199496
142159ms,142159,148.066,0.199144
142223ms,142223,148.658,0.200228
142256ms,142256,149.117,0.200995
142288ms,142288,149.299,0.201351
142320ms,142320,149.602,0.202094
142367ms,142367,149.825,0.202099
142399ms,142399,149.881,0.202195
142431ms,142431,149.796,0.201968
142463ms,142463,149.948,0.201930
142496ms,142496,149.967,0.201989
142528ms,142528,149.906,0.202005
142560ms,142560,149.962,0.201946
142592ms,142592,149.969,0.202613
142624ms,142624,149.984,0.202457
142656ms,142656,149.974,0.202207
142688ms,142688,149.828,0.202237
142735ms,142735,149.917,0.202340
142767ms,142767,149.776,0.202237
142799ms,142799,149.581,0.202756
142831ms,142831,149.175,0.201471
142864ms,142864,148.721,0.200933
142895ms,142895,148.231,0.200097
142928ms,142928,147.873,0.199136
142960ms,142960,147.428,0.198866
142992ms,142992,147.084,0.198726
143024ms,143024,147.175,0.198377
143056ms,143056,146.833,0.200270
143088ms,143088,146.488,0.197827
143135ms,143135,146.570,0.199129
143167ms,143167,146.631,0.201709
143199ms,143199,146.689,0.199626
143231ms,143231,146.714,0.199875
143264ms,143264,146.506,0.199368
143295ms,143295,146.557,0.198133
143328ms,143328,146.635,0.198107
143360ms,143360,146.601,0.197560
143423ms,143423,146.691,0.197959
143456ms,143456,146.928,0.199017
143503ms,143503,147.122,0.199083
143535ms,143535,147.353,0.198812
143567ms,143567,147.518,0.198919
143599ms,143599,147.732,0.199301
143632ms,143632,147.832,0.199556
143664ms,143664,148.250,0.199324
143696ms,143696,148.541,0.199945
143728ms,143728,148.818,0.200593
143760ms,143760,149.099,0.201227
143792ms,143792,149.439,0.202224
143824ms,143824,149.719,0.202339
143871ms,143871,150.000,0.202777
143903ms,143903,150.031,0.202854
143935ms,143935,150.100,0.202032
143967ms,143967,150.128,0.202282
143999ms,143999,150.041,0.202737
144032ms,144032,150.037,0.202183
144064ms,144064,150.017,0.202574
144127ms,144127,150.059,0.202315
144160ms,144160,150.074,0.202280
144192ms,144192,150.102,0.202254
144224ms,144224,150.018,0.202433
144271ms,144271,149.873,0.202184
144303ms,144303,149.387,0.202106
144335ms,144335,148.995,0.201117
144367ms,144367,148.334,0.200675
144431ms,144431,147.561,0.199519
144463ms,144463,147.197,0.198925
144495ms,144495,147.102,0.198458
144527ms,144527,147.049,0.198489
144559ms,144559,146.766,0.198310
144591ms,144591,146.536,0.199636
144639ms,144639,146.630,0.199121
144671ms,144671,146.517,0.202021
144799ms,144799,146.372,0.198244
144832ms,144832,146.571,0.197564
144864ms,144864,146.827,0.197931
144896ms,144896,146.801,0.197907
144928ms,144928,146.932,0.198008
144960ms,144960,147.112,0.198868
145007ms,145007,147.292,0.198024
145039ms,145039,147.520,0.198874
145071ms,145071,147.654,0.198726
145103ms,145103,147.775,0.199414
145135ms,145135,148.032,0.200061
145167ms,145167,148.350,0.199630
145199ms,145199,148.679,0.200111
145232ms,145232,149.022,0.201336
145263ms,145263,149.276,0.201462
145296ms,145296,149.533,0.201951
145328ms,145328,149.798,0.202582
145360ms,145360,149.863,0.201622
145407ms,145407,149.985,0.201852
145439ms,145439,149.939,0.202281
145471ms,145471,149.972,0.202176
145503ms,145503,149.935,0.202258
145535ms,145535,149.895,0.202210
145567ms,145567,149.965,0.202314
145599ms,145599,150.022,0.202592
145632ms,145632,150.050,0.202430
145663ms,145663,149.917,0.202268
145695ms,145695,149.853,0.201800
145728ms,145728,149.968,0.202312
145775ms,145775,149.589,0.202451
145807ms,145807,149.142,0.201423
145839ms,145839,148.702,0.200692
145871ms,145871,148.317,0.200490
145903ms,145903,147.832,0.199126
145935ms,145935,147.283,0.199136
145967ms,145967,147.065,0.198687
145999ms,145999,146.937,0.199307
146032ms,146032,146.918,0.198443
146064ms,146064,146.704,0.198082
146096ms,146096,146.529,0.201927
146175ms,146175,146.693,0.200862
146207ms,146207,146.477,0.199990
146239ms,146239,146.422,0.198960
146271ms,146271,146.358,0.198039
146303ms,146303,146.507,0.197492
146335ms,146335,146.393,0.198177
146368ms,146368,146.695,0.198439
146400ms,146400,146.746,0.198034
146463ms,146463,147.203,0.199920
146496ms,146496,147.346,0.199187
146543ms,146543,147.591,0.198677
146575ms,146575,147.692,0.199030
146607ms,146607,147.817,0.199507
146639ms,146639,148.200,0.199360
146672ms,146672,148.386,0.199903
146704ms,146704,148.708,0.200868
146736ms,146736,149.144,0.201785
146768ms,146768,149.284,0.202190
146800ms,146800,149.683,0.201978
146832ms,146832,149.855,0.202658
146864ms,146864,149.897,0.202476
146911ms,146911,149.833,0.202278
146943ms,146943,149.828,0.201856
146975ms,146975,149.822,0.202195
147007ms,147007,149.844,0.201805
147040ms,147040,149.883,0.202033
147072ms,147072,149.802,0.202124
147135ms,147135,149.868,0.202668
147168ms,147168,149.865,0.202336
147200ms,147200,149.960,0.202493
147232ms,147232,149.913,0.202714
147279ms,147279,149.320,0.201882
147311ms,147311,148.892,0.200578
147343ms,147343,148.418,0.200844
147375ms,147375,147.987,0.200271
147407ms,147407,147.464,0.198614
147439ms,147439,147.289,0.199001
147472ms,147472,147.127,0.199051
147504ms,147504,146.965,0.199391
147536ms,147536,146.623,0.197813
147568ms,147568,146.623,0.199397
147600ms,147600,146.634,0.198247
147632ms,147632,146.626,0.199823
147679ms,147679,146.747,0.198669
147711ms,147711,146.550,0.199685
147743ms,147743,146.541,0.198547
147776ms,147776,146.353,0.198171
147808ms,147808,146.552,0.198278
147839ms,147839,146.677,0.197681
147872ms,147872,146.852,0.198516
147904ms,147904,147.034,0.198181
147936ms,147936,147.035,0.197749
147968ms,147968,147.260,0.198710
148000ms,148000,147.537,0.198573
148047ms,148047,147.755,0.198797
148079ms,148079,147.904,0.199063
148111ms,148111,147.997,0.199079
148143ms,148143,148.386,0.199893
148176ms,148176,148.739,0.200505
148239ms,148239,149.360,0.201745
148272ms,148272,149.629,0.202128
148303ms,148303,149.727,0.202702
148336ms,148336,149.923,0.202773
148368ms,148368,149.907,0.201883
148415ms,148415,149.927,0.201893
148447ms,148447,150.036,0.202693
148511ms,148511,149.927,0.202485
148544ms,148544,149.821,0.202143
148576ms,148576,149.859,0.202261
148608ms,148608,149.947,0.202311
148640ms,148640,149.947,0.202244
148672ms,148672,149.857,0.202190
148704ms,148704,149.803,0.202511
148736ms,148736,149.476,0.201765
148768ms,148768,148.972,0.200861
148815ms,148815,148.474,0.200336
148879ms,148879,147.589,0.199791
148911ms,148911,147.302,0.198617
148944ms,148944,147.010,0.198998
148975ms,148975,146.959,0.198011
149008ms,149008,146.653,0.197841
149040ms,149040,146.551,0.198613
149072ms,149072,146.475,0.200541
149104ms,149104,146.752,0.205171
149136ms,149136,146.747,0.199843
149183ms,149183,146.287,0.201903
149215ms,149215,146.490,0.201040
149247ms,149247,146.612,0.198128
149279ms,149279,146.545,0.197889
149311ms,149311,146.531,0.198417
149344ms,149344,146.875,0.198519
149376ms,149376,146.943,0.198076
149408ms,149408,146.988,0.198337
149440ms,149440,147.233,0.198246
149472ms,149472,147.279,0.198487
149504ms,149504,147.697,0.198790
149551ms,149551,147.766,0.199572
149583ms,149583,147.964,0.199366
149615ms,149615,148.183,0.199732
149647ms,149647,148.588,0.199907
149679ms,149679,148.837,0.200765
149712ms,149712,149.172,0.201908
149743ms,149743,149.460,0.202015
149776ms,149776,149.716,0.202532
149808ms,149808,149.814,0.202660
149840ms,149840,149.912,0.202178
149872ms,149872,149.985,0.201981
149904ms,149904,150.008,0.202005
149951ms,149951,149.901,0.202409
149983ms,149983,149.888,0.202270
150015ms,150015,149.898,0.202139
150047ms,150047,149.910,0.202325
150079ms,150079,149.812,0.202440
150112ms,150112,149.964,0.202033
150143ms,150143,149.866,0.201793
150175ms,150175,149.891,0.201875
150208ms,150208,149.699,0.202457
150240ms,150240,149.268,0.202261
150272ms,150272,148.649,0.200697
150319ms,150319,148.290,0.199834
150351ms,150351,148.051,0.199677
150383ms,150383,147.530,0.198844
150415ms,150415,147.111,0.199064
150447ms,150447,146.930,0.198627
150479ms,150479,146.854,0.199624
150543ms,150543,146.518,0.199775
150576ms,150576,146.637,0.198984
150608ms,150608,146.623,0.198743
150639ms,150639,146.740,0.200801
150672ms,150672,146.483,0.198484
150719ms,150719,146.440,0.197824
150751ms,150751,146.515,0.198359
150783ms,150783,146.574,0.197599
150815ms,150815,146.663,0.197739
150847ms,150847,146.717,0.197749
150880ms,150880,146.891,0.198571
150911ms,150911,147.114,0.198243
150944ms,150944,147.423,0.198443
150975ms,150975,147.477,0.197985
151008ms,151008,147.688,0.199267
151040ms,151040,147.813,0.199277
151087ms,151087,148.167,0.199681
151119ms,151119,148.431,0.200355
151151ms,151151,148.669,0.200348
151215ms,151215,149.472,0.202227
151248ms,151248,149.606,0.202309
151279ms,151279,149.723,0.202509
151311ms,151311,149.936,0.202433
151344ms,151344,149.988,0.202162
151376ms,151376,149.889,0.202009
151408ms,151408,150.050,0.202815
151455ms,151455,150.019,0.202825
151487ms,151487,150.018,0.202489
151519ms,151519,149.923,0.202246
151551ms,151551,149.934,0.202149
151583ms,151583,149.947,0.202689
151615ms,151615,150.019,0.202396
151647ms,151647,149.931,0.202058
151680ms,151680,149.725,0.202364
151712ms,151712,149.422,0.201889
151744ms,151744,149.059,0.201710
151776ms,151776,148.468,0.199748
151823ms,151823,147.978,0.200104
151855ms,151855,147.648,0.199067
151887ms,151887,147.324,0.199163
151919ms,151919,147.121,0.198606
151951ms,151951,147.053,0.198531
151984ms,151984,146.770,0.197887
152016ms,152016,146.484,0.197407
152048ms,152048,146.504,0.200628
152080ms,152080,146.575,0.199456
152112ms,152112,146.703,0.199159
152144ms,152144,146.584,0.201877
152176ms,152176,146.484,0.199418
152223ms,152223,146.540,0.197928
152255ms,152255,146.577,0.197253
152287ms,152287,146.586,0.197519
152319ms,152319,146.822,0.197811
152351ms,152351,146.849,0.197498
152384ms,152384,147.027,0.198411
152415ms,152415,147.202,0.198292
152479ms,152479,147.545,0.198230
152512ms,152512,147.699,0.199314
152544ms,152544,147.860,0.199778
152591ms,152591,148.198,0.199540
152623ms,152623,148.592,0.200543
152655ms,152655,148.826,0.200792
152687ms,152687,149.216,0.201237
152719ms,152719,149.660,0.202048
152752ms,152752,149.724,0.202388
152783ms,152783,149.759,0.202404
152816ms,152816,149.881,0.202500
152848ms,152848,149.923,0.202049
152880ms,152880,149.925,0.202348
152912ms,152912,149.901,0.202368
152944ms,152944,149.842,0.202662
152991ms,152991,149.946,0.202435
153023ms,153023,149.925,0.202753
153055ms,153055,149.864,0.202406
153087ms,153087,149.891,0.202689
153119ms,153119,149.959,0.202773
153151ms,153151,149.980,0.202136
153184ms,153184,149.600,0.202449
153247ms,153247,148.713,0.200621
153280ms,153280,148.175,0.199922
153312ms,153312,147.889,0.199107
153360ms,153360,147.331,0.198697
153391ms,153391,147.129,0.198994
153423ms,153423,146.869,0.198215
153455ms,153455,146.864,0.198549
153487ms,153487,146.621,0.198154
153519ms,153519,146.475,0.198882
153552ms,153552,146.632,0.200496
153584ms,153584,146.621,0.200174
153616ms,153616,146.719,0.202167
153648ms,153648,146.500,0.200974
153680ms,153680,146.492,0.198111
153727ms,153727,146.574,0.197874
153759ms,153759,146.482,0.198981
153791ms,153791,146.707,0.198280
153823ms,153823,146.676,0.198213
153856ms,153856,147.000,0.199542
153888ms,153888,147.179,0.197982
153920ms,153920,147.368,0.198120
153952ms,153952,147.437,0.198273
153984ms,153984,147.805,0.199240
154015ms,154015,147.907,0.199012
154048ms,154048,148.170,0.199501
154080ms,154080,148.444,0.200262
154159ms,154159,149.063,0.201360
154191ms,154191,149.411,0.202088
154223ms,154223,149.774,0.202449
154255ms,154255,149.873,0.202585
154288ms,154288,149.905,0.202253
154319ms,154319,150.045,0.202194
154351ms,154351,150.005,0.202078
154383ms,154383,149.976,0.202424
154416ms,154416,149.998,0.202667
154448ms,154448,149.894,0.202487
154495ms,154495,149.957,0.202207
154527ms,154527,150.082,0.202594
154559ms,154559,149.986,0.202543
154591ms,154591,149.807,0.202087
154623ms,154623,149.865,0.202093
154656ms,154656,149.737,0.202413
154688ms,154688,149.256,0.201870
154720ms,154720,148.924,0.201316
154752ms,154752,148.426,0.200490
154784ms,154784,148.040,0.199835
154816ms,154816,147.513,0.199439
154863ms,154863,147.184,0.198570
154895ms,154895,147.178,0.198235
154927ms,154927,147.142,0.200281
154959ms,154959,146.543,0.198145
154991ms,154991,146.341,0.202284
155023ms,155023,146.623,0.200551
155055ms,155055,146.342,0.206130
155120ms,155120,146.568,0.200112
155152ms,155152,146.415,0.198161
155184ms,155184,146.423,0.197862
155215ms,155215,146.543,0.197510
155263ms,155263,146.639,0.197544
155295ms,155295,146.745,0.197957
155327ms,155327,147.003,0.197727
155359ms,155359,146.976,0.197778
155391ms,155391,147.316,0.198270
155423ms,155423,147.451,0.198821
155456ms,155456,147.610,0.198467
155487ms,155487,147.703,0.199467
155520ms,155520,148.044,0.200026
155584ms,155584,148.600,0.199617
155631ms,155631,149.027,0.201537
155663ms,155663,149.288,0.200996
155695ms,155695,149.459,0.201825
155728ms,155728,149.827,0.202499
155760ms,155760,149.972,0.202279
155792ms,155792,149.785,0.202124
155823ms,155823,149.829,0.202251
155855ms,155855,149.869,0.202391
155888ms,155888,149.906,0.202390
155920ms,155920,149.865,0.202085
155951ms,155951,150.003,0.202523
155999ms,155999,149.862,0.202484
156031ms,156031,149.905,0.202418
156063ms,156063,149.956,0.202122
156095ms,156095,149.850,0.202321
156127ms,156127,149.802,0.202205
156159ms,156159,149.709,0.202260
156192ms,156192,149.273,0.202014
156224ms,156224,148.561,0.200815
156256ms,156256,148.215,0.200210
156288ms,156288,147.763,0.199166
156320ms,156320,147.311,0.199484
156352ms,156352,147.160,0.198852
156399ms,156399,147.086,0.198177
156431ms,156431,146.907,0.199021
156463ms,156463,146.486,0.197881
156496ms,156496,146.596,0.201679
156527ms,156527,146.476,0.204334
156559ms,156559,146.765,0.198531
156592ms,156592,146.487,0.202077
156623ms,156623,146.522,0.198218
156656ms,156656,146.476,0.197639
156688ms,156688,146.536,0.197716
156720ms,156720,146.648,0.197354
156799ms,156799,146.762,0.197927
156831ms,156831,146.935,0.198713
156863ms,156863,147.155,0.198801
156896ms,156896,147.304,0.198543
156928ms,156928,147.596,0.198451
156960ms,156960,147.683,0.199173
156992ms,156992,148.014,0.199793
157024ms,157024,148.102,0.199828
157056ms,157056,148.605,0.199935
157088ms,157088,148.873,0.200707
157135ms,157135,149.152,0.201714
157167ms,157167,149.494,0.201968
157199ms,157199,149.744,0.202327
157231ms,157231,149.698,0.202382
157263ms,157263,149.844,0.202010
157295ms,157295,149.861,0.201991
157328ms,157328,149.892,0.202507
157359ms,157359,149.816,0.202569
157392ms,157392,149.955,0.202317
157423ms,157423,149.786,0.202053
157487ms,157487,149.921,0.202434
157567ms,157567,149.918,0.202579
157599ms,157599,149.939,0.202375
157631ms,157631,149.835,0.202237
157664ms,157664,149.327,0.202324
157695ms,157695,148.865,0.201381
157759ms,157759,148.000,0.199709
157792ms,157792,147.425,0.198257
157823ms,157823,147.180,0.197985
157856ms,157856,146.986,0.198273
157903ms,157903,147.090,0.198603
157935ms,157935,146.603,0.198112
157967ms,157967,146.582,0.199978
158031ms,158031,146.638,0.198920
158096ms,158096,146.614,0.199302
158128ms,158128,146.485,0.198511
158160ms,158160,146.381,0.198299
158191ms,158191,146.646,0.198094
158224ms,158224,146.762,0.197739
158271ms,158271,146.800,0.198846
158303ms,158303,146.927,0.198601
158335ms,158335,147.104,0.198473
158367ms,158367,147.358,0.198151
158399ms,158399,147.646,0.199045
158432ms,158432,147.565,0.198972
158464ms,158464,147.837,0.199619
158496ms,158496,148.196,0.199650
158528ms,158528,148.507,0.200164
158560ms,158560,148.825,0.200359
158592ms,158592,149.031,0.201023
158623ms,158623,149.285,0.201525
158671ms,158671,149.742,0.202162
158703ms,158703,149.750,0.202600
158735ms,158735,149.890,0.202737
158767ms,158767,149.721,0.202188
158800ms,158800,149.764,0.201996
158832ms,158832,149.766,0.201995
158864ms,158864,149.840,0.201784
158896ms,158896,149.770,0.202052
158928ms,158928,149.847,0.201833
158960ms,158960,149.754,0.202267
158992ms,158992,149.793,0.201860
159039ms,159039,149.741,0.202177
159071ms,159071,149.842,0.202273
159103ms,159103,149.789,0.202340
159135ms,159135,149.591,0.202635
159167ms,159167,149.206,0.201358
159199ms,159199,148.595,0.200087
159231ms,159231,148.206,0.199883
159264ms,159264,147.926,0.199807
159296ms,159296,147.454,0.199292
159328ms,159328,147.082,0.199398
159359ms,159359,146.998,0.198277
159392ms,159392,146.915,0.198206
159439ms,159439,146.545,0.197908
159471ms,159471,146.493,0.198562
159503ms,159503,146.575,0.199838
159567ms,159567,146.478,0.202168
159599ms,159599,146.490,0.198460
159632ms,159632,146.651,0.198911
159664ms,159664,146.510,0.197320
159696ms,159696,146.619,0.198609
159728ms,159728,146.617,0.197599
159760ms,159760,146.903,0.198131
159807ms,159807,147.030,0.198463
159839ms,159839,147.193,0.198833
159871ms,159871,147.266,0.198063
159903ms,159903,147.697,0.198540
159935ms,159935,147.589,0.199056
159968ms,159968,148.022,0.199459
160000ms,160000,148.220,0.199356
160032ms,160032,148.510,0.199605
160064ms,160064,148.774,0.201506
160096ms,160096,149.349,0.201782
160128ms,160128,149.571,0.201563
160175ms,160175,149.756,0.202181
160207ms,160207,149.793,0.202648
160239ms,160239,149.846,0.202451
160271ms,160271,149.774,0.201576
160304ms,160304,149.756,0.201929
160335ms,160335,149.785,0.201947
160368ms,160368,149.780,0.202017
160400ms,160400,149.824,0.202145
160432ms,160432,149.852,0.202252
160464ms,160464,149.833,0.201991
160496ms,160496,149.860,0.202015
160528ms,160528,149.766,0.202213
160575ms,160575,149.909,0.202628
160607ms,160607,149.575,0.202553
160639ms,160639,149.237,0.201914
160671ms,160671,148.894,0.201336
160704ms,160704,148.375,0.200081
160735ms,160735,147.963,0.199469
160768ms,160768,147.512,0.198636
160799ms,160799,147.051,0.198807
160832ms,160832,146.912,0.198203
160864ms,160864,146.909,0.198176
160896ms,160896,146.654,0.198157
160943ms,160943,146.470,0.199214
160975ms,160975,146.675,0.199733
161007ms,161007,146.676,0.199924
161039ms,161039,146.766,0.199772
161071ms,161071,146.583,0.200481
161104ms,161104,146.515,0.197543
161167ms,161167,146.587,0.198170
161199ms,161199,146.694,0.198154
161232ms,161232,146.600,0.197868
161264ms,161264,147.078,0.198412
161311ms,161311,147.163,0.198581
161343ms,161343,147.387,0.198990
161375ms,161375,147.574,0.198449
161407ms,161407,147.617,0.198610
161439ms,161439,147.723,0.199395
161471ms,161471,148.052,0.199306
161504ms,161504,148.506,0.200065
161536ms,161536,148.727,0.200024
161568ms,161568,148.958,0.201051
161599ms,161599,149.318,0.201755
161632ms,161632,149.728,0.202304
161711ms,161711,149.955,0.202324
161743ms,161743,149.969,0.202433
161775ms,161775,149.995,0.202387
161808ms,161808,149.953,0.202410
161839ms,161839,150.057,0.202330
161872ms,161872,150.001,0.202331
161904ms,161904,149.975,0.202115
161936ms,161936,149.906,0.202136
161999ms,161999,149.988,0.202330
162032ms,162032,149.965,0.202176
162079ms,162079,149.816,0.202821
162111ms,162111,149.519,0.201996
162143ms,162143,149.088,0.200854
162176ms,162176,148.646,0.200602
162208ms,162208,147.973,0.200240
162240ms,162240,147.786,0.199635
162272ms,162272,147.417,0.198759
162304ms,162304,147.063,0.198919
162336ms,162336,147.017,0.198790
162368ms,162368,146.808,0.198677
162400ms,162400,146.592,0.198602
162447ms,162447,146.468,0.200392
162479ms,162479,146.527,0.207841
162511ms,162511,146.435,0.200888
162543ms,162543,146.774,0.199244
162576ms,162576,146.578,0.199924
162608ms,162608,146.487,0.197788
162640ms,162640,146.566,0.197582
162672ms,162672,146.618,0.197713
162704ms,162704,146.741,0.198480
162736ms,162736,146.750,0.198041
162768ms,162768,146.916,0.198936
162800ms,162800,147.152,0.198741
162847ms,162847,147.378,0.198421
162879ms,162879,147.439,0.198040
162911ms,162911,147.704,0.199103
162943ms,162943,147.786,0.200384
162976ms,162976,148.097,0.199637
163007ms,163007,148.457,0.200240
163040ms,163040,148.848,0.200590
163072ms,163072,149.109,0.201928
163104ms,163104,149.466,0.202024
163136ms,163136,149.691,0.202467
163168ms,163168,149.895,0.202508
163215ms,163215,149.867,0.202068
163247ms,163247,149.951,0.201984
163279ms,163279,149.996,0.202453
163311ms,163311,149.975,0.202164
163343ms,163343,149.911,0.201887
163376ms,163376,149.905,0.202700
163408ms,163408,149.901,0.202294
163440ms,163440,149.872,0.202101
163472ms,163472,149.912,0.202449
163504ms,163504,149.843,0.202224
163536ms,163536,149.891,0.202041
163568ms,163568,149.811,0.201879
163615ms,163615,149.365,0.201933
163647ms,163647,148.808,0.201312
163679ms,163679,148.411,0.200491
163711ms,163711,147.950,0.200099
163775ms,163775,147.157,0.198320
163807ms,163807,147.135,0.198437
163839ms,163839,147.107,0.199251
163872ms,163872,146.604,0.197930
163904ms,163904,146.315,0.200894
163983ms,163983,146.494,0.201634
164047ms,164047,146.556,0.201949
164079ms,164079,146.435,0.197339
164112ms,164112,146.353,0.197513
164143ms,164143,146.507,0.197558
164176ms,164176,146.744,0.198797
164208ms,164208,146.827,0.198344
164240ms,164240,146.992,0.198404
164272ms,164272,147.030,0.198217
164304ms,164304,147.298,0.198826
164351ms,164351,147.430,0.198538
164383ms,164383,147.632,0.198738
164415ms,164415,147.820,0.199748
164448ms,164448,148.052,0.199765
164479ms,164479,148.265,0.199971
164512ms,164512,148.678,0.200006
164544ms,164544,149.096,0.201658
164575ms,164575,149.456,0.201896
164608ms,164608,149.565,0.202039
164640ms,164640,149.829,0.202528
164672ms,164672,149.919,0.202687
164719ms,164719,149.735,0.202259
164751ms,164751,149.829,0.201986
164783ms,164783,149.898,0.202132
164815ms,164815,149.779,0.202227
164848ms,164848,149.895,0.202519
164911ms,164911,149.780,0.201826
164944ms,164944,149.831,0.202107
164976ms,164976,149.816,0.202386
165008ms,165008,149.907,0.202847
165040ms,165040,149.686,0.202456
165072ms,165072,149.548,0.202421
165119ms,165119,149.075,0.200959
165151ms,165151,148.595,0.200416
165183ms,165183,148.168,0.200777
165215ms,165215,147.774,0.200480
165248ms,165248,147.295,0.198975
165279ms,165279,147.134,0.199089
165312ms,165312,147.052,0.198521
165344ms,165344,146.787,0.197262
165375ms,165375,146.467,0.198539
165408ms,165408,146.447,0.199815
165440ms,165440,146.492,0.200272
165487ms,165487,146.663,0.200498
165519ms,165519,146.516,0.200912
165551ms,165551,146.468,0.201446
165583ms,165583,146.410,0.198271
165616ms,165616,146.703,0.197624
165648ms,165648,146.526,0.198557
165679ms,165679,146.639,0.198124
165712ms,165712,146.944,0.198454
165744ms,165744,147.012,0.197640
165776ms,165776,147.274,0.198870
165808ms,165808,147.336,0.198597
165855ms,165855,147.670,0.198647
165887ms,165887,147.651,0.199063
165919ms,165919,148.040,0.199558
165951ms,165951,148.218,0.199611
166015ms,166015,148.914,0.200818
166047ms,166047,149.215,0.201303
166080ms,166080,149.496,0.201846
166112ms,166112,149.779,0.202623
166144ms,166144,149.758,0.202355
166176ms,166176,149.892,0.201998
166208ms,166208,149.825,0.202417
166255ms,166255,149.870,0.202382
166287ms,166287,149.898,0.202152
166319ms,166319,149.781,0.202158
166351ms,166351,149.860,0.201914
166383ms,166383,149.817,0.202126
166416ms,166416,149.892,0.202782
166447ms,166447,149.859,0.202332
166479ms,166479,149.839,0.201942
166511ms,166511,149.928,0.202308
166544ms,166544,149.555,0.202667
166623ms,166623,148.706,0.200899
166687ms,166687,147.855,0.199718
166719ms,166719,147.456,0.199122
166751ms,166751,147.074,0.199594
166783ms,166783,147.044,0.198120
166815ms,166815,147.091,0.200037
166847ms,166847,146.673,0.198514
166880ms,166880,146.564,0.201204
166911ms,166911,146.695,0.199536
166944ms,166944,146.464,0.199168
166991ms,166991,146.406,0.199989
167023ms,167023,146.544,0.199839
167055ms,167055,146.564,0.198339
167087ms,167087,146.639,0.198338
167119ms,167119,146.492,0.198767
167152ms,167152,146.797,0.198376
167215ms,167215,147.020,0.197950
167248ms,167248,147.041,0.198098
167280ms,167280,147.353,0.198395
167312ms,167312,147.602,0.197986
167344ms,167344,147.604,0.198758
167391ms,167391,147.809,0.199030
167423ms,167423,148.211,0.199348
167455ms,167455,148.454,0.199546
167487ms,167487,148.827,0.201092
167519ms,167519,149.106,0.201250
167551ms,167551,149.534,0.201688
167583ms,167583,149.607,0.202179
167616ms,167616,149.767,0.202333
167648ms,167648,149.875,0.202523
167711ms,167711,149.707,0.202434
167759ms,167759,149.925,0.202231
167791ms,167791,149.900,0.202165
167823ms,167823,149.816,0.202414
167855ms,167855,149.851,0.202247
167887ms,167887,149.780,0.201559
167920ms,167920,149.823,0.202333
167952ms,167952,149.855,0.201938
167984ms,167984,149.868,0.202685
168016ms,168016,149.758,0.202289
168048ms,168048,149.384,0.202295
168080ms,168080,148.868,0.201010
168127ms,168127,148.334,0.199581
168159ms,168159,148.147,0.199964
168191ms,168191,147.643,0.198867
168223ms,168223,147.287,0.198974
168256ms,168256,147.094,0.198833
168288ms,168288,147.100,0.199901
168319ms,168319,146.537,0.197890
168352ms,168352,146.451,0.204409
168416ms,168416,146.659,0.200043
168448ms,168448,146.744,0.198785
168495ms,168495,146.520,0.199614
168527ms,168527,146.512,0.198131
168559ms,168559,146.277,0.198052
168591ms,168591,146.596,0.197441
168623ms,168623,146.753,0.197986
168655ms,168655,146.820,0.197976
168687ms,168687,146.969,0.197874
168719ms,168719,147.059,0.198116
168752ms,168752,147.232,0.198745
168783ms,168783,147.486,0.198836
168816ms,168816,147.683,0.198747
168848ms,168848,147.794,0.199681
168927ms,168927,148.284,0.199798
168959ms,168959,148.761,0.200551
168991ms,168991,148.994,0.201079
169023ms,169023,149.281,0.201216
169055ms,169055,149.624,0.202266
169088ms,169088,149.774,0.202377
169120ms,169120,149.771,0.202448
169152ms,169152,149.745,0.202781
169184ms,169184,149.751,0.202396
169216ms,169216,149.768,0.202365
169263ms,169263,149.870,0.202129
169295ms,169295,149.840,0.202255
169327ms,169327,149.856,0.202381
169359ms,169359,149.831,0.202647
169423ms,169423,149.875,0.202482
169455ms,169455,149.813,0.201971
169488ms,169488,149.765,0.202426
169520ms,169520,149.451,0.202665
169552ms,169552,149.076,0.200770
169584ms,169584,148.471,0.200585
169616ms,169616,148.100,0.199973
169663ms,169663,147.717,0.199690
169695ms,169695,147.403,0.198724
169727ms,169727,147.119,0.198701
169759ms,169759,146.827,0.200820
169792ms,169792,146.739,0.199094
169823ms,169823,146.586,0.198584
169855ms,169855,146.593,0.200205
169888ms,169888,146.702,0.200618
169920ms,169920,146.610,0.201438
169951ms,169951,146.581,0.198541
169984ms,169984,146.472,0.200842
170031ms,170031,146.476,0.198688
170063ms,170063,146.626,0.197746
170095ms,170095,146.461,0.198258
170127ms,170127,146.734,0.198043
170159ms,170159,146.836,0.198167
170191ms,170191,146.975,0.198213
170224ms,170224,147.193,0.199610
170256ms,170256,147.378,0.198482
170288ms,170288,147.677,0.198697
170320ms,170320,147.642,0.199276
170352ms,170352,147.880,0.199572
170399ms,170399,148.253,0.199279
170431ms,170431,148.432,0.200622
170463ms,170463,148.801,0.200712
170495ms,170495,149.133,0.201608
170529ms,170529,149.423,0.202133
170560ms,170560,149.741,0.202182
170591ms,170591,149.743,0.202454
170624ms,170624,149.728,0.201896
170656ms,170656,149.823,0.202696
170688ms,170688,149.813,0.201598
170751ms,170751,149.857,0.202272
170799ms,170799,149.985,0.202359
170831ms,170831,149.801,0.202224
170863ms,170863,149.808,0.202091
170895ms,170895,149.894,0.202130
170928ms,170928,149.826,0.202050
170960ms,170960,149.864,0.202398
170992ms,170992,149.900,0.202330
171024ms,171024,149.261,0.202170
171056ms,171056,148.853,0.201233
171088ms,171088,148.433,0.199764
171120ms,171120,147.882,0.200230
171167ms,171167,147.381,0.198863
171199ms,171199,147.192,0.198766
171231ms,171231,147.105,0.197975
171263ms,171263,147.033,0.198567
171295ms,171295,146.709,0.198097
171328ms,171328,146.488,0.199456
171360ms,171360,146.487,0.199371
171392ms,171392,146.641,0.199621
171424ms,171424,146.759,0.198908
171456ms,171456,146.528,0.198890
171488ms,171488,146.537,0.197904
171520ms,171520,146.348,0.198464
171567ms,171567,146.610,0.198999
171599ms,171599,146.753,0.198112
171631ms,171631,146.800,0.198305
171663ms,171663,147.054,0.198136
171695ms,171695,147.159,0.198153
171727ms,171727,147.250,0.198202
171759ms,171759,147.637,0.198468
171792ms,171792,147.684,0.198847
171855ms,171855,148.183,0.199868
171888ms,171888,148.239,0.200007
171935ms,171935,148.795,0.200901
171967ms,171967,149.101,0.200900
171999ms,171999,149.388,0.201849
172031ms,172031,149.635,0.202131
172064ms,172064,149.717,0.202646
172096ms,172096,149.853,0.202356
172128ms,172128,149.874,0.202128
172160ms,172160,149.909,0.202339
172192ms,172192,149.981,0.202046
172223ms,172223,149.924,0.202121
172256ms,172256,149.953,0.202438
172303ms,172303,149.887,0.201981
172335ms,172335,149.915,0.201857
172431ms,172431,149.888,0.202119
172463ms,172463,149.798,0.202377
172495ms,172495,149.441,0.201854
172528ms,172528,149.045,0.201643
172559ms,172559,148.459,0.200149
172592ms,172592,148.050,0.200427
172624ms,172624,147.598,0.199305
172656ms,172656,147.269,0.198991
172703ms,172703,147.136,0.198028
172735ms,172735,146.994,0.198899
172767ms,172767,146.649,0.199567
172799ms,172799,146.494,0.200617
172863ms,172863,146.551,0.198021
172895ms,172895,146.750,0.202256
172928ms,172928,146.544,0.199585
172959ms,172959,146.385,0.197818
172991ms,172991,146.431,0.198401
173024ms,173024,146.658,0.198164
173071ms,173071,146.813,0.197269
173135ms,173135,146.957,0.197604
173167ms,173167,147.118,0.198535
173199ms,173199,147.282,0.198051
173231ms,173231,147.472,0.198612
173264ms,173264,147.682,0.198789
173296ms,173296,147.839,0.199849
173328ms,173328,148.062,0.200048
173360ms,173360,148.174,0.199680
173392ms,173392,148.642,0.200317
173439ms,173439,149.068,0.200770
173471ms,173471,149.326,0.201202
173503ms,173503,149.577,0.202466
173535ms,173535,149.844,0.202213
173567ms,173567,149.782,0.202521
173599ms,173599,149.906,0.202585
173631ms,173631,149.760,0.202218
173664ms,173664,149.844,0.202438
173696ms,173696,149.879,0.202554
173728ms,173728,149.843,0.202405
173760ms,173760,149.897,0.202222
173792ms,173792,149.751,0.202247
173839ms,173839,150.013,0.202297
173871ms,173871,149.897,0.202445
173903ms,173903,149.788,0.202386
173935ms,173935,149.797,0.202070
173968ms,173968,149.450,0.202763
173999ms,173999,149.182,0.201000
174032ms,174032,148.575,0.201002
174064ms,174064,148.243,0.200226
174096ms,174096,147.773,0.199175
174127ms,174127,147.418,0.199269
174159ms,174159,147.028,0.198661
174207ms,174207,147.043,0.198463
174239ms,174239,146.949,0.198155
174271ms,174271,146.481,0.198124
174335ms,174335,146.661,0.199986
174368ms,174368,146.760,0.200647
174400ms,174400,146.596,0.200719
174432ms,174432,146.460,0.198909
174464ms,174464,146.546,0.198580
174495ms,174495,146.623,0.197760
174527ms,174527,146.453,0.198829
174559ms,174559,146.691,0.198175
174639ms,174639,147.031,0.198081
174671ms,174671,147.177,0.198715
174703ms,174703,147.235,0.198383
174735ms,174735,147.641,0.199075
174768ms,174768,147.656,0.199143
174800ms,174800,147.883,0.199121
174832ms,174832,148.332,0.199238
174864ms,174864,148.607,0.200331
174896ms,174896,148.833,0.200828
174928ms,174928,149.229,0.201658
174975ms,174975,149.476,0.201891
175007ms,175007,149.843,0.202196
175039ms,175039,149.738,0.202400
175071ms,175071,149.924,0.201900
175103ms,175103,149.901,0.202067
175135ms,175135,149.838,0.202634
175168ms,175168,149.890,0.202142
175200ms,175200,149.943,0.201748
175232ms,175232,149.875,0.202226
175264ms,175264,149.944,0.201624
175407ms,175407,149.879,0.202314
175439ms,175439,149.583,0.202484
175471ms,175471,149.191,0.201849
175503ms,175503,148.788,0.200595
175536ms,175536,148.311,0.200061
175599ms,175599,147.344,0.199302
175632ms,175632,147.180,0.198530
175664ms,175664,147.040,0.198521
175711ms,175711,146.962,0.198981
175743ms,175743,146.575,0.197898
175775ms,175775,146.412,0.200343
175807ms,175807,146.672,0.201079
175839ms,175839,146.484,0.201431
175871ms,175871,146.569,0.201950
175904ms,175904,146.529,0.198306
175936ms,175936,146.431,0.197656
175968ms,175968,146.505,0.197621
176000ms,176000,146.594,0.198300
176032ms,176032,146.699,0.198465
176064ms,176064,146.805,0.197953
176111ms,176111,147.090,0.198501
176143ms,176143,147.045,0.198520
176175ms,176175,147.410,0.198226
176207ms,176207,147.586,0.197887
176239ms,176239,147.742,0.199048
176271ms,176271,147.805,0.199004
176304ms,176304,148.243,0.199558
176336ms,176336,148.435,0.200382
176368ms,176368,148.713,0.200526
176400ms,176400,149.058,0.200989
176432ms,176432,149.519,0.201789
176479ms,176479,149.654,0.202242
176511ms,176511,149.762,0.202441
176543ms,176543,149.768,0.202592
176575ms,176575,149.831,0.201907
176607ms,176607,149.753,0.202003
176639ms,176639,149.878,0.202288
176672ms,176672,149.765,0.202532
176704ms,176704,149.833,0.202515
176736ms,176736,149.860,0.202167
176768ms,176768,149.808,0.202092
176800ms,176800,149.737,0.202412
176832ms,176832,149.864,0.202407
176879ms,176879,149.871,0.202140
176911ms,176911,149.744,0.202433
176943ms,176943,149.426,0.201707
176975ms,176975,148.943,0.200778
177007ms,177007,148.400,0.200113
177039ms,177039,148.048,0.200201
177071ms,177071,147.508,0.199628
177104ms,177104,147.288,0.198106
177136ms,177136,147.028,0.198437
177168ms,177168,147.129,0.199121
177199ms,177199,146.611,0.197999
177279ms,177279,146.720,0.200402
177311ms,177311,146.218,0.202134
177343ms,177343,146.546,0.198528
177376ms,177376,146.539,0.199878
177408ms,177408,146.549,0.197818
177440ms,177440,146.464,0.197218
177472ms,177472,146.512,0.198310
177504ms,177504,146.638,0.197562
177536ms,177536,146.865,0.197582
177568ms,177568,146.959,0.197593
177615ms,177615,147.041,0.197959
177647ms,177647,147.369,0.198972
177679ms,177679,147.374,0.198488
177712ms,177712,147.701,0.198694
177743ms,177743,147.751,0.199625
177775ms,177775,148.113,0.199351
177808ms,177808,148.281,0.200024
177871ms,177871,148.946,0.201352
177904ms,177904,149.392,0.201502
177983ms,177983,149.780,0.202199
178015ms,178015,149.850,0.202901
178047ms,178047,149.896,0.202451
178079ms,178079,149.830,0.202178
178112ms,178112,149.848,0.202338
178175ms,178175,149.913,0.202338
178208ms,178208,149.840,0.202162
178239ms,178239,149.893,0.202441
178271ms,178271,149.814,0.202094
178304ms,178304,149.906,0.202670
178336ms,178336,149.885,0.201855
178383ms,178383,149.776,0.202374
178415ms,178415,149.509,0.202755
178447ms,178447,149.107,0.200862
178479ms,178479,148.639,0.200433
178511ms,178511,148.074,0.200466
178544ms,178544,147.961,0.199188
178576ms,178576,147.447,0.199171
178607ms,178607,147.081,0.199240
178640ms,178640,146.961,0.197984
178671ms,178671,146.820,0.198596
178704ms,178704,146.491,0.198432
178751ms,178751,146.511,0.199756
178783ms,178783,146.562,0.201608
178815ms,178815,146.466,0.205663
178847ms,178847,146.775,0.200608
178879ms,178879,146.457,0.197733
178911ms,178911,146.614,0.198054
178944ms,178944,146.596,0.198199
178976ms,178976,146.476,0.197676
179007ms,179007,146.635,0.199157
179039ms,179039,146.746,0.198142
179072ms,179072,146.974,0.199496
179119ms,179119,147.298,0.198789
179151ms,179151,147.377,0.198710
179183ms,179183,147.607,0.198704
179215ms,179215,147.668,0.198800
179247ms,179247,147.821,0.199058
179279ms,179279,148.162,0.199608
179311ms,179311,148.566,0.199604
179344ms,179344,148.828,0.200914
179376ms,179376,149.083,0.201182
179408ms,179408,149.361,0.201867
179440ms,179440,149.720,0.201852
179519ms,179519,149.901,0.202388
179551ms,179551,149.786,0.202248
179583ms,179583,149.904,0.202166
179615ms,179615,149.855,0.202304
179647ms,179647,149.839,0.201735
179679ms,179679,149.854,0.202043
179712ms,179712,149.889,0.201887
179743ms,179743,149.846,0.201787
179776ms,179776,149.850,0.201983
179808ms,179808,149.840,0.202546
179840ms,179840,149.816,0.202428
179887ms,179887,149.738,0.202264
179919ms,179919,149.340,0.202108
179951ms,179951,148.941,0.201229
179983ms,179983,148.470,0.199979
180015ms,180015,148.052,0.200113
180048ms,180048,147.497,0.198707
180080ms,180080,147.134,0.198705
180111ms,180111,147.015,0.198062
180143ms,180143,147.144,0.197822
180176ms,180176,146.400,0.197755
180208ms,180208,146.527,0.200941
180287ms,180287,146.401,0.207748
180351ms,180351,146.515,0.200659
180383ms,180383,146.575,0.197902
180447ms,180447,146.542,0.197709
180479ms,180479,146.897,0.197869
180512ms,180512,146.852,0.198092
180543ms,180543,147.019,0.197856
180575ms,180575,147.146,0.197892
180608ms,180608,147.254,0.198192
180655ms,180655,147.442,0.198934
180687ms,180687,147.590,0.198051
180751ms,180751,148.094,0.199687
180783ms,180783,148.283,0.199873
180815ms,180815,148.750,0.200252
180848ms,180848,149.094,0.201614
180879ms,180879,149.262,0.201558
180943ms,180943,149.856,0.202591
180975ms,180975,150.101,0.202740
181023ms,181023,149.891,0.202232
181055ms,181055,149.977,0.202407
181087ms,181087,149.943,0.201645
181119ms,181119,149.894,0.202032
181151ms,181151,149.907,0.202263
181183ms,181183,149.988,0.201878
181215ms,181215,149.994,0.202528
181248ms,181248,150.081,0.202055
181279ms,181279,149.934,0.202954
181312ms,181312,149.981,0.202686
181344ms,181344,149.947,0.202478
181376ms,181376,149.454,0.202334
181423ms,181423,149.011,0.200897
181455ms,181455,148.562,0.200753
181487ms,181487,148.179,0.200583
181519ms,181519,147.778,0.199107
181551ms,181551,147.439,0.198416
181584ms,181584,147.062,0.198632
181616ms,181616,147.085,0.198530
181647ms,181647,146.827,0.197506
181679ms,181679,146.500,0.198365
181711ms,181711,146.478,0.202516
181744ms,181744,146.379,0.202922
181791ms,181791,146.556,0.198195
181823ms,181823,146.699,0.199596
181855ms,181855,146.534,0.199617
181887ms,181887,146.695,0.197988
181919ms,181919,146.520,0.197557
181951ms,181951,146.443,0.198347
181984ms,181984,146.820,0.198381
182015ms,182015,146.856,0.198422
182048ms,182048,147.073,0.199874
182080ms,182080,147.234,0.200018
182112ms,182112,147.383,0.198009
182159ms,182159,147.500,0.198429
182191ms,182191,147.654,0.199130
182223ms,182223,147.870,0.199358
182287ms,182287,148.567,0.200010
182319ms,182319,148.837,0.201011
182352ms,182352,149.307,0.201579
182384ms,182384,149.415,0.201917
182416ms,182416,149.743,0.202262
182448ms,182448,149.759,0.202462
182479ms,182479,150.013,0.201992
182512ms,182512,149.917,0.201822
182559ms,182559,149.972,0.201991
182591ms,182591,150.009,0.201880
182623ms,182623,149.954,0.201799
182655ms,182655,149.938,0.201704
182688ms,182688,149.921,0.202465
182720ms,182720,150.015,0.202143
182751ms,182751,150.010,0.201810
182783ms,182783,149.953,0.202531
182815ms,182815,149.793,0.202908
182847ms,182847,149.590,0.202684
182879ms,182879,149.191,0.201486
182927ms,182927,148.736,0.200532
182959ms,182959,148.362,0.200367
182991ms,182991,147.946,0.199851
183023ms,183023,147.536,0.198386
183055ms,183055,147.100,0.198696
183088ms,183088,147.057,0.197842
183120ms,183120,146.887,0.199168
183152ms,183152,146.535,0.197921
183184ms,183184,146.549,0.198737
183216ms,183216,146.542,0.200747
183248ms,183248,146.415,0.202273
183295ms,183295,146.610,0.200001
183327ms,183327,146.686,0.198975
183359ms,183359,146.528,0.198093
183391ms,183391,146.344,0.197871
183423ms,183423,146.539,0.199314
183455ms,183455,146.806,0.197672
183488ms,183488,146.804,0.198476
183519ms,183519,147.042,0.198461
183552ms,183552,147.134,0.198107
183584ms,183584,147.381,0.198238
183615ms,183615,147.382,0.198739
183648ms,183648,147.604,0.198809
183695ms,183695,147.727,0.199036
183727ms,183727,148.145,0.199486
183759ms,183759,148.415,0.200011
183791ms,183791,148.755,0.200105
183824ms,183824,149.115,0.201125
183856ms,183856,149.397,0.201624
183888ms,183888,149.631,0.202226
183920ms,183920,149.785,0.202449
183952ms,183952,149.893,0.202116
184015ms,184015,149.867,0.202233
184063ms,184063,149.808,0.202189
184095ms,184095,149.871,0.202139
184127ms,184127,149.901,0.201843
184159ms,184159,149.969,0.202095
184191ms,184191,149.879,0.202065
184224ms,184224,150.027,0.201521
184255ms,184255,149.900,0.202249
184288ms,184288,149.822,0.202343
184320ms,184320,149.710,0.202493
184352ms,184352,149.463,0.202367
184384ms,184384,149.099,0.201008
184431ms,184431,148.510,0.200755
184463ms,184463,148.081,0.200352
184495ms,184495,147.642,0.199432
184527ms,184527,147.211,0.198381
184559ms,184559,147.127,0.198327
184623ms,184623,146.643,0.199043
184655ms,184655,146.584,0.199056
184688ms,184688,146.451,0.199880
184720ms,184720,146.325,0.199790
184752ms,184752,146.549,0.199380
184784ms,184784,146.462,0.198510
184831ms,184831,146.365,0.198845
184863ms,184863,146.518,0.198503
184895ms,184895,146.654,0.197860
184927ms,184927,146.581,0.198385
184959ms,184959,146.745,0.197677
184992ms,184992,146.872,0.198166
185024ms,185024,146.931,0.197868
185055ms,185055,147.320,0.198585
185087ms,185087,147.373,0.198315
185120ms,185120,147.608,0.198271
185151ms,185151,147.763,0.199101
185199ms,185199,147.955,0.199771
185231ms,185231,148.175,0.199462
185263ms,185263,148.595,0.200133
185295ms,185295,148.908,0.200930
185327ms,185327,149.300,0.201159
185359ms,185359,149.522,0.202050
185391ms,185391,149.829,0.202038
185423ms,185423,149.823,0.202489
185455ms,185455,149.792,0.201841
185487ms,185487,149.921,0.201848
185519ms,185519,149.894,0.201668
185567ms,185567,149.852,0.202125
185599ms,185599,149.914,0.202000
185631ms,185631,149.898,0.202006
185663ms,185663,149.986,0.201804
185695ms,185695,149.863,0.202256
185727ms,185727,149.913,0.201854
185759ms,185759,149.997,0.202054
185792ms,185792,149.862,0.202470
185824ms,185824,149.716,0.201908
185856ms,185856,149.146,0.201586
185888ms,185888,148.740,0.201160
185919ms,185919,148.299,0.199962
185967ms,185967,147.792,0.199861
185999ms,185999,147.352,0.198658
186031ms,186031,146.973,0.199387
186063ms,186063,146.967,0.198355
186096ms,186096,146.960,0.200062
186159ms,186159,146.540,0.199090
186192ms,186192,146.456,0.203574
186224ms,186224,146.375,0.205729
186255ms,186255,146.598,0.199991
186288ms,186288,146.576,0.198665
186335ms,186335,146.454,0.196940
186367ms,186367,146.493,0.197515
186399ms,186399,146.427,0.197579
186431ms,186431,146.562,0.197668
186463ms,186463,146.858,0.197850
186496ms,186496,147.137,0.198425
186527ms,186527,147.098,0.197778
186559ms,186559,147.423,0.198452
186592ms,186592,147.567,0.198062
186623ms,186623,147.748,0.198591
186656ms,186656,147.799,0.199034
186688ms,186688,148.282,0.199744
186735ms,186735,148.493,0.199889
186768ms,186768,148.835,0.200772
186831ms,186831,149.574,0.202311
186863ms,186863,149.701,0.201886
186896ms,186896,149.896,0.201861
186928ms,186928,149.945,0.202510
186960ms,186960,149.956,0.202137
186991ms,186991,149.904,0.202085
187023ms,187023,149.944,0.201830
187056ms,187056,149.922,0.201756
187103ms,187103,149.982,0.201734
187135ms,187135,149.977,0.201760
187167ms,187167,149.975,0.201789
187199ms,187199,149.959,0.201857
187232ms,187232,149.979,0.202378
187264ms,187264,149.868,0.202181
187295ms,187295,149.775,0.202711
187328ms,187328,149.468,0.202300
187360ms,187360,149.106,0.200731
187391ms,187391,148.493,0.199987
187423ms,187423,148.048,0.199924
187471ms,187471,147.602,0.199393
187503ms,187503,147.208,0.198446
187535ms,187535,147.145,0.199143
187567ms,187567,147.083,0.198899
187599ms,187599,146.547,0.198591
187632ms,187632,146.478,0.200549
187664ms,187664,146.463,0.200895
187696ms,187696,146.211,0.210510
187728ms,187728,146.465,0.199017
187760ms,187760,146.684,0.201967
187792ms,187792,146.507,0.198620
187839ms,187839,146.498,0.198488
187871ms,187871,146.631,0.197666
187903ms,187903,146.554,0.197542
187935ms,187935,146.752,0.198154
187967ms,187967,146.993,0.197674
187999ms,187999,147.090,0.199261
188031ms,188031,147.328,0.198516
188064ms,188064,147.570,0.198435
188095ms,188095,147.629,0.198493
188128ms,188128,147.956,0.200209
188160ms,188160,148.056,0.199576
188192ms,188192,148.266,0.200166
188271ms,188271,149.242,0.201133
188303ms,188303,149.446,0.201935
188335ms,188335,149.743,0.202418
188367ms,188367,149.877,0.202387
188399ms,188399,149.863,0.202743
188431ms,188431,149.924,0.202444
188464ms,188464,149.965,0.202076
188496ms,188496,150.003,0.202253
188528ms,188528,149.965,0.202163
188559ms,188559,150.057,0.202150
188607ms,188607,150.054,0.202166
188639ms,188639,150.026,0.202298
188671ms,188671,150.078,0.202277
188703ms,188703,150.004,0.202592
188735ms,188735,149.968,0.202580
188767ms,188767,149.830,0.202620
188799ms,188799,149.559,0.202550
188831ms,188831,149.110,0.201055
188864ms,188864,148.559,0.200629
188895ms,188895,148.090,0.200519
188928ms,188928,147.574,0.199614
188960ms,188960,147.245,0.198623
189007ms,189007,147.145,0.198157
189039ms,189039,147.063,0.199252
189071ms,189071,146.745,0.199379
189103ms,189103,146.399,0.199231
189136ms,189136,146.654,0.198592
189199ms,189199,146.538,0.199439
189232ms,189232,146.428,0.203677
189264ms,189264,146.440,0.198448
189295ms,189295,146.471,0.198323
189328ms,189328,146.509,0.197366
189375ms,189375,146.575,0.198450
189407ms,189407,146.737,0.198004
189439ms,189439,146.924,0.198418
189471ms,189471,147.127,0.199261
189504ms,189504,147.309,0.198473
189535ms,189535,147.353,0.197993
189568ms,189568,147.703,0.198125
189600ms,189600,147.744,0.199102
189663ms,189663,148.341,0.199801
189696ms,189696,148.723,0.200209
189743ms,189743,149.016,0.200835
189775ms,189775,149.376,0.201288
189807ms,189807,149.561,0.202108
189839ms,189839,149.743,0.202158
189871ms,189871,149.799,0.202911
189903ms,189903,149.809,0.202448
189935ms,189935,150.043,0.201704
189968ms,189968,149.988,0.202181
190031ms,190031,149.951,0.201692
190064ms,190064,149.905,0.201879
190096ms,190096,149.978,0.201810
190143ms,190143,149.898,0.201927
190175ms,190175,149.938,0.201665
190207ms,190207,150.017,0.202373
190239ms,190239,149.918,0.202835
190271ms,190271,149.465,0.202122
190303ms,190303,149.071,0.201641
190336ms,190336,148.626,0.200620
190368ms,190368,148.090,0.200664
190400ms,190400,147.638,0.199271
190431ms,190431,147.431,0.198838
190464ms,190464,147.104,0.199133
190511ms,190511,146.900,0.199309
190543ms,190543,146.696,0.198236
190575ms,190575,146.448,0.198938
190607ms,190607,146.524,0.203823
190672ms,190672,146.445,0.202706
190704ms,190704,146.864,0.203597
190736ms,190736,146.609,0.198460
190768ms,190768,146.570,0.197618
190800ms,190800,146.510,0.197702
190832ms,190832,146.500,0.198792
190879ms,190879,146.667,0.198219
190911ms,190911,146.777,0.197441
190943ms,190943,147.033,0.198474
190975ms,190975,147.201,0.198853
191007ms,191007,147.408,0.198775
191039ms,191039,147.503,0.199028
191072ms,191072,147.794,0.198900
191104ms,191104,147.888,0.199779
191135ms,191135,148.235,0.199105
191168ms,191168,148.590,0.199991
191200ms,191200,148.944,0.201006
191232ms,191232,149.326,0.201777
191279ms,191279,149.588,0.202525
191311ms,191311,149.788,0.202087
191343ms,191343,149.868,0.202517
191375ms,191375,149.833,0.202344
191408ms,191408,150.027,0.201780
191440ms,191440,150.042,0.201844
191472ms,191472,149.871,0.201998
191504ms,191504,149.886,0.201981
191536ms,191536,149.868,0.202138
191536ms,191536,149.868,0.202138
191568ms,191568,149.910,0.202195
191568ms,191568,149.910,0.202195
191647ms,191647,149.781,0.201849
191679ms,191679,149.866,0.201969
191711ms,191711,149.914,0.202773
191743ms,191743,149.632,0.202208
191776ms,191776,149.263,0.201699
191808ms,191808,148.833,0.200435
191840ms,191840,148.288,0.200647
191872ms,191872,147.825,0.199462
191904ms,191904,147.430,0.199083
191936ms,191936,147.033,0.199312
191968ms,191968,146.934,0.198636
192015ms,192015,146.899,0.199758
192047ms,192047,146.529,0.197680
192079ms,192079,146.580,0.201848
192111ms,192111,146.499,0.200017
192144ms,192144,146.619,0.207628
192176ms,192176,146.640,0.200980
192207ms,192207,146.533,0.198504
192239ms,192239,146.536,0.197830
192272ms,192272,146.481,0.197844
192304ms,192304,146.485,0.197978
192336ms,192336,146.723,0.198077
192368ms,192368,146.833,0.198465
192415ms,192415,146.983,0.198116
192447ms,192447,147.190,0.198558
192479ms,192479,147.371,0.198271
192511ms,192511,147.559,0.198475
192544ms,192544,147.674,0.198963
192575ms,192575,147.854,0.199238
192607ms,192607,148.092,0.199799
192640ms,192640,148.313,0.199526
192672ms,192672,148.854,0.200051
192735ms,192735,149.384,0.201587
192783ms,192783,149.605,0.201843
192815ms,192815,149.929,0.202355
192847ms,192847,149.913,0.201911
192879ms,192879,149.991,0.201785
192911ms,192911,149.989,0.201941
192944ms,192944,150.007,0.202078
192976ms,192976,149.898,0.201623
193007ms,193007,149.930,0.201818
193040ms,193040,149.905,0.201992
193071ms,193071,149.936,0.202047
193104ms,193104,150.005,0.202029
193151ms,193151,150.009,0.201702
193183ms,193183,149.985,0.201507
193215ms,193215,149.898,0.202869
193247ms,193247,149.430,0.202466
193279ms,193279,149.010,0.200845
193311ms,193311,148.552,0.200830
193343ms,193343,148.089,0.200516
193376ms,193376,147.512,0.199635
193407ms,193407,147.204,0.198263
193439ms,193439,147.158,0.198234
193472ms,193472,147.031,0.199215
193504ms,193504,146.722,0.198711
193551ms,193551,146.633,0.198793
193583ms,193583,146.583,0.198941
193679ms,193679,146.662,0.200403
193711ms,193711,146.357,0.199147
193744ms,193744,146.490,0.198536
193776ms,193776,146.639,0.197790
193808ms,193808,146.478,0.197838
193839ms,193839,146.789,0.197594
193872ms,193872,146.911,0.197844
193919ms,193919,147.110,0.198387
193951ms,193951,147.382,0.198614
193983ms,193983,147.323,0.198547
194015ms,194015,147.703,0.198497
194048ms,194048,147.881,0.199283
194079ms,194079,148.155,0.199964
194112ms,194112,148.204,0.199296
194143ms,194143,148.816,0.200537
194176ms,194176,148.921,0.200980
194208ms,194208,149.355,0.201672
194239ms,194239,149.587,0.202453
194287ms,194287,149.822,0.202086
194319ms,194319,149.935,0.202714
194351ms,194351,149.832,0.202061
194383ms,194383,149.973,0.201911
194415ms,194415,150.047,0.201918
194447ms,194447,149.884,0.201973
194479ms,194479,149.926,0.201888
194511ms,194511,149.992,0.201957
194543ms,194543,149.903,0.201825
194575ms,194575,149.909,0.202287
194608ms,194608,149.898,0.202204
194640ms,194640,149.923,0.202519
194687ms,194687,149.860,0.202428
194751ms,194751,149.179,0.201565
194783ms,194783,148.621,0.200970
194815ms,194815,148.180,0.200619
194847ms,194847,147.806,0.199964
194879ms,194879,147.478,0.198906
194911ms,194911,147.166,0.198724
194943ms,194943,147.071,0.198536
194975ms,194975,146.725,0.198169
195008ms,195008,146.563,0.199284
195055ms,195055,146.529,0.198779
195087ms,195087,146.545,0.206977
195119ms,195119,146.429,0.203832
195151ms,195151,146.646,0.198000
195183ms,195183,146.556,0.197988
195216ms,195216,146.590,0.197567
195248ms,195248,146.573,0.198134
195279ms,195279,146.495,0.199255
195312ms,195312,146.763,0.198769
195344ms,195344,146.839,0.198385
195376ms,195376,147.185,0.198341
195423ms,195423,147.260,0.198842
195455ms,195455,147.436,0.199238
195487ms,195487,147.510,0.198574
195519ms,195519,147.687,0.199344
195551ms,195551,147.894,0.199522
195583ms,195583,148.320,0.199911
195616ms,195616,148.557,0.199884
195648ms,195648,148.909,0.200981
195680ms,195680,149.257,0.201275
195712ms,195712,149.510,0.201820
195744ms,195744,149.730,0.202479
195776ms,195776,149.922,0.202401
195823ms,195823,149.980,0.202339
195855ms,195855,150.038,0.202041
195887ms,195887,149.966,0.202106
195919ms,195919,150.100,0.202246
195952ms,195952,150.093,0.202063
195984ms,195984,150.115,0.202003
196016ms,196016,150.073,0.202080
196048ms,196048,150.011,0.202350
196080ms,196080,149.986,0.202254
196112ms,196112,150.047,0.202034
196144ms,196144,150.002,0.202214
196191ms,196191,149.737,0.202985
196223ms,196223,149.159,0.201410
196255ms,196255,148.731,0.200716
196287ms,196287,148.374,0.199885
196319ms,196319,147.982,0.199579
196351ms,196351,147.387,0.198722
196384ms,196384,147.127,0.199132
196416ms,196416,147.028,0.198613
196448ms,196448,146.931,0.199479
196479ms,196479,146.594,0.198310
196512ms,196512,146.594,0.198710
196623ms,196623,146.574,0.200535
196655ms,196655,146.630,0.199267
196687ms,196687,146.420,0.197803
196719ms,196719,146.373,0.198431
196752ms,196752,146.471,0.197641
196784ms,196784,146.762,0.197923
196815ms,196815,146.771,0.198764
196847ms,196847,147.155,0.198222
196880ms,196880,147.094,0.198202
196912ms,196912,147.381,0.198319
196959ms,196959,147.582,0.198799
196991ms,196991,147.692,0.198927
197023ms,197023,147.790,0.199601
197055ms,197055,148.380,0.199615
197087ms,197087,148.447,0.200723
197119ms,197119,148.822,0.200271
197151ms,197151,149.119,0.201383
197184ms,197184,149.499,0.201695
197216ms,197216,149.710,0.201903
197248ms,197248,149.823,0.202204
197280ms,197280,150.068,0.202301
197327ms,197327,149.938,0.201695
197359ms,197359,149.883,0.201891
197391ms,197391,149.915,0.202154
197423ms,197423,149.941,0.201876
197455ms,197455,149.905,0.202096
197488ms,197488,149.970,0.201984
197519ms,197519,149.963,0.202054
197551ms,197551,149.945,0.201707
197583ms,197583,150.025,0.201697
197615ms,197615,150.103,0.201991
197648ms,197648,149.781,0.202830
197680ms,197680,149.445,0.201783
197727ms,197727,148.997,0.201134
197759ms,197759,148.630,0.200652
197823ms,197823,147.499,0.199044
197855ms,197855,147.323,0.199266
197888ms,197888,147.243,0.198410
197919ms,197919,147.104,0.199022
197951ms,197951,146.656,0.198844
197984ms,197984,146.415,0.201699
198016ms,198016,146.751,0.201545
198048ms,198048,146.202,0.207027
198127ms,198127,146.473,0.201560
198159ms,198159,146.445,0.198905
198191ms,198191,146.502,0.198469
198223ms,198223,146.533,0.197770
198255ms,198255,146.490,0.198164
198288ms,198288,146.627,0.197783
198320ms,198320,147.020,0.198957
198352ms,198352,147.097,0.197975
198383ms,198383,147.312,0.199269
198416ms,198416,147.304,0.198512
198463ms,198463,147.640,0.198144
198495ms,198495,147.719,0.199060
198527ms,198527,147.796,0.199465
198559ms,198559,148.279,0.199291
198591ms,198591,148.522,0.200083
198623ms,198623,148.901,0.200439
198655ms,198655,149.175,0.201553
198688ms,198688,149.574,0.201906
198719ms,198719,149.804,0.202182
198752ms,198752,149.986,0.202860
198784ms,198784,150.048,0.202233
198816ms,198816,150.015,0.201612
198863ms,198863,149.948,0.201837
198895ms,198895,150.086,0.201727
198927ms,198927,149.997,0.201656
198959ms,198959,150.079,0.202032
198992ms,198992,150.081,0.201863
199024ms,199024,150.058,0.202192
199087ms,199087,150.051,0.202445
199120ms,199120,149.905,0.203085
199152ms,199152,149.595,0.202420
199183ms,199183,149.217,0.201188
199231ms,199231,148.659,0.200355
199263ms,199263,148.173,0.200606
199295ms,199295,147.862,0.199503
199327ms,199327,147.413,0.199122
199359ms,199359,147.065,0.198923
199391ms,199391,146.999,0.197908
199423ms,199423,146.910,0.198119
199456ms,199456,146.498,0.197749
199487ms,199487,146.481,0.199231
199520ms,199520,146.515,0.201039
199551ms,199551,146.288,0.200694
199631ms,199631,146.718,0.200450
199695ms,199695,146.331,0.197747
199728ms,199728,146.600,0.198312
199759ms,199759,146.674,0.197998
199791ms,199791,146.839,0.199109
199824ms,199824,146.904,0.198184
199887ms,199887,147.295,0.198661
199920ms,199920,147.490,0.198706
199951ms,199951,147.729,0.198514
200000ms,200000,147.699,0.199794
200031ms,200031,148.098,0.199279
200063ms,200063,148.341,0.199601
200096ms,200096,148.755,0.200164
200127ms,200127,149.284,0.201419
200159ms,200159,149.363,0.201833
200191ms,200191,149.681,0.202620
200223ms,200223,149.891,0.202036
200256ms,200256,149.959,0.202132
200288ms,200288,150.025,0.201898
200319ms,200319,149.971,0.201964
200367ms,200367,149.875,0.201910
200399ms,200399,149.938,0.202212
200431ms,200431,149.917,0.201901
200463ms,200463,149.910,0.201997
200495ms,200495,149.947,0.202098
200527ms,200527,149.981,0.201970
200559ms,200559,150.031,0.201992
200591ms,200591,150.071,0.202312
200623ms,200623,149.737,0.202836
200655ms,200655,149.272,0.202463
200687ms,200687,149.017,0.201358
200735ms,200735,148.510,0.199624
200767ms,200767,148.052,0.199953
200799ms,200799,147.522,0.199265
200831ms,200831,147.200,0.198467
200863ms,200863,147.070,0.198707
200895ms,200895,147.093,0.199273
200927ms,200927,146.588,0.197964
200960ms,200960,146.827,0.199451
200991ms,200991,146.632,0.199575
201056ms,201056,146.499,0.198888
201088ms,201088,146.633,0.199403
201135ms,201135,146.402,0.198555
201199ms,201199,146.482,0.197667
201231ms,201231,146.502,0.197643
201263ms,201263,146.797,0.197763
201295ms,201295,146.992,0.198441
201328ms,201328,146.993,0.198317
201360ms,201360,147.278,0.199080
201392ms,201392,147.494,0.198473
201424ms,201424,147.680,0.198667
201455ms,201455,147.715,0.199199
201503ms,201503,148.043,0.199564
201535ms,201535,148.379,0.200256
201567ms,201567,148.714,0.200311
201599ms,201599,149.028,0.201159
201631ms,201631,149.303,0.201641
201663ms,201663,149.671,0.202203
201695ms,201695,149.833,0.202324
201727ms,201727,150.083,0.202938
201760ms,201760,150.064,0.202289
201792ms,201792,150.094,0.201845
201824ms,201824,149.936,0.202133
201871ms,201871,150.116,0.201899
201903ms,201903,150.000,0.202098
201935ms,201935,149.997,0.202260
201967ms,201967,149.941,0.202109
201999ms,201999,150.081,0.201961
202031ms,202031,150.059,0.201934
202064ms,202064,149.982,0.201988
202095ms,202095,149.946,0.202953
202127ms,202127,149.752,0.202562
202160ms,202160,149.288,0.201649
202192ms,202192,148.742,0.200641
202224ms,202224,148.231,0.200361
202271ms,202271,147.840,0.199684
202303ms,202303,147.486,0.198818
202335ms,202335,147.082,0.199351
202367ms,202367,146.962,0.198453
202431ms,202431,146.425,0.198276
202464ms,202464,146.522,0.200397
202496ms,202496,146.411,0.205556
202528ms,202528,146.496,0.203955
202559ms,202559,146.810,0.199838
202591ms,202591,146.573,0.198430
202639ms,202639,146.397,0.197150
202671ms,202671,146.469,0.197471
202703ms,202703,146.487,0.197900
202735ms,202735,146.618,0.198112
202768ms,202768,146.836,0.198708
202800ms,202800,147.131,0.198797
202832ms,202832,147.087,0.197531
202864ms,202864,147.525,0.198271
202896ms,202896,147.475,0.198272
202928ms,202928,147.724,0.199275
202960ms,202960,147.940,0.199226
202992ms,202992,148.371,0.199024
203039ms,203039,148.526,0.200250
203071ms,203071,148.844,0.201008
203103ms,203103,149.267,0.201237
203135ms,203135,149.383,0.202036
203168ms,203168,149.753,0.202395
203199ms,203199,149.895,0.202567
203231ms,203231,150.000,0.202352
203263ms,203263,149.961,0.202281
203296ms,203296,149.986,0.202336
203328ms,203328,150.032,0.202031
203360ms,203360,149.928,0.202055
203407ms,203407,149.976,0.202088
203471ms,203471,150.017,0.202241
203503ms,203503,149.902,0.202284
203535ms,203535,150.054,0.201934
203568ms,203568,149.918,0.202484
203599ms,203599,149.823,0.202058
203631ms,203631,149.355,0.201283
203663ms,203663,148.942,0.201131
203727ms,203727,148.132,0.199359
203775ms,203775,147.476,0.198436
203807ms,203807,147.119,0.198714
203839ms,203839,147.015,0.198956
203871ms,203871,146.993,0.199087
203935ms,203935,146.521,0.201353
203968ms,203968,146.725,0.200943
203999ms,203999,146.234,0.206137
204031ms,204031,146.593,0.198365
204064ms,204064,146.646,0.198446
204096ms,204096,146.444,0.198209
204143ms,204143,146.316,0.198720
204175ms,204175,146.436,0.197487
204207ms,204207,146.596,0.197153
204239ms,204239,146.819,0.198281
204271ms,204271,146.893,0.197801
204303ms,204303,147.112,0.198017
204335ms,204335,147.307,0.198123
204367ms,204367,147.488,0.198322
204400ms,204400,147.565,0.198090
204431ms,204431,147.786,0.199499
204464ms,204464,148.060,0.200381
204496ms,204496,148.379,0.200085
204543ms,204543,148.838,0.200711
204575ms,204575,148.970,0.201293
204607ms,204607,149.251,0.201779
204639ms,204639,149.516,0.202159
204671ms,204671,149.864,0.202174
204703ms,204703,149.955,0.202087
204736ms,204736,150.000,0.201827
204768ms,204768,149.899,0.201944
204800ms,204800,149.966,0.201789
204832ms,204832,149.897,0.202013
204864ms,204864,149.918,0.201929
204911ms,204911,149.945,0.202131
204943ms,204943,149.961,0.202034
204975ms,204975,149.972,0.202241
205007ms,205007,150.053,0.202396
205039ms,205039,150.009,0.202516
205071ms,205071,149.830,0.202270
205104ms,205104,149.389,0.202444
205136ms,205136,149.208,0.200958
205168ms,205168,148.580,0.200846
205200ms,205200,148.179,0.200918
205263ms,205263,147.244,0.199782
205311ms,205311,147.248,0.198288
205343ms,205343,147.059,0.198012
205375ms,205375,146.586,0.198626
205407ms,205407,146.645,0.200032
205439ms,205439,146.495,0.202499
205503ms,205503,146.350,0.204366
205535ms,205535,146.515,0.199964
205567ms,205567,146.394,0.199030
205599ms,205599,146.609,0.198068
205631ms,205631,146.524,0.197353
205679ms,205679,146.509,0.199634
205711ms,205711,146.639,0.197916
205743ms,205743,146.715,0.197989
205775ms,205775,146.954,0.198733
205807ms,205807,147.168,0.198953
205839ms,205839,147.428,0.198290
205871ms,205871,147.628,0.198426
205903ms,205903,147.816,0.199596
205967ms,205967,148.076,0.199748
206000ms,206000,148.652,0.200329
206047ms,206047,148.864,0.200997
206079ms,206079,149.151,0.201697
206111ms,206111,149.671,0.202051
206143ms,206143,149.812,0.202313
206175ms,206175,149.919,0.202594
206207ms,206207,149.949,0.201868
206239ms,206239,150.063,0.202336
206271ms,206271,149.925,0.202176
206303ms,206303,149.958,0.201929
206336ms,206336,149.974,0.202096
206368ms,206368,149.981,0.201764
206415ms,206415,149.964,0.202077
206447ms,206447,149.967,0.202075
206479ms,206479,150.012,0.201925
206511ms,206511,149.959,0.202596
206543ms,206543,149.876,0.202515
206575ms,206575,149.685,0.202182
206608ms,206608,149.092,0.201354
206640ms,206640,148.603,0.200852
206672ms,206672,148.112,0.200810
206704ms,206704,147.825,0.199596
206736ms,206736,147.439,0.199535
206768ms,206768,146.948,0.198470
206815ms,206815,147.260,0.198344
206847ms,206847,146.829,0.199072
206879ms,206879,146.641,0.198141
206911ms,206911,146.498,0.202293
206975ms,206975,146.381,0.210567
207008ms,207008,146.687,0.198727
207040ms,207040,146.642,0.198418
207071ms,207071,146.558,0.198231
207104ms,207104,146.510,0.197746
207136ms,207136,146.644,0.198060
207183ms,207183,146.718,0.198140
207215ms,207215,146.659,0.198151
207247ms,207247,147.125,0.198333
207279ms,207279,147.256,0.197868
207311ms,207311,147.381,0.198409
207343ms,207343,147.489,0.198146
207407ms,207407,147.788,0.199086
207440ms,207440,148.307,0.199594
207472ms,207472,148.506,0.200026
207504ms,207504,148.815,0.200382
207536ms,207536,149.262,0.201562
207583ms,207583,149.371,0.201994
207615ms,207615,149.751,0.202306
207647ms,207647,149.916,0.202383
207679ms,207679,149.946,0.202148
207711ms,207711,149.890,0.201950
207743ms,207743,149.883,0.201795
207775ms,207775,149.894,0.201824
207808ms,207808,149.931,0.201815
207840ms,207840,149.980,0.202010
207872ms,207872,149.830,0.202005
207951ms,207951,149.874,0.202110
207983ms,207983,149.979,0.201995
208015ms,208015,149.792,0.202359
208047ms,208047,149.718,0.202399
208079ms,208079,149.268,0.201624
208111ms,208111,148.845,0.200672
208143ms,208143,148.435,0.199932
208175ms,208175,147.933,0.199852
208239ms,208239,147.068,0.199049
208272ms,208272,147.014,0.199214
208319ms,208319,147.241,0.198163
208351ms,208351,146.622,0.197948
208383ms,208383,146.610,0.199190
208415ms,208415,146.576,0.200431
208447ms,208447,146.345,0.202023
208511ms,208511,146.494,0.199571
208543ms,208543,146.538,0.198352
208607ms,208607,146.574,0.197340
208640ms,208640,146.684,0.197296
208672ms,208672,146.929,0.198156
208719ms,208719,146.972,0.197307
208751ms,208751,147.188,0.198429
208783ms,208783,147.228,0.198362
208815ms,208815,147.429,0.198349
208847ms,208847,147.679,0.198424
208879ms,208879,147.790,0.200047
208912ms,208912,148.141,0.199521
208944ms,208944,148.414,0.200238
208976ms,208976,148.867,0.199692
209039ms,209039,149.332,0.201637
209087ms,209087,149.658,0.202035
209119ms,209119,149.937,0.202039
209151ms,209151,149.919,0.202190
209183ms,209183,149.935,0.202093
209216ms,209216,149.851,0.202044
209247ms,209247,149.922,0.202169
209279ms,209279,149.969,0.201809
209312ms,209312,149.894,0.201837
209344ms,209344,149.886,0.201902
209376ms,209376,149.942,0.201699
209408ms,209408,149.961,0.202166
209455ms,209455,149.961,0.201910
209487ms,209487,149.939,0.202003
209519ms,209519,150.022,0.202355
209551ms,209551,149.701,0.202144
209583ms,209583,149.239,0.201507
209616ms,209616,148.794,0.200794
209648ms,209648,148.300,0.200501
209680ms,209680,147.914,0.199396
209711ms,209711,147.389,0.199290
209743ms,209743,146.929,0.199035
209776ms,209776,147.103,0.198051
209823ms,209823,146.868,0.198880
209855ms,209855,146.614,0.198704
209887ms,209887,146.590,0.200041
209951ms,209951,146.366,0.204885
210015ms,210015,146.626,0.199728
210047ms,210047,146.580,0.198509
210080ms,210080,146.540,0.198133
210112ms,210112,146.581,0.197942
210144ms,210144,146.803,0.198552
210176ms,210176,146.871,0.199564
210223ms,210223,147.097,0.198428
210255ms,210255,147.133,0.197737
210287ms,210287,147.351,0.198056
210319ms,210319,147.566,0.198639
210351ms,210351,147.786,0.198447
210383ms,210383,147.879,0.199564
210416ms,210416,148.242,0.199475
210448ms,210448,148.425,0.200102
210480ms,210480,148.911,0.200627
210512ms,210512,149.311,0.201989
210544ms,210544,149.393,0.201434
210576ms,210576,149.760,0.202032
210623ms,210623,149.949,0.202057
210687ms,210687,149.968,0.201835
210719ms,210719,149.866,0.201810
210751ms,210751,149.902,0.201801
210784ms,210784,149.938,0.201825
210815ms,210815,150.016,0.201885
210879ms,210879,149.940,0.201776
210911ms,210911,149.987,0.201627
210944ms,210944,149.863,0.202264
210991ms,210991,149.805,0.202247
211023ms,211023,149.807,0.202650
211055ms,211055,149.463,0.201778
211087ms,211087,149.144,0.201136
211119ms,211119,148.612,0.200657
211151ms,211151,148.142,0.200532
211184ms,211184,147.660,0.199580
211216ms,211216,147.295,0.199658
211248ms,211248,147.062,0.198934
211280ms,211280,147.050,0.198784
211312ms,211312,146.743,0.198853
211359ms,211359,146.511,0.198483
211391ms,211391,146.468,0.198284
211423ms,211423,146.218,0.204294
211487ms,211487,146.765,0.199753
211519ms,211519,146.621,0.198605
211551ms,211551,146.580,0.197367
211583ms,211583,146.458,0.197330
211615ms,211615,146.524,0.198237
211647ms,211647,146.670,0.198306
211680ms,211680,146.735,0.198125
211727ms,211727,147.087,0.198801
211759ms,211759,147.207,0.198734
211791ms,211791,147.573,0.198385
211823ms,211823,147.422,0.198484
211855ms,211855,147.705,0.199086
211888ms,211888,147.846,0.200440
211919ms,211919,148.320,0.199722
211951ms,211951,148.563,0.199854
212015ms,212015,149.204,0.201364
212047ms,212047,149.532,0.202151
212079ms,212079,149.771,0.202345
212127ms,212127,149.998,0.202510
212159ms,212159,150.030,0.201755
212191ms,212191,149.974,0.202028
212223ms,212223,150.055,0.201681
212255ms,212255,149.980,0.202013
212287ms,212287,150.060,0.202103
212319ms,212319,150.018,0.202044
212351ms,212351,149.987,0.202341
212383ms,212383,150.019,0.201883
212416ms,212416,149.977,0.202440
212447ms,212447,149.992,0.202360
212495ms,212495,149.839,0.202818
212527ms,212527,149.656,0.202486
212559ms,212559,149.191,0.201697
212591ms,212591,148.816,0.201097
212623ms,212623,148.459,0.200149
212655ms,212655,147.991,0.199787
212688ms,212688,147.463,0.198730
212720ms,212720,147.130,0.199042
212752ms,212752,147.033,0.198404
212783ms,212783,146.846,0.199088
212815ms,212815,146.716,0.198642
212848ms,212848,146.596,0.199622
212927ms,212927,146.320,0.201191
212960ms,212960,146.724,0.199621
212991ms,212991,146.538,0.203117
213023ms,213023,146.495,0.197799
213056ms,213056,146.435,0.198048
213088ms,213088,146.501,0.198060
213119ms,213119,146.635,0.197237
213151ms,213151,146.846,0.198281
213184ms,213184,147.075,0.197862
213216ms,213216,147.120,0.198502
213263ms,213263,147.335,0.198281
213327ms,213327,147.805,0.198266
213359ms,213359,147.784,0.199202
213391ms,213391,148.175,0.199444
213424ms,213424,148.399,0.200048
213456ms,213456,148.789,0.200694
213488ms,213488,148.930,0.201403
213520ms,213520,149.326,0.202081
213551ms,213551,149.595,0.202112
213584ms,213584,149.753,0.202376
213631ms,213631,149.868,0.202659
213663ms,213663,149.810,0.201842
213695ms,213695,149.886,0.201928
213727ms,213727,149.969,0.201880
213759ms,213759,149.850,0.201734
213792ms,213792,149.940,0.201914
213823ms,213823,149.946,0.201878
213855ms,213855,150.006,0.201892
213888ms,213888,149.915,0.201895
213920ms,213920,149.944,0.202067
213952ms,213952,149.964,0.202042
213984ms,213984,149.860,0.202447
214031ms,214031,149.512,0.201982
214063ms,214063,149.071,0.201538
214095ms,214095,148.506,0.200750
214127ms,214127,148.315,0.200297
214160ms,214160,147.602,0.199153
214192ms,214192,147.257,0.199724
214224ms,214224,147.110,0.198660
214255ms,214255,147.115,0.198691
214288ms,214288,146.675,0.198075
214320ms,214320,146.695,0.197682
214351ms,214351,146.536,0.201879
214399ms,214399,146.279,0.205496
214431ms,214431,146.513,0.199695
214463ms,214463,146.853,0.199619
214495ms,214495,146.552,0.199217
214527ms,214527,146.430,0.197441
214560ms,214560,146.515,0.197513
214591ms,214591,146.577,0.198253
214623ms,214623,146.666,0.197785
214656ms,214656,146.815,0.198032
214688ms,214688,147.038,0.198337
214720ms,214720,147.189,0.198213
214767ms,214767,147.373,0.198314
214799ms,214799,147.490,0.198393
214831ms,214831,147.765,0.199265
214863ms,214863,147.922,0.198888
214895ms,214895,148.201,0.199515
214928ms,214928,148.550,0.200175
214991ms,214991,149.184,0.201502
215024ms,215024,149.575,0.202221
215056ms,215056,149.726,0.202392
215088ms,215088,149.987,0.202560
215119ms,215119,149.887,0.201946
215167ms,215167,149.894,0.201894
215199ms,215199,149.893,0.202010
215263ms,215263,149.975,0.201707
215295ms,215295,149.944,0.201996
215328ms,215328,149.860,0.201727
215360ms,215360,150.014,0.201822
215391ms,215391,149.893,0.201696
215424ms,215424,149.987,0.201875
215456ms,215456,149.869,0.202227
215488ms,215488,149.618,0.202441
215535ms,215535,149.201,0.201854
215567ms,215567,148.765,0.200909
215599ms,215599,148.321,0.200214
215631ms,215631,147.967,0.199501
215663ms,215663,147.499,0.199293
215695ms,215695,147.223,0.198504
215728ms,215728,147.088,0.199330
215760ms,215760,147.010,0.199071
215791ms,215791,146.673,0.198367
215824ms,215824,146.561,0.199912
215856ms,215856,146.636,0.200756
215935ms,215935,146.541,0.199367
215967ms,215967,146.563,0.199315
215999ms,215999,146.628,0.198126
216031ms,216031,146.531,0.198061
216064ms,216064,146.688,0.197965
216096ms,216096,146.634,0.197578
216127ms,216127,146.729,0.198647
216160ms,216160,146.861,0.197973
216192ms,216192,147.107,0.198567
216224ms,216224,147.390,0.198426
216256ms,216256,147.470,0.198705
216303ms,216303,147.636,0.197986
216335ms,216335,147.764,0.199153
216367ms,216367,148.142,0.199223
216399ms,216399,148.389,0.200038
216431ms,216431,148.637,0.199900
216463ms,216463,148.953,0.201674
216496ms,216496,149.319,0.201639
216528ms,216528,149.763,0.201840
216559ms,216559,149.839,0.202408
216591ms,216591,150.002,0.202539
216671ms,216671,150.001,0.202096
216703ms,216703,150.045,0.202154
216735ms,216735,150.034,0.201767
216767ms,216767,150.072,0.201882
216799ms,216799,150.070,0.201954
216832ms,216832,150.000,0.201627
216864ms,216864,150.093,0.202225
216896ms,216896,150.054,0.201753
216928ms,216928,150.040,0.202333
216960ms,216960,149.892,0.202151
216992ms,216992,149.442,0.202079
217039ms,217039,149.100,0.201444
217071ms,217071,148.625,0.201282
217103ms,217103,148.191,0.201366
217135ms,217135,147.637,0.199260
217167ms,217167,147.179,0.200140
217199ms,217199,147.184,0.198705
217231ms,217231,147.147,0.198586
217295ms,217295,146.574,0.198794
217359ms,217359,146.299,0.201568
217439ms,217439,146.760,0.199536
217471ms,217471,146.722,0.198584
217503ms,217503,146.674,0.197442
217535ms,217535,146.476,0.197677
217567ms,217567,146.542,0.197638
217600ms,217600,146.619,0.198211
217632ms,217632,146.859,0.198692
217664ms,217664,147.135,0.198130
217727ms,217727,147.515,0.198133
217760ms,217760,147.499,0.198322
217807ms,217807,147.733,0.199274
217839ms,217839,147.832,0.199261
217871ms,217871,148.368,0.199356
217903ms,217903,148.532,0.200081
217935ms,217935,148.809,0.199913
217967ms,217967,149.147,0.201317
217999ms,217999,149.597,0.202108
218031ms,218031,149.906,0.202012
218063ms,218063,149.948,0.202374
218096ms,218096,149.909,0.202025
218128ms,218128,149.889,0.201822
218175ms,218175,149.870,0.201861
218207ms,218207,149.858,0.202007
218239ms,218239,149.911,0.201958
218271ms,218271,149.827,0.201673
218303ms,218303,149.833,0.201841
218335ms,218335,149.872,0.202150
218368ms,218368,149.844,0.201857
218399ms,218399,149.906,0.201963
218432ms,218432,149.910,0.202250
218463ms,218463,149.723,0.202459
218496ms,218496,149.210,0.201834
218527ms,218527,148.804,0.200629
218575ms,218575,148.316,0.200272
218607ms,218607,147.979,0.199547
218639ms,218639,147.403,0.198348
218671ms,218671,147.167,0.199402
218704ms,218704,147.024,0.197596
218736ms,218736,146.927,0.198101
218768ms,218768,146.601,0.198634
218799ms,218799,146.542,0.198625
218832ms,218832,146.551,0.199561
218864ms,218864,146.291,0.199707
218896ms,218896,146.539,0.200302
218943ms,218943,146.833,0.199320
218975ms,218975,146.421,0.197221
219039ms,219039,146.551,0.197496
219071ms,219071,146.558,0.198013
219104ms,219104,146.855,0.198106
219135ms,219135,146.997,0.197528
219167ms,219167,147.150,0.198551
219200ms,219200,147.328,0.198026
219232ms,219232,147.418,0.198634
219264ms,219264,147.781,0.199016
219311ms,219311,147.751,0.199542
219343ms,219343,148.168,0.200037
219375ms,219375,148.134,0.199960
219407ms,219407,148.701,0.200910
219439ms,219439,149.080,0.201257
219471ms,219471,149.405,0.201572
219503ms,219503,149.636,0.202050
219536ms,219536,149.848,0.202134
219567ms,219567,149.882,0.202123
219631ms,219631,149.972,0.201797
219664ms,219664,149.978,0.201935
219711ms,219711,149.979,0.202028
219743ms,219743,149.971,0.202237
219775ms,219775,149.969,0.201804
219807ms,219807,149.979,0.201970
219839ms,219839,149.967,0.201942
219871ms,219871,149.984,0.201856
219904ms,219904,149.910,0.201947
219936ms,219936,149.788,0.202463
219968ms,219968,149.394,0.202265
220000ms,220000,149.187,0.201270
220032ms,220032,148.601,0.200600
220079ms,220079,148.262,0.200410
220111ms,220111,147.655,0.199921
220143ms,220143,147.178,0.198632
220175ms,220175,147.285,0.198751
220208ms,220208,147.047,0.199037
220239ms,220239,146.755,0.198172
220271ms,220271,146.538,0.199054
220304ms,220304,146.630,0.198541
220336ms,220336,146.272,0.201157
220368ms,220368,146.460,0.201069
220400ms,220400,146.553,0.199880
220447ms,220447,146.600,0.200301
220479ms,220479,146.579,0.197688
220511ms,220511,146.623,0.198054
220543ms,220543,146.501,0.197998
220575ms,220575,146.794,0.197896
220607ms,220607,146.827,0.198704
220639ms,220639,147.152,0.198549
220671ms,220671,147.241,0.198415
220735ms,220735,147.467,0.198785
220768ms,220768,147.671,0.199393
220800ms,220800,147.773,0.200096
220847ms,220847,148.175,0.199859
220879ms,220879,148.498,0.200107
220911ms,220911,148.780,0.200572
220943ms,220943,149.242,0.201727
220975ms,220975,149.616,0.201559
221008ms,221008,149.657,0.201996
221039ms,221039,149.941,0.202732
221072ms,221072,149.877,0.201829
221104ms,221104,150.010,0.201612
221135ms,221135,150.000,0.202091
221215ms,221215,149.969,0.202200
221247ms,221247,150.015,0.201959
221279ms,221279,150.031,0.201868
221311ms,221311,149.973,0.201768
221343ms,221343,149.972,0.202125
221375ms,221375,149.995,0.201915
221407ms,221407,149.934,0.202539
221440ms,221440,149.702,0.202556
221472ms,221472,149.250,0.201544
221504ms,221504,148.857,0.200528
221583ms,221583,147.871,0.199401
221615ms,221615,147.417,0.198966
221647ms,221647,147.164,0.199029
221679ms,221679,146.933,0.198103
221711ms,221711,146.920,0.198236
221743ms,221743,146.652,0.197835
221775ms,221775,146.603,0.199053
221840ms,221840,146.576,0.200009
221872ms,221872,146.540,0.198786
221904ms,221904,146.619,0.198054
221936ms,221936,146.519,0.197865
221984ms,221984,146.477,0.197386
222015ms,222015,146.505,0.197809
222047ms,222047,146.656,0.197735
222079ms,222079,146.805,0.197929
222111ms,222111,147.105,0.198871
222143ms,222143,147.133,0.197778
222176ms,222176,147.309,0.198101
222208ms,222208,147.563,0.198818
222240ms,222240,147.709,0.198668
222272ms,222272,147.808,0.199823
222304ms,222304,148.080,0.199709
222351ms,222351,148.502,0.200147
222383ms,222383,148.912,0.199942
222415ms,222415,149.203,0.201388
222447ms,222447,149.451,0.201803
222479ms,222479,149.630,0.202046
222511ms,222511,149.957,0.202211
222544ms,222544,149.877,0.201849
222576ms,222576,149.883,0.202198
222608ms,222608,149.915,0.202005
222639ms,222639,149.842,0.202139
222672ms,222672,149.977,0.201995
222719ms,222719,149.874,0.201556
222751ms,222751,149.922,0.201865
222783ms,222783,149.882,0.202128
222815ms,222815,149.873,0.202029
222847ms,222847,149.787,0.201906
222879ms,222879,149.897,0.202096
222911ms,222911,149.838,0.202299
222944ms,222944,149.339,0.201949
223007ms,223007,148.567,0.200190
223039ms,223039,148.060,0.199895
223119ms,223119,147.174,0.198921
223151ms,223151,147.124,0.198141
223183ms,223183,147.042,0.198349
223215ms,223215,146.642,0.197820
223247ms,223247,146.567,0.201093
223279ms,223279,146.531,0.200659
223375ms,223375,146.584,0.199394
223408ms,223408,146.406,0.197626
223440ms,223440,146.620,0.198423
223487ms,223487,146.500,0.197643
223519ms,223519,146.521,0.197667
223583ms,223583,146.913,0.198137
223615ms,223615,146.997,0.197881
223647ms,223647,147.328,0.198810
223679ms,223679,147.391,0.199277
223712ms,223712,147.562,0.198592
223743ms,223743,147.842,0.199397
223776ms,223776,148.035,0.200037
223808ms,223808,148.336,0.199997
223855ms,223855,148.677,0.200087
223887ms,223887,148.978,0.201042
223919ms,223919,149.244,0.202145
223951ms,223951,149.682,0.201914
223983ms,223983,149.792,0.201796
224015ms,224015,149.809,0.202304
224079ms,224079,149.905,0.202111
224112ms,224112,149.917,0.201839
224143ms,224143,149.925,0.201877
224176ms,224176,149.819,0.201894
224208ms,224208,149.926,0.202156
224255ms,224255,149.864,0.202176
224287ms,224287,149.948,0.202122
224319ms,224319,149.886,0.201976
224352ms,224352,149.966,0.202270
224383ms,224383,149.788,0.202699
224415ms,224415,149.622,0.202690
224447ms,224447,149.213,0.201683
224479ms,224479,148.631,0.200540
224511ms,224511,148.250,0.200350
224544ms,224544,147.747,0.199288
224576ms,224576,147.323,0.199332
224623ms,224623,146.927,0.199031
224655ms,224655,146.875,0.199109
224687ms,224687,146.693,0.198151
224719ms,224719,146.663,0.198472
224751ms,224751,146.300,0.199823
224783ms,224783,146.590,0.202151
224848ms,224848,146.815,0.199896
224879ms,224879,146.591,0.197975
224911ms,224911,146.536,0.198359
224943ms,224943,146.518,0.197210
224991ms,224991,146.481,0.198720
225023ms,225023,146.731,0.198687
225055ms,225055,146.868,0.198809
225087ms,225087,146.993,0.198500
225119ms,225119,147.244,0.198611
225151ms,225151,147.318,0.198086
225183ms,225183,147.430,0.197979
225216ms,225216,147.681,0.198697
225247ms,225247,147.863,0.198978
225279ms,225279,148.417,0.199593
225311ms,225311,148.515,0.200224
225343ms,225343,148.793,0.200853
225391ms,225391,149.239,0.201524
225455ms,225455,149.688,0.202429
225487ms,225487,149.937,0.202494
225551ms,225551,149.898,0.202216
225615ms,225615,149.846,0.201857
225648ms,225648,149.915,0.202160
225680ms,225680,149.957,0.202147
225712ms,225712,150.015,0.201964
225759ms,225759,149.976,0.201647
225791ms,225791,149.960,0.201924
225823ms,225823,149.935,0.201971
225855ms,225855,149.917,0.202526
225887ms,225887,149.831,0.202662
225919ms,225919,149.581,0.202320
225951ms,225951,148.975,0.201564
225984ms,225984,148.549,0.200238
226016ms,226016,148.101,0.199748
226048ms,226048,147.595,0.199275
226079ms,226079,147.172,0.198833
226111ms,226111,146.981,0.199825
226159ms,226159,146.981,0.199702
226191ms,226191,146.451,0.197799
226223ms,226223,146.593,0.198784
226255ms,226255,146.691,0.199662
226287ms,226287,146.339,0.203527
226319ms,226319,146.558,0.199945
226352ms,226352,146.634,0.201196
226384ms,226384,146.543,0.198081
226416ms,226416,146.598,0.197913
226448ms,226448,146.532,0.197235
226480ms,226480,146.451,0.199091
226527ms,226527,146.591,0.197601
226559ms,226559,146.946,0.198770
226591ms,226591,147.123,0.198361
226624ms,226624,147.216,0.198768
226655ms,226655,147.294,0.198161
226687ms,226687,147.519,0.198518
226719ms,226719,147.697,0.199068
226751ms,226751,147.903,0.199547
226784ms,226784,148.249,0.199283
226816ms,226816,148.634,0.199858
226848ms,226848,148.896,0.201079
226879ms,226879,149.314,0.201321
226927ms,226927,149.659,0.201838
226959ms,226959,149.712,0.202380
226991ms,226991,149.994,0.202722
227087ms,227087,149.864,0.201938
227120ms,227120,149.746,0.202082
227152ms,227152,149.919,0.201818
227184ms,227184,149.792,0.201996
227216ms,227216,149.838,0.201799
227248ms,227248,149.830,0.201824
227295ms,227295,149.883,0.201853
227327ms,227327,150.009,0.201935
227359ms,227359,149.721,0.201891
227391ms,227391,149.495,0.202054
227423ms,227423,149.250,0.201210
227455ms,227455,148.658,0.200790
227487ms,227487,148.198,0.200175
227520ms,227520,147.879,0.199698
227551ms,227551,147.551,0.199291
227584ms,227584,147.082,0.199019
227616ms,227616,146.857,0.199088
227663ms,227663,146.752,0.198982
227695ms,227695,146.466,0.198022
227727ms,227727,146.302,0.199783
227759ms,227759,146.430,0.208022
227791ms,227791,146.505,0.206816
227823ms,227823,146.495,0.198876
227855ms,227855,146.630,0.197577
227887ms,227887,146.443,0.198082
227919ms,227919,146.439,0.198110
227951ms,227951,146.606,0.198072
227984ms,227984,146.627,0.197736
228031ms,228031,146.781,0.198150
228063ms,228063,147.096,0.198160
228095ms,228095,147.229,0.197911
228127ms,228127,147.434,0.198425
228159ms,228159,147.513,0.198475
228192ms,228192,147.730,0.199077
228223ms,228223,147.843,0.199636
228287ms,228287,148.294,0.200100
228319ms,228319,148.847,0.199657
228352ms,228352,149.064,0.202197
228384ms,228384,149.525,0.201409
228431ms,228431,149.769,0.202493
228463ms,228463,149.962,0.202265
228495ms,228495,149.865,0.202042
228527ms,228527,149.962,0.201824
228559ms,228559,150.025,0.201850
228591ms,228591,149.885,0.202077
228624ms,228624,149.944,0.201934
228656ms,228656,149.934,0.202083
228688ms,228688,149.883,0.201896
228720ms,228720,149.944,0.201664
228752ms,228752,149.842,0.201926
228799ms,228799,149.926,0.201849
228831ms,228831,149.950,0.202031
228895ms,228895,149.267,0.201376
228928ms,228928,148.680,0.201087
228959ms,228959,148.329,0.200300
228991ms,228991,147.954,0.199737
229024ms,229024,147.413,0.199583
229055ms,229055,147.144,0.199334
229088ms,229088,147.068,0.198533
229119ms,229119,146.962,0.200132
229199ms,229199,146.656,0.200145
229263ms,229263,146.480,0.200649
229295ms,229295,146.538,0.200889
229328ms,229328,146.564,0.199874
229359ms,229359,146.540,0.198095
229391ms,229391,146.274,0.197425
229423ms,229423,146.654,0.197627
229456ms,229456,146.699,0.197888
229488ms,229488,146.711,0.198179
229567ms,229567,147.133,0.198685
229599ms,229599,147.411,0.198556
229631ms,229631,147.463,0.198187
229663ms,229663,147.667,0.198688
229695ms,229695,147.771,0.199701
229727ms,229727,148.217,0.199734
229759ms,229759,148.244,0.200175
229791ms,229791,148.909,0.200520
229823ms,229823,149.131,0.201247
229856ms,229856,149.338,0.201784
229887ms,229887,149.733,0.201752
229935ms,229935,149.892,0.202486
229935ms,229935,149.892,0.202486
229967ms,229967,150.047,0.202354
229967ms,229967,150.047,0.202354
229999ms,229999,150.012,0.201770
230031ms,230031,150.003,0.201906
230063ms,230063,149.955,0.202191
230095ms,230095,149.943,0.201994
230127ms,230127,149.862,0.202152
230160ms,230160,149.983,0.201808
230191ms,230191,149.887,0.202141
230224ms,230224,149.977,0.201824
230255ms,230255,149.899,0.201978
230303ms,230303,149.935,0.202013
230335ms,230335,149.836,0.202239
230367ms,230367,149.367,0.202546
230399ms,230399,149.061,0.201217
230431ms,230431,148.539,0.200630
230463ms,230463,148.019,0.200077
230496ms,230496,147.499,0.198835
230528ms,230528,147.125,0.198949
230559ms,230559,147.040,0.199316
230592ms,230592,146.997,0.198043
230624ms,230624,146.585,0.197351
230656ms,230656,146.535,0.200322
230703ms,230703,146.454,0.198531
230735ms,230735,146.262,0.199179
230767ms,230767,146.703,0.197701
230799ms,230799,146.620,0.201890
230831ms,230831,146.441,0.199040
230895ms,230895,146.625,0.198312
230928ms,230928,146.494,0.198198
230959ms,230959,146.741,0.197957
230991ms,230991,146.982,0.197601
231023ms,231023,147.088,0.198092
231071ms,231071,147.306,0.198194
231103ms,231103,147.422,0.198094
231135ms,231135,147.627,0.198191
231167ms,231167,147.797,0.199402
231199ms,231199,148.134,0.199469
231231ms,231231,148.343,0.199927
231263ms,231263,148.635,0.200465
231295ms,231295,148.947,0.201520
231327ms,231327,149.237,0.201536
231359ms,231359,149.678,0.202028
231392ms,231392,149.915,0.202130
231423ms,231423,149.757,0.202278
231471ms,231471,149.927,0.202096
231503ms,231503,149.889,0.201987
231535ms,231535,149.894,0.201546
231567ms,231567,149.945,0.201898
231599ms,231599,149.923,0.201622
231632ms,231632,149.833,0.201862
231664ms,231664,149.908,0.201688
231696ms,231696,149.929,0.201985
231727ms,231727,149.983,0.201928
231760ms,231760,149.921,0.202309
231792ms,231792,149.854,0.202591
231839ms,231839,149.562,0.202198
231871ms,231871,149.234,0.200966
231903ms,231903,148.605,0.200457
231935ms,231935,148.177,0.200737
231967ms,231967,147.930,0.198995
231999ms,231999,147.395,0.198720
232031ms,232031,147.145,0.199001
232064ms,232064,147.083,0.198830
232095ms,232095,146.768,0.198432
232128ms,232128,146.413,0.198639
232159ms,232159,146.457,0.199706
232207ms,232207,146.504,0.203113
232271ms,232271,146.603,0.198485
232303ms,232303,146.544,0.197571
232335ms,232335,146.526,0.197446
232367ms,232367,146.463,0.197685
232399ms,232399,146.561,0.198589
232431ms,232431,146.625,0.197876
232463ms,232463,146.725,0.198634
232496ms,232496,146.983,0.198585
232528ms,232528,147.069,0.197727
232560ms,232560,147.259,0.198167
232607ms,232607,147.468,0.198085
232639ms,232639,147.682,0.198668
232671ms,232671,147.806,0.199056
232703ms,232703,148.114,0.199112
232735ms,232735,148.344,0.199920
232768ms,232768,148.757,0.200467
232799ms,232799,149.075,0.201532
232895ms,232895,149.836,0.202338
232928ms,232928,150.002,0.202242
232975ms,232975,149.846,0.202108
233007ms,233007,149.953,0.202049
233039ms,233039,150.018,0.202272
233071ms,233071,149.902,0.202165
233103ms,233103,149.954,0.202082
233135ms,233135,149.936,0.201713
233168ms,233168,149.977,0.201473
233199ms,233199,150.032,0.201828
233231ms,233231,149.937,0.202435
233263ms,233263,150.028,0.202228
233296ms,233296,149.828,0.202291
233343ms,233343,149.380,0.201786
233375ms,233375,148.901,0.201236
233407ms,233407,148.331,0.200487
233439ms,233439,148.162,0.200243
233471ms,233471,147.597,0.199137
233503ms,233503,147.285,0.198918
233535ms,233535,147.072,0.198582
233567ms,233567,147.053,0.198162
233600ms,233600,146.639,0.198066
233632ms,233632,146.487,0.201390
233664ms,233664,146.640,0.198736
233696ms,233696,146.419,0.199984
233743ms,233743,146.705,0.199050
233775ms,233775,146.688,0.202580
233807ms,233807,146.626,0.198341
233840ms,233840,146.580,0.198233
233871ms,233871,146.515,0.198003
233903ms,233903,146.381,0.198757
233935ms,233935,146.780,0.198170
233968ms,233968,146.990,0.197926
233999ms,233999,147.062,0.197682
234032ms,234032,147.211,0.198735
234111ms,234111,147.767,0.198627
234143ms,234143,147.729,0.198871
234175ms,234175,148.026,0.199628
234207ms,234207,148.193,0.199307
234239ms,234239,148.741,0.200295
234271ms,234271,148.955,0.200966
234303ms,234303,149.314,0.201607
234335ms,234335,149.569,0.201848
234368ms,234368,149.810,0.202234
234400ms,234400,149.992,0.202430
234431ms,234431,149.906,0.201866
234479ms,234479,149.933,0.202101
234511ms,234511,149.885,0.201965
234543ms,234543,149.871,0.202028
234575ms,234575,149.775,0.201952
234607ms,234607,149.907,0.202005
234639ms,234639,149.835,0.201686
234671ms,234671,149.754,0.201723
234704ms,234704,149.813,0.201935
234736ms,234736,149.919,0.201825
234768ms,234768,149.714,0.202116
234799ms,234799,149.591,0.202307
234832ms,234832,149.246,0.201559
234879ms,234879,148.682,0.200624
234911ms,234911,148.269,0.199971
234943ms,234943,147.821,0.199617
234975ms,234975,147.330,0.198581
235007ms,235007,147.175,0.198644
235039ms,235039,146.965,0.197919
235071ms,235071,146.827,0.198345
235104ms,235104,146.566,0.198408
235135ms,235135,146.608,0.200488
235200ms,235200,146.408,0.202330
235247ms,235247,146.680,0.198908
235279ms,235279,146.553,0.198545
235311ms,235311,146.473,0.197841
235343ms,235343,146.427,0.197836
235375ms,235375,146.567,0.198366
235407ms,235407,146.741,0.198321
235439ms,235439,146.846,0.198271
235471ms,235471,147.053,0.198652
235503ms,235503,147.098,0.198220
235535ms,235535,147.318,0.198448
235567ms,235567,147.603,0.198566
235600ms,235600,147.688,0.198930
235647ms,235647,147.787,0.199786
235679ms,235679,148.047,0.199603
235711ms,235711,148.269,0.200006
235743ms,235743,148.832,0.200444
235775ms,235775,148.958,0.200875
235807ms,235807,149.361,0.200994
235839ms,235839,149.712,0.202404
235872ms,235872,149.860,0.202231
235904ms,235904,149.973,0.202406
235936ms,235936,149.944,0.201891
235968ms,235968,149.945,0.201887
236015ms,236015,149.913,0.201863
236047ms,236047,149.868,0.201684
236111ms,236111,149.948,0.201849
236143ms,236143,149.995,0.201651
236175ms,236175,149.904,0.201960
236207ms,236207,149.916,0.201728
236240ms,236240,149.861,0.202316
236272ms,236272,149.818,0.202167
236304ms,236304,149.495,0.202036
236335ms,236335,148.981,0.200913
236383ms,236383,148.500,0.199847
236415ms,236415,148.088,0.200467
236447ms,236447,147.712,0.199772
236479ms,236479,147.115,0.198694
236511ms,236511,147.234,0.198462
236543ms,236543,147.068,0.198633
236575ms,236575,146.594,0.197721
236608ms,236608,146.482,0.201237
236639ms,236639,146.661,0.199245
236672ms,236672,146.431,0.198415
236751ms,236751,146.557,0.201292
236815ms,236815,146.471,0.197957
236847ms,236847,146.735,0.198401
236879ms,236879,146.581,0.198444
236911ms,236911,146.941,0.197992
236943ms,236943,147.007,0.197686
236976ms,236976,147.035,0.197916
237008ms,237008,147.217,0.198455
237040ms,237040,147.456,0.198109
237072ms,237072,147.710,0.198302
237104ms,237104,147.681,0.199677
237151ms,237151,148.052,0.199639
237183ms,237183,148.361,0.199635
237215ms,237215,148.700,0.200170
237247ms,237247,149.002,0.201139
237279ms,237279,149.238,0.201638
237311ms,237311,149.527,0.201655
237344ms,237344,149.861,0.202060
237375ms,237375,149.805,0.202325
237408ms,237408,149.927,0.202210
237440ms,237440,150.012,0.201914
237472ms,237472,149.890,0.201867
237519ms,237519,149.829,0.202154
237551ms,237551,149.844,0.202315
237584ms,237584,149.911,0.202284
237615ms,237615,149.934,0.202636
237647ms,237647,149.983,0.201690
237679ms,237679,149.920,0.202187
237711ms,237711,149.968,0.202198
237744ms,237744,149.848,0.202536
237775ms,237775,149.511,0.202586
237807ms,237807,149.174,0.201584
237839ms,237839,148.634,0.200783
237887ms,237887,148.136,0.200389
237919ms,237919,147.919,0.199823
237951ms,237951,147.438,0.198859
238015ms,238015,147.043,0.198487
238079ms,238079,146.645,0.199064
238111ms,238111,146.579,0.199966
238143ms,238143,146.449,0.198332
238175ms,238175,146.553,0.199765
238207ms,238207,146.552,0.198439
238239ms,238239,146.680,0.198501
238287ms,238287,146.410,0.197231
238319ms,238319,146.386,0.197705
238351ms,238351,146.606,0.198597
238383ms,238383,146.687,0.197960
238415ms,238415,146.716,0.198816
238447ms,238447,147.212,0.198502
238479ms,238479,147.069,0.198502
238511ms,238511,147.449,0.198815
238543ms,238543,147.484,0.198973
238575ms,238575,147.686,0.198979
238608ms,238608,147.878,0.199211
238655ms,238655,148.215,0.199691
238687ms,238687,148.470,0.199768
238719ms,238719,148.713,0.200508
238751ms,238751,149.136,0.201959
238783ms,238783,149.608,0.201483
238815ms,238815,149.749,0.202310
238847ms,238847,149.921,0.202520
238879ms,238879,149.960,0.202123
238911ms,238911,149.965,0.202025
238943ms,238943,149.934,0.202123
238976ms,238976,149.947,0.201981
239023ms,239023,149.956,0.201995
239055ms,239055,149.946,0.201927
239087ms,239087,150.008,0.201659
239119ms,239119,149.954,0.201978
239151ms,239151,150.105,0.202102
239183ms,239183,149.937,0.202332
239216ms,239216,149.869,0.202147
239247ms,239247,149.737,0.202766
239280ms,239280,149.375,0.201706
239311ms,239311,148.931,0.201451
239344ms,239344,148.431,0.200152
239376ms,239376,147.933,0.199640
239423ms,239423,147.456,0.198012
239487ms,239487,147.050,0.198063
239519ms,239519,147.046,0.198506
239551ms,239551,146.555,0.198120
239584ms,239584,146.551,0.200830
239615ms,239615,146.574,0.200563
239647ms,239647,146.418,0.201071
239680ms,239680,146.634,0.200152
239711ms,239711,146.495,0.199983
239743ms,239743,146.484,0.197887
239791ms,239791,146.429,0.197761
239823ms,239823,146.750,0.198249
239855ms,239855,146.670,0.197635
239887ms,239887,146.831,0.198529
239919ms,239919,147.037,0.197987
239952ms,239952,147.021,0.198102
239984ms,239984,147.197,0.198273
240016ms,240016,147.491,0.198490
240048ms,240048,147.638,0.198214
240080ms,240080,147.740,0.199914
240112ms,240112,148.156,0.199776
240143ms,240143,148.248,0.200110
240191ms,240191,148.768,0.200481
240223ms,240223,149.188,0.201711
240255ms,240255,149.347,0.201171
240287ms,240287,149.610,0.201902
240320ms,240320,149.933,0.202837
240351ms,240351,149.908,0.202346
240415ms,240415,150.027,0.202240
240447ms,240447,150.076,0.201872
240479ms,240479,150.044,0.201898
240511ms,240511,150.076,0.201985
240559ms,240559,150.002,0.201987
240591ms,240591,150.011,0.202055
240623ms,240623,149.983,0.201752
240655ms,240655,150.005,0.201926
240687ms,240687,150.033,0.201666
240719ms,240719,149.804,0.202136
240751ms,240751,149.358,0.202181
240783ms,240783,149.081,0.200898
240816ms,240816,148.569,0.200458
240847ms,240847,148.046,0.200481
240879ms,240879,147.551,0.199345
240927ms,240927,147.344,0.199438
240959ms,240959,147.242,0.198383
240991ms,240991,146.983,0.198342
241023ms,241023,146.684,0.197886
241055ms,241055,146.546,0.198323
241087ms,241087,146.423,0.198739
241183ms,241183,146.595,0.199775
241215ms,241215,146.541,0.197951
241247ms,241247,146.482,0.197347
241295ms,241295,146.458,0.197998
241327ms,241327,146.442,0.197238
241359ms,241359,146.585,0.198304
241391ms,241391,146.835,0.198700
241423ms,241423,146.931,0.198922
241455ms,241455,147.198,0.198968
241519ms,241519,147.437,0.199299
241551ms,241551,147.732,0.199240
241584ms,241584,147.873,0.198980
241616ms,241616,148.169,0.199466
241648ms,241648,148.565,0.200627
241695ms,241695,148.854,0.200699
241727ms,241727,149.270,0.201665
241791ms,241791,149.729,0.202215
241823ms,241823,149.897,0.202284
241855ms,241855,149.858,0.201971
241887ms,241887,149.814,0.202303
241920ms,241920,149.846,0.201798
241951ms,241951,149.813,0.201918
241984ms,241984,149.730,0.202062
242016ms,242016,149.802,0.201838
242063ms,242063,149.724,0.202091
242095ms,242095,149.747,0.202127
242127ms,242127,149.797,0.202104
242159ms,242159,149.879,0.201675
242191ms,242191,149.735,0.202585
242223ms,242223,149.796,0.202264
242255ms,242255,149.332,0.201430
242288ms,242288,148.773,0.200741
242320ms,242320,148.435,0.199874
242352ms,242352,148.008,0.199996
242384ms,242384,147.533,0.198534
242416ms,242416,147.097,0.198375
242463ms,242463,147.131,0.198601
242495ms,242495,147.009,0.198160
242527ms,242527,146.528,0.197510
242559ms,242559,146.497,0.201732
242591ms,242591,146.568,0.199084
242623ms,242623,146.317,0.204258
242687ms,242687,146.655,0.199905
242720ms,242720,146.486,0.198110
242751ms,242751,146.321,0.198771
242784ms,242784,146.377,0.197573
242831ms,242831,146.577,0.197688
242863ms,242863,146.789,0.198607
242895ms,242895,147.044,0.197911
242927ms,242927,147.046,0.198080
242959ms,242959,147.202,0.197888
242991ms,242991,147.515,0.198513
243055ms,243055,147.899,0.199836
243087ms,243087,148.130,0.199719
243151ms,243151,148.799,0.200334
243199ms,243199,149.159,0.201326
243231ms,243231,149.273,0.201608
243263ms,243263,149.722,0.202024
243295ms,243295,149.871,0.202678
243327ms,243327,149.968,0.201914
243359ms,243359,149.908,0.202235
243423ms,243423,150.084,0.202193
243455ms,243455,150.025,0.201866
243488ms,243488,149.935,0.202056
243519ms,243519,149.968,0.201772
243551ms,243551,149.846,0.201814
243599ms,243599,149.978,0.201625
243631ms,243631,149.914,0.202174
243663ms,243663,149.989,0.202143
243695ms,243695,149.862,0.202205
243727ms,243727,149.362,0.202025
243759ms,243759,149.113,0.200783
243791ms,243791,148.680,0.200833
243824ms,243824,148.265,0.200164
243856ms,243856,147.486,0.199443
243888ms,243888,147.403,0.198940
243920ms,243920,147.135,0.198377
243967ms,243967,147.171,0.198535
243999ms,243999,146.679,0.198413
244031ms,244031,146.656,0.198293
244063ms,244063,146.756,0.199964
244159ms,244159,146.561,0.201579
244191ms,244191,146.780,0.198870
244223ms,244223,146.620,0.198258
244256ms,244256,146.567,0.197668
244288ms,244288,146.431,0.198799
244335ms,244335,146.632,0.197493
244367ms,244367,146.766,0.198279
244399ms,244399,147.123,0.198567
244431ms,244431,147.236,0.199320
244463ms,244463,147.509,0.198496
244496ms,244496,147.642,0.198395
244528ms,244528,147.638,0.199396
244559ms,244559,148.000,0.199591
244592ms,244592,148.370,0.199506
244623ms,244623,148.594,0.200071
244656ms,244656,148.887,0.200758
244688ms,244688,149.263,0.201276
244735ms,244735,149.601,0.201874
244767ms,244767,149.811,0.202362
244799ms,244799,149.932,0.202050
244831ms,244831,149.926,0.202160
244863ms,244863,150.012,0.201983
244895ms,244895,149.935,0.201908
244959ms,244959,149.907,0.201924
244992ms,244992,149.878,0.201819
245024ms,245024,149.941,0.202033
245056ms,245056,149.959,0.201831
245103ms,245103,149.977,0.201713
245135ms,245135,149.991,0.201960
245167ms,245167,149.978,0.202029
245199ms,245199,149.745,0.202043
245231ms,245231,149.267,0.201291
245263ms,245263,148.653,0.200813
245295ms,245295,148.207,0.200128
245328ms,245328,147.752,0.199625
245359ms,245359,147.450,0.199135
245392ms,245392,147.007,0.199348
245424ms,245424,146.984,0.198371
245471ms,245471,146.755,0.199172
245503ms,245503,146.484,0.198266
245535ms,245535,146.446,0.200475
245599ms,245599,146.419,0.204712
245663ms,245663,146.622,0.198308
245727ms,245727,146.573,0.197846
245760ms,245760,146.643,0.198122
245791ms,245791,146.645,0.197588
245824ms,245824,146.807,0.198106
245871ms,245871,147.126,0.199619
245935ms,245935,147.471,0.198304
245967ms,245967,147.452,0.198518
245999ms,245999,147.723,0.198892
246031ms,246031,147.814,0.199528
246064ms,246064,148.229,0.199455
246096ms,246096,148.498,0.200038
246128ms,246128,148.845,0.200705
246160ms,246160,149.142,0.201590
246192ms,246192,149.491,0.202046
246239ms,246239,149.576,0.201961
246271ms,246271,149.919,0.202423
246303ms,246303,149.921,0.201845
246335ms,246335,149.851,0.202027
246367ms,246367,149.888,0.201775
246399ms,246399,149.990,0.201839
246431ms,246431,149.985,0.201899
246464ms,246464,149.754,0.202029
246496ms,246496,149.883,0.201854
246528ms,246528,149.928,0.201961
246560ms,246560,150.001,0.202036
246607ms,246607,149.923,0.202039
246639ms,246639,149.951,0.201908
246671ms,246671,149.763,0.202153
246703ms,246703,149.274,0.201762
246735ms,246735,148.945,0.201087
246767ms,246767,148.526,0.200412
246799ms,246799,148.181,0.199977
246832ms,246832,147.571,0.199160
246864ms,246864,147.158,0.198676
246896ms,246896,147.012,0.198671
246928ms,246928,147.152,0.198810
246960ms,246960,146.706,0.198545
247007ms,247007,146.582,0.200631
247039ms,247039,146.535,0.200933
247071ms,247071,146.321,0.202823
247135ms,247135,146.554,0.200510
247167ms,247167,146.458,0.198335
247231ms,247231,146.610,0.197388
247263ms,247263,146.461,0.198131
247295ms,247295,146.731,0.197728
247328ms,247328,146.818,0.197929
247375ms,247375,147.198,0.198200
247407ms,247407,147.430,0.198516
247439ms,247439,147.383,0.198401
247471ms,247471,147.599,0.198212
247503ms,247503,147.794,0.199504
247535ms,247535,148.060,0.199688
247567ms,247567,148.264,0.199987
247599ms,247599,148.629,0.199844
247632ms,247632,148.909,0.200830
247663ms,247663,149.237,0.201439
247696ms,247696,149.638,0.202026
247728ms,247728,149.865,0.202115
247775ms,247775,149.896,0.202327
247807ms,247807,149.964,0.201869
247871ms,247871,150.006,0.202095
247903ms,247903,149.889,0.201769
247935ms,247935,149.850,0.201853
247967ms,247967,149.978,0.202150
247999ms,247999,149.948,0.202070
248031ms,248031,149.905,0.201888
248063ms,248063,149.880,0.202080
248143ms,248143,149.895,0.202752
248175ms,248175,149.560,0.202209
248207ms,248207,149.191,0.201267
248239ms,248239,148.755,0.201281
248271ms,248271,148.354,0.200181
248303ms,248303,147.793,0.199094
248335ms,248335,147.530,0.199255
248367ms,248367,147.047,0.198910
248399ms,248399,147.017,0.199982
248431ms,248431,146.844,0.198953
248511ms,248511,146.543,0.199768
248543ms,248543,146.500,0.199000
248607ms,248607,146.621,0.199445
248639ms,248639,146.656,0.198983
248671ms,248671,146.496,0.197300
248703ms,248703,146.336,0.197476
248736ms,248736,146.491,0.197864
248768ms,248768,146.619,0.198012
248800ms,248800,146.757,0.199312
248832ms,248832,147.082,0.198501
248879ms,248879,147.149,0.197960
248911ms,248911,147.483,0.198125
248943ms,248943,147.479,0.198164
248975ms,248975,147.699,0.198893
249007ms,249007,147.845,0.198973
249039ms,249039,148.432,0.199859
249071ms,249071,148.473,0.200516
249071ms,249071,148.473,0.200516
249103ms,249103,148.865,0.200325
249103ms,249103,148.865,0.200325
249135ms,249135,149.217,0.201461
249168ms,249168,149.642,0.202119
249200ms,249200,149.652,0.202034
249232ms,249232,149.980,0.202449
249279ms,249279,149.869,0.201827
249311ms,249311,149.858,0.202120
249343ms,249343,149.810,0.202079
249407ms,249407,149.953,0.201911
249439ms,249439,149.942,0.202125
249471ms,249471,149.961,0.201963
249503ms,249503,149.896,0.201881
249536ms,249536,149.883,0.201896
249567ms,249567,149.959,0.202323
249600ms,249600,150.062,0.201632
249647ms,249647,149.842,0.202428
249679ms,249679,149.294,0.202238
249711ms,249711,148.997,0.200701
249743ms,249743,148.476,0.200279
249776ms,249776,148.026,0.199999
249808ms,249808,147.576,0.199154
249839ms,249839,147.277,0.198829
249872ms,249872,147.088,0.198468
249904ms,249904,146.972,0.198653
249936ms,249936,146.559,0.198184
249968ms,249968,146.642,0.199163
250047ms,250047,146.268,0.207242
250079ms,250079,146.681,0.200985
250111ms,250111,146.727,0.201426
250143ms,250143,146.419,0.197657
250176ms,250176,146.480,0.198018
250207ms,250207,146.475,0.197949
250239ms,250239,146.588,0.197852
250271ms,250271,146.775,0.197593
250304ms,250304,146.955,0.197736
250335ms,250335,147.154,0.197894
250383ms,250383,147.206,0.199166
250415ms,250415,147.455,0.198811
250447ms,250447,147.603,0.198492
250479ms,250479,147.704,0.199529
250511ms,250511,148.108,0.199824
250543ms,250543,148.327,0.199767
250575ms,250575,148.704,0.200607
250608ms,250608,149.002,0.201073
250640ms,250640,149.373,0.201995
250672ms,250672,149.705,0.202447
250703ms,250703,149.846,0.202138
250735ms,250735,149.892,0.202323
250783ms,250783,150.009,0.201956
250847ms,250847,149.911,0.202057
250879ms,250879,150.015,0.201910
250912ms,250912,149.938,0.201928
250943ms,250943,149.965,0.201819
250976ms,250976,149.909,0.202019
251008ms,251008,149.930,0.202203
251039ms,251039,149.930,0.202383
251072ms,251072,149.976,0.202259
251104ms,251104,149.884,0.202221
251136ms,251136,149.347,0.201930
251183ms,251183,149.183,0.201149
251215ms,251215,148.682,0.200732
251247ms,251247,148.143,0.200646
251279ms,251279,147.686,0.199884
251311ms,251311,147.249,0.200080
251343ms,251343,146.986,0.199149
251375ms,251375,147.093,0.197884
251439ms,251439,146.495,0.199808
251472ms,251472,146.494,0.199001
251504ms,251504,146.203,0.207842
251583ms,251583,146.451,0.201779
251615ms,251615,146.444,0.200065
251647ms,251647,146.524,0.197619
251679ms,251679,146.457,0.197416
251711ms,251711,146.556,0.197953
251743ms,251743,146.689,0.198213
251775ms,251775,146.789,0.198320
251808ms,251808,147.019,0.198398
251840ms,251840,147.255,0.198846
251871ms,251871,147.347,0.198729
251919ms,251919,147.525,0.198976
251951ms,251951,147.699,0.199118
251983ms,251983,147.930,0.199873
252015ms,252015,148.215,0.199656
252047ms,252047,148.689,0.200200
252079ms,252079,148.863,0.200452
252111ms,252111,149.287,0.201854
252144ms,252144,149.730,0.202123
252176ms,252176,149.834,0.202481
252208ms,252208,149.946,0.202755
252240ms,252240,149.922,0.201940
252271ms,252271,149.825,0.201811
252319ms,252319,149.879,0.202240
252351ms,252351,149.840,0.202475
252383ms,252383,149.990,0.201693
252415ms,252415,149.935,0.201686
252447ms,252447,149.888,0.202374
252479ms,252479,149.926,0.202216
252511ms,252511,149.927,0.201969
252543ms,252543,149.890,0.201999
252575ms,252575,149.895,0.202329
252607ms,252607,149.600,0.202272
252640ms,252640,149.165,0.201191
252687ms,252687,148.635,0.200518
252719ms,252719,148.240,0.200275
252751ms,252751,147.913,0.199744
252783ms,252783,147.347,0.199832
252815ms,252815,147.066,0.198894
252847ms,252847,147.131,0.198883
252879ms,252879,146.807,0.199847
252912ms,252912,146.606,0.198314
252944ms,252944,146.583,0.198726
252975ms,252975,146.396,0.202114
253008ms,253008,146.312,0.205887
253040ms,253040,146.716,0.199071
253119ms,253119,146.487,0.197794
253151ms,253151,146.444,0.198042
253215ms,253215,146.779,0.198012
253247ms,253247,146.820,0.198915
253280ms,253280,147.028,0.198249
253312ms,253312,147.115,0.198245
253344ms,253344,147.289,0.198081
253376ms,253376,147.490,0.198415
253408ms,253408,147.743,0.198584
253455ms,253455,147.846,0.199662
253519ms,253519,148.426,0.200129
253551ms,253551,148.879,0.200468
253583ms,253583,149.114,0.201916
253616ms,253616,149.454,0.201508
253648ms,253648,149.780,0.202373
253679ms,253679,150.047,0.202269
253711ms,253711,150.013,0.201948
253744ms,253744,149.954,0.202349
253776ms,253776,150.010,0.201767
253823ms,253823,149.962,0.201873
253855ms,253855,149.990,0.201939
253887ms,253887,150.037,0.201797
253919ms,253919,149.997,0.201773
253951ms,253951,150.059,0.201842
253983ms,253983,149.975,0.201809
254015ms,254015,150.091,0.201987
254048ms,254048,150.003,0.201918
254080ms,254080,149.776,0.202265
254112ms,254112,149.373,0.202523
254144ms,254144,149.039,0.200993
254191ms,254191,148.483,0.200195
254223ms,254223,148.127,0.200229
254255ms,254255,147.693,0.199552
254287ms,254287,147.309,0.199418
254319ms,254319,147.215,0.198143
254351ms,254351,147.102,0.198060
254383ms,254383,146.675,0.198600
254415ms,254415,146.545,0.198622
254447ms,254447,146.922,0.198001
254480ms,254480,146.169,0.200632
254544ms,254544,146.671,0.200527
254591ms,254591,146.547,0.199851
254623ms,254623,146.441,0.197924
254655ms,254655,146.514,0.197175
254719ms,254719,146.691,0.197540
254783ms,254783,146.898,0.198191
254815ms,254815,147.232,0.198799
254848ms,254848,147.333,0.198800
254880ms,254880,147.374,0.198927
254912ms,254912,147.726,0.199501
254959ms,254959,147.853,0.199463
254991ms,254991,148.211,0.199255
255023ms,255023,148.609,0.200215
255055ms,255055,148.933,0.200412
255087ms,255087,149.371,0.202062
255119ms,255119,149.678,0.201650
255152ms,255152,149.851,0.202398
255183ms,255183,149.991,0.202840
255216ms,255216,150.031,0.201932
255248ms,255248,149.972,0.201876
255280ms,255280,149.944,0.201636
255327ms,255327,150.051,0.202038
255359ms,255359,149.971,0.201895
255391ms,255391,150.043,0.201635
255423ms,255423,149.969,0.202224
255455ms,255455,150.022,0.201894
255488ms,255488,149.922,0.202073
255519ms,255519,150.020,0.202101
255551ms,255551,149.944,0.202579
255584ms,255584,149.769,0.202660
255616ms,255616,149.412,0.202009
255647ms,255647,148.807,0.200544
255680ms,255680,148.214,0.200520
255727ms,255727,147.886,0.199649
255759ms,255759,147.358,0.199415
255791ms,255791,147.022,0.199898
255823ms,255823,147.005,0.198240
255855ms,255855,146.995,0.199175
255887ms,255887,146.455,0.197794
255919ms,255919,146.689,0.198501
256016ms,256016,146.667,0.201195
256048ms,256048,146.506,0.197991
256095ms,256095,146.535,0.198213
256127ms,256127,146.419,0.197952
256191ms,256191,146.692,0.198135
256223ms,256223,146.824,0.199300
256256ms,256256,146.994,0.197106
256287ms,256287,147.214,0.198370
256319ms,256319,147.376,0.198359
256351ms,256351,147.516,0.198679
256384ms,256384,147.699,0.198777
256416ms,256416,147.784,0.199267
256448ms,256448,148.187,0.199606
256495ms,256495,148.246,0.199903
256527ms,256527,148.826,0.200292
256559ms,256559,149.192,0.201918
256591ms,256591,149.528,0.201983
256624ms,256624,149.661,0.202223
256655ms,256655,149.970,0.202377
256687ms,256687,149.980,0.202015
256720ms,256720,149.925,0.201941
256751ms,256751,149.866,0.201754
256815ms,256815,149.900,0.201920
256895ms,256895,149.965,0.201821
256927ms,256927,149.998,0.201741
256959ms,256959,149.880,0.201805
256992ms,256992,149.994,0.202120
257023ms,257023,150.073,0.202184
257087ms,257087,149.282,0.201930
257120ms,257120,148.838,0.200836
257152ms,257152,148.338,0.200115
257183ms,257183,147.882,0.199270
257231ms,257231,147.472,0.198846
257263ms,257263,147.172,0.199182
257295ms,257295,147.065,0.198359
257327ms,257327,147.025,0.199770
257359ms,257359,146.720,0.198432
257391ms,257391,146.529,0.199246
257423ms,257423,146.631,0.200768
257456ms,257456,146.368,0.203515
257488ms,257488,146.543,0.202866
257519ms,257519,146.710,0.201294
257551ms,257551,146.428,0.197088
257599ms,257599,146.375,0.197422
257631ms,257631,146.614,0.197978
257663ms,257663,146.645,0.197189
257695ms,257695,146.769,0.197875
257728ms,257728,147.090,0.197675
257759ms,257759,147.060,0.198267
257791ms,257791,147.378,0.198791
257824ms,257824,147.541,0.198401
257856ms,257856,147.728,0.198907
257888ms,257888,147.804,0.199605
257919ms,257919,147.959,0.199664
257952ms,257952,148.138,0.200365
257999ms,257999,148.726,0.200833
258031ms,258031,148.982,0.201901
258063ms,258063,149.260,0.201652
258095ms,258095,149.829,0.201827
258127ms,258127,149.917,0.202345
258159ms,258159,149.864,0.202034
258191ms,258191,149.861,0.202056
258223ms,258223,149.801,0.201972
258256ms,258256,149.883,0.201717
258287ms,258287,149.846,0.201840
258320ms,258320,149.823,0.201965
258431ms,258431,149.946,0.202136
258463ms,258463,149.951,0.202002
258495ms,258495,149.859,0.201807
258528ms,258528,149.915,0.202060
258559ms,258559,149.527,0.202131
258591ms,258591,149.167,0.200831
258624ms,258624,148.571,0.200851
258656ms,258656,148.084,0.200479
258688ms,258688,147.527,0.199524
258735ms,258735,147.224,0.198762
258767ms,258767,147.160,0.198558
258799ms,258799,147.175,0.199385
258831ms,258831,146.619,0.198799
258863ms,258863,146.400,0.200366
258895ms,258895,146.652,0.198432
258927ms,258927,146.248,0.199077
258992ms,258992,146.655,0.198089
259023ms,259023,146.546,0.199072
259087ms,259087,146.511,0.197367
259135ms,259135,146.510,0.197825
259167ms,259167,146.616,0.198243
259199ms,259199,146.823,0.197950
259231ms,259231,146.994,0.198186
259263ms,259263,147.118,0.199182
259295ms,259295,147.366,0.198640
259328ms,259328,147.532,0.198669
259360ms,259360,147.820,0.199276
259391ms,259391,147.843,0.199195
259424ms,259424,148.202,0.199429
259456ms,259456,148.543,0.200452
259503ms,259503,148.864,0.201123
259535ms,259535,149.256,0.201649
259567ms,259567,149.657,0.201555
259599ms,259599,149.884,0.202537
259631ms,259631,149.973,0.202112
259663ms,259663,149.982,0.201755
259695ms,259695,149.970,0.201760
259728ms,259728,149.975,0.201618
259759ms,259759,149.882,0.202086
259791ms,259791,149.868,0.201916
259823ms,259823,149.891,0.202100
259871ms,259871,149.855,0.202019
259903ms,259903,149.832,0.202301
259935ms,259935,149.966,0.202147
259967ms,259967,149.961,0.202405
259999ms,259999,150.056,0.202348
260031ms,260031,149.692,0.202318
260064ms,260064,149.178,0.201724
260096ms,260096,148.812,0.200133
260128ms,260128,148.188,0.200436
260159ms,260159,147.828,0.199462
260192ms,260192,147.342,0.199016
260224ms,260224,147.044,0.198723
260303ms,260303,146.821,0.198324
260367ms,260367,146.577,0.199618
260399ms,260399,146.555,0.201608
260463ms,260463,146.666,0.197581
260496ms,260496,146.513,0.198285
260528ms,260528,146.465,0.198239
260559ms,260559,146.473,0.197870
260592ms,260592,146.433,0.197770
260639ms,260639,146.687,0.197965
260671ms,260671,146.711,0.198530
260703ms,260703,147.136,0.198423
260735ms,260735,147.186,0.198102
260767ms,260767,147.436,0.198792
260799ms,260799,147.589,0.199012
260831ms,260831,147.715,0.198798
260864ms,260864,147.911,0.199579
260896ms,260896,148.355,0.199748
260928ms,260928,148.354,0.200249
260960ms,260960,148.894,0.200906
260992ms,260992,149.152,0.201693
261039ms,261039,149.422,0.201583
261071ms,261071,149.734,0.202178
261103ms,261103,149.950,0.202451
261135ms,261135,149.957,0.201917
261167ms,261167,149.877,0.201934
261199ms,261199,149.891,0.201456
261231ms,261231,149.920,0.201930
261264ms,261264,149.993,0.201724
261295ms,261295,149.923,0.201745
261327ms,261327,149.983,0.201492
261360ms,261360,149.922,0.201911
261407ms,261407,149.943,0.201883
261439ms,261439,149.994,0.202127
261471ms,261471,150.002,0.202454
261503ms,261503,149.778,0.202709
261535ms,261535,149.297,0.202469
261568ms,261568,148.864,0.201350
261599ms,261599,148.407,0.200105
261631ms,261631,148.058,0.200248
261664ms,261664,147.491,0.199018
261728ms,261728,147.002,0.198724
261775ms,261775,146.998,0.199590
261807ms,261807,146.727,0.198434
261839ms,261839,146.567,0.198703
261871ms,261871,146.516,0.198594
261968ms,261968,146.393,0.200624
261999ms,261999,146.409,0.198842
262032ms,262032,146.247,0.197810
262064ms,262064,146.686,0.198313
262096ms,262096,146.724,0.197386
262128ms,262128,146.753,0.197906
262175ms,262175,147.000,0.197523
262207ms,262207,147.074,0.198250
262239ms,262239,147.310,0.198045
262271ms,262271,147.371,0.198238
262335ms,262335,147.809,0.199288
262399ms,262399,148.398,0.200154
262432ms,262432,148.832,0.200663
262464ms,262464,149.065,0.202000
262496ms,262496,149.336,0.201945
262543ms,262543,149.745,0.202073
262607ms,262607,149.986,0.201929
262639ms,262639,149.977,0.202070
262671ms,262671,149.959,0.201692
262703ms,262703,149.920,0.202030
262735ms,262735,149.919,0.201742
262768ms,262768,149.808,0.201530
262799ms,262799,149.867,0.201647
262832ms,262832,149.877,0.201902
262864ms,262864,149.990,0.201673
262911ms,262911,149.946,0.202037
262943ms,262943,150.027,0.201826
262975ms,262975,149.922,0.202906
263007ms,263007,149.327,0.202930
263039ms,263039,148.972,0.200597
263071ms,263071,148.562,0.200638
263103ms,263103,148.109,0.200403
263135ms,263135,147.593,0.199514
263167ms,263167,147.271,0.198906
263199ms,263199,147.109,0.198607
263232ms,263232,147.074,0.198846
263264ms,263264,146.611,0.198659
263311ms,263311,146.619,0.200774
263375ms,263375,146.433,0.200999
263439ms,263439,146.557,0.202545
263471ms,263471,146.537,0.198059
263504ms,263504,146.643,0.197659
263536ms,263536,146.574,0.197721
263568ms,263568,146.470,0.197898
263600ms,263600,146.665,0.197752
263632ms,263632,146.843,0.197896
263679ms,263679,147.062,0.198398
263711ms,263711,147.207,0.198988
263743ms,263743,147.355,0.198585
263775ms,263775,147.721,0.198871
263807ms,263807,147.832,0.199343
263839ms,263839,147.951,0.199869
263871ms,263871,148.261,0.199797
263903ms,263903,148.685,0.200538
263935ms,263935,148.952,0.200792
263968ms,263968,149.307,0.202078
264000ms,264000,149.728,0.201953
264047ms,264047,149.927,0.202579
264079ms,264079,149.986,0.202376
264111ms,264111,149.817,0.201698
264143ms,264143,149.822,0.201744
264175ms,264175,149.845,0.202174
264207ms,264207,150.000,0.201842
264239ms,264239,149.900,0.201536
264271ms,264271,149.943,0.201919
264303ms,264303,149.912,0.201884
264335ms,264335,149.869,0.201509
264367ms,264367,149.897,0.201943
264415ms,264415,149.961,0.202480
264447ms,264447,149.890,0.202566
264479ms,264479,149.572,0.202103
264511ms,264511,149.122,0.201374
264543ms,264543,148.694,0.201067
264575ms,264575,148.179,0.200152
264607ms,264607,147.885,0.199333
264639ms,264639,147.450,0.198849
264672ms,264672,147.130,0.198681
264704ms,264704,147.017,0.198642
264736ms,264736,146.843,0.200114
264767ms,264767,146.666,0.198037
264815ms,264815,146.545,0.197669
264847ms,264847,146.496,0.200630
264911ms,264911,146.641,0.198512
264943ms,264943,146.611,0.198185
264975ms,264975,146.554,0.198057
265008ms,265008,146.357,0.198485
265039ms,265039,146.534,0.197774
265071ms,265071,146.636,0.197669
265104ms,265104,146.685,0.197712
265136ms,265136,147.001,0.197841
265183ms,265183,147.014,0.198454
265215ms,265215,147.369,0.198468
265247ms,265247,147.498,0.198729
265279ms,265279,147.625,0.198520
265311ms,265311,147.845,0.199920
265343ms,265343,148.067,0.199906
265375ms,265375,148.378,0.199856
265408ms,265408,148.736,0.200715
265439ms,265439,149.101,0.201294
265471ms,265471,149.401,0.201780
265535ms,265535,149.882,0.202316
265615ms,265615,149.948,0.202008
265647ms,265647,149.910,0.201864
265679ms,265679,149.799,0.201583
265711ms,265711,149.884,0.202199
265743ms,265743,149.936,0.202043
265807ms,265807,149.852,0.201897
265839ms,265839,149.837,0.201885
265872ms,265872,149.885,0.202115
265904ms,265904,149.951,0.202199
265951ms,265951,149.844,0.202537
265983ms,265983,149.397,0.203179
266015ms,266015,148.962,0.201389
266047ms,266047,148.577,0.200124
266079ms,266079,148.015,0.200228
266111ms,266111,147.600,0.199564
266144ms,266144,147.150,0.198473
266176ms,266176,146.989,0.198973
266208ms,266208,146.893,0.198763
266240ms,266240,146.591,0.198015
266272ms,266272,146.550,0.199361
266351ms,266351,146.252,0.203227
266383ms,266383,146.600,0.198021
266415ms,266415,146.449,0.200263
266447ms,266447,146.512,0.198804
266479ms,266479,146.649,0.198433
266511ms,266511,146.653,0.198275
266544ms,266544,146.556,0.197852
266576ms,266576,146.869,0.198027
266608ms,266608,146.990,0.197850
266640ms,266640,147.168,0.198268
266672ms,266672,147.372,0.198314
266719ms,266719,147.356,0.198264
266751ms,266751,147.677,0.198231
266783ms,266783,147.803,0.199286
266815ms,266815,148.010,0.199764
266848ms,266848,148.378,0.200433
266879ms,266879,148.744,0.200251
266911ms,266911,149.013,0.201462
266944ms,266944,149.384,0.202014
266975ms,266975,149.725,0.201952
267008ms,267008,149.834,0.202186
267040ms,267040,149.839,0.201880
267087ms,267087,149.886,0.202082
267119ms,267119,149.815,0.201854
267151ms,267151,149.874,0.201670
267183ms,267183,149.815,0.202314
267215ms,267215,149.819,0.201855
267247ms,267247,149.827,0.201861
267279ms,267279,149.814,0.201864
267311ms,267311,149.848,0.201850
267344ms,267344,149.930,0.201901
267376ms,267376,149.906,0.202042
267408ms,267408,150.049,0.202047
267487ms,267487,149.204,0.200936
267519ms,267519,148.540,0.200753
267551ms,267551,148.143,0.200207
267583ms,267583,147.687,0.199975
267616ms,267616,147.360,0.199095
267647ms,267647,147.112,0.198283
267679ms,267679,147.019,0.198828
267712ms,267712,146.657,0.198055
267744ms,267744,146.506,0.199547
267776ms,267776,146.405,0.199854
267807ms,267807,146.407,0.204382
267887ms,267887,146.698,0.198741
267919ms,267919,146.635,0.198464
267951ms,267951,146.542,0.198171
267983ms,267983,146.573,0.197612
268015ms,268015,146.612,0.197663
268079ms,268079,146.920,0.198930
268112ms,268112,146.975,0.198314
268144ms,268144,147.222,0.197939
268176ms,268176,147.525,0.198044
268223ms,268223,147.525,0.198484
268255ms,268255,147.785,0.198907
268255ms,268255,147.785,0.198907
268287ms,268287,147.831,0.199308
268287ms,268287,147.831,0.199308
268319ms,268319,148.172,0.199171
268319ms,268319,148.172,0.199171
268383ms,268383,148.882,0.200570
268383ms,268383,148.882,0.200570
268415ms,268415,149.179,0.201795
268447ms,268447,149.446,0.201909
268480ms,268480,149.656,0.202081
268512ms,268512,149.903,0.202387
268591ms,268591,149.793,0.201925
268623ms,268623,149.891,0.202022
268655ms,268655,149.807,0.201977
268687ms,268687,149.770,0.202201
268719ms,268719,149.824,0.202071
268751ms,268751,149.760,0.201955
268783ms,268783,149.805,0.202269
268816ms,268816,149.875,0.201870
268847ms,268847,149.887,0.201951
268880ms,268880,149.897,0.202357
268911ms,268911,149.747,0.202383
268944ms,268944,149.152,0.201503
268991ms,268991,148.870,0.200444
269023ms,269023,148.342,0.199825
269055ms,269055,147.833,0.199906
269087ms,269087,147.414,0.198299
269119ms,269119,147.151,0.198965
269151ms,269151,147.113,0.198153
269184ms,269184,146.867,0.199765
269216ms,269216,146.506,0.198035
269247ms,269247,146.455,0.199712
269311ms,269311,146.316,0.205201
269391ms,269391,146.616,0.199759
269423ms,269423,146.423,0.198886
269455ms,269455,146.444,0.198208
269487ms,269487,146.554,0.198024
269519ms,269519,146.640,0.197898
269551ms,269551,146.686,0.198244
269584ms,269584,147.103,0.197960
269616ms,269616,147.128,0.197952
269648ms,269648,147.315,0.198441
269680ms,269680,147.507,0.198392
269712ms,269712,147.650,0.199069
269759ms,269759,147.826,0.199664
269791ms,269791,148.221,0.199854
269823ms,269823,148.383,0.200317
269887ms,269887,149.264,0.201508
269919ms,269919,149.390,0.202202
269951ms,269951,149.657,0.202311
269984ms,269984,149.926,0.202512
270016ms,270016,149.814,0.202296
270048ms,270048,149.857,0.202082
270080ms,270080,149.941,0.201667
270127ms,270127,149.860,0.202061
270191ms,270191,149.908,0.202061
270255ms,270255,149.847,0.202002
270287ms,270287,149.845,0.201847
270320ms,270320,149.893,0.201991
270352ms,270352,149.899,0.202338
270384ms,270384,149.823,0.202462
270447ms,270447,148.861,0.201097
270495ms,270495,148.546,0.200262
270527ms,270527,148.033,0.199832
270559ms,270559,147.664,0.199020
270591ms,270591,147.136,0.198852
270623ms,270623,147.141,0.199000
270655ms,270655,147.173,0.198087
270688ms,270688,146.532,0.198182
270720ms,270720,146.477,0.201705
270752ms,270752,146.523,0.200257
270847ms,270847,146.854,0.198770
270895ms,270895,146.592,0.199331
270927ms,270927,146.588,0.199358
270959ms,270959,146.575,0.197351
270991ms,270991,146.516,0.198251
271023ms,271023,146.806,0.197725
271055ms,271055,146.817,0.198032
271088ms,271088,147.111,0.197636
271119ms,271119,147.241,0.198246
271152ms,271152,147.290,0.198184
271184ms,271184,147.563,0.198321
271216ms,271216,147.664,0.199540
271263ms,271263,148.151,0.200565
271295ms,271295,148.254,0.199861
271327ms,271327,148.595,0.200230
271359ms,271359,148.865,0.200894
271391ms,271391,149.264,0.202167
271423ms,271423,149.740,0.202022
271455ms,271455,149.848,0.202224
271487ms,271487,149.991,0.202296
271519ms,271519,150.012,0.201796
271552ms,271552,149.981,0.201744
271583ms,271583,150.040,0.201714
271631ms,271631,150.009,0.201897
271663ms,271663,149.956,0.201815
271695ms,271695,149.915,0.201766
271759ms,271759,150.006,0.201559
271791ms,271791,149.964,0.201565
271823ms,271823,150.056,0.202443
271856ms,271856,149.941,0.202401
271888ms,271888,149.672,0.202712
271919ms,271919,149.149,0.201323
271952ms,271952,148.626,0.200771
271984ms,271984,148.230,0.200412
272031ms,272031,147.821,0.199622
272063ms,272063,147.448,0.199098
272095ms,272095,147.083,0.198994
272127ms,272127,146.911,0.198792
272159ms,272159,146.694,0.198682
272191ms,272191,146.474,0.198352
272223ms,272223,146.480,0.200201
272288ms,272288,146.363,0.201133
272320ms,272320,146.763,0.199987
272351ms,272351,146.539,0.198184
272399ms,272399,146.531,0.197821
272431ms,272431,146.432,0.198004
272463ms,272463,146.706,0.198716
272495ms,272495,146.635,0.197581
272527ms,272527,146.729,0.198745
272559ms,272559,147.054,0.199145
272623ms,272623,147.402,0.198990
272656ms,272656,147.495,0.199462
272687ms,272687,147.771,0.199444
272720ms,272720,147.720,0.199663
272767ms,272767,148.325,0.199456
272799ms,272799,148.438,0.200380
272831ms,272831,148.778,0.200555
272863ms,272863,149.200,0.201830
272895ms,272895,149.470,0.201511
272927ms,272927,149.706,0.202060
272959ms,272959,149.928,0.202156
272992ms,272992,149.879,0.201653
273024ms,273024,149.898,0.201884
273056ms,273056,149.849,0.201851
273088ms,273088,149.781,0.201594
273120ms,273120,149.906,0.201880
273167ms,273167,149.868,0.201783
273199ms,273199,149.923,0.201705
273231ms,273231,149.946,0.201660
273263ms,273263,149.884,0.201795
273295ms,273295,149.941,0.202089
273327ms,273327,150.050,0.201657
273359ms,273359,149.786,0.201901
273392ms,273392,149.256,0.201861
273423ms,273423,148.845,0.201042
273456ms,273456,148.436,0.200039
273488ms,273488,147.895,0.199786
273535ms,273535,147.492,0.198668
273567ms,273567,147.107,0.198375
273599ms,273599,147.023,0.198897
273631ms,273631,146.885,0.198549
273663ms,273663,146.650,0.198081
273695ms,273695,146.537,0.197976
273727ms,273727,146.497,0.198461
273759ms,273759,146.373,0.201639
273792ms,273792,146.578,0.200927
273855ms,273855,146.475,0.198047
273903ms,273903,146.477,0.197740
273935ms,273935,146.587,0.198102
273967ms,273967,146.599,0.198400
274031ms,274031,147.073,0.197720
274063ms,274063,147.152,0.198044
274095ms,274095,147.303,0.198392
274128ms,274128,147.275,0.198447
274160ms,274160,147.727,0.198350
274192ms,274192,147.825,0.200246
274303ms,274303,148.710,0.200939
274335ms,274335,149.015,0.201634
274367ms,274367,149.327,0.201552
274399ms,274399,149.686,0.201900
274431ms,274431,149.907,0.202636
274463ms,274463,149.792,0.201779
274496ms,274496,149.826,0.201812
274528ms,274528,149.835,0.201811
274559ms,274559,149.786,0.201974
274592ms,274592,149.835,0.201943
274623ms,274623,149.764,0.201730
274671ms,274671,149.842,0.201906
274703ms,274703,149.854,0.202046
274735ms,274735,149.818,0.202024
274767ms,274767,149.943,0.201911
274799ms,274799,150.016,0.202558
274831ms,274831,149.762,0.202417
274863ms,274863,149.349,0.201866
274896ms,274896,149.005,0.201186
274927ms,274927,148.571,0.200518
274960ms,274960,147.926,0.200075
274992ms,274992,147.588,0.199324
275039ms,275039,147.109,0.199037
275071ms,275071,147.060,0.198191
275103ms,275103,146.981,0.199112
275135ms,275135,146.655,0.197517
275167ms,275167,146.600,0.198578
275199ms,275199,146.654,0.200717
275231ms,275231,146.235,0.200805
275295ms,275295,146.564,0.201013
275328ms,275328,146.426,0.198599
275360ms,275360,146.546,0.197970
275392ms,275392,146.639,0.197724
275439ms,275439,146.478,0.198932
275471ms,275471,146.767,0.197225
275503ms,275503,146.891,0.199582
275535ms,275535,147.019,0.198171
275567ms,275567,147.218,0.198789
275599ms,275599,147.405,0.198703
275631ms,275631,147.543,0.198552
275663ms,275663,147.767,0.199297
275695ms,275695,147.909,0.199685
275727ms,275727,148.362,0.199133
275760ms,275760,148.718,0.200606
275807ms,275807,149.015,0.201109
275839ms,275839,149.287,0.201954
275903ms,275903,149.849,0.201705
275935ms,275935,149.773,0.202367
275967ms,275967,149.725,0.202068
275999ms,275999,149.844,0.201802
276032ms,276032,149.812,0.201960
276064ms,276064,149.801,0.201874
276096ms,276096,149.857,0.201927
276128ms,276128,149.957,0.201818
276160ms,276160,149.888,0.201869
276207ms,276207,149.862,0.202069
276239ms,276239,149.876,0.201627
276271ms,276271,149.866,0.202178
276303ms,276303,149.756,0.202384
276335ms,276335,149.618,0.202014
276367ms,276367,149.191,0.201289
276399ms,276399,148.652,0.200631
276432ms,276432,148.204,0.201103
276464ms,276464,147.688,0.199372
276495ms,276495,147.324,0.199224
276528ms,276528,147.170,0.198300
276575ms,276575,147.058,0.198877
276607ms,276607,146.643,0.198540
276639ms,276639,146.609,0.198117
276671ms,276671,146.688,0.198288
276703ms,276703,146.512,0.197861
276767ms,276767,146.730,0.198017
276799ms,276799,146.619,0.198216
276831ms,276831,146.696,0.197588
276864ms,276864,146.511,0.197859
276896ms,276896,146.598,0.197562
276943ms,276943,146.679,0.197633
276975ms,276975,146.724,0.198405
277007ms,277007,147.005,0.198567
277039ms,277039,147.133,0.198661
277071ms,277071,147.480,0.198742
277103ms,277103,147.500,0.199042
277135ms,277135,147.625,0.199610
277168ms,277168,147.863,0.198979
277199ms,277199,148.267,0.199712
277232ms,277232,148.594,0.200331
277264ms,277264,148.920,0.200522
277311ms,277311,149.142,0.201598
277343ms,277343,149.542,0.201417
277375ms,277375,149.639,0.202218
277407ms,277407,149.884,0.202649
277439ms,277439,149.870,0.201976
277471ms,277471,149.869,0.201825
277503ms,277503,149.851,0.201846
277536ms,277536,149.802,0.202102
277567ms,277567,149.891,0.201984
277599ms,277599,149.796,0.201942
277632ms,277632,149.903,0.202096
277663ms,277663,149.912,0.201835
277711ms,277711,149.973,0.201992
277743ms,277743,150.010,0.201945
277775ms,277775,149.989,0.202267
277807ms,277807,149.729,0.202216
277871ms,277871,148.767,0.200282
277903ms,277903,148.275,0.200280
277936ms,277936,147.911,0.199698
277968ms,277968,147.282,0.198951
278000ms,278000,147.147,0.199466
278032ms,278032,147.052,0.198291
278079ms,278079,146.679,0.198249
278143ms,278143,146.493,0.197905
278175ms,278175,146.512,0.199911
278207ms,278207,146.505,0.199294
278240ms,278240,146.733,0.199232
278271ms,278271,146.625,0.199387
278304ms,278304,146.582,0.198607
278335ms,278335,146.379,0.197740
278367ms,278367,146.479,0.197038
278400ms,278400,146.668,0.197816
278431ms,278431,146.725,0.197883
278479ms,278479,146.874,0.197927
278511ms,278511,147.243,0.198917
278543ms,278543,147.463,0.198564
278575ms,278575,147.613,0.198929
278607ms,278607,147.653,0.198679
278639ms,278639,147.822,0.199029
278671ms,278671,148.234,0.200298
278703ms,278703,148.442,0.200308
278735ms,278735,148.819,0.200972
278768ms,278768,149.097,0.201416
278799ms,278799,149.377,0.201649
278847ms,278847,149.651,0.202339
278879ms,278879,149.899,0.202496
278911ms,278911,149.872,0.202067
278943ms,278943,149.851,0.201710
278975ms,278975,149.938,0.201970
279007ms,279007,149.832,0.201740
279040ms,279040,149.714,0.201911
279071ms,279071,149.885,0.202130
279103ms,279103,149.846,0.202147
279136ms,279136,149.765,0.201861
279168ms,279168,149.855,0.201925
279215ms,279215,149.860,0.202005
279247ms,279247,149.911,0.201983
279279ms,279279,149.838,0.202485
279311ms,279311,149.386,0.202471
279343ms,279343,148.889,0.200833
279407ms,279407,148.021,0.199669
279439ms,279439,147.630,0.199843
279503ms,279503,147.013,0.198372
279535ms,279535,146.943,0.198338
279568ms,279568,146.526,0.198037
279615ms,279615,146.568,0.198059
279647ms,279647,146.512,0.199806
279679ms,279679,146.290,0.199252
279711ms,279711,146.463,0.200126
279807ms,279807,146.425,0.197984
279839ms,279839,146.504,0.197812
279872ms,279872,146.536,0.198559
279904ms,279904,146.819,0.197980
279935ms,279935,147.014,0.198265
279983ms,279983,146.989,0.197860
280015ms,280015,147.325,0.199338
280047ms,280047,147.422,0.198832
280112ms,280112,147.759,0.199957
280143ms,280143,148.077,0.199868
280175ms,280175,148.348,0.199754
280208ms,280208,148.801,0.200164
280240ms,280240,149.108,0.201470
280272ms,280272,149.568,0.202114
280304ms,280304,149.774,0.202037
280351ms,280351,149.834,0.202246
280383ms,280383,149.865,0.201837
280415ms,280415,149.895,0.202244
280447ms,280447,149.873,0.201887
280479ms,280479,149.842,0.202218
280511ms,280511,149.925,0.201988
280543ms,280543,149.836,0.201991
280576ms,280576,149.888,0.201969
280608ms,280608,149.877,0.201931
280639ms,280639,149.832,0.201679
280672ms,280672,149.917,0.201807
280719ms,280719,149.972,0.202107
280751ms,280751,150.025,0.202515
280783ms,280783,149.482,0.202306
280815ms,280815,149.129,0.201231
280847ms,280847,148.595,0.200887
280879ms,280879,148.182,0.200274
280912ms,280912,147.776,0.199316
280943ms,280943,147.387,0.198430
280975ms,280975,147.086,0.198908
281008ms,281008,147.034,0.199396
281039ms,281039,146.639,0.199292
281072ms,281072,146.588,0.198426
281119ms,281119,146.506,0.200082
281151ms,281151,146.185,0.204264
281183ms,281183,146.544,0.199912
281215ms,281215,146.752,0.200470
281248ms,281248,146.660,0.197937
281280ms,281280,146.567,0.198117
281343ms,281343,146.549,0.197474
281375ms,281375,146.698,0.197918
281408ms,281408,146.655,0.198342
281440ms,281440,147.080,0.198207
281487ms,281487,147.152,0.198301
281519ms,281519,147.544,0.198245
281551ms,281551,147.491,0.198080
281583ms,281583,147.721,0.199033
281615ms,281615,147.896,0.199375
281648ms,281648,148.358,0.199827
281711ms,281711,148.807,0.200427
281744ms,281744,149.250,0.201775
281776ms,281776,149.525,0.201983
281808ms,281808,149.566,0.202163
281840ms,281840,149.913,0.202310
281887ms,281887,149.861,0.201992
281919ms,281919,149.813,0.201833
281951ms,281951,149.740,0.201860
281983ms,281983,149.767,0.201415
282016ms,282016,149.763,0.201821
282047ms,282047,149.847,0.202342
282079ms,282079,149.751,0.202128
282143ms,282143,149.869,0.202301
282176ms,282176,149.835,0.201947
282208ms,282208,149.926,0.202195
282255ms,282255,149.794,0.202133
282287ms,282287,149.293,0.201638
282319ms,282319,148.867,0.201689
282351ms,282351,148.359,0.200342
282383ms,282383,147.887,0.199694
282415ms,282415,147.573,0.199159
282447ms,282447,147.243,0.198469
282479ms,282479,147.028,0.198201
282511ms,282511,146.955,0.198995
282543ms,282543,146.631,0.198661
282576ms,282576,146.636,0.198914
282623ms,282623,146.498,0.201124
282655ms,282655,146.176,0.209438
282687ms,282687,146.600,0.201003
282719ms,282719,146.536,0.200111
282751ms,282751,146.395,0.197787
282783ms,282783,146.406,0.198463
282815ms,282815,146.643,0.197809
282848ms,282848,146.586,0.197460
282879ms,282879,146.815,0.198581
282912ms,282912,147.059,0.197890
282944ms,282944,147.115,0.198797
282991ms,282991,147.373,0.198142
283023ms,283023,147.514,0.198592
283055ms,283055,147.759,0.198839
283087ms,283087,147.811,0.199830
283119ms,283119,148.071,0.199760
283151ms,283151,148.251,0.200293
283184ms,283184,148.778,0.200514
283215ms,283215,149.021,0.201631
283248ms,283248,149.385,0.201856
283280ms,283280,149.724,0.202705
283312ms,283312,149.861,0.202299
283344ms,283344,149.785,0.201843
283391ms,283391,149.794,0.201844
283423ms,283423,149.844,0.202209
283455ms,283455,149.923,0.201985
283519ms,283519,149.755,0.201901
283551ms,283551,149.763,0.202028
283583ms,283583,149.787,0.202484
283615ms,283615,149.838,0.202014
283647ms,283647,149.848,0.201920
283679ms,283679,149.986,0.202042
283712ms,283712,149.870,0.202582
283744ms,283744,149.493,0.202651
283791ms,283791,149.044,0.200699
283823ms,283823,148.547,0.200469
283855ms,283855,148.099,0.200102
283887ms,283887,147.817,0.199372
283919ms,283919,147.290,0.199140
283951ms,283951,147.046,0.198285
283983ms,283983,147.004,0.199547
284016ms,284016,146.594,0.199001
284047ms,284047,146.523,0.198209
284111ms,284111,146.355,0.203549
284191ms,284191,146.731,0.200908
284223ms,284223,146.622,0.198230
284255ms,284255,146.473,0.197878
284287ms,284287,146.532,0.197348
284319ms,284319,146.454,0.198419
284351ms,284351,146.559,0.197842
284383ms,284383,146.814,0.198569
284416ms,284416,146.983,0.198983
284447ms,284447,147.345,0.198724
284480ms,284480,147.428,0.198755
284527ms,284527,147.494,0.198776
284559ms,284559,147.811,0.199164
284591ms,284591,147.893,0.199952
284623ms,284623,148.227,0.199685
284655ms,284655,148.608,0.200130
284688ms,284688,148.849,0.200613
284719ms,284719,149.308,0.201855
284752ms,284752,149.740,0.201992
284784ms,284784,149.864,0.202342
284816ms,284816,149.792,0.202579
284848ms,284848,149.814,0.202069
284895ms,284895,149.915,0.202084
284927ms,284927,149.905,0.201714
284959ms,284959,149.973,0.202169
284991ms,284991,149.877,0.201816
285023ms,285023,149.959,0.202173
285056ms,285056,149.982,0.201959
285087ms,285087,149.906,0.201973
285119ms,285119,149.988,0.201779
285152ms,285152,149.961,0.202315
285183ms,285183,149.940,0.202209
285215ms,285215,149.617,0.202507
285248ms,285248,149.246,0.201330
285295ms,285295,148.633,0.201381
285327ms,285327,148.233,0.200296
285391ms,285391,147.308,0.199204
285423ms,285423,147.041,0.199034
285455ms,285455,147.185,0.198646
285488ms,285488,146.825,0.198305
285520ms,285520,146.631,0.198010
285551ms,285551,146.519,0.201359
285583ms,285583,146.565,0.202194
285663ms,285663,146.681,0.199467
285695ms,285695,146.593,0.198599
285727ms,285727,146.533,0.197607
285759ms,285759,146.521,0.197545
285791ms,285791,146.572,0.197874
285823ms,285823,146.739,0.197711
285855ms,285855,146.804,0.198176
285887ms,285887,147.074,0.198713
285920ms,285920,147.228,0.198344
285952ms,285952,147.531,0.198517
285984ms,285984,147.568,0.198743
286016ms,286016,147.623,0.198774
286127ms,286127,148.277,0.200376
286159ms,286159,148.866,0.200389
286191ms,286191,149.162,0.201526
286223ms,286223,149.399,0.201522
286256ms,286256,149.647,0.201967
286288ms,286288,149.923,0.202388
286320ms,286320,149.938,0.201971
286352ms,286352,149.928,0.201837
286384ms,286384,149.848,0.202310
286431ms,286431,149.886,0.201871
286463ms,286463,149.926,0.201734
286495ms,286495,149.893,0.202001
286527ms,286527,149.919,0.201619
286559ms,286559,149.824,0.202023
286591ms,286591,149.891,0.201883
286624ms,286624,149.980,0.201837
286656ms,286656,150.021,0.202112
286688ms,286688,149.864,0.202675
286720ms,286720,149.395,0.202144
286752ms,286752,148.950,0.201094
286799ms,286799,148.525,0.200603
286831ms,286831,148.017,0.200859
286863ms,286863,147.693,0.200009
286895ms,286895,147.351,0.197945
286927ms,286927,147.144,0.198548
286959ms,286959,147.211,0.198936
286991ms,286991,146.670,0.198034
287024ms,287024,146.601,0.198841
287055ms,287055,146.548,0.199421
287152ms,287152,146.718,0.198737
287199ms,287199,146.616,0.197766
287231ms,287231,146.452,0.198264
287263ms,287263,146.610,0.198273
287295ms,287295,146.625,0.199857
287327ms,287327,146.647,0.197943
287327ms,287327,146.647,0.197943
287359ms,287359,146.687,0.197840
287359ms,287359,146.687,0.197840
287391ms,287391,147.009,0.198488
287391ms,287391,147.009,0.198488
287424ms,287424,147.223,0.198599
287424ms,287424,147.223,0.198599
287456ms,287456,147.465,0.198155
287456ms,287456,147.465,0.198155
287519ms,287519,147.800,0.199238
287519ms,287519,147.800,0.199238
287567ms,287567,147.948,0.199492
287567ms,287567,147.948,0.199492
287599ms,287599,148.158,0.199516
287599ms,287599,148.158,0.199516
287631ms,287631,148.611,0.200307
287663ms,287663,148.899,0.200908
287695ms,287695,149.196,0.201072
287727ms,287727,149.513,0.202277
287759ms,287759,149.699,0.202208
287792ms,287792,149.914,0.202241
287824ms,287824,149.910,0.202182
287856ms,287856,149.858,0.202033
287888ms,287888,149.910,0.201938
287935ms,287935,149.893,0.202176
287967ms,287967,149.849,0.202285
287999ms,287999,149.905,0.202029
288031ms,288031,149.860,0.202019
288063ms,288063,149.933,0.201711
288159ms,288159,149.951,0.202292
288192ms,288192,149.816,0.202659
288224ms,288224,149.414,0.201744
288256ms,288256,148.743,0.200630
288288ms,288288,148.270,0.200185
288335ms,288335,147.811,0.199704
288367ms,288367,147.494,0.199540
288399ms,288399,147.169,0.198417
288431ms,288431,146.927,0.198985
288463ms,288463,146.961,0.199242
288495ms,288495,146.671,0.198797
288527ms,288527,146.586,0.198197
288592ms,288592,146.349,0.199847
288656ms,288656,146.581,0.200182
288703ms,288703,146.465,0.198240
288735ms,288735,146.410,0.198202
288767ms,288767,146.544,0.197084
288799ms,288799,146.521,0.197618
288831ms,288831,146.787,0.197728
288863ms,288863,147.086,0.197659
288895ms,288895,147.037,0.197955
288928ms,288928,147.309,0.198347
288959ms,288959,147.526,0.198681
288992ms,288992,147.557,0.198451
289023ms,289023,147.831,0.199478
289071ms,289071,148.059,0.199704
289103ms,289103,148.347,0.200505
289135ms,289135,148.746,0.200575
289167ms,289167,149.041,0.200976
289199ms,289199,149.446,0.201828
289231ms,289231,149.652,0.202372
289263ms,289263,149.812,0.202150
289295ms,289295,149.895,0.201902
289328ms,289328,149.799,0.201655
289359ms,289359,149.841,0.201844
289392ms,289392,149.823,0.201706
289424ms,289424,149.774,0.201512
289471ms,289471,149.819,0.201739
289503ms,289503,149.874,0.201647
289567ms,289567,149.833,0.202132
289599ms,289599,149.943,0.202071
289631ms,289631,149.821,0.202068
289663ms,289663,149.999,0.202225
289695ms,289695,149.550,0.202386
289728ms,289728,149.189,0.200903
289759ms,289759,148.741,0.200871
289792ms,289792,148.143,0.200317
289839ms,289839,147.648,0.199602
289871ms,289871,147.307,0.199138
289903ms,289903,147.126,0.198485
289935ms,289935,147.070,0.198380
289967ms,289967,146.758,0.198631
289999ms,289999,146.616,0.198898
290031ms,290031,146.482,0.202100
290064ms,290064,146.515,0.200655
290095ms,290095,146.559,0.199724
290159ms,290159,146.507,0.199289
290207ms,290207,146.479,0.197612
290239ms,290239,146.544,0.197606
290271ms,290271,146.557,0.198901
290303ms,290303,146.596,0.197438
290335ms,290335,146.651,0.198317
290367ms,290367,147.085,0.198859
290399ms,290399,147.213,0.199047
290463ms,290463,147.480,0.198960
290495ms,290495,147.720,0.198873
290528ms,290528,147.986,0.199197
290559ms,290559,148.103,0.199474
290607ms,290607,148.632,0.200228
290671ms,290671,149.327,0.201803
290703ms,290703,149.627,0.201467
290735ms,290735,149.655,0.202215
290767ms,290767,149.841,0.202420
290799ms,290799,149.881,0.202142
290831ms,290831,149.785,0.201813
290864ms,290864,149.798,0.201754
290896ms,290896,149.786,0.201738
290928ms,290928,149.876,0.201867
290975ms,290975,149.926,0.202075
291007ms,291007,149.804,0.201995
291039ms,291039,149.834,0.201698
291071ms,291071,149.869,0.201810
291103ms,291103,149.917,0.201948
291135ms,291135,149.835,0.202422
291168ms,291168,149.774,0.202550
291199ms,291199,149.391,0.201582
291231ms,291231,148.898,0.200987
291264ms,291264,148.311,0.200016
291296ms,291296,148.016,0.199540
291343ms,291343,147.408,0.199927
291375ms,291375,147.188,0.199522
291407ms,291407,146.992,0.198058
291439ms,291439,146.759,0.198791
291471ms,291471,146.616,0.198064
291503ms,291503,146.552,0.199231
291535ms,291535,146.497,0.201003
291567ms,291567,146.307,0.204256
291599ms,291599,146.567,0.201038
291631ms,291631,146.748,0.200751
291663ms,291663,146.562,0.197214
291696ms,291696,146.428,0.197742
291743ms,291743,146.586,0.197551
291775ms,291775,146.566,0.197623
291807ms,291807,146.877,0.198248
291839ms,291839,146.988,0.197644
291871ms,291871,147.160,0.198322
291903ms,291903,147.305,0.198777
291967ms,291967,147.706,0.198354
292000ms,292000,147.720,0.199700
292032ms,292032,148.167,0.199425
292064ms,292064,148.297,0.199814
292111ms,292111,148.607,0.200635
292143ms,292143,149.053,0.201446
292175ms,292175,149.324,0.201749
292207ms,292207,149.706,0.202648
292271ms,292271,149.928,0.201968
292335ms,292335,149.803,0.201770
292368ms,292368,149.818,0.201805
292399ms,292399,149.896,0.201930
292431ms,292431,149.902,0.201715
292479ms,292479,149.853,0.201568
292543ms,292543,149.947,0.201765
292575ms,292575,149.951,0.201780
292607ms,292607,149.915,0.202096
292639ms,292639,149.924,0.202255
292671ms,292671,149.362,0.202353
292703ms,292703,149.058,0.201463
292736ms,292736,148.423,0.200062
292768ms,292768,148.164,0.200294
292799ms,292799,147.838,0.200300
292832ms,292832,147.215,0.198745
292879ms,292879,147.126,0.198414
292911ms,292911,147.121,0.199003
292943ms,292943,146.686,0.198646
292975ms,292975,146.541,0.197897
293007ms,293007,146.759,0.199398
293071ms,293071,146.518,0.198976
293104ms,293104,146.735,0.198462
293136ms,293136,146.472,0.197899
293168ms,293168,146.605,0.198485
293200ms,293200,146.464,0.197309
293247ms,293247,146.630,0.197686
293279ms,293279,146.655,0.198140
293311ms,293311,146.826,0.199585
293343ms,293343,147.070,0.198678
293375ms,293375,147.227,0.198502
293407ms,293407,147.390,0.198515
293439ms,293439,147.470,0.198653
293472ms,293472,147.683,0.199288
293503ms,293503,147.959,0.199203
293536ms,293536,148.071,0.199221
293567ms,293567,148.609,0.200182
293615ms,293615,148.737,0.200724
293647ms,293647,149.159,0.201615
293679ms,293679,149.609,0.201897
293711ms,293711,149.661,0.202416
293743ms,293743,149.933,0.202313
293775ms,293775,149.850,0.202065
293839ms,293839,149.840,0.202198
293871ms,293871,149.908,0.201911
293904ms,293904,149.956,0.201800
293936ms,293936,150.046,0.201777
293968ms,293968,149.870,0.201891
294015ms,294015,150.029,0.201879
294047ms,294047,149.910,0.202061
294079ms,294079,149.985,0.201674
294111ms,294111,150.068,0.201922
294143ms,294143,149.877,0.202007
294175ms,294175,149.428,0.201789
294207ms,294207,148.785,0.200836
294239ms,294239,148.436,0.199660
294271ms,294271,147.926,0.199722
294304ms,294304,147.543,0.199295
294336ms,294336,147.141,0.198706
294383ms,294383,147.077,0.198418
294415ms,294415,147.076,0.199135
294447ms,294447,146.558,0.198077
294479ms,294479,146.509,0.202389
294511ms,294511,146.600,0.198236
294543ms,294543,146.380,0.199409
294575ms,294575,146.604,0.200708
294608ms,294608,146.429,0.201641
294639ms,294639,146.386,0.198103
294671ms,294671,146.567,0.198905
294703ms,294703,146.607,0.198476
294735ms,294735,146.408,0.197656
294783ms,294783,146.765,0.197302
294815ms,294815,146.744,0.197983
294847ms,294847,147.032,0.197879
294879ms,294879,147.222,0.198412
294911ms,294911,147.385,0.198762
294943ms,294943,147.633,0.198154
294975ms,294975,147.854,0.199543
295008ms,295008,148.125,0.199506
295071ms,295071,148.698,0.200135
295104ms,295104,148.942,0.200890
295151ms,295151,149.195,0.201458
295183ms,295183,149.776,0.201861
295215ms,295215,149.852,0.202065
295247ms,295247,149.940,0.202326
295279ms,295279,149.903,0.201796
295311ms,295311,149.956,0.201613
295343ms,295343,149.945,0.201706
295375ms,295375,149.960,0.201821
295407ms,295407,149.916,0.201890
295439ms,295439,149.946,0.201861
295472ms,295472,149.941,0.201676
295519ms,295519,149.935,0.201732
295551ms,295551,149.826,0.201994
295583ms,295583,149.893,0.201615
295615ms,295615,149.975,0.202551
295647ms,295647,149.512,0.202151
295679ms,295679,149.071,0.201089
295711ms,295711,148.763,0.200944
295775ms,295775,147.698,0.199090
295808ms,295808,147.461,0.199190
295839ms,295839,147.222,0.198357
295872ms,295872,147.033,0.198687
295919ms,295919,146.771,0.199479
295951ms,295951,146.525,0.198004
295983ms,295983,146.518,0.201674
296015ms,296015,146.478,0.205361
296079ms,296079,146.678,0.198011
296111ms,296111,146.598,0.197558
296144ms,296144,146.425,0.197353
296176ms,296176,146.425,0.198096
296208ms,296208,146.361,0.197909
296240ms,296240,146.599,0.198191
296287ms,296287,146.736,0.198250
296319ms,296319,147.074,0.198458
296351ms,296351,147.206,0.198717
296383ms,296383,147.502,0.198155
296415ms,296415,147.529,0.198086
296447ms,296447,147.814,0.198643
296479ms,296479,147.867,0.199742
296512ms,296512,148.244,0.199794
296544ms,296544,148.513,0.200577
296576ms,296576,148.924,0.200334
296608ms,296608,149.151,0.202084
296655ms,296655,149.508,0.201835
296687ms,296687,149.667,0.202310
296719ms,296719,149.992,0.202563
296751ms,296751,149.894,0.202193
296783ms,296783,149.943,0.201826
296815ms,296815,149.910,0.202078
296879ms,296879,149.931,0.202084
296912ms,296912,149.920,0.201570
296944ms,296944,149.953,0.201822
296976ms,296976,149.915,0.201749
297008ms,297008,149.917,0.201767
297055ms,297055,149.897,0.202177
297087ms,297087,150.024,0.202211
297119ms,297119,149.695,0.202585
297151ms,297151,149.336,0.201974
297183ms,297183,148.862,0.201255
297215ms,297215,148.415,0.200408
297248ms,297248,147.885,0.199571
297279ms,297279,147.443,0.199280
297311ms,297311,147.223,0.198939
297344ms,297344,147.145,0.198284
297376ms,297376,147.001,0.198191
297423ms,297423,146.532,0.197864
297455ms,297455,146.433,0.200410
297487ms,297487,146.438,0.199191
297519ms,297519,146.233,0.200885
297583ms,297583,146.641,0.198709
297615ms,297615,146.476,0.198539
297647ms,297647,146.375,0.198634
297679ms,297679,146.507,0.198047
297711ms,297711,146.537,0.197911
297744ms,297744,146.695,0.198083
297791ms,297791,146.889,0.198049
297823ms,297823,147.032,0.198148
297855ms,297855,147.300,0.198285
297887ms,297887,147.490,0.198706
297919ms,297919,147.683,0.198526
297951ms,297951,147.812,0.199396
297983ms,297983,148.136,0.200043
298015ms,298015,148.364,0.199611
298079ms,298079,148.946,0.201207
298143ms,298143,149.663,0.201755
298191ms,298191,149.824,0.202343
298223ms,298223,149.772,0.202544
298255ms,298255,149.725,0.201893
298287ms,298287,149.778,0.201704
298319ms,298319,149.846,0.201483
298351ms,298351,149.892,0.201741
298383ms,298383,149.765,0.201910
298415ms,298415,149.832,0.201940
298448ms,298448,149.840,0.201895
298480ms,298480,149.896,0.201911
298512ms,298512,149.833,0.202026
298559ms,298559,149.845,0.201817
298623ms,298623,149.540,0.202740
298655ms,298655,149.135,0.201651
298687ms,298687,148.662,0.200749
298719ms,298719,148.219,0.200402
298751ms,298751,147.834,0.199619
298815ms,298815,147.098,0.199713
298847ms,298847,146.981,0.198498
298880ms,298880,146.741,0.198296
298927ms,298927,146.531,0.198682
298959ms,298959,146.400,0.199870
299055ms,299055,146.763,0.198560
299087ms,299087,146.736,0.198389
299119ms,299119,146.508,0.197626
299151ms,299151,146.433,0.198320
299183ms,299183,146.459,0.197723
299215ms,299215,146.602,0.197191
299247ms,299247,146.801,0.198374
299279ms,299279,147.073,0.198090
299327ms,299327,147.149,0.198162
299359ms,299359,147.335,0.198190
299391ms,299391,147.609,0.198640
299423ms,299423,147.796,0.198828
299455ms,299455,147.912,0.199295
299487ms,299487,148.089,0.199730
299519ms,299519,148.301,0.200391
299551ms,299551,148.823,0.200728
299583ms,299583,149.161,0.201693
299616ms,299616,149.373,0.201720
299648ms,299648,149.756,0.202040
299695ms,299695,149.963,0.201939
299727ms,299727,149.872,0.202284
299759ms,299759,149.858,0.201936
299791ms,299791,149.960,0.201824
299823ms,299823,150.020,0.201777
299855ms,299855,149.931,0.201917
299887ms,299887,149.894,0.201552
299919ms,299919,149.960,0.201991
299951ms,299951,149.983,0.202274
299984ms,299984,149.922,0.201653
300016ms,300016,149.960,0.201762
300063ms,300063,149.991,0.202451
300127ms,300127,149.386,0.201811
300159ms,300159,149.219,0.201083
300191ms,300191,148.747,0.201076
300223ms,300223,148.274,0.200192
300255ms,300255,147.765,0.199551
300288ms,300288,147.327,0.199508
300319ms,300319,147.155,0.199055
300351ms,300351,146.979,0.198468
300384ms,300384,146.629,0.197377
300416ms,300416,146.519,0.198587
300463ms,300463,146.485,0.197922
300495ms,300495,146.280,0.202691
300527ms,300527,146.393,0.199451
300559ms,300559,146.638,0.197614
300591ms,300591,146.532,0.197988
300623ms,300623,146.593,0.198368
300655ms,300655,146.529,0.197532
300719ms,300719,146.798,0.197830
300783ms,300783,147.194,0.198899
300831ms,300831,147.256,0.198822
300863ms,300863,147.341,0.198234
300895ms,300895,147.576,0.198377
300927ms,300927,147.711,0.198565
300959ms,300959,147.833,0.199958
300991ms,300991,148.218,0.199073
301023ms,301023,148.527,0.200064
301055ms,301055,148.779,0.200205
301088ms,301088,149.110,0.201500
301119ms,301119,149.471,0.201497
301151ms,301151,149.712,0.202218
301199ms,301199,149.982,0.202334
301231ms,301231,149.970,0.202169
301263ms,301263,149.902,0.202092
301295ms,301295,149.969,0.201974
301327ms,301327,149.873,0.201822
301359ms,301359,149.924,0.201874
301391ms,301391,149.924,0.201885
301423ms,301423,149.870,0.202105
301456ms,301456,149.841,0.201909
301488ms,301488,149.931,0.201901
301519ms,301519,149.912,0.202133
301552ms,301552,150.061,0.202014
301599ms,301599,149.852,0.202436
301631ms,301631,149.317,0.202373
301663ms,301663,148.881,0.200721
301695ms,301695,148.668,0.200342
301727ms,301727,148.059,0.199754
301759ms,301759,147.599,0.199078
301791ms,301791,147.150,0.199418
301824ms,301824,147.166,0.199756
301856ms,301856,146.989,0.198560
301888ms,301888,146.559,0.198401
301919ms,301919,146.631,0.198595
301967ms,301967,146.602,0.200117
301999ms,301999,146.297,0.204691
302063ms,302063,146.635,0.201599
302095ms,302095,146.394,0.198016
302127ms,302127,146.470,0.199104
302159ms,302159,146.462,0.197411
302191ms,302191,146.510,0.198275
302223ms,302223,146.775,0.197848
302255ms,302255,146.912,0.198605
302287ms,302287,147.159,0.198394
302320ms,302320,147.219,0.198593
302367ms,302367,147.374,0.198543
302399ms,302399,147.543,0.198352
302431ms,302431,147.809,0.199304
302463ms,302463,148.095,0.200103
302495ms,302495,148.369,0.199807
302527ms,302527,148.664,0.200094
302559ms,302559,148.994,0.201591
302591ms,302591,149.224,0.201960
302623ms,302623,149.614,0.202140
302656ms,302656,149.714,0.202569
302688ms,302688,149.964,0.202141
302735ms,302735,149.856,0.201780
302767ms,302767,149.802,0.201723
302799ms,302799,149.813,0.201935
302831ms,302831,149.726,0.202010
302863ms,302863,149.741,0.201706
302895ms,302895,149.743,0.201922
302927ms,302927,149.814,0.202039
302959ms,302959,149.719,0.201792
302991ms,302991,149.805,0.201786
303023ms,303023,149.794,0.201929
303103ms,303103,149.768,0.202369
303167ms,303167,148.760,0.200664
303199ms,303199,148.206,0.199822
303231ms,303231,147.946,0.199536
303263ms,303263,147.434,0.199060
303295ms,303295,147.169,0.199107
303327ms,303327,146.904,0.198053
303359ms,303359,146.738,0.198264
303392ms,303392,146.583,0.198855
303424ms,303424,146.624,0.198632
303471ms,303471,146.509,0.199842
303535ms,303535,146.576,0.199638
303599ms,303599,146.507,0.197870
303632ms,303632,146.375,0.198166
303663ms,303663,146.553,0.197367
303695ms,303695,146.456,0.198618
303727ms,303727,146.850,0.197934
303759ms,303759,146.914,0.197695
303791ms,303791,147.021,0.199064
303824ms,303824,147.325,0.198538
303871ms,303871,147.362,0.198572
303903ms,303903,147.663,0.198289
303935ms,303935,147.784,0.199402
303967ms,303967,148.062,0.199919
303999ms,303999,148.389,0.199939
304031ms,304031,148.682,0.200167
304064ms,304064,148.863,0.201391
304095ms,304095,149.364,0.201833
304128ms,304128,149.687,0.201889
304159ms,304159,149.824,0.202678
304192ms,304192,149.921,0.202615
304239ms,304239,149.876,0.202101
304271ms,304271,149.893,0.201841
304303ms,304303,149.877,0.201767
304335ms,304335,149.832,0.201972
304367ms,304367,149.789,0.201876
304399ms,304399,149.867,0.202019
304431ms,304431,149.942,0.202102
304463ms,304463,149.949,0.201568
304496ms,304496,149.913,0.201993
304527ms,304527,149.908,0.201873
304559ms,304559,149.947,0.203238
304592ms,304592,149.699,0.202388
304639ms,304639,149.209,0.201564
304671ms,304671,148.600,0.200363
304703ms,304703,148.312,0.200067
304735ms,304735,147.866,0.199814
304767ms,304767,147.438,0.199645
304799ms,304799,147.127,0.198769
304832ms,304832,146.907,0.198624
304864ms,304864,146.840,0.198351
304895ms,304895,146.521,0.198393
305039ms,305039,146.600,0.199215
305071ms,305071,146.716,0.198284
305103ms,305103,146.463,0.197806
305135ms,305135,146.451,0.197843
305167ms,305167,146.479,0.197516
305199ms,305199,146.643,0.198674
305231ms,305231,146.870,0.197843
305264ms,305264,147.079,0.198437
305296ms,305296,147.213,0.198098
305328ms,305328,147.400,0.198205
305375ms,305375,147.577,0.198541
305407ms,305407,147.731,0.198764
305439ms,305439,147.776,0.199655
305471ms,305471,148.352,0.199146
305503ms,305503,148.337,0.200013
305599ms,305599,149.540,0.202226
305631ms,305631,149.755,0.201581
305664ms,305664,149.796,0.202245
305695ms,305695,149.803,0.201966
305728ms,305728,149.701,0.201555
305775ms,305775,149.762,0.202182
305807ms,305807,149.816,0.202379
305839ms,305839,149.743,0.201916
305871ms,305871,149.659,0.201765
305903ms,305903,149.827,0.202384
305935ms,305935,149.899,0.201695
305968ms,305968,149.814,0.201896
306000ms,306000,149.836,0.202196
306031ms,306031,149.865,0.202085
306064ms,306064,149.720,0.203005
306095ms,306095,149.299,0.201878
306143ms,306143,148.954,0.201193
306175ms,306175,148.488,0.200001
306207ms,306207,148.047,0.199907
306239ms,306239,147.624,0.199537
306271ms,306271,147.231,0.198882
306303ms,306303,147.096,0.199650
306335ms,306335,147.104,0.199261
306368ms,306368,146.737,0.198297
306399ms,306399,146.324,0.200447
306432ms,306432,146.695,0.202118
306464ms,306464,146.507,0.199536
306511ms,306511,146.688,0.201069
