timestamp_ms,elapsed_ms,pix_dist,m_dist
0ms,0,132.635,0.212757
64ms,64,132.729,0.200183
111ms,111,132.531,0.202208
143ms,143,132.592,0.201248
175ms,175,132.884,0.199929
207ms,207,132.913,0.199133
239ms,239,133.125,0.198568
271ms,271,133.281,0.198976
304ms,304,133.374,0.201073
336ms,336,133.628,0.200702
400ms,400,134.138,0.200143
432ms,432,134.373,0.201502
479ms,479,134.621,0.200672
511ms,511,134.883,0.201216
543ms,543,135.062,0.205235
575ms,575,135.398,0.201201
607ms,607,135.416,0.203771
639ms,639,135.382,0.203056
672ms,672,135.385,0.203413
703ms,703,135.508,0.202759
736ms,736,135.409,0.202976
768ms,768,135.370,0.202847
800ms,800,135.409,0.202956
847ms,847,135.393,0.202957
879ms,879,135.414,0.203054
911ms,911,135.349,0.202907
944ms,944,135.268,0.203049
975ms,975,135.496,0.203440
1008ms,1008,135.366,0.203002
1039ms,1039,135.031,0.200764
1104ms,1104,134.329,0.200195
1136ms,1136,133.732,0.201454
1168ms,1168,133.514,0.200612
1200ms,1200,133.007,0.201329
1247ms,1247,132.920,0.200776
1279ms,1279,132.952,0.210780
1343ms,1343,132.522,0.210599
1376ms,1376,132.469,0.209173
1472ms,1472,132.570,0.209044
1568ms,1568,132.384,0.200259
1600ms,1600,132.463,0.204274
1647ms,1647,132.774,0.202268
1679ms,1679,132.913,0.200037
1711ms,1711,133.063,0.198706
1743ms,1743,133.285,0.198832
1775ms,1775,133.215,0.198903
1808ms,1808,133.397,0.201799
1840ms,1840,133.854,0.198714
1872ms,1872,133.928,0.199832
1903ms,1903,134.223,0.201602
1936ms,1936,134.284,0.200037
1983ms,1983,134.788,0.200389
2015ms,2015,134.914,0.202736
2047ms,2047,135.114,0.201436
2079ms,2079,135.465,0.203074
2112ms,2112,135.367,0.203614
2144ms,2144,135.376,0.202943
2176ms,2176,135.453,0.203374
2208ms,2208,135.356,0.203028
2240ms,2240,135.285,0.202953
2272ms,2272,135.369,0.202803
2304ms,2304,135.311,0.202962
2336ms,2336,135.364,0.202794
2384ms,2384,135.325,0.202606
2415ms,2415,135.350,0.202835
2447ms,2447,135.404,0.202456
2480ms,2480,135.419,0.202637
2512ms,2512,135.082,0.202120
2544ms,2544,134.521,0.201001
2576ms,2576,134.386,0.200833
2607ms,2607,133.880,0.202032
2671ms,2671,133.289,0.204856
2704ms,2704,133.055,0.203232
2751ms,2751,133.112,0.206379
2815ms,2815,132.689,0.223796
2848ms,2848,132.606,0.208520
2944ms,2944,132.670,0.206912
3040ms,3040,132.549,0.201617
3072ms,3072,132.566,0.201320
3104ms,3104,132.620,0.201755
3152ms,3152,132.889,0.200478
3183ms,3183,132.868,0.198128
3215ms,3215,133.086,0.198859
3248ms,3248,133.229,0.200557
3280ms,3280,133.485,0.200608
3312ms,3312,133.574,0.201368
3344ms,3344,133.980,0.199106
3376ms,3376,134.115,0.199926
3408ms,3408,134.235,0.204470
3440ms,3440,134.639,0.200377
3472ms,3472,134.745,0.201302
3519ms,3519,135.192,0.202123
3551ms,3551,135.416,0.202072
3615ms,3615,135.327,0.203910
3679ms,3679,135.438,0.203588
3712ms,3712,135.505,0.203270
3744ms,3744,135.487,0.203191
3776ms,3776,135.385,0.202906
3808ms,3808,135.367,0.202693
3840ms,3840,135.287,0.202976
3872ms,3872,135.522,0.202847
3919ms,3919,135.369,0.202915
3951ms,3951,135.421,0.202904
3984ms,3984,135.227,0.203226
4015ms,4015,134.864,0.200648
4047ms,4047,134.540,0.201484
4080ms,4080,134.135,0.200207
4112ms,4112,133.721,0.201024
4144ms,4144,133.318,0.200644
4176ms,4176,133.236,0.203326
4207ms,4207,133.046,0.204636
4239ms,4239,132.778,0.208168
4319ms,4319,132.654,0.206208
4416ms,4416,132.456,0.204205
4512ms,4512,132.392,0.205431
4544ms,4544,132.292,0.201173
4576ms,4576,132.422,0.200959
4608ms,4608,132.695,0.202715
4655ms,4655,132.863,0.199384
4687ms,4687,133.291,0.198331
4719ms,4719,133.146,0.199171
4751ms,4751,133.322,0.199077
4783ms,4783,133.447,0.201138
4816ms,4816,133.819,0.199297
4848ms,4848,133.924,0.199064
4880ms,4880,134.336,0.202760
4912ms,4912,134.474,0.200503
4944ms,4944,134.668,0.200484
4976ms,4976,134.819,0.203951
5008ms,5008,135.307,0.202367
5055ms,5055,135.504,0.203660
5087ms,5087,135.447,0.202663
5120ms,5120,135.471,0.202751
5152ms,5152,135.375,0.202611
5184ms,5184,135.481,0.202726
5216ms,5216,135.423,0.202901
5280ms,5280,135.551,0.202812
5312ms,5312,135.483,0.203041
5344ms,5344,135.425,0.202754
5376ms,5376,135.457,0.203002
5423ms,5423,135.430,0.203177
5455ms,5455,135.252,0.204357
5487ms,5487,135.154,0.201788
5520ms,5520,134.605,0.201284
5552ms,5552,134.193,0.200335
5584ms,5584,133.825,0.200873
5616ms,5616,133.355,0.199266
5679ms,5679,132.985,0.208535
5712ms,5712,132.919,0.206033
5791ms,5791,132.494,0.220263
5823ms,5823,132.400,0.200619
5920ms,5920,132.527,0.203298
5952ms,5952,132.683,0.214415
6016ms,6016,132.574,0.201643
6048ms,6048,132.620,0.201289
6080ms,6080,132.688,0.202503
6112ms,6112,132.851,0.201991
6144ms,6144,133.005,0.199337
6191ms,6191,133.203,0.198219
6223ms,6223,133.473,0.199776
6255ms,6255,133.374,0.201662
6319ms,6319,133.956,0.198887
6352ms,6352,134.145,0.200681
6384ms,6384,134.236,0.201717
6416ms,6416,134.679,0.200177
6448ms,6448,134.959,0.201750
6480ms,6480,135.271,0.202432
6512ms,6512,135.475,0.202038
6559ms,6559,135.358,0.203162
6591ms,6591,135.386,0.203033
6623ms,6623,135.450,0.202934
6655ms,6655,135.464,0.202735
6687ms,6687,135.441,0.202992
6720ms,6720,135.335,0.203205
6752ms,6752,135.357,0.202826
6784ms,6784,135.553,0.202947
6816ms,6816,135.467,0.202876
6848ms,6848,135.360,0.202744
6880ms,6880,135.477,0.203147
6912ms,6912,135.474,0.203447
6959ms,6959,135.081,0.202254
6991ms,6991,134.680,0.200284
7023ms,7023,134.533,0.202483
7055ms,7055,134.098,0.200009
7087ms,7087,133.569,0.199654
7119ms,7119,133.271,0.204576
7152ms,7152,133.004,0.202307
7184ms,7184,132.922,0.203219
7391ms,7391,132.528,0.209999
7424ms,7424,132.694,0.206119
7487ms,7487,132.577,0.203821
7520ms,7520,132.547,0.201044
7552ms,7552,132.603,0.200205
7584ms,7584,132.766,0.203145
7616ms,7616,132.883,0.200663
7648ms,7648,133.099,0.199227
7695ms,7695,133.270,0.198653
7727ms,7727,133.359,0.199979
7759ms,7759,133.499,0.202689
7792ms,7792,134.071,0.199155
7823ms,7823,133.969,0.199644
7856ms,7856,134.421,0.202004
7887ms,7887,134.576,0.200070
7920ms,7920,134.852,0.201889
7952ms,7952,135.200,0.204184
7984ms,7984,135.440,0.201369
8016ms,8016,135.499,0.201930
8063ms,8063,135.377,0.202765
8095ms,8095,135.388,0.202812
8127ms,8127,135.388,0.203079
8159ms,8159,135.363,0.202970
8192ms,8192,135.486,0.203112
8224ms,8224,135.417,0.203204
8256ms,8256,135.353,0.202962
8287ms,8287,135.520,0.202777
8320ms,8320,135.427,0.202835
8352ms,8352,135.507,0.202603
8384ms,8384,135.336,0.203890
8464ms,8464,134.970,0.201369
8495ms,8495,134.605,0.203226
8527ms,8527,134.172,0.200135
8591ms,8591,133.300,0.201002
8624ms,8624,133.061,0.201046
8656ms,8656,132.924,0.206145
8688ms,8688,132.936,0.203674
8752ms,8752,132.603,0.208680
8895ms,8895,132.675,0.206772
8992ms,8992,132.413,0.202907
9024ms,9024,132.497,0.200504
9056ms,9056,132.685,0.201691
9088ms,9088,132.739,0.199610
9120ms,9120,133.078,0.198239
9152ms,9152,133.148,0.198966
9199ms,9199,133.377,0.199495
9231ms,9231,133.453,0.201250
9263ms,9263,133.868,0.200252
9295ms,9295,133.913,0.199226
9328ms,9328,134.258,0.201532
9360ms,9360,134.251,0.200224
9392ms,9392,134.765,0.200075
9424ms,9424,134.917,0.202379
9456ms,9456,135.159,0.201883
9488ms,9488,135.472,0.202234
9520ms,9520,135.360,0.202949
9567ms,9567,135.465,0.203550
9632ms,9632,135.503,0.203117
9664ms,9664,135.425,0.202989
9696ms,9696,135.491,0.202837
9728ms,9728,135.475,0.203106
9760ms,9760,135.398,0.202886
9792ms,9792,135.395,0.202982
9824ms,9824,135.358,0.203250
9856ms,9856,135.376,0.203036
9888ms,9888,135.334,0.202702
9920ms,9920,135.205,0.202774
9968ms,9968,134.836,0.200468
9999ms,9999,134.364,0.200919
10031ms,10031,133.966,0.200599
10064ms,10064,133.587,0.200203
10096ms,10096,133.153,0.202663
10128ms,10128,133.014,0.202197
10160ms,10160,133.013,0.205512
10256ms,10256,132.792,0.202319
10367ms,10367,132.489,0.210026
10399ms,10399,132.460,0.210165
10464ms,10464,132.510,0.205121
10495ms,10495,132.645,0.203571
10528ms,10528,132.559,0.203925
10560ms,10560,132.910,0.201142
10591ms,10591,132.876,0.198588
10624ms,10624,133.118,0.199334
10656ms,10656,133.219,0.199972
10703ms,10703,133.433,0.199641
10735ms,10735,133.527,0.202322
10767ms,10767,133.969,0.199260
10799ms,10799,134.098,0.200305
10832ms,10832,134.374,0.202011
10864ms,10864,134.440,0.199566
10895ms,10895,134.935,0.200934
10927ms,10927,135.009,0.204960
10960ms,10960,135.453,0.201753
10992ms,10992,135.353,0.203215
11024ms,11024,135.352,0.203055
11056ms,11056,135.428,0.203096
11103ms,11103,135.439,0.202829
11135ms,11135,135.434,0.202748
11167ms,11167,135.458,0.202839
11231ms,11231,135.376,0.203027
11264ms,11264,135.436,0.202768
11296ms,11296,135.406,0.202969
11328ms,11328,135.437,0.202795
11360ms,11360,135.377,0.202691
11392ms,11392,135.474,0.202802
11424ms,11424,135.068,0.202092
11471ms,11471,134.641,0.202330
11503ms,11503,134.235,0.200533
11535ms,11535,133.819,0.201823
11567ms,11567,133.338,0.200641
11600ms,11600,133.272,0.205120
11632ms,11632,133.048,0.203531
11664ms,11664,132.934,0.206628
11728ms,11728,132.517,0.207901
11760ms,11760,132.407,0.204415
11903ms,11903,132.661,0.220449
11968ms,11968,132.576,0.203079
12000ms,12000,132.590,0.199308
12032ms,12032,132.756,0.201761
12064ms,12064,132.884,0.200661
12096ms,12096,132.999,0.198842
12128ms,12128,133.387,0.198651
12191ms,12191,133.378,0.202858
12239ms,12239,133.754,0.199427
12271ms,12271,133.936,0.198419
12304ms,12304,134.135,0.200796
12335ms,12335,134.381,0.202731
12368ms,12368,134.542,0.200171
12400ms,12400,134.882,0.201848
12464ms,12464,135.437,0.201779
12496ms,12496,135.414,0.203119
12528ms,12528,135.376,0.203308
12560ms,12560,135.434,0.202770
12592ms,12592,135.440,0.202952
12639ms,12639,135.448,0.203032
12672ms,12672,135.352,0.202481
12703ms,12703,135.493,0.202781
12735ms,12735,135.442,0.202780
12767ms,12767,135.467,0.202908
12800ms,12800,135.426,0.202900
12832ms,12832,135.412,0.202830
12864ms,12864,135.395,0.203082
12896ms,12896,135.204,0.205802
12928ms,12928,134.806,0.200741
13007ms,13007,134.006,0.200225
13039ms,13039,133.643,0.199397
13071ms,13071,133.259,0.203583
13104ms,13104,133.071,0.206531
13135ms,13135,132.905,0.202109
13168ms,13168,132.751,0.207038
13232ms,13232,132.728,0.205518
13375ms,13375,132.422,0.208991
13439ms,13439,132.309,0.209645
13471ms,13471,132.414,0.200366
13504ms,13504,132.713,0.201839
13535ms,13535,132.714,0.202356
13568ms,13568,132.881,0.198641
13600ms,13600,133.203,0.200603
13632ms,13632,133.392,0.198144
13664ms,13664,133.529,0.199018
13696ms,13696,133.533,0.201536
13744ms,13744,133.923,0.199377
13775ms,13775,134.127,0.199988
13807ms,13807,134.370,0.201381
13840ms,13840,134.346,0.199814
13871ms,13871,134.785,0.200866
13904ms,13904,135.231,0.202661
13936ms,13936,135.402,0.202127
13968ms,13968,135.474,0.202868
14000ms,14000,135.373,0.202657
14032ms,14032,135.440,0.202654
14064ms,14064,135.439,0.202879
14096ms,14096,135.475,0.202793
14144ms,14144,135.482,0.202959
14175ms,14175,135.448,0.202964
14207ms,14207,135.433,0.202619
14240ms,14240,135.470,0.202608
14272ms,14272,135.483,0.202680
14304ms,14304,135.410,0.203462
14336ms,14336,135.351,0.203639
14368ms,14368,135.378,0.201870
14400ms,14400,135.045,0.201371
14432ms,14432,134.550,0.203561
14464ms,14464,134.153,0.199787
14496ms,14496,133.802,0.201114
14575ms,14575,133.197,0.202157
14607ms,14607,133.056,0.205277
14640ms,14640,132.802,0.205227
14704ms,14704,132.362,0.211685
14832ms,14832,132.604,0.204379
14879ms,14879,132.632,0.223267
14943ms,14943,132.528,0.201715
14975ms,14975,132.643,0.202712
15008ms,15008,132.690,0.201333
15040ms,15040,132.910,0.198773
15071ms,15071,132.934,0.199659
15104ms,15104,133.168,0.199421
15136ms,15136,133.320,0.199171
15168ms,15168,133.268,0.199929
15200ms,15200,134.030,0.199112
15232ms,15232,133.902,0.198727
15280ms,15280,134.198,0.200081
15312ms,15312,134.331,0.200892
15344ms,15344,134.752,0.200784
15375ms,15375,134.833,0.202122
15408ms,15408,135.151,0.201924
15439ms,15439,135.473,0.201710
15504ms,15504,135.338,0.203147
15568ms,15568,135.427,0.202790
15600ms,15600,135.397,0.203048
15648ms,15648,135.335,0.202598
15679ms,15679,135.423,0.202976
15711ms,15711,135.440,0.203028
15743ms,15743,135.480,0.202879
15776ms,15776,135.468,0.202740
15808ms,15808,135.425,0.202740
15840ms,15840,135.414,0.202381
15872ms,15872,135.010,0.202284
15904ms,15904,134.758,0.200793
15936ms,15936,134.522,0.200511
15968ms,15968,133.798,0.200626
16016ms,16016,133.583,0.200197
16047ms,16047,133.385,0.204654
16079ms,16079,133.021,0.205624
16112ms,16112,132.703,0.203859
16207ms,16207,132.780,0.201833
16336ms,16336,132.533,0.208164
16415ms,16415,132.572,0.202736
16447ms,16447,132.485,0.199510
16479ms,16479,132.743,0.201322
16511ms,16511,132.891,0.201522
16543ms,16543,132.908,0.199248
16576ms,16576,133.104,0.198412
16608ms,16608,133.188,0.198876
16640ms,16640,133.370,0.198806
16672ms,16672,133.601,0.202613
16704ms,16704,133.909,0.198430
16736ms,16736,134.143,0.199748
16783ms,16783,134.339,0.200359
16815ms,16815,134.464,0.200185
16847ms,16847,134.824,0.200965
16879ms,16879,135.017,0.204135
16911ms,16911,135.438,0.201528
16944ms,16944,135.416,0.204075
16976ms,16976,135.378,0.202889
17008ms,17008,135.496,0.202544
17040ms,17040,135.493,0.202590
17072ms,17072,135.434,0.202813
17104ms,17104,135.450,0.202641
17151ms,17151,135.304,0.202879
17183ms,17183,135.414,0.202377
17215ms,17215,135.522,0.202724
17247ms,17247,135.455,0.202814
17279ms,17279,135.375,0.202900
17312ms,17312,135.510,0.203778
17344ms,17344,135.366,0.204219
17376ms,17376,135.112,0.201294
17408ms,17408,134.590,0.202535
17440ms,17440,134.213,0.199979
17472ms,17472,133.815,0.201032
17504ms,17504,133.456,0.200085
17551ms,17551,133.162,0.202605
17583ms,17583,132.964,0.203748
17615ms,17615,132.832,0.203527
17776ms,17776,132.405,0.200267
17904ms,17904,132.453,0.200353
17951ms,17951,132.559,0.200011
17983ms,17983,132.564,0.201418
18016ms,18016,132.864,0.198478
18048ms,18048,132.788,0.199637
18080ms,18080,133.185,0.199048
18112ms,18112,133.468,0.200187
18144ms,18144,133.318,0.200982
18175ms,18175,133.684,0.199919
18208ms,18208,133.925,0.199051
18240ms,18240,134.267,0.200435
18272ms,18272,134.556,0.200133
18319ms,18319,134.689,0.200283
18351ms,18351,135.146,0.202015
18384ms,18384,135.177,0.202190
18416ms,18416,135.332,0.201536
18448ms,18448,135.343,0.204626
18480ms,18480,135.323,0.203029
18512ms,18512,135.439,0.202863
18544ms,18544,135.388,0.202735
18576ms,18576,135.383,0.202706
18608ms,18608,135.374,0.202476
18640ms,18640,135.373,0.202540
18688ms,18688,135.429,0.202905
18720ms,18720,135.477,0.202933
18752ms,18752,135.487,0.202955
18784ms,18784,135.465,0.202981
18815ms,18815,135.484,0.203311
18848ms,18848,135.125,0.203622
18880ms,18880,134.766,0.200610
18911ms,18911,134.292,0.200756
18944ms,18944,133.908,0.200198
18976ms,18976,133.558,0.199988
19008ms,19008,133.312,0.209135
19056ms,19056,133.156,0.203142
19088ms,19088,132.884,0.201307
19152ms,19152,132.572,0.210427
19184ms,19184,132.376,0.200965
19312ms,19312,132.540,0.212310
19376ms,19376,132.433,0.205123
19408ms,19408,132.411,0.200931
19455ms,19455,132.494,0.204412
19487ms,19487,132.852,0.200140
19551ms,19551,133.088,0.199158
19584ms,19584,133.102,0.198800
19616ms,19616,133.310,0.199045
19648ms,19648,133.421,0.202201
19679ms,19679,133.902,0.199342
19712ms,19712,133.978,0.200865
19744ms,19744,134.447,0.201663
19776ms,19776,134.552,0.199558
19823ms,19823,134.867,0.200682
19855ms,19855,135.051,0.204039
19887ms,19887,135.384,0.201592
19919ms,19919,135.506,0.203939
19984ms,19984,135.498,0.203021
20048ms,20048,135.579,0.202681
20080ms,20080,135.542,0.202990
20112ms,20112,135.519,0.202964
20144ms,20144,135.517,0.202912
20176ms,20176,135.550,0.202787
20223ms,20223,135.512,0.202983
20255ms,20255,135.499,0.203276
20287ms,20287,135.414,0.203401
20319ms,20319,135.297,0.204655
20352ms,20352,135.044,0.201129
20384ms,20384,134.605,0.202473
20416ms,20416,134.297,0.200690
20448ms,20448,133.687,0.201136
20480ms,20480,133.342,0.200662
20512ms,20512,133.263,0.201735
20559ms,20559,132.952,0.203203
20592ms,20592,132.801,0.206801
20655ms,20655,132.680,0.204275
20784ms,20784,132.414,0.203038
20880ms,20880,132.400,0.202823
20912ms,20912,132.433,0.202603
20959ms,20959,132.728,0.203992
20991ms,20991,132.732,0.201287
21023ms,21023,133.073,0.197906
21055ms,21055,133.218,0.199168
21088ms,21088,133.333,0.199288
21120ms,21120,133.457,0.201941
21152ms,21152,134.031,0.198998
21184ms,21184,133.951,0.199447
21216ms,21216,134.332,0.201597
21248ms,21248,134.378,0.199172
21280ms,21280,134.672,0.200609
21327ms,21327,135.109,0.202556
21359ms,21359,135.427,0.201265
21391ms,21391,135.540,0.202044
21423ms,21423,135.468,0.203184
21455ms,21455,135.510,0.202725
21487ms,21487,135.487,0.202665
21519ms,21519,135.412,0.202673
21552ms,21552,135.463,0.202749
21584ms,21584,135.357,0.202711
21616ms,21616,135.437,0.202852
21648ms,21648,135.464,0.202998
21680ms,21680,135.539,0.202881
21727ms,21727,135.543,0.203013
21759ms,21759,135.496,0.203095
21791ms,21791,135.498,0.202992
21824ms,21824,134.904,0.202109
21856ms,21856,134.614,0.200011
21888ms,21888,134.261,0.200634
21920ms,21920,133.828,0.201096
21952ms,21952,133.338,0.199891
21984ms,21984,133.343,0.206452
22016ms,22016,132.968,0.201560
22048ms,22048,132.875,0.204448
22159ms,22159,132.569,0.211825
22256ms,22256,132.442,0.202606
22288ms,22288,132.469,0.213218
22352ms,22352,132.503,0.203785
22384ms,22384,132.552,0.199491
22416ms,22416,132.536,0.200582
22463ms,22463,132.895,0.199468
22495ms,22495,132.851,0.199025
22527ms,22527,133.220,0.198742
22559ms,22559,133.352,0.200795
22591ms,22591,133.363,0.201838
22624ms,22624,133.612,0.200091
22656ms,22656,134.007,0.199110
22688ms,22688,134.146,0.200322
22720ms,22720,134.469,0.201949
22752ms,22752,134.541,0.200120
22784ms,22784,134.882,0.201537
22816ms,22816,135.076,0.202744
22864ms,22864,135.357,0.201245
22895ms,22895,135.489,0.202870
22927ms,22927,135.381,0.202841
22959ms,22959,135.474,0.203134
22992ms,22992,135.418,0.203080
23024ms,23024,135.351,0.202983
23056ms,23056,135.385,0.203368
23088ms,23088,135.387,0.202955
23120ms,23120,135.462,0.202862
23183ms,23183,135.419,0.202605
23231ms,23231,135.523,0.202800
23263ms,23263,135.499,0.202467
23295ms,23295,135.218,0.202523
23328ms,23328,134.987,0.200605
23360ms,23360,134.443,0.203049
23392ms,23392,134.278,0.199344
23424ms,23424,133.652,0.200928
23456ms,23456,133.337,0.200949
23488ms,23488,132.933,0.204804
23520ms,23520,133.014,0.202252
23552ms,23552,132.804,0.201715
23760ms,23760,132.521,0.207076
23824ms,23824,132.526,0.202701
23856ms,23856,132.363,0.198956
23888ms,23888,132.545,0.200131
23919ms,23919,132.700,0.199923
23952ms,23952,132.814,0.199014
23999ms,23999,133.098,0.199133
24032ms,24032,133.265,0.199061
24063ms,24063,133.226,0.198298
24095ms,24095,133.653,0.199879
24128ms,24128,133.949,0.198719
24160ms,24160,134.028,0.199451
24192ms,24192,134.308,0.201204
24224ms,24224,134.427,0.200602
24256ms,24256,134.797,0.201205
24288ms,24288,135.048,0.202804
24320ms,24320,135.439,0.201581
24367ms,24367,135.448,0.202803
24399ms,24399,135.449,0.202952
24431ms,24431,135.480,0.203043
24463ms,24463,135.462,0.203056
24496ms,24496,135.395,0.202860
24528ms,24528,135.446,0.202879
24559ms,24559,135.547,0.202907
24592ms,24592,135.438,0.202893
24624ms,24624,135.399,0.202807
24687ms,24687,135.496,0.202901
24735ms,24735,135.409,0.202742
24767ms,24767,135.312,0.202046
24799ms,24799,134.923,0.202088
24831ms,24831,134.658,0.200233
24864ms,24864,134.233,0.200581
24896ms,24896,133.889,0.200804
24927ms,24927,133.477,0.199212
24960ms,24960,133.236,0.201398
24992ms,24992,132.825,0.203592
25024ms,25024,132.973,0.203284
25088ms,25088,132.548,0.206695
25264ms,25264,132.715,0.215700
25328ms,25328,132.719,0.200106
25360ms,25360,132.527,0.202356
25392ms,25392,132.646,0.200725
25424ms,25424,132.917,0.199614
25456ms,25456,133.047,0.198159
25504ms,25504,133.124,0.198442
25535ms,25535,133.466,0.199161
25567ms,25567,133.491,0.199857
25600ms,25600,133.548,0.199593
25632ms,25632,134.025,0.198782
25664ms,25664,134.134,0.200981
25696ms,25696,134.321,0.200173
25728ms,25728,134.487,0.200142
25760ms,25760,134.781,0.201622
25792ms,25792,135.317,0.203523
25824ms,25824,135.495,0.201615
25871ms,25871,135.389,0.203426
25903ms,25903,135.437,0.202973
25935ms,25935,135.476,0.203287
25967ms,25967,135.343,0.202775
25999ms,25999,135.407,0.202821
26032ms,26032,135.425,0.202822
26064ms,26064,135.366,0.202578
26096ms,26096,135.361,0.202928
26128ms,26128,135.466,0.202800
26160ms,26160,135.358,0.202739
26192ms,26192,135.463,0.202916
26224ms,26224,135.493,0.202478
26271ms,26271,135.205,0.203784
26303ms,26303,134.803,0.200758
26335ms,26335,134.255,0.200989
26399ms,26399,133.632,0.200315
26432ms,26432,133.421,0.201817
26464ms,26464,133.063,0.204955
26496ms,26496,132.874,0.205746
26592ms,26592,132.250,0.205838
26703ms,26703,132.408,0.207324
26735ms,26735,132.544,0.206854
26832ms,26832,132.450,0.199791
26864ms,26864,132.496,0.202960
26895ms,26895,133.034,0.199399
26928ms,26928,132.918,0.199280
26960ms,26960,133.014,0.199486
27007ms,27007,133.282,0.198461
27039ms,27039,133.539,0.198915
27071ms,27071,133.608,0.199398
27103ms,27103,133.810,0.198717
27136ms,27136,134.093,0.200776
27168ms,27168,134.500,0.201606
27200ms,27200,134.436,0.200353
27232ms,27232,134.807,0.201501
27264ms,27264,135.102,0.203065
27296ms,27296,135.365,0.201245
27328ms,27328,135.489,0.203227
27360ms,27360,135.420,0.202927
27407ms,27407,135.387,0.202856
27471ms,27471,135.407,0.202821
27503ms,27503,135.315,0.203234
27536ms,27536,135.414,0.203000
27567ms,27567,135.348,0.202881
27599ms,27599,135.388,0.203712
27632ms,27632,135.379,0.203021
27664ms,27664,135.435,0.203126
27696ms,27696,135.473,0.203064
27728ms,27728,135.287,0.202626
27775ms,27775,135.056,0.201461
27809ms,27809,134.550,0.202293
27839ms,27839,134.334,0.199487
27872ms,27872,133.749,0.202448
27903ms,27903,133.395,0.199623
27936ms,27936,133.080,0.202566
27968ms,27968,132.973,0.202732
28000ms,28000,132.986,0.205336
28064ms,28064,132.756,0.209397
28175ms,28175,132.454,0.201947
28207ms,28207,132.584,0.205825
28304ms,28304,132.399,0.199764
28336ms,28336,132.480,0.201150
28368ms,28368,132.627,0.201076
28400ms,28400,132.919,0.199007
28432ms,28432,133.065,0.199067
28464ms,28464,133.276,0.199522
28496ms,28496,133.435,0.199012
28544ms,28544,133.483,0.201455
28575ms,28575,133.832,0.199489
28608ms,28608,133.980,0.199454
28639ms,28639,134.219,0.202699
28672ms,28672,134.314,0.199593
28704ms,28704,134.775,0.201132
28736ms,28736,134.923,0.205512
28768ms,28768,135.422,0.201307
28800ms,28800,135.548,0.201401
28832ms,28832,135.427,0.203531
28864ms,28864,135.469,0.203341
28911ms,28911,135.399,0.202980
28943ms,28943,135.413,0.202698
28975ms,28975,135.483,0.202733
29007ms,29007,135.437,0.202765
29040ms,29040,135.466,0.202819
29072ms,29072,135.416,0.202493
29103ms,29103,135.395,0.202929
29136ms,29136,135.424,0.203095
29199ms,29199,135.414,0.202470
29232ms,29232,134.926,0.202087
29279ms,29279,134.640,0.200616
29311ms,29311,134.174,0.200729
29344ms,29344,133.785,0.201775
29375ms,29375,133.425,0.199342
29407ms,29407,133.303,0.202502
29439ms,29439,133.175,0.202212
29472ms,29472,132.969,0.204999
29536ms,29536,132.610,0.206928
29568ms,29568,132.270,0.207663
29600ms,29600,132.393,0.202124
29711ms,29711,132.614,0.208730
29775ms,29775,132.629,0.201957
29808ms,29808,132.526,0.201329
29840ms,29840,132.505,0.202488
29872ms,29872,132.914,0.198621
29903ms,29903,132.965,0.198854
29935ms,29935,133.055,0.198500
29968ms,29968,133.403,0.200100
30000ms,30000,133.531,0.201492
30047ms,30047,133.751,0.200199
30079ms,30079,133.879,0.198542
30111ms,30111,134.086,0.200630
30144ms,30144,134.460,0.200038
30175ms,30175,134.649,0.200210
30208ms,30208,134.934,0.201635
30240ms,30240,135.168,0.202513
30272ms,30272,135.490,0.201607
30304ms,30304,135.407,0.203435
30335ms,30335,135.271,0.202917
30368ms,30368,135.324,0.203189
30400ms,30400,135.380,0.202965
30479ms,30479,135.427,0.202923
30511ms,30511,135.313,0.203258
30543ms,30543,135.456,0.202666
30607ms,30607,135.413,0.202924
30640ms,30640,135.542,0.202631
30672ms,30672,135.361,0.203502
30704ms,30704,135.188,0.202659
30736ms,30736,134.855,0.200469
30768ms,30768,134.456,0.202166
30815ms,30815,134.132,0.200013
30847ms,30847,133.637,0.201542
30879ms,30879,133.367,0.201658
30911ms,30911,133.036,0.206577
30943ms,30943,132.997,0.202916
30975ms,30975,132.764,0.207942
31040ms,31040,132.858,0.201586
31184ms,31184,132.497,0.206325
31247ms,31247,132.364,0.207397
31279ms,31279,132.481,0.199463
31311ms,31311,132.572,0.200481
31344ms,31344,132.679,0.202376
31376ms,31376,132.910,0.198657
31408ms,31408,132.941,0.198032
31440ms,31440,133.270,0.198379
31472ms,31472,133.345,0.198975
31504ms,31504,133.455,0.201222
31535ms,31535,133.811,0.198872
31583ms,31583,134.049,0.199774
31615ms,31615,134.287,0.201343
31647ms,31647,134.560,0.199754
31680ms,31680,134.735,0.200803
31712ms,31712,134.999,0.202628
31775ms,31775,135.380,0.201755
31808ms,31808,135.391,0.203181
31840ms,31840,135.447,0.202864
31872ms,31872,135.439,0.202907
31904ms,31904,135.402,0.203310
31952ms,31952,135.428,0.203016
31983ms,31983,135.287,0.203469
32015ms,32015,135.405,0.202866
32048ms,32048,135.445,0.202811
32079ms,32079,135.296,0.203416
32112ms,32112,135.370,0.203172
32144ms,32144,135.258,0.204001
32176ms,32176,135.356,0.202861
32208ms,32208,135.004,0.201713
32240ms,32240,134.615,0.202426
32272ms,32272,134.238,0.199779
32319ms,32319,133.933,0.201258
32352ms,32352,133.410,0.200230
32384ms,32384,133.064,0.202736
32415ms,32415,132.920,0.203668
32448ms,32448,132.924,0.204191
32511ms,32511,132.708,0.209289
32751ms,32751,132.494,0.202734
32783ms,32783,132.602,0.202697
32815ms,32815,132.656,0.202392
32848ms,32848,132.901,0.200890
32879ms,32879,133.003,0.198631
32912ms,32912,133.153,0.200028
32944ms,32944,133.504,0.199934
32976ms,32976,133.308,0.201318
33008ms,33008,133.796,0.199041
33040ms,33040,133.957,0.198563
33087ms,33087,134.210,0.200688
33119ms,33119,134.455,0.199573
33151ms,33151,134.609,0.200124
33184ms,33184,134.930,0.204398
33216ms,33216,135.348,0.202201
33248ms,33248,135.507,0.201533
33280ms,33280,135.393,0.203328
33312ms,33312,135.341,0.203684
33344ms,33344,135.407,0.203035
33376ms,33376,135.413,0.203701
33408ms,33408,135.473,0.202800
33455ms,33455,135.444,0.202903
33487ms,33487,135.485,0.202815
33519ms,33519,135.516,0.202620
33551ms,33551,135.451,0.202602
33615ms,33615,135.507,0.202641
33648ms,33648,135.416,0.202967
33680ms,33680,135.129,0.203051
33712ms,33712,134.578,0.201054
33744ms,33744,134.380,0.201380
33776ms,33776,133.827,0.201524
33808ms,33808,133.315,0.201073
33855ms,33855,133.319,0.204147
33887ms,33887,132.982,0.203061
33919ms,33919,132.956,0.205080
33984ms,33984,132.647,0.211981
34015ms,34015,132.385,0.204256
34143ms,34143,132.663,0.209582
34223ms,34223,132.585,0.206623
34255ms,34255,132.452,0.201767
34287ms,34287,132.538,0.206837
34319ms,34319,132.888,0.200453
34351ms,34351,132.945,0.199796
34384ms,34384,133.038,0.199055
34416ms,34416,133.363,0.198504
34448ms,34448,133.558,0.199534
34480ms,34480,133.621,0.199649
34512ms,34512,133.980,0.198736
34544ms,34544,134.147,0.201603
34591ms,34591,134.356,0.202203
34623ms,34623,134.522,0.200470
34655ms,34655,134.863,0.201731
34687ms,34687,135.249,0.201259
34719ms,34719,135.462,0.201475
34752ms,34752,135.365,0.202962
34784ms,34784,135.280,0.203273
34816ms,34816,135.396,0.202720
34848ms,34848,135.362,0.202933
34880ms,34880,135.362,0.203026
34912ms,34912,135.266,0.203456
34944ms,34944,135.293,0.203538
34991ms,34991,135.311,0.202811
35024ms,35024,135.363,0.203137
35055ms,35055,135.351,0.202591
35087ms,35087,135.357,0.202972
35120ms,35120,135.349,0.202854
35151ms,35151,135.238,0.202563
35184ms,35184,134.727,0.201007
35215ms,35215,134.416,0.201400
35248ms,35248,134.141,0.201189
35280ms,35280,133.656,0.200216
35312ms,35312,133.493,0.200024
35359ms,35359,133.110,0.205243
35391ms,35391,132.794,0.201231
35487ms,35487,132.605,0.205216
35520ms,35520,132.293,0.201477
35584ms,35584,132.491,0.203556
35616ms,35616,132.250,0.207402
35679ms,35679,132.564,0.208777
35712ms,35712,132.490,0.199053
35759ms,35759,132.631,0.202285
35791ms,35791,132.671,0.200798
35823ms,35823,133.060,0.199512
35855ms,35855,132.961,0.198583
35888ms,35888,133.198,0.198858
35920ms,35920,133.300,0.198622
35952ms,35952,133.549,0.200456
35984ms,35984,133.797,0.198318
36016ms,36016,133.925,0.200234
36048ms,36048,134.405,0.201329
36080ms,36080,134.370,0.200194
36128ms,36128,134.814,0.201767
36159ms,36159,135.033,0.204167
36191ms,36191,135.393,0.200911
36224ms,36224,135.484,0.202689
36256ms,36256,135.218,0.203136
36288ms,36288,135.269,0.203540
36320ms,36320,135.469,0.202894
36352ms,36352,135.341,0.202940
36384ms,36384,135.258,0.203200
36415ms,36415,135.278,0.203337
36448ms,36448,135.240,0.203401
36495ms,36495,135.323,0.203246
36527ms,36527,135.442,0.202932
36559ms,36559,135.445,0.203018
36591ms,36591,135.424,0.203967
36624ms,36624,135.390,0.203430
36656ms,36656,135.144,0.202264
36688ms,36688,134.637,0.202103
36719ms,36719,134.247,0.199858
36783ms,36783,133.462,0.199843
36816ms,36816,133.164,0.203025
36848ms,36848,132.839,0.204248
36895ms,36895,133.003,0.207026
36959ms,36959,132.673,0.205781
37024ms,37024,132.480,0.200182
37184ms,37184,132.485,0.203765
37215ms,37215,132.642,0.201032
37263ms,37263,132.658,0.202380
37295ms,37295,132.924,0.198901
37327ms,37327,133.153,0.198318
37359ms,37359,133.008,0.199141
37392ms,37392,133.382,0.199951
37424ms,37424,133.479,0.199440
37456ms,37456,133.788,0.198354
37488ms,37488,133.966,0.198878
37520ms,37520,134.259,0.200945
37552ms,37552,134.453,0.200038
37584ms,37584,134.624,0.200756
37631ms,37631,135.147,0.201419
37663ms,37663,135.248,0.201890
37695ms,37695,135.542,0.201771
37727ms,37727,135.386,0.203173
37759ms,37759,135.430,0.202734
37791ms,37791,135.439,0.202928
37824ms,37824,135.272,0.203780
37856ms,37856,135.372,0.203109
37888ms,37888,135.366,0.203619
37920ms,37920,135.406,0.203197
37952ms,37952,135.275,0.203827
37984ms,37984,135.362,0.203140
38031ms,38031,135.393,0.202909
38063ms,38063,135.354,0.202962
38095ms,38095,135.560,0.201995
38128ms,38128,134.972,0.202563
38160ms,38160,134.409,0.202399
38192ms,38192,134.358,0.200748
38224ms,38224,134.071,0.200560
38255ms,38255,133.513,0.200519
38288ms,38288,133.278,0.203715
38319ms,38319,132.940,0.204774
38352ms,38352,132.765,0.204242
38431ms,38431,132.688,0.208910
38463ms,38463,132.311,0.201868
38656ms,38656,132.513,0.204435
38687ms,38687,132.390,0.202622
38720ms,38720,132.554,0.201829
38767ms,38767,132.941,0.198698
38799ms,38799,133.270,0.198240
38831ms,38831,133.212,0.198983
38864ms,38864,133.410,0.199028
38896ms,38896,133.608,0.199422
38928ms,38928,133.570,0.199852
38960ms,38960,133.863,0.198939
38991ms,38991,134.098,0.201751
39024ms,39024,134.447,0.200596
39056ms,39056,134.618,0.200495
39088ms,39088,134.875,0.202457
39120ms,39120,135.226,0.201633
39167ms,39167,135.426,0.201811
39199ms,39199,135.267,0.203173
39231ms,39231,135.394,0.203160
39264ms,39264,135.319,0.203268
39296ms,39296,135.355,0.203476
39328ms,39328,135.322,0.203481
39360ms,39360,135.263,0.203346
39392ms,39392,135.286,0.203352
39456ms,39456,135.224,0.203351
39535ms,39535,135.376,0.203173
39567ms,39567,135.417,0.202410
39599ms,39599,135.175,0.202369
39632ms,39632,134.821,0.201073
39664ms,39664,134.442,0.202292
39696ms,39696,134.111,0.199720
39728ms,39728,133.727,0.200545
39760ms,39760,133.341,0.200978
39792ms,39792,133.089,0.204077
39824ms,39824,133.025,0.201716
39856ms,39856,132.818,0.202995
39935ms,39935,132.831,0.202609
40064ms,40064,132.451,0.206359
40128ms,40128,132.403,0.202977
40160ms,40160,132.373,0.201679
40192ms,40192,132.557,0.200100
40224ms,40224,132.574,0.201776
40256ms,40256,132.958,0.199090
40303ms,40303,133.186,0.197875
40335ms,40335,133.184,0.199190
40367ms,40367,133.176,0.199474
40399ms,40399,133.575,0.202260
40432ms,40432,133.900,0.198713
40464ms,40464,134.136,0.199440
40496ms,40496,134.364,0.202088
40528ms,40528,134.525,0.201253
40560ms,40560,134.836,0.201838
40592ms,40592,135.086,0.203349
40624ms,40624,135.479,0.201807
40671ms,40671,135.384,0.202467
40703ms,40703,135.402,0.203330
40735ms,40735,135.399,0.203143
40767ms,40767,135.298,0.203390
40799ms,40799,135.301,0.203156
40832ms,40832,135.339,0.203118
40864ms,40864,135.419,0.203155
40896ms,40896,135.521,0.203599
40928ms,40928,135.414,0.203598
40960ms,40960,135.438,0.203392
40992ms,40992,135.389,0.203316
41039ms,41039,135.333,0.203752
41071ms,41071,135.383,0.202320
41103ms,41103,134.930,0.201942
41135ms,41135,134.489,0.200261
41167ms,41167,134.276,0.200611
41200ms,41200,133.872,0.201963
41232ms,41232,133.476,0.200773
41263ms,41263,133.228,0.201985
41295ms,41295,132.896,0.205172
41328ms,41328,132.783,0.204634
41392ms,41392,132.653,0.215617
41535ms,41535,132.493,0.208515
41663ms,41663,132.494,0.201622
41696ms,41696,132.564,0.203115
41728ms,41728,132.970,0.199043
41760ms,41760,132.932,0.199010
41807ms,41807,133.051,0.197987
41839ms,41839,133.310,0.201160
41871ms,41871,133.559,0.199659
41904ms,41904,133.620,0.199142
41936ms,41936,134.000,0.198751
41968ms,41968,134.164,0.201480
42000ms,42000,134.241,0.200397
42032ms,42032,134.528,0.200098
42064ms,42064,134.899,0.201801
42096ms,42096,135.229,0.201596
42128ms,42128,135.462,0.201838
42175ms,42175,135.532,0.202985
42207ms,42207,135.259,0.203766
42239ms,42239,135.305,0.203654
42271ms,42271,135.244,0.203503
42304ms,42304,135.361,0.203558
42336ms,42336,135.399,0.203845
42368ms,42368,135.357,0.202772
42400ms,42400,135.299,0.203405
42432ms,42432,135.346,0.203015
42464ms,42464,135.391,0.203389
42496ms,42496,135.385,0.203016
42527ms,42527,135.367,0.202783
42575ms,42575,135.138,0.202330
42607ms,42607,134.918,0.201068
42639ms,42639,134.494,0.201162
42671ms,42671,134.275,0.201039
42704ms,42704,133.589,0.200639
42736ms,42736,133.499,0.202459
42768ms,42768,133.048,0.207559
42800ms,42800,133.007,0.202627
42832ms,42832,132.873,0.224882
42896ms,42896,132.849,0.202589
43039ms,43039,132.352,0.204929
43104ms,43104,132.441,0.201188
43136ms,43136,132.366,0.200281
43168ms,43168,132.599,0.201438
43200ms,43200,132.838,0.201148
43232ms,43232,132.893,0.200337
43264ms,43264,133.138,0.199577
43311ms,43311,133.209,0.200309
43343ms,43343,133.534,0.199536
43375ms,43375,133.592,0.199729
43407ms,43407,133.848,0.198336
43439ms,43439,134.213,0.199775
43503ms,43503,134.417,0.200168
43536ms,43536,134.973,0.201481
43568ms,43568,135.198,0.202288
43600ms,43600,135.272,0.201429
43632ms,43632,135.562,0.202036
43664ms,43664,135.271,0.203363
43712ms,43712,135.328,0.203506
43743ms,43743,135.439,0.203598
43775ms,43775,135.350,0.203275
43808ms,43808,135.400,0.203258
43840ms,43840,135.406,0.202928
43872ms,43872,135.361,0.202797
43904ms,43904,135.223,0.204417
43936ms,43936,135.430,0.203608
43968ms,43968,135.322,0.203565
44000ms,44000,135.428,0.202576
44032ms,44032,135.481,0.202471
44080ms,44080,135.047,0.201891
44111ms,44111,134.636,0.201508
44143ms,44143,134.337,0.200979
44176ms,44176,133.745,0.201727
44207ms,44207,133.505,0.199986
44239ms,44239,133.247,0.201532
44272ms,44272,132.808,0.203462
44304ms,44304,132.916,0.205072
44368ms,44368,132.492,0.212849
44511ms,44511,132.429,0.204224
44607ms,44607,132.505,0.203169
44640ms,44640,132.352,0.202849
44671ms,44671,132.647,0.200157
44704ms,44704,132.917,0.199853
44735ms,44735,133.120,0.198983
44768ms,44768,133.135,0.198460
44800ms,44800,133.244,0.198725
44847ms,44847,133.536,0.199782
44879ms,44879,133.659,0.199417
44911ms,44911,133.885,0.199689
44944ms,44944,134.181,0.200954
44976ms,44976,134.399,0.202532
45008ms,45008,134.453,0.199859
45040ms,45040,134.915,0.202347
45072ms,45072,135.214,0.201704
45104ms,45104,135.538,0.201491
45136ms,45136,135.466,0.203452
45168ms,45168,135.231,0.203852
45215ms,45215,135.250,0.203037
45247ms,45247,135.416,0.203423
45279ms,45279,135.328,0.203956
45311ms,45311,135.249,0.203512
45344ms,45344,135.372,0.203902
45376ms,45376,135.325,0.203238
45408ms,45408,135.379,0.203310
45440ms,45440,135.313,0.202977
45472ms,45472,135.377,0.203328
45504ms,45504,135.240,0.203927
45536ms,45536,135.303,0.202945
45583ms,45583,134.968,0.200982
45615ms,45615,134.756,0.202631
45647ms,45647,134.139,0.199416
45679ms,45679,133.516,0.201465
45712ms,45712,133.429,0.200758
45744ms,45744,133.025,0.205088
45776ms,45776,132.943,0.201526
45808ms,45808,132.765,0.204311
45872ms,45872,132.733,0.201176
46015ms,46015,132.505,0.203883
46112ms,46112,132.383,0.201866
46144ms,46144,132.568,0.202733
46176ms,46176,132.669,0.202388
46208ms,46208,132.940,0.199049
46240ms,46240,133.113,0.198326
46272ms,46272,133.124,0.199280
46304ms,46304,133.499,0.199746
46351ms,46351,133.284,0.203112
46383ms,46383,133.826,0.199053
46415ms,46415,134.039,0.198873
46447ms,46447,134.106,0.200896
46479ms,46479,134.538,0.199970
46512ms,46512,134.701,0.200819
46544ms,46544,134.829,0.202582
46576ms,46576,135.268,0.201511
46639ms,46639,135.545,0.204408
46672ms,46672,135.422,0.203065
46704ms,46704,135.429,0.203427
46751ms,46751,135.577,0.203018
46783ms,46783,135.481,0.203538
46815ms,46815,135.601,0.203705
46847ms,46847,135.416,0.203611
46880ms,46880,135.374,0.203508
46911ms,46911,135.581,0.202760
46943ms,46943,135.464,0.203236
46976ms,46976,135.556,0.202905
47008ms,47008,135.323,0.201590
47040ms,47040,135.137,0.203207
47072ms,47072,134.710,0.200873
47119ms,47119,134.282,0.200911
47151ms,47151,133.977,0.200711
47183ms,47183,133.560,0.200788
47215ms,47215,133.432,0.207102
47247ms,47247,133.105,0.202991
47280ms,47280,132.976,0.201840
47375ms,47375,132.716,0.204264
47519ms,47519,132.453,0.203828
47584ms,47584,132.579,0.212943
47616ms,47616,132.509,0.201259
47648ms,47648,132.519,0.200701
47679ms,47679,132.669,0.200020
47712ms,47712,132.837,0.198770
47744ms,47744,133.099,0.198145
47776ms,47776,133.201,0.199171
47808ms,47808,133.350,0.199948
47840ms,47840,133.408,0.202053
47887ms,47887,133.801,0.198584
47919ms,47919,134.092,0.199807
47983ms,47983,134.559,0.198776
48016ms,48016,134.702,0.201157
48048ms,48048,135.057,0.202011
48080ms,48080,135.338,0.201188
48112ms,48112,135.433,0.202060
48144ms,48144,135.270,0.203073
48176ms,48176,135.346,0.203190
48208ms,48208,135.294,0.203799
48255ms,48255,135.298,0.204245
48287ms,48287,135.367,0.203126
48319ms,48319,135.266,0.203211
48351ms,48351,135.339,0.203433
48384ms,48384,135.364,0.203659
48416ms,48416,135.308,0.203148
48448ms,48448,135.450,0.203391
48480ms,48480,135.282,0.202922
48512ms,48512,135.369,0.202201
48544ms,48544,135.137,0.202517
48576ms,48576,134.664,0.199986
48623ms,48623,134.278,0.200832
48655ms,48655,133.943,0.202179
48687ms,48687,133.525,0.200453
48719ms,48719,133.282,0.203506
48752ms,48752,133.186,0.202047
48784ms,48784,133.035,0.202833
48880ms,48880,132.306,0.203121
48976ms,48976,132.458,0.205550
49023ms,49023,132.676,0.213993
49087ms,49087,132.538,0.205155
49119ms,49119,132.496,0.201051
49151ms,49151,132.635,0.201189
49184ms,49184,132.986,0.199935
49215ms,49215,132.917,0.197845
49248ms,49248,133.045,0.198475
49279ms,49279,133.247,0.198556
49312ms,49312,133.529,0.199847
49344ms,49344,133.568,0.198423
49391ms,49391,134.009,0.198553
49423ms,49423,134.017,0.200486
49455ms,49455,134.453,0.199684
49551ms,49551,135.202,0.201697
49584ms,49584,135.518,0.201417
49616ms,49616,135.421,0.204143
49648ms,49648,135.424,0.203935
49679ms,49679,135.262,0.203421
49712ms,49712,135.368,0.203423
49759ms,49759,135.363,0.203570
49791ms,49791,135.414,0.203178
49823ms,49823,135.472,0.203131
49856ms,49856,135.292,0.203463
49888ms,49888,135.443,0.202865
49952ms,49952,135.474,0.203717
49984ms,49984,135.429,0.203000
50016ms,50016,135.246,0.202766
50048ms,50048,134.968,0.200976
50080ms,50080,134.333,0.202078
50112ms,50112,134.225,0.199872
50160ms,50160,133.688,0.201598
50191ms,50191,133.347,0.201281
50223ms,50223,132.961,0.207137
50256ms,50256,133.035,0.201019
50287ms,50287,133.045,0.202907
50352ms,50352,132.735,0.200958
50415ms,50415,132.456,0.201622
50480ms,50480,132.349,0.206443
50591ms,50591,132.417,0.202102
50624ms,50624,132.500,0.201906
50656ms,50656,132.764,0.201613
50687ms,50687,132.926,0.199265
50720ms,50720,133.221,0.198266
50752ms,50752,133.139,0.199643
50784ms,50784,133.416,0.201506
50816ms,50816,133.430,0.201615
50848ms,50848,133.945,0.197980
50895ms,50895,133.905,0.199156
50927ms,50927,134.170,0.201352
50959ms,50959,134.118,0.199891
50991ms,50991,134.755,0.200969
51024ms,51024,135.044,0.202748
51055ms,51055,135.233,0.201095
51088ms,51088,135.509,0.202023
51120ms,51120,135.357,0.203524
51152ms,51152,135.284,0.203672
51184ms,51184,135.294,0.203386
51216ms,51216,135.302,0.203861
51248ms,51248,135.268,0.203335
51295ms,51295,135.286,0.203668
51327ms,51327,135.317,0.203450
51359ms,51359,135.336,0.203339
51391ms,51391,135.354,0.203480
51424ms,51424,135.369,0.203135
51456ms,51456,135.276,0.203467
51488ms,51488,135.355,0.201773
51520ms,51520,134.996,0.203102
51552ms,51552,134.569,0.200917
51584ms,51584,134.389,0.200490
51616ms,51616,133.879,0.201935
51663ms,51663,133.462,0.199372
51695ms,51695,133.204,0.201990
51727ms,51727,132.812,0.204542
51759ms,51759,132.840,0.202151
51824ms,51824,132.557,0.211785
51887ms,51887,132.472,0.201155
51952ms,51952,132.479,0.205928
52063ms,52063,132.616,0.201448
52095ms,52095,132.598,0.201072
52127ms,52127,132.586,0.205278
52159ms,52159,132.942,0.200072
52192ms,52192,132.888,0.200267
52224ms,52224,133.022,0.199520
52256ms,52256,133.099,0.198814
52288ms,52288,133.388,0.198725
52320ms,52320,133.561,0.200690
52352ms,52352,133.897,0.199054
52384ms,52384,134.075,0.200534
52431ms,52431,134.350,0.200283
52463ms,52463,134.437,0.200692
52495ms,52495,134.949,0.202122
52527ms,52527,135.203,0.201375
52559ms,52559,135.600,0.201811
52623ms,52623,135.350,0.203710
52656ms,52656,135.438,0.203519
52688ms,52688,135.406,0.203363
52720ms,52720,135.328,0.203440
52752ms,52752,135.370,0.204440
52799ms,52799,135.336,0.203397
52831ms,52831,135.351,0.203386
52863ms,52863,135.367,0.203491
52895ms,52895,135.257,0.203531
52928ms,52928,135.311,0.203216
52960ms,52960,135.437,0.202733
52992ms,52992,135.211,0.202662
53024ms,53024,134.968,0.201209
53056ms,53056,134.636,0.202462
53088ms,53088,134.235,0.200464
53120ms,53120,133.713,0.201057
53167ms,53167,133.325,0.200123
53199ms,53199,133.220,0.203655
53231ms,53231,132.973,0.203197
53264ms,53264,133.152,0.204464
53328ms,53328,132.745,0.205949
53391ms,53391,132.450,0.202124
53456ms,53456,132.574,0.206518
53567ms,53567,132.448,0.201973
53599ms,53599,132.536,0.202549
53632ms,53632,132.775,0.203502
53664ms,53664,133.010,0.199409
53695ms,53695,132.820,0.198810
53727ms,53727,133.023,0.198719
53760ms,53760,133.497,0.199859
53792ms,53792,133.550,0.201011
53824ms,53824,133.702,0.199268
53856ms,53856,133.950,0.198866
53935ms,53935,134.376,0.199093
53967ms,53967,134.690,0.200892
53999ms,53999,134.961,0.202776
54031ms,54031,135.284,0.201638
54064ms,54064,135.439,0.201420
54096ms,54096,135.494,0.203542
54128ms,54128,135.415,0.203517
54160ms,54160,135.346,0.203392
54192ms,54192,135.379,0.203480
54224ms,54224,135.344,0.203383
54256ms,54256,135.338,0.203620
54288ms,54288,135.320,0.203325
54335ms,54335,135.365,0.203421
54367ms,54367,135.436,0.203640
54399ms,54399,135.384,0.203622
54431ms,54431,135.321,0.203023
54463ms,54463,135.480,0.201636
54496ms,54496,135.090,0.202851
54528ms,54528,134.748,0.200445
54559ms,54559,134.210,0.200587
54592ms,54592,133.875,0.200771
54624ms,54624,133.371,0.200656
54656ms,54656,133.394,0.201120
54703ms,54703,133.147,0.201073
54735ms,54735,132.866,0.203308
54800ms,54800,132.660,0.217407
54863ms,54863,132.422,0.201199
54927ms,54927,132.323,0.210247
55071ms,55071,132.429,0.200563
55103ms,55103,132.601,0.199819
55135ms,55135,132.824,0.198394
55167ms,55167,132.809,0.198301
55200ms,55200,133.064,0.198344
55231ms,55231,133.151,0.199105
55264ms,55264,133.450,0.199890
55296ms,55296,133.636,0.199499
55328ms,55328,133.885,0.198417
55360ms,55360,134.124,0.199904
55392ms,55392,134.231,0.202218
55439ms,55439,134.380,0.199253
55471ms,55471,134.646,0.200859
55504ms,55504,134.932,0.202416
55535ms,55535,135.390,0.201315
55567ms,55567,135.350,0.201737
55599ms,55599,135.421,0.204047
55632ms,55632,135.418,0.203782
55663ms,55663,135.432,0.203985
55695ms,55695,135.390,0.204111
55728ms,55728,135.435,0.203538
55760ms,55760,135.359,0.203604
55792ms,55792,135.375,0.203909
55839ms,55839,135.362,0.203957
55871ms,55871,135.383,0.203587
55903ms,55903,135.331,0.203706
55935ms,55935,135.411,0.202725
55967ms,55967,135.303,0.201863
56000ms,56000,135.104,0.202090
56032ms,56032,134.554,0.200635
56064ms,56064,134.364,0.200454
56096ms,56096,133.829,0.202331
56128ms,56128,133.366,0.200421
56160ms,56160,133.030,0.200840
56207ms,56207,132.902,0.203642
56239ms,56239,132.794,0.202000
56303ms,56303,132.679,0.213526
56368ms,56368,132.322,0.201019
56432ms,56432,132.346,0.205255
56527ms,56527,132.665,0.205375
56560ms,56560,132.420,0.202066
56607ms,56607,132.599,0.203380
56671ms,56671,133.106,0.198118
56703ms,56703,133.139,0.198132
56736ms,56736,133.223,0.199344
56768ms,56768,133.561,0.199819
56800ms,56800,133.583,0.198918
56832ms,56832,133.951,0.198812
56864ms,56864,134.145,0.201516
56896ms,56896,134.245,0.200804
56928ms,56928,134.518,0.200105
56975ms,56975,134.957,0.202859
57007ms,57007,135.315,0.200949
57039ms,57039,135.549,0.201562
57071ms,57071,135.462,0.203097
57103ms,57103,135.444,0.203395
57135ms,57135,135.352,0.203269
57168ms,57168,135.386,0.203521
57200ms,57200,135.401,0.203515
57232ms,57232,135.368,0.203746
57264ms,57264,135.276,0.203887
57296ms,57296,135.291,0.203687
57343ms,57343,135.192,0.204350
57375ms,57375,135.411,0.203382
57407ms,57407,135.393,0.203465
57439ms,57439,135.436,0.202585
57472ms,57472,135.211,0.202021
57504ms,57504,134.851,0.201232
57536ms,57536,134.458,0.201937
57568ms,57568,134.209,0.200114
57632ms,57632,133.446,0.202534
57711ms,57711,133.060,0.203187
57743ms,57743,132.540,0.210551
57807ms,57807,132.660,0.202093
57872ms,57872,132.054,0.201610
58064ms,58064,132.635,0.201013
58111ms,58111,132.643,0.203522
58143ms,58143,132.886,0.198585
58175ms,58175,133.015,0.197936
58207ms,58207,133.215,0.199680
58239ms,58239,133.321,0.198977
58271ms,58271,133.654,0.199669
58304ms,58304,133.804,0.200059
58336ms,58336,133.963,0.198977
58368ms,58368,134.233,0.202136
58400ms,58400,134.419,0.199701
58432ms,58432,134.650,0.200798
58479ms,58479,134.952,0.203922
58512ms,58512,135.473,0.202223
58543ms,58543,135.495,0.201575
58575ms,58575,135.347,0.203980
58607ms,58607,135.361,0.203598
58639ms,58639,135.441,0.203540
58672ms,58672,135.388,0.203488
58703ms,58703,135.343,0.203493
58735ms,58735,135.308,0.203761
58768ms,58768,135.349,0.203516
58800ms,58800,135.374,0.203408
58832ms,58832,135.431,0.203247
58879ms,58879,135.414,0.203398
58912ms,58912,135.384,0.203703
58943ms,58943,135.545,0.201816
58975ms,58975,135.087,0.202319
59008ms,59008,134.541,0.200862
59040ms,59040,134.315,0.200463
59072ms,59072,133.756,0.201224
59104ms,59104,133.428,0.200330
59136ms,59136,133.203,0.203471
59168ms,59168,132.885,0.204601
59200ms,59200,133.032,0.204113
59279ms,59279,132.549,0.214561
59311ms,59311,132.453,0.203528
59343ms,59343,132.242,0.203549
59504ms,59504,132.677,0.201919
59536ms,59536,132.508,0.203350
59568ms,59568,132.630,0.203531
59615ms,59615,132.965,0.198754
59647ms,59647,132.917,0.199279
59679ms,59679,133.134,0.198858
59711ms,59711,133.338,0.198634
59743ms,59743,133.616,0.200065
59775ms,59775,133.657,0.198810
59808ms,59808,133.948,0.198893
59840ms,59840,134.214,0.201512
59871ms,59871,134.307,0.200214
59904ms,59904,134.644,0.200517
59936ms,59936,134.903,0.202689
59968ms,59968,135.283,0.201235
60015ms,60015,135.470,0.201634
60047ms,60047,135.419,0.202796
60079ms,60079,135.290,0.203985
60111ms,60111,135.331,0.203544
60144ms,60144,135.411,0.203719
60176ms,60176,135.319,0.203518
60208ms,60208,135.358,0.203606
60239ms,60239,135.330,0.203494
60272ms,60272,135.410,0.203575
60304ms,60304,135.363,0.203554
60336ms,60336,135.472,0.203712
60383ms,60383,135.427,0.203571
60415ms,60415,135.437,0.204260
60447ms,60447,135.143,0.204675
60479ms,60479,134.803,0.201081
60512ms,60512,134.376,0.203261
60544ms,60544,134.017,0.199858
60575ms,60575,133.632,0.201855
60607ms,60607,133.566,0.201867
60640ms,60640,133.200,0.202689
60672ms,60672,132.777,0.201348
60815ms,60815,132.440,0.203361
60912ms,60912,132.467,0.205826
60976ms,60976,132.384,0.208080
61008ms,61008,132.399,0.203755
61040ms,61040,132.613,0.203549
61072ms,61072,132.568,0.203404
61104ms,61104,132.881,0.198350
61151ms,61151,133.055,0.197899
61183ms,61183,133.089,0.198476
61215ms,61215,133.341,0.198393
61248ms,61248,133.394,0.202295
61279ms,61279,133.845,0.198322
61312ms,61312,134.074,0.199886
61344ms,61344,134.314,0.203069
61376ms,61376,134.385,0.200379
61408ms,61408,134.808,0.201571
61440ms,61440,135.166,0.202373
61472ms,61472,135.522,0.200881
61519ms,61519,135.492,0.202749
61551ms,61551,135.307,0.204036
61583ms,61583,135.285,0.203516
61615ms,61615,135.345,0.203441
61647ms,61647,135.383,0.203565
61712ms,61712,135.361,0.203610
61744ms,61744,135.275,0.203883
61775ms,61775,135.372,0.203611
61808ms,61808,135.382,0.203367
61840ms,61840,135.401,0.203567
61887ms,61887,135.325,0.203507
61919ms,61919,135.315,0.202250
61951ms,61951,135.080,0.202347
61984ms,61984,134.491,0.201141
62015ms,62015,134.234,0.201243
62048ms,62048,133.775,0.202681
62080ms,62080,133.553,0.200109
62112ms,62112,133.311,0.203943
62144ms,62144,132.946,0.203979
62176ms,62176,132.849,0.202958
62240ms,62240,132.782,0.208405
62287ms,62287,132.441,0.203026
62319ms,62319,132.165,0.202389
62480ms,62480,132.577,0.206017
62512ms,62512,132.589,0.201224
62544ms,62544,132.715,0.202622
62576ms,62576,132.941,0.198883
62608ms,62608,132.846,0.198547
62655ms,62655,133.069,0.198682
62687ms,62687,133.211,0.199026
62751ms,62751,133.590,0.198585
62784ms,62784,133.970,0.198946
62815ms,62815,134.008,0.200474
62848ms,62848,134.332,0.199364
62879ms,62879,134.566,0.200582
62912ms,62912,134.877,0.202904
62944ms,62944,135.275,0.201915
62976ms,62976,135.556,0.201669
63023ms,63023,135.385,0.202571
63055ms,63055,135.372,0.204143
63087ms,63087,135.403,0.203658
63120ms,63120,135.318,0.203450
63152ms,63152,135.268,0.204027
63184ms,63184,135.300,0.203875
63215ms,63215,135.327,0.203525
63248ms,63248,135.390,0.203644
63280ms,63280,135.403,0.203534
63312ms,63312,135.293,0.203619
63344ms,63344,135.416,0.203220
63376ms,63376,135.324,0.203411
63423ms,63423,135.207,0.204163
63455ms,63455,135.074,0.202127
63487ms,63487,134.654,0.201173
63519ms,63519,134.248,0.200216
63552ms,63552,133.722,0.201281
63584ms,63584,133.368,0.199589
63616ms,63616,133.172,0.203415
63648ms,63648,133.068,0.203871
63680ms,63680,133.007,0.208433
63744ms,63744,132.743,0.207258
63791ms,63791,132.384,0.201156
63823ms,63823,132.335,0.205468
63984ms,63984,132.524,0.204394
64015ms,64015,132.522,0.201604
64048ms,64048,132.628,0.205078
64079ms,64079,132.849,0.197774
64112ms,64112,132.958,0.198754
64144ms,64144,133.071,0.198043
64191ms,64191,133.454,0.199137
64223ms,64223,133.488,0.200887
64255ms,64255,133.541,0.198244
64287ms,64287,133.878,0.199228
64320ms,64320,134.178,0.200553
64352ms,64352,134.378,0.199192
64384ms,64384,134.592,0.200354
64415ms,64415,134.962,0.201728
64479ms,64479,135.575,0.202208
64512ms,64512,135.294,0.203374
64559ms,64559,135.329,0.203576
64591ms,64591,135.378,0.203698
64623ms,64623,135.290,0.203414
64655ms,64655,135.284,0.203478
64688ms,64688,135.271,0.203437
64720ms,64720,135.348,0.204327
64752ms,64752,135.333,0.203484
64784ms,64784,135.248,0.203496
64815ms,64815,135.346,0.203220
64848ms,64848,135.419,0.203339
64880ms,64880,135.440,0.203589
64927ms,64927,135.182,0.203727
64959ms,64959,134.698,0.200513
64991ms,64991,134.186,0.200811
65023ms,65023,133.773,0.201986
65055ms,65055,133.580,0.200485
65088ms,65088,133.429,0.201780
65120ms,65120,133.182,0.201954
65152ms,65152,133.004,0.202746
65248ms,65248,132.460,0.203434
65295ms,65295,132.357,0.201380
65327ms,65327,132.480,0.202484
65391ms,65391,132.341,0.206047
65456ms,65456,132.394,0.204204
65488ms,65488,132.359,0.201578
65520ms,65520,132.711,0.201572
65552ms,65552,132.803,0.199876
65584ms,65584,132.955,0.198531
65616ms,65616,133.074,0.199607
65648ms,65648,133.204,0.198995
65695ms,65695,133.542,0.198985
65727ms,65727,133.729,0.198715
65759ms,65759,133.820,0.198736
65791ms,65791,134.133,0.199732
65824ms,65824,134.194,0.200680
65856ms,65856,134.483,0.200317
65888ms,65888,134.893,0.201589
65920ms,65920,135.153,0.202366
65952ms,65952,135.291,0.201711
65984ms,65984,135.505,0.202607
66015ms,66015,135.462,0.203798
66063ms,66063,135.312,0.203456
66095ms,66095,135.365,0.203851
66127ms,66127,135.346,0.203500
66159ms,66159,135.292,0.204112
66191ms,66191,135.304,0.203305
66224ms,66224,135.349,0.203429
66256ms,66256,135.363,0.203476
66319ms,66319,135.303,0.203124
66352ms,66352,135.379,0.203692
66384ms,66384,135.306,0.201892
66416ms,66416,135.141,0.202339
66463ms,66463,134.521,0.200473
66495ms,66495,134.351,0.200230
66527ms,66527,133.724,0.204084
66559ms,66559,133.418,0.200546
66592ms,66592,133.249,0.205154
66624ms,66624,132.919,0.204758
66656ms,66656,132.856,0.204947
66784ms,66784,132.185,0.201788
66960ms,66960,132.568,0.202085
66992ms,66992,132.626,0.201235
67024ms,67024,132.623,0.204059
67056ms,67056,132.881,0.199898
67088ms,67088,132.898,0.198043
67120ms,67120,133.145,0.198431
67152ms,67152,133.294,0.198231
67199ms,67199,133.453,0.200479
67231ms,67231,133.681,0.198742
67263ms,67263,133.906,0.199153
67295ms,67295,134.077,0.200957
67327ms,67327,134.466,0.202098
67391ms,67391,134.915,0.202305
67424ms,67424,135.312,0.201119
67456ms,67456,135.368,0.201589
67488ms,67488,135.381,0.204985
67520ms,67520,135.303,0.203666
67552ms,67552,135.306,0.204277
67599ms,67599,135.404,0.203362
67631ms,67631,135.376,0.203630
67663ms,67663,135.449,0.203151
67695ms,67695,135.437,0.203490
67728ms,67728,135.413,0.203676
67759ms,67759,135.347,0.203533
67792ms,67792,135.353,0.203947
67824ms,67824,135.383,0.203546
67856ms,67856,135.529,0.202304
67888ms,67888,135.202,0.202917
67920ms,67920,134.801,0.200676
67967ms,67967,134.371,0.201904
67999ms,67999,134.023,0.202429
68031ms,68031,133.506,0.200621
68063ms,68063,133.468,0.203058
68096ms,68096,133.052,0.202610
68128ms,68128,132.969,0.202844
68256ms,68256,132.414,0.201737
68288ms,68288,132.275,0.201831
68431ms,68431,132.536,0.205705
68464ms,68464,132.310,0.201173
68495ms,68495,132.496,0.203381
68527ms,68527,132.857,0.201310
68560ms,68560,132.864,0.198068
68592ms,68592,133.145,0.198197
68624ms,68624,133.163,0.199504
68656ms,68656,133.435,0.200430
68688ms,68688,133.498,0.199808
68735ms,68735,133.914,0.198981
68767ms,68767,133.923,0.199659
68799ms,68799,134.394,0.201092
68832ms,68832,134.357,0.199964
68864ms,68864,134.752,0.200852
68895ms,68895,135.217,0.201671
68927ms,68927,135.421,0.201085
68960ms,68960,135.545,0.202489
68992ms,68992,135.414,0.203605
69024ms,69024,135.330,0.203967
69056ms,69056,135.343,0.203660
69104ms,69104,135.312,0.203413
69135ms,69135,135.413,0.203212
69167ms,69167,135.314,0.203400
69199ms,69199,135.398,0.203388
69232ms,69232,135.328,0.203445
69263ms,69263,135.289,0.203472
69296ms,69296,135.321,0.203571
69327ms,69327,135.309,0.202883
69360ms,69360,135.355,0.202145
69392ms,69392,135.093,0.201990
69424ms,69424,134.681,0.201309
69471ms,69471,134.228,0.200163
69503ms,69503,133.738,0.201278
69535ms,69535,133.346,0.199727
69567ms,69567,133.279,0.203728
69599ms,69599,133.026,0.204087
69631ms,69631,132.954,0.203148
69696ms,69696,132.729,0.209365
69728ms,69728,132.611,0.202093
69824ms,69824,132.469,0.206510
69935ms,69935,132.581,0.204885
69967ms,69967,132.489,0.203423
70031ms,70031,132.915,0.198804
70064ms,70064,132.943,0.197604
70096ms,70096,133.211,0.197990
70128ms,70128,133.337,0.198594
70160ms,70160,133.418,0.201269
70192ms,70192,133.733,0.200042
70239ms,70239,133.910,0.198957
70271ms,70271,134.203,0.200895
70303ms,70303,134.553,0.198824
70335ms,70335,134.613,0.200631
70368ms,70368,134.869,0.203870
70400ms,70400,135.316,0.200871
70432ms,70432,135.500,0.201245
70464ms,70464,135.463,0.203703
70496ms,70496,135.261,0.203348
70528ms,70528,135.332,0.203802
70560ms,70560,135.396,0.203873
70607ms,70607,135.262,0.203441
70639ms,70639,135.389,0.203413
70671ms,70671,135.337,0.203423
70703ms,70703,135.341,0.203364
70736ms,70736,135.303,0.203406
70768ms,70768,135.337,0.203566
70800ms,70800,135.394,0.203540
70832ms,70832,135.365,0.202475
70864ms,70864,135.283,0.202777
70896ms,70896,134.737,0.200583
70928ms,70928,134.275,0.200890
71007ms,71007,133.407,0.200126
71071ms,71071,133.048,0.204802
71104ms,71104,132.755,0.203708
71168ms,71168,132.532,0.208601
71200ms,71200,132.239,0.204555
71232ms,71232,132.246,0.200463
71296ms,71296,132.534,0.207509
71407ms,71407,132.498,0.203535
71439ms,71439,132.504,0.201662
71472ms,71472,132.583,0.203563
71504ms,71504,133.008,0.199262
71536ms,71536,133.007,0.197976
71568ms,71568,133.112,0.199738
71600ms,71600,133.073,0.198776
71631ms,71631,133.414,0.198951
71664ms,71664,133.537,0.199858
71695ms,71695,133.773,0.199197
71743ms,71743,134.177,0.199966
71775ms,71775,134.315,0.201692
71807ms,71807,134.461,0.200381
71839ms,71839,134.946,0.201636
71871ms,71871,135.281,0.201900
71904ms,71904,135.414,0.201941
71935ms,71935,135.468,0.202265
71968ms,71968,135.169,0.203737
72000ms,72000,135.304,0.203607
72032ms,72032,135.384,0.203484
72064ms,72064,135.422,0.203984
72096ms,72096,135.359,0.203226
72144ms,72144,135.330,0.203626
72175ms,72175,135.366,0.203876
72207ms,72207,135.397,0.203440
72239ms,72239,135.343,0.203287
72271ms,72271,135.336,0.204263
72304ms,72304,135.430,0.203344
72335ms,72335,135.246,0.202152
72368ms,72368,134.942,0.201308
72400ms,72400,134.430,0.202366
72432ms,72432,134.175,0.200102
72464ms,72464,133.559,0.201777
72511ms,72511,133.573,0.201475
72543ms,72543,133.036,0.205195
72575ms,72575,133.045,0.202098
72672ms,72672,132.610,0.205267
72799ms,72799,132.569,0.208249
72911ms,72911,132.431,0.200373
72943ms,72943,132.585,0.201920
72975ms,72975,132.725,0.203588
73007ms,73007,132.805,0.198611
73040ms,73040,133.153,0.197355
73072ms,73072,133.154,0.199703
73104ms,73104,133.432,0.200187
73136ms,73136,133.365,0.200345
73168ms,73168,133.803,0.198071
73199ms,73199,134.028,0.199468
73232ms,73232,134.191,0.203167
73279ms,73279,134.508,0.200027
73311ms,73311,134.728,0.201098
73343ms,73343,135.154,0.203464
73375ms,73375,135.333,0.201903
73408ms,73408,135.447,0.202076
73439ms,73439,135.247,0.203829
73471ms,73471,135.327,0.203471
73504ms,73504,135.323,0.203488
73535ms,73535,135.322,0.203726
73568ms,73568,135.197,0.203440
73600ms,73600,135.339,0.203595
73647ms,73647,135.280,0.203410
73679ms,73679,135.417,0.203076
73711ms,73711,135.391,0.203442
73744ms,73744,135.247,0.203482
73776ms,73776,135.300,0.203394
73808ms,73808,135.326,0.202416
73840ms,73840,135.093,0.202536
73872ms,73872,134.628,0.200154
73904ms,73904,134.188,0.200911
73936ms,73936,133.798,0.200729
73968ms,73968,133.510,0.200142
74000ms,74000,133.168,0.206086
74047ms,74047,132.966,0.205477
74079ms,74079,132.741,0.204011
74144ms,74144,132.630,0.207265
74175ms,74175,132.459,0.205179
74240ms,74240,132.504,0.201841
74304ms,74304,132.597,0.205191
74368ms,74368,132.531,0.200428
74415ms,74415,132.464,0.203413
74447ms,74447,132.601,0.204717
74479ms,74479,132.974,0.200189
74512ms,74512,133.180,0.198702
74544ms,74544,133.105,0.199013
74576ms,74576,133.199,0.198808
74608ms,74608,133.442,0.199732
74640ms,74640,133.602,0.198686
74672ms,74672,133.858,0.199276
74704ms,74704,134.092,0.200583
74736ms,74736,134.357,0.200856
74783ms,74783,134.551,0.200320
74815ms,74815,134.757,0.201628
74847ms,74847,135.260,0.202300
74879ms,74879,135.430,0.201694
74911ms,74911,135.536,0.203291
74944ms,74944,135.285,0.204144
74976ms,74976,135.301,0.203464
75008ms,75008,135.305,0.203893
75071ms,75071,135.246,0.203272
75104ms,75104,135.298,0.203805
75136ms,75136,135.346,0.203987
75183ms,75183,135.504,0.204203
75215ms,75215,135.403,0.204286
75247ms,75247,135.369,0.203784
75279ms,75279,135.541,0.202288
75312ms,75312,135.308,0.201798
75344ms,75344,134.802,0.200815
75376ms,75376,134.462,0.201653
75408ms,75408,134.271,0.199422
75440ms,75440,133.580,0.202839
75472ms,75472,133.363,0.202413
75504ms,75504,133.089,0.204360
75551ms,75551,132.816,0.202317
75647ms,75647,132.467,0.199337
75776ms,75776,132.341,0.204360
75872ms,75872,132.360,0.201470
75919ms,75919,132.514,0.200513
75951ms,75951,132.845,0.201005
75983ms,75983,132.886,0.198056
76047ms,76047,133.181,0.199734
76112ms,76112,133.619,0.199638
76144ms,76144,133.869,0.198104
76176ms,76176,134.202,0.199840
76208ms,76208,134.306,0.201878
76240ms,76240,134.514,0.200431
76272ms,76272,134.803,0.201350
76319ms,76319,135.097,0.201700
76351ms,76351,135.368,0.201384
76383ms,76383,135.408,0.202181
76415ms,76415,135.313,0.203477
76448ms,76448,135.367,0.203904
76480ms,76480,135.385,0.203511
76512ms,76512,135.390,0.203531
76544ms,76544,135.355,0.203551
76576ms,76576,135.395,0.203383
76608ms,76608,135.342,0.203352
76640ms,76640,135.374,0.203671
76687ms,76687,135.386,0.203566
76719ms,76719,135.381,0.202961
76751ms,76751,135.597,0.202980
76783ms,76783,135.341,0.202291
76816ms,76816,135.063,0.201804
76848ms,76848,134.519,0.202186
76880ms,76880,134.340,0.200491
76912ms,76912,133.958,0.201111
76944ms,76944,133.474,0.200476
76976ms,76976,133.232,0.200814
77008ms,77008,133.051,0.204799
77055ms,77055,132.917,0.202040
77119ms,77119,132.522,0.208376
77344ms,77344,132.544,0.201955
77375ms,77375,132.593,0.203951
77408ms,77408,132.727,0.203537
77455ms,77455,133.064,0.199353
77487ms,77487,133.104,0.198044
77519ms,77519,132.977,0.198786
77551ms,77551,133.313,0.200603
77584ms,77584,133.390,0.200290
77616ms,77616,133.862,0.199201
77648ms,77648,134.004,0.198755
77679ms,77679,134.123,0.201222
77712ms,77712,134.337,0.199988
77744ms,77744,134.679,0.200687
77776ms,77776,135.048,0.202807
77823ms,77823,135.238,0.201107
77855ms,77855,135.433,0.201696
77887ms,77887,135.308,0.203454
77919ms,77919,135.306,0.203515
77951ms,77951,135.331,0.203474
77984ms,77984,135.373,0.203517
78016ms,78016,135.254,0.203622
78048ms,78048,135.372,0.203133
78080ms,78080,135.357,0.203240
78112ms,78112,135.297,0.203717
78144ms,78144,135.446,0.203018
78191ms,78191,135.488,0.203565
78223ms,78223,135.374,0.203284
78255ms,78255,135.365,0.202369
78287ms,78287,135.066,0.202352
78320ms,78320,134.598,0.200479
78383ms,78383,133.886,0.200901
78416ms,78416,133.449,0.200992
78448ms,78448,133.286,0.202333
78480ms,78480,133.097,0.201676
78512ms,78512,132.925,0.202404
78591ms,78591,132.634,0.212609
78623ms,78623,132.321,0.208776
78655ms,78655,132.376,0.202251
78752ms,78752,132.486,0.208679
78816ms,78816,132.365,0.205372
78848ms,78848,132.434,0.203405
78880ms,78880,132.626,0.200549
78912ms,78912,132.758,0.199152
78959ms,78959,132.810,0.199278
78991ms,78991,133.046,0.199973
79023ms,79023,133.201,0.198164
79055ms,79055,133.388,0.200192
79088ms,79088,133.654,0.198543
79119ms,79119,133.929,0.199023
79152ms,79152,134.070,0.201293
79183ms,79183,134.381,0.202927
79216ms,79216,134.457,0.200507
79248ms,79248,134.772,0.201943
79280ms,79280,135.234,0.201548
79327ms,79327,135.414,0.201266
79359ms,79359,135.451,0.202401
79391ms,79391,135.325,0.203083
79424ms,79424,135.383,0.203395
79455ms,79455,135.351,0.203572
79488ms,79488,135.315,0.203538
79520ms,79520,135.326,0.203243
79552ms,79552,135.408,0.203318
79584ms,79584,135.329,0.203710
79616ms,79616,135.342,0.203579
79648ms,79648,135.377,0.203420
79680ms,79680,135.385,0.203673
79727ms,79727,135.544,0.202531
79759ms,79759,135.255,0.203343
79791ms,79791,134.818,0.201124
79824ms,79824,134.578,0.202131
79855ms,79855,134.169,0.199733
79888ms,79888,133.606,0.201756
79919ms,79919,133.419,0.201446
79951ms,79951,133.319,0.204083
79984ms,79984,133.059,0.201439
80016ms,80016,132.874,0.203912
80095ms,80095,132.901,0.203428
80191ms,80191,132.373,0.205618
80224ms,80224,132.388,0.200168
80320ms,80320,132.457,0.201550
80352ms,80352,132.627,0.201219
80384ms,80384,132.618,0.203083
80416ms,80416,132.825,0.198604
80448ms,80448,133.100,0.198229
80495ms,80495,133.183,0.198872
80527ms,80527,133.363,0.199355
80559ms,80559,133.519,0.200895
80591ms,80591,133.741,0.198818
80624ms,80624,133.975,0.198857
80655ms,80655,134.319,0.201212
80751ms,80751,135.078,0.203456
80784ms,80784,135.449,0.200713
80816ms,80816,135.457,0.201710
80863ms,80863,135.525,0.203918
80896ms,80896,135.300,0.203547
80927ms,80927,135.298,0.203796
80959ms,80959,135.353,0.203736
80991ms,80991,135.355,0.204606
81024ms,81024,135.363,0.203239
81055ms,81055,135.389,0.203668
81088ms,81088,135.383,0.203772
81152ms,81152,135.336,0.203330
81184ms,81184,135.288,0.203666
81231ms,81231,135.423,0.202036
81263ms,81263,134.843,0.203039
81295ms,81295,134.619,0.200123
81327ms,81327,134.371,0.201886
81359ms,81359,133.783,0.202393
81391ms,81391,133.454,0.201818
81424ms,81424,133.184,0.204593
81455ms,81455,132.875,0.205440
81488ms,81488,132.703,0.203341
81599ms,81599,132.377,0.202122
81631ms,81631,132.156,0.203265
81695ms,81695,132.450,0.206416
81728ms,81728,132.612,0.212878
81792ms,81792,132.543,0.201998
81824ms,81824,132.546,0.201210
81856ms,81856,132.638,0.204293
81887ms,81887,132.929,0.200154
81919ms,81919,133.050,0.198925
81952ms,81952,132.907,0.198988
81999ms,81999,133.444,0.198900
82031ms,82031,133.598,0.199398
82063ms,82063,133.609,0.198905
82095ms,82095,133.917,0.199187
82127ms,82127,134.207,0.200686
82160ms,82160,134.380,0.200148
82192ms,82192,134.446,0.200325
82224ms,82224,134.757,0.202050
82256ms,82256,135.132,0.201155
82288ms,82288,135.427,0.201793
82320ms,82320,135.525,0.202520
82367ms,82367,135.249,0.203813
82399ms,82399,135.230,0.203420
82463ms,82463,135.389,0.203584
82495ms,82495,135.394,0.203143
82528ms,82528,135.483,0.203074
82560ms,82560,135.359,0.203382
82592ms,82592,135.448,0.203343
82624ms,82624,135.483,0.203409
82656ms,82656,135.371,0.203202
82688ms,82688,135.382,0.203240
82735ms,82735,135.319,0.203529
82767ms,82767,134.857,0.201294
82799ms,82799,134.414,0.202346
82895ms,82895,133.464,0.202910
82928ms,82928,132.965,0.204848
82960ms,82960,133.013,0.202896
83056ms,83056,132.484,0.199993
83167ms,83167,132.555,0.203624
83199ms,83199,132.450,0.208392
83264ms,83264,132.545,0.207265
83295ms,83295,132.325,0.200732
83328ms,83328,132.560,0.201259
83359ms,83359,132.714,0.200104
83392ms,83392,132.946,0.198685
83424ms,83424,133.143,0.198827
83456ms,83456,133.058,0.199284
83503ms,83503,133.403,0.199053
83535ms,83535,133.579,0.200457
83567ms,83567,133.809,0.198460
83599ms,83599,134.127,0.199809
83632ms,83632,134.266,0.202593
83664ms,83664,134.452,0.199773
83696ms,83696,134.665,0.201248
83728ms,83728,135.110,0.203037
83760ms,83760,135.350,0.201641
83792ms,83792,135.379,0.201657
83824ms,83824,135.292,0.203723
83871ms,83871,135.312,0.203408
83903ms,83903,135.292,0.203381
83935ms,83935,135.321,0.204284
83967ms,83967,135.341,0.203826
83999ms,83999,135.254,0.203257
84031ms,84031,135.261,0.203106
84064ms,84064,135.263,0.203101
84096ms,84096,135.241,0.203659
84128ms,84128,135.364,0.203248
84160ms,84160,135.305,0.203496
84192ms,84192,135.491,0.201291
84224ms,84224,135.127,0.202527
84271ms,84271,134.631,0.200297
84303ms,84303,134.292,0.200003
84335ms,84335,133.874,0.202630
84367ms,84367,133.409,0.199858
84399ms,84399,133.050,0.203521
84432ms,84432,132.871,0.203429
84464ms,84464,132.917,0.209733
84528ms,84528,132.551,0.207562
84592ms,84592,132.291,0.204633
84671ms,84671,132.533,0.206663
84767ms,84767,132.529,0.202681
84800ms,84800,132.437,0.201619
84832ms,84832,132.600,0.203383
84864ms,84864,133.089,0.198538
84896ms,84896,133.036,0.199281
84928ms,84928,133.116,0.198756
84960ms,84960,133.366,0.201566
84992ms,84992,133.483,0.200676
85039ms,85039,133.718,0.202263
85071ms,85071,133.929,0.199247
85103ms,85103,134.133,0.201635
85135ms,85135,134.405,0.200149
85167ms,85167,134.587,0.200335
85200ms,85200,134.958,0.202627
85232ms,85232,135.289,0.201300
85264ms,85264,135.432,0.201949
85296ms,85296,135.458,0.203073
85328ms,85328,135.201,0.204044
85360ms,85360,135.295,0.203443
85407ms,85407,135.284,0.203355
85439ms,85439,135.329,0.203258
85471ms,85471,135.318,0.203415
85503ms,85503,135.391,0.203607
85535ms,85535,135.322,0.203626
85568ms,85568,135.382,0.204386
85600ms,85600,135.344,0.203465
85632ms,85632,135.322,0.203114
85664ms,85664,135.482,0.202857
85696ms,85696,135.184,0.202320
85728ms,85728,134.710,0.200881
85775ms,85775,134.398,0.202318
85807ms,85807,134.167,0.199472
85839ms,85839,133.639,0.201158
85871ms,85871,133.472,0.200861
85903ms,85903,133.189,0.206327
85967ms,85967,132.842,0.205917
86000ms,86000,132.585,0.215722
86032ms,86032,132.518,0.198885
86128ms,86128,132.508,0.205587
86175ms,86175,132.521,0.204195
86239ms,86239,132.571,0.206394
86271ms,86271,132.357,0.200502
86304ms,86304,132.727,0.200101
86336ms,86336,132.854,0.200237
86368ms,86368,132.830,0.201052
86400ms,86400,133.196,0.199051
86432ms,86432,133.160,0.198889
86464ms,86464,133.340,0.199270
86496ms,86496,133.626,0.200658
86543ms,86543,133.698,0.198669
86575ms,86575,134.087,0.200371
86607ms,86607,134.374,0.201552
86639ms,86639,134.519,0.200438
86672ms,86672,134.868,0.201999
86704ms,86704,135.164,0.203440
86736ms,86736,135.381,0.201295
86768ms,86768,135.423,0.202781
86800ms,86800,135.365,0.203586
86832ms,86832,135.268,0.203385
86864ms,86864,135.342,0.203356
86911ms,86911,135.359,0.203425
86943ms,86943,135.308,0.203401
86975ms,86975,135.284,0.203434
87007ms,87007,135.358,0.203298
87039ms,87039,135.292,0.203289
87072ms,87072,135.338,0.203566
87104ms,87104,135.296,0.203090
87136ms,87136,135.355,0.203421
87168ms,87168,135.452,0.202727
87200ms,87200,135.041,0.201684
87232ms,87232,134.633,0.200947
87311ms,87311,133.754,0.200892
87343ms,87343,133.709,0.200319
87375ms,87375,132.973,0.208604
87407ms,87407,133.092,0.203124
87439ms,87439,133.167,0.212536
87536ms,87536,132.433,0.201720
87600ms,87600,132.464,0.205428
87743ms,87743,132.533,0.204591
87775ms,87775,132.587,0.200821
87807ms,87807,132.605,0.204159
87839ms,87839,132.777,0.198869
87872ms,87872,132.941,0.198850
87903ms,87903,133.169,0.199141
87967ms,87967,133.464,0.200761
88000ms,88000,133.678,0.199975
88047ms,88047,134.004,0.199124
88079ms,88079,134.299,0.200468
88111ms,88111,134.472,0.199677
88143ms,88143,134.724,0.199472
88175ms,88175,134.882,0.201646
88239ms,88239,135.545,0.201967
88272ms,88272,135.564,0.202996
88304ms,88304,135.367,0.203519
88335ms,88335,135.416,0.202887
88368ms,88368,135.350,0.203031
88400ms,88400,135.422,0.203697
88447ms,88447,135.305,0.203808
88479ms,88479,135.460,0.203220
88511ms,88511,135.378,0.203476
88543ms,88543,135.489,0.203643
88575ms,88575,135.245,0.203638
88608ms,88608,135.444,0.203328
88640ms,88640,135.534,0.201851
88672ms,88672,135.206,0.204125
88735ms,88735,134.299,0.202427
88768ms,88768,133.969,0.199785
88815ms,88815,133.447,0.199963
88847ms,88847,133.418,0.202687
88879ms,88879,133.111,0.202169
88911ms,88911,132.910,0.202116
89072ms,89072,132.417,0.201933
89103ms,89103,132.386,0.206933
89215ms,89215,132.499,0.207903
89247ms,89247,132.541,0.199808
89279ms,89279,132.671,0.202075
89343ms,89343,132.858,0.198468
89375ms,89375,132.989,0.198831
89408ms,89408,133.229,0.199371
89440ms,89440,133.363,0.198796
89471ms,89471,133.485,0.202607
89504ms,89504,133.833,0.198283
89551ms,89551,134.099,0.200033
89583ms,89583,134.246,0.199963
89615ms,89615,134.489,0.200523
89647ms,89647,134.838,0.201780
89679ms,89679,135.266,0.201899
89712ms,89712,135.391,0.201894
89775ms,89775,135.331,0.204124
89807ms,89807,135.370,0.203437
89839ms,89839,135.285,0.203592
89872ms,89872,135.334,0.203449
89904ms,89904,135.324,0.203704
89951ms,89951,135.345,0.203718
89984ms,89984,135.405,0.204128
90015ms,90015,135.448,0.203238
90047ms,90047,135.290,0.203404
90079ms,90079,135.264,0.203864
90112ms,90112,135.399,0.203004
90144ms,90144,135.340,0.202015
90176ms,90176,135.102,0.202340
90208ms,90208,134.583,0.201863
90240ms,90240,134.302,0.200496
90272ms,90272,133.898,0.201633
90319ms,90319,133.326,0.199565
90351ms,90351,132.899,0.203475
90383ms,90383,133.092,0.201780
90415ms,90415,132.857,0.205342
90544ms,90544,132.383,0.203666
90608ms,90608,132.592,0.205032
90719ms,90719,132.548,0.204561
90751ms,90751,132.612,0.199999
90783ms,90783,132.702,0.203259
90815ms,90815,132.926,0.198547
90847ms,90847,133.066,0.198273
90879ms,90879,133.045,0.198413
90912ms,90912,133.484,0.199230
90944ms,90944,133.462,0.198856
90976ms,90976,133.591,0.198029
91008ms,91008,133.796,0.199506
91040ms,91040,134.270,0.200531
91087ms,91087,134.375,0.200287
91119ms,91119,134.580,0.200590
91151ms,91151,135.035,0.202626
91183ms,91183,135.330,0.201418
91215ms,91215,135.679,0.202332
91247ms,91247,135.471,0.204065
91279ms,91279,135.417,0.203281
91312ms,91312,135.320,0.203327
91375ms,91375,135.385,0.203462
91408ms,91408,135.330,0.203537
91440ms,91440,135.298,0.203480
91487ms,91487,135.412,0.204036
91519ms,91519,135.275,0.203206
91551ms,91551,135.432,0.203411
91583ms,91583,135.303,0.202695
91615ms,91615,135.532,0.202238
91647ms,91647,135.222,0.203820
91680ms,91680,134.646,0.200758
91711ms,91711,134.241,0.201727
91743ms,91743,133.962,0.200105
91776ms,91776,133.529,0.200112
91807ms,91807,133.577,0.202819
91855ms,91855,133.154,0.202564
91887ms,91887,133.130,0.201863
91919ms,91919,132.738,0.210562
91984ms,91984,132.454,0.205961
92048ms,92048,132.386,0.203099
92112ms,92112,132.328,0.203423
92175ms,92175,132.505,0.204158
92223ms,92223,132.476,0.202472
92255ms,92255,132.497,0.201662
92287ms,92287,132.698,0.202063
92319ms,92319,132.887,0.198691
92352ms,92352,133.019,0.198980
92384ms,92384,133.208,0.199554
92415ms,92415,133.368,0.198735
92448ms,92448,133.651,0.198961
92479ms,92479,133.940,0.198316
92512ms,92512,134.304,0.199790
92544ms,92544,134.258,0.201956
92591ms,92591,134.373,0.200672
92623ms,92623,134.914,0.202079
92655ms,92655,135.217,0.201652
92687ms,92687,135.530,0.202003
92720ms,92720,135.584,0.202399
92752ms,92752,135.356,0.203443
92784ms,92784,135.377,0.203341
92816ms,92816,135.279,0.203856
92847ms,92847,135.427,0.203425
92880ms,92880,135.419,0.203768
92912ms,92912,135.441,0.203255
92944ms,92944,135.463,0.203366
92991ms,92991,135.438,0.203347
93023ms,93023,135.385,0.203656
93055ms,93055,135.505,0.203764
93087ms,93087,135.447,0.203501
93120ms,93120,135.418,0.202166
93152ms,93152,135.041,0.202265
93184ms,93184,134.634,0.202008
93215ms,93215,134.105,0.199831
93247ms,93247,133.665,0.200709
93279ms,93279,133.370,0.199836
93312ms,93312,133.234,0.204546
93359ms,93359,133.049,0.202037
93391ms,93391,133.010,0.204301
93455ms,93455,132.592,0.204445
93487ms,93487,132.463,0.201866
93519ms,93519,132.387,0.204906
93679ms,93679,132.578,0.202159
93759ms,93759,132.712,0.202196
93791ms,93791,133.007,0.199452
93823ms,93823,133.232,0.197602
93855ms,93855,133.091,0.198304
93887ms,93887,133.327,0.200166
93919ms,93919,133.623,0.200279
93952ms,93952,133.690,0.200080
93983ms,93983,134.026,0.199721
94016ms,94016,134.021,0.201605
94048ms,94048,134.374,0.198686
94079ms,94079,134.604,0.200190
94127ms,94127,135.026,0.203530
94159ms,94159,135.309,0.201035
94191ms,94191,135.545,0.201297
94223ms,94223,135.400,0.203670
94255ms,94255,135.372,0.203479
94287ms,94287,135.341,0.203612
94319ms,94319,135.499,0.203545
94384ms,94384,135.396,0.203908
94416ms,94416,135.385,0.203789
94447ms,94447,135.277,0.203410
94495ms,94495,135.490,0.203606
94527ms,94527,135.372,0.203586
94559ms,94559,135.324,0.203590
94591ms,94591,135.452,0.201745
94624ms,94624,135.130,0.203541
94655ms,94655,134.737,0.200594
94687ms,94687,134.395,0.201145
94720ms,94720,133.883,0.199530
94752ms,94752,133.518,0.200774
94783ms,94783,133.296,0.203596
94816ms,94816,133.189,0.205576
94848ms,94848,132.873,0.201485
94927ms,94927,132.554,0.207357
94959ms,94959,132.498,0.204870
94992ms,94992,132.393,0.203378
95152ms,95152,132.481,0.205163
95184ms,95184,132.431,0.201089
95216ms,95216,132.736,0.200975
95263ms,95263,132.840,0.200931
95295ms,95295,132.879,0.198655
95327ms,95327,133.180,0.199321
95359ms,95359,133.100,0.198372
95392ms,95392,133.416,0.199413
95424ms,95424,133.610,0.199667
95456ms,95456,133.802,0.198938
95487ms,95487,134.082,0.201466
95520ms,95520,134.378,0.199646
95552ms,95552,134.582,0.199993
95584ms,95584,134.976,0.202354
95631ms,95631,135.331,0.201259
95663ms,95663,135.379,0.201299
95695ms,95695,135.505,0.202391
95727ms,95727,135.449,0.203233
95759ms,95759,135.517,0.203433
95791ms,95791,135.408,0.203698
95823ms,95823,135.350,0.203849
95856ms,95856,135.438,0.203566
95888ms,95888,135.493,0.203549
95919ms,95919,135.365,0.204076
95952ms,95952,135.448,0.204188
96031ms,96031,135.393,0.204220
96063ms,96063,135.508,0.203470
96095ms,96095,135.323,0.202346
96127ms,96127,134.798,0.200773
96159ms,96159,134.458,0.202140
96191ms,96191,134.161,0.199546
96224ms,96224,133.541,0.201537
96255ms,96255,133.587,0.202068
96287ms,96287,132.922,0.203510
96320ms,96320,133.103,0.201476
96352ms,96352,132.594,0.206220
96431ms,96431,132.462,0.202669
96463ms,96463,132.298,0.204202
96495ms,96495,132.242,0.205789
96560ms,96560,132.365,0.200865
96624ms,96624,132.560,0.207260
96655ms,96655,132.407,0.204063
96688ms,96688,132.549,0.200378
96720ms,96720,132.719,0.203783
96767ms,96767,133.019,0.199282
96799ms,96799,133.117,0.198554
96831ms,96831,132.983,0.198800
96863ms,96863,133.334,0.200462
96895ms,96895,133.478,0.200560
96927ms,96927,133.855,0.198994
96959ms,96959,133.999,0.199042
96992ms,96992,134.154,0.200901
97024ms,97024,134.346,0.200055
97055ms,97055,134.585,0.200586
97088ms,97088,134.963,0.202857
97119ms,97119,135.320,0.201282
97167ms,97167,135.575,0.201886
97199ms,97199,135.351,0.203637
97231ms,97231,135.465,0.203548
97264ms,97264,135.329,0.203297
97295ms,97295,135.434,0.203858
97359ms,97359,135.437,0.203497
97392ms,97392,135.511,0.203414
97423ms,97423,135.504,0.203961
97456ms,97456,135.445,0.203741
97488ms,97488,135.359,0.203429
97535ms,97535,135.350,0.203335
97567ms,97567,135.515,0.202008
97599ms,97599,135.308,0.202522
97631ms,97631,134.651,0.200384
97664ms,97664,134.387,0.200519
97695ms,97695,133.966,0.200811
97727ms,97727,133.708,0.200517
97760ms,97760,133.438,0.203337
97792ms,97792,133.026,0.204543
97823ms,97823,132.715,0.206556
97903ms,97903,132.605,0.206602
97935ms,97935,132.419,0.205738
97967ms,97967,132.296,0.203893
97999ms,97999,132.237,0.201709
98128ms,98128,132.416,0.203481
98159ms,98159,132.534,0.200616
98192ms,98192,132.515,0.204038
98224ms,98224,132.957,0.198773
98303ms,98303,133.024,0.198273
98367ms,98367,133.535,0.199030
98399ms,98399,133.645,0.197832
98431ms,98431,133.844,0.199165
98464ms,98464,134.159,0.200727
98495ms,98495,134.440,0.199748
98527ms,98527,134.481,0.200479
98560ms,98560,134.947,0.202153
98592ms,98592,135.321,0.201592
98623ms,98623,135.411,0.201583
98671ms,98671,135.445,0.203840
98703ms,98703,135.380,0.203773
98735ms,98735,135.472,0.204048
98767ms,98767,135.409,0.203399
98799ms,98799,135.371,0.203506
98832ms,98832,135.363,0.203297
98864ms,98864,135.370,0.203446
98896ms,98896,135.343,0.203629
98928ms,98928,135.348,0.204023
98960ms,98960,135.320,0.203706
98992ms,98992,135.350,0.203631
99039ms,99039,135.540,0.202026
99071ms,99071,135.096,0.202959
99103ms,99103,134.948,0.201215
99135ms,99135,134.192,0.202242
99167ms,99167,133.899,0.200289
99200ms,99200,133.590,0.201849
99232ms,99232,133.511,0.201745
99264ms,99264,132.984,0.202434
99296ms,99296,133.095,0.201280
99327ms,99327,132.796,0.205951
99439ms,99439,132.475,0.202451
99503ms,99503,132.397,0.203289
99535ms,99535,132.428,0.205966
99600ms,99600,132.451,0.205120
99632ms,99632,132.485,0.202346
99664ms,99664,132.657,0.202175
99696ms,99696,132.786,0.199498
99728ms,99728,132.889,0.198142
99760ms,99760,133.067,0.198260
99807ms,99807,133.166,0.199282
99839ms,99839,133.493,0.199851
99871ms,99871,133.630,0.200773
99903ms,99903,133.926,0.198895
99935ms,99935,134.048,0.200061
99967ms,99967,134.273,0.201628
99999ms,99999,134.418,0.199855
100032ms,100032,134.895,0.201962
100064ms,100064,135.080,0.202057
100095ms,100095,135.430,0.201220
100128ms,100128,135.523,0.201927
100160ms,100160,135.524,0.203583
100207ms,100207,135.398,0.203379
100239ms,100239,135.388,0.203620
100271ms,100271,135.320,0.203755
100303ms,100303,135.409,0.203507
100335ms,100335,135.303,0.204336
100367ms,100367,135.344,0.203494
100400ms,100400,135.443,0.203718
100432ms,100432,135.337,0.203474
100495ms,100495,135.302,0.204213
100528ms,100528,135.543,0.201882
100575ms,100575,135.207,0.202808
100607ms,100607,134.646,0.200196
100639ms,100639,134.370,0.200584
100671ms,100671,133.949,0.200745
100703ms,100703,133.471,0.200460
100735ms,100735,133.330,0.199459
100768ms,100768,133.006,0.204738
100800ms,100800,132.795,0.203687
100864ms,100864,132.599,0.212661
100896ms,100896,132.584,0.204861
100943ms,100943,132.231,0.207690
101039ms,101039,132.346,0.202308
101103ms,101103,132.490,0.205003
101135ms,101135,132.479,0.200608
101167ms,101167,132.662,0.203113
101199ms,101199,132.881,0.203306
101232ms,101232,133.057,0.198836
101264ms,101264,133.030,0.199642
101296ms,101296,133.179,0.198865
101343ms,101343,133.616,0.199946
101375ms,101375,133.570,0.198195
101407ms,101407,133.818,0.199838
101439ms,101439,134.091,0.201274
101471ms,101471,134.357,0.201560
101504ms,101504,134.636,0.200453
101536ms,101536,134.976,0.201838
101567ms,101567,135.419,0.201365
101600ms,101600,135.315,0.202354
101632ms,101632,135.441,0.202481
101664ms,101664,135.360,0.204457
101711ms,101711,135.387,0.203791
101743ms,101743,135.408,0.203851
101775ms,101775,135.235,0.203663
101807ms,101807,135.179,0.203485
101839ms,101839,135.256,0.203381
101871ms,101871,135.392,0.203373
101904ms,101904,135.385,0.204269
101935ms,101935,135.414,0.203320
101968ms,101968,135.333,0.203856
101999ms,101999,135.350,0.203383
102032ms,102032,135.254,0.202310
102079ms,102079,134.873,0.201363
102111ms,102111,134.404,0.203182
102143ms,102143,134.088,0.199328
102175ms,102175,133.562,0.201161
102207ms,102207,133.599,0.201145
102239ms,102239,133.053,0.204828
102272ms,102272,133.061,0.204288
102368ms,102368,132.515,0.201226
102432ms,102432,132.433,0.203857
102608ms,102608,132.498,0.202410
102640ms,102640,132.621,0.203353
102671ms,102671,132.611,0.200033
102703ms,102703,132.933,0.199197
102767ms,102767,133.170,0.199688
102847ms,102847,133.600,0.201123
102879ms,102879,133.874,0.198225
102911ms,102911,134.136,0.199617
102943ms,102943,134.299,0.201921
102975ms,102975,134.352,0.199705
103007ms,103007,134.756,0.201530
103039ms,103039,135.152,0.203150
103072ms,103072,135.359,0.201204
103103ms,103103,135.531,0.202038
103136ms,103136,135.354,0.203336
103168ms,103168,135.479,0.203375
103215ms,103215,135.323,0.203217
103247ms,103247,135.333,0.203285
103279ms,103279,135.399,0.203616
103311ms,103311,135.513,0.203310
103344ms,103344,135.500,0.203651
103376ms,103376,135.415,0.203339
103407ms,103407,135.436,0.203688
103440ms,103440,135.395,0.203931
103471ms,103471,135.351,0.203506
103504ms,103504,135.302,0.202341
103536ms,103536,135.103,0.202221
103568ms,103568,134.737,0.201032
103615ms,103615,134.347,0.200132
103647ms,103647,133.880,0.201532
103679ms,103679,133.415,0.199212
103711ms,103711,133.342,0.201411
103744ms,103744,132.951,0.205426
103775ms,103775,133.109,0.205930
103839ms,103839,132.819,0.208089
103904ms,103904,132.341,0.202514
103983ms,103983,132.405,0.206397
104079ms,104079,132.566,0.204310
104143ms,104143,132.526,0.204583
104175ms,104175,132.859,0.199594
104207ms,104207,132.994,0.198540
104239ms,104239,133.104,0.199163
104271ms,104271,133.393,0.198496
104304ms,104304,133.678,0.199240
104351ms,104351,133.551,0.199413
104383ms,104383,133.943,0.199356
104415ms,104415,134.044,0.202526
104447ms,104447,134.422,0.199515
104479ms,104479,134.508,0.200208
104512ms,104512,134.937,0.202913
104575ms,104575,135.457,0.201994
104608ms,104608,135.475,0.203408
104640ms,104640,135.394,0.204037
104671ms,104671,135.402,0.204169
104704ms,104704,135.398,0.203659
104751ms,104751,135.528,0.203676
104783ms,104783,135.365,0.204045
104815ms,104815,135.483,0.203421
104847ms,104847,135.460,0.203425
104879ms,104879,135.392,0.203474
104912ms,104912,135.447,0.203478
104944ms,104944,135.402,0.203579
104976ms,104976,135.512,0.202804
105008ms,105008,135.373,0.203127
105040ms,105040,134.789,0.201017
105072ms,105072,134.431,0.204453
105119ms,105119,134.015,0.200135
105151ms,105151,133.412,0.200340
105215ms,105215,133.200,0.203123
105248ms,105248,132.954,0.200598
105279ms,105279,132.748,0.210088
105343ms,105343,132.446,0.202416
105408ms,105408,132.181,0.201977
105440ms,105440,132.385,0.205175
105551ms,105551,132.481,0.204658
105583ms,105583,132.444,0.201563
105615ms,105615,132.739,0.201244
105647ms,105647,132.606,0.201176
105679ms,105679,132.782,0.199629
105712ms,105712,133.196,0.199633
105744ms,105744,133.201,0.198652
105776ms,105776,133.479,0.200729
105808ms,105808,133.589,0.199836
105840ms,105840,133.847,0.198703
105887ms,105887,134.068,0.199758
105919ms,105919,134.249,0.201903
105951ms,105951,134.498,0.199504
105983ms,105983,134.900,0.201807
106015ms,106015,135.050,0.202377
106047ms,106047,135.498,0.202045
106080ms,106080,135.570,0.202345
106112ms,106112,135.356,0.203764
106144ms,106144,135.403,0.203443
106176ms,106176,135.492,0.203426
106208ms,106208,135.476,0.203214
106255ms,106255,135.259,0.203191
106287ms,106287,135.324,0.203309
106319ms,106319,135.283,0.203574
106351ms,106351,135.292,0.203536
106383ms,106383,135.343,0.203406
106415ms,106415,135.340,0.203900
106447ms,106447,135.421,0.203739
106479ms,106479,135.235,0.201917
106512ms,106512,135.033,0.202208
106544ms,106544,134.550,0.200373
106576ms,106576,134.302,0.200344
106623ms,106623,133.779,0.202066
106655ms,106655,133.329,0.199791
106687ms,106687,133.121,0.204198
106719ms,106719,133.059,0.203091
106752ms,106752,132.895,0.205994
106816ms,106816,132.689,0.209276
106879ms,106879,132.315,0.200272
106943ms,106943,132.514,0.202947
107087ms,107087,132.471,0.201658
107119ms,107119,132.656,0.200954
107152ms,107152,132.918,0.200333
107184ms,107184,132.950,0.198943
107216ms,107216,133.084,0.198246
107248ms,107248,133.468,0.199547
107280ms,107280,133.538,0.200784
107311ms,107311,133.831,0.200011
107344ms,107344,134.108,0.199442
107391ms,107391,134.071,0.202088
107487ms,107487,135.140,0.202129
107520ms,107520,135.263,0.200677
107552ms,107552,135.537,0.201284
107584ms,107584,135.487,0.203222
107615ms,107615,135.409,0.203441
107648ms,107648,135.311,0.203517
107679ms,107679,135.390,0.203507
107712ms,107712,135.431,0.203320
107759ms,107759,135.418,0.203358
107791ms,107791,135.405,0.203243
107823ms,107823,135.360,0.203972
107887ms,107887,135.414,0.203555
107920ms,107920,135.392,0.204037
107952ms,107952,135.490,0.201776
107984ms,107984,135.278,0.202567
108015ms,108015,134.748,0.200488
108048ms,108048,134.446,0.201306
108080ms,108080,134.058,0.200785
108112ms,108112,133.480,0.200293
108159ms,108159,133.509,0.201080
108191ms,108191,133.155,0.201221
108223ms,108223,132.750,0.204186
108255ms,108255,132.852,0.209469
108319ms,108319,132.374,0.205859
108352ms,108352,132.355,0.202079
108384ms,108384,132.303,0.200296
108416ms,108416,132.569,0.201739
108448ms,108448,132.358,0.206820
108527ms,108527,132.531,0.209391
108591ms,108591,132.525,0.204014
108623ms,108623,132.803,0.202888
108655ms,108655,132.922,0.198839
108687ms,108687,133.155,0.197956
108720ms,108720,133.037,0.199359
108751ms,108751,133.275,0.200724
108784ms,108784,133.542,0.200074
108815ms,108815,133.805,0.198215
108848ms,108848,134.064,0.199589
108895ms,108895,134.153,0.201567
108927ms,108927,134.438,0.199378
108959ms,108959,134.802,0.201073
108991ms,108991,135.152,0.201332
109023ms,109023,135.199,0.201551
109055ms,109055,135.439,0.201671
109088ms,109088,135.351,0.203373
109151ms,109151,135.321,0.203647
109184ms,109184,135.354,0.204127
109216ms,109216,135.373,0.204124
109263ms,109263,135.450,0.204039
109295ms,109295,135.334,0.203674
109327ms,109327,135.307,0.203384
109359ms,109359,135.416,0.203263
109391ms,109391,135.455,0.203377
109423ms,109423,135.479,0.203205
109455ms,109455,135.423,0.201975
109488ms,109488,135.096,0.201715
109519ms,109519,134.552,0.201482
109552ms,109552,134.199,0.199975
109584ms,109584,133.749,0.200974
109616ms,109616,133.432,0.199433
109663ms,109663,133.164,0.204714
109695ms,109695,132.956,0.203328
109727ms,109727,132.981,0.205601
109791ms,109791,132.875,0.210187
109855ms,109855,132.420,0.206446
109920ms,109920,132.564,0.208462
110031ms,110031,132.610,0.207705
110063ms,110063,132.587,0.201384
110095ms,110095,132.608,0.202451
110127ms,110127,133.041,0.198719
110160ms,110160,133.138,0.198978
110192ms,110192,133.030,0.199071
110224ms,110224,133.091,0.199078
110255ms,110255,133.620,0.200965
110288ms,110288,133.660,0.198401
110320ms,110320,133.831,0.199502
110352ms,110352,134.142,0.201023
110384ms,110384,134.479,0.199360
110431ms,110431,134.607,0.200072
110463ms,110463,135.025,0.202519
110527ms,110527,135.540,0.201905
110559ms,110559,135.482,0.203226
110592ms,110592,135.513,0.202613
110624ms,110624,135.330,0.203845
110655ms,110655,135.423,0.203752
110688ms,110688,135.491,0.203643
110720ms,110720,135.552,0.203562
110752ms,110752,135.351,0.204424
110799ms,110799,135.386,0.203356
110831ms,110831,135.410,0.203139
110863ms,110863,135.455,0.203186
110895ms,110895,135.338,0.203143
110927ms,110927,135.377,0.202104
110959ms,110959,135.381,0.202710
110991ms,110991,134.696,0.200435
111024ms,111024,134.269,0.201840
111055ms,111055,133.984,0.200050
111120ms,111120,133.409,0.202368
111167ms,111167,133.311,0.205604
111199ms,111199,132.914,0.202920
111231ms,111231,132.724,0.212745
111263ms,111263,132.744,0.217029
111295ms,111295,132.403,0.208731
111328ms,111328,132.318,0.208591
111359ms,111359,132.423,0.203700
111488ms,111488,132.396,0.204044
111520ms,111520,132.479,0.200148
111567ms,111567,132.585,0.202322
111599ms,111599,132.942,0.198259
111631ms,111631,132.803,0.200275
111664ms,111664,133.140,0.198382
111696ms,111696,133.159,0.200243
111728ms,111728,133.402,0.199605
111760ms,111760,133.546,0.202224
111791ms,111791,133.912,0.198938
111824ms,111824,134.078,0.199892
111856ms,111856,134.260,0.202420
111888ms,111888,134.551,0.200840
111935ms,111935,134.804,0.200997
111967ms,111967,135.242,0.202357
111999ms,111999,135.389,0.201799
112032ms,112032,135.482,0.202462
112064ms,112064,135.402,0.204080
112095ms,112095,135.464,0.203869
112127ms,112127,135.494,0.203303
112160ms,112160,135.374,0.203647
112192ms,112192,135.463,0.203738
112224ms,112224,135.484,0.203757
112287ms,112287,135.451,0.203873
112335ms,112335,135.298,0.203487
112367ms,112367,135.330,0.203711
112399ms,112399,135.506,0.203109
112431ms,112431,135.324,0.201450
112463ms,112463,134.915,0.201618
112496ms,112496,134.470,0.202060
112528ms,112528,134.059,0.199640
112560ms,112560,133.794,0.202527
112592ms,112592,133.369,0.199836
112624ms,112624,133.121,0.201925
112656ms,112656,133.027,0.204533
112703ms,112703,132.942,0.204786
112767ms,112767,132.895,0.206408
112831ms,112831,132.398,0.203344
112896ms,112896,132.602,0.205880
112992ms,112992,132.488,0.204303
113024ms,113024,132.450,0.200690
113071ms,113071,132.571,0.202822
113103ms,113103,133.035,0.199066
113135ms,113135,133.173,0.198916
113167ms,113167,133.137,0.198099
113200ms,113200,133.323,0.198742
113232ms,113232,133.559,0.199954
113264ms,113264,133.567,0.198752
113296ms,113296,134.024,0.199463
113327ms,113327,134.107,0.201724
113360ms,113360,134.487,0.200621
113392ms,113392,134.607,0.200314
113424ms,113424,135.055,0.201534
113503ms,113503,135.491,0.201741
113535ms,113535,135.415,0.202849
113567ms,113567,135.430,0.203854
113599ms,113599,135.310,0.203557
113664ms,113664,135.251,0.204192
113695ms,113695,135.484,0.204954
113728ms,113728,135.375,0.203601
113760ms,113760,135.379,0.203598
113791ms,113791,135.409,0.204045
113839ms,113839,135.361,0.203871
113871ms,113871,135.364,0.203893
113903ms,113903,135.602,0.202422
113935ms,113935,135.236,0.203118
113967ms,113967,134.730,0.200729
113999ms,113999,134.284,0.201752
114032ms,114032,134.039,0.199828
114064ms,114064,133.516,0.200807
114095ms,114095,133.594,0.200904
114128ms,114128,133.145,0.202208
114160ms,114160,133.170,0.202447
114271ms,114271,132.411,0.204198
114303ms,114303,132.316,0.206553
114335ms,114335,132.343,0.207039
114367ms,114367,132.535,0.204807
114399ms,114399,132.401,0.206379
114463ms,114463,132.487,0.214696
114495ms,114495,132.381,0.205626
114527ms,114527,132.614,0.203532
114560ms,114560,132.768,0.203453
114607ms,114607,132.948,0.199199
114639ms,114639,133.086,0.198329
114671ms,114671,133.156,0.198954
114703ms,114703,133.393,0.199572
114735ms,114735,133.653,0.200225
114767ms,114767,133.884,0.198630
114800ms,114800,134.109,0.200251
114831ms,114831,134.351,0.201626
114864ms,114864,134.583,0.199918
114896ms,114896,134.813,0.201400
114928ms,114928,135.136,0.202684
114975ms,114975,135.388,0.202026
115007ms,115007,135.457,0.202038
115039ms,115039,135.424,0.203711
115071ms,115071,135.471,0.203449
115104ms,115104,135.298,0.203477
115167ms,115167,135.488,0.203136
115200ms,115200,135.460,0.203182
115232ms,115232,135.340,0.203528
115264ms,115264,135.450,0.203885
115296ms,115296,135.430,0.204167
115343ms,115343,135.376,0.204176
115375ms,115375,135.437,0.202845
115407ms,115407,135.232,0.201610
115439ms,115439,135.016,0.202313
115471ms,115471,134.538,0.203235
115504ms,115504,134.317,0.200657
115535ms,115535,133.976,0.202650
115568ms,115568,133.391,0.199303
115600ms,115600,133.145,0.204358
115632ms,115632,133.049,0.205818
115664ms,115664,132.910,0.205159
115743ms,115743,132.773,0.205443
115807ms,115807,132.229,0.202605
115871ms,115871,132.534,0.207207
115967ms,115967,132.606,0.202448
116000ms,116000,132.648,0.199666
116032ms,116032,132.564,0.206654
116032ms,116032,132.564,0.206654
116064ms,116064,133.088,0.199027
116064ms,116064,133.088,0.199027
116111ms,116111,133.278,0.199145
116175ms,116175,133.538,0.200108
116207ms,116207,133.656,0.199271
116240ms,116240,133.800,0.200793
116271ms,116271,133.957,0.199341
116304ms,116304,134.213,0.200787
116336ms,116336,134.481,0.199916
116367ms,116367,134.591,0.200540
116431ms,116431,135.266,0.201597
116479ms,116479,135.455,0.201878
116511ms,116511,135.463,0.203646
116543ms,116543,135.457,0.204148
116575ms,116575,135.617,0.203208
116607ms,116607,135.437,0.203775
116639ms,116639,135.311,0.203579
116671ms,116671,135.455,0.204565
116704ms,116704,135.533,0.204204
116735ms,116735,135.420,0.203813
116768ms,116768,135.384,0.203378
116800ms,116800,135.385,0.203400
116832ms,116832,135.387,0.203539
116879ms,116879,135.447,0.202350
116911ms,116911,135.098,0.203261
116943ms,116943,134.665,0.200684
116975ms,116975,134.334,0.202620
117007ms,117007,134.096,0.200643
117039ms,117039,133.608,0.201304
117072ms,117072,133.472,0.202678
117104ms,117104,132.873,0.204272
117135ms,117135,133.128,0.205453
117167ms,117167,132.574,0.214453
117247ms,117247,132.486,0.204775
117279ms,117279,132.371,0.199996
117311ms,117311,132.305,0.205845
117343ms,117343,132.421,0.202061
117440ms,117440,132.402,0.213808
117471ms,117471,132.407,0.205170
117504ms,117504,132.563,0.200398
117536ms,117536,132.666,0.201316
117568ms,117568,132.876,0.198737
117615ms,117615,133.093,0.198053
117647ms,117647,133.048,0.198943
117679ms,117679,133.454,0.199043
117711ms,117711,133.538,0.201377
117743ms,117743,133.881,0.198116
117775ms,117775,133.930,0.199159
117808ms,117808,134.272,0.201547
117871ms,117871,134.709,0.200612
117904ms,117904,135.224,0.202411
117935ms,117935,135.471,0.201121
117983ms,117983,135.482,0.202415
118015ms,118015,135.458,0.204904
118047ms,118047,135.441,0.203986
118079ms,118079,135.424,0.204019
118111ms,118111,135.449,0.203819
118143ms,118143,135.360,0.204309
118175ms,118175,135.494,0.203125
118207ms,118207,135.361,0.203621
118240ms,118240,135.294,0.203583
118272ms,118272,135.382,0.203525
118303ms,118303,135.359,0.203820
118336ms,118336,135.507,0.202606
118383ms,118383,135.276,0.203697
118415ms,118415,135.053,0.202255
118447ms,118447,134.543,0.201312
118479ms,118479,134.318,0.199898
118511ms,118511,133.766,0.203884
118544ms,118544,133.273,0.199693
118575ms,118575,133.239,0.205907
118607ms,118607,132.979,0.203432
118640ms,118640,132.978,0.206783
118703ms,118703,132.616,0.208689
118783ms,118783,132.324,0.204563
118879ms,118879,132.496,0.209987
118943ms,118943,132.488,0.202884
118975ms,118975,132.466,0.199959
119008ms,119008,132.530,0.203274
119040ms,119040,132.922,0.200851
119072ms,119072,133.149,0.199009
119104ms,119104,133.182,0.198839
119151ms,119151,133.196,0.199142
119183ms,119183,133.604,0.198792
119247ms,119247,133.913,0.199522
119279ms,119279,134.203,0.201261
119311ms,119311,134.407,0.199427
119344ms,119344,134.560,0.200689
119376ms,119376,134.943,0.203125
119408ms,119408,135.266,0.201236
119440ms,119440,135.348,0.202147
119472ms,119472,135.515,0.203361
119519ms,119519,135.450,0.203501
119551ms,119551,135.458,0.203606
119583ms,119583,135.429,0.203252
119615ms,119615,135.563,0.203265
119647ms,119647,135.413,0.204644
119680ms,119680,135.376,0.204110
119712ms,119712,135.518,0.203733
119744ms,119744,135.525,0.203127
119776ms,119776,135.366,0.203454
119808ms,119808,135.228,0.203624
119840ms,119840,135.512,0.202011
119872ms,119872,135.226,0.203005
119919ms,119919,134.728,0.200579
119951ms,119951,134.384,0.202000
119983ms,119983,133.801,0.199139
120015ms,120015,133.558,0.200501
120047ms,120047,133.250,0.201413
120079ms,120079,133.061,0.204476
120111ms,120111,132.748,0.205124
120208ms,120208,132.275,0.202709
120287ms,120287,132.367,0.207751
120319ms,120319,132.388,0.205353
120351ms,120351,132.478,0.208965
120415ms,120415,132.515,0.206640
120447ms,120447,132.663,0.201861
120479ms,120479,132.600,0.202730
120511ms,120511,132.686,0.199486
120543ms,120543,132.963,0.198578
120576ms,120576,133.189,0.198946
120608ms,120608,133.211,0.199755
120655ms,120655,133.347,0.200348
120687ms,120687,133.561,0.199645
120719ms,120719,133.913,0.198375
120751ms,120751,134.029,0.200381
120783ms,120783,134.207,0.201750
120815ms,120815,134.416,0.199885
120847ms,120847,134.722,0.200860
120879ms,120879,135.033,0.202335
120912ms,120912,135.447,0.201371
120944ms,120944,135.470,0.201670
120976ms,120976,135.460,0.204186
121008ms,121008,135.560,0.203550
121055ms,121055,135.446,0.204298
121087ms,121087,135.503,0.203917
121119ms,121119,135.321,0.203590
121151ms,121151,135.472,0.203356
121184ms,121184,135.409,0.203377
121215ms,121215,135.416,0.203736
121248ms,121248,135.324,0.203797
121280ms,121280,135.440,0.202831
121312ms,121312,135.375,0.203721
121344ms,121344,135.288,0.201717
121376ms,121376,134.879,0.201886
121423ms,121423,134.571,0.201268
121455ms,121455,134.248,0.200054
121487ms,121487,133.607,0.205354
121519ms,121519,133.426,0.199415
121552ms,121552,133.288,0.206384
121584ms,121584,133.090,0.203454
121615ms,121615,132.872,0.204819
121680ms,121680,132.776,0.203465
121744ms,121744,132.252,0.204042
121823ms,121823,132.533,0.201866
121919ms,121919,132.689,0.205218
121952ms,121952,132.532,0.200720
121984ms,121984,132.720,0.203368
122016ms,122016,132.946,0.198961
122048ms,122048,133.065,0.198547
122080ms,122080,133.164,0.199914
122112ms,122112,133.348,0.198992
122144ms,122144,133.643,0.198932
122191ms,122191,133.741,0.198883
122223ms,122223,133.961,0.200299
122255ms,122255,134.054,0.202322
122287ms,122287,134.397,0.199726
122319ms,122319,134.619,0.200821
122352ms,122352,135.014,0.201399
122384ms,122384,135.402,0.201248
122416ms,122416,135.493,0.201919
122448ms,122448,135.390,0.203307
122480ms,122480,135.537,0.203409
122512ms,122512,135.354,0.203785
122559ms,122559,135.310,0.204739
122591ms,122591,135.371,0.203607
122623ms,122623,135.423,0.204008
122655ms,122655,135.417,0.204053
122687ms,122687,135.398,0.203331
122719ms,122719,135.450,0.203608
122752ms,122752,135.556,0.203331
122784ms,122784,135.534,0.203247
122816ms,122816,135.532,0.202217
122848ms,122848,135.373,0.203201
122927ms,122927,134.352,0.201217
122959ms,122959,133.836,0.201074
122991ms,122991,133.502,0.201693
123023ms,123023,133.276,0.203679
123055ms,123055,133.115,0.203240
123087ms,123087,132.845,0.202622
123152ms,123152,132.764,0.212944
123184ms,123184,132.440,0.207281
123216ms,123216,132.405,0.205073
123327ms,123327,132.331,0.212498
123391ms,123391,132.366,0.206195
123424ms,123424,132.403,0.202777
123455ms,123455,132.580,0.200943
123488ms,123488,132.716,0.200265
123519ms,123519,133.047,0.198598
123552ms,123552,133.043,0.198879
123584ms,123584,133.187,0.199391
123615ms,123615,133.432,0.199508
123648ms,123648,133.707,0.201220
123695ms,123695,133.761,0.199427
123727ms,123727,134.036,0.200858
123759ms,123759,134.276,0.201828
123791ms,123791,134.569,0.200811
123824ms,123824,134.982,0.201858
123856ms,123856,135.217,0.201760
123888ms,123888,135.453,0.202353
123920ms,123920,135.353,0.202786
123951ms,123951,135.520,0.203519
123984ms,123984,135.441,0.204945
124016ms,124016,135.539,0.203514
124063ms,124063,135.455,0.203315
124095ms,124095,135.400,0.203700
124127ms,124127,135.535,0.203375
124159ms,124159,135.424,0.203369
124191ms,124191,135.548,0.203354
124255ms,124255,135.439,0.203778
124288ms,124288,135.456,0.204201
124320ms,124320,135.172,0.202569
124352ms,124352,135.006,0.201288
124384ms,124384,134.445,0.202312
124415ms,124415,134.098,0.200854
124463ms,124463,133.593,0.202237
124495ms,124495,133.663,0.201983
124527ms,124527,132.988,0.204172
124559ms,124559,133.075,0.202719
124591ms,124591,132.783,0.209413
124656ms,124656,132.355,0.202468
124688ms,124688,132.198,0.202677
124720ms,124720,132.446,0.204954
124895ms,124895,132.635,0.202544
124927ms,124927,132.580,0.201298
124959ms,124959,132.567,0.203084
124992ms,124992,133.078,0.198663
125024ms,125024,133.035,0.199492
125056ms,125056,133.121,0.198617
125088ms,125088,133.429,0.199231
125120ms,125120,133.546,0.200858
125152ms,125152,133.743,0.199151
125199ms,125199,133.779,0.199384
125231ms,125231,134.123,0.201394
125263ms,125263,134.334,0.199779
125295ms,125295,134.629,0.200542
125328ms,125328,135.042,0.201957
125391ms,125391,135.350,0.202194
125424ms,125424,135.454,0.203596
125456ms,125456,135.390,0.203297
125488ms,125488,135.482,0.203543
125520ms,125520,135.420,0.202652
125551ms,125551,135.527,0.203342
125599ms,125599,135.348,0.204302
125631ms,125631,135.397,0.203906
125663ms,125663,135.405,0.203792
125695ms,125695,135.405,0.203865
125728ms,125728,135.456,0.203433
125760ms,125760,135.461,0.203501
125792ms,125792,135.424,0.202862
125855ms,125855,134.569,0.200129
125888ms,125888,134.308,0.200852
125919ms,125919,133.813,0.200845
125967ms,125967,133.451,0.200622
125999ms,125999,133.287,0.201085
126031ms,126031,132.967,0.203747
126063ms,126063,132.696,0.203526
126127ms,126127,132.615,0.221339
126159ms,126159,132.446,0.204235
126191ms,126191,132.357,0.202802
126224ms,126224,132.383,0.202800
126288ms,126288,132.552,0.218154
126367ms,126367,132.507,0.210326
126399ms,126399,132.494,0.202492
126431ms,126431,132.668,0.201321
126463ms,126463,132.752,0.200020
126496ms,126496,132.953,0.198651
126527ms,126527,133.247,0.199850
126560ms,126560,133.141,0.200037
126592ms,126592,133.451,0.200312
126624ms,126624,133.685,0.199484
126656ms,126656,133.914,0.198956
126688ms,126688,133.990,0.201395
126735ms,126735,134.317,0.201671
126799ms,126799,134.809,0.201513
126831ms,126831,135.238,0.202405
126863ms,126863,135.648,0.201471
126895ms,126895,135.582,0.202521
126927ms,126927,135.416,0.203662
126960ms,126960,135.530,0.203835
126992ms,126992,135.428,0.203645
127024ms,127024,135.354,0.204266
127056ms,127056,135.471,0.203314
127103ms,127103,135.401,0.203266
127135ms,127135,135.418,0.203366
127167ms,127167,135.491,0.203508
127199ms,127199,135.350,0.203623
127231ms,127231,135.303,0.203963
127264ms,127264,135.390,0.203491
127295ms,127295,135.307,0.202139
127328ms,127328,134.884,0.201739
127359ms,127359,134.387,0.203979
127392ms,127392,134.078,0.199629
127424ms,127424,133.539,0.201422
127471ms,127471,133.509,0.203778
127503ms,127503,133.029,0.206138
127535ms,127535,132.914,0.204959
127567ms,127567,133.072,0.207838
127632ms,127632,132.805,0.207272
127664ms,127664,132.382,0.201299
127696ms,127696,132.261,0.209748
127760ms,127760,132.494,0.204375
127872ms,127872,132.598,0.202531
127903ms,127903,132.551,0.201855
127967ms,127967,132.940,0.198589
127999ms,127999,133.167,0.198521
128031ms,128031,133.067,0.198705
128063ms,128063,133.550,0.200049
128096ms,128096,133.521,0.203038
128128ms,128128,133.873,0.200043
128192ms,128192,134.177,0.201445
128239ms,128239,134.496,0.199734
128271ms,128271,134.677,0.200637
128303ms,128303,135.032,0.202752
128335ms,128335,135.454,0.201519
128367ms,128367,135.476,0.202355
128399ms,128399,135.531,0.203286
128432ms,128432,135.500,0.203615
128463ms,128463,135.317,0.203838
128496ms,128496,135.460,0.203748
128528ms,128528,135.399,0.203890
128560ms,128560,135.405,0.203901
128607ms,128607,135.421,0.203595
128639ms,128639,135.447,0.204651
128671ms,128671,135.617,0.203011
128703ms,128703,135.520,0.203589
128735ms,128735,135.579,0.203395
128767ms,128767,135.383,0.202208
128799ms,128799,135.096,0.202427
128832ms,128832,134.619,0.200961
128864ms,128864,134.268,0.201363
128895ms,128895,133.927,0.202166
128928ms,128928,133.479,0.199587
128960ms,128960,133.245,0.202851
129007ms,129007,133.076,0.202450
129039ms,129039,132.926,0.204614
129103ms,129103,132.752,0.210529
129136ms,129136,132.328,0.205140
129167ms,129167,132.289,0.203630
129199ms,129199,132.499,0.202037
129328ms,129328,132.469,0.202793
129375ms,129375,132.355,0.201793
129407ms,129407,132.654,0.201313
129439ms,129439,132.793,0.200337
129471ms,129471,132.870,0.199517
129503ms,129503,133.068,0.199163
129535ms,129535,133.180,0.198947
129567ms,129567,133.399,0.198999
129600ms,129600,133.636,0.199113
129632ms,129632,133.932,0.199300
129664ms,129664,134.234,0.200847
129696ms,129696,134.421,0.200586
129728ms,129728,134.619,0.200394
129775ms,129775,134.834,0.202111
129807ms,129807,135.334,0.201554
129839ms,129839,135.397,0.201737
129871ms,129871,135.505,0.203616
129903ms,129903,135.477,0.203794
129935ms,129935,135.480,0.203600
129967ms,129967,135.518,0.203640
129999ms,129999,135.445,0.203682
130032ms,130032,135.445,0.203537
130064ms,130064,135.573,0.203796
130096ms,130096,135.541,0.203196
130143ms,130143,135.399,0.204145
130175ms,130175,135.369,0.203733
130207ms,130207,135.403,0.203600
130239ms,130239,135.490,0.203663
130271ms,130271,135.334,0.202926
130335ms,130335,134.372,0.202260
130368ms,130368,134.079,0.199821
130400ms,130400,133.648,0.201674
130432ms,130432,133.606,0.201413
130464ms,130464,132.888,0.203065
130511ms,130511,132.853,0.203870
130543ms,130543,132.623,0.238359
130607ms,130607,132.444,0.200773
130671ms,130671,132.293,0.204136
130703ms,130703,132.363,0.200798
130736ms,130736,132.434,0.206674
130832ms,130832,132.633,0.202602
130864ms,130864,132.529,0.203059
130911ms,130911,132.674,0.200641
130943ms,130943,133.083,0.198715
130975ms,130975,132.965,0.198136
131007ms,131007,133.167,0.198885
131039ms,131039,133.495,0.199589
131071ms,131071,133.481,0.199182
131104ms,131104,133.834,0.198696
131135ms,131135,133.867,0.199444
131168ms,131168,134.190,0.201118
131200ms,131200,134.520,0.199669
131232ms,131232,134.704,0.200684
131311ms,131311,135.259,0.201602
131375ms,131375,135.459,0.204157
131407ms,131407,135.407,0.203222
131439ms,131439,135.436,0.203522
131472ms,131472,135.360,0.203932
131504ms,131504,135.449,0.204004
131536ms,131536,135.486,0.203909
131568ms,131568,135.509,0.203446
131600ms,131600,135.490,0.203448
131647ms,131647,135.471,0.203354
131679ms,131679,135.455,0.204176
131711ms,131711,135.422,0.203968
131743ms,131743,135.324,0.202170
131775ms,131775,135.170,0.204148
131807ms,131807,134.686,0.200596
131840ms,131840,134.171,0.201793
131871ms,131871,133.942,0.200434
131904ms,131904,133.605,0.200389
131936ms,131936,133.280,0.200159
131968ms,131968,133.181,0.204161
132000ms,132000,132.662,0.202622
132047ms,132047,132.640,0.213009
132079ms,132079,132.615,0.224985
132111ms,132111,132.341,0.208334
132143ms,132143,132.288,0.201713
132304ms,132304,132.428,0.204375
132336ms,132336,132.332,0.201325
132368ms,132368,132.653,0.202115
132415ms,132415,132.617,0.203641
132447ms,132447,132.910,0.198222
132479ms,132479,133.153,0.197893
132511ms,132511,133.039,0.199192
132543ms,132543,133.343,0.200192
132575ms,132575,133.532,0.201826
132607ms,132607,133.888,0.198622
132640ms,132640,133.958,0.199379
132672ms,132672,134.353,0.200877
132704ms,132704,134.367,0.199516
132736ms,132736,134.938,0.201581
132783ms,132783,135.185,0.201881
132815ms,132815,135.381,0.201520
132847ms,132847,135.523,0.202189
132879ms,132879,135.350,0.203990
132911ms,132911,135.424,0.203772
132944ms,132944,135.419,0.205431
132975ms,132975,135.384,0.203529
133008ms,133008,135.365,0.203294
133040ms,133040,135.339,0.203705
133072ms,133072,135.440,0.203914
133104ms,133104,135.443,0.203736
133136ms,133136,135.354,0.203431
133183ms,133183,135.416,0.204031
133215ms,133215,135.417,0.203864
133247ms,133247,135.465,0.201986
133280ms,133280,135.015,0.201704
133311ms,133311,134.485,0.200208
133344ms,133344,134.231,0.200481
133376ms,133376,133.843,0.203213
133408ms,133408,133.314,0.199227
133440ms,133440,133.218,0.202251
133503ms,133503,132.938,0.204924
133583ms,133583,132.712,0.211988
133615ms,133615,132.349,0.201415
133648ms,133648,132.295,0.206855
133711ms,133711,132.529,0.211839
133808ms,133808,132.554,0.204140
133840ms,133840,132.517,0.200916
133872ms,133872,132.588,0.202743
133919ms,133919,132.978,0.197529
133951ms,133951,133.116,0.200746
133983ms,133983,133.060,0.198982
134016ms,134016,133.245,0.202747
134047ms,134047,133.448,0.200956
134080ms,134080,133.693,0.199227
134112ms,134112,133.927,0.199676
134144ms,134144,134.107,0.200804
134175ms,134175,134.363,0.199298
134208ms,134208,134.687,0.200468
134240ms,134240,134.949,0.202130
134272ms,134272,135.246,0.201280
134319ms,134319,135.538,0.202659
134351ms,134351,135.446,0.203478
134383ms,134383,135.472,0.204200
134415ms,134415,135.475,0.203809
134448ms,134448,135.415,0.203792
134480ms,134480,135.388,0.203973
134512ms,134512,135.441,0.203733
134544ms,134544,135.395,0.203540
134576ms,134576,135.525,0.204549
134608ms,134608,135.395,0.203534
134640ms,134640,135.459,0.203669
134687ms,134687,135.496,0.203492
134719ms,134719,135.549,0.202414
134751ms,134751,135.195,0.202623
134783ms,134783,134.627,0.200461
134815ms,134815,134.416,0.200426
134847ms,134847,133.906,0.201271
134879ms,134879,133.530,0.200542
134912ms,134912,133.224,0.203654
134944ms,134944,132.941,0.204068
134976ms,134976,132.992,0.205238
135087ms,135087,132.563,0.203349
135119ms,135119,132.250,0.207782
135183ms,135183,132.399,0.211018
135279ms,135279,132.420,0.201108
135375ms,135375,133.002,0.199869
135408ms,135408,132.795,0.199290
135455ms,135455,133.239,0.198704
135487ms,135487,133.149,0.198868
135519ms,135519,133.505,0.199731
135551ms,135551,133.650,0.199197
135615ms,135615,134.218,0.201668
135648ms,135648,134.446,0.199731
135680ms,135680,134.617,0.200646
135712ms,135712,134.886,0.202901
135744ms,135744,135.281,0.201432
135776ms,135776,135.463,0.201788
135823ms,135823,135.465,0.202985
135855ms,135855,135.404,0.203722
135887ms,135887,135.356,0.203721
135919ms,135919,135.385,0.204305
135951ms,135951,135.425,0.203800
135983ms,135983,135.426,0.203195
136016ms,136016,135.408,0.203721
136048ms,136048,135.456,0.203359
136080ms,136080,135.437,0.203581
136112ms,136112,135.422,0.204043
136144ms,136144,135.442,0.203473
136191ms,136191,135.550,0.202016
136255ms,136255,134.682,0.200252
136287ms,136287,134.345,0.201362
136319ms,136319,133.938,0.200375
136351ms,136351,133.567,0.200348
136384ms,136384,133.196,0.201318
136416ms,136416,133.058,0.203078
136448ms,136448,132.802,0.204132
136544ms,136544,132.363,0.204579
136591ms,136591,132.251,0.203423
136655ms,136655,132.480,0.206096
136751ms,136751,132.479,0.207122
136784ms,136784,132.408,0.200072
136816ms,136816,132.567,0.200922
136848ms,136848,132.813,0.199533
136880ms,136880,132.785,0.198939
136912ms,136912,132.947,0.198836
136959ms,136959,133.160,0.198590
136991ms,136991,133.444,0.199246
137023ms,137023,133.576,0.199266
137055ms,137055,133.904,0.198165
137087ms,137087,134.164,0.200322
137119ms,137119,134.359,0.202722
137152ms,137152,134.443,0.199893
137184ms,137184,134.759,0.201285
137216ms,137216,135.196,0.202700
137248ms,137248,135.377,0.201464
137280ms,137280,135.454,0.202768
137327ms,137327,135.410,0.203217
137359ms,137359,135.430,0.203957
137423ms,137423,135.464,0.203371
137455ms,137455,135.384,0.204255
137487ms,137487,135.400,0.203839
137519ms,137519,135.350,0.203738
137552ms,137552,135.461,0.203045
137583ms,137583,135.379,0.203508
137616ms,137616,135.345,0.203508
137648ms,137648,135.416,0.203416
137680ms,137680,135.246,0.201692
137727ms,137727,134.895,0.201069
137759ms,137759,134.426,0.202870
137791ms,137791,134.088,0.200125
137823ms,137823,133.670,0.201447
137855ms,137855,133.466,0.200208
137888ms,137888,133.252,0.205096
137919ms,137919,132.878,0.203069
137952ms,137952,133.203,0.207959
138095ms,138095,132.260,0.205391
138159ms,138159,132.477,0.206118
138255ms,138255,132.518,0.206381
138288ms,138288,132.634,0.200103
138320ms,138320,132.812,0.200250
138351ms,138351,133.076,0.198872
138383ms,138383,133.057,0.197837
138416ms,138416,133.119,0.198278
138448ms,138448,133.248,0.201008
138495ms,138495,133.533,0.200228
138527ms,138527,133.725,0.198515
138559ms,138559,133.860,0.199141
138591ms,138591,134.089,0.202552
138624ms,138624,134.371,0.200269
138655ms,138655,134.656,0.200615
138688ms,138688,135.092,0.202634
138719ms,138719,135.237,0.201368
138751ms,138751,135.395,0.202137
138784ms,138784,135.386,0.204090
138816ms,138816,135.459,0.203719
138863ms,138863,135.463,0.203766
138895ms,138895,135.417,0.203646
138927ms,138927,135.394,0.203175
138959ms,138959,135.488,0.204014
138992ms,138992,135.537,0.203626
139024ms,139024,135.363,0.203020
139056ms,139056,135.401,0.203402
139088ms,139088,135.359,0.203386
139120ms,139120,135.448,0.203715
139152ms,139152,135.410,0.202410
139184ms,139184,135.140,0.202195
139231ms,139231,134.616,0.200361
139263ms,139263,134.183,0.201278
139295ms,139295,133.942,0.200017
139327ms,139327,133.595,0.201133
139359ms,139359,133.250,0.202896
139392ms,139392,132.980,0.205046
139424ms,139424,132.729,0.204623
139520ms,139520,132.483,0.207739
139552ms,139552,132.292,0.208714
139631ms,139631,132.321,0.205977
139663ms,139663,132.260,0.208400
139727ms,139727,132.413,0.202327
139759ms,139759,132.432,0.200599
139791ms,139791,132.598,0.204510
139824ms,139824,132.737,0.198639
139856ms,139856,132.980,0.199762
139888ms,139888,133.161,0.199066
139919ms,139919,133.259,0.198884
139952ms,139952,133.416,0.199124
139999ms,139999,133.593,0.198618
140031ms,140031,133.978,0.198957
140063ms,140063,134.081,0.200686
140095ms,140095,134.286,0.203192
140127ms,140127,134.499,0.200857
140191ms,140191,135.114,0.201352
140224ms,140224,135.285,0.201810
140256ms,140256,135.526,0.203592
140288ms,140288,135.375,0.203464
140319ms,140319,135.393,0.203667
140367ms,140367,135.366,0.202899
140399ms,140399,135.359,0.203077
140431ms,140431,135.277,0.203429
140463ms,140463,135.379,0.203448
140495ms,140495,135.342,0.203199
140528ms,140528,135.293,0.203424
140560ms,140560,135.346,0.203278
140592ms,140592,135.349,0.203972
140624ms,140624,135.450,0.202659
140656ms,140656,135.368,0.202171
140688ms,140688,134.930,0.201032
140720ms,140720,134.492,0.202554
140767ms,140767,134.035,0.199687
140799ms,140799,133.600,0.201942
140831ms,140831,133.524,0.200550
140863ms,140863,133.218,0.204369
140895ms,140895,132.951,0.201820
140927ms,140927,133.014,0.199939
140992ms,140992,132.664,0.202067
141024ms,141024,132.452,0.204025
141056ms,141056,132.262,0.206585
141135ms,141135,132.500,0.207990
141199ms,141199,132.638,0.221285
141231ms,141231,132.536,0.202056
141263ms,141263,132.483,0.202886
141295ms,141295,132.432,0.204549
141328ms,141328,133.028,0.198978
141360ms,141360,133.052,0.198508
141392ms,141392,133.138,0.198751
141423ms,141423,133.304,0.200143
141456ms,141456,133.579,0.199414
141535ms,141535,133.991,0.199007
141567ms,141567,134.075,0.200919
141599ms,141599,134.426,0.200242
141631ms,141631,134.659,0.200794
141664ms,141664,134.985,0.203104
141695ms,141695,135.375,0.201709
141728ms,141728,135.472,0.202209
141760ms,141760,135.423,0.204099
141792ms,141792,135.493,0.203536
141824ms,141824,135.395,0.203918
141856ms,141856,135.368,0.203688
141903ms,141903,135.438,0.203388
141935ms,141935,135.522,0.203738
141967ms,141967,135.463,0.203779
141999ms,141999,135.450,0.203730
142032ms,142032,135.302,0.203363
142064ms,142064,135.361,0.203116
142096ms,142096,135.414,0.202979
142127ms,142127,135.438,0.201860
142159ms,142159,135.150,0.203176
142191ms,142191,134.674,0.200193
142224ms,142224,134.472,0.201495
142271ms,142271,133.879,0.200247
142303ms,142303,133.632,0.200614
142335ms,142335,133.356,0.203361
142367ms,142367,133.029,0.202830
142399ms,142399,132.913,0.203297
142496ms,142496,132.292,0.205859
142528ms,142528,132.309,0.205109
142559ms,142559,132.368,0.203750
142592ms,142592,132.411,0.206836
142703ms,142703,132.335,0.203954
142735ms,142735,132.509,0.201506
142767ms,142767,132.595,0.202812
142799ms,142799,132.738,0.198854
142832ms,142832,132.978,0.198431
142863ms,142863,133.071,0.199561
142896ms,142896,133.164,0.198857
142928ms,142928,133.272,0.198696
142991ms,142991,133.695,0.198957
143039ms,143039,134.159,0.200622
143071ms,143071,134.335,0.201918
143103ms,143103,134.638,0.200538
143135ms,143135,134.874,0.202369
143167ms,143167,135.155,0.201991
143199ms,143199,135.575,0.201280
143231ms,143231,135.495,0.203409
143264ms,143264,135.485,0.202950
143296ms,143296,135.463,0.203505
143328ms,143328,135.479,0.203948
143360ms,143360,135.372,0.203559
143407ms,143407,135.448,0.203365
143439ms,143439,135.396,0.203147
143471ms,143471,135.409,0.203551
143503ms,143503,135.567,0.203456
143535ms,143535,135.425,0.203144
143567ms,143567,135.400,0.203344
143631ms,143631,135.310,0.203285
143664ms,143664,134.820,0.200861
143695ms,143695,134.429,0.202767
143728ms,143728,134.109,0.200149
143775ms,143775,133.628,0.201052
143807ms,143807,133.565,0.202316
143839ms,143839,133.013,0.205808
143871ms,143871,133.020,0.202765
143903ms,143903,132.848,0.209820
143967ms,143967,132.692,0.199007
144000ms,144000,132.225,0.202687
144032ms,144032,132.232,0.205746
144175ms,144175,132.499,0.213268
144207ms,144207,132.419,0.204053
144239ms,144239,132.561,0.205263
144271ms,144271,132.490,0.201289
144303ms,144303,132.959,0.199813
144335ms,144335,133.117,0.198536
144368ms,144368,133.081,0.199035
144399ms,144399,133.345,0.199215
144431ms,144431,133.564,0.199748
144464ms,144464,133.763,0.199881
144495ms,144495,133.962,0.199199
144543ms,144543,134.210,0.202117
144575ms,144575,134.354,0.199601
144607ms,144607,134.731,0.200836
144639ms,144639,135.276,0.203891
144671ms,144671,135.238,0.201381
144703ms,144703,135.543,0.201792
144735ms,144735,135.439,0.204220
144767ms,144767,135.335,0.204157
144800ms,144800,135.389,0.204198
144832ms,144832,135.433,0.203805
144864ms,144864,135.399,0.203608
144896ms,144896,135.481,0.203686
144943ms,144943,135.430,0.203661
144975ms,144975,135.419,0.203708
145007ms,145007,135.316,0.203523
145039ms,145039,135.391,0.203688
145071ms,145071,135.367,0.203939
145103ms,145103,135.512,0.202175
145135ms,145135,135.085,0.202552
145199ms,145199,134.445,0.201255
145232ms,145232,133.799,0.202420
145264ms,145264,133.484,0.200003
145311ms,145311,133.265,0.199974
145343ms,145343,132.975,0.203493
145375ms,145375,132.971,0.204962
145440ms,145440,132.717,0.206551
145472ms,145472,132.377,0.202071
145504ms,145504,132.465,0.201182
145536ms,145536,132.367,0.203934
145568ms,145568,132.365,0.204456
145600ms,145600,132.528,0.204672
145679ms,145679,132.556,0.205008
145711ms,145711,132.555,0.199707
145743ms,145743,132.628,0.200913
145775ms,145775,132.943,0.199521
145807ms,145807,133.002,0.199439
145839ms,145839,133.171,0.199438
145871ms,145871,133.154,0.198906
145903ms,145903,133.414,0.199692
145936ms,145936,133.690,0.198890
145968ms,145968,133.849,0.199337
146000ms,146000,134.026,0.200435
146032ms,146032,134.271,0.201545
146079ms,146079,134.560,0.200053
146111ms,146111,134.929,0.201649
146143ms,146143,135.355,0.201653
146207ms,146207,135.470,0.202317
146271ms,146271,135.271,0.203589
146304ms,146304,135.377,0.203888
146335ms,146335,135.496,0.203540
146368ms,146368,135.359,0.203446
146400ms,146400,135.462,0.204052
146447ms,146447,135.409,0.204231
146479ms,146479,135.403,0.203943
146511ms,146511,135.453,0.203824
146544ms,146544,135.521,0.203576
146575ms,146575,135.400,0.203863
146607ms,146607,135.354,0.202374
146639ms,146639,135.209,0.202226
146672ms,146672,134.640,0.201278
146704ms,146704,134.283,0.200288
146736ms,146736,133.990,0.205388
146768ms,146768,133.606,0.200382
146815ms,146815,133.194,0.204637
146847ms,146847,132.932,0.203919
146879ms,146879,132.895,0.203804
147008ms,147008,132.404,0.203341
147072ms,147072,132.448,0.205949
147183ms,147183,132.438,0.207180
147215ms,147215,132.530,0.201891
147247ms,147247,132.653,0.204386
147279ms,147279,132.635,0.200044
147311ms,147311,132.906,0.199726
147344ms,147344,133.127,0.198349
147376ms,147376,133.188,0.198968
147407ms,147407,133.497,0.199764
147439ms,147439,133.575,0.199998
147472ms,147472,133.860,0.198321
147504ms,147504,133.922,0.199891
147536ms,147536,134.257,0.202248
147583ms,147583,134.576,0.201633
147615ms,147615,134.689,0.200754
147647ms,147647,135.058,0.203179
147679ms,147679,135.423,0.201424
147712ms,147712,135.483,0.202128
147744ms,147744,135.527,0.203290
147776ms,147776,135.424,0.205138
147807ms,147807,135.393,0.204523
147840ms,147840,135.487,0.203758
147872ms,147872,135.319,0.203820
147904ms,147904,135.397,0.204952
147951ms,147951,135.502,0.203461
147983ms,147983,135.424,0.203233
148015ms,148015,135.434,0.203506
148047ms,148047,135.341,0.203953
148079ms,148079,135.275,0.203821
148111ms,148111,135.471,0.203182
148143ms,148143,135.225,0.203399
148176ms,148176,134.734,0.200924
148208ms,148208,134.418,0.202252
148240ms,148240,134.089,0.201149
148272ms,148272,133.554,0.200178
148304ms,148304,133.490,0.201170
148351ms,148351,133.070,0.201979
148383ms,148383,133.043,0.200077
148479ms,148479,132.500,0.205566
148608ms,148608,132.461,0.210946
148719ms,148719,132.588,0.200503
148751ms,148751,132.450,0.200718
148783ms,148783,132.564,0.202974
148815ms,148815,132.955,0.200549
148847ms,148847,133.056,0.198400
148880ms,148880,133.089,0.198552
148911ms,148911,133.203,0.200198
148944ms,148944,133.585,0.198267
148976ms,148976,133.672,0.198390
149008ms,149008,134.006,0.199231
149040ms,149040,134.170,0.200962
149087ms,149087,134.513,0.200397
149119ms,149119,134.578,0.200473
149151ms,149151,135.009,0.203003
149183ms,149183,135.421,0.201414
149215ms,149215,135.418,0.201442
149247ms,149247,135.504,0.203472
149279ms,149279,135.341,0.203328
149312ms,149312,135.468,0.203896
149344ms,149344,135.465,0.203518
149375ms,149375,135.516,0.203354
149408ms,149408,135.349,0.203622
149440ms,149440,135.465,0.203199
149487ms,149487,135.475,0.203485
149519ms,149519,135.417,0.203597
149551ms,149551,135.378,0.203663
149583ms,149583,135.462,0.203991
149615ms,149615,135.599,0.203620
149648ms,149648,135.320,0.203614
149679ms,149679,134.830,0.201279
149712ms,149712,134.394,0.203470
149743ms,149743,134.083,0.200483
149776ms,149776,133.649,0.201489
149808ms,149808,133.604,0.201020
149855ms,149855,132.939,0.203285
149887ms,149887,132.901,0.202730
149919ms,149919,133.051,0.207588
149983ms,149983,132.809,0.200808
150015ms,150015,132.396,0.206992
150048ms,150048,132.527,0.207037
150112ms,150112,132.628,0.203007
150223ms,150223,132.518,0.205243
150255ms,150255,132.572,0.201931
150287ms,150287,132.672,0.204311
150319ms,150319,133.097,0.199251
150351ms,150351,132.993,0.198610
150415ms,150415,133.117,0.200312
150448ms,150448,133.605,0.199254
150480ms,150480,133.531,0.198225
150512ms,150512,133.925,0.199537
150544ms,150544,134.246,0.200428
150576ms,150576,134.522,0.199263
150623ms,150623,134.553,0.200932
150655ms,150655,135.009,0.202601
150687ms,150687,135.224,0.201190
150719ms,150719,135.483,0.201257
150751ms,150751,135.441,0.203013
150784ms,150784,135.459,0.203565
150815ms,150815,135.575,0.203423
150848ms,150848,135.514,0.203447
150880ms,150880,135.359,0.203664
150912ms,150912,135.414,0.203632
150944ms,150944,135.432,0.203137
150991ms,150991,135.382,0.203430
151023ms,151023,135.463,0.203124
151056ms,151056,135.470,0.203592
151087ms,151087,135.569,0.203642
151119ms,151119,135.511,0.202671
151151ms,151151,135.126,0.203148
151184ms,151184,134.744,0.201160
151216ms,151216,134.360,0.202526
151248ms,151248,133.977,0.200580
151279ms,151279,133.596,0.201665
151312ms,151312,133.551,0.201636
151359ms,151359,132.983,0.204045
151391ms,151391,132.878,0.201657
151423ms,151423,133.050,0.205357
151487ms,151487,132.410,0.202079
151520ms,151520,132.315,0.201097
151551ms,151551,132.121,0.205543
151616ms,151616,132.437,0.203990
151712ms,151712,132.554,0.203693
151759ms,151759,132.587,0.202397
151791ms,151791,132.661,0.201920
151823ms,151823,133.037,0.199198
151887ms,151887,133.033,0.198263
151920ms,151920,133.403,0.200110
151952ms,151952,133.530,0.199913
151984ms,151984,133.693,0.199459
152015ms,152015,133.858,0.199171
152048ms,152048,134.020,0.202300
152079ms,152079,134.454,0.199266
152127ms,152127,134.623,0.200628
152159ms,152159,134.999,0.202084
152191ms,152191,135.171,0.201219
152223ms,152223,135.424,0.202089
152255ms,152255,135.306,0.203507
152288ms,152288,135.423,0.203402
152320ms,152320,135.327,0.203615
152352ms,152352,135.456,0.203855
152384ms,152384,135.427,0.203773
152415ms,152415,135.449,0.203600
152448ms,152448,135.451,0.203627
152479ms,152479,135.471,0.203689
152527ms,152527,135.511,0.203094
152559ms,152559,135.449,0.203676
152591ms,152591,135.563,0.203484
152623ms,152623,135.524,0.202423
152655ms,152655,135.314,0.202605
152687ms,152687,134.647,0.200519
152720ms,152720,134.396,0.201831
152752ms,152752,134.031,0.200207
152783ms,152783,133.505,0.200789
152816ms,152816,133.445,0.202124
152847ms,152847,132.956,0.204963
152895ms,152895,132.790,0.201191
152927ms,152927,132.722,0.210015
152991ms,152991,132.482,0.202674
153055ms,153055,132.289,0.207914
153216ms,153216,132.622,0.203746
153263ms,153263,132.655,0.200323
153327ms,153327,132.869,0.199742
153359ms,153359,133.115,0.198566
153391ms,153391,132.968,0.198981
153424ms,153424,133.443,0.200217
153455ms,153455,133.706,0.199406
153488ms,153488,133.853,0.199489
153520ms,153520,134.007,0.199134
153552ms,153552,134.215,0.201240
153584ms,153584,134.555,0.199498
153616ms,153616,134.687,0.200533
153663ms,153663,134.960,0.203264
153695ms,153695,135.399,0.201349
153727ms,153727,135.488,0.201605
153791ms,153791,135.424,0.203519
153855ms,153855,135.399,0.203668
153888ms,153888,135.444,0.203592
153920ms,153920,135.490,0.203432
153952ms,153952,135.363,0.203366
153984ms,153984,135.417,0.203590
154031ms,154031,135.471,0.203440
154063ms,154063,135.311,0.203764
154095ms,154095,135.449,0.203625
154127ms,154127,135.447,0.201893
154159ms,154159,135.077,0.203260
154191ms,154191,134.779,0.200433
154224ms,154224,134.347,0.201067
154256ms,154256,133.831,0.199867
154287ms,154287,133.603,0.201210
154320ms,154320,133.408,0.202505
154352ms,154352,133.154,0.201810
154399ms,154399,132.854,0.202987
154431ms,154431,132.675,0.205824
154495ms,154495,132.456,0.216238
154527ms,154527,132.386,0.204207
154559ms,154559,132.362,0.205217
154592ms,154592,132.299,0.205919
154624ms,154624,132.235,0.204525
154767ms,154767,132.539,0.201518
154799ms,154799,132.821,0.202203
154831ms,154831,132.921,0.199133
154863ms,154863,133.104,0.197934
154895ms,154895,133.108,0.199362
154927ms,154927,133.475,0.199672
154959ms,154959,133.575,0.198351
154992ms,154992,133.750,0.198762
155024ms,155024,134.056,0.200291
155056ms,155056,134.232,0.203474
155087ms,155087,134.499,0.200322
155120ms,155120,134.883,0.201614
155167ms,155167,135.363,0.201453
155199ms,155199,135.310,0.201597
155231ms,155231,135.554,0.202506
155263ms,155263,135.366,0.203014
155295ms,155295,135.433,0.203685
155327ms,155327,135.465,0.204335
155360ms,155360,135.454,0.203212
155392ms,155392,135.479,0.203485
155423ms,155423,135.483,0.203747
155456ms,155456,135.407,0.203157
155488ms,155488,135.427,0.203744
155535ms,155535,135.368,0.203347
155567ms,155567,135.448,0.203373
155599ms,155599,135.475,0.203982
155631ms,155631,135.435,0.203267
155663ms,155663,135.145,0.203133
155695ms,155695,134.640,0.200712
155728ms,155728,134.273,0.200240
155760ms,155760,133.802,0.202519
155792ms,155792,133.430,0.199727
155824ms,155824,133.090,0.201383
155856ms,155856,133.068,0.203506
155888ms,155888,132.860,0.206852
156031ms,156031,132.509,0.202147
156095ms,156095,132.558,0.206506
156224ms,156224,132.483,0.201661
156256ms,156256,132.749,0.200590
156303ms,156303,132.974,0.199215
156335ms,156335,133.072,0.198547
156367ms,156367,132.983,0.201070
156399ms,156399,133.111,0.199043
156431ms,156431,133.461,0.199265
156464ms,156464,133.589,0.199406
156495ms,156495,133.974,0.199308
156528ms,156528,134.151,0.200282
156560ms,156560,134.203,0.202400
156592ms,156592,134.446,0.200634
156624ms,156624,134.695,0.201462
156671ms,156671,135.196,0.202953
156703ms,156703,135.621,0.201657
156735ms,156735,135.501,0.202896
156767ms,156767,135.491,0.202995
156799ms,156799,135.451,0.203208
156831ms,156831,135.470,0.203320
156863ms,156863,135.416,0.204035
156895ms,156895,135.531,0.203164
156928ms,156928,135.505,0.203268
156960ms,156960,135.463,0.203047
156992ms,156992,135.498,0.203351
157024ms,157024,135.520,0.203144
157071ms,157071,135.439,0.203349
157103ms,157103,135.473,0.203620
157135ms,157135,135.266,0.202812
157167ms,157167,134.945,0.201762
157199ms,157199,134.495,0.203168
157232ms,157232,134.000,0.199499
157263ms,157263,133.605,0.200914
157296ms,157296,133.469,0.199188
157328ms,157328,133.254,0.203234
157360ms,157360,132.866,0.203000
157392ms,157392,132.957,0.204981
157471ms,157471,132.754,0.204471
157535ms,157535,132.226,0.208070
157695ms,157695,132.540,0.203444
157728ms,157728,132.444,0.201806
157760ms,157760,132.575,0.204723
157807ms,157807,132.982,0.199520
157839ms,157839,133.073,0.200463
157871ms,157871,132.998,0.198391
157903ms,157903,133.094,0.199526
157935ms,157935,133.565,0.199278
157967ms,157967,133.680,0.198102
157999ms,157999,133.947,0.199540
158031ms,158031,134.191,0.200923
158064ms,158064,134.240,0.199724
158096ms,158096,134.671,0.200189
158128ms,158128,134.910,0.202569
158159ms,158159,135.278,0.201760
158207ms,158207,135.498,0.202112
158239ms,158239,135.422,0.203485
158271ms,158271,135.420,0.202796
158303ms,158303,135.417,0.203664
158335ms,158335,135.440,0.204214
158367ms,158367,135.442,0.203806
158399ms,158399,135.444,0.203461
158431ms,158431,135.607,0.203199
158464ms,158464,135.522,0.203709
158496ms,158496,135.524,0.203352
158527ms,158527,135.492,0.203361
158575ms,158575,135.512,0.203155
158607ms,158607,135.520,0.202701
158639ms,158639,135.276,0.203288
158671ms,158671,134.747,0.200806
158704ms,158704,134.360,0.201875
158735ms,158735,134.072,0.200195
158767ms,158767,133.460,0.200816
158800ms,158800,133.435,0.200765
158832ms,158832,133.165,0.204127
158864ms,158864,132.888,0.201308
158895ms,158895,132.812,0.205753
159007ms,159007,132.280,0.202502
159071ms,159071,132.487,0.205843
159200ms,159200,132.501,0.201477
159232ms,159232,132.662,0.202486
159295ms,159295,132.933,0.198968
159344ms,159344,133.125,0.198506
159375ms,159375,133.029,0.198717
159407ms,159407,133.461,0.199577
159439ms,159439,133.622,0.198943
159472ms,159472,133.876,0.198506
159503ms,159503,133.867,0.199373
159535ms,159535,134.191,0.202280
159567ms,159567,134.292,0.200046
159600ms,159600,134.698,0.201214
159632ms,159632,135.081,0.201614
159664ms,159664,135.394,0.201452
159711ms,159711,135.472,0.202643
159743ms,159743,135.596,0.203108
159775ms,159775,135.527,0.203045
159807ms,159807,135.490,0.203447
159839ms,159839,135.599,0.203236
159871ms,159871,135.467,0.203419
159903ms,159903,135.504,0.203233
159936ms,159936,135.391,0.203257
159968ms,159968,135.521,0.203582
160000ms,160000,135.446,0.203349
160032ms,160032,135.430,0.203337
160079ms,160079,135.463,0.203245
160111ms,160111,135.388,0.202341
160143ms,160143,135.226,0.203075
160175ms,160175,134.687,0.200221
160207ms,160207,134.323,0.200809
160239ms,160239,134.011,0.204458
160272ms,160272,133.421,0.199115
160304ms,160304,133.118,0.201835
160336ms,160336,132.902,0.202512
160368ms,160368,132.885,0.205054
160432ms,160432,132.624,0.209268
160511ms,160511,132.465,0.201899
160543ms,160543,132.408,0.204742
160672ms,160672,132.488,0.207022
160704ms,160704,132.426,0.199500
160736ms,160736,132.583,0.201366
160768ms,160768,132.867,0.199428
160799ms,160799,132.965,0.198121
160847ms,160847,133.165,0.199323
160879ms,160879,133.319,0.199822
160911ms,160911,133.539,0.200948
160943ms,160943,133.556,0.199251
160975ms,160975,133.867,0.198496
161007ms,161007,134.237,0.200938
161040ms,161040,134.322,0.202273
161072ms,161072,134.554,0.200367
161104ms,161104,134.884,0.201436
161136ms,161136,135.185,0.201829
161168ms,161168,135.443,0.201872
161199ms,161199,135.515,0.201887
161247ms,161247,135.591,0.203337
161279ms,161279,135.547,0.203753
161311ms,161311,135.618,0.203193
161344ms,161344,135.414,0.203252
161375ms,161375,135.483,0.203954
161407ms,161407,135.632,0.202981
161440ms,161440,135.560,0.203240
161472ms,161472,135.565,0.203277
161504ms,161504,135.414,0.203237
161536ms,161536,135.474,0.203225
161568ms,161568,135.583,0.202679
161615ms,161615,135.227,0.203081
161647ms,161647,134.840,0.201006
161679ms,161679,134.466,0.202700
161711ms,161711,134.121,0.199882
161743ms,161743,133.609,0.201681
161775ms,161775,133.613,0.200105
161808ms,161808,132.939,0.203628
161840ms,161840,133.136,0.200511
161871ms,161871,132.674,0.233604
161936ms,161936,132.529,0.201922
161983ms,161983,132.395,0.205518
162015ms,162015,132.349,0.205262
162144ms,162144,132.585,0.211013
162175ms,162175,132.444,0.202097
162208ms,162208,132.705,0.202454
162239ms,162239,132.468,0.203425
162272ms,162272,133.073,0.199264
162303ms,162303,133.044,0.199156
162351ms,162351,133.023,0.198371
162383ms,162383,133.381,0.199215
162415ms,162415,133.630,0.199555
162447ms,162447,133.665,0.198934
162511ms,162511,134.195,0.202322
162543ms,162543,134.499,0.199960
162576ms,162576,134.650,0.200525
162607ms,162607,135.018,0.202699
162639ms,162639,135.372,0.201727
162672ms,162672,135.519,0.201833
162703ms,162703,135.450,0.203551
162751ms,162751,135.449,0.204162
162783ms,162783,135.464,0.203399
162815ms,162815,135.406,0.203538
162847ms,162847,135.497,0.203201
162879ms,162879,135.456,0.202792
162911ms,162911,135.467,0.202882
162944ms,162944,135.501,0.203720
162976ms,162976,135.500,0.203683
163008ms,163008,135.670,0.202817
163039ms,163039,135.549,0.203215
163072ms,163072,135.444,0.202366
163151ms,163151,134.677,0.200122
163183ms,163183,134.364,0.201186
163215ms,163215,134.074,0.200243
163247ms,163247,133.527,0.201162
163280ms,163280,133.131,0.202424
163312ms,163312,133.159,0.204008
163375ms,163375,132.701,0.206555
163439ms,163439,132.360,0.208130
163487ms,163487,132.375,0.204074
163519ms,163519,132.394,0.205973
163583ms,163583,132.280,0.203331
163647ms,163647,132.491,0.213569
163680ms,163680,132.314,0.200375
163712ms,163712,132.458,0.203014
163744ms,163744,132.751,0.200348
163776ms,163776,132.843,0.199575
163807ms,163807,133.109,0.198071
163840ms,163840,133.042,0.198338
163887ms,163887,133.332,0.200306
163919ms,163919,133.577,0.201873
163951ms,163951,133.976,0.198878
163983ms,163983,133.972,0.199633
164015ms,164015,134.285,0.202202
164047ms,164047,134.484,0.200325
164080ms,164080,134.709,0.201041
164112ms,164112,134.962,0.203196
164144ms,164144,135.319,0.201438
164175ms,164175,135.458,0.203319
164207ms,164207,135.448,0.204188
164255ms,164255,135.589,0.203478
164287ms,164287,135.442,0.203294
164319ms,164319,135.540,0.203067
164351ms,164351,135.470,0.203633
164383ms,164383,135.580,0.203078
164415ms,164415,135.556,0.203398
164448ms,164448,135.582,0.203423
164479ms,164479,135.503,0.203209
164512ms,164512,135.488,0.203002
164544ms,164544,135.515,0.203175
164576ms,164576,135.330,0.202397
164608ms,164608,135.129,0.202892
164655ms,164655,134.617,0.200542
164687ms,164687,134.262,0.200681
164719ms,164719,133.830,0.203130
164751ms,164751,133.421,0.199376
164783ms,164783,133.171,0.203056
164816ms,164816,132.892,0.202261
164847ms,164847,132.958,0.202902
164912ms,164912,132.781,0.208303
164944ms,164944,132.596,0.202839
164976ms,164976,132.312,0.204314
165023ms,165023,132.410,0.205560
165055ms,165055,132.378,0.210048
165087ms,165087,132.388,0.209115
165151ms,165151,132.621,0.201145
165184ms,165184,132.488,0.198783
165215ms,165215,132.668,0.203353
165247ms,165247,132.782,0.199163
165279ms,165279,132.920,0.198833
165311ms,165311,133.178,0.199711
165344ms,165344,133.177,0.199608
165391ms,165391,133.212,0.199819
165455ms,165455,133.910,0.198963
165487ms,165487,134.183,0.200593
165519ms,165519,134.337,0.200686
165551ms,165551,134.510,0.200512
165584ms,165584,134.904,0.201670
165615ms,165615,135.270,0.201627
165647ms,165647,135.461,0.201404
165679ms,165679,135.439,0.202355
165712ms,165712,135.484,0.203221
165744ms,165744,135.442,0.203915
165791ms,165791,135.530,0.203338
165823ms,165823,135.377,0.203245
165855ms,165855,135.521,0.203545
165887ms,165887,135.454,0.204458
165919ms,165919,135.610,0.202906
165952ms,165952,135.501,0.203856
165984ms,165984,135.485,0.203912
166016ms,166016,135.583,0.203347
166047ms,166047,135.400,0.204457
166079ms,166079,135.243,0.203215
166112ms,166112,134.837,0.200951
166159ms,166159,134.396,0.201789
166191ms,166191,134.027,0.199898
166223ms,166223,133.613,0.201174
166255ms,166255,133.469,0.200645
166287ms,166287,133.103,0.204846
166319ms,166319,133.052,0.202505
166352ms,166352,132.720,0.209259
166415ms,166415,132.531,0.202603
166480ms,166480,132.305,0.203614
166655ms,166655,132.599,0.206766
166719ms,166719,132.612,0.201957
166751ms,166751,132.961,0.198520
166783ms,166783,133.141,0.198497
166816ms,166816,133.098,0.198288
166848ms,166848,133.529,0.200231
166880ms,166880,133.572,0.199441
166927ms,166927,133.792,0.198526
166959ms,166959,133.927,0.200139
166991ms,166991,134.282,0.202083
167023ms,167023,134.427,0.199683
167055ms,167055,134.767,0.201050
167087ms,167087,135.084,0.201310
167119ms,167119,135.286,0.201506
167152ms,167152,135.510,0.202427
167184ms,167184,135.511,0.204473
167216ms,167216,135.544,0.203131
167248ms,167248,135.367,0.203110
167295ms,167295,135.384,0.203796
167327ms,167327,135.649,0.203269
167359ms,167359,135.509,0.203515
167391ms,167391,135.587,0.203091
167423ms,167423,135.562,0.203483
167455ms,167455,135.566,0.203319
167487ms,167487,135.560,0.203330
167519ms,167519,135.501,0.203376
167551ms,167551,135.382,0.202416
167584ms,167584,135.103,0.202316
167616ms,167616,134.739,0.200808
167663ms,167663,134.381,0.200397
167695ms,167695,133.829,0.204075
167727ms,167727,133.508,0.199193
167759ms,167759,133.188,0.204289
167791ms,167791,133.054,0.202115
167823ms,167823,133.002,0.203197
167887ms,167887,132.625,0.209475
167919ms,167919,132.498,0.203068
168015ms,168015,132.549,0.200437
168063ms,168063,132.441,0.209732
168127ms,168127,132.637,0.204004
168159ms,168159,132.354,0.200613
168191ms,168191,132.704,0.202010
168224ms,168224,132.861,0.198346
168255ms,168255,132.946,0.198775
168288ms,168288,133.199,0.199175
168320ms,168320,133.090,0.198929
168383ms,168383,133.665,0.198988
168431ms,168431,133.727,0.199050
168463ms,168463,134.060,0.200645
168495ms,168495,134.358,0.200013
168527ms,168527,134.505,0.200240
168559ms,168559,134.925,0.202931
168591ms,168591,135.188,0.201509
168623ms,168623,135.353,0.201906
168655ms,168655,135.615,0.202421
168687ms,168687,135.445,0.203654
168719ms,168719,135.542,0.202735
168751ms,168751,135.577,0.203229
168799ms,168799,135.501,0.202791
168831ms,168831,135.609,0.202657
168863ms,168863,135.598,0.203035
168895ms,168895,135.564,0.203164
168927ms,168927,135.669,0.202958
168959ms,168959,135.569,0.202772
168991ms,168991,135.531,0.203128
169024ms,169024,135.483,0.202416
169055ms,169055,135.379,0.202893
169087ms,169087,134.871,0.200995
169120ms,169120,134.287,0.201061
169152ms,169152,133.963,0.200463
169199ms,169199,133.579,0.200879
169231ms,169231,133.591,0.200810
169263ms,169263,133.082,0.205593
169295ms,169295,133.058,0.203491
169327ms,169327,132.725,0.207995
169391ms,169391,132.507,0.204281
169423ms,169423,132.339,0.205681
169456ms,169456,132.177,0.204530
169599ms,169599,132.638,0.207832
169631ms,169631,132.667,0.200500
169663ms,169663,132.609,0.202181
169695ms,169695,132.556,0.207564
169727ms,169727,132.873,0.198458
169760ms,169760,132.959,0.198614
169792ms,169792,133.113,0.198976
169824ms,169824,133.534,0.200093
169855ms,169855,133.612,0.198584
169888ms,169888,133.941,0.198845
169919ms,169919,133.915,0.199575
169967ms,169967,134.169,0.202507
169999ms,169999,134.563,0.200425
170031ms,170031,134.701,0.200967
170063ms,170063,135.071,0.201492
170095ms,170095,135.410,0.201095
170127ms,170127,135.483,0.202647
170159ms,170159,135.522,0.204170
170192ms,170192,135.419,0.203213
170223ms,170223,135.537,0.203432
170256ms,170256,135.547,0.203015
170288ms,170288,135.585,0.203271
170335ms,170335,135.451,0.203276
170367ms,170367,135.545,0.203803
170399ms,170399,135.382,0.204404
170431ms,170431,135.443,0.203382
170463ms,170463,135.503,0.202784
170495ms,170495,135.492,0.204100
170527ms,170527,135.314,0.202104
170559ms,170559,134.952,0.201699
170591ms,170591,134.415,0.200581
170655ms,170655,133.629,0.201092
170703ms,170703,133.443,0.199441
170735ms,170735,133.066,0.203728
170767ms,170767,132.877,0.203056
170799ms,170799,132.996,0.203225
170864ms,170864,132.689,0.202561
170927ms,170927,132.372,0.204032
170959ms,170959,132.466,0.206446
170991ms,170991,132.558,0.203845
171103ms,171103,132.498,0.204610
171135ms,171135,132.485,0.202338
171167ms,171167,132.651,0.202615
171199ms,171199,133.008,0.198621
171232ms,171232,132.997,0.197871
171264ms,171264,133.177,0.199255
171295ms,171295,133.075,0.199389
171328ms,171328,133.459,0.200419
171359ms,171359,133.608,0.198424
171391ms,171391,134.058,0.199350
171424ms,171424,134.199,0.201805
171471ms,171471,134.519,0.200233
171503ms,171503,134.713,0.200654
171535ms,171535,135.144,0.201755
171567ms,171567,135.355,0.201316
171599ms,171599,135.473,0.202104
171631ms,171631,135.437,0.203052
171663ms,171663,135.286,0.203490
171695ms,171695,135.470,0.203488
171727ms,171727,135.543,0.203392
171760ms,171760,135.563,0.203529
171791ms,171791,135.499,0.203168
171839ms,171839,135.466,0.203686
171871ms,171871,135.555,0.203350
171903ms,171903,135.565,0.203279
171935ms,171935,135.534,0.202877
171967ms,171967,135.598,0.202881
171999ms,171999,135.453,0.202215
172031ms,172031,135.407,0.202957
172064ms,172064,134.744,0.200092
172096ms,172096,134.473,0.201992
172127ms,172127,134.063,0.199757
172160ms,172160,133.573,0.200343
172192ms,172192,133.419,0.200690
172239ms,172239,133.260,0.205100
172271ms,172271,132.813,0.202792
172303ms,172303,132.675,0.206554
172367ms,172367,132.440,0.213484
172399ms,172399,132.473,0.203072
172432ms,172432,132.388,0.204328
172495ms,172495,132.537,0.203057
172559ms,172559,132.483,0.206393
172607ms,172607,132.617,0.201541
172639ms,172639,132.701,0.199994
172671ms,172671,132.650,0.201062
172703ms,172703,133.003,0.198985
172735ms,172735,133.021,0.198897
172767ms,172767,133.015,0.198585
172800ms,172800,133.392,0.199516
172831ms,172831,133.678,0.198853
172927ms,172927,134.218,0.202234
172975ms,172975,134.520,0.199782
173007ms,173007,134.832,0.201022
173039ms,173039,135.063,0.201705
173071ms,173071,135.382,0.201375
173103ms,173103,135.470,0.202551
173135ms,173135,135.510,0.203597
173167ms,173167,135.649,0.203078
173199ms,173199,135.643,0.202813
173231ms,173231,135.509,0.203047
173263ms,173263,135.578,0.203577
173296ms,173296,135.553,0.203450
173343ms,173343,135.534,0.203389
173375ms,173375,135.591,0.203312
173407ms,173407,135.460,0.203254
173439ms,173439,135.556,0.203365
173471ms,173471,135.595,0.203082
173503ms,173503,135.352,0.202430
173535ms,173535,135.055,0.201978
173567ms,173567,134.536,0.201630
173599ms,173599,134.543,0.200354
173632ms,173632,133.834,0.203331
173664ms,173664,133.422,0.199432
173695ms,173695,133.140,0.201937
173748ms,173748,132.899,0.205408
173775ms,173775,132.985,0.204818
173839ms,173839,132.672,0.210191
173871ms,173871,132.467,0.204434
173903ms,173903,132.389,0.206137
173935ms,173935,132.340,0.206142
174064ms,174064,132.643,0.205479
174111ms,174111,132.478,0.203142
174143ms,174143,132.697,0.201906
174175ms,174175,133.135,0.198418
174207ms,174207,132.876,0.198771
174239ms,174239,132.990,0.198602
174303ms,174303,133.311,0.200521
174335ms,174335,133.711,0.198656
174368ms,174368,133.959,0.199132
174400ms,174400,134.164,0.201351
174432ms,174432,134.499,0.200060
174464ms,174464,134.560,0.200705
174511ms,174511,135.031,0.202440
174543ms,174543,135.271,0.202455
174575ms,174575,135.510,0.201732
174607ms,174607,135.377,0.204548
174639ms,174639,135.467,0.203045
174672ms,174672,135.556,0.203487
174703ms,174703,135.597,0.203313
174735ms,174735,135.544,0.202929
174768ms,174768,135.476,0.203340
174800ms,174800,135.519,0.203465
174832ms,174832,135.527,0.203160
174879ms,174879,135.514,0.203256
174911ms,174911,135.571,0.203321
174943ms,174943,135.448,0.203242
174975ms,174975,135.468,0.202196
175007ms,175007,135.262,0.202379
175039ms,175039,134.720,0.200770
175072ms,175072,134.364,0.201626
175103ms,175103,133.887,0.199500
175135ms,175135,133.424,0.200411
175167ms,175167,133.468,0.199790
175200ms,175200,133.062,0.201473
175247ms,175247,133.010,0.202427
175279ms,175279,132.850,0.208773
175343ms,175343,132.626,0.203875
175375ms,175375,132.499,0.206318
175407ms,175407,132.238,0.206367
175439ms,175439,132.358,0.202847
175471ms,175471,132.467,0.208120
175568ms,175568,132.528,0.200825
175600ms,175600,132.544,0.203989
175647ms,175647,132.615,0.203940
175679ms,175679,133.039,0.198173
175711ms,175711,133.101,0.199720
175743ms,175743,133.086,0.198044
175775ms,175775,133.503,0.199981
175807ms,175807,133.702,0.198082
175839ms,175839,133.836,0.198455
175872ms,175872,133.968,0.199564
175904ms,175904,134.247,0.203234
175935ms,175935,134.592,0.200392
175967ms,175967,134.657,0.201228
176047ms,176047,135.427,0.201337
176079ms,176079,135.536,0.201388
176111ms,176111,135.607,0.203024
176143ms,176143,135.526,0.203115
176175ms,176175,135.491,0.203097
176207ms,176207,135.509,0.203290
176239ms,176239,135.456,0.203769
176272ms,176272,135.535,0.203231
176304ms,176304,135.559,0.203153
176336ms,176336,135.512,0.203662
176383ms,176383,135.426,0.203570
176415ms,176415,135.490,0.203286
176447ms,176447,135.478,0.203157
176479ms,176479,135.520,0.202373
176511ms,176511,135.205,0.202490
176544ms,176544,134.731,0.200283
176575ms,176575,134.479,0.202584
176607ms,176607,133.952,0.200671
176639ms,176639,133.609,0.201066
176672ms,176672,133.257,0.200841
176703ms,176703,133.050,0.201534
176736ms,176736,132.786,0.206011
176783ms,176783,132.644,0.206141
176815ms,176815,132.555,0.207066
176847ms,176847,132.454,0.212547
176879ms,176879,132.420,0.204569
176912ms,176912,132.478,0.205854
176975ms,176975,132.451,0.208380
177040ms,177040,132.395,0.204880
177072ms,177072,132.607,0.201582
177104ms,177104,132.681,0.200278
177151ms,177151,132.644,0.200252
177183ms,177183,132.894,0.197939
177215ms,177215,133.109,0.198436
177247ms,177247,133.166,0.198841
177279ms,177279,133.318,0.200223
177311ms,177311,133.813,0.198600
177343ms,177343,134.028,0.198077
177375ms,177375,133.988,0.201000
177407ms,177407,134.426,0.201312
177440ms,177440,134.475,0.200547
177471ms,177471,134.799,0.201409
177519ms,177519,135.268,0.201126
177551ms,177551,135.447,0.201492
177583ms,177583,135.542,0.202986
177615ms,177615,135.521,0.203566
177647ms,177647,135.613,0.203147
177679ms,177679,135.563,0.203804
177711ms,177711,135.521,0.202937
177744ms,177744,135.477,0.203443
177776ms,177776,135.518,0.203463
177808ms,177808,135.488,0.203301
177871ms,177871,135.659,0.203698
177919ms,177919,135.538,0.203113
177951ms,177951,135.579,0.203126
177983ms,177983,135.329,0.202391
178015ms,178015,135.000,0.201574
178048ms,178048,134.467,0.203466
178079ms,178079,134.199,0.200517
178112ms,178112,133.652,0.201176
178144ms,178144,133.591,0.199819
178176ms,178176,132.963,0.204756
178208ms,178208,133.091,0.204509
178240ms,178240,133.137,0.203995
178319ms,178319,132.571,0.199757
178383ms,178383,132.310,0.207748
178447ms,178447,132.566,0.205911
178544ms,178544,132.478,0.204366
178575ms,178575,132.629,0.201391
178608ms,178608,132.600,0.202965
178655ms,178655,133.031,0.198335
178687ms,178687,133.124,0.199788
178719ms,178719,133.112,0.199172
178751ms,178751,133.081,0.199153
178783ms,178783,133.740,0.199448
178815ms,178815,133.736,0.198023
178847ms,178847,134.050,0.199442
178879ms,178879,134.202,0.201615
178944ms,178944,134.630,0.201358
178976ms,178976,135.103,0.202501
179007ms,179007,135.374,0.201742
179055ms,179055,135.529,0.201949
179087ms,179087,135.498,0.202939
179119ms,179119,135.464,0.203345
179151ms,179151,135.526,0.203283
179183ms,179183,135.436,0.202969
179215ms,179215,135.579,0.203139
179247ms,179247,135.506,0.203350
179279ms,179279,135.538,0.203567
179312ms,179312,135.544,0.203496
179344ms,179344,135.442,0.203833
179375ms,179375,135.530,0.203251
179423ms,179423,135.455,0.203095
179455ms,179455,135.349,0.202396
179487ms,179487,135.197,0.203547
179519ms,179519,134.689,0.199973
179551ms,179551,134.418,0.200894
179584ms,179584,133.836,0.202432
179647ms,179647,133.122,0.200573
179680ms,179680,133.018,0.201037
179712ms,179712,132.780,0.205333
179743ms,179743,132.743,0.211496
179855ms,179855,132.398,0.204500
179887ms,179887,132.406,0.204004
179951ms,179951,132.229,0.210465
180016ms,180016,132.543,0.206702
180048ms,180048,132.504,0.202032
180111ms,180111,132.786,0.198937
180144ms,180144,132.891,0.198452
180191ms,180191,133.095,0.198197
180223ms,180223,133.095,0.198696
180255ms,180255,133.332,0.199320
180287ms,180287,133.715,0.197921
180319ms,180319,133.861,0.198807
180352ms,180352,134.080,0.202438
180384ms,180384,134.286,0.202121
180415ms,180415,134.617,0.199808
180447ms,180447,134.860,0.202229
180479ms,180479,135.207,0.201315
180512ms,180512,135.419,0.201411
180559ms,180559,135.624,0.201907
180591ms,180591,135.475,0.202659
180623ms,180623,135.543,0.203382
180655ms,180655,135.562,0.202921
180687ms,180687,135.569,0.202877
180719ms,180719,135.616,0.203491
180751ms,180751,135.480,0.203121
180784ms,180784,135.549,0.202631
180815ms,180815,135.507,0.203223
180847ms,180847,135.498,0.202747
180879ms,180879,135.513,0.203278
180927ms,180927,135.587,0.202371
180959ms,180959,135.408,0.201887
180991ms,180991,134.880,0.201269
181023ms,181023,134.418,0.203166
181055ms,181055,134.095,0.200549
181087ms,181087,133.662,0.203181
181119ms,181119,133.654,0.200874
181151ms,181151,132.876,0.201276
181183ms,181183,133.082,0.204366
181216ms,181216,132.895,0.204938
181280ms,181280,132.458,0.204623
181327ms,181327,132.333,0.207637
181359ms,181359,132.266,0.202505
181423ms,181423,132.495,0.202421
181519ms,181519,132.554,0.203860
181583ms,181583,132.737,0.201075
181616ms,181616,132.978,0.198427
181647ms,181647,133.051,0.198547
181695ms,181695,133.020,0.199175
181727ms,181727,133.089,0.199760
181759ms,181759,133.689,0.198769
181791ms,181791,133.690,0.198502
181823ms,181823,134.009,0.199904
181855ms,181855,134.215,0.202890
181888ms,181888,134.487,0.200327
181920ms,181920,134.737,0.200614
181952ms,181952,135.084,0.201934
181984ms,181984,135.333,0.201152
182016ms,182016,135.519,0.201621
182048ms,182048,135.590,0.203011
182095ms,182095,135.444,0.203008
182127ms,182127,135.571,0.203111
182159ms,182159,135.560,0.202987
182191ms,182191,135.560,0.203100
182223ms,182223,135.635,0.203747
182255ms,182255,135.590,0.203146
182288ms,182288,135.537,0.203255
182320ms,182320,135.663,0.202910
182352ms,182352,135.619,0.202650
182384ms,182384,135.614,0.203506
182416ms,182416,135.426,0.202008
182463ms,182463,135.308,0.203354
182495ms,182495,134.723,0.200402
182559ms,182559,133.969,0.200351
182623ms,182623,133.087,0.202266
182655ms,182655,133.083,0.202837
182687ms,182687,132.780,0.204529
182720ms,182720,132.592,0.203345
182784ms,182784,132.478,0.204078
182831ms,182831,132.399,0.210440
182863ms,182863,132.333,0.204866
182895ms,182895,132.439,0.201063
182992ms,182992,132.488,0.211288
183024ms,183024,132.558,0.202646
183056ms,183056,132.666,0.200125
183087ms,183087,132.713,0.205586
183119ms,183119,133.013,0.197964
183152ms,183152,133.042,0.198047
183184ms,183184,133.172,0.199554
183231ms,183231,133.355,0.199842
183263ms,183263,133.618,0.198884
183295ms,183295,133.928,0.198633
183327ms,183327,133.873,0.199873
183359ms,183359,134.199,0.201841
183391ms,183391,134.464,0.199796
183423ms,183423,134.775,0.201347
183455ms,183455,135.276,0.201300
183488ms,183488,135.404,0.201391
183519ms,183519,135.464,0.203872
183552ms,183552,135.621,0.203678
183599ms,183599,135.516,0.204100
183631ms,183631,135.560,0.203313
183663ms,183663,135.573,0.203726
183695ms,183695,135.532,0.203371
183727ms,183727,135.526,0.203232
183759ms,183759,135.447,0.202864
183792ms,183792,135.525,0.203408
183824ms,183824,135.524,0.202849
183855ms,183855,135.457,0.202976
183888ms,183888,135.502,0.203664
183920ms,183920,135.374,0.201769
183967ms,183967,135.173,0.202262
183999ms,183999,134.690,0.200487
184031ms,184031,134.274,0.200461
184063ms,184063,133.857,0.203137
184095ms,184095,133.392,0.199389
184127ms,184127,133.077,0.201307
184160ms,184160,133.178,0.202416
184192ms,184192,132.880,0.203660
184256ms,184256,132.745,0.202744
184288ms,184288,132.447,0.204411
184320ms,184320,132.240,0.203178
184367ms,184367,132.415,0.205933
184399ms,184399,132.533,0.203526
184495ms,184495,132.678,0.202847
184527ms,184527,132.557,0.200246
184560ms,184560,132.706,0.201842
184592ms,184592,132.978,0.198499
184624ms,184624,133.014,0.198029
184656ms,184656,133.054,0.199340
184688ms,184688,133.200,0.199220
184767ms,184767,133.686,0.198440
184799ms,184799,133.924,0.198938
184831ms,184831,134.174,0.202059
184863ms,184863,134.457,0.200628
184895ms,184895,134.621,0.200056
184927ms,184927,135.068,0.202157
184960ms,184960,135.235,0.201988
184991ms,184991,135.535,0.201385
185024ms,185024,135.627,0.202846
185055ms,185055,135.437,0.203170
185103ms,185103,135.575,0.203434
185135ms,185135,135.590,0.203201
185167ms,185167,135.432,0.203142
185199ms,185199,135.514,0.203140
185231ms,185231,135.535,0.203533
185263ms,185263,135.481,0.204277
185295ms,185295,135.405,0.203396
185328ms,185328,135.555,0.202684
185360ms,185360,135.550,0.203423
185392ms,185392,135.434,0.203098
185424ms,185424,135.360,0.202696
185456ms,185456,134.819,0.201001
185503ms,185503,134.382,0.202144
185535ms,185535,134.049,0.200018
185567ms,185567,133.524,0.201082
185599ms,185599,133.590,0.199473
185631ms,185631,133.187,0.205343
185663ms,185663,132.954,0.206458
185696ms,185696,132.761,0.209629
185760ms,185760,132.572,0.209301
185792ms,185792,132.246,0.206479
185823ms,185823,132.284,0.204819
185967ms,185967,132.506,0.211172
185999ms,185999,132.597,0.199805
186031ms,186031,132.672,0.200756
186064ms,186064,132.592,0.201904
186096ms,186096,133.090,0.198354
186127ms,186127,133.039,0.198373
186160ms,186160,133.205,0.198521
186192ms,186192,133.429,0.200011
186239ms,186239,133.600,0.198732
186271ms,186271,133.886,0.198878
186303ms,186303,133.890,0.200250
186335ms,186335,134.145,0.201437
186367ms,186367,134.522,0.199973
186399ms,186399,134.744,0.201032
186432ms,186432,135.099,0.201567
186464ms,186464,135.374,0.201623
186496ms,186496,135.548,0.202384
186528ms,186528,135.459,0.202681
186591ms,186591,135.546,0.202389
186639ms,186639,135.439,0.202912
186671ms,186671,135.544,0.203755
186703ms,186703,135.547,0.203198
186735ms,186735,135.518,0.203423
186767ms,186767,135.472,0.203368
186800ms,186800,135.485,0.203105
186832ms,186832,135.673,0.203198
186864ms,186864,135.590,0.202280
186896ms,186896,135.448,0.201748
186928ms,186928,134.936,0.201505
186960ms,186960,134.468,0.203772
187039ms,187039,133.671,0.203324
187071ms,187071,133.561,0.199839
187103ms,187103,133.068,0.202532
187135ms,187135,132.772,0.201002
187167ms,187167,133.031,0.204742
187263ms,187263,132.517,0.202304
187296ms,187296,132.479,0.201937
187375ms,187375,132.509,0.203491
187471ms,187471,132.590,0.201396
187503ms,187503,132.640,0.203669
187535ms,187535,132.636,0.202511
187568ms,187568,133.074,0.197972
187600ms,187600,133.113,0.198734
187631ms,187631,133.110,0.198740
187664ms,187664,133.120,0.199262
187696ms,187696,133.636,0.199333
187728ms,187728,133.721,0.198814
187775ms,187775,134.055,0.199615
187807ms,187807,134.167,0.201488
187839ms,187839,134.479,0.199878
187871ms,187871,134.641,0.200643
187903ms,187903,134.857,0.203005
187967ms,187967,135.408,0.202040
188000ms,188000,135.540,0.203482
188032ms,188032,135.542,0.203882
188064ms,188064,135.519,0.204228
188095ms,188095,135.583,0.203074
188143ms,188143,135.592,0.202963
188175ms,188175,135.578,0.203686
188207ms,188207,135.659,0.203663
188239ms,188239,135.610,0.203257
188271ms,188271,135.506,0.203170
188303ms,188303,135.597,0.203082
188335ms,188335,135.580,0.202765
188367ms,188367,135.588,0.201822
188432ms,188432,134.606,0.199984
188464ms,188464,134.419,0.201280
188511ms,188511,133.839,0.201541
188543ms,188543,133.403,0.199476
188575ms,188575,133.129,0.201925
188607ms,188607,133.016,0.203834
188639ms,188639,132.976,0.201422
188703ms,188703,132.815,0.212220
188735ms,188735,132.478,0.205273
188768ms,188768,132.323,0.201986
188800ms,188800,132.477,0.206259
188831ms,188831,132.498,0.203859
188943ms,188943,132.606,0.208739
188975ms,188975,132.380,0.201440
189007ms,189007,132.675,0.203901
189039ms,189039,132.786,0.198453
189072ms,189072,132.846,0.198420
189104ms,189104,133.029,0.198397
189136ms,189136,133.193,0.199313
189168ms,189168,133.447,0.200729
189200ms,189200,133.660,0.198144
189232ms,189232,133.756,0.199043
189279ms,189279,134.061,0.200967
189311ms,189311,134.375,0.200208
189343ms,189343,134.651,0.200055
189375ms,189375,134.984,0.201144
189407ms,189407,135.315,0.201255
189439ms,189439,135.459,0.201235
189471ms,189471,135.543,0.201984
189503ms,189503,135.334,0.203038
189536ms,189536,135.477,0.203182
189568ms,189568,135.500,0.203113
189600ms,189600,135.503,0.203331
189647ms,189647,135.505,0.203244
189679ms,189679,135.608,0.203116
189711ms,189711,135.783,0.203000
189743ms,189743,135.536,0.203052
189775ms,189775,135.514,0.202687
189807ms,189807,135.431,0.202670
189840ms,189840,135.505,0.201715
189903ms,189903,134.881,0.201160
189935ms,189935,134.367,0.201892
189967ms,189967,133.913,0.200048
190000ms,190000,133.620,0.201956
190047ms,190047,133.573,0.199846
190079ms,190079,133.060,0.204300
190111ms,190111,132.958,0.202782
190143ms,190143,132.835,0.206555
190175ms,190175,132.693,0.207358
190207ms,190207,132.604,0.205238
190240ms,190240,132.442,0.209535
190272ms,190272,132.416,0.203237
190447ms,190447,132.519,0.203478
190479ms,190479,132.694,0.202080
190511ms,190511,132.659,0.202970
190543ms,190543,133.053,0.198277
190575ms,190575,133.202,0.198794
190607ms,190607,133.012,0.198163
190640ms,190640,133.171,0.199244
190672ms,190672,133.501,0.199022
190703ms,190703,133.862,0.198495
190735ms,190735,133.936,0.199391
190783ms,190783,134.298,0.200974
190815ms,190815,134.531,0.199845
190847ms,190847,134.746,0.200758
190879ms,190879,135.051,0.201894
190911ms,190911,135.376,0.201546
190944ms,190944,135.640,0.201932
190976ms,190976,135.529,0.202857
191008ms,191008,135.547,0.203096
191040ms,191040,135.757,0.203204
191071ms,191071,135.563,0.202995
191104ms,191104,135.437,0.202999
191135ms,191135,135.477,0.203191
191183ms,191183,135.474,0.202959
191215ms,191215,135.624,0.202792
191247ms,191247,135.557,0.203311
191279ms,191279,135.538,0.203057
191311ms,191311,135.513,0.203246
191343ms,191343,135.368,0.202118
191375ms,191375,135.162,0.203677
191407ms,191407,134.769,0.199939
191439ms,191439,134.332,0.201297
191471ms,191471,133.850,0.200085
191503ms,191503,133.600,0.200238
191551ms,191551,133.118,0.200421
191583ms,191583,132.964,0.205632
191615ms,191615,132.870,0.204750
191744ms,191744,132.305,0.207631
191775ms,191775,132.444,0.205166
191808ms,191808,132.450,0.203633
191904ms,191904,132.560,0.211739
191951ms,191951,132.627,0.203651
191983ms,191983,132.641,0.201752
192015ms,192015,132.512,0.198872
192047ms,192047,132.913,0.198684
192079ms,192079,133.168,0.197988
192112ms,192112,133.134,0.199010
192143ms,192143,133.485,0.200567
192175ms,192175,133.760,0.199754
192208ms,192208,133.977,0.198534
192240ms,192240,133.908,0.200689
192272ms,192272,134.290,0.201788
192319ms,192319,134.644,0.199964
192351ms,192351,134.930,0.201267
192383ms,192383,135.129,0.202314
192415ms,192415,135.499,0.201405
192447ms,192447,135.527,0.201965
192479ms,192479,135.576,0.202781
192512ms,192512,135.534,0.203281
192544ms,192544,135.496,0.203135
192576ms,192576,135.532,0.203184
192607ms,192607,135.451,0.203725
192687ms,192687,135.549,0.203723
192719ms,192719,135.588,0.203446
192751ms,192751,135.571,0.202829
192783ms,192783,135.530,0.203248
192815ms,192815,135.554,0.202372
192847ms,192847,135.360,0.202049
192879ms,192879,134.949,0.201151
192912ms,192912,134.419,0.203847
192944ms,192944,134.063,0.199924
192976ms,192976,133.657,0.201498
193008ms,193008,133.630,0.199338
193040ms,193040,133.151,0.203425
193087ms,193087,132.911,0.200094
193247ms,193247,132.279,0.204186
193311ms,193311,132.437,0.202564
193455ms,193455,132.600,0.202700
193455ms,193455,132.600,0.202700
193487ms,193487,132.553,0.203702
193519ms,193519,132.982,0.198823
193551ms,193551,133.073,0.198200
193583ms,193583,133.061,0.198513
193615ms,193615,133.356,0.199433
193647ms,193647,133.661,0.198927
193679ms,193679,133.726,0.198511
193712ms,193712,133.812,0.199593
193744ms,193744,134.121,0.202012
193776ms,193776,134.562,0.200877
193823ms,193823,134.716,0.200977
193855ms,193855,135.172,0.202252
193887ms,193887,135.385,0.201429
193919ms,193919,135.436,0.202800
193951ms,193951,135.554,0.202655
193983ms,193983,135.466,0.202947
194016ms,194016,135.577,0.202839
194048ms,194048,135.492,0.203564
194080ms,194080,135.570,0.203429
194112ms,194112,135.526,0.203839
194144ms,194144,135.599,0.203339
194176ms,194176,135.645,0.204095
194255ms,194255,135.514,0.203131
194287ms,194287,135.555,0.203126
194319ms,194319,135.327,0.202976
194351ms,194351,135.146,0.204253
194384ms,194384,134.742,0.200156
194415ms,194415,134.453,0.201348
194447ms,194447,133.862,0.201425
194480ms,194480,133.350,0.200098
194512ms,194512,132.988,0.203262
194544ms,194544,133.045,0.203486
194591ms,194591,132.879,0.203236
194655ms,194655,132.583,0.213669
194719ms,194719,132.379,0.205229
194751ms,194751,132.433,0.204023
194784ms,194784,132.364,0.207170
194815ms,194815,132.351,0.209875
194880ms,194880,132.558,0.207534
194912ms,194912,132.442,0.200533
194959ms,194959,132.651,0.203881
194991ms,194991,132.746,0.198023
195023ms,195023,132.874,0.198488
195055ms,195055,132.941,0.198249
195087ms,195087,133.257,0.199308
195120ms,195120,133.363,0.199319
195152ms,195152,133.684,0.198635
195184ms,195184,133.686,0.198520
195216ms,195216,134.119,0.203574
195248ms,195248,134.359,0.199477
195280ms,195280,134.687,0.199762
195312ms,195312,134.914,0.201001
195359ms,195359,135.021,0.202746
195391ms,195391,135.404,0.201797
195423ms,195423,135.678,0.202602
195455ms,195455,135.586,0.203429
195487ms,195487,135.511,0.203245
195519ms,195519,135.521,0.203549
195551ms,195551,135.508,0.202971
195584ms,195584,135.610,0.202994
195616ms,195616,135.533,0.203183
195648ms,195648,135.437,0.203577
195680ms,195680,135.581,0.203119
195727ms,195727,135.486,0.203131
195759ms,195759,135.477,0.203076
195791ms,195791,135.595,0.202234
195823ms,195823,135.212,0.201793
195856ms,195856,134.976,0.200515
195887ms,195887,134.439,0.202882
195919ms,195919,134.148,0.199811
195952ms,195952,133.598,0.201713
195984ms,195984,133.591,0.198838
196015ms,196015,133.030,0.201957
196048ms,196048,132.872,0.199117
196080ms,196080,132.617,0.213256
196159ms,196159,132.493,0.204145
196191ms,196191,132.372,0.206450
196223ms,196223,132.266,0.209687
196255ms,196255,132.565,0.204490
196287ms,196287,132.470,0.202583
196352ms,196352,132.621,0.208206
196415ms,196415,132.593,0.203106
196448ms,196448,132.819,0.199751
196495ms,196495,133.049,0.198366
196527ms,196527,133.046,0.198638
196559ms,196559,132.989,0.198450
196591ms,196591,133.273,0.200640
196623ms,196623,133.602,0.199248
196655ms,196655,133.801,0.199215
196687ms,196687,133.930,0.199693
196719ms,196719,134.231,0.201694
196752ms,196752,134.534,0.200031
196784ms,196784,134.775,0.201028
196816ms,196816,135.153,0.201233
196863ms,196863,135.359,0.201406
196895ms,196895,135.509,0.201640
196927ms,196927,135.672,0.203228
196959ms,196959,135.576,0.203223
196991ms,196991,135.627,0.203239
197023ms,197023,135.578,0.202910
197055ms,197055,135.571,0.202951
197088ms,197088,135.516,0.203158
197119ms,197119,135.409,0.203095
197152ms,197152,135.483,0.202760
197184ms,197184,135.535,0.203002
197216ms,197216,135.418,0.202700
197263ms,197263,135.600,0.202844
197295ms,197295,135.356,0.202186
197327ms,197327,135.127,0.201691
197359ms,197359,134.400,0.200829
197423ms,197423,133.588,0.201359
197456ms,197456,133.540,0.199307
197488ms,197488,133.087,0.203034
197520ms,197520,132.962,0.204328
197552ms,197552,132.926,0.203133
197631ms,197631,132.713,0.204515
197695ms,197695,132.422,0.205945
197727ms,197727,132.530,0.207129
197759ms,197759,132.558,0.201152
197856ms,197856,132.626,0.202655
197888ms,197888,132.484,0.202209
197919ms,197919,132.648,0.200051
197952ms,197952,132.962,0.198494
197999ms,197999,133.055,0.198353
198031ms,198031,133.152,0.199483
198063ms,198063,133.224,0.199002
198095ms,198095,133.386,0.200890
198127ms,198127,133.662,0.198448
198159ms,198159,133.860,0.198795
198191ms,198191,134.081,0.200886
198255ms,198255,134.576,0.200646
198288ms,198288,134.843,0.201960
198320ms,198320,135.271,0.201662
198367ms,198367,135.486,0.201328
198399ms,198399,135.668,0.202437
198431ms,198431,135.599,0.202774
198463ms,198463,135.623,0.202792
198495ms,198495,135.554,0.203134
198527ms,198527,135.446,0.203269
198559ms,198559,135.484,0.203551
198591ms,198591,135.400,0.203314
198624ms,198624,135.542,0.203505
198656ms,198656,135.629,0.203444
198687ms,198687,135.546,0.203355
198720ms,198720,135.560,0.203335
198767ms,198767,135.643,0.202409
198799ms,198799,135.230,0.205101
198831ms,198831,134.858,0.199986
198863ms,198863,134.370,0.202063
198895ms,198895,133.950,0.199849
198927ms,198927,133.638,0.201012
198959ms,198959,133.441,0.200529
198991ms,198991,133.053,0.201941
199024ms,199024,132.850,0.203697
199135ms,199135,132.458,0.207654
199167ms,199167,132.368,0.200687
199199ms,199199,132.288,0.203973
199263ms,199263,132.412,0.207201
199327ms,199327,132.515,0.207920
199360ms,199360,132.606,0.199604
199392ms,199392,132.605,0.199784
199424ms,199424,132.699,0.201047
199456ms,199456,132.972,0.198555
199488ms,199488,133.167,0.197698
199535ms,199535,133.145,0.199436
199567ms,199567,133.310,0.199840
199599ms,199599,133.763,0.198457
199631ms,199631,133.809,0.198472
199663ms,199663,133.982,0.200366
199696ms,199696,134.367,0.202201
199727ms,199727,134.556,0.199864
199760ms,199760,134.970,0.201938
199792ms,199792,135.060,0.202146
199824ms,199824,135.393,0.201374
199856ms,199856,135.424,0.202560
199903ms,199903,135.493,0.203384
199935ms,199935,135.504,0.203284
199967ms,199967,135.487,0.203705
199999ms,199999,135.504,0.203541
200031ms,200031,135.482,0.203609
200063ms,200063,135.612,0.203417
200095ms,200095,135.541,0.202772
200128ms,200128,135.550,0.203972
200160ms,200160,135.523,0.203276
200192ms,200192,135.499,0.203331
200224ms,200224,135.467,0.202857
200271ms,200271,135.274,0.202560
200303ms,200303,134.964,0.201227
200335ms,200335,134.437,0.202184
200367ms,200367,134.188,0.199837
200399ms,200399,133.685,0.201677
200431ms,200431,133.479,0.199995
200463ms,200463,133.058,0.200759
200495ms,200495,132.862,0.201000
200592ms,200592,132.632,0.201036
200671ms,200671,132.246,0.207232
200832ms,200832,132.457,0.205731
200864ms,200864,132.647,0.202717
200927ms,200927,133.035,0.198704
200960ms,200960,133.210,0.199067
200992ms,200992,133.004,0.198952
201071ms,201071,133.305,0.198575
201103ms,201103,133.734,0.198400
201135ms,201135,133.974,0.199621
201167ms,201167,134.317,0.201693
201199ms,201199,134.428,0.199126
201232ms,201232,134.616,0.200980
201263ms,201263,135.008,0.203876
201296ms,201296,135.315,0.201322
201328ms,201328,135.466,0.201626
201360ms,201360,135.559,0.202807
201407ms,201407,135.450,0.203466
201439ms,201439,135.583,0.203485
201471ms,201471,135.552,0.203372
201503ms,201503,135.486,0.203509
201535ms,201535,135.425,0.202931
201567ms,201567,135.547,0.203334
201599ms,201599,135.613,0.203143
201631ms,201631,135.489,0.203050
201695ms,201695,135.585,0.203580
201728ms,201728,135.368,0.202240
201760ms,201760,135.483,0.202025
201807ms,201807,134.820,0.200763
201839ms,201839,134.356,0.202649
201871ms,201871,134.019,0.200035
201903ms,201903,133.532,0.202750
201935ms,201935,133.373,0.200876
201967ms,201967,133.129,0.205743
201999ms,201999,132.659,0.202849
202031ms,202031,132.684,0.207358
202127ms,202127,132.402,0.202322
202175ms,202175,132.451,0.202491
202239ms,202239,132.424,0.207764
202303ms,202303,132.561,0.206666
202335ms,202335,132.502,0.203313
202367ms,202367,132.708,0.203731
202399ms,202399,132.677,0.203121
202432ms,202432,132.970,0.198590
202464ms,202464,133.138,0.199604
202496ms,202496,133.298,0.199252
202543ms,202543,133.354,0.199481
202575ms,202575,133.798,0.199082
202607ms,202607,133.906,0.198275
202639ms,202639,133.824,0.199914
202671ms,202671,134.374,0.200592
202703ms,202703,134.513,0.199358
202735ms,202735,134.795,0.201144
202768ms,202768,135.187,0.200894
202799ms,202799,135.420,0.201687
202831ms,202831,135.462,0.202694
202864ms,202864,135.593,0.202874
202896ms,202896,135.541,0.203092
202943ms,202943,135.566,0.203166
202975ms,202975,135.521,0.202856
203007ms,203007,135.454,0.203136
203039ms,203039,135.593,0.203892
203071ms,203071,135.515,0.202734
203103ms,203103,135.500,0.202654
203135ms,203135,135.642,0.202648
203168ms,203168,135.582,0.203436
203200ms,203200,135.562,0.203201
203232ms,203232,135.418,0.202240
203264ms,203264,135.162,0.202736
203311ms,203311,134.790,0.200444
203343ms,203343,134.240,0.200463
203375ms,203375,133.867,0.203595
203407ms,203407,133.594,0.200059
203439ms,203439,133.178,0.200707
203471ms,203471,132.957,0.205446
203504ms,203504,132.850,0.204957
203568ms,203568,132.705,0.212404
203600ms,203600,132.436,0.205203
203632ms,203632,132.243,0.203211
203679ms,203679,132.302,0.205222
203711ms,203711,132.366,0.202521
203839ms,203839,132.350,0.205442
203872ms,203872,132.627,0.202024
203904ms,203904,132.830,0.199153
203936ms,203936,133.017,0.199721
203967ms,203967,133.160,0.197461
204000ms,204000,133.168,0.199145
204032ms,204032,133.382,0.199925
204079ms,204079,133.713,0.198825
204111ms,204111,133.973,0.198509
204143ms,204143,133.941,0.200119
204175ms,204175,134.304,0.202990
204207ms,204207,134.553,0.199959
204240ms,204240,134.929,0.201797
204272ms,204272,135.235,0.201377
204304ms,204304,135.476,0.201516
204335ms,204335,135.455,0.202077
204368ms,204368,135.607,0.202687
204400ms,204400,135.532,0.203051
204447ms,204447,135.574,0.203429
204479ms,204479,135.511,0.203320
204511ms,204511,135.523,0.203705
204543ms,204543,135.395,0.203100
204575ms,204575,135.574,0.203055
204607ms,204607,135.572,0.202799
204640ms,204640,135.530,0.203013
204672ms,204672,135.625,0.202966
204704ms,204704,135.636,0.202754
204735ms,204735,135.328,0.202364
204768ms,204768,134.934,0.201380
204847ms,204847,134.053,0.200400
204879ms,204879,133.683,0.202399
204911ms,204911,133.629,0.200347
204943ms,204943,132.965,0.203919
204975ms,204975,132.850,0.205175
205007ms,205007,132.730,0.210382
205072ms,205072,132.438,0.200759
205136ms,205136,132.328,0.208213
205215ms,205215,132.680,0.204623
205279ms,205279,132.543,0.209016
205311ms,205311,132.427,0.205453
205343ms,205343,132.617,0.202058
205375ms,205375,132.553,0.203619
205407ms,205407,133.006,0.198938
205440ms,205440,133.136,0.198544
205471ms,205471,133.054,0.198321
205504ms,205504,133.093,0.200317
205536ms,205536,133.753,0.198106
205583ms,205583,133.713,0.198074
205615ms,205615,133.896,0.199657
205679ms,205679,134.589,0.199881
205711ms,205711,134.605,0.200601
205743ms,205743,134.950,0.203568
205775ms,205775,135.222,0.201925
205807ms,205807,135.408,0.202689
205839ms,205839,135.536,0.202844
205872ms,205872,135.522,0.203273
205904ms,205904,135.425,0.203181
205951ms,205951,135.444,0.203304
205983ms,205983,135.470,0.202864
206015ms,206015,135.574,0.203136
206047ms,206047,135.543,0.203468
206079ms,206079,135.568,0.203123
206111ms,206111,135.555,0.203553
206144ms,206144,135.576,0.203453
206176ms,206176,135.680,0.202771
206207ms,206207,135.291,0.202556
206239ms,206239,135.252,0.205226
206272ms,206272,134.736,0.200144
206303ms,206303,134.416,0.201186
206351ms,206351,134.031,0.200272
206383ms,206383,133.359,0.199591
206415ms,206415,133.145,0.202261
206447ms,206447,133.024,0.204097
206479ms,206479,132.904,0.204462
206511ms,206511,132.671,0.209886
206607ms,206607,132.511,0.202977
206640ms,206640,132.434,0.207570
206783ms,206783,132.549,0.202336
206815ms,206815,132.503,0.207782
206847ms,206847,132.624,0.202194
206879ms,206879,132.515,0.198441
206912ms,206912,132.865,0.198809
206975ms,206975,133.224,0.199244
207008ms,207008,133.616,0.200181
207040ms,207040,133.665,0.198854
207072ms,207072,133.853,0.199250
207119ms,207119,133.916,0.200463
207151ms,207151,134.382,0.199902
207183ms,207183,134.525,0.199773
207215ms,207215,134.985,0.201357
207247ms,207247,135.218,0.201442
207279ms,207279,135.359,0.201489
207312ms,207312,135.461,0.202101
207344ms,207344,135.485,0.203101
207408ms,207408,135.589,0.203304
207440ms,207440,135.654,0.203012
207487ms,207487,135.552,0.202649
207519ms,207519,135.458,0.202955
207551ms,207551,135.485,0.202479
207583ms,207583,135.472,0.202948
207615ms,207615,135.627,0.203296
207647ms,207647,135.618,0.203549
207680ms,207680,135.603,0.202780
207711ms,207711,135.239,0.202229
207744ms,207744,134.946,0.200859
207775ms,207775,134.552,0.202976
207808ms,207808,134.086,0.200125
207855ms,207855,133.626,0.201818
207887ms,207887,133.535,0.199403
207919ms,207919,133.015,0.201310
207951ms,207951,132.915,0.201629
207983ms,207983,132.773,0.210826
208080ms,208080,132.356,0.205806
208111ms,208111,132.376,0.203846
208176ms,208176,132.544,0.203085
208287ms,208287,132.514,0.204172
208319ms,208319,132.584,0.201967
208351ms,208351,132.611,0.203663
208383ms,208383,133.031,0.198710
208415ms,208415,133.062,0.197624
208447ms,208447,133.047,0.198995
208480ms,208480,133.135,0.199056
208511ms,208511,133.596,0.198946
208543ms,208543,133.756,0.197952
208575ms,208575,133.866,0.200000
208623ms,208623,134.206,0.203440
208655ms,208655,134.602,0.199341
208687ms,208687,134.707,0.201342
208719ms,208719,135.027,0.202082
208751ms,208751,135.325,0.201790
208783ms,208783,135.470,0.202047
208815ms,208815,135.630,0.202736
208848ms,208848,135.622,0.203242
208880ms,208880,135.511,0.203552
208912ms,208912,135.656,0.203661
208944ms,208944,135.538,0.203489
208991ms,208991,135.504,0.203334
209023ms,209023,135.523,0.202825
209087ms,209087,135.542,0.203079
209119ms,209119,135.600,0.202935
209151ms,209151,135.693,0.202727
209183ms,209183,135.432,0.202571
209215ms,209215,135.061,0.204090
209248ms,209248,134.733,0.200333
209280ms,209280,134.406,0.201946
209312ms,209312,133.903,0.201002
209359ms,209359,133.463,0.200109
209391ms,209391,133.252,0.199473
209423ms,209423,132.974,0.202801
209455ms,209455,132.948,0.208283
209583ms,209583,132.359,0.200939
209615ms,209615,132.462,0.207724
209647ms,209647,132.489,0.202433
209759ms,209759,132.422,0.206938
209791ms,209791,132.569,0.201432
209823ms,209823,132.681,0.201893
209855ms,209855,132.841,0.198616
209887ms,209887,132.871,0.198324
209919ms,209919,133.187,0.197741
209952ms,209952,133.256,0.199260
209983ms,209983,133.249,0.200428
210015ms,210015,133.665,0.198678
210048ms,210048,133.961,0.198771
210080ms,210080,133.823,0.199817
210127ms,210127,134.268,0.200146
210159ms,210159,134.447,0.199796
210191ms,210191,134.753,0.201246
210223ms,210223,135.122,0.202858
210255ms,210255,135.384,0.201322
210287ms,210287,135.553,0.201729
210320ms,210320,135.484,0.203139
210352ms,210352,135.530,0.203087
210384ms,210384,135.577,0.202903
210416ms,210416,135.572,0.203318
210448ms,210448,135.496,0.202892
210480ms,210480,135.515,0.202893
210527ms,210527,135.529,0.203253
210559ms,210559,135.449,0.203046
210591ms,210591,135.475,0.203000
210623ms,210623,135.500,0.203066
210655ms,210655,135.689,0.201631
210687ms,210687,135.549,0.202177
210719ms,210719,134.834,0.201282
210751ms,210751,134.464,0.204886
210784ms,210784,134.000,0.200185
210815ms,210815,133.727,0.201719
210848ms,210848,133.563,0.199612
210895ms,210895,133.007,0.204428
210927ms,210927,132.909,0.200156
210959ms,210959,132.876,0.209935
211023ms,211023,132.513,0.202519
211055ms,211055,132.503,0.207450
211087ms,211087,132.408,0.202998
211119ms,211119,132.564,0.204334
211152ms,211152,132.458,0.203849
211263ms,211263,132.482,0.202751
211295ms,211295,132.553,0.201541
211327ms,211327,132.635,0.200536
211359ms,211359,133.044,0.198892
211391ms,211391,133.129,0.199981
211423ms,211423,133.081,0.198565
211455ms,211455,133.031,0.198873
211487ms,211487,133.605,0.199774
211520ms,211520,133.706,0.198141
211552ms,211552,133.947,0.199507
211584ms,211584,134.256,0.201675
211616ms,211616,134.402,0.199236
211663ms,211663,134.728,0.200496
211727ms,211727,135.274,0.201003
211791ms,211791,135.471,0.203283
211823ms,211823,135.534,0.202719
211855ms,211855,135.549,0.203330
211887ms,211887,135.484,0.203075
211920ms,211920,135.643,0.202618
211952ms,211952,135.494,0.202918
211983ms,211983,135.500,0.203291
212031ms,212031,135.501,0.202569
212063ms,212063,135.405,0.203364
212095ms,212095,135.539,0.202972
212127ms,212127,135.564,0.202720
212159ms,212159,135.527,0.202443
212191ms,212191,135.224,0.202263
212223ms,212223,134.776,0.200260
212255ms,212255,134.383,0.201662
212287ms,212287,133.881,0.201027
212320ms,212320,133.438,0.199681
212352ms,212352,133.108,0.199769
212399ms,212399,133.021,0.201917
212431ms,212431,132.754,0.202387
212559ms,212559,132.472,0.203913
212592ms,212592,132.352,0.211882
212752ms,212752,132.522,0.203203
212799ms,212799,132.399,0.203788
212831ms,212831,132.604,0.205022
212863ms,212863,132.923,0.199030
212895ms,212895,133.253,0.197933
212927ms,212927,133.118,0.201262
212959ms,212959,133.410,0.199875
212991ms,212991,133.604,0.199710
213024ms,213024,133.829,0.198418
213055ms,213055,133.897,0.199858
213087ms,213087,134.348,0.201689
213119ms,213119,134.535,0.200340
213167ms,213167,134.754,0.201156
213199ms,213199,135.014,0.201697
213231ms,213231,135.521,0.202063
213263ms,213263,135.565,0.201871
213295ms,213295,135.471,0.203043
213327ms,213327,135.466,0.202909
213360ms,213360,135.498,0.202964
213392ms,213392,135.467,0.203179
213424ms,213424,135.410,0.203061
213456ms,213456,135.475,0.202980
213488ms,213488,135.559,0.202878
213535ms,213535,135.567,0.203212
213567ms,213567,135.566,0.203187
213599ms,213599,135.527,0.202890
213631ms,213631,135.658,0.202562
213663ms,213663,135.374,0.202141
213695ms,213695,135.061,0.201804
213727ms,213727,134.591,0.200221
213760ms,213760,134.259,0.200510
213792ms,213792,133.630,0.201129
213824ms,213824,133.501,0.199428
213855ms,213855,133.041,0.201399
213888ms,213888,132.942,0.202019
213935ms,213935,132.885,0.203840
213967ms,213967,132.495,0.217196
214031ms,214031,132.465,0.205422
214063ms,214063,132.276,0.204944
214095ms,214095,132.483,0.205721
214127ms,214127,132.665,0.202319
214224ms,214224,132.434,0.205467
214256ms,214256,132.613,0.203905
214335ms,214335,132.600,0.197705
214367ms,214367,132.967,0.198598
214399ms,214399,133.007,0.198769
214431ms,214431,133.298,0.199292
214463ms,214463,133.265,0.200057
214495ms,214495,133.710,0.197986
214527ms,214527,133.963,0.199287
214560ms,214560,133.877,0.200931
214591ms,214591,134.418,0.200569
214624ms,214624,134.611,0.200243
214671ms,214671,134.978,0.201734
214703ms,214703,135.276,0.202047
214735ms,214735,135.430,0.201304
214767ms,214767,135.474,0.203919
214799ms,214799,135.445,0.202732
214831ms,214831,135.527,0.203213
214863ms,214863,135.507,0.203381
214896ms,214896,135.599,0.203902
214959ms,214959,135.445,0.203098
214991ms,214991,135.537,0.203273
215023ms,215023,135.543,0.203548
215071ms,215071,135.459,0.203121
215103ms,215103,135.392,0.202701
215135ms,215135,135.415,0.202947
215167ms,215167,135.349,0.202003
215199ms,215199,134.797,0.200931
215231ms,215231,134.365,0.202574
215263ms,215263,133.975,0.199320
215296ms,215296,133.643,0.201059
215328ms,215328,133.490,0.201804
215360ms,215360,133.257,0.204481
215392ms,215392,132.961,0.203335
215439ms,215439,132.708,0.205708
215535ms,215535,132.450,0.207147
215567ms,215567,132.422,0.204162
215599ms,215599,132.572,0.206078
215695ms,215695,132.511,0.209850
215727ms,215727,132.666,0.202636
215760ms,215760,132.585,0.203637
215807ms,215807,132.544,0.206977
215839ms,215839,133.093,0.198030
215871ms,215871,133.193,0.198087
215903ms,215903,133.042,0.198450
215935ms,215935,133.245,0.199471
215967ms,215967,133.769,0.198598
216000ms,216000,133.715,0.197977
216031ms,216031,133.983,0.200026
216064ms,216064,134.335,0.203152
216128ms,216128,134.679,0.201175
216160ms,216160,135.133,0.201965
216207ms,216207,135.337,0.201592
216239ms,216239,135.524,0.202491
216271ms,216271,135.538,0.202720
216303ms,216303,135.582,0.203699
216335ms,216335,135.642,0.203865
216367ms,216367,135.504,0.203693
216399ms,216399,135.512,0.203029
216431ms,216431,135.448,0.203176
216463ms,216463,135.559,0.203410
216496ms,216496,135.430,0.202675
216527ms,216527,135.568,0.203919
216575ms,216575,135.460,0.203041
216607ms,216607,135.544,0.202877
216639ms,216639,135.312,0.202052
216671ms,216671,135.195,0.202984
216703ms,216703,134.787,0.200134
216735ms,216735,134.316,0.201263
216767ms,216767,133.915,0.203297
216800ms,216800,133.455,0.199566
216831ms,216831,133.105,0.202544
216864ms,216864,132.993,0.202656
216896ms,216896,132.896,0.202968
216975ms,216975,132.647,0.213036
217039ms,217039,132.311,0.202129
217071ms,217071,132.395,0.206494
217135ms,217135,132.374,0.204306
217199ms,217199,132.485,0.204923
217231ms,217231,132.561,0.203423
217264ms,217264,132.733,0.200417
217296ms,217296,132.861,0.198908
217343ms,217343,132.984,0.198273
217408ms,217408,133.177,0.198863
217439ms,217439,133.444,0.198849
217471ms,217471,133.705,0.198887
217503ms,217503,134.039,0.198325
217536ms,217536,134.085,0.200998
217567ms,217567,134.394,0.200590
217599ms,217599,134.663,0.200176
217631ms,217631,134.905,0.202537
217664ms,217664,135.357,0.201171
217711ms,217711,135.499,0.201690
217743ms,217743,135.621,0.202188
217775ms,217775,135.433,0.203508
217807ms,217807,135.522,0.204202
217839ms,217839,135.501,0.202736
217872ms,217872,135.471,0.203039
217903ms,217903,135.541,0.203138
217936ms,217936,135.534,0.202741
217967ms,217967,135.416,0.202611
218000ms,218000,135.501,0.202939
218031ms,218031,135.437,0.203205
218063ms,218063,135.401,0.202950
218111ms,218111,135.638,0.202079
218143ms,218143,135.382,0.201581
218175ms,218175,134.761,0.200560
218207ms,218207,134.334,0.201405
218239ms,218239,134.125,0.200061
218272ms,218272,133.463,0.200968
218303ms,218303,133.591,0.199530
218335ms,218335,133.021,0.202737
218367ms,218367,133.188,0.199882
218400ms,218400,132.871,0.209430
218479ms,218479,132.549,0.205152
218511ms,218511,132.295,0.205893
218543ms,218543,132.205,0.203762
218607ms,218607,132.597,0.204248
218671ms,218671,132.440,0.206062
218704ms,218704,132.580,0.201944
218735ms,218735,132.589,0.203054
218768ms,218768,132.650,0.202950
218800ms,218800,133.062,0.198353
218847ms,218847,133.213,0.199584
218879ms,218879,133.065,0.199495
218911ms,218911,133.143,0.199184
218943ms,218943,133.506,0.199029
218975ms,218975,133.801,0.199530
219007ms,219007,133.937,0.200344
219039ms,219039,134.221,0.201845
219071ms,219071,134.527,0.199734
219104ms,219104,134.689,0.200710
219136ms,219136,134.986,0.202574
219167ms,219167,135.389,0.201733
219200ms,219200,135.710,0.202313
219279ms,219279,135.563,0.203575
219311ms,219311,135.436,0.203143
219343ms,219343,135.570,0.203384
219407ms,219407,135.578,0.202857
219440ms,219440,135.525,0.202792
219472ms,219472,135.560,0.203242
219504ms,219504,135.524,0.202931
219536ms,219536,135.659,0.203224
219567ms,219567,135.496,0.203106
219615ms,219615,135.441,0.202073
219647ms,219647,135.292,0.202410
219679ms,219679,134.739,0.200393
219711ms,219711,134.438,0.201524
219743ms,219743,133.976,0.199451
219775ms,219775,133.525,0.200670
219807ms,219807,133.215,0.200022
219840ms,219840,132.898,0.202870
219872ms,219872,132.894,0.204102
220015ms,220015,132.360,0.202368
220047ms,220047,132.370,0.205870
220175ms,220175,132.606,0.211832
220207ms,220207,132.663,0.202631
220240ms,220240,132.594,0.204966
220272ms,220272,132.659,0.199578
220304ms,220304,132.938,0.198058
220335ms,220335,133.290,0.198246
220383ms,220383,133.051,0.198705
220415ms,220415,133.242,0.199787
220447ms,220447,133.705,0.199442
220479ms,220479,133.912,0.198462
220511ms,220511,133.987,0.200478
220575ms,220575,134.659,0.199750
220608ms,220608,134.833,0.201465
220640ms,220640,135.231,0.201361
220704ms,220704,135.554,0.202436
220751ms,220751,135.575,0.203500
220783ms,220783,135.491,0.203332
220815ms,220815,135.523,0.203229
220847ms,220847,135.485,0.203278
220879ms,220879,135.568,0.203111
220911ms,220911,135.525,0.203498
220943ms,220943,135.535,0.203531
220975ms,220975,135.488,0.203282
221007ms,221007,135.530,0.202599
221039ms,221039,135.581,0.202968
221072ms,221072,135.595,0.203430
221119ms,221119,135.363,0.202372
221151ms,221151,134.962,0.201354
221183ms,221183,134.461,0.202824
221215ms,221215,134.212,0.201638
221247ms,221247,133.720,0.202075
221279ms,221279,133.506,0.199694
221311ms,221311,132.903,0.202499
221343ms,221343,133.060,0.202261
221375ms,221375,132.934,0.208296
221440ms,221440,132.557,0.200305
221472ms,221472,132.418,0.205994
221519ms,221519,132.385,0.203460
221583ms,221583,132.586,0.203827
221679ms,221679,132.501,0.205637
221711ms,221711,132.456,0.200856
221744ms,221744,132.765,0.201003
221776ms,221776,133.014,0.199118
221808ms,221808,133.068,0.197676
221839ms,221839,133.189,0.200994
221887ms,221887,133.137,0.199543
221919ms,221919,133.375,0.200810
221951ms,221951,133.659,0.198565
221983ms,221983,133.993,0.199435
222015ms,222015,134.081,0.202668
222047ms,222047,134.531,0.199797
222079ms,222079,134.609,0.200482
222111ms,222111,135.035,0.201660
222143ms,222143,135.297,0.200775
222175ms,222175,135.467,0.201365
222208ms,222208,135.601,0.205263
222255ms,222255,135.616,0.202776
222287ms,222287,135.588,0.203100
222319ms,222319,135.601,0.203039
222351ms,222351,135.549,0.202833
222383ms,222383,135.449,0.203176
222415ms,222415,135.531,0.202859
222447ms,222447,135.548,0.202881
222480ms,222480,135.378,0.203856
222512ms,222512,135.553,0.203562
222544ms,222544,135.538,0.203525
222576ms,222576,135.506,0.202535
222608ms,222608,135.119,0.203064
222655ms,222655,134.589,0.200373
222687ms,222687,134.383,0.201632
222719ms,222719,133.899,0.200088
222751ms,222751,133.692,0.200114
222783ms,222783,133.099,0.200988
222815ms,222815,133.217,0.201280
222847ms,222847,132.946,0.205688
222880ms,222880,132.708,0.205459
222912ms,222912,132.649,0.209015
223023ms,223023,132.467,0.204192
223055ms,223055,132.527,0.211789
223152ms,223152,132.551,0.207200
223183ms,223183,132.544,0.203724
223215ms,223215,132.708,0.199586
223247ms,223247,132.898,0.200083
223280ms,223280,132.961,0.199558
223311ms,223311,133.215,0.198067
223344ms,223344,133.158,0.198682
223423ms,223423,133.830,0.198829
223455ms,223455,133.865,0.198283
223487ms,223487,133.961,0.201548
223520ms,223520,134.433,0.200294
223552ms,223552,134.558,0.199770
223584ms,223584,134.724,0.201179
223647ms,223647,135.448,0.201223
223679ms,223679,135.431,0.202250
223712ms,223712,135.453,0.203803
223744ms,223744,135.619,0.203911
223791ms,223791,135.569,0.202646
223823ms,223823,135.504,0.202941
223855ms,223855,135.584,0.203186
223887ms,223887,135.528,0.203176
223919ms,223919,135.430,0.202814
223951ms,223951,135.567,0.203391
223984ms,223984,135.586,0.202942
224015ms,224015,135.625,0.203179
224047ms,224047,135.486,0.202718
224079ms,224079,135.507,0.201364
224111ms,224111,134.901,0.201151
224159ms,224159,134.455,0.202859
224223ms,224223,133.656,0.202280
224255ms,224255,133.584,0.199276
224287ms,224287,132.908,0.201301
224319ms,224319,132.952,0.202270
224351ms,224351,132.902,0.207945
224415ms,224415,132.452,0.204926
224448ms,224448,132.401,0.207206
224480ms,224480,132.425,0.202092
224527ms,224527,132.402,0.204232
224559ms,224559,132.473,0.207012
224655ms,224655,132.381,0.203991
224687ms,224687,132.627,0.201901
224719ms,224719,132.681,0.201922
224752ms,224752,132.883,0.198657
224783ms,224783,133.117,0.198215
224816ms,224816,133.129,0.200207
224848ms,224848,133.107,0.198643
224879ms,224879,133.317,0.198555
224927ms,224927,133.696,0.198328
224959ms,224959,133.912,0.198949
224991ms,224991,134.023,0.203559
225023ms,225023,134.569,0.199662
225055ms,225055,134.663,0.200688
225087ms,225087,134.959,0.202643
225120ms,225120,135.374,0.202072
225151ms,225151,135.501,0.202532
225184ms,225184,135.547,0.203792
225216ms,225216,135.556,0.203059
225248ms,225248,135.524,0.203663
225295ms,225295,135.526,0.203010
225327ms,225327,135.431,0.202780
225359ms,225359,135.614,0.202832
225391ms,225391,135.493,0.203063
225423ms,225423,135.505,0.203115
225456ms,225456,135.523,0.203221
225487ms,225487,135.402,0.203031
225520ms,225520,135.551,0.202888
225551ms,225551,135.571,0.201682
225584ms,225584,135.172,0.203786
225615ms,225615,134.716,0.200588
225648ms,225648,134.355,0.202715
225695ms,225695,134.090,0.200269
225727ms,225727,133.696,0.200807
225759ms,225759,133.224,0.199460
225791ms,225791,133.082,0.203876
225823ms,225823,132.855,0.201792
225855ms,225855,132.645,0.203655
225952ms,225952,132.463,0.207052
225984ms,225984,132.344,0.204345
226016ms,226016,132.448,0.208602
226127ms,226127,132.551,0.216899
226159ms,226159,132.735,0.200573
226191ms,226191,132.583,0.203866
226223ms,226223,132.583,0.201785
226256ms,226256,133.021,0.197660
226287ms,226287,133.076,0.197690
226320ms,226320,133.090,0.197970
226351ms,226351,133.379,0.200287
226384ms,226384,133.697,0.198444
226431ms,226431,133.896,0.199290
226463ms,226463,133.961,0.199647
226495ms,226495,134.282,0.201504
226527ms,226527,134.404,0.199327
226559ms,226559,134.671,0.201401
226591ms,226591,135.044,0.201009
226623ms,226623,135.377,0.201001
226656ms,226656,135.578,0.202018
226687ms,226687,135.530,0.203037
226720ms,226720,135.661,0.202603
226752ms,226752,135.537,0.202684
226783ms,226783,135.605,0.203402
226831ms,226831,135.635,0.203426
226863ms,226863,135.703,0.202976
226895ms,226895,135.538,0.203498
226927ms,226927,135.469,0.203507
226959ms,226959,135.431,0.203137
227023ms,227023,135.594,0.203280
227055ms,227055,135.388,0.202100
227087ms,227087,135.022,0.202475
227119ms,227119,134.696,0.200066
227152ms,227152,134.151,0.200275
227199ms,227199,133.654,0.200997
227231ms,227231,133.465,0.198813
227263ms,227263,133.053,0.202343
227327ms,227327,132.822,0.203259
227392ms,227392,132.572,0.206693
227424ms,227424,132.483,0.206175
227455ms,227455,132.389,0.202912
227487ms,227487,132.457,0.208413
227520ms,227520,132.355,0.206420
227631ms,227631,132.639,0.209672
227663ms,227663,132.659,0.201556
227695ms,227695,132.690,0.202397
227727ms,227727,132.769,0.198646
227760ms,227760,132.947,0.198086
227823ms,227823,133.227,0.198865
227856ms,227856,133.567,0.198907
227888ms,227888,133.820,0.198414
227919ms,227919,133.873,0.198951
227967ms,227967,134.079,0.201024
227999ms,227999,134.456,0.200630
228031ms,228031,134.432,0.199701
228063ms,228063,134.791,0.201220
228095ms,228095,135.255,0.201700
228127ms,228127,135.530,0.202469
228159ms,228159,135.544,0.202573
228192ms,228192,135.505,0.202949
228223ms,228223,135.519,0.203234
228256ms,228256,135.526,0.203115
228288ms,228288,135.526,0.203210
228335ms,228335,135.560,0.203668
228367ms,228367,135.546,0.203183
228399ms,228399,135.524,0.203071
228431ms,228431,135.541,0.203250
228463ms,228463,135.516,0.203092
228495ms,228495,135.476,0.203599
228528ms,228528,135.474,0.202321
228559ms,228559,135.320,0.201521
228591ms,228591,134.912,0.200738
228624ms,228624,134.478,0.204884
228656ms,228656,134.086,0.199011
228703ms,228703,133.521,0.200810
228735ms,228735,133.278,0.200707
228767ms,228767,133.232,0.206273
228799ms,228799,133.128,0.200867
228831ms,228831,132.893,0.207606
228927ms,228927,132.471,0.204036
228960ms,228960,132.262,0.206123
228992ms,228992,132.599,0.205955
229103ms,229103,132.667,0.219206
229135ms,229135,132.548,0.206324
229167ms,229167,132.511,0.204243
229199ms,229199,132.658,0.199589
229231ms,229231,133.044,0.198013
229264ms,229264,133.309,0.197700
229295ms,229295,132.970,0.198497
229327ms,229327,133.259,0.200364
229360ms,229360,133.561,0.199064
229392ms,229392,133.900,0.198641
229424ms,229424,133.962,0.200015
229503ms,229503,134.561,0.199240
229535ms,229535,134.719,0.200794
229567ms,229567,135.088,0.202392
229599ms,229599,135.238,0.201408
229631ms,229631,135.599,0.202172
229664ms,229664,135.584,0.204151
229695ms,229695,135.507,0.202717
229728ms,229728,135.526,0.203291
229759ms,229759,135.564,0.202908
229791ms,229791,135.399,0.203506
229839ms,229839,135.532,0.203223
229871ms,229871,135.549,0.203028
229903ms,229903,135.590,0.203632
229935ms,229935,135.625,0.203264
229967ms,229967,135.477,0.203118
229999ms,229999,135.582,0.203005
230032ms,230032,135.447,0.202316
230064ms,230064,135.076,0.202692
230095ms,230095,134.736,0.200414
230128ms,230128,134.369,0.201065
230159ms,230159,133.966,0.201342
230192ms,230192,133.490,0.199528
230239ms,230239,133.108,0.202459
230271ms,230271,133.058,0.204254
230303ms,230303,132.822,0.202879
230399ms,230399,132.386,0.202846
230432ms,230432,132.339,0.206099
230463ms,230463,132.505,0.205870
230495ms,230495,132.607,0.203332
230607ms,230607,132.401,0.207040
230639ms,230639,132.598,0.202678
230671ms,230671,132.614,0.202748
230703ms,230703,132.818,0.197504
230735ms,230735,132.963,0.198350
230767ms,230767,133.176,0.198159
230799ms,230799,133.171,0.199100
230832ms,230832,133.444,0.198918
230864ms,230864,133.845,0.198804
230896ms,230896,133.920,0.199235
230928ms,230928,134.053,0.201849
230975ms,230975,134.331,0.199669
231007ms,231007,134.612,0.200498
231039ms,231039,134.906,0.201634
231071ms,231071,135.141,0.201229
231103ms,231103,135.414,0.201610
231135ms,231135,135.558,0.202716
231167ms,231167,135.577,0.202813
231199ms,231199,135.494,0.202687
231231ms,231231,135.493,0.203013
231264ms,231264,135.567,0.203859
231327ms,231327,135.613,0.203086
231375ms,231375,135.431,0.202845
231407ms,231407,135.629,0.203110
231439ms,231439,135.571,0.203076
231471ms,231471,135.578,0.202721
231503ms,231503,135.386,0.202152
231535ms,231535,135.329,0.201682
231568ms,231568,134.891,0.201025
231600ms,231600,134.357,0.203972
231632ms,231632,133.999,0.198804
231664ms,231664,133.531,0.200347
231775ms,231775,132.883,0.203069
231807ms,231807,132.786,0.203224
231871ms,231871,132.514,0.213032
231903ms,231903,132.620,0.203057
231935ms,231935,132.178,0.207891
231999ms,231999,132.348,0.204383
232063ms,232063,132.655,0.207457
232111ms,232111,132.638,0.202211
232143ms,232143,132.525,0.202971
232175ms,232175,132.605,0.205647
232175ms,232175,132.605,0.205647
232207ms,232207,133.087,0.198600
232239ms,232239,133.065,0.200662
232271ms,232271,133.143,0.198744
232303ms,232303,133.346,0.199867
232335ms,232335,133.389,0.198460
232367ms,232367,133.876,0.198656
232399ms,232399,133.897,0.200014
232432ms,232432,134.216,0.203791
232464ms,232464,134.451,0.199886
232511ms,232511,134.670,0.201073
232543ms,232543,135.016,0.201351
232575ms,232575,135.406,0.201450
232607ms,232607,135.522,0.202463
232639ms,232639,135.488,0.203138
232671ms,232671,135.575,0.202909
232703ms,232703,135.609,0.202676
232735ms,232735,135.585,0.203431
232768ms,232768,135.482,0.202763
232799ms,232799,135.485,0.203088
232832ms,232832,135.644,0.203018
232879ms,232879,135.481,0.203448
232911ms,232911,135.363,0.203151
232943ms,232943,135.531,0.202812
232975ms,232975,135.509,0.202869
233007ms,233007,135.431,0.202444
233039ms,233039,135.269,0.203041
233071ms,233071,134.626,0.200285
233104ms,233104,134.231,0.199928
233136ms,233136,133.864,0.202106
233167ms,233167,133.418,0.199404
233200ms,233200,133.057,0.202647
233232ms,233232,132.960,0.203371
233279ms,233279,133.008,0.204575
233407ms,233407,132.512,0.205226
233568ms,233568,132.500,0.201430
233600ms,233600,132.560,0.202529
233647ms,233647,132.609,0.205921
233679ms,233679,132.902,0.199190
233711ms,233711,133.075,0.198321
233743ms,233743,133.012,0.198016
233807ms,233807,133.492,0.199610
233871ms,233871,133.872,0.199433
233904ms,233904,134.145,0.201747
233936ms,233936,134.404,0.200036
233967ms,233967,134.619,0.201375
234015ms,234015,135.100,0.202826
234047ms,234047,135.247,0.201622
234079ms,234079,135.520,0.201579
234111ms,234111,135.461,0.203137
234143ms,234143,135.556,0.203110
234175ms,234175,135.542,0.202835
234207ms,234207,135.591,0.203018
234239ms,234239,135.601,0.203067
234271ms,234271,135.526,0.203330
234304ms,234304,135.518,0.202967
234335ms,234335,135.537,0.203244
234383ms,234383,135.638,0.202934
234415ms,234415,135.509,0.203243
234447ms,234447,135.553,0.203511
234479ms,234479,135.438,0.202650
234511ms,234511,135.297,0.202969
234544ms,234544,134.704,0.199946
234575ms,234575,134.419,0.201629
234608ms,234608,134.044,0.200605
234639ms,234639,133.548,0.199660
234672ms,234672,133.061,0.202368
234704ms,234704,132.957,0.204278
234736ms,234736,132.800,0.201139
234879ms,234879,132.271,0.208404
234943ms,234943,132.617,0.203398
235007ms,235007,132.517,0.217022
235040ms,235040,132.738,0.202443
235071ms,235071,132.653,0.201519
235104ms,235104,132.816,0.201386
235183ms,235183,133.169,0.200021
235215ms,235215,133.028,0.198074
235247ms,235247,133.343,0.199188
235279ms,235279,133.607,0.198450
235311ms,235311,133.782,0.199053
235343ms,235343,133.872,0.199607
235375ms,235375,134.108,0.202418
235407ms,235407,134.588,0.200206
235440ms,235440,134.700,0.200994
235472ms,235472,135.141,0.201438
235504ms,235504,135.343,0.201204
235551ms,235551,135.498,0.202444
235615ms,235615,135.494,0.202636
235647ms,235647,135.577,0.203263
235679ms,235679,135.473,0.202919
235712ms,235712,135.455,0.202898
235743ms,235743,135.491,0.203161
235775ms,235775,135.595,0.203021
235808ms,235808,135.564,0.203547
235840ms,235840,135.443,0.202702
235872ms,235872,135.494,0.203104
235919ms,235919,135.576,0.203310
235951ms,235951,135.470,0.202029
235983ms,235983,135.082,0.201623
236015ms,236015,134.692,0.200254
236047ms,236047,134.263,0.200554
236079ms,236079,133.847,0.202211
236111ms,236111,133.501,0.199280
236143ms,236143,133.107,0.203643
236176ms,236176,132.977,0.204108
236351ms,236351,132.390,0.203530
236383ms,236383,132.447,0.204747
236415ms,236415,132.419,0.205876
236511ms,236511,132.584,0.201309
236543ms,236543,132.556,0.201142
236576ms,236576,132.761,0.204041
236608ms,236608,132.879,0.198583
236640ms,236640,133.048,0.198401
236687ms,236687,133.164,0.199343
236719ms,236719,133.093,0.198507
236751ms,236751,133.528,0.199833
236783ms,236783,133.696,0.198903
236815ms,236815,133.829,0.198657
236847ms,236847,134.026,0.203648
236879ms,236879,134.331,0.199904
236912ms,236912,134.599,0.200378
236944ms,236944,134.782,0.202002
236976ms,236976,135.167,0.201262
237007ms,237007,135.545,0.201232
237055ms,237055,135.443,0.202831
237087ms,237087,135.489,0.203181
237119ms,237119,135.498,0.203208
237151ms,237151,135.489,0.202835
237183ms,237183,135.498,0.203385
237215ms,237215,135.531,0.203554
237247ms,237247,135.514,0.202848
237279ms,237279,135.468,0.203469
237312ms,237312,135.516,0.202685
237344ms,237344,135.468,0.202974
237375ms,237375,135.505,0.203134
237423ms,237423,135.259,0.202761
237455ms,237455,135.220,0.202558
237487ms,237487,134.838,0.200211
237519ms,237519,134.370,0.201951
237551ms,237551,134.003,0.199579
237584ms,237584,133.750,0.200049
237615ms,237615,133.278,0.200140
237647ms,237647,133.099,0.203653
237679ms,237679,132.862,0.204254
237712ms,237712,132.730,0.206243
237743ms,237743,132.629,0.213457
237823ms,237823,132.325,0.208297
237855ms,237855,132.514,0.207398
237983ms,237983,132.551,0.201584
238015ms,238015,132.559,0.202574
238048ms,238048,132.708,0.202173
238080ms,238080,132.955,0.199059
238112ms,238112,133.163,0.199750
238144ms,238144,133.095,0.198697
238191ms,238191,133.188,0.200201
238223ms,238223,133.604,0.199524
238255ms,238255,133.894,0.198873
238287ms,238287,133.888,0.199598
238320ms,238320,134.180,0.204033
238351ms,238351,134.557,0.199713
238383ms,238383,134.709,0.201123
238416ms,238416,135.163,0.201622
238448ms,238448,135.372,0.201463
238479ms,238479,135.520,0.202147
238512ms,238512,135.471,0.203995
238559ms,238559,135.522,0.203209
238591ms,238591,135.558,0.203184
238623ms,238623,135.589,0.203031
238655ms,238655,135.539,0.202899
238687ms,238687,135.496,0.203123
238719ms,238719,135.499,0.203066
238751ms,238751,135.667,0.203115
238784ms,238784,135.499,0.203091
238816ms,238816,135.494,0.203047
238847ms,238847,135.522,0.203024
238880ms,238880,135.238,0.202735
238912ms,238912,134.923,0.201895
238959ms,238959,134.419,0.203362
238991ms,238991,134.123,0.199974
239023ms,239023,133.694,0.202278
239055ms,239055,133.511,0.199662
239087ms,239087,133.083,0.204409
239119ms,239119,133.105,0.203552
239151ms,239151,132.755,0.208914
239247ms,239247,132.389,0.207238
239327ms,239327,132.365,0.205786
239359ms,239359,132.464,0.208366
239424ms,239424,132.544,0.213818
239455ms,239455,132.499,0.202289
239487ms,239487,132.809,0.201817
239519ms,239519,132.625,0.200109
239551ms,239551,132.915,0.199861
239583ms,239583,133.022,0.198112
239616ms,239616,133.167,0.199183
239648ms,239648,133.288,0.198696
239695ms,239695,133.710,0.199030
239759ms,239759,133.813,0.200696
239823ms,239823,134.576,0.199713
239855ms,239855,134.938,0.201620
239887ms,239887,135.200,0.201128
239919ms,239919,135.454,0.201112
239952ms,239952,135.497,0.203066
239984ms,239984,135.525,0.202879
240016ms,240016,135.520,0.202801
240048ms,240048,135.460,0.202465
240095ms,240095,135.445,0.202596
240127ms,240127,135.639,0.202678
240159ms,240159,135.586,0.203446
240191ms,240191,135.593,0.203179
240223ms,240223,135.446,0.203089
240255ms,240255,135.507,0.203575
240287ms,240287,135.517,0.202626
240320ms,240320,135.498,0.202040
240351ms,240351,135.421,0.201814
240383ms,240383,134.975,0.201304
240415ms,240415,134.529,0.200967
240463ms,240463,134.142,0.199710
240495ms,240495,133.600,0.203462
240527ms,240527,133.657,0.199556
240559ms,240559,133.007,0.201307
240591ms,240591,132.941,0.200910
240623ms,240623,133.034,0.205481
240720ms,240720,132.537,0.203629
240752ms,240752,132.361,0.204003
240831ms,240831,132.486,0.200202
240927ms,240927,132.572,0.202830
240959ms,240959,132.665,0.200797
240992ms,240992,132.689,0.199606
241023ms,241023,132.879,0.197767
241056ms,241056,132.977,0.198736
241119ms,241119,133.246,0.199736
241152ms,241152,133.539,0.199979
241184ms,241184,133.757,0.198075
241231ms,241231,133.981,0.199166
241263ms,241263,134.161,0.201121
241295ms,241295,134.422,0.199742
241327ms,241327,134.637,0.200327
241359ms,241359,134.890,0.202214
241391ms,241391,135.219,0.201355
241424ms,241424,135.518,0.201341
241456ms,241456,135.515,0.203623
241488ms,241488,135.625,0.202956
241552ms,241552,135.650,0.202631
241599ms,241599,135.552,0.203527
241631ms,241631,135.665,0.203269
241663ms,241663,135.544,0.202659
241695ms,241695,135.461,0.203880
241727ms,241727,135.571,0.204612
241759ms,241759,135.640,0.202780
241792ms,241792,135.595,0.203105
241824ms,241824,135.571,0.201741
241855ms,241855,135.370,0.201426
241888ms,241888,135.050,0.200863
241920ms,241920,134.324,0.202654
241967ms,241967,133.881,0.199498
241999ms,241999,133.556,0.201381
242031ms,242031,133.472,0.199881
242063ms,242063,133.056,0.203550
242095ms,242095,132.975,0.202878
242127ms,242127,132.765,0.203487
242191ms,242191,132.604,0.204042
242224ms,242224,132.491,0.205313
242256ms,242256,132.384,0.204544
242288ms,242288,132.584,0.205357
242431ms,242431,132.580,0.204444
242463ms,242463,132.634,0.200457
242495ms,242495,132.650,0.202506
242527ms,242527,133.078,0.198470
242559ms,242559,133.189,0.198843
242592ms,242592,133.285,0.199738
242624ms,242624,133.177,0.199639
242656ms,242656,133.625,0.198565
242688ms,242688,133.811,0.198714
242735ms,242735,133.877,0.199558
242767ms,242767,134.174,0.203145
242831ms,242831,134.699,0.200917
242863ms,242863,135.148,0.201858
242895ms,242895,135.370,0.201388
242927ms,242927,135.568,0.201461
242960ms,242960,135.537,0.202869
242992ms,242992,135.405,0.202727
243024ms,243024,135.592,0.203702
243055ms,243055,135.605,0.203009
243088ms,243088,135.486,0.203180
243135ms,243135,135.509,0.203118
243167ms,243167,135.479,0.203018
243199ms,243199,135.546,0.203474
243231ms,243231,135.607,0.203173
243263ms,243263,135.437,0.202920
243295ms,243295,135.601,0.202577
243327ms,243327,135.539,0.202420
243360ms,243360,135.300,0.204039
243391ms,243391,134.784,0.200011
243424ms,243424,134.306,0.202112
243456ms,243456,133.989,0.199531
243503ms,243503,133.464,0.199746
243535ms,243535,133.160,0.200940
243567ms,243567,132.984,0.201606
243599ms,243599,132.835,0.201554
243631ms,243631,132.650,0.205482
243728ms,243728,132.261,0.207620
243760ms,243760,132.369,0.207107
243792ms,243792,132.632,0.205290
243935ms,243935,132.392,0.200680
243967ms,243967,132.592,0.200910
243999ms,243999,132.488,0.203009
244031ms,244031,132.967,0.197972
244063ms,244063,133.106,0.197583
244127ms,244127,133.570,0.200594
244160ms,244160,133.782,0.198323
244192ms,244192,134.012,0.198471
244271ms,244271,134.463,0.199994
244303ms,244303,134.632,0.199789
244335ms,244335,134.879,0.200967
244367ms,244367,135.125,0.201076
244399ms,244399,135.492,0.201713
244431ms,244431,135.581,0.202112
244495ms,244495,135.539,0.202763
244527ms,244527,135.537,0.202728
244560ms,244560,135.519,0.203555
244607ms,244607,135.441,0.203318
244639ms,244639,135.417,0.202948
244671ms,244671,135.532,0.203141
244703ms,244703,135.483,0.203052
244735ms,244735,135.502,0.202611
244767ms,244767,135.445,0.202512
244800ms,244800,135.465,0.202286
244832ms,244832,135.412,0.201806
244864ms,244864,134.913,0.201155
244895ms,244895,134.528,0.201082
244927ms,244927,134.072,0.200146
244960ms,244960,133.630,0.201963
245007ms,245007,133.570,0.201520
245039ms,245039,132.957,0.204417
245071ms,245071,133.155,0.200569
245103ms,245103,132.836,0.208731
245167ms,245167,132.474,0.200847
245199ms,245199,132.433,0.206351
245231ms,245231,132.399,0.204521
245263ms,245263,132.476,0.206102
245296ms,245296,132.412,0.206478
245407ms,245407,132.464,0.203672
245439ms,245439,132.496,0.200951
245471ms,245471,132.637,0.201085
245503ms,245503,133.023,0.198559
245535ms,245535,133.185,0.198271
245567ms,245567,133.132,0.200247
245599ms,245599,133.073,0.199554
245632ms,245632,133.716,0.198659
245663ms,245663,133.694,0.197972
245696ms,245696,133.870,0.199672
245728ms,245728,134.135,0.202318
245775ms,245775,134.469,0.199273
245807ms,245807,134.627,0.200902
245839ms,245839,134.920,0.202445
245871ms,245871,135.266,0.201525
245903ms,245903,135.582,0.201487
245935ms,245935,135.648,0.202223
245967ms,245967,135.367,0.203467
245999ms,245999,135.557,0.204100
246031ms,246031,135.513,0.204001
246064ms,246064,135.411,0.202962
246096ms,246096,135.608,0.203828
246143ms,246143,135.476,0.202783
246175ms,246175,135.514,0.203846
246207ms,246207,135.555,0.202322
246239ms,246239,135.554,0.203126
246271ms,246271,135.548,0.202719
246304ms,246304,135.533,0.202209
246367ms,246367,134.839,0.200947
246399ms,246399,134.363,0.201879
246432ms,246432,133.868,0.199127
246464ms,246464,133.694,0.200419
246496ms,246496,133.402,0.201042
246543ms,246543,133.035,0.203392
246575ms,246575,132.889,0.202805
246607ms,246607,132.599,0.203448
246671ms,246671,132.511,0.204213
246704ms,246704,132.408,0.207060
246735ms,246735,132.338,0.207303
246767ms,246767,132.475,0.202978
246799ms,246799,132.384,0.204524
246911ms,246911,132.620,0.203294
246943ms,246943,132.582,0.202285
246975ms,246975,132.596,0.200839
247007ms,247007,132.956,0.198466
247039ms,247039,133.057,0.198451
247071ms,247071,133.031,0.198164
247103ms,247103,133.107,0.198741
247135ms,247135,133.671,0.198686
247167ms,247167,133.655,0.197813
247200ms,247200,133.988,0.199541
247232ms,247232,134.027,0.201397
247279ms,247279,134.451,0.198865
247343ms,247343,135.011,0.201708
247407ms,247407,135.535,0.201321
247439ms,247439,135.511,0.203444
247471ms,247471,135.506,0.202993
247504ms,247504,135.393,0.203399
247535ms,247535,135.577,0.202952
247568ms,247568,135.458,0.202849
247631ms,247631,135.533,0.203245
247679ms,247679,135.579,0.202696
247711ms,247711,135.633,0.203164
247743ms,247743,135.579,0.203081
247775ms,247775,135.504,0.202831
247807ms,247807,135.551,0.202238
247839ms,247839,135.210,0.202354
247871ms,247871,134.797,0.200302
247904ms,247904,134.387,0.204189
247935ms,247935,134.016,0.199496
247968ms,247968,133.588,0.202422
248000ms,248000,133.476,0.199819
248047ms,248047,133.104,0.206488
248079ms,248079,132.898,0.202381
248111ms,248111,132.731,0.208966
248175ms,248175,132.637,0.206051
248239ms,248239,132.234,0.206993
248304ms,248304,132.426,0.208070
248415ms,248415,132.609,0.204015
248447ms,248447,132.675,0.202288
248479ms,248479,132.659,0.203255
248511ms,248511,133.041,0.198019
248543ms,248543,133.319,0.199067
248575ms,248575,133.195,0.198841
248607ms,248607,133.223,0.200001
248639ms,248639,133.582,0.198128
248672ms,248672,133.787,0.199040
248703ms,248703,133.842,0.199689
248735ms,248735,134.308,0.200671
248783ms,248783,134.617,0.199960
248815ms,248815,134.707,0.201104
248847ms,248847,135.035,0.201080
248879ms,248879,135.310,0.201538
248911ms,248911,135.564,0.202287
248943ms,248943,135.460,0.203316
248975ms,248975,135.466,0.202825
249007ms,249007,135.544,0.202640
249040ms,249040,135.517,0.202577
249071ms,249071,135.442,0.202754
249103ms,249103,135.598,0.203080
249136ms,249136,135.495,0.202927
249183ms,249183,135.487,0.203084
249215ms,249215,135.410,0.203461
249247ms,249247,135.475,0.203519
249279ms,249279,135.532,0.203568
249311ms,249311,135.481,0.201569
249343ms,249343,135.114,0.203019
249375ms,249375,134.693,0.200064
249408ms,249408,134.323,0.201439
249439ms,249439,133.851,0.200754
249472ms,249472,133.420,0.199436
249504ms,249504,133.083,0.201910
249551ms,249551,132.994,0.206941
249583ms,249583,132.811,0.205517
249711ms,249711,132.379,0.200866
249743ms,249743,132.342,0.207238
249775ms,249775,132.323,0.206975
249872ms,249872,132.356,0.208666
249951ms,249951,132.690,0.200506
249983ms,249983,132.835,0.198231
250015ms,250015,132.976,0.198344
250047ms,250047,133.231,0.198137
250079ms,250079,133.249,0.199211
250111ms,250111,133.421,0.199773
250143ms,250143,133.604,0.197994
250175ms,250175,133.771,0.198783
250207ms,250207,133.978,0.201141
250240ms,250240,134.364,0.199605
250271ms,250271,134.537,0.200126
250319ms,250319,134.813,0.201891
250351ms,250351,135.114,0.201136
250383ms,250383,135.273,0.201192
250415ms,250415,135.557,0.202945
250447ms,250447,135.512,0.202546
250479ms,250479,135.482,0.202657
250511ms,250511,135.559,0.202781
250544ms,250544,135.422,0.203074
250575ms,250575,135.463,0.202946
250608ms,250608,135.477,0.202987
250640ms,250640,135.617,0.202916
250687ms,250687,135.594,0.202642
250719ms,250719,135.614,0.202953
250751ms,250751,135.537,0.202773
250783ms,250783,135.552,0.203246
250815ms,250815,135.339,0.202198
250847ms,250847,134.978,0.201088
250879ms,250879,134.441,0.202480
250911ms,250911,134.050,0.200430
250944ms,250944,133.753,0.201535
250976ms,250976,133.485,0.199492
251008ms,251008,132.897,0.202771
251040ms,251040,132.974,0.201888
251087ms,251087,132.849,0.211075
251151ms,251151,132.410,0.204183
251183ms,251183,132.263,0.203928
251215ms,251215,132.317,0.204828
251279ms,251279,132.511,0.203601
251343ms,251343,132.644,0.210831
251376ms,251376,132.620,0.202444
251376ms,251376,132.620,0.202444
251487ms,251487,132.987,0.198222
251487ms,251487,132.987,0.198222
251519ms,251519,133.097,0.198908
251519ms,251519,133.097,0.198908
251551ms,251551,133.086,0.198949
251551ms,251551,133.086,0.198949
251583ms,251583,133.297,0.200331
251583ms,251583,133.297,0.200331
251615ms,251615,133.760,0.198627
251615ms,251615,133.760,0.198627
251679ms,251679,133.954,0.199975
251679ms,251679,133.954,0.199975
251712ms,251712,134.277,0.204575
251712ms,251712,134.277,0.204575
251744ms,251744,134.554,0.200166
251776ms,251776,134.659,0.201018
251823ms,251823,134.851,0.202248
251855ms,251855,135.283,0.201498
251887ms,251887,135.439,0.201724
251919ms,251919,135.652,0.202746
251951ms,251951,135.483,0.203264
251983ms,251983,135.558,0.204125
252015ms,252015,135.566,0.203245
252047ms,252047,135.569,0.203239
252080ms,252080,135.558,0.203497
252112ms,252112,135.436,0.203083
252144ms,252144,135.421,0.203234
252176ms,252176,135.562,0.203130
252223ms,252223,135.572,0.203427
252255ms,252255,135.382,0.203539
252287ms,252287,135.416,0.201497
252319ms,252319,135.067,0.204911
252351ms,252351,134.629,0.200057
252383ms,252383,134.327,0.201634
252415ms,252415,133.852,0.201388
252448ms,252448,133.569,0.200492
252511ms,252511,132.908,0.203344
252544ms,252544,132.738,0.201086
252591ms,252591,132.611,0.203657
252623ms,252623,132.769,0.214873
252655ms,252655,132.481,0.201415
252687ms,252687,132.500,0.203854
252719ms,252719,132.310,0.206523
252847ms,252847,132.487,0.208819
252880ms,252880,132.450,0.201575
252912ms,252912,132.566,0.203217
252991ms,252991,132.945,0.198880
253023ms,253023,133.233,0.199006
253055ms,253055,133.214,0.199560
253087ms,253087,133.477,0.199418
253119ms,253119,133.755,0.198714
253151ms,253151,133.916,0.199758
253184ms,253184,134.044,0.202000
253215ms,253215,134.437,0.199586
253247ms,253247,134.620,0.200211
253279ms,253279,135.014,0.202961
253312ms,253312,135.158,0.201319
253359ms,253359,135.429,0.201980
253391ms,253391,135.505,0.202874
253423ms,253423,135.507,0.202744
253455ms,253455,135.501,0.203132
253487ms,253487,135.502,0.202945
253519ms,253519,135.496,0.203071
253551ms,253551,135.535,0.203258
253583ms,253583,135.583,0.203090
253615ms,253615,135.541,0.203804
253647ms,253647,135.475,0.203008
253680ms,253680,135.641,0.202481
253727ms,253727,135.579,0.202443
253759ms,253759,135.478,0.203711
253791ms,253791,135.395,0.201941
253823ms,253823,134.831,0.201216
253855ms,253855,134.316,0.203366
253887ms,253887,134.096,0.199973
253919ms,253919,133.625,0.201763
253951ms,253951,133.500,0.200070
253983ms,253983,132.903,0.201405
254015ms,254015,132.957,0.202245
254048ms,254048,133.005,0.200668
254127ms,254127,132.483,0.200626
254191ms,254191,132.250,0.211158
254255ms,254255,132.560,0.206880
254352ms,254352,132.483,0.203921
254384ms,254384,132.544,0.203262
254416ms,254416,132.622,0.206354
254495ms,254495,133.184,0.198107
254527ms,254527,133.100,0.198654
254559ms,254559,133.193,0.198993
254591ms,254591,133.455,0.198526
254623ms,254623,133.688,0.197902
254655ms,254655,133.916,0.199680
254687ms,254687,134.141,0.201530
254719ms,254719,134.579,0.199524
254752ms,254752,134.751,0.200592
254784ms,254784,134.994,0.202419
254816ms,254816,135.407,0.201284
254863ms,254863,135.460,0.201775
254895ms,254895,135.616,0.202832
254927ms,254927,135.514,0.203670
254959ms,254959,135.464,0.203326
254991ms,254991,135.578,0.203077
255023ms,255023,135.603,0.203085
255055ms,255055,135.594,0.203206
255087ms,255087,135.419,0.203022
255119ms,255119,135.405,0.203031
255151ms,255151,135.510,0.203104
255184ms,255184,135.481,0.204142
255216ms,255216,135.456,0.203530
255263ms,255263,135.578,0.202070
255295ms,255295,135.148,0.203146
255327ms,255327,134.673,0.200512
255359ms,255359,134.342,0.201853
255391ms,255391,133.981,0.200321
255423ms,255423,133.558,0.201563
255455ms,255455,133.185,0.203678
255488ms,255488,133.074,0.202681
255519ms,255519,132.695,0.203643
255552ms,255552,132.647,0.205384
255631ms,255631,132.419,0.206124
255663ms,255663,132.410,0.202883
255695ms,255695,132.445,0.207149
255727ms,255727,132.381,0.205804
255823ms,255823,132.583,0.206257
255856ms,255856,132.469,0.202109
255887ms,255887,132.704,0.200298
255920ms,255920,132.900,0.198298
255952ms,255952,133.042,0.198220
255999ms,255999,133.055,0.198569
256031ms,256031,133.300,0.199311
256063ms,256063,133.432,0.198973
256095ms,256095,133.689,0.198773
256127ms,256127,133.903,0.198601
256160ms,256160,133.997,0.200339
256191ms,256191,134.268,0.201478
256224ms,256224,134.514,0.200433
256256ms,256256,134.886,0.201992
256288ms,256288,135.270,0.201057
256320ms,256320,135.490,0.201127
256352ms,256352,135.563,0.202240
256399ms,256399,135.577,0.202876
256431ms,256431,135.557,0.203487
256463ms,256463,135.526,0.203374
256495ms,256495,135.519,0.203333
256527ms,256527,135.608,0.203015
256559ms,256559,135.465,0.203350
256591ms,256591,135.510,0.203367
256623ms,256623,135.600,0.202574
256655ms,256655,135.507,0.203303
256687ms,256687,135.505,0.203112
256720ms,256720,135.456,0.202446
256767ms,256767,135.370,0.202522
256831ms,256831,134.482,0.203688
256863ms,256863,134.048,0.199884
256895ms,256895,133.651,0.200963
256927ms,256927,133.548,0.200017
256959ms,256959,133.090,0.204631
256991ms,256991,132.973,0.202826
257087ms,257087,132.378,0.199678
257135ms,257135,132.374,0.207782
257167ms,257167,132.341,0.214621
257199ms,257199,132.499,0.205564
257231ms,257231,132.392,0.204607
257327ms,257327,132.653,0.201511
257359ms,257359,132.531,0.199970
257391ms,257391,132.805,0.201468
257424ms,257424,133.009,0.198033
257456ms,257456,133.222,0.198814
257488ms,257488,133.016,0.198625
257535ms,257535,133.100,0.199391
257567ms,257567,133.751,0.198991
257599ms,257599,133.650,0.198883
257631ms,257631,133.967,0.199922
257663ms,257663,134.117,0.202139
257695ms,257695,134.561,0.199501
257727ms,257727,134.672,0.200909
257759ms,257759,134.917,0.201850
257791ms,257791,135.217,0.201725
257824ms,257824,135.503,0.202015
257903ms,257903,135.455,0.203924
257935ms,257935,135.566,0.203892
257967ms,257967,135.578,0.204151
257999ms,257999,135.569,0.203138
258031ms,258031,135.576,0.202883
258063ms,258063,135.619,0.202591
258095ms,258095,135.388,0.203023
258127ms,258127,135.541,0.203088
258159ms,258159,135.460,0.203015
258191ms,258191,135.580,0.203070
258224ms,258224,135.525,0.202608
258271ms,258271,135.261,0.202849
258303ms,258303,134.705,0.200415
258367ms,258367,134.029,0.200422
258399ms,258399,133.355,0.199945
258431ms,258431,133.217,0.198761
258463ms,258463,132.959,0.200667
258495ms,258495,132.863,0.206509
258559ms,258559,132.835,0.220683
258639ms,258639,132.414,0.201940
258671ms,258671,132.474,0.208114
258703ms,258703,132.467,0.208778
258799ms,258799,132.559,0.204179
258831ms,258831,132.562,0.200542
258863ms,258863,132.717,0.204097
258895ms,258895,132.848,0.198607
258927ms,258927,133.021,0.198274
258959ms,258959,133.047,0.198386
258991ms,258991,133.124,0.199252
259039ms,259039,133.323,0.199819
259071ms,259071,133.698,0.198175
259103ms,259103,133.856,0.198312
259135ms,259135,133.880,0.200381
259167ms,259167,134.353,0.200055
259199ms,259199,134.626,0.199915
259231ms,259231,134.900,0.202413
259264ms,259264,135.226,0.201787
259295ms,259295,135.443,0.201573
259328ms,259328,135.505,0.202109
259360ms,259360,135.451,0.203315
259407ms,259407,135.633,0.203018
259439ms,259439,135.640,0.202959
259471ms,259471,135.512,0.203739
259503ms,259503,135.558,0.203482
259535ms,259535,135.549,0.203416
259567ms,259567,135.539,0.203491
259599ms,259599,135.547,0.203275
259632ms,259632,135.564,0.203327
259663ms,259663,135.619,0.202763
259727ms,259727,135.302,0.203452
259760ms,259760,134.942,0.200942
259807ms,259807,134.374,0.203517
259839ms,259839,134.066,0.199838
259871ms,259871,133.508,0.201263
259903ms,259903,133.435,0.199779
259935ms,259935,132.935,0.201406
259967ms,259967,132.942,0.203321
259999ms,259999,132.783,0.204346
260064ms,260064,132.326,0.202000
260096ms,260096,132.425,0.204196
260128ms,260128,132.257,0.209348
260207ms,260207,132.465,0.211245
260303ms,260303,132.724,0.203067
260335ms,260335,132.636,0.201700
260367ms,260367,132.750,0.203485
260399ms,260399,133.119,0.198493
260432ms,260432,133.310,0.197825
260464ms,260464,133.249,0.198365
260496ms,260496,133.408,0.199252
260528ms,260528,133.594,0.199148
260575ms,260575,133.862,0.198583
260607ms,260607,133.826,0.200049
260639ms,260639,134.185,0.201815
260703ms,260703,134.807,0.201207
260767ms,260767,135.261,0.201220
260799ms,260799,135.504,0.202124
260832ms,260832,135.428,0.202892
260864ms,260864,135.522,0.203309
260896ms,260896,135.462,0.203896
260943ms,260943,135.484,0.203550
260975ms,260975,135.455,0.203217
261007ms,261007,135.525,0.203424
261039ms,261039,135.504,0.203106
261071ms,261071,135.468,0.203302
261103ms,261103,135.465,0.203366
261135ms,261135,135.430,0.203331
261167ms,261167,135.488,0.203288
261200ms,261200,135.406,0.202297
261232ms,261232,135.019,0.201909
261264ms,261264,134.738,0.200662
261311ms,261311,134.306,0.200786
261343ms,261343,133.714,0.202139
261375ms,261375,133.468,0.200505
261407ms,261407,133.000,0.203161
261439ms,261439,132.870,0.205680
261471ms,261471,132.786,0.204768
261535ms,261535,132.671,0.200631
261599ms,261599,132.263,0.203600
261679ms,261679,132.565,0.205443
261775ms,261775,132.533,0.203775
261807ms,261807,132.541,0.200789
261839ms,261839,132.623,0.202940
261871ms,261871,133.008,0.198608
261904ms,261904,133.041,0.199097
261935ms,261935,133.202,0.198647
261968ms,261968,133.269,0.200572
261999ms,261999,133.494,0.200187
262031ms,262031,133.788,0.198167
262079ms,262079,133.876,0.199684
262111ms,262111,134.201,0.201790
262143ms,262143,134.440,0.199896
262175ms,262175,134.689,0.201130
262207ms,262207,135.046,0.203369
262239ms,262239,135.307,0.201000
262271ms,262271,135.448,0.202519
262304ms,262304,135.532,0.203511
262336ms,262336,135.552,0.203322
262368ms,262368,135.598,0.203598
262400ms,262400,135.616,0.203234
262447ms,262447,135.638,0.203537
262511ms,262511,135.504,0.203334
262543ms,262543,135.574,0.203277
262575ms,262575,135.621,0.203172
262607ms,262607,135.538,0.202750
262639ms,262639,135.587,0.203126
262672ms,262672,135.403,0.201900
262703ms,262703,135.309,0.202414
262735ms,262735,134.593,0.199949
262767ms,262767,134.391,0.201034
262800ms,262800,133.911,0.202322
262847ms,262847,133.517,0.199245
262879ms,262879,133.066,0.201909
262911ms,262911,133.051,0.202387
262943ms,262943,132.916,0.205914
262975ms,262975,132.744,0.205186
263007ms,263007,132.620,0.211496
263040ms,263040,132.525,0.204421
263072ms,263072,132.400,0.204724
263104ms,263104,132.413,0.203788
263247ms,263247,132.574,0.202501
263279ms,263279,132.432,0.202016
263311ms,263311,132.753,0.201635
263343ms,263343,132.857,0.198094
263375ms,263375,132.919,0.198627
263408ms,263408,133.069,0.199515
263471ms,263471,133.485,0.199871
263535ms,263535,133.980,0.198752
263583ms,263583,134.222,0.200026
263615ms,263615,134.342,0.199832
263647ms,263647,134.514,0.200344
263679ms,263679,134.920,0.201904
263711ms,263711,135.291,0.201523
263743ms,263743,135.565,0.202193
263775ms,263775,135.571,0.202803
263808ms,263808,135.459,0.203406
263839ms,263839,135.452,0.203248
263872ms,263872,135.494,0.203070
263904ms,263904,135.560,0.203361
263935ms,263935,135.642,0.202907
263983ms,263983,135.706,0.203407
264015ms,264015,135.523,0.202786
264047ms,264047,135.484,0.203113
264079ms,264079,135.498,0.203581
264111ms,264111,135.581,0.203497
264143ms,264143,135.548,0.202104
264175ms,264175,135.332,0.202274
264207ms,264207,134.813,0.200534
264240ms,264240,134.445,0.201869
264272ms,264272,133.904,0.199052
264304ms,264304,133.556,0.199937
264351ms,264351,133.519,0.200392
264383ms,264383,133.086,0.203830
264415ms,264415,132.948,0.202511
264447ms,264447,132.789,0.204476
264511ms,264511,132.595,0.206609
264543ms,264543,132.280,0.206361
264608ms,264608,132.372,0.205257
264719ms,264719,132.422,0.208850
264751ms,264751,132.495,0.199494
264783ms,264783,132.443,0.199781
264815ms,264815,132.655,0.198701
264847ms,264847,132.959,0.198211
264879ms,264879,133.152,0.198407
264912ms,264912,133.195,0.199383
264943ms,264943,133.254,0.199074
264976ms,264976,133.748,0.199018
265008ms,265008,133.925,0.199404
265040ms,265040,134.067,0.201301
265072ms,265072,134.439,0.200723
265119ms,265119,134.504,0.199791
265151ms,265151,134.808,0.201097
265183ms,265183,135.107,0.201774
265215ms,265215,135.362,0.201515
265279ms,265279,135.522,0.203728
265311ms,265311,135.397,0.202462
265343ms,265343,135.491,0.203046
265376ms,265376,135.459,0.203266
265408ms,265408,135.492,0.203245
265440ms,265440,135.490,0.203454
265487ms,265487,135.387,0.202978
265519ms,265519,135.467,0.203442
265551ms,265551,135.534,0.203227
265583ms,265583,135.449,0.203146
265615ms,265615,135.573,0.202151
265647ms,265647,135.300,0.202881
265679ms,265679,134.905,0.201385
265711ms,265711,134.441,0.201865
265743ms,265743,134.151,0.200160
265776ms,265776,133.706,0.202174
265808ms,265808,133.622,0.199845
265855ms,265855,132.795,0.201234
265887ms,265887,132.978,0.202197
265919ms,265919,132.893,0.205756
265983ms,265983,132.554,0.203100
266015ms,266015,132.418,0.203770
266047ms,266047,132.349,0.203112
266079ms,266079,132.343,0.199989
266111ms,266111,132.363,0.207306
266176ms,266176,132.670,0.212346
266208ms,266208,132.568,0.200461
266255ms,266255,132.562,0.205659
266287ms,266287,132.633,0.200405
266319ms,266319,132.990,0.198009
266351ms,266351,133.002,0.199711
266383ms,266383,133.084,0.198393
266415ms,266415,133.410,0.201463
266447ms,266447,133.561,0.198880
266479ms,266479,133.854,0.198214
266511ms,266511,133.800,0.199355
266544ms,266544,134.261,0.203294
266623ms,266623,134.772,0.201480
266655ms,266655,135.012,0.202510
266687ms,266687,135.336,0.201093
266719ms,266719,135.548,0.201694
266751ms,266751,135.470,0.203714
266783ms,266783,135.616,0.203208
266815ms,266815,135.636,0.203165
266847ms,266847,135.481,0.202965
266880ms,266880,135.402,0.203079
266912ms,266912,135.456,0.203540
266944ms,266944,135.400,0.203484
266991ms,266991,135.540,0.203112
267023ms,267023,135.447,0.203010
267055ms,267055,135.544,0.203132
267087ms,267087,135.485,0.203565
267119ms,267119,135.465,0.202086
267151ms,267151,134.954,0.201866
267183ms,267183,134.456,0.200080
267215ms,267215,134.239,0.200373
267247ms,267247,133.742,0.201658
267280ms,267280,133.553,0.200388
267311ms,267311,133.007,0.205270
267344ms,267344,132.993,0.203287
267391ms,267391,132.886,0.202958
267455ms,267455,132.724,0.204263
267551ms,267551,132.515,0.204464
267679ms,267679,132.562,0.204471
267712ms,267712,132.571,0.201648
267759ms,267759,132.662,0.203770
267791ms,267791,133.044,0.199052
267823ms,267823,133.136,0.198479
267855ms,267855,132.978,0.198165
267887ms,267887,133.091,0.198915
267919ms,267919,133.651,0.198044
267951ms,267951,133.725,0.198610
267984ms,267984,133.896,0.199022
268015ms,268015,134.161,0.202354
268047ms,268047,134.493,0.199833
268079ms,268079,134.572,0.200712
268127ms,268127,134.963,0.202021
268159ms,268159,135.253,0.201675
268191ms,268191,135.453,0.201535
268223ms,268223,135.456,0.203861
268255ms,268255,135.557,0.202708
268287ms,268287,135.521,0.203024
268319ms,268319,135.485,0.203227
268352ms,268352,135.495,0.203111
268383ms,268383,135.502,0.203375
268415ms,268415,135.671,0.203117
268447ms,268447,135.402,0.203948
268480ms,268480,135.468,0.203780
268527ms,268527,135.485,0.203365
268559ms,268559,135.439,0.203314
268591ms,268591,135.522,0.202580
268623ms,268623,135.371,0.202535
268655ms,268655,134.948,0.200924
268687ms,268687,134.283,0.202230
268719ms,268719,134.026,0.199734
268751ms,268751,133.461,0.200889
268783ms,268783,133.519,0.199260
268815ms,268815,133.088,0.203782
268848ms,268848,133.158,0.200702
268895ms,268895,132.785,0.212769
268959ms,268959,132.379,0.202566
268991ms,268991,132.505,0.210814
269024ms,269024,132.479,0.206729
269055ms,269055,132.317,0.202159
269087ms,269087,132.267,0.205547
269151ms,269151,132.459,0.204938
269184ms,269184,132.594,0.201168
269215ms,269215,132.898,0.200915
269248ms,269248,132.716,0.198987
269295ms,269295,132.929,0.197901
269327ms,269327,133.171,0.198201
269359ms,269359,133.197,0.199263
269391ms,269391,133.443,0.200527
269423ms,269423,133.685,0.198625
269455ms,269455,133.869,0.198893
269487ms,269487,133.932,0.200018
269520ms,269520,134.393,0.201324
269551ms,269551,134.553,0.200259
269584ms,269584,134.945,0.202295
269616ms,269616,135.176,0.201707
269663ms,269663,135.445,0.201321
269695ms,269695,135.455,0.202456
269759ms,269759,135.381,0.203590
269791ms,269791,135.487,0.203183
269823ms,269823,135.690,0.203038
269855ms,269855,135.531,0.203417
269887ms,269887,135.521,0.203228
269919ms,269919,135.525,0.203363
269952ms,269952,135.592,0.203224
269984ms,269984,135.588,0.203438
270031ms,270031,135.586,0.203140
270063ms,270063,135.649,0.202648
270095ms,270095,135.236,0.201567
270127ms,270127,134.931,0.201681
270159ms,270159,134.355,0.203035
270191ms,270191,134.064,0.200059
270223ms,270223,133.588,0.202467
270255ms,270255,133.555,0.201413
270287ms,270287,133.233,0.204072
270319ms,270319,133.022,0.204811
270352ms,270352,132.819,0.201624
270431ms,270431,132.710,0.202024
270463ms,270463,132.487,0.201734
270495ms,270495,132.325,0.211637
270559ms,270559,132.345,0.207219
270655ms,270655,132.548,0.201402
270687ms,270687,132.423,0.201319
270719ms,270719,132.663,0.203917
270719ms,270719,132.663,0.203917
270752ms,270752,132.997,0.198704
270752ms,270752,132.997,0.198704
270799ms,270799,132.930,0.198419
270831ms,270831,133.020,0.198594
270863ms,270863,133.454,0.199327
270895ms,270895,133.599,0.199076
270927ms,270927,133.840,0.199064
270959ms,270959,133.803,0.199376
270991ms,270991,134.290,0.203353
271024ms,271024,134.489,0.199803
271055ms,271055,134.763,0.201309
271088ms,271088,135.033,0.201465
271120ms,271120,135.316,0.201392
271167ms,271167,135.462,0.202210
271199ms,271199,135.614,0.204240
271231ms,271231,135.549,0.203773
271263ms,271263,135.561,0.203781
271295ms,271295,135.501,0.203136
271327ms,271327,135.466,0.203347
271359ms,271359,135.533,0.202795
271391ms,271391,135.449,0.203379
271423ms,271423,135.465,0.203164
271456ms,271456,135.652,0.203161
271488ms,271488,135.547,0.203216
271519ms,271519,135.391,0.203198
271599ms,271599,135.009,0.202503
271631ms,271631,134.660,0.200359
271663ms,271663,134.152,0.200493
271695ms,271695,133.696,0.202959
271727ms,271727,133.452,0.199570
271760ms,271760,133.061,0.203762
271792ms,271792,133.029,0.206632
271824ms,271824,132.904,0.203905
271856ms,271856,132.714,0.211260
271888ms,271888,132.801,0.214854
271967ms,271967,132.611,0.203130
272031ms,272031,132.570,0.201838
272128ms,272128,132.368,0.201223
272160ms,272160,132.452,0.200881
272192ms,272192,132.656,0.204138
272255ms,272255,133.085,0.198472
272303ms,272303,133.206,0.199210
272335ms,272335,133.169,0.199302
272367ms,272367,133.397,0.199150
272399ms,272399,133.685,0.198133
272431ms,272431,134.004,0.199599
272463ms,272463,134.179,0.201085
272496ms,272496,134.340,0.200628
272527ms,272527,134.509,0.200303
272559ms,272559,134.942,0.201880
272592ms,272592,135.211,0.201828
272624ms,272624,135.427,0.201249
272656ms,272656,135.556,0.202480
272703ms,272703,135.416,0.203558
272735ms,272735,135.650,0.203518
272767ms,272767,135.531,0.203182
272799ms,272799,135.431,0.202549
272831ms,272831,135.472,0.203064
272863ms,272863,135.492,0.203231
272895ms,272895,135.568,0.203049
272927ms,272927,135.470,0.202860
272960ms,272960,135.618,0.203105
272992ms,272992,135.550,0.203147
273024ms,273024,135.423,0.203809
273071ms,273071,135.182,0.202435
273103ms,273103,134.926,0.201032
273135ms,273135,134.463,0.202780
273167ms,273167,134.063,0.199666
273199ms,273199,133.600,0.201216
273231ms,273231,133.532,0.202096
273263ms,273263,132.844,0.205048
273295ms,273295,133.205,0.205456
273327ms,273327,132.768,0.204266
273392ms,273392,132.595,0.200244
273471ms,273471,132.372,0.207256
273535ms,273535,132.338,0.204026
273631ms,273631,132.598,0.203210
273663ms,273663,132.673,0.202488
273695ms,273695,132.635,0.202678
273728ms,273728,132.874,0.199332
273760ms,273760,133.138,0.197480
273792ms,273792,133.135,0.198579
273839ms,273839,133.235,0.201716
273871ms,273871,133.662,0.199276
273903ms,273903,133.837,0.199006
273935ms,273935,133.949,0.199239
273999ms,273999,134.508,0.200448
274031ms,274031,134.543,0.200435
274063ms,274063,135.094,0.201963
274095ms,274095,135.431,0.201680
274128ms,274128,135.443,0.201883
274160ms,274160,135.496,0.203125
274207ms,274207,135.451,0.202878
274239ms,274239,135.474,0.203195
274271ms,274271,135.473,0.202898
274303ms,274303,135.482,0.203261
274335ms,274335,135.507,0.203079
274367ms,274367,135.504,0.203108
274400ms,274400,135.517,0.203296
274432ms,274432,135.409,0.203301
274464ms,274464,135.535,0.203267
274496ms,274496,135.469,0.203238
274528ms,274528,135.353,0.202327
274575ms,274575,135.161,0.202603
274607ms,274607,134.708,0.200256
274639ms,274639,134.352,0.200946
274671ms,274671,133.817,0.204189
274703ms,274703,133.363,0.199452
274735ms,274735,133.179,0.203700
274767ms,274767,132.891,0.202098
274799ms,274799,132.832,0.203487
274831ms,274831,132.657,0.208108
274864ms,274864,132.742,0.214655
274928ms,274928,132.239,0.208156
274975ms,274975,132.237,0.203573
275103ms,275103,132.400,0.209494
275135ms,275135,132.380,0.202626
275167ms,275167,132.788,0.200730
275199ms,275199,132.985,0.198479
275232ms,275232,133.177,0.198647
275264ms,275264,133.134,0.198786
275343ms,275343,133.423,0.199285
275375ms,275375,133.598,0.198212
275407ms,275407,133.791,0.198892
275439ms,275439,134.208,0.200441
275471ms,275471,134.415,0.199715
275503ms,275503,134.527,0.200568
275535ms,275535,135.014,0.202443
275567ms,275567,135.185,0.201696
275600ms,275600,135.511,0.201527
275632ms,275632,135.563,0.201998
275664ms,275664,135.618,0.203105
275711ms,275711,135.514,0.203263
275743ms,275743,135.577,0.202942
275775ms,275775,135.477,0.203480
275807ms,275807,135.461,0.203493
275839ms,275839,135.522,0.203252
275871ms,275871,135.427,0.203219
275903ms,275903,135.427,0.203308
275935ms,275935,135.617,0.203003
275967ms,275967,135.545,0.203838
275999ms,275999,135.505,0.203303
276032ms,276032,135.346,0.202367
276064ms,276064,134.903,0.201148
276111ms,276111,134.313,0.202309
276143ms,276143,133.972,0.200137
276175ms,276175,133.668,0.202012
276207ms,276207,133.455,0.199917
276271ms,276271,133.087,0.203697
276367ms,276367,132.708,0.199257
276399ms,276399,132.396,0.203815
276432ms,276432,132.275,0.203212
276575ms,276575,132.601,0.216477
276607ms,276607,132.536,0.201747
276639ms,276639,132.567,0.204866
276671ms,276671,132.563,0.202252
276703ms,276703,133.004,0.198985
276736ms,276736,133.062,0.199301
276767ms,276767,133.101,0.198727
276800ms,276800,133.244,0.200663
276847ms,276847,133.689,0.199654
276879ms,276879,133.868,0.198402
276911ms,276911,133.939,0.199393
276943ms,276943,134.201,0.204249
276975ms,276975,134.508,0.199452
277007ms,277007,134.679,0.200801
277039ms,277039,135.032,0.201684
277072ms,277072,135.393,0.201149
277104ms,277104,135.520,0.201684
277136ms,277136,135.447,0.203549
277167ms,277167,135.457,0.203304
277200ms,277200,135.334,0.203659
277247ms,277247,135.511,0.203199
277311ms,277311,135.522,0.203310
277343ms,277343,135.490,0.203300
277375ms,277375,135.543,0.203324
277407ms,277407,135.582,0.202817
277439ms,277439,135.577,0.203187
277472ms,277472,135.614,0.202981
277503ms,277503,135.271,0.202269
277536ms,277536,134.877,0.201523
277567ms,277567,134.439,0.202576
277615ms,277615,134.044,0.200211
277647ms,277647,133.700,0.201313
277679ms,277679,133.510,0.199321
277711ms,277711,133.217,0.203500
277743ms,277743,132.975,0.205068
277775ms,277775,132.993,0.204031
277839ms,277839,132.502,0.221096
277903ms,277903,132.265,0.205835
277936ms,277936,132.244,0.200838
277983ms,277983,132.492,0.201833
278079ms,278079,132.491,0.203526
278111ms,278111,132.486,0.203561
278143ms,278143,132.734,0.202378
278175ms,278175,132.860,0.198783
278207ms,278207,133.083,0.198530
278239ms,278239,133.144,0.199054
278272ms,278272,133.141,0.198883
278303ms,278303,133.481,0.199058
278336ms,278336,133.576,0.199389
278383ms,278383,133.911,0.199691
278415ms,278415,134.134,0.201451
278447ms,278447,134.428,0.199801
278479ms,278479,134.586,0.200495
278511ms,278511,135.020,0.202227
278543ms,278543,135.227,0.201118
278575ms,278575,135.453,0.201912
278608ms,278608,135.533,0.203056
278640ms,278640,135.502,0.203296
278672ms,278672,135.550,0.203479
278703ms,278703,135.576,0.202972
278751ms,278751,135.550,0.202949
278783ms,278783,135.551,0.203297
278815ms,278815,135.513,0.203744
278847ms,278847,135.548,0.203172
278880ms,278880,135.602,0.203128
278911ms,278911,135.491,0.203657
278943ms,278943,135.544,0.203485
278975ms,278975,135.488,0.202035
279039ms,279039,134.706,0.200748
279072ms,279072,134.361,0.202097
279151ms,279151,133.417,0.200385
279183ms,279183,133.215,0.200403
279215ms,279215,133.017,0.202815
279247ms,279247,133.028,0.203538
279343ms,279343,132.472,0.210663
279375ms,279375,132.341,0.206798
279407ms,279407,132.386,0.204896
279472ms,279472,132.315,0.205422
279551ms,279551,132.593,0.205635
279583ms,279583,132.565,0.202337
279647ms,279647,132.833,0.202333
279679ms,279679,132.998,0.198537
279711ms,279711,133.220,0.197774
279744ms,279744,133.221,0.199513
279775ms,279775,133.341,0.199997
279808ms,279808,133.704,0.200114
279839ms,279839,133.847,0.198132
279887ms,279887,134.063,0.200157
279919ms,279919,134.409,0.200937
279951ms,279951,134.505,0.199826
279983ms,279983,134.911,0.201129
280015ms,280015,134.955,0.201878
280047ms,280047,135.485,0.201128
280079ms,280079,135.469,0.203145
280112ms,280112,135.507,0.203097
280143ms,280143,135.389,0.203511
280176ms,280176,135.451,0.202992
280208ms,280208,135.444,0.203542
280240ms,280240,135.623,0.202819
280319ms,280319,135.547,0.203377
280351ms,280351,135.553,0.203326
280383ms,280383,135.560,0.203314
280447ms,280447,135.437,0.203850
280479ms,280479,135.407,0.201539
280511ms,280511,134.983,0.201329
280544ms,280544,134.441,0.202125
280576ms,280576,134.007,0.199737
280608ms,280608,133.662,0.200350
280655ms,280655,133.681,0.200163
280687ms,280687,133.039,0.204266
280719ms,280719,132.998,0.203021
280751ms,280751,132.814,0.203274
280815ms,280815,132.523,0.202831
280879ms,280879,132.350,0.205158
280912ms,280912,132.288,0.201796
280944ms,280944,132.646,0.204173
281055ms,281055,132.579,0.202615
281087ms,281087,132.579,0.202797
281119ms,281119,132.712,0.203336
281151ms,281151,132.986,0.198560
281183ms,281183,133.137,0.200564
281215ms,281215,133.123,0.198816
281247ms,281247,133.071,0.199594
281279ms,281279,133.685,0.199124
281312ms,281312,133.636,0.198286
281344ms,281344,133.925,0.199979
281376ms,281376,134.144,0.200917
281423ms,281423,134.486,0.199960
281455ms,281455,134.631,0.200699
281487ms,281487,135.052,0.202306
281519ms,281519,135.351,0.201024
281551ms,281551,135.573,0.201810
281615ms,281615,135.565,0.203283
281647ms,281647,135.461,0.203295
281679ms,281679,135.489,0.203115
281743ms,281743,135.490,0.203447
281791ms,281791,135.546,0.203193
281823ms,281823,135.575,0.203382
281855ms,281855,135.605,0.203483
281887ms,281887,135.498,0.203476
281919ms,281919,135.470,0.203106
281951ms,281951,135.394,0.202706
281983ms,281983,135.202,0.203010
282015ms,282015,134.663,0.199958
282048ms,282048,134.501,0.201112
282080ms,282080,133.915,0.202290
282111ms,282111,133.623,0.201482
282159ms,282159,133.338,0.199495
282191ms,282191,133.135,0.202150
282223ms,282223,132.767,0.202592
282255ms,282255,132.559,0.204364
282351ms,282351,132.396,0.204519
282512ms,282512,132.399,0.203750
282559ms,282559,132.503,0.199912
282591ms,282591,132.683,0.203464
282623ms,282623,132.854,0.198016
282655ms,282655,132.892,0.200266
282687ms,282687,133.113,0.199152
282719ms,282719,133.260,0.198914
282751ms,282751,133.529,0.199492
282784ms,282784,133.754,0.198764
282815ms,282815,133.865,0.198825
282847ms,282847,134.053,0.200786
282927ms,282927,134.550,0.199951
282959ms,282959,134.784,0.202154
282991ms,282991,135.067,0.203421
283055ms,283055,135.437,0.202807
283087ms,283087,135.316,0.203216
283119ms,283119,135.479,0.202975
283152ms,283152,135.364,0.203359
283184ms,283184,135.562,0.203328
283216ms,283216,135.423,0.204324
283248ms,283248,135.507,0.203381
283295ms,283295,135.517,0.203077
283327ms,283327,135.522,0.203311
283359ms,283359,135.476,0.203313
283391ms,283391,135.579,0.202976
283423ms,283423,135.477,0.202721
283455ms,283455,135.309,0.202555
283487ms,283487,134.865,0.201093
283519ms,283519,134.456,0.203118
283551ms,283551,133.986,0.200765
283584ms,283584,133.513,0.202527
283615ms,283615,133.581,0.200567
283648ms,283648,132.963,0.202315
283695ms,283695,132.975,0.201799
283727ms,283727,132.882,0.200228
283791ms,283791,132.419,0.201089
283855ms,283855,132.352,0.203973
284016ms,284016,132.558,0.202551
284063ms,284063,132.588,0.200568
284095ms,284095,132.751,0.203485
284127ms,284127,132.902,0.198574
284159ms,284159,133.070,0.199629
284223ms,284223,133.162,0.199879
284255ms,284255,133.510,0.199359
284287ms,284287,133.684,0.198418
284351ms,284351,134.249,0.201195
284384ms,284384,134.409,0.199990
284431ms,284431,134.660,0.200764
284463ms,284463,134.991,0.202064
284495ms,284495,135.280,0.201782
284527ms,284527,135.391,0.201533
284559ms,284559,135.500,0.202537
284592ms,284592,135.541,0.203266
284623ms,284623,135.630,0.203205
284655ms,284655,135.705,0.203326
284687ms,284687,135.531,0.203206
284719ms,284719,135.506,0.203488
284751ms,284751,135.613,0.203027
284783ms,284783,135.510,0.203374
284831ms,284831,135.543,0.203193
284863ms,284863,135.477,0.203231
284895ms,284895,135.509,0.203612
284927ms,284927,135.456,0.202511
284959ms,284959,135.311,0.203265
284991ms,284991,134.751,0.200657
285023ms,285023,134.311,0.201741
285055ms,285055,133.866,0.199703
285087ms,285087,133.489,0.200827
285119ms,285119,133.499,0.201001
285151ms,285151,133.122,0.202648
285199ms,285199,132.802,0.203880
285231ms,285231,132.771,0.211365
285295ms,285295,132.448,0.205409
285327ms,285327,132.393,0.208641
285359ms,285359,132.341,0.210228
285391ms,285391,132.396,0.202723
285423ms,285423,132.243,0.203509
285487ms,285487,132.670,0.212337
285520ms,285520,132.512,0.204996
285552ms,285552,132.569,0.206255
285599ms,285599,132.882,0.199663
285631ms,285631,133.012,0.198690
285663ms,285663,133.181,0.197835
285695ms,285695,133.212,0.199507
285727ms,285727,133.298,0.199427
285760ms,285760,133.635,0.200543
285791ms,285791,133.807,0.198604
285824ms,285824,133.820,0.199680
285856ms,285856,134.274,0.202707
285888ms,285888,134.568,0.199802
285920ms,285920,134.779,0.200972
285999ms,285999,135.368,0.201284
286031ms,286031,135.522,0.202346
286063ms,286063,135.478,0.204122
286095ms,286095,135.461,0.203406
286127ms,286127,135.526,0.203611
286160ms,286160,135.407,0.203129
286192ms,286192,135.487,0.203071
286255ms,286255,135.567,0.203254
286287ms,286287,135.503,0.202842
286335ms,286335,135.497,0.203214
286367ms,286367,135.597,0.203432
286399ms,286399,135.522,0.204648
286431ms,286431,135.393,0.202103
286463ms,286463,134.955,0.201276
286495ms,286495,134.464,0.203002
286527ms,286527,134.072,0.200612
286560ms,286560,133.638,0.203526
286591ms,286591,133.712,0.200350
286624ms,286624,133.046,0.203920
286656ms,286656,133.020,0.203331
286703ms,286703,132.717,0.202814
286767ms,286767,132.658,0.203818
286831ms,286831,132.352,0.205872
286863ms,286863,132.321,0.201813
286959ms,286959,132.631,0.209895
286992ms,286992,132.624,0.201134
287024ms,287024,132.622,0.203864
287056ms,287056,132.640,0.202036
287103ms,287103,133.008,0.197711
287135ms,287135,133.161,0.198390
287167ms,287167,133.092,0.198993
287199ms,287199,133.358,0.199517
287231ms,287231,133.658,0.198841
287264ms,287264,133.870,0.198518
287295ms,287295,133.908,0.199609
287327ms,287327,134.180,0.201113
287359ms,287359,134.448,0.199768
287392ms,287392,134.679,0.200667
287424ms,287424,135.065,0.201640
287471ms,287471,135.279,0.201508
287503ms,287503,135.468,0.202498
287567ms,287567,135.601,0.203010
287599ms,287599,135.425,0.203555
287631ms,287631,135.459,0.203162
287664ms,287664,135.379,0.203409
287695ms,287695,135.369,0.203465
287728ms,287728,135.483,0.202855
287759ms,287759,135.542,0.203329
287792ms,287792,135.495,0.203892
287824ms,287824,135.562,0.203323
287871ms,287871,135.533,0.203284
287903ms,287903,135.330,0.202262
287935ms,287935,135.207,0.202318
287999ms,287999,134.253,0.200888
288031ms,288031,133.820,0.202011
288064ms,288064,133.375,0.199175
288095ms,288095,133.064,0.202753
288128ms,288128,133.022,0.204253
288159ms,288159,132.944,0.204335
288271ms,288271,132.458,0.205888
288303ms,288303,132.303,0.211143
288335ms,288335,132.377,0.204636
288367ms,288367,132.496,0.202670
288464ms,288464,132.481,0.201105
288495ms,288495,132.483,0.201068
288528ms,288528,132.606,0.205057
288560ms,288560,132.914,0.198856
288639ms,288639,133.054,0.198475
288671ms,288671,133.229,0.199164
288703ms,288703,133.347,0.198580
288735ms,288735,133.746,0.199988
288767ms,288767,133.883,0.199487
288799ms,288799,134.206,0.200803
288831ms,288831,134.289,0.198699
288864ms,288864,134.546,0.200916
288895ms,288895,134.915,0.202849
288928ms,288928,135.213,0.201276
288975ms,288975,135.411,0.201960
289007ms,289007,135.432,0.204042
289039ms,289039,135.431,0.204362
289071ms,289071,135.560,0.203079
289103ms,289103,135.506,0.203553
289135ms,289135,135.649,0.202782
289167ms,289167,135.555,0.203904
289199ms,289199,135.437,0.203531
289231ms,289231,135.411,0.203159
289264ms,289264,135.484,0.202811
289295ms,289295,135.425,0.203551
289328ms,289328,135.400,0.203091
289375ms,289375,135.462,0.201818
289407ms,289407,135.256,0.203412
289439ms,289439,134.743,0.200267
289471ms,289471,134.320,0.203007
289503ms,289503,133.921,0.199630
289535ms,289535,133.523,0.200065
289567ms,289567,133.383,0.200120
289599ms,289599,132.977,0.202747
289631ms,289631,132.778,0.203677
289664ms,289664,132.629,0.205805
289775ms,289775,132.323,0.205804
289807ms,289807,132.453,0.207404
289935ms,289935,132.450,0.206087
289967ms,289967,132.650,0.200737
290000ms,290000,132.770,0.202963
290031ms,290031,132.661,0.200103
290064ms,290064,132.847,0.199228
290095ms,290095,133.193,0.199020
290095ms,290095,133.193,0.199020
290143ms,290143,133.169,0.199674
290175ms,290175,133.494,0.199722
290207ms,290207,133.707,0.198409
290239ms,290239,133.914,0.198886
290271ms,290271,133.905,0.200496
290304ms,290304,134.340,0.200410
290367ms,290367,134.871,0.201534
290399ms,290399,135.231,0.201635
290432ms,290432,135.407,0.201885
290463ms,290463,135.445,0.203321
290511ms,290511,135.458,0.203640
290543ms,290543,135.532,0.203389
290575ms,290575,135.542,0.203152
290607ms,290607,135.403,0.203943
290639ms,290639,135.572,0.203399
290671ms,290671,135.556,0.203445
290703ms,290703,135.463,0.203782
290735ms,290735,135.472,0.203363
290767ms,290767,135.598,0.203090
290800ms,290800,135.576,0.203163
290832ms,290832,135.657,0.202672
290879ms,290879,135.325,0.202241
290911ms,290911,134.933,0.202135
290943ms,290943,134.454,0.203957
290975ms,290975,134.045,0.201322
291007ms,291007,133.722,0.202609
291039ms,291039,133.616,0.200242
291071ms,291071,133.064,0.203497
291103ms,291103,132.810,0.201204
291135ms,291135,133.061,0.200722
291200ms,291200,132.652,0.203133
291279ms,291279,132.332,0.208060
291311ms,291311,132.402,0.203192
291343ms,291343,132.456,0.206828
291471ms,291471,132.623,0.203338
291503ms,291503,132.577,0.201443
291535ms,291535,133.083,0.198025
291567ms,291567,133.226,0.199227
291599ms,291599,133.164,0.198488
291647ms,291647,133.334,0.199236
291679ms,291679,133.764,0.198892
291711ms,291711,133.755,0.198716
291775ms,291775,134.252,0.201295
291807ms,291807,134.421,0.199538
291839ms,291839,134.778,0.200719
291871ms,291871,134.988,0.202239
291903ms,291903,135.266,0.201549
291935ms,291935,135.448,0.201683
291967ms,291967,135.436,0.203094
292047ms,292047,135.663,0.202907
292079ms,292079,135.603,0.203469
292111ms,292111,135.684,0.203488
292143ms,292143,135.440,0.203855
292175ms,292175,135.573,0.203338
292207ms,292207,135.692,0.202615
292239ms,292239,135.511,0.203498
292272ms,292272,135.562,0.202868
292304ms,292304,135.521,0.203401
292335ms,292335,135.600,0.202606
292368ms,292368,135.439,0.201541
292415ms,292415,134.712,0.200427
292447ms,292447,134.332,0.202475
292479ms,292479,134.007,0.199170
292511ms,292511,133.611,0.200016
292543ms,292543,133.531,0.199992
292575ms,292575,133.172,0.207686
292607ms,292607,132.934,0.203215
292639ms,292639,132.710,0.204405
292703ms,292703,132.444,0.202948
292735ms,292735,132.397,0.206019
292783ms,292783,132.384,0.203531
292911ms,292911,132.670,0.209654
292943ms,292943,132.545,0.202390
292975ms,292975,132.683,0.202554
293007ms,293007,132.567,0.202750
293039ms,293039,132.903,0.198628
293072ms,293072,133.271,0.198788
293104ms,293104,133.050,0.198815
293151ms,293151,133.322,0.199973
293183ms,293183,133.684,0.199018
293215ms,293215,133.990,0.198584
293247ms,293247,133.929,0.199576
293279ms,293279,134.089,0.202322
293311ms,293311,134.462,0.199870
293343ms,293343,134.763,0.201132
293375ms,293375,135.058,0.201506
293407ms,293407,135.290,0.201277
293439ms,293439,135.471,0.202096
293471ms,293471,135.517,0.203783
293504ms,293504,135.555,0.202974
293551ms,293551,135.538,0.202798
293583ms,293583,135.646,0.202824
293615ms,293615,135.524,0.203140
293647ms,293647,135.534,0.202516
293679ms,293679,135.542,0.203427
293711ms,293711,135.561,0.203082
293744ms,293744,135.448,0.203024
293775ms,293775,135.546,0.203322
293808ms,293808,135.574,0.203655
293871ms,293871,135.152,0.204531
293919ms,293919,134.695,0.200463
293951ms,293951,134.289,0.201495
293983ms,293983,133.823,0.204819
294015ms,294015,133.450,0.200784
294047ms,294047,133.067,0.202735
294079ms,294079,133.068,0.204215
294112ms,294112,132.869,0.202915
294175ms,294175,132.761,0.209135
294208ms,294208,132.345,0.200801
294240ms,294240,132.403,0.211840
294287ms,294287,132.424,0.204928
294319ms,294319,132.491,0.205590
294415ms,294415,132.551,0.205017
294447ms,294447,132.513,0.199625
294479ms,294479,132.677,0.202893
294511ms,294511,132.745,0.199457
294543ms,294543,132.982,0.199363
294576ms,294576,133.172,0.199123
294607ms,294607,133.224,0.198790
294639ms,294639,133.293,0.198591
294687ms,294687,133.767,0.199045
294719ms,294719,134.020,0.200791
294751ms,294751,134.080,0.200911
294783ms,294783,134.441,0.200026
294815ms,294815,134.514,0.200197
294847ms,294847,134.953,0.202030
294879ms,294879,135.295,0.201359
294911ms,294911,135.554,0.201465
294944ms,294944,135.443,0.202596
294976ms,294976,135.506,0.203308
295008ms,295008,135.464,0.203084
295055ms,295055,135.374,0.203892
295087ms,295087,135.460,0.203020
295119ms,295119,135.483,0.203595
295151ms,295151,135.580,0.203271
295215ms,295215,135.540,0.203649
295247ms,295247,135.519,0.203152
295279ms,295279,135.634,0.202904
295311ms,295311,135.505,0.202578
295344ms,295344,135.218,0.202673
295375ms,295375,134.895,0.200988
295408ms,295408,134.274,0.201426
295455ms,295455,134.052,0.199136
295487ms,295487,133.536,0.201300
295519ms,295519,133.369,0.201844
295551ms,295551,133.079,0.204376
295583ms,295583,132.989,0.201942
295615ms,295615,132.649,0.208237
295679ms,295679,132.543,0.209193
295712ms,295712,132.284,0.207168
295744ms,295744,132.422,0.207512
295887ms,295887,132.674,0.209147
295919ms,295919,132.608,0.201868
295951ms,295951,132.494,0.205121
295983ms,295983,132.718,0.203133
296015ms,296015,132.993,0.198806
296047ms,296047,133.163,0.198638
296079ms,296079,133.078,0.199624
296111ms,296111,133.294,0.199111
296144ms,296144,133.789,0.198697
296191ms,296191,133.870,0.199091
296223ms,296223,133.850,0.200698
296255ms,296255,134.336,0.201615
296287ms,296287,134.595,0.199610
296319ms,296319,134.827,0.201588
296351ms,296351,135.087,0.201020
296383ms,296383,135.380,0.201533
296415ms,296415,135.597,0.202456
296447ms,296447,135.537,0.203314
296479ms,296479,135.564,0.203139
296512ms,296512,135.546,0.202958
296544ms,296544,135.568,0.203385
296591ms,296591,135.474,0.203186
296623ms,296623,135.557,0.203027
296655ms,296655,135.559,0.203407
296687ms,296687,135.567,0.204228
296783ms,296783,135.599,0.202365
296815ms,296815,135.327,0.202788
296847ms,296847,134.880,0.201306
296879ms,296879,134.364,0.203145
296912ms,296912,134.070,0.200190
296959ms,296959,133.649,0.202283
296991ms,296991,133.527,0.200139
297023ms,297023,133.020,0.203217
297055ms,297055,132.840,0.204525
297087ms,297087,132.838,0.208905
297183ms,297183,132.547,0.205364
297216ms,297216,132.313,0.210274
297247ms,297247,132.447,0.204026
297280ms,297280,132.389,0.208706
297359ms,297359,132.555,0.211800
297391ms,297391,132.632,0.203598
297423ms,297423,132.713,0.205567
297455ms,297455,132.657,0.202256
297487ms,297487,133.053,0.198248
297519ms,297519,133.221,0.199339
297551ms,297551,133.158,0.198449
297584ms,297584,133.061,0.199241
297615ms,297615,133.582,0.198840
297648ms,297648,133.759,0.198876
297695ms,297695,134.018,0.200480
297727ms,297727,134.056,0.202314
297759ms,297759,134.529,0.199845
297791ms,297791,134.705,0.200837
297823ms,297823,134.990,0.202601
297855ms,297855,135.368,0.201268
297887ms,297887,135.480,0.202004
297919ms,297919,135.525,0.202849
297951ms,297951,135.502,0.202763
297983ms,297983,135.533,0.203911
298015ms,298015,135.524,0.203069
298048ms,298048,135.554,0.203252
298095ms,298095,135.512,0.203699
298127ms,298127,135.562,0.202788
298159ms,298159,135.560,0.202703
298191ms,298191,135.578,0.203450
298223ms,298223,135.550,0.203234
298255ms,298255,135.554,0.203637
298287ms,298287,135.415,0.202195
298319ms,298319,135.113,0.202649
298351ms,298351,134.703,0.200148
298384ms,298384,134.266,0.200603
298415ms,298415,133.811,0.202109
298495ms,298495,133.101,0.202911
298527ms,298527,133.056,0.203143
298559ms,298559,132.909,0.202923
298687ms,298687,132.428,0.203650
298720ms,298720,132.492,0.206029
298751ms,298751,132.380,0.206676
298863ms,298863,132.614,0.204223
298927ms,298927,132.656,0.205357
298959ms,298959,132.852,0.199326
298991ms,298991,132.948,0.197587
299023ms,299023,133.078,0.197897
299055ms,299055,133.234,0.199791
299088ms,299088,133.369,0.199504
299151ms,299151,133.869,0.198753
299184ms,299184,133.901,0.200299
299231ms,299231,134.266,0.200554
299263ms,299263,134.554,0.200085
299295ms,299295,134.897,0.201675
299327ms,299327,135.206,0.201552
299359ms,299359,135.517,0.201761
299391ms,299391,135.439,0.203300
299423ms,299423,135.449,0.202621
299456ms,299456,135.647,0.203392
299487ms,299487,135.583,0.203573
299520ms,299520,135.564,0.203587
299551ms,299551,135.524,0.203587
299599ms,299599,135.534,0.202904
299631ms,299631,135.502,0.203420
299663ms,299663,135.526,0.203472
299695ms,299695,135.576,0.203671
299727ms,299727,135.642,0.203422
299759ms,299759,135.608,0.202957
299791ms,299791,135.420,0.202182
299823ms,299823,134.947,0.201316
299855ms,299855,134.444,0.204389
299887ms,299887,134.141,0.200492
299920ms,299920,133.664,0.201807
299952ms,299952,133.474,0.200840
299999ms,299999,132.880,0.202934
300031ms,300031,132.916,0.200273
300063ms,300063,132.876,0.205978
300127ms,300127,132.750,0.200378
300159ms,300159,132.529,0.206093
300192ms,300192,132.376,0.206465
300255ms,300255,132.406,0.203410
300320ms,300320,132.579,0.209458
300367ms,300367,132.557,0.201120
300399ms,300399,132.530,0.199402
300431ms,300431,132.736,0.205066
300463ms,300463,132.936,0.198094
300495ms,300495,133.191,0.199798
300527ms,300527,133.141,0.199325
300560ms,300560,133.194,0.199640
300591ms,300591,133.430,0.199214
300623ms,300623,133.621,0.198030
300655ms,300655,133.936,0.199758
300687ms,300687,134.113,0.203575
300735ms,300735,134.591,0.199736
300767ms,300767,134.607,0.200435
300799ms,300799,135.112,0.201642
300831ms,300831,135.327,0.201469
300863ms,300863,135.522,0.202547
300895ms,300895,135.634,0.203318
300927ms,300927,135.576,0.202939
300960ms,300960,135.588,0.203306
300992ms,300992,135.466,0.202980
301024ms,301024,135.560,0.202934
301056ms,301056,135.622,0.203462
301087ms,301087,135.526,0.203845
301135ms,301135,135.517,0.203408
301167ms,301167,135.391,0.202903
301199ms,301199,135.424,0.203006
301231ms,301231,135.565,0.202759
301295ms,301295,135.183,0.203569
301327ms,301327,134.688,0.200407
301360ms,301360,134.424,0.201416
301392ms,301392,133.945,0.201642
301424ms,301424,133.562,0.199900
301456ms,301456,133.022,0.199879
301503ms,301503,133.091,0.200761
301535ms,301535,132.966,0.205380
301567ms,301567,132.593,0.202949
301599ms,301599,132.745,0.209531
301663ms,301663,132.498,0.202611
301695ms,301695,132.403,0.206583
301824ms,301824,132.511,0.207684
301871ms,301871,132.317,0.203349
301903ms,301903,132.772,0.205138
301935ms,301935,132.587,0.200329
301967ms,301967,132.989,0.198483
301999ms,301999,133.147,0.198445
302031ms,302031,133.051,0.199871
302063ms,302063,133.305,0.199456
302095ms,302095,133.704,0.199026
302127ms,302127,133.980,0.198453
302160ms,302160,133.907,0.200371
302192ms,302192,134.287,0.200482
302224ms,302224,134.536,0.199730
302271ms,302271,134.857,0.201140
302303ms,302303,135.070,0.201578
302335ms,302335,135.398,0.201549
302367ms,302367,135.453,0.202584
302399ms,302399,135.367,0.203142
302431ms,302431,135.503,0.203212
302463ms,302463,135.555,0.203109
302495ms,302495,135.647,0.202983
302528ms,302528,135.562,0.203522
302560ms,302560,135.566,0.203159
302639ms,302639,135.579,0.202958
302671ms,302671,135.573,0.202998
302703ms,302703,135.423,0.203463
302735ms,302735,135.580,0.202601
302767ms,302767,135.498,0.201919
302799ms,302799,134.895,0.201097
302831ms,302831,134.466,0.202412
302863ms,302863,134.101,0.200515
302895ms,302895,133.623,0.201636
302928ms,302928,133.567,0.199506
302960ms,302960,132.993,0.205977
303039ms,303039,132.908,0.210049
303103ms,303103,132.310,0.201240
303135ms,303135,132.499,0.205057
303167ms,303167,132.397,0.207580
303231ms,303231,132.431,0.206487
303328ms,303328,132.546,0.204560
303359ms,303359,132.468,0.204571
303407ms,303407,132.601,0.204082
303439ms,303439,132.909,0.197805
303471ms,303471,133.078,0.198464
303503ms,303503,133.012,0.198786
303535ms,303535,133.279,0.200158
303567ms,303567,133.661,0.199028
303599ms,303599,133.818,0.198622
303631ms,303631,134.010,0.200214
303663ms,303663,134.104,0.201310
303695ms,303695,134.554,0.199776
303728ms,303728,134.693,0.200698
303775ms,303775,135.102,0.201271
303807ms,303807,135.340,0.201663
303871ms,303871,135.523,0.203253
303903ms,303903,135.510,0.203499
303936ms,303936,135.524,0.203097
303967ms,303967,135.530,0.203267
303999ms,303999,135.514,0.203399
304031ms,304031,135.457,0.203778
304064ms,304064,135.506,0.203240
304096ms,304096,135.676,0.202825
304143ms,304143,135.407,0.203563
304175ms,304175,135.529,0.203399
304207ms,304207,135.454,0.203033
304239ms,304239,135.429,0.202832
304271ms,304271,135.185,0.202923
304303ms,304303,134.769,0.199798
304335ms,304335,134.253,0.200640
304368ms,304368,133.853,0.205413
304399ms,304399,133.498,0.199309
304431ms,304431,133.144,0.202295
304464ms,304464,133.030,0.203340
304496ms,304496,132.950,0.205049
304543ms,304543,132.525,0.209379
304575ms,304575,132.747,0.211718
304639ms,304639,132.385,0.204157
304671ms,304671,132.447,0.206109
304703ms,304703,132.646,0.204559
304800ms,304800,132.387,0.206942
304832ms,304832,132.695,0.199602
304864ms,304864,132.765,0.202147
304912ms,304912,133.018,0.198595
304943ms,304943,132.821,0.200863
304975ms,304975,133.101,0.198646
305007ms,305007,133.182,0.198533
305039ms,305039,133.317,0.198871
305071ms,305071,133.760,0.198495
305104ms,305104,133.943,0.198892
305135ms,305135,133.912,0.200912
305168ms,305168,134.316,0.200184
305200ms,305200,134.453,0.199793
305232ms,305232,134.834,0.201236
305263ms,305263,135.327,0.201623
305311ms,305311,135.461,0.201396
305343ms,305343,135.742,0.202093
305375ms,305375,135.617,0.203447
305407ms,305407,135.551,0.204269
305439ms,305439,135.556,0.203451
305471ms,305471,135.436,0.203300
305504ms,305504,135.513,0.203276
305536ms,305536,135.657,0.202975
305599ms,305599,135.523,0.202899
305632ms,305632,135.542,0.203469
305680ms,305680,135.509,0.203030
305711ms,305711,135.380,0.202350
305743ms,305743,135.398,0.202103
305775ms,305775,134.988,0.201746
305807ms,305807,134.487,0.201676
305839ms,305839,134.093,0.199852
305871ms,305871,133.594,0.202926
305904ms,305904,133.469,0.201936
305935ms,305935,132.997,0.201802
305967ms,305967,132.992,0.203680
306000ms,306000,132.835,0.203044
306079ms,306079,132.596,0.204823
306143ms,306143,132.255,0.210034
306175ms,306175,132.312,0.203044
306208ms,306208,132.538,0.204825
306304ms,306304,132.605,0.203226
306336ms,306336,132.585,0.204668
306368ms,306368,132.588,0.202991
306399ms,306399,132.983,0.197810
306448ms,306448,133.140,0.200586
306479ms,306479,133.048,0.198303
306511ms,306511,133.370,0.199828
306543ms,306543,133.563,0.201253
306607ms,306607,133.928,0.199955
306639ms,306639,134.133,0.202782
306671ms,306671,134.487,0.199711
306703ms,306703,134.838,0.201202
306736ms,306736,135.001,0.200778
306768ms,306768,135.320,0.202752
306815ms,306815,135.485,0.201794
306847ms,306847,135.645,0.202639
306879ms,306879,135.471,0.203116
306911ms,306911,135.449,0.203341
306943ms,306943,135.623,0.203744
306975ms,306975,135.632,0.202926
307007ms,307007,135.500,0.203372
307039ms,307039,135.390,0.205632
307071ms,307071,135.467,0.203114
307104ms,307104,135.411,0.204440
307136ms,307136,135.568,0.203350
307215ms,307215,135.479,0.203680
307247ms,307247,135.059,0.201677
307279ms,307279,134.648,0.201485
307312ms,307312,134.255,0.200693
307347ms,307347,133.776,0.204348
307375ms,307375,133.327,0.199362
307408ms,307408,133.151,0.200185
307439ms,307439,132.998,0.204007
307471ms,307471,132.949,0.205901
307504ms,307504,132.750,0.203075
307536ms,307536,132.404,0.208585
307615ms,307615,132.397,0.202883
307647ms,307647,132.530,0.205647
307679ms,307679,132.384,0.205323
307775ms,307775,132.412,0.208526
307807ms,307807,132.556,0.200664
307839ms,307839,132.622,0.202913
307871ms,307871,132.665,0.202200
307903ms,307903,132.937,0.198923
307951ms,307951,133.256,0.200252
307983ms,307983,133.153,0.198983
308015ms,308015,133.336,0.199393
308047ms,308047,133.665,0.201251
308079ms,308079,133.872,0.199215
308111ms,308111,134.020,0.199404
308143ms,308143,134.338,0.200021
308175ms,308175,134.434,0.200139
308208ms,308208,134.913,0.201459
308239ms,308239,135.013,0.201863
308319ms,308319,135.386,0.201924
308351ms,308351,135.523,0.203660
308383ms,308383,135.472,0.203268
308415ms,308415,135.573,0.203000
308447ms,308447,135.440,0.203266
308479ms,308479,135.258,0.203539
308511ms,308511,135.408,0.203618
308543ms,308543,135.392,0.203878
308575ms,308575,135.448,0.203469
308607ms,308607,135.390,0.203811
308639ms,308639,135.384,0.203367
308687ms,308687,135.348,0.203512
308719ms,308719,135.342,0.201857
308751ms,308751,135.091,0.203249
308783ms,308783,134.581,0.200300
308815ms,308815,134.261,0.200597
308847ms,308847,133.754,0.203106
308879ms,308879,133.360,0.199994
308911ms,308911,133.211,0.201334
308943ms,308943,132.811,0.204627
308975ms,308975,132.866,0.203931
