timestamp_ms,elapsed_ms,pix_dist,m_dist
0ms,0,303.764,0.198909
32ms,32,302.946,0.198325
64ms,64,301.820,0.197727
96ms,96,300.819,0.197118
160ms,160,299.390,0.195971
192ms,192,299.117,0.196232
223ms,223,298.388,0.195898
256ms,256,298.402,0.195533
288ms,288,298.329,0.195318
335ms,335,298.355,0.195681
368ms,368,298.227,0.195127
400ms,400,298.172,0.195288
432ms,432,298.304,0.195091
464ms,464,298.282,0.195101
496ms,496,298.601,0.195220
528ms,528,298.842,0.195162
560ms,560,299.177,0.195482
592ms,592,299.568,0.195648
624ms,624,300.029,0.196136
656ms,656,300.488,0.196191
688ms,688,301.054,0.196430
720ms,720,301.556,0.196888
768ms,768,302.096,0.197288
800ms,800,302.590,0.197542
832ms,832,303.232,0.198042
864ms,864,303.934,0.198476
896ms,896,304.619,0.199066
928ms,928,305.245,0.199469
960ms,960,305.837,0.199912
992ms,992,305.967,0.200123
1056ms,1056,305.914,0.200005
1088ms,1088,305.853,0.200050
1120ms,1120,305.942,0.199940
1200ms,1200,305.864,0.200129
1232ms,1232,305.841,0.199996
1264ms,1264,305.998,0.199935
1296ms,1296,305.923,0.200112
1327ms,1327,305.865,0.199974
1360ms,1360,305.960,0.199926
1392ms,1392,306.020,0.200037
1424ms,1424,305.382,0.199968
1456ms,1456,304.406,0.199171
1488ms,1488,303.415,0.198837
1536ms,1536,302.491,0.198262
1568ms,1568,301.408,0.197424
1600ms,1600,300.503,0.196709
1631ms,1631,299.732,0.196115
1664ms,1664,299.274,0.195984
1696ms,1696,298.928,0.195999
1728ms,1728,298.415,0.195695
1760ms,1760,298.206,0.195597
1792ms,1792,298.362,0.195339
1824ms,1824,298.233,0.195243
1856ms,1856,298.341,0.195269
1888ms,1888,298.183,0.195049
1968ms,1968,298.322,0.195195
2000ms,2000,298.772,0.195151
2032ms,2032,298.959,0.195305
2064ms,2064,299.300,0.195510
2096ms,2096,299.756,0.195868
2128ms,2128,300.252,0.196371
2160ms,2160,300.669,0.196424
2192ms,2192,301.127,0.196670
2224ms,2224,301.725,0.196946
2256ms,2256,302.228,0.197361
2288ms,2288,302.798,0.197863
2336ms,2336,303.449,0.198186
2368ms,2368,304.028,0.198693
2400ms,2400,304.853,0.199174
2431ms,2431,305.355,0.199436
2464ms,2464,305.977,0.200213
2496ms,2496,305.825,0.200136
2528ms,2528,305.860,0.200062
2560ms,2560,305.853,0.200080
2592ms,2592,305.852,0.200038
2623ms,2623,305.925,0.200076
2656ms,2656,305.885,0.200081
2688ms,2688,305.954,0.199987
2735ms,2735,305.894,0.200012
2767ms,2767,305.888,0.200036
2800ms,2800,305.958,0.199867
2831ms,2831,305.900,0.200027
2864ms,2864,306.066,0.199968
2896ms,2896,305.905,0.200025
2928ms,2928,305.044,0.199643
2960ms,2960,304.025,0.199301
2992ms,2992,303.051,0.198424
3024ms,3024,302.135,0.197775
3056ms,3056,301.023,0.197464
3088ms,3088,300.139,0.196509
3120ms,3120,299.311,0.195885
3167ms,3167,299.182,0.195974
3200ms,3200,298.513,0.195776
3232ms,3232,298.403,0.195447
3264ms,3264,298.300,0.195402
3295ms,3295,298.274,0.195516
3327ms,3327,298.264,0.195315
3360ms,3360,298.208,0.195361
3392ms,3392,298.268,0.195233
3456ms,3456,298.396,0.195136
3488ms,3488,298.789,0.195093
3520ms,3520,299.103,0.195467
3567ms,3567,299.424,0.195664
3600ms,3600,299.954,0.195884
3632ms,3632,300.410,0.196075
3664ms,3664,300.911,0.196575
3696ms,3696,301.435,0.196761
3760ms,3760,302.533,0.197424
3792ms,3792,303.057,0.197891
3824ms,3824,303.685,0.198263
3856ms,3856,304.420,0.198902
3888ms,3888,305.025,0.199413
3920ms,3920,305.675,0.199914
4032ms,4032,305.806,0.199944
4063ms,4063,305.810,0.199892
4096ms,4096,305.798,0.200064
4128ms,4128,305.816,0.200101
4160ms,4160,305.779,0.200020
4192ms,4192,305.870,0.199796
4224ms,4224,305.903,0.200036
4256ms,4256,305.732,0.199880
4288ms,4288,305.904,0.199911
4320ms,4320,305.917,0.199909
4367ms,4367,306.088,0.200150
4400ms,4400,305.541,0.199977
4431ms,4431,304.524,0.199438
4463ms,4463,303.655,0.198988
4496ms,4496,302.674,0.198187
4528ms,4528,301.707,0.197388
4560ms,4560,300.643,0.196818
4592ms,4592,299.877,0.196578
4624ms,4624,299.244,0.195761
4656ms,4656,298.969,0.196117
4688ms,4688,298.406,0.195720
4720ms,4720,298.394,0.195684
4767ms,4767,298.332,0.195460
4800ms,4800,298.329,0.195429
4832ms,4832,298.178,0.195092
4863ms,4863,298.272,0.195252
4896ms,4896,298.194,0.195157
4928ms,4928,298.356,0.195232
4960ms,4960,298.572,0.195445
4992ms,4992,298.802,0.195088
5024ms,5024,299.216,0.195575
5056ms,5056,299.617,0.195642
5088ms,5088,300.079,0.195922
5120ms,5120,300.548,0.196141
5167ms,5167,301.003,0.196619
5200ms,5200,301.519,0.196829
5232ms,5232,302.146,0.197305
5263ms,5263,302.588,0.197656
5295ms,5295,303.250,0.197933
5328ms,5328,303.910,0.198436
5360ms,5360,304.546,0.198894
5392ms,5392,305.184,0.199466
5424ms,5424,305.761,0.200011
5488ms,5488,305.709,0.199979
5520ms,5520,305.712,0.199808
5552ms,5552,305.769,0.199928
5632ms,5632,305.708,0.199812
5663ms,5663,305.735,0.199922
5696ms,5696,305.699,0.199910
5728ms,5728,305.776,0.199929
5760ms,5760,305.705,0.199928
5792ms,5792,305.845,0.199936
5824ms,5824,305.860,0.199810
5856ms,5856,306.024,0.200000
5888ms,5888,305.406,0.200006
5920ms,5920,304.471,0.199294
5952ms,5952,303.459,0.198804
5999ms,5999,302.568,0.198265
6032ms,6032,301.448,0.197326
6064ms,6064,300.558,0.196658
6096ms,6096,299.668,0.196127
6128ms,6128,299.193,0.196116
6160ms,6160,298.911,0.195752
6192ms,6192,298.188,0.195513
6224ms,6224,298.282,0.195623
6256ms,6256,298.248,0.195550
6288ms,6288,298.252,0.195352
6320ms,6320,298.236,0.195275
6352ms,6352,298.248,0.195170
6400ms,6400,298.193,0.195115
6431ms,6431,298.367,0.195103
6464ms,6464,298.766,0.195281
6496ms,6496,298.890,0.195529
6528ms,6528,299.310,0.195399
6560ms,6560,299.670,0.195641
6592ms,6592,300.151,0.196053
6624ms,6624,300.599,0.196398
6656ms,6656,301.158,0.196757
6688ms,6688,301.701,0.196942
6720ms,6720,302.212,0.197199
6752ms,6752,302.909,0.197748
6800ms,6800,303.495,0.198206
6864ms,6864,304.800,0.199150
6896ms,6896,305.425,0.199683
6928ms,6928,305.941,0.200104
6960ms,6960,305.848,0.200219
7023ms,7023,305.772,0.199910
7056ms,7056,305.801,0.199877
7088ms,7088,305.864,0.199939
7120ms,7120,305.832,0.199831
7152ms,7152,305.847,0.199884
7199ms,7199,305.840,0.199800
7231ms,7231,305.747,0.199873
7263ms,7263,305.841,0.199900
7295ms,7295,305.849,0.199932
7327ms,7327,305.988,0.199903
7359ms,7359,305.932,0.200064
7392ms,7392,304.932,0.199676
7424ms,7424,303.882,0.199048
7456ms,7456,302.913,0.198418
7488ms,7488,301.937,0.197647
7520ms,7520,300.857,0.196979
7599ms,7599,299.339,0.196039
7663ms,7663,298.510,0.195652
7727ms,7727,298.301,0.195347
7760ms,7760,298.388,0.195305
7792ms,7792,298.264,0.195309
7824ms,7824,298.239,0.195322
7856ms,7856,298.190,0.195135
7888ms,7888,298.368,0.195220
7920ms,7920,298.393,0.195239
7952ms,7952,298.718,0.195265
8000ms,8000,299.019,0.195478
8032ms,8032,299.423,0.195686
8063ms,8063,299.922,0.195842
8096ms,8096,300.376,0.196174
8128ms,8128,300.837,0.196496
8160ms,8160,301.404,0.196688
8192ms,8192,301.864,0.197085
8224ms,8224,302.431,0.197295
8256ms,8256,303.043,0.197847
8288ms,8288,303.638,0.198295
8320ms,8320,304.290,0.198837
8352ms,8352,305.011,0.199198
8400ms,8400,305.642,0.199814
8432ms,8432,305.915,0.200200
8463ms,8463,305.774,0.199969
8495ms,8495,305.769,0.199947
8528ms,8528,305.817,0.199986
8560ms,8560,305.763,0.199869
8592ms,8592,305.827,0.199912
8624ms,8624,305.773,0.199860
8656ms,8656,305.746,0.199896
8688ms,8688,305.730,0.199885
8720ms,8720,305.720,0.199817
8752ms,8752,305.778,0.199885
8799ms,8799,305.888,0.199776
8832ms,8832,305.991,0.199999
8896ms,8896,304.597,0.199608
8928ms,8928,303.666,0.198931
8960ms,8960,302.682,0.198212
8991ms,8991,301.659,0.197378
9024ms,9024,300.639,0.196940
9056ms,9056,299.770,0.196449
9088ms,9088,299.220,0.195984
9120ms,9120,298.924,0.196163
9152ms,9152,298.319,0.195648
9200ms,9200,298.332,0.195463
9232ms,9232,298.392,0.195486
9264ms,9264,298.282,0.195276
9296ms,9296,298.167,0.195205
9327ms,9327,298.236,0.195338
9360ms,9360,298.199,0.195143
9424ms,9424,298.602,0.195246
9456ms,9456,298.775,0.195313
9488ms,9488,299.141,0.195679
9520ms,9520,299.656,0.195535
9552ms,9552,300.057,0.195851
9600ms,9600,300.518,0.196186
9632ms,9632,301.067,0.196576
9663ms,9663,301.491,0.196631
9696ms,9696,302.063,0.197334
9728ms,9728,302.619,0.197559
9760ms,9760,303.211,0.197822
9792ms,9792,303.850,0.198450
9823ms,9823,304.526,0.198876
9856ms,9856,305.124,0.199519
9888ms,9888,305.780,0.200009
9920ms,9920,305.944,0.200163
9952ms,9952,305.769,0.200063
9999ms,9999,305.721,0.199776
10032ms,10032,305.799,0.199951
10064ms,10064,305.813,0.199978
10096ms,10096,305.818,0.199835
10128ms,10128,305.768,0.200031
10160ms,10160,305.839,0.199988
10192ms,10192,305.799,0.199915
10224ms,10224,305.806,0.199853
10256ms,10256,305.837,0.199993
10288ms,10288,305.949,0.199835
10320ms,10320,306.036,0.200216
10352ms,10352,305.284,0.199846
10400ms,10400,304.265,0.199199
10431ms,10431,303.384,0.198657
10463ms,10463,302.452,0.198109
10496ms,10496,301.397,0.197485
10527ms,10527,300.533,0.196613
10560ms,10560,299.460,0.196145
10592ms,10592,299.145,0.195652
10624ms,10624,298.837,0.195692
10656ms,10656,298.268,0.195529
10688ms,10688,298.241,0.195333
10720ms,10720,298.344,0.195600
10752ms,10752,298.264,0.195366
10784ms,10784,298.238,0.195258
10832ms,10832,298.339,0.195169
10864ms,10864,298.252,0.195193
10896ms,10896,298.389,0.195073
10928ms,10928,298.668,0.195075
10960ms,10960,298.872,0.195451
10992ms,10992,299.367,0.195407
11024ms,11024,299.679,0.195685
11056ms,11056,300.220,0.196110
11087ms,11087,300.589,0.196446
11120ms,11120,301.119,0.196632
11183ms,11183,302.169,0.197203
11231ms,11231,302.777,0.197670
11263ms,11263,303.343,0.198109
11295ms,11295,303.891,0.198452
11327ms,11327,304.693,0.199189
11360ms,11360,305.296,0.199511
11392ms,11392,305.888,0.200150
11424ms,11424,305.817,0.200223
11456ms,11456,305.853,0.199970
11488ms,11488,305.875,0.199928
11520ms,11520,305.815,0.199919
11552ms,11552,305.841,0.199882
11584ms,11584,305.794,0.199966
11632ms,11632,305.857,0.200027
11663ms,11663,305.832,0.199946
11728ms,11728,305.890,0.199964
11823ms,11823,305.928,0.200102
11856ms,11856,305.009,0.199764
11888ms,11888,304.018,0.199165
11920ms,11920,303.114,0.198464
11952ms,11952,302.109,0.197785
11984ms,11984,301.084,0.197254
12031ms,12031,300.188,0.196509
12063ms,12063,299.518,0.196026
12095ms,12095,299.095,0.195985
12127ms,12127,298.627,0.195847
12160ms,12160,298.187,0.195635
12192ms,12192,298.289,0.195564
12224ms,12224,298.291,0.195455
12256ms,12256,298.241,0.195302
12288ms,12288,298.204,0.195396
12320ms,12320,298.293,0.195158
12383ms,12383,298.534,0.195232
12432ms,12432,298.755,0.195154
12463ms,12463,298.997,0.195461
12495ms,12495,299.399,0.195567
12527ms,12527,299.847,0.195800
12560ms,12560,300.207,0.196090
12592ms,12592,300.663,0.196497
12624ms,12624,301.247,0.196787
12655ms,12655,301.785,0.197085
12688ms,12688,302.386,0.197421
12720ms,12720,302.931,0.197945
12752ms,12752,303.474,0.198195
12784ms,12784,304.094,0.198453
12831ms,12831,304.851,0.199357
12864ms,12864,305.514,0.199834
12895ms,12895,305.899,0.200013
12927ms,12927,305.628,0.199943
12960ms,12960,305.724,0.199835
12991ms,12991,305.655,0.199700
13023ms,13023,305.677,0.199651
13056ms,13056,305.696,0.199742
13088ms,13088,305.702,0.199671
13120ms,13120,305.702,0.199690
13152ms,13152,305.719,0.199882
13184ms,13184,305.696,0.199721
13232ms,13232,305.734,0.199639
13263ms,13263,305.740,0.199896
13295ms,13295,305.871,0.199844
13327ms,13327,305.770,0.200023
13360ms,13360,304.771,0.199586
13391ms,13391,303.805,0.198993
13424ms,13424,302.949,0.198209
13456ms,13456,301.908,0.197681
13488ms,13488,300.765,0.197178
13520ms,13520,299.930,0.196554
13552ms,13552,299.413,0.195672
13584ms,13584,299.108,0.196354
13664ms,13664,298.270,0.195311
13695ms,13695,298.239,0.195648
13728ms,13728,298.310,0.195234
13759ms,13759,298.219,0.195261
13792ms,13792,298.322,0.195248
13824ms,13824,298.323,0.195246
13855ms,13855,298.269,0.195204
13888ms,13888,298.458,0.195083
13952ms,13952,298.985,0.195451
13984ms,13984,299.499,0.195630
14031ms,14031,299.871,0.196040
14063ms,14063,300.316,0.196016
14095ms,14095,300.891,0.196553
14127ms,14127,301.402,0.196900
14160ms,14160,301.975,0.197191
14191ms,14191,302.536,0.197400
14224ms,14224,303.148,0.198028
14256ms,14256,303.745,0.198338
14288ms,14288,304.366,0.198912
14320ms,14320,305.042,0.199471
14351ms,14351,305.866,0.199926
14384ms,14384,306.155,0.200201
14431ms,14431,305.892,0.199979
14495ms,14495,305.989,0.199876
14527ms,14527,305.975,0.199860
14559ms,14559,305.962,0.200083
14592ms,14592,306.008,0.200088
14624ms,14624,305.985,0.199923
14656ms,14656,305.986,0.199936
14688ms,14688,305.967,0.199925
14720ms,14720,306.008,0.199976
14752ms,14752,306.029,0.199941
14784ms,14784,306.135,0.200173
14831ms,14831,305.613,0.200059
14863ms,14863,304.650,0.199490
14895ms,14895,303.659,0.199034
14927ms,14927,302.808,0.198227
14959ms,14959,301.849,0.197386
14991ms,14991,300.670,0.197009
15023ms,15023,299.875,0.196411
15056ms,15056,299.275,0.195827
15088ms,15088,299.003,0.195909
15120ms,15120,298.283,0.195518
15152ms,15152,298.120,0.195514
15184ms,15184,298.175,0.195379
15232ms,15232,298.327,0.195222
15263ms,15263,298.240,0.195136
15295ms,15295,298.263,0.195096
15327ms,15327,298.182,0.195015
15360ms,15360,298.286,0.195075
15391ms,15391,298.601,0.195122
15424ms,15424,298.855,0.195493
15456ms,15456,299.181,0.195509
15488ms,15488,299.606,0.195880
15520ms,15520,300.045,0.195921
15552ms,15552,300.503,0.196225
15584ms,15584,300.957,0.196786
15616ms,15616,301.531,0.196811
15663ms,15663,302.134,0.197495
15727ms,15727,303.193,0.198055
15791ms,15791,304.491,0.199047
15823ms,15823,305.180,0.199478
15855ms,15855,305.779,0.200137
15888ms,15888,305.928,0.200124
15919ms,15919,305.753,0.199835
15952ms,15952,305.737,0.199967
15984ms,15984,305.765,0.199801
16016ms,16016,305.734,0.199749
16063ms,16063,305.763,0.199815
16095ms,16095,305.791,0.199986
16127ms,16127,305.760,0.199786
16159ms,16159,305.787,0.199784
16192ms,16192,305.739,0.199998
16224ms,16224,305.761,0.199835
16255ms,16255,305.889,0.199913
16288ms,16288,306.054,0.200170
16320ms,16320,305.396,0.200025
16352ms,16352,304.359,0.199199
16384ms,16384,303.455,0.198766
16416ms,16416,302.475,0.198182
16463ms,16463,301.540,0.197398
16495ms,16495,300.421,0.196811
16527ms,16527,299.682,0.196453
16560ms,16560,299.192,0.195861
16591ms,16591,298.906,0.195930
16623ms,16623,298.199,0.195523
16655ms,16655,298.040,0.195703
16687ms,16687,298.283,0.195187
16720ms,16720,298.241,0.195024
16752ms,16752,298.221,0.195107
16784ms,16784,298.205,0.195267
16816ms,16816,298.122,0.195113
16864ms,16864,298.329,0.195176
16895ms,16895,298.637,0.195278
16927ms,16927,298.862,0.195349
16959ms,16959,299.334,0.195509
16991ms,16991,299.664,0.195807
17023ms,17023,300.171,0.195961
17056ms,17056,300.588,0.196429
17088ms,17088,301.118,0.196363
17151ms,17151,302.249,0.197471
17184ms,17184,302.854,0.197583
17216ms,17216,303.361,0.198224
17263ms,17263,304.080,0.198680
17295ms,17295,304.836,0.199197
17359ms,17359,305.986,0.200126
17391ms,17391,305.766,0.200191
17423ms,17423,305.793,0.199821
17456ms,17456,305.766,0.199809
17488ms,17488,305.817,0.199841
17551ms,17551,305.712,0.200008
17584ms,17584,305.765,0.199982
17616ms,17616,305.768,0.199999
17663ms,17663,305.766,0.199909
17695ms,17695,305.827,0.199868
17727ms,17727,305.855,0.199920
17759ms,17759,305.864,0.199834
17791ms,17791,305.851,0.199880
17823ms,17823,304.907,0.199708
17855ms,17855,303.978,0.198989
17888ms,17888,303.017,0.198383
17919ms,17919,301.901,0.197823
17952ms,17952,300.925,0.197118
17984ms,17984,300.055,0.196232
18016ms,18016,299.307,0.195784
18063ms,18063,299.100,0.195934
18095ms,18095,298.585,0.195770
18127ms,18127,298.168,0.195633
18159ms,18159,298.218,0.195209
18191ms,18191,298.296,0.195598
18223ms,18223,298.354,0.195348
18255ms,18255,298.280,0.195271
18288ms,18288,298.202,0.195147
18320ms,18320,298.350,0.195334
18352ms,18352,298.561,0.195232
18384ms,18384,298.700,0.195180
18416ms,18416,299.066,0.195538
18463ms,18463,299.507,0.195530
18495ms,18495,299.880,0.196099
18527ms,18527,300.292,0.196286
18559ms,18559,300.857,0.196595
18592ms,18592,301.322,0.196900
18624ms,18624,301.878,0.197268
18655ms,18655,302.487,0.197423
18688ms,18688,303.118,0.197962
18719ms,18719,303.645,0.198372
18752ms,18752,304.326,0.198780
18784ms,18784,305.018,0.199315
18816ms,18816,305.662,0.199923
18863ms,18863,305.917,0.200034
18895ms,18895,305.654,0.199892
18927ms,18927,305.803,0.199835
18959ms,18959,305.707,0.199819
18992ms,18992,305.719,0.199936
19023ms,19023,305.762,0.199871
19056ms,19056,305.790,0.199851
19056ms,19056,305.790,0.199851
19087ms,19087,305.826,0.199779
19087ms,19087,305.826,0.199779
19120ms,19120,305.730,0.199963
19120ms,19120,305.730,0.199963
19152ms,19152,305.795,0.199863
19152ms,19152,305.795,0.199863
19184ms,19184,305.728,0.199881
19184ms,19184,305.728,0.199881
19216ms,19216,305.864,0.199966
19295ms,19295,305.702,0.200015
19327ms,19327,304.712,0.199466
19359ms,19359,303.802,0.198913
19391ms,19391,302.816,0.198332
19423ms,19423,301.721,0.197581
19455ms,19455,300.739,0.196803
19519ms,19519,299.162,0.195945
19552ms,19552,299.014,0.196009
19584ms,19584,298.176,0.195451
19616ms,19616,298.205,0.195515
19648ms,19648,298.187,0.195565
19727ms,19727,298.205,0.195202
19759ms,19759,298.221,0.195238
19791ms,19791,298.122,0.195262
19823ms,19823,298.393,0.195326
19855ms,19855,298.554,0.195145
19888ms,19888,298.727,0.195060
19920ms,19920,299.197,0.195369
19952ms,19952,299.522,0.195690
19984ms,19984,299.918,0.195919
20016ms,20016,300.505,0.196368
20063ms,20063,300.944,0.196400
20095ms,20095,301.414,0.196793
20127ms,20127,301.996,0.197470
20159ms,20159,302.641,0.197590
20191ms,20191,303.161,0.198047
20223ms,20223,303.764,0.198463
20256ms,20256,304.517,0.199103
20288ms,20288,305.142,0.199441
20320ms,20320,305.843,0.200038
20352ms,20352,305.889,0.200108
20384ms,20384,305.698,0.199976
20416ms,20416,305.674,0.199922
20448ms,20448,305.732,0.199935
20495ms,20495,305.746,0.199908
20527ms,20527,305.747,0.199806
20559ms,20559,305.756,0.199787
20591ms,20591,305.818,0.199805
20623ms,20623,305.781,0.199789
20655ms,20655,305.777,0.199760
20687ms,20687,305.845,0.199725
20751ms,20751,306.005,0.199964
20783ms,20783,305.366,0.199977
20816ms,20816,304.402,0.199291
20863ms,20863,303.526,0.198831
20895ms,20895,302.550,0.198276
20927ms,20927,301.541,0.197543
20959ms,20959,300.542,0.196894
20991ms,20991,299.645,0.196244
21023ms,21023,299.150,0.195874
21055ms,21055,298.821,0.196000
21087ms,21087,298.222,0.195410
21120ms,21120,298.183,0.195687
21152ms,21152,298.285,0.195684
21184ms,21184,298.176,0.195431
21216ms,21216,298.257,0.195224
21248ms,21248,298.147,0.195102
21295ms,21295,298.234,0.195034
21327ms,21327,298.409,0.194940
21359ms,21359,298.676,0.195092
21391ms,21391,298.914,0.195419
21423ms,21423,299.375,0.195554
21456ms,21456,299.760,0.195680
21488ms,21488,300.169,0.196042
21519ms,21519,300.664,0.196455
21552ms,21552,301.035,0.196596
21583ms,21583,301.658,0.196998
21616ms,21616,302.241,0.197454
21648ms,21648,302.838,0.197834
21695ms,21695,303.325,0.198172
21727ms,21727,304.002,0.198729
21759ms,21759,304.770,0.199189
21791ms,21791,305.363,0.199731
21855ms,21855,305.769,0.200159
21888ms,21888,305.800,0.199892
21920ms,21920,305.815,0.199899
21952ms,21952,305.762,0.199893
21984ms,21984,305.755,0.199960
22016ms,22016,305.754,0.199798
22048ms,22048,305.817,0.199768
22095ms,22095,305.796,0.199793
22127ms,22127,305.824,0.199834
22159ms,22159,305.791,0.199937
22192ms,22192,305.882,0.199867
22223ms,22223,305.999,0.199906
22256ms,22256,305.864,0.200181
22288ms,22288,304.907,0.199746
22319ms,22319,303.929,0.199162
22352ms,22352,302.973,0.198505
22384ms,22384,302.006,0.197898
22415ms,22415,300.971,0.197098
22448ms,22448,300.084,0.196308
22495ms,22495,299.353,0.195885
22527ms,22527,299.146,0.195913
22559ms,22559,298.498,0.195518
22591ms,22591,298.197,0.195568
22623ms,22623,298.168,0.195473
22656ms,22656,298.189,0.195347
22688ms,22688,298.189,0.195225
22720ms,22720,298.259,0.195219
22752ms,22752,298.142,0.195161
22784ms,22784,298.291,0.195357
22816ms,22816,298.518,0.195217
22848ms,22848,298.716,0.195274
22895ms,22895,299.087,0.195358
22927ms,22927,299.576,0.195607
22959ms,22959,299.900,0.196054
22991ms,22991,300.413,0.196363
23023ms,23023,300.929,0.196704
23055ms,23055,301.286,0.196666
23087ms,23087,301.914,0.197116
23120ms,23120,302.527,0.197460
23152ms,23152,303.095,0.197931
23215ms,23215,304.408,0.198917
23248ms,23248,305.035,0.199332
23295ms,23295,305.717,0.199781
23359ms,23359,305.638,0.199856
23423ms,23423,305.716,0.199863
23455ms,23455,305.703,0.199847
23487ms,23487,305.651,0.199838
23520ms,23520,305.776,0.199890
23551ms,23551,305.757,0.199894
23584ms,23584,305.856,0.199810
23616ms,23616,305.806,0.199839
23648ms,23648,305.817,0.199850
23695ms,23695,305.849,0.199913
23727ms,23727,305.978,0.199954
23759ms,23759,305.588,0.199998
23791ms,23791,304.607,0.199549
23823ms,23823,303.655,0.198775
23856ms,23856,302.807,0.198368
23887ms,23887,301.768,0.197438
23920ms,23920,300.660,0.196943
23952ms,23952,299.823,0.196473
23983ms,23983,299.145,0.195843
24016ms,24016,298.952,0.196179
24048ms,24048,298.254,0.195414
24095ms,24095,298.287,0.195450
24127ms,24127,298.275,0.195663
24159ms,24159,298.258,0.195505
24223ms,24223,298.160,0.195210
24255ms,24255,298.133,0.195301
24287ms,24287,298.287,0.195073
24319ms,24319,298.514,0.195311
24351ms,24351,298.784,0.195127
24383ms,24383,299.205,0.195506
24415ms,24415,299.489,0.195594
24447ms,24447,299.933,0.195873
24495ms,24495,300.490,0.196191
24527ms,24527,300.910,0.196594
24559ms,24559,301.498,0.196933
24591ms,24591,302.138,0.197353
24623ms,24623,302.673,0.197612
24655ms,24655,303.208,0.198021
24687ms,24687,303.815,0.198639
24720ms,24720,304.489,0.199193
24752ms,24752,305.128,0.199401
24784ms,24784,305.839,0.200004
24816ms,24816,305.823,0.200148
24848ms,24848,305.718,0.199823
24895ms,24895,305.706,0.199749
24927ms,24927,305.708,0.199823
24959ms,24959,305.691,0.199879
24991ms,24991,305.749,0.199912
25023ms,25023,305.764,0.199829
25055ms,25055,305.751,0.199787
25087ms,25087,305.787,0.199808
25120ms,25120,305.708,0.199789
25151ms,25151,305.824,0.199761
25184ms,25184,305.859,0.199853
25216ms,25216,305.912,0.200001
25247ms,25247,305.213,0.199888
25280ms,25280,304.343,0.199142
25327ms,25327,303.346,0.198687
25359ms,25359,302.424,0.198122
25391ms,25391,301.332,0.197437
25423ms,25423,300.394,0.196757
25455ms,25455,299.623,0.196187
25487ms,25487,299.139,0.195689
25520ms,25520,298.816,0.195991
25583ms,25583,298.162,0.195418
25615ms,25615,298.275,0.195560
25647ms,25647,298.164,0.195304
25727ms,25727,298.174,0.195174
25791ms,25791,298.385,0.194954
25823ms,25823,298.653,0.195098
25855ms,25855,298.852,0.195387
25887ms,25887,299.343,0.195472
25919ms,25919,299.560,0.195628
25952ms,25952,300.156,0.196001
25984ms,25984,300.651,0.196340
26015ms,26015,301.089,0.196690
26048ms,26048,301.602,0.196956
26080ms,26080,302.194,0.197245
26127ms,26127,302.818,0.197691
26159ms,26159,303.300,0.198236
26191ms,26191,303.968,0.198721
26223ms,26223,304.673,0.199037
26255ms,26255,305.272,0.199424
26287ms,26287,305.837,0.199963
26319ms,26319,305.814,0.200067
26351ms,26351,305.732,0.199873
26383ms,26383,305.752,0.199656
26416ms,26416,305.706,0.199679
26448ms,26448,305.745,0.199675
26479ms,26479,305.750,0.199835
26527ms,26527,305.657,0.199830
26559ms,26559,305.671,0.199761
26591ms,26591,305.716,0.199799
26623ms,26623,305.731,0.199783
26655ms,26655,305.725,0.199780
26687ms,26687,305.861,0.199800
26720ms,26720,305.873,0.200053
26751ms,26751,305.179,0.199844
26783ms,26783,304.076,0.199088
26815ms,26815,303.220,0.198394
26847ms,26847,302.223,0.197885
26879ms,26879,301.111,0.197113
26927ms,26927,300.193,0.196595
26959ms,26959,299.432,0.196212
27023ms,27023,298.537,0.195685
27055ms,27055,298.199,0.195490
27087ms,27087,298.230,0.195544
27151ms,27151,298.172,0.195346
27215ms,27215,298.250,0.195107
27248ms,27248,298.204,0.195127
27280ms,27280,298.474,0.194913
27327ms,27327,298.641,0.195116
27359ms,27359,298.928,0.195455
27391ms,27391,299.272,0.195550
27423ms,27423,299.738,0.195870
27455ms,27455,300.177,0.196075
27487ms,27487,300.662,0.196416
27519ms,27519,301.202,0.196698
27551ms,27551,301.708,0.197085
27583ms,27583,302.444,0.197353
27615ms,27615,302.940,0.197865
27647ms,27647,303.484,0.198244
27679ms,27679,304.133,0.198662
27727ms,27727,304.745,0.199098
27759ms,27759,305.358,0.199707
27791ms,27791,305.957,0.200048
27823ms,27823,305.649,0.200059
27855ms,27855,305.678,0.199836
27887ms,27887,305.687,0.199759
27920ms,27920,305.762,0.199760
27952ms,27952,305.692,0.199719
27983ms,27983,305.743,0.199705
28016ms,28016,305.735,0.199658
28048ms,28048,305.720,0.199612
28080ms,28080,305.749,0.199608
28127ms,28127,305.766,0.199641
28159ms,28159,305.781,0.199790
28191ms,28191,305.939,0.199858
28223ms,28223,305.855,0.199997
28255ms,28255,304.854,0.199608
28287ms,28287,303.827,0.199045
28319ms,28319,302.941,0.198442
28351ms,28351,301.920,0.197649
28383ms,28383,300.882,0.197083
28416ms,28416,299.910,0.196293
28447ms,28447,299.341,0.195905
28527ms,28527,298.371,0.195585
28559ms,28559,298.143,0.195350
28591ms,28591,298.132,0.195529
28623ms,28623,298.220,0.195366
28655ms,28655,298.228,0.195049
28687ms,28687,298.242,0.195330
28719ms,28719,298.124,0.195141
28752ms,28752,298.372,0.195198
28784ms,28784,298.510,0.195156
28816ms,28816,298.751,0.195008
28847ms,28847,299.204,0.195567
28879ms,28879,299.568,0.195491
28927ms,28927,299.872,0.195777
28959ms,28959,300.459,0.196292
28991ms,28991,300.997,0.196463
29023ms,29023,301.418,0.196762
29055ms,29055,302.158,0.197295
29087ms,29087,302.637,0.197527
29151ms,29151,303.847,0.198593
29183ms,29183,304.548,0.199041
29215ms,29215,305.217,0.199510
29247ms,29247,305.889,0.199950
29279ms,29279,305.944,0.200088
29312ms,29312,305.774,0.199972
29359ms,29359,305.713,0.199791
29391ms,29391,305.667,0.199825
29423ms,29423,305.741,0.199819
29455ms,29455,305.718,0.199863
29487ms,29487,305.789,0.199785
29519ms,29519,305.743,0.199847
29551ms,29551,305.708,0.199849
29583ms,29583,305.761,0.199871
29615ms,29615,305.780,0.199805
29648ms,29648,305.829,0.199763
29680ms,29680,306.059,0.200007
29712ms,29712,305.349,0.199933
29759ms,29759,304.419,0.199259
29791ms,29791,303.503,0.198816
29855ms,29855,301.572,0.197568
29887ms,29887,300.517,0.196773
29919ms,29919,299.724,0.196299
29951ms,29951,299.153,0.195888
29984ms,29984,298.842,0.195895
30015ms,30015,298.278,0.195535
30079ms,30079,298.236,0.195501
30127ms,30127,298.120,0.195331
30159ms,30159,298.117,0.195090
30191ms,30191,298.299,0.195143
30223ms,30223,298.283,0.195214
30255ms,30255,298.337,0.195134
30287ms,30287,298.549,0.195074
30319ms,30319,298.826,0.195535
30352ms,30352,299.219,0.195485
30383ms,30383,299.586,0.195583
30415ms,30415,300.063,0.196191
30447ms,30447,300.600,0.196238
30480ms,30480,301.024,0.196562
30527ms,30527,301.530,0.196846
30559ms,30559,302.248,0.197431
30591ms,30591,302.629,0.197611
30623ms,30623,303.191,0.198035
30655ms,30655,303.809,0.198573
30687ms,30687,304.539,0.199094
30719ms,30719,305.220,0.199503
30751ms,30751,305.870,0.199964
30783ms,30783,305.894,0.200281
30815ms,30815,305.813,0.199823
30847ms,30847,305.846,0.199728
30879ms,30879,305.771,0.199776
30927ms,30927,305.768,0.199681
30959ms,30959,305.739,0.199705
30991ms,30991,305.643,0.199900
31023ms,31023,305.755,0.199744
31055ms,31055,305.768,0.199757
31087ms,31087,305.819,0.199749
31119ms,31119,305.800,0.199779
31151ms,31151,305.858,0.199700
31183ms,31183,305.915,0.200002
31215ms,31215,305.300,0.199839
31279ms,31279,303.447,0.198615
31312ms,31312,302.561,0.198336
31359ms,31359,301.501,0.197499
31391ms,31391,300.463,0.196573
31423ms,31423,299.594,0.196159
31455ms,31455,299.059,0.195826
31487ms,31487,298.811,0.195993
31519ms,31519,298.220,0.195624
31551ms,31551,298.138,0.195736
31583ms,31583,298.167,0.195368
31616ms,31616,298.165,0.195309
31647ms,31647,298.159,0.195141
31679ms,31679,298.195,0.195194
31711ms,31711,298.220,0.195149
31759ms,31759,298.327,0.195047
31791ms,31791,298.641,0.195186
31823ms,31823,298.852,0.195340
31855ms,31855,299.197,0.195617
31887ms,31887,299.560,0.195633
31920ms,31920,300.133,0.196049
31951ms,31951,300.572,0.196299
31983ms,31983,300.974,0.196570
32015ms,32015,301.621,0.197037
32047ms,32047,302.128,0.197172
32079ms,32079,302.746,0.197662
32111ms,32111,303.282,0.198104
32159ms,32159,303.878,0.198647
32191ms,32191,304.636,0.199119
32223ms,32223,305.166,0.199615
32255ms,32255,305.860,0.199878
32287ms,32287,305.719,0.200208
32319ms,32319,305.772,0.199789
32383ms,32383,305.767,0.199729
32447ms,32447,305.778,0.199634
32480ms,32480,305.692,0.199672
32512ms,32512,305.720,0.199668
32559ms,32559,305.730,0.199602
32591ms,32591,305.747,0.199659
32623ms,32623,305.816,0.199774
32655ms,32655,305.795,0.199795
32687ms,32687,305.850,0.199958
32719ms,32719,305.040,0.199938
32751ms,32751,304.079,0.199078
32783ms,32783,303.225,0.198446
32815ms,32815,302.113,0.197831
32848ms,32848,301.146,0.197312
32880ms,32880,300.140,0.196628
32959ms,32959,299.071,0.195862
32992ms,32992,298.636,0.195681
33023ms,33023,298.133,0.195478
33055ms,33055,298.195,0.195502
33087ms,33087,298.296,0.195570
33120ms,33120,298.142,0.195467
33152ms,33152,298.236,0.195364
33183ms,33183,298.275,0.195124
33216ms,33216,298.272,0.195217
33247ms,33247,298.469,0.195019
33279ms,33279,298.641,0.195202
33311ms,33311,298.976,0.195554
33359ms,33359,299.371,0.195776
33391ms,33391,299.858,0.195988
33423ms,33423,300.204,0.196102
33455ms,33455,300.863,0.196656
33487ms,33487,301.323,0.196813
33519ms,33519,301.869,0.197088
33551ms,33551,302.405,0.197422
33584ms,33584,303.009,0.197746
33616ms,33616,303.604,0.198403
33647ms,33647,304.204,0.198760
33680ms,33680,304.921,0.199202
33712ms,33712,305.576,0.199902
33759ms,33759,305.887,0.200234
33791ms,33791,305.694,0.199995
33823ms,33823,305.656,0.199730
33855ms,33855,305.659,0.199732
33887ms,33887,305.733,0.199704
33919ms,33919,305.754,0.199797
33951ms,33951,305.757,0.199661
33983ms,33983,305.803,0.199557
34015ms,34015,305.730,0.199807
34048ms,34048,305.745,0.199688
34080ms,34080,305.732,0.199717
34112ms,34112,305.749,0.199814
34159ms,34159,305.899,0.199805
34191ms,34191,305.929,0.200113
34223ms,34223,304.839,0.199572
34255ms,34255,303.949,0.199047
34319ms,34319,301.979,0.197545
34351ms,34351,300.945,0.197113
34383ms,34383,300.139,0.196474
34447ms,34447,299.086,0.195857
34511ms,34511,298.217,0.195632
34544ms,34544,298.245,0.195450
34591ms,34591,298.234,0.195609
34623ms,34623,298.187,0.195502
34655ms,34655,298.197,0.195225
34687ms,34687,298.239,0.195099
34719ms,34719,298.253,0.195295
34751ms,34751,298.570,0.195278
34783ms,34783,298.665,0.195167
34815ms,34815,299.045,0.195487
34848ms,34848,299.357,0.195673
34880ms,34880,299.867,0.195958
34911ms,34911,300.309,0.196168
34943ms,34943,300.862,0.196528
34991ms,34991,301.312,0.196746
35023ms,35023,301.955,0.197209
35055ms,35055,302.441,0.197512
35087ms,35087,303.068,0.197915
35119ms,35119,303.610,0.198278
35151ms,35151,304.290,0.198805
35183ms,35183,305.020,0.199378
35216ms,35216,305.660,0.199830
35248ms,35248,305.880,0.200115
35280ms,35280,305.705,0.200009
35311ms,35311,305.735,0.199927
35343ms,35343,305.781,0.199854
35391ms,35391,305.752,0.199874
35423ms,35423,305.727,0.199964
35455ms,35455,305.737,0.199828
35487ms,35487,305.787,0.199907
35519ms,35519,305.784,0.199885
35615ms,35615,305.844,0.199817
35648ms,35648,305.984,0.200004
35680ms,35680,305.674,0.200037
35711ms,35711,304.747,0.199499
35743ms,35743,303.772,0.198867
35791ms,35791,302.843,0.198480
35823ms,35823,301.909,0.197661
35855ms,35855,300.758,0.197045
35887ms,35887,299.835,0.196414
35919ms,35919,299.273,0.195911
35951ms,35951,299.193,0.196028
35983ms,35983,298.412,0.195708
36015ms,36015,298.241,0.195387
36047ms,36047,298.213,0.195347
36080ms,36080,298.143,0.195376
36111ms,36111,298.235,0.195283
36144ms,36144,298.211,0.195184
36191ms,36191,298.201,0.195128
36223ms,36223,298.286,0.195292
36255ms,36255,298.459,0.195232
36287ms,36287,298.751,0.195251
36319ms,36319,299.038,0.195430
36351ms,36351,299.450,0.195683
36383ms,36383,299.783,0.195798
36415ms,36415,300.323,0.196227
36447ms,36447,300.799,0.196570
36479ms,36479,301.356,0.196822
36511ms,36511,301.868,0.197073
36543ms,36543,302.502,0.197567
36591ms,36591,303.082,0.198083
36623ms,36623,303.634,0.198211
36655ms,36655,304.267,0.198844
36687ms,36687,304.962,0.199342
36719ms,36719,305.633,0.199806
36751ms,36751,305.961,0.200154
36783ms,36783,305.661,0.199915
36815ms,36815,305.748,0.199841
36847ms,36847,305.760,0.199769
36879ms,36879,305.708,0.199751
36912ms,36912,305.750,0.199714
36944ms,36944,305.659,0.199811
36991ms,36991,305.733,0.199762
37023ms,37023,305.778,0.199759
37055ms,37055,305.730,0.199792
37087ms,37087,305.706,0.199886
37119ms,37119,305.756,0.199918
37151ms,37151,305.895,0.199953
37216ms,37216,304.703,0.199493
37247ms,37247,303.773,0.198880
37279ms,37279,302.815,0.198421
37311ms,37311,301.829,0.197587
37343ms,37343,300.779,0.197156
37391ms,37391,299.882,0.196415
37423ms,37423,299.228,0.195920
37457ms,37457,299.032,0.195891
37487ms,37487,298.351,0.195752
37519ms,37519,298.243,0.195505
37551ms,37551,298.148,0.195370
37583ms,37583,298.183,0.195486
37615ms,37615,298.285,0.195401
37647ms,37647,298.259,0.195282
37680ms,37680,298.170,0.195092
37711ms,37711,298.284,0.195252
37743ms,37743,298.561,0.195304
37791ms,37791,298.748,0.195374
37823ms,37823,299.182,0.195476
37855ms,37855,299.503,0.195539
37887ms,37887,299.940,0.195844
37919ms,37919,300.412,0.196191
37952ms,37952,300.973,0.196436
37983ms,37983,301.365,0.196985
38015ms,38015,301.979,0.197311
38079ms,38079,303.171,0.197747
38143ms,38143,304.435,0.198895
38191ms,38191,305.046,0.199515
38223ms,38223,305.739,0.199876
38255ms,38255,305.901,0.200079
38255ms,38255,305.901,0.200079
38287ms,38287,305.632,0.199898
38287ms,38287,305.632,0.199898
38319ms,38319,305.704,0.199777
38351ms,38351,305.731,0.199708
38383ms,38383,305.697,0.199710
38415ms,38415,305.789,0.199737
38447ms,38447,305.752,0.199651
38479ms,38479,305.723,0.199651
38512ms,38512,305.757,0.199777
38544ms,38544,305.706,0.199863
38591ms,38591,305.780,0.199717
38623ms,38623,305.828,0.199885
38655ms,38655,305.991,0.200004
38687ms,38687,305.344,0.199934
38719ms,38719,304.462,0.199363
38751ms,38751,303.518,0.198965
38783ms,38783,302.544,0.198283
38815ms,38815,301.546,0.197530
38848ms,38848,300.560,0.196733
38879ms,38879,299.670,0.196192
38911ms,38911,299.172,0.195975
38943ms,38943,298.881,0.195851
38991ms,38991,298.224,0.195589
39023ms,39023,298.058,0.195528
39055ms,39055,298.258,0.195343
39087ms,39087,298.268,0.195362
39151ms,39151,298.177,0.195114
39183ms,39183,298.126,0.195095
39215ms,39215,298.429,0.194962
39247ms,39247,298.655,0.195034
39279ms,39279,298.876,0.195173
39311ms,39311,299.258,0.195644
39343ms,39343,299.789,0.195821
39391ms,39391,300.135,0.196079
39423ms,39423,300.717,0.196489
39455ms,39455,301.102,0.196746
39487ms,39487,301.590,0.196963
39519ms,39519,302.190,0.197246
39551ms,39551,302.846,0.197817
39583ms,39583,303.306,0.198010
39615ms,39615,303.940,0.198746
39647ms,39647,304.640,0.199147
39679ms,39679,305.226,0.199445
39711ms,39711,305.864,0.199947
39743ms,39743,305.792,0.200074
39791ms,39791,305.689,0.199871
39823ms,39823,305.715,0.199749
39855ms,39855,305.738,0.199717
39887ms,39887,305.769,0.199685
39919ms,39919,305.728,0.199712
39951ms,39951,305.745,0.199752
39983ms,39983,305.687,0.199593
40015ms,40015,305.701,0.199716
40047ms,40047,305.647,0.199640
40079ms,40079,305.704,0.199787
40111ms,40111,305.829,0.199782
40143ms,40143,305.886,0.199868
40191ms,40191,305.032,0.199787
40255ms,40255,303.149,0.198546
40287ms,40287,302.252,0.198018
40319ms,40319,301.186,0.197270
40351ms,40351,300.295,0.196611
40383ms,40383,299.511,0.196143
40415ms,40415,299.105,0.195920
40447ms,40447,298.849,0.195935
40479ms,40479,298.206,0.195546
40511ms,40511,298.211,0.195747
40543ms,40543,298.216,0.195505
40591ms,40591,298.115,0.195455
40623ms,40623,298.300,0.195291
40655ms,40655,298.188,0.195293
40687ms,40687,298.125,0.195296
40719ms,40719,298.485,0.194947
40751ms,40751,298.644,0.195042
40783ms,40783,298.911,0.195477
40815ms,40815,299.306,0.195540
40847ms,40847,299.743,0.195776
40880ms,40880,300.226,0.196008
40911ms,40911,300.717,0.196413
40943ms,40943,301.178,0.196694
40976ms,40976,301.714,0.196889
41023ms,41023,302.239,0.197253
41055ms,41055,302.899,0.197622
41087ms,41087,303.361,0.198132
41119ms,41119,303.954,0.198658
41151ms,41151,304.646,0.199144
41183ms,41183,305.223,0.199563
41215ms,41215,305.838,0.199932
41247ms,41247,305.680,0.199970
41279ms,41279,305.633,0.199894
41311ms,41311,305.672,0.199741
41343ms,41343,305.684,0.199682
41375ms,41375,305.712,0.199798
41423ms,41423,305.688,0.199853
41455ms,41455,305.714,0.199742
41487ms,41487,305.696,0.199745
41519ms,41519,305.738,0.199761
41551ms,41551,305.663,0.199794
41583ms,41583,305.726,0.199773
41615ms,41615,305.895,0.199795
41647ms,41647,305.891,0.200062
41679ms,41679,305.198,0.199815
41711ms,41711,304.232,0.199142
41743ms,41743,303.286,0.198562
41775ms,41775,302.286,0.198133
41823ms,41823,301.309,0.197545
41887ms,41887,299.595,0.196100
41919ms,41919,299.104,0.195794
41951ms,41951,298.789,0.195791
41983ms,41983,298.244,0.195513
42015ms,42015,298.142,0.195713
42047ms,42047,298.250,0.195329
42079ms,42079,298.225,0.195400
42111ms,42111,298.182,0.195414
42143ms,42143,298.265,0.195193
42175ms,42175,298.237,0.195190
42223ms,42223,298.422,0.194860
42255ms,42255,298.634,0.195194
42287ms,42287,298.881,0.195298
42319ms,42319,299.246,0.195576
42351ms,42351,299.789,0.195891
42383ms,42383,300.209,0.195919
42415ms,42415,300.728,0.196396
42447ms,42447,301.285,0.196575
42479ms,42479,301.705,0.196915
42512ms,42512,302.242,0.197260
42544ms,42544,302.943,0.197911
42623ms,42623,304.020,0.198717
42655ms,42655,304.707,0.199095
42687ms,42687,305.362,0.199805
42719ms,42719,306.018,0.200187
42751ms,42751,305.835,0.200186
42783ms,42783,305.886,0.199803
42815ms,42815,305.821,0.199851
42847ms,42847,305.810,0.199900
42879ms,42879,305.835,0.199813
42912ms,42912,305.891,0.199855
42944ms,42944,305.852,0.199827
42975ms,42975,305.896,0.199842
43023ms,43023,305.840,0.199959
43055ms,43055,305.869,0.199903
43087ms,43087,305.910,0.199830
43119ms,43119,305.968,0.199936
43151ms,43151,305.980,0.200131
43183ms,43183,305.074,0.199761
43215ms,43215,304.080,0.199054
43247ms,43247,303.160,0.198465
43279ms,43279,302.134,0.197771
43311ms,43311,301.008,0.197390
43343ms,43343,300.161,0.196681
43375ms,43375,299.415,0.196146
43423ms,43423,299.198,0.195753
43455ms,43455,298.606,0.195683
43487ms,43487,298.197,0.195475
43519ms,43519,298.190,0.195479
43551ms,43551,298.245,0.195526
43583ms,43583,298.156,0.195400
43615ms,43615,298.329,0.195115
43647ms,43647,298.199,0.195216
43679ms,43679,298.168,0.195107
43711ms,43711,298.459,0.195163
43743ms,43743,298.615,0.195206
43775ms,43775,298.891,0.195432
43823ms,43823,299.276,0.195416
43855ms,43855,299.819,0.195601
43887ms,43887,300.282,0.195893
43919ms,43919,300.767,0.196434
43951ms,43951,301.308,0.196708
43983ms,43983,301.723,0.197048
44015ms,44015,302.378,0.197470
44047ms,44047,302.963,0.197895
44079ms,44079,303.531,0.198023
44111ms,44111,304.223,0.198791
44143ms,44143,304.749,0.199149
44175ms,44175,305.446,0.199872
44208ms,44208,305.978,0.200233
44255ms,44255,305.693,0.199891
44287ms,44287,305.789,0.199870
44319ms,44319,305.770,0.199758
44351ms,44351,305.771,0.199894
44383ms,44383,305.775,0.199761
44447ms,44447,305.699,0.199752
44479ms,44479,305.790,0.199825
44511ms,44511,305.715,0.199786
44544ms,44544,305.760,0.199896
44575ms,44575,305.812,0.199813
44608ms,44608,305.906,0.199929
44655ms,44655,305.842,0.199966
44687ms,44687,304.850,0.199501
44719ms,44719,303.903,0.198984
44751ms,44751,302.977,0.198443
44783ms,44783,301.908,0.197778
44815ms,44815,300.876,0.197165
44847ms,44847,299.979,0.196380
44879ms,44879,299.329,0.195943
44912ms,44912,299.006,0.195878
44943ms,44943,298.408,0.195560
44975ms,44975,298.282,0.195527
45007ms,45007,298.225,0.195361
45087ms,45087,298.183,0.195153
45119ms,45119,298.287,0.195327
45151ms,45151,298.271,0.195105
45183ms,45183,298.235,0.195173
45215ms,45215,298.535,0.195204
45247ms,45247,298.746,0.195151
45279ms,45279,299.243,0.195397
45311ms,45311,299.528,0.195574
45343ms,45343,299.919,0.195881
45375ms,45375,300.460,0.196231
45407ms,45407,300.944,0.196526
45455ms,45455,301.386,0.196807
45519ms,45519,302.504,0.197545
45551ms,45551,303.173,0.197935
45583ms,45583,303.746,0.198604
45615ms,45615,304.438,0.198868
45647ms,45647,305.023,0.199316
45679ms,45679,305.696,0.199896
45711ms,45711,305.892,0.200164
45743ms,45743,305.724,0.199827
45775ms,45775,305.721,0.199775
45807ms,45807,305.676,0.199843
45855ms,45855,305.706,0.199889
45887ms,45887,305.766,0.199747
45919ms,45919,305.721,0.199820
45951ms,45951,305.796,0.199769
45983ms,45983,305.850,0.199848
46015ms,46015,305.742,0.199938
46047ms,46047,305.788,0.199901
46079ms,46079,305.798,0.199894
46111ms,46111,305.962,0.199982
46143ms,46143,305.560,0.199903
46175ms,46175,304.601,0.199352
46207ms,46207,303.628,0.198660
46255ms,46255,302.707,0.198281
46287ms,46287,301.691,0.197395
46319ms,46319,300.557,0.196870
46351ms,46351,299.796,0.196421
46383ms,46383,299.162,0.195917
46415ms,46415,298.943,0.196158
46447ms,46447,298.223,0.195387
46479ms,46479,298.283,0.195623
46575ms,46575,298.215,0.195252
46607ms,46607,298.256,0.195310
46655ms,46655,298.176,0.195219
46687ms,46687,298.313,0.195259
46719ms,46719,298.537,0.195303
46751ms,46751,298.773,0.194997
46783ms,46783,299.118,0.195603
46815ms,46815,299.495,0.195581
46847ms,46847,299.962,0.196041
46879ms,46879,300.459,0.196211
46911ms,46911,300.955,0.196478
46943ms,46943,301.442,0.196714
46975ms,46975,302.076,0.197298
47007ms,47007,302.594,0.197573
47055ms,47055,303.209,0.198070
47087ms,47087,303.775,0.198523
47119ms,47119,304.501,0.198998
47151ms,47151,305.172,0.199494
47183ms,47183,305.876,0.199921
47215ms,47215,305.827,0.200059
47247ms,47247,305.615,0.199760
47279ms,47279,305.630,0.199772
47311ms,47311,305.654,0.199722
47343ms,47343,305.650,0.199643
47375ms,47375,305.703,0.199597
47407ms,47407,305.780,0.199708
47455ms,47455,305.685,0.199630
47487ms,47487,305.707,0.199677
47519ms,47519,305.692,0.199593
47551ms,47551,305.664,0.199777
47583ms,47583,305.757,0.199690
47615ms,47615,305.928,0.199900
47647ms,47647,305.322,0.199922
47679ms,47679,304.432,0.199195
47711ms,47711,303.448,0.198694
47743ms,47743,302.468,0.198123
47807ms,47807,300.575,0.196814
47855ms,47855,299.741,0.196425
47887ms,47887,299.140,0.196033
47919ms,47919,298.927,0.196029
47951ms,47951,298.195,0.195506
47983ms,47983,298.325,0.195608
48015ms,48015,298.141,0.195333
48047ms,48047,298.139,0.195352
48079ms,48079,298.177,0.194922
48111ms,48111,298.161,0.195045
48143ms,48143,298.255,0.195036
48175ms,48175,298.402,0.195007
48207ms,48207,298.634,0.195196
48255ms,48255,298.851,0.195545
48287ms,48287,299.311,0.195481
48319ms,48319,299.597,0.195641
48351ms,48351,300.151,0.195912
48383ms,48383,300.567,0.196422
48415ms,48415,301.050,0.196465
48447ms,48447,301.610,0.196934
48479ms,48479,302.152,0.197216
48511ms,48511,302.797,0.197760
48543ms,48543,303.267,0.197987
48575ms,48575,303.937,0.198561
48607ms,48607,304.651,0.199096
48655ms,48655,305.345,0.199470
48687ms,48687,305.893,0.199978
48719ms,48719,305.779,0.200024
48751ms,48751,305.773,0.199927
48783ms,48783,305.753,0.199781
48815ms,48815,305.773,0.199722
48847ms,48847,305.739,0.199724
48879ms,48879,305.696,0.199733
48912ms,48912,305.738,0.199759
48943ms,48943,305.733,0.199771
48975ms,48975,305.739,0.199757
49007ms,49007,305.728,0.199771
49039ms,49039,305.842,0.199862
49087ms,49087,305.924,0.199810
49151ms,49151,304.973,0.199757
49183ms,49183,304.001,0.199163
49215ms,49215,303.137,0.198420
49247ms,49247,302.026,0.197852
49279ms,49279,300.973,0.197201
49311ms,49311,300.172,0.196476
49343ms,49343,299.275,0.195937
49375ms,49375,299.004,0.196115
49409ms,49409,298.547,0.195620
49439ms,49439,298.133,0.195496
49487ms,49487,298.216,0.195431
49519ms,49519,298.206,0.195177
49551ms,49551,298.208,0.195102
49583ms,49583,298.166,0.195156
49615ms,49615,298.214,0.195078
49647ms,49647,298.229,0.195307
49679ms,49679,298.489,0.195275
49711ms,49711,298.735,0.195262
49743ms,49743,299.098,0.195487
49775ms,49775,299.472,0.195572
49807ms,49807,299.948,0.195945
49840ms,49840,300.323,0.196353
49887ms,49887,300.878,0.196580
49919ms,49919,301.338,0.196717
49951ms,49951,301.777,0.197125
49983ms,49983,302.488,0.197455
50015ms,50015,303.068,0.197842
50047ms,50047,303.670,0.198221
50079ms,50079,304.330,0.198788
50111ms,50111,304.918,0.199201
50143ms,50143,305.617,0.199953
50175ms,50175,305.953,0.200277
50207ms,50207,305.684,0.199919
50239ms,50239,305.719,0.199862
50287ms,50287,305.704,0.199873
50319ms,50319,305.729,0.199768
50351ms,50351,305.721,0.199800
50383ms,50383,305.722,0.199776
50415ms,50415,305.796,0.199726
50447ms,50447,305.753,0.199676
50479ms,50479,305.723,0.199718
50511ms,50511,305.788,0.199819
50543ms,50543,305.814,0.199864
50575ms,50575,305.966,0.199901
50607ms,50607,305.657,0.199984
50640ms,50640,304.694,0.199480
50687ms,50687,303.696,0.198822
50719ms,50719,302.820,0.198477
50751ms,50751,301.798,0.197577
50783ms,50783,300.766,0.197002
50815ms,50815,299.802,0.196459
50847ms,50847,299.241,0.195908
50879ms,50879,299.030,0.196035
50911ms,50911,298.271,0.195593
50943ms,50943,298.288,0.195765
50975ms,50975,298.233,0.195611
51007ms,51007,298.121,0.195273
51040ms,51040,298.247,0.195033
51087ms,51087,298.160,0.195245
51119ms,51119,298.166,0.195117
51151ms,51151,298.377,0.195293
51183ms,51183,298.558,0.195180
51215ms,51215,298.820,0.195249
51247ms,51247,299.139,0.195503
51279ms,51279,299.524,0.195646
51311ms,51311,299.867,0.196063
51343ms,51343,300.493,0.196401
51407ms,51407,301.467,0.196794
51439ms,51439,302.045,0.197289
51487ms,51487,302.639,0.197543
51519ms,51519,303.223,0.198126
51551ms,51551,303.753,0.198609
51583ms,51583,304.407,0.198929
51615ms,51615,305.018,0.199414
51647ms,51647,305.779,0.199959
51679ms,51679,305.806,0.200157
51711ms,51711,305.704,0.199767
51743ms,51743,305.746,0.199681
51775ms,51775,305.721,0.199722
51807ms,51807,305.731,0.199712
51839ms,51839,305.787,0.199713
51887ms,51887,305.743,0.199642
51919ms,51919,305.762,0.199679
51951ms,51951,305.765,0.199759
51983ms,51983,305.712,0.199656
52015ms,52015,305.786,0.199810
52047ms,52047,305.840,0.199864
52111ms,52111,305.225,0.200016
52207ms,52207,302.312,0.197836
52240ms,52240,301.338,0.197420
52287ms,52287,300.402,0.196737
52319ms,52319,299.583,0.196128
52351ms,52351,299.133,0.195727
52383ms,52383,298.779,0.195837
52415ms,52415,298.232,0.195403
52447ms,52447,298.155,0.195687
52479ms,52479,298.239,0.195403
52511ms,52511,298.169,0.195254
52543ms,52543,298.271,0.195054
52575ms,52575,298.261,0.195344
52607ms,52607,298.169,0.195097
52639ms,52639,298.380,0.194905
52687ms,52687,298.526,0.195011
52719ms,52719,298.878,0.195556
52751ms,52751,299.227,0.195486
52783ms,52783,299.692,0.195721
52815ms,52815,300.193,0.196036
52847ms,52847,300.685,0.196303
52879ms,52879,301.147,0.196757
52911ms,52911,301.680,0.196877
52943ms,52943,302.145,0.197353
52975ms,52975,302.813,0.197776
53007ms,53007,303.339,0.198165
53039ms,53039,303.946,0.198751
53087ms,53087,304.691,0.199211
53119ms,53119,305.291,0.199691
53151ms,53151,305.871,0.200158
53183ms,53183,305.624,0.200030
53215ms,53215,305.782,0.199854
53247ms,53247,305.732,0.199610
53279ms,53279,305.693,0.199717
53311ms,53311,305.710,0.199798
53343ms,53343,305.700,0.199749
53375ms,53375,305.769,0.199712
53407ms,53407,305.674,0.199747
53439ms,53439,305.691,0.199734
53487ms,53487,305.734,0.199767
53519ms,53519,305.763,0.199854
53551ms,53551,305.865,0.199817
53583ms,53583,305.855,0.200036
53615ms,53615,304.832,0.199791
53647ms,53647,303.885,0.199094
53679ms,53679,303.021,0.198500
53711ms,53711,302.034,0.197780
53743ms,53743,300.906,0.197130
53775ms,53775,300.028,0.196380
53807ms,53807,299.285,0.195926
53839ms,53839,299.014,0.195947
53919ms,53919,298.125,0.195477
53951ms,53951,298.248,0.195445
53983ms,53983,298.227,0.195425
54015ms,54015,298.240,0.195225
54047ms,54047,298.227,0.195126
54079ms,54079,298.188,0.195178
54111ms,54111,298.332,0.195332
54143ms,54143,298.584,0.195331
54175ms,54175,298.802,0.195162
54207ms,54207,299.078,0.195476
54239ms,54239,299.541,0.195501
54271ms,54271,299.957,0.196061
54319ms,54319,300.509,0.196187
54351ms,54351,300.961,0.196310
54383ms,54383,301.327,0.196793
54415ms,54415,301.891,0.197274
54447ms,54447,302.496,0.197489
54479ms,54479,303.134,0.197988
54511ms,54511,303.634,0.198349
54543ms,54543,304.394,0.198871
54575ms,54575,305.075,0.199425
54608ms,54608,305.627,0.199882
54639ms,54639,305.857,0.200089
54671ms,54671,305.714,0.199850
54719ms,54719,305.731,0.199739
54751ms,54751,305.755,0.199851
54783ms,54783,305.759,0.199736
54815ms,54815,305.827,0.199677
54847ms,54847,305.855,0.199710
54879ms,54879,305.768,0.199796
54911ms,54911,305.752,0.199789
54975ms,54975,305.800,0.199793
55007ms,55007,305.863,0.199814
55039ms,55039,306.018,0.199949
55071ms,55071,305.453,0.199905
55119ms,55119,304.455,0.199324
55151ms,55151,303.528,0.198827
55183ms,55183,302.515,0.198180
55215ms,55215,301.562,0.197431
55247ms,55247,300.595,0.196948
55279ms,55279,299.747,0.196219
55311ms,55311,299.217,0.196016
55343ms,55343,298.976,0.196065
55375ms,55375,298.298,0.195267
55407ms,55407,298.278,0.195748
55471ms,55471,298.199,0.195307
55519ms,55519,298.152,0.195061
55551ms,55551,298.204,0.195233
55583ms,55583,298.283,0.195103
55615ms,55615,298.325,0.195046
55647ms,55647,298.574,0.195147
55679ms,55679,298.741,0.195251
55711ms,55711,299.210,0.195607
55743ms,55743,299.445,0.195570
55775ms,55775,300.053,0.196034
55807ms,55807,300.560,0.196303
55839ms,55839,300.954,0.196517
55871ms,55871,301.561,0.196777
55919ms,55919,302.174,0.197336
56015ms,56015,303.768,0.198635
56047ms,56047,304.522,0.199055
56079ms,56079,305.213,0.199503
56111ms,56111,305.827,0.199880
56143ms,56143,305.763,0.200201
56175ms,56175,305.778,0.199713
56207ms,56207,305.762,0.199634
56239ms,56239,305.760,0.199825
56287ms,56287,305.753,0.199749
56319ms,56319,305.751,0.199776
56351ms,56351,305.725,0.199702
56383ms,56383,305.707,0.199737
56415ms,56415,305.735,0.199695
56447ms,56447,305.709,0.199661
56479ms,56479,305.743,0.199774
56511ms,56511,305.853,0.199927
56543ms,56543,305.978,0.200097
56575ms,56575,305.188,0.199750
56608ms,56608,304.168,0.199261
56639ms,56639,303.244,0.198584
56671ms,56671,302.205,0.197893
56719ms,56719,301.092,0.197246
56751ms,56751,300.254,0.196608
56783ms,56783,299.515,0.196199
56815ms,56815,299.109,0.195739
56847ms,56847,298.706,0.195809
56879ms,56879,298.380,0.195524
56911ms,56911,298.101,0.195552
56943ms,56943,298.153,0.195287
56975ms,56975,298.164,0.195237
57007ms,57007,298.203,0.194926
57039ms,57039,298.170,0.195303
57071ms,57071,298.178,0.195199
57119ms,57119,298.436,0.195151
57279ms,57279,300.009,0.196116
57311ms,57311,300.584,0.196241
57343ms,57343,300.967,0.196696
57375ms,57375,301.488,0.196868
57407ms,57407,302.095,0.197265
57439ms,57439,302.656,0.197819
57471ms,57471,303.303,0.198006
57519ms,57519,303.828,0.198630
57551ms,57551,304.484,0.199136
57583ms,57583,305.151,0.199412
57615ms,57615,305.805,0.199924
57647ms,57647,305.821,0.200241
57679ms,57679,305.801,0.199850
57711ms,57711,305.701,0.199816
57743ms,57743,305.778,0.199830
57776ms,57776,305.683,0.199764
57808ms,57808,305.713,0.199797
57840ms,57840,305.757,0.199783
57872ms,57872,305.731,0.199814
57919ms,57919,305.700,0.199792
57951ms,57951,305.776,0.199651
57983ms,57983,305.784,0.199795
58015ms,58015,305.864,0.199819
58047ms,58047,305.961,0.199920
58111ms,58111,304.387,0.199339
58143ms,58143,303.449,0.198771
58175ms,58175,302.475,0.198168
58207ms,58207,301.400,0.197603
58239ms,58239,300.423,0.196497
58271ms,58271,299.645,0.196043
58319ms,58319,299.151,0.195963
58351ms,58351,298.870,0.196046
58383ms,58383,298.221,0.195538
58415ms,58415,298.127,0.195428
58447ms,58447,298.124,0.195440
58479ms,58479,298.271,0.195290
58511ms,58511,298.285,0.195070
58543ms,58543,298.225,0.195162
58575ms,58575,298.217,0.195057
58607ms,58607,298.500,0.194960
58639ms,58639,298.665,0.194996
58671ms,58671,298.752,0.195296
58719ms,58719,299.295,0.195569
58751ms,58751,299.682,0.195661
58783ms,58783,300.177,0.196253
58815ms,58815,300.611,0.196351
58847ms,58847,301.103,0.196649
58879ms,58879,301.608,0.196839
58911ms,58911,302.201,0.197277
58943ms,58943,302.804,0.197608
58975ms,58975,303.267,0.198057
59007ms,59007,303.902,0.198605
59039ms,59039,304.699,0.199093
59071ms,59071,305.322,0.199431
59103ms,59103,305.898,0.200175
59151ms,59151,305.709,0.199960
59183ms,59183,305.718,0.199728
59247ms,59247,305.677,0.199756
59279ms,59279,305.749,0.199785
59311ms,59311,305.722,0.199669
59343ms,59343,305.729,0.199705
59375ms,59375,305.743,0.199732
59407ms,59407,305.731,0.199732
59439ms,59439,305.692,0.199636
59471ms,59471,305.751,0.199866
59503ms,59503,305.870,0.199890
59551ms,59551,305.858,0.200084
59583ms,59583,305.136,0.199901
59615ms,59615,304.109,0.199092
59647ms,59647,303.213,0.198474
59679ms,59679,302.158,0.197841
59711ms,59711,301.094,0.197210
59743ms,59743,300.164,0.196727
59775ms,59775,299.393,0.196057
59839ms,59839,298.610,0.195677
59871ms,59871,298.158,0.195444
59903ms,59903,298.272,0.195434
59951ms,59951,298.271,0.195370
59983ms,59983,298.310,0.195328
60015ms,60015,298.221,0.195236
60047ms,60047,298.246,0.195212
60079ms,60079,298.120,0.194974
60111ms,60111,298.517,0.195029
60143ms,60143,298.622,0.195087
60175ms,60175,298.908,0.195461
60207ms,60207,299.255,0.195530
60239ms,60239,299.676,0.195856
60271ms,60271,300.199,0.196016
60303ms,60303,300.699,0.196514
60351ms,60351,301.239,0.196604
60383ms,60383,301.640,0.197016
60415ms,60415,302.268,0.197371
60447ms,60447,302.891,0.197722
60479ms,60479,303.493,0.198155
60511ms,60511,304.040,0.198635
60543ms,60543,304.773,0.199070
60575ms,60575,305.344,0.199853
60607ms,60607,305.906,0.200053
60639ms,60639,305.632,0.199954
60671ms,60671,305.707,0.199799
60703ms,60703,305.654,0.199789
60751ms,60751,305.642,0.199717
60783ms,60783,305.645,0.199828
60815ms,60815,305.689,0.199785
60847ms,60847,305.646,0.199721
60879ms,60879,305.680,0.199705
60911ms,60911,305.648,0.199713
60943ms,60943,305.610,0.199639
60975ms,60975,305.663,0.199762
61007ms,61007,305.797,0.199813
61039ms,61039,305.912,0.199912
61071ms,61071,305.037,0.199673
61103ms,61103,303.993,0.199274
61183ms,61183,302.145,0.197919
61215ms,61215,300.884,0.197209
61247ms,61247,300.126,0.196321
61279ms,61279,299.267,0.195890
61311ms,61311,299.072,0.195961
61343ms,61343,298.497,0.195563
61375ms,61375,298.174,0.195611
61407ms,61407,298.271,0.195328
61439ms,61439,298.192,0.195362
61471ms,61471,298.279,0.195120
61503ms,61503,298.187,0.195386
61551ms,61551,298.270,0.194919
61583ms,61583,298.282,0.194992
61615ms,61615,298.549,0.195102
61647ms,61647,298.635,0.195285
61679ms,61679,298.921,0.195481
61711ms,61711,299.341,0.195543
61743ms,61743,299.848,0.195774
61775ms,61775,300.276,0.196197
61807ms,61807,300.742,0.196477
61839ms,61839,301.253,0.196728
61871ms,61871,301.761,0.197148
61903ms,61903,302.399,0.197406
61951ms,61951,303.086,0.197786
61983ms,61983,303.654,0.198217
62015ms,62015,304.247,0.198822
62047ms,62047,304.917,0.199186
62111ms,62111,305.916,0.200263
62143ms,62143,305.573,0.199906
62175ms,62175,305.694,0.199779
62207ms,62207,305.675,0.199770
62239ms,62239,305.742,0.199666
62271ms,62271,305.703,0.199693
62351ms,62351,305.696,0.199664
62383ms,62383,305.737,0.199705
62415ms,62415,305.642,0.199696
62447ms,62447,305.725,0.199677
62479ms,62479,305.740,0.199812
62511ms,62511,305.837,0.199885
62543ms,62543,305.835,0.200113
62575ms,62575,304.860,0.199649
62607ms,62607,303.867,0.199110
62639ms,62639,302.916,0.198409
62671ms,62671,301.848,0.197633
62703ms,62703,300.834,0.196883
62751ms,62751,299.875,0.196562
62783ms,62783,299.270,0.195951
62815ms,62815,299.010,0.195907
62847ms,62847,298.368,0.195628
62879ms,62879,298.165,0.195604
62911ms,62911,298.217,0.195532
62943ms,62943,298.177,0.195414
62975ms,62975,298.320,0.195329
63007ms,63007,298.160,0.195268
63039ms,63039,298.176,0.195136
63071ms,63071,298.350,0.195366
63103ms,63103,298.569,0.195144
63151ms,63151,298.789,0.195055
63183ms,63183,299.181,0.195388
63215ms,63215,299.513,0.195487
63247ms,63247,299.916,0.195777
63279ms,63279,300.490,0.196232
63311ms,63311,300.933,0.196418
63343ms,63343,301.371,0.196835
63375ms,63375,301.990,0.197259
63407ms,63407,302.532,0.197485
63439ms,63439,303.164,0.197945
63471ms,63471,303.728,0.198460
63503ms,63503,304.446,0.199057
63551ms,63551,305.086,0.199417
63583ms,63583,305.643,0.199923
63615ms,63615,305.843,0.200171
63647ms,63647,305.642,0.199842
63679ms,63679,305.694,0.199790
63711ms,63711,305.749,0.199717
63743ms,63743,305.708,0.199732
63775ms,63775,305.655,0.199795
63807ms,63807,305.718,0.199897
63839ms,63839,305.725,0.199779
63871ms,63871,305.672,0.199772
63903ms,63903,305.669,0.199689
63935ms,63935,305.708,0.199777
63983ms,63983,305.804,0.199813
64015ms,64015,305.951,0.199898
64111ms,64111,303.556,0.198882
64143ms,64143,302.483,0.198147
64175ms,64175,301.557,0.197493
64207ms,64207,300.537,0.196920
64239ms,64239,299.657,0.196286
64271ms,64271,299.147,0.195940
64303ms,64303,298.828,0.196112
64335ms,64335,298.226,0.195348
64383ms,64383,298.181,0.195613
64415ms,64415,298.105,0.195288
64447ms,64447,298.230,0.195363
64479ms,64479,298.235,0.195115
64511ms,64511,298.202,0.195163
64543ms,64543,298.268,0.195182
64575ms,64575,298.349,0.194963
64608ms,64608,298.542,0.195118
64639ms,64639,298.862,0.195518
64671ms,64671,299.299,0.195623
64703ms,64703,299.550,0.195677
64735ms,64735,300.064,0.195947
64815ms,64815,301.023,0.196552
64847ms,64847,301.595,0.196981
64879ms,64879,302.211,0.197212
64911ms,64911,302.760,0.197702
64943ms,64943,303.228,0.198068
64975ms,64975,303.801,0.198445
65007ms,65007,304.552,0.199196
65039ms,65039,305.265,0.199504
65071ms,65071,305.853,0.200124
65103ms,65103,305.845,0.200130
65135ms,65135,305.777,0.199808
65183ms,65183,305.735,0.199719
65215ms,65215,305.694,0.199692
65247ms,65247,305.691,0.199695
65279ms,65279,305.706,0.199689
65311ms,65311,305.688,0.199808
65343ms,65343,305.669,0.199697
65375ms,65375,305.692,0.199708
65407ms,65407,305.698,0.199675
65439ms,65439,305.704,0.199690
65471ms,65471,305.754,0.199724
65503ms,65503,305.874,0.199964
65535ms,65535,305.301,0.200004
65583ms,65583,304.399,0.199270
65615ms,65615,303.381,0.198668
65647ms,65647,302.304,0.198176
65679ms,65679,301.205,0.197470
65711ms,65711,300.389,0.196602
65743ms,65743,299.654,0.196060
65775ms,65775,299.141,0.195850
65839ms,65839,298.156,0.195445
65871ms,65871,298.122,0.195714
65903ms,65903,298.251,0.195349
65951ms,65951,298.186,0.195199
65983ms,65983,298.179,0.194916
66015ms,66015,298.197,0.195274
66047ms,66047,298.321,0.195117
66079ms,66079,298.346,0.194922
66111ms,66111,298.456,0.195111
66143ms,66143,298.926,0.195502
66175ms,66175,299.262,0.195599
66207ms,66207,299.603,0.195732
66239ms,66239,300.087,0.196079
66271ms,66271,300.568,0.196339
66335ms,66335,301.534,0.196871
66383ms,66383,302.111,0.197238
66415ms,66415,302.756,0.197662
66447ms,66447,303.269,0.198104
66479ms,66479,303.860,0.198756
66511ms,66511,304.529,0.199120
66575ms,66575,305.812,0.199950
66607ms,66607,305.809,0.200192
66639ms,66639,305.759,0.199838
66671ms,66671,305.667,0.199683
66703ms,66703,305.683,0.199699
66735ms,66735,305.649,0.199666
66783ms,66783,305.623,0.199744
66815ms,66815,305.675,0.199748
66847ms,66847,305.690,0.199700
66879ms,66879,305.748,0.199764
66911ms,66911,305.710,0.199699
66943ms,66943,305.726,0.199741
66975ms,66975,305.748,0.199800
67007ms,67007,305.846,0.199881
67039ms,67039,305.228,0.199818
67071ms,67071,304.298,0.199335
67103ms,67103,303.424,0.198607
67135ms,67135,302.433,0.198230
67183ms,67183,301.554,0.197515
67215ms,67215,300.477,0.196831
67247ms,67247,299.565,0.196128
67279ms,67279,299.213,0.195821
67311ms,67311,298.793,0.196009
67343ms,67343,298.214,0.195689
67375ms,67375,298.112,0.195575
67407ms,67407,298.244,0.195557
67439ms,67439,298.139,0.195338
67471ms,67471,298.215,0.195183
67503ms,67503,298.204,0.195275
67535ms,67535,298.261,0.195423
67583ms,67583,298.397,0.195021
67615ms,67615,298.509,0.195120
67647ms,67647,298.811,0.195445
67679ms,67679,299.252,0.195780
67711ms,67711,299.638,0.195597
67743ms,67743,300.135,0.196040
67775ms,67775,300.621,0.196351
67807ms,67807,301.023,0.196571
67839ms,67839,301.617,0.197001
67871ms,67871,302.159,0.197225
67903ms,67903,302.746,0.197729
67935ms,67935,303.218,0.198012
67983ms,67983,303.805,0.198436
68015ms,68015,304.505,0.199092
68047ms,68047,305.162,0.199525
68143ms,68143,305.739,0.199795
68175ms,68175,305.678,0.199719
68207ms,68207,305.640,0.199697
68239ms,68239,305.735,0.199760
68271ms,68271,305.685,0.199710
68303ms,68303,305.694,0.199697
68335ms,68335,305.639,0.199778
68383ms,68383,305.679,0.199719
68415ms,68415,305.671,0.199776
68447ms,68447,305.689,0.199793
68479ms,68479,305.753,0.199815
68511ms,68511,305.876,0.199911
68543ms,68543,305.318,0.199983
68607ms,68607,303.426,0.198791
68639ms,68639,302.455,0.198240
68671ms,68671,301.446,0.197651
68703ms,68703,300.426,0.196729
68735ms,68735,299.659,0.196244
68767ms,68767,299.104,0.195889
68847ms,68847,298.205,0.195362
68879ms,68879,298.190,0.195534
68911ms,68911,298.111,0.195279
68943ms,68943,298.197,0.195338
68975ms,68975,298.261,0.195268
69007ms,69007,298.253,0.195178
69039ms,69039,298.267,0.195100
69071ms,69071,298.401,0.195005
69104ms,69104,298.619,0.195098
69135ms,69135,298.847,0.195465
69183ms,69183,299.303,0.195552
69215ms,69215,299.618,0.195694
69247ms,69247,300.167,0.196046
69279ms,69279,300.680,0.196430
69311ms,69311,301.055,0.196647
69343ms,69343,301.603,0.196971
69407ms,69407,302.739,0.197686
69439ms,69439,303.318,0.197972
69471ms,69471,303.933,0.198560
69503ms,69503,304.647,0.199096
69535ms,69535,305.330,0.199530
69583ms,69583,305.963,0.199915
69615ms,69615,305.920,0.200149
69647ms,69647,305.760,0.199792
69679ms,69679,305.736,0.199728
69711ms,69711,305.747,0.199726
69743ms,69743,305.798,0.199740
69775ms,69775,305.731,0.199810
69807ms,69807,305.722,0.199792
69839ms,69839,305.720,0.199738
69871ms,69871,305.696,0.199823
69903ms,69903,305.767,0.199689
69935ms,69935,305.708,0.199755
69983ms,69983,305.862,0.199800
70015ms,70015,305.927,0.199908
70047ms,70047,305.325,0.199987
70079ms,70079,304.307,0.199301
70111ms,70111,303.305,0.198537
70143ms,70143,302.383,0.197978
70175ms,70175,301.206,0.197285
70207ms,70207,300.356,0.196702
70239ms,70239,299.511,0.196040
70271ms,70271,299.127,0.195749
70303ms,70303,298.752,0.195964
70335ms,70335,298.193,0.195717
70383ms,70383,298.156,0.195522
70415ms,70415,298.209,0.195386
70447ms,70447,298.159,0.195354
70479ms,70479,298.340,0.195376
70511ms,70511,298.180,0.195286
70543ms,70543,298.236,0.195092
70575ms,70575,298.335,0.194979
70607ms,70607,298.642,0.194961
70671ms,70671,299.344,0.195659
70703ms,70703,299.692,0.195759
70735ms,70735,300.138,0.195994
70767ms,70767,300.633,0.196325
70815ms,70815,300.990,0.196492
70847ms,70847,301.622,0.196940
70879ms,70879,302.138,0.197207
70911ms,70911,302.782,0.197826
70943ms,70943,303.307,0.198041
70975ms,70975,303.928,0.198675
71007ms,71007,304.636,0.199073
71039ms,71039,305.276,0.199464
71071ms,71071,305.831,0.200046
71103ms,71103,305.687,0.200064
71135ms,71135,305.718,0.199732
71167ms,71167,305.730,0.199720
71215ms,71215,305.679,0.199735
71247ms,71247,305.736,0.199642
71279ms,71279,305.627,0.199785
71343ms,71343,305.709,0.199763
71375ms,71375,305.629,0.199737
71407ms,71407,305.582,0.199747
71439ms,71439,305.734,0.199874
71471ms,71471,305.830,0.199834
71503ms,71503,305.799,0.200075
71535ms,71535,305.145,0.199907
71567ms,71567,304.198,0.199247
71615ms,71615,303.250,0.198629
71647ms,71647,302.184,0.197861
71679ms,71679,301.110,0.197122
71711ms,71711,300.239,0.196690
71743ms,71743,299.442,0.196202
71775ms,71775,299.130,0.195765
71807ms,71807,298.539,0.195710
71839ms,71839,298.244,0.195672
71871ms,71871,298.170,0.195351
71903ms,71903,298.192,0.195338
71935ms,71935,298.207,0.195418
71967ms,71967,298.189,0.195354
72015ms,72015,298.176,0.195044
72047ms,72047,298.191,0.195145
72079ms,72079,298.518,0.195295
72111ms,72111,298.615,0.195042
72143ms,72143,298.962,0.195521
72175ms,72175,299.327,0.195445
72207ms,72207,299.801,0.195896
72239ms,72239,300.200,0.196082
72271ms,72271,300.714,0.196421
72303ms,72303,301.193,0.196803
72335ms,72335,301.768,0.196914
72367ms,72367,302.271,0.197212
72415ms,72415,302.893,0.197891
72447ms,72447,303.452,0.198133
72479ms,72479,304.018,0.198689
72511ms,72511,304.735,0.199085
72543ms,72543,305.332,0.199880
72575ms,72575,305.882,0.200040
72607ms,72607,305.750,0.199963
72639ms,72639,305.730,0.199823
72703ms,72703,305.664,0.199839
72735ms,72735,305.746,0.199777
72767ms,72767,305.723,0.199809
72815ms,72815,305.730,0.199722
72847ms,72847,305.719,0.199704
72879ms,72879,305.691,0.199640
72911ms,72911,305.714,0.199725
72943ms,72943,305.780,0.199793
72975ms,72975,305.853,0.199864
73007ms,73007,305.863,0.200087
73039ms,73039,305.073,0.199849
73071ms,73071,304.126,0.199198
73103ms,73103,303.223,0.198611
73135ms,73135,302.199,0.197832
73167ms,73167,301.006,0.197304
73247ms,73247,299.430,0.195893
73279ms,73279,298.975,0.195831
73311ms,73311,298.545,0.195841
73343ms,73343,298.149,0.195596
73375ms,73375,298.115,0.195301
73407ms,73407,298.163,0.195337
73439ms,73439,298.221,0.195167
73471ms,73471,298.247,0.195362
73503ms,73503,298.259,0.195108
73535ms,73535,298.296,0.195261
73567ms,73567,298.466,0.195286
73615ms,73615,298.742,0.195181
73679ms,73679,299.411,0.195691
73743ms,73743,300.421,0.196383
73807ms,73807,301.362,0.196734
73839ms,73839,301.889,0.197089
73871ms,73871,302.481,0.197491
73903ms,73903,303.074,0.197984
73935ms,73935,303.708,0.198236
73967ms,73967,304.421,0.198941
74015ms,74015,305.087,0.199322
74047ms,74047,305.628,0.199857
74079ms,74079,305.883,0.200223
74111ms,74111,305.667,0.199846
74143ms,74143,305.712,0.199833
74175ms,74175,305.767,0.199816
74207ms,74207,305.685,0.199715
74239ms,74239,305.705,0.199690
74271ms,74271,305.701,0.199765
74303ms,74303,305.727,0.199704
74335ms,74335,305.712,0.199762
74367ms,74367,305.621,0.199731
74415ms,74415,305.719,0.199728
74447ms,74447,305.823,0.199894
74479ms,74479,305.915,0.199913
74511ms,74511,305.589,0.199997
74543ms,74543,304.550,0.199429
74575ms,74575,303.633,0.198666
74607ms,74607,302.693,0.198359
74639ms,74639,301.705,0.197562
74671ms,74671,300.552,0.196774
74703ms,74703,299.867,0.196358
74735ms,74735,299.033,0.195787
74767ms,74767,298.895,0.196042
74815ms,74815,298.151,0.195460
74847ms,74847,298.278,0.195620
74879ms,74879,298.090,0.195289
74911ms,74911,298.130,0.195317
74943ms,74943,298.235,0.195062
75071ms,75071,298.596,0.195111
75103ms,75103,298.912,0.195442
75135ms,75135,299.196,0.195409
75167ms,75167,299.631,0.195748
75215ms,75215,299.986,0.196127
75247ms,75247,300.506,0.196224
75279ms,75279,300.959,0.196571
75311ms,75311,301.518,0.196982
75343ms,75343,302.086,0.197216
75375ms,75375,302.701,0.197650
75407ms,75407,303.270,0.197972
75439ms,75439,303.833,0.198500
75471ms,75471,304.640,0.199130
75503ms,75503,305.239,0.199421
75535ms,75535,305.887,0.199939
75567ms,75567,305.866,0.200138
75599ms,75599,305.780,0.199985
75647ms,75647,305.710,0.199669
75679ms,75679,305.696,0.199720
75711ms,75711,305.690,0.199729
75743ms,75743,305.727,0.199686
75775ms,75775,305.759,0.199800
75807ms,75807,305.697,0.199659
75839ms,75839,305.709,0.199698
75871ms,75871,305.696,0.199640
75903ms,75903,305.732,0.199773
75935ms,75935,305.868,0.199802
75967ms,75967,305.987,0.200066
75999ms,75999,305.242,0.199920
76079ms,76079,303.389,0.198613
76111ms,76111,302.330,0.198031
76143ms,76143,301.248,0.197276
76175ms,76175,300.348,0.196597
76207ms,76207,299.494,0.196077
76239ms,76239,299.029,0.195931
76271ms,76271,298.703,0.195921
76303ms,76303,298.294,0.195625
76335ms,76335,298.141,0.195655
76367ms,76367,298.181,0.195370
76399ms,76399,298.193,0.195444
76399ms,76399,298.193,0.195444
76447ms,76447,298.278,0.195095
76479ms,76479,298.215,0.195206
76511ms,76511,298.175,0.195295
76543ms,76543,298.489,0.195017
76575ms,76575,298.709,0.194972
76607ms,76607,298.939,0.195461
76639ms,76639,299.210,0.195629
76671ms,76671,299.787,0.195762
76703ms,76703,300.288,0.196113
76735ms,76735,300.675,0.196313
76767ms,76767,301.069,0.196565
76799ms,76799,301.651,0.196915
76847ms,76847,302.275,0.197352
76879ms,76879,302.924,0.197853
76911ms,76911,303.379,0.198117
76943ms,76943,304.036,0.198662
76975ms,76975,304.677,0.199117
77007ms,77007,305.190,0.199653
77039ms,77039,305.939,0.200071
77071ms,77071,305.886,0.200125
77103ms,77103,305.826,0.199888
77135ms,77135,305.776,0.199851
77167ms,77167,305.769,0.199839
77199ms,77199,305.786,0.199832
77247ms,77247,305.771,0.199802
77279ms,77279,305.787,0.199835
77311ms,77311,305.770,0.199785
77343ms,77343,305.786,0.199788
77375ms,77375,305.811,0.199819
77407ms,77407,305.860,0.199888
77439ms,77439,305.902,0.199858
77471ms,77471,305.920,0.200164
77503ms,77503,305.241,0.199898
77535ms,77535,304.265,0.199199
77567ms,77567,303.359,0.198596
77599ms,77599,302.382,0.198020
77647ms,77647,301.249,0.197437
77679ms,77679,300.398,0.196725
77743ms,77743,299.117,0.195657
77775ms,77775,298.736,0.195894
77807ms,77807,298.194,0.195223
77839ms,77839,298.109,0.195437
77871ms,77871,298.275,0.195516
77903ms,77903,298.203,0.195389
77935ms,77935,298.284,0.195314
77967ms,77967,298.181,0.195252
77999ms,77999,298.191,0.195127
78047ms,78047,298.511,0.195123
78079ms,78079,298.654,0.195263
78111ms,78111,299.003,0.195470
78143ms,78143,299.265,0.195405
78175ms,78175,299.793,0.195902
78207ms,78207,300.249,0.195935
78239ms,78239,300.722,0.196219
78271ms,78271,301.184,0.196750
78303ms,78303,301.698,0.197121
78335ms,78335,302.305,0.197369
78367ms,78367,302.894,0.197920
78399ms,78399,303.447,0.197999
78479ms,78479,304.780,0.199110
78511ms,78511,305.393,0.199794
78543ms,78543,305.919,0.200077
78575ms,78575,305.585,0.200062
78607ms,78607,305.706,0.199622
78639ms,78639,305.656,0.199692
78671ms,78671,305.618,0.199578
78703ms,78703,305.679,0.199605
78735ms,78735,305.745,0.199666
78767ms,78767,305.682,0.199664
78799ms,78799,305.679,0.199665
78831ms,78831,305.671,0.199658
78879ms,78879,305.695,0.199700
78911ms,78911,305.698,0.199852
78943ms,78943,305.782,0.199860
78975ms,78975,305.783,0.199977
79007ms,79007,304.974,0.199729
79039ms,79039,304.058,0.199093
79071ms,79071,303.158,0.198376
79167ms,79167,300.205,0.196681
79199ms,79199,299.387,0.196015
79247ms,79247,299.035,0.195728
79279ms,79279,298.494,0.195560
79311ms,79311,298.193,0.195612
79343ms,79343,298.274,0.195549
79375ms,79375,298.155,0.195327
79407ms,79407,298.240,0.195258
79439ms,79439,298.265,0.195326
79471ms,79471,298.238,0.195174
79503ms,79503,298.286,0.195245
79535ms,79535,298.496,0.195176
79567ms,79567,298.703,0.195151
79599ms,79599,298.978,0.195355
79647ms,79647,299.361,0.195493
79679ms,79679,299.812,0.195844
79711ms,79711,300.173,0.195953
79743ms,79743,300.748,0.196434
79775ms,79775,301.251,0.196678
79807ms,79807,301.798,0.196936
79839ms,79839,302.371,0.197500
79871ms,79871,302.948,0.197909
79903ms,79903,303.469,0.198100
79935ms,79935,304.135,0.198690
79967ms,79967,304.770,0.199101
79999ms,79999,305.479,0.199901
80047ms,80047,305.913,0.200117
80079ms,80079,305.579,0.200031
80111ms,80111,305.740,0.199671
80143ms,80143,305.725,0.199806
80175ms,80175,305.701,0.199786
80207ms,80207,305.707,0.199653
80239ms,80239,305.701,0.199648
80271ms,80271,305.761,0.199677
80335ms,80335,305.765,0.199703
80367ms,80367,305.745,0.199686
80399ms,80399,305.717,0.199837
80431ms,80431,305.850,0.199927
80479ms,80479,305.850,0.200116
80511ms,80511,304.946,0.199774
80543ms,80543,303.965,0.199277
80575ms,80575,303.098,0.198434
80607ms,80607,302.154,0.197826
80639ms,80639,301.035,0.197265
80671ms,80671,300.273,0.196560
80703ms,80703,299.474,0.196011
80735ms,80735,299.002,0.195627
80767ms,80767,298.577,0.195588
80799ms,80799,298.125,0.195539
80831ms,80831,298.289,0.195561
80879ms,80879,298.255,0.195465
80911ms,80911,298.285,0.195190
80943ms,80943,298.172,0.195443
80975ms,80975,298.266,0.195352
81007ms,81007,298.258,0.195219
81039ms,81039,298.535,0.195290
81071ms,81071,298.659,0.195320
81135ms,81135,299.371,0.195422
81167ms,81167,299.794,0.196009
81199ms,81199,300.221,0.195893
81231ms,81231,300.714,0.196412
81279ms,81279,301.237,0.196656
81311ms,81311,301.819,0.197147
81343ms,81343,302.279,0.197512
81375ms,81375,302.949,0.198048
81407ms,81407,303.605,0.198085
81439ms,81439,304.120,0.198723
81471ms,81471,304.828,0.199212
81503ms,81503,305.425,0.199702
81535ms,81535,305.861,0.200263
81567ms,81567,305.616,0.200194
81599ms,81599,305.710,0.199695
81631ms,81631,305.646,0.199652
81679ms,81679,305.714,0.199730
81711ms,81711,305.690,0.199654
81743ms,81743,305.627,0.199580
81775ms,81775,305.632,0.199721
81807ms,81807,305.608,0.199624
81871ms,81871,305.737,0.199641
81903ms,81903,305.707,0.199788
81935ms,81935,305.867,0.200035
81967ms,81967,305.778,0.199998
81999ms,81999,304.919,0.199641
82031ms,82031,303.947,0.199089
82079ms,82079,303.035,0.198515
82111ms,82111,302.095,0.198102
82143ms,82143,300.972,0.196921
82175ms,82175,300.150,0.196452
82207ms,82207,299.397,0.195757
82239ms,82239,299.049,0.195772
82271ms,82271,298.717,0.196064
82303ms,82303,298.167,0.195394
82335ms,82335,298.266,0.195295
82367ms,82367,298.180,0.195266
82399ms,82399,298.175,0.195240
82431ms,82431,298.280,0.195114
82479ms,82479,298.196,0.195152
82511ms,82511,298.307,0.195133
82543ms,82543,298.609,0.195266
82575ms,82575,298.690,0.195279
82607ms,82607,299.007,0.195532
82639ms,82639,299.404,0.195710
82671ms,82671,299.859,0.196058
82703ms,82703,300.250,0.196080
82735ms,82735,300.758,0.196448
82767ms,82767,301.301,0.196834
82799ms,82799,301.777,0.197100
82831ms,82831,302.429,0.197677
82879ms,82879,302.988,0.197847
82911ms,82911,303.609,0.198128
82943ms,82943,304.199,0.198795
82975ms,82975,304.823,0.199237
83007ms,83007,305.582,0.199712
83039ms,83039,305.893,0.200120
83071ms,83071,305.569,0.199780
83103ms,83103,305.649,0.199821
83135ms,83135,305.666,0.199556
83167ms,83167,305.690,0.199626
83199ms,83199,305.666,0.199702
83231ms,83231,305.676,0.199640
83279ms,83279,305.671,0.199653
83311ms,83311,305.598,0.199702
83343ms,83343,305.589,0.199706
83375ms,83375,305.690,0.199729
83407ms,83407,305.748,0.199921
83439ms,83439,305.897,0.199818
83471ms,83471,305.791,0.200002
83503ms,83503,304.879,0.199476
83535ms,83535,303.944,0.198946
83567ms,83567,302.883,0.198483
83599ms,83599,301.918,0.197790
83631ms,83631,300.867,0.196955
83663ms,83663,300.069,0.196306
83711ms,83711,299.334,0.195960
83775ms,83775,298.497,0.195624
83807ms,83807,298.195,0.195499
83839ms,83839,298.199,0.195340
83871ms,83871,298.178,0.195261
83903ms,83903,298.291,0.195142
83935ms,83935,298.181,0.195291
83967ms,83967,298.161,0.195212
83999ms,83999,298.253,0.195260
84031ms,84031,298.530,0.195196
84063ms,84063,298.662,0.195277
84111ms,84111,299.131,0.195499
84143ms,84143,299.531,0.195570
84175ms,84175,299.910,0.196015
84207ms,84207,300.424,0.196176
84239ms,84239,300.894,0.196426
84271ms,84271,301.348,0.196953
84303ms,84303,301.918,0.197192
84335ms,84335,302.496,0.197519
84367ms,84367,303.086,0.198059
84399ms,84399,303.692,0.198199
84431ms,84431,304.365,0.198758
84511ms,84511,305.586,0.199788
84575ms,84575,305.646,0.199827
84607ms,84607,305.669,0.199820
84639ms,84639,305.793,0.199707
84671ms,84671,305.729,0.199661
84703ms,84703,305.743,0.199761
84735ms,84735,305.704,0.199773
84767ms,84767,305.787,0.199661
84799ms,84799,305.793,0.199700
84831ms,84831,305.732,0.199740
84863ms,84863,305.761,0.199835
84911ms,84911,305.797,0.199803
84975ms,84975,305.688,0.199917
85007ms,85007,304.771,0.199466
85039ms,85039,303.801,0.198894
85071ms,85071,302.827,0.198238
85103ms,85103,301.846,0.197724
85135ms,85135,300.844,0.196985
85167ms,85167,299.854,0.196383
85199ms,85199,299.273,0.195988
85231ms,85231,299.017,0.196195
85279ms,85279,298.371,0.195530
85311ms,85311,298.170,0.195507
85343ms,85343,298.165,0.195418
85375ms,85375,298.149,0.195282
85407ms,85407,298.176,0.195292
85439ms,85439,298.180,0.195393
85471ms,85471,298.152,0.195309
85535ms,85535,298.528,0.195199
85567ms,85567,298.795,0.195007
85599ms,85599,299.167,0.195459
85631ms,85631,299.482,0.195613
85679ms,85679,299.886,0.196104
85711ms,85711,300.496,0.196305
85743ms,85743,300.958,0.196576
85775ms,85775,301.478,0.196691
85807ms,85807,302.087,0.197349
85839ms,85839,302.625,0.197580
85871ms,85871,303.188,0.197968
85903ms,85903,303.767,0.198474
85935ms,85935,304.493,0.198981
85967ms,85967,305.123,0.199484
85999ms,85999,305.816,0.199729
86031ms,86031,305.842,0.200208
86079ms,86079,305.625,0.199676
86111ms,86111,305.698,0.199683
86143ms,86143,305.711,0.199677
86175ms,86175,305.753,0.199705
86207ms,86207,305.704,0.199643
86239ms,86239,305.787,0.199693
86303ms,86303,305.761,0.199713
86335ms,86335,305.700,0.199675
86367ms,86367,305.703,0.199820
86399ms,86399,305.841,0.199842
86431ms,86431,305.987,0.199962
86463ms,86463,305.428,0.200001
86511ms,86511,304.491,0.199345
86543ms,86543,303.540,0.198932
86575ms,86575,302.660,0.198135
86607ms,86607,301.583,0.197474
86639ms,86639,300.587,0.196850
86671ms,86671,299.730,0.196408
86703ms,86703,299.187,0.195822
86735ms,86735,298.996,0.196036
86767ms,86767,298.260,0.195542
86799ms,86799,298.286,0.195417
86831ms,86831,298.115,0.195374
86863ms,86863,298.227,0.195447
86911ms,86911,298.241,0.195138
86943ms,86943,298.197,0.195366
86975ms,86975,298.229,0.195223
87007ms,87007,298.379,0.195012
87039ms,87039,298.455,0.195115
87071ms,87071,298.762,0.195259
87103ms,87103,299.174,0.195597
87135ms,87135,299.489,0.195556
87167ms,87167,299.956,0.196147
87199ms,87199,300.442,0.196265
87231ms,87231,300.980,0.196439
87263ms,87263,301.421,0.196790
87311ms,87311,302.110,0.197125
87343ms,87343,302.680,0.197575
87375ms,87375,303.170,0.197946
87407ms,87407,303.843,0.198546
87439ms,87439,304.434,0.199052
87471ms,87471,305.118,0.199365
87503ms,87503,305.732,0.199839
87535ms,87535,305.887,0.200019
87567ms,87567,305.620,0.199771
87599ms,87599,305.680,0.199683
87631ms,87631,305.695,0.199763
87663ms,87663,305.703,0.199721
87711ms,87711,305.674,0.199656
87743ms,87743,305.711,0.199678
87775ms,87775,305.693,0.199638
87807ms,87807,305.713,0.199799
87839ms,87839,305.711,0.199650
87871ms,87871,305.682,0.199715
87903ms,87903,305.745,0.199925
87935ms,87935,305.863,0.199864
87967ms,87967,305.611,0.200005
87999ms,87999,304.739,0.199411
88031ms,88031,303.706,0.198870
88111ms,88111,301.849,0.197700
88143ms,88143,300.840,0.197050
88175ms,88175,299.854,0.196678
88207ms,88207,299.227,0.195851
88239ms,88239,299.072,0.196199
88271ms,88271,298.402,0.195744
88303ms,88303,298.194,0.195442
88335ms,88335,298.133,0.195583
88367ms,88367,298.199,0.195268
88399ms,88399,298.180,0.195270
88431ms,88431,298.230,0.195375
88463ms,88463,298.133,0.195305
88495ms,88495,298.360,0.195311
88543ms,88543,298.543,0.195059
88575ms,88575,298.815,0.195060
88607ms,88607,299.110,0.195621
88671ms,88671,300.016,0.196164
88735ms,88735,301.003,0.196474
88767ms,88767,301.546,0.196941
88799ms,88799,302.114,0.197150
88831ms,88831,302.655,0.197637
88863ms,88863,303.204,0.198007
88911ms,88911,303.818,0.198556
88975ms,88975,305.170,0.199341
89007ms,89007,305.721,0.199842
89039ms,89039,305.747,0.200091
89071ms,89071,305.574,0.199619
89103ms,89103,305.627,0.199638
89135ms,89135,305.575,0.199585
89167ms,89167,305.644,0.199624
89199ms,89199,305.619,0.199636
89231ms,89231,305.616,0.199508
89263ms,89263,305.617,0.199555
89311ms,89311,305.600,0.199631
89343ms,89343,305.623,0.199612
89375ms,89375,305.723,0.199652
89407ms,89407,305.698,0.199740
89439ms,89439,305.846,0.199847
89471ms,89471,305.295,0.199941
89503ms,89503,304.348,0.199274
89535ms,89535,303.433,0.198760
89567ms,89567,302.498,0.198244
89599ms,89599,301.467,0.197528
89631ms,89631,300.500,0.196778
89663ms,89663,299.660,0.196141
89711ms,89711,299.112,0.195913
89743ms,89743,298.798,0.196048
89775ms,89775,298.255,0.195356
89807ms,89807,298.115,0.195522
89839ms,89839,298.228,0.195363
89871ms,89871,298.294,0.195316
89903ms,89903,298.265,0.195008
89935ms,89935,298.179,0.195223
89967ms,89967,298.121,0.195226
89999ms,89999,298.481,0.195033
90031ms,90031,298.698,0.195036
90063ms,90063,298.840,0.195466
90095ms,90095,299.273,0.195597
90143ms,90143,299.733,0.195812
90207ms,90207,300.692,0.196414
90271ms,90271,301.688,0.196976
90303ms,90303,302.266,0.197199
90335ms,90335,302.898,0.197592
90367ms,90367,303.300,0.198055
90399ms,90399,304.031,0.198601
90431ms,90431,304.649,0.199161
90463ms,90463,305.312,0.199485
90495ms,90495,305.923,0.200152
90543ms,90543,305.730,0.199984
90575ms,90575,305.723,0.199927
90607ms,90607,305.746,0.199836
90639ms,90639,305.751,0.199784
90671ms,90671,305.745,0.199769
90703ms,90703,305.741,0.199744
90735ms,90735,305.739,0.199731
90767ms,90767,305.793,0.199742
90799ms,90799,305.773,0.199786
90831ms,90831,305.785,0.199762
90863ms,90863,305.778,0.199831
90895ms,90895,305.874,0.200064
90943ms,90943,305.899,0.200071
90975ms,90975,304.979,0.199773
91007ms,91007,304.011,0.199098
91039ms,91039,303.116,0.198604
91071ms,91071,302.138,0.197850
91103ms,91103,301.082,0.197159
91135ms,91135,300.162,0.196546
91167ms,91167,299.461,0.196179
91263ms,91263,298.232,0.195425
91295ms,91295,298.205,0.195327
91343ms,91343,298.268,0.195367
91375ms,91375,298.200,0.195359
91407ms,91407,298.260,0.195112
91439ms,91439,298.215,0.194981
91471ms,91471,298.271,0.195189
91503ms,91503,298.507,0.195105
91535ms,91535,298.639,0.195096
91567ms,91567,298.992,0.195212
91599ms,91599,299.298,0.195508
91631ms,91631,299.755,0.195739
91663ms,91663,300.234,0.195958
91695ms,91695,300.663,0.196292
91743ms,91743,301.215,0.196666
91775ms,91775,301.699,0.197001
91807ms,91807,302.280,0.197374
91839ms,91839,302.964,0.197939
91871ms,91871,303.417,0.198215
91903ms,91903,304.056,0.198602
91935ms,91935,304.813,0.198997
91967ms,91967,305.333,0.199730
91999ms,91999,305.859,0.200188
92031ms,92031,305.573,0.200065
92063ms,92063,305.628,0.199670
92095ms,92095,305.641,0.199597
92143ms,92143,305.620,0.199489
92175ms,92175,305.687,0.199628
92207ms,92207,305.705,0.199659
92239ms,92239,305.653,0.199655
92271ms,92271,305.659,0.199641
92303ms,92303,305.609,0.199578
92335ms,92335,305.703,0.199623
92367ms,92367,305.696,0.199694
92399ms,92399,305.764,0.199835
92495ms,92495,304.060,0.199151
92543ms,92543,303.062,0.198377
92575ms,92575,301.988,0.197833
92607ms,92607,300.893,0.197054
92639ms,92639,300.019,0.196319
92671ms,92671,299.334,0.195932
92703ms,92703,298.969,0.195908
92767ms,92767,298.169,0.195532
92799ms,92799,298.299,0.195292
92831ms,92831,298.226,0.195416
92863ms,92863,298.275,0.195253
92895ms,92895,298.127,0.195265
92943ms,92943,298.212,0.194976
92975ms,92975,298.284,0.195049
93007ms,93007,298.542,0.195162
93039ms,93039,298.633,0.195182
93071ms,93071,299.109,0.195412
93103ms,93103,299.408,0.195768
93135ms,93135,299.905,0.196004
93167ms,93167,300.319,0.196245
93199ms,93199,300.814,0.196539
93231ms,93231,301.267,0.196830
93263ms,93263,301.875,0.197042
93343ms,93343,303.085,0.198022
93375ms,93375,303.621,0.198206
93407ms,93407,304.253,0.198785
93439ms,93439,304.910,0.199352
93471ms,93471,305.554,0.199716
93503ms,93503,305.927,0.200144
93535ms,93535,305.643,0.199798
93567ms,93567,305.696,0.199664
93599ms,93599,305.631,0.199701
93631ms,93631,305.700,0.199652
93663ms,93663,305.692,0.199726
93695ms,93695,305.630,0.199609
93743ms,93743,305.664,0.199593
93775ms,93775,305.679,0.199655
93807ms,93807,305.694,0.199688
93839ms,93839,305.733,0.199649
93871ms,93871,305.728,0.199701
93903ms,93903,305.862,0.199862
93935ms,93935,305.621,0.200033
93967ms,93967,304.612,0.199360
93999ms,93999,303.716,0.198788
94031ms,94031,302.830,0.198291
94063ms,94063,301.789,0.197434
94095ms,94095,300.742,0.196965
94143ms,94143,299.781,0.196441
94175ms,94175,299.185,0.195882
94207ms,94207,298.947,0.195872
94239ms,94239,298.359,0.195678
94271ms,94271,298.196,0.195590
94303ms,94303,298.205,0.195485
94335ms,94335,298.212,0.195370
94367ms,94367,298.103,0.195126
94399ms,94399,298.170,0.195356
94431ms,94431,298.217,0.195327
94463ms,94463,298.297,0.195020
94575ms,94575,299.160,0.195585
94607ms,94607,299.515,0.195446
94639ms,94639,299.998,0.196037
94671ms,94671,300.540,0.196232
94703ms,94703,301.036,0.196508
94735ms,94735,301.492,0.196928
94767ms,94767,302.082,0.197199
94799ms,94799,302.632,0.197678
94831ms,94831,303.225,0.198108
94863ms,94863,303.837,0.198476
94895ms,94895,304.586,0.198886
94927ms,94927,305.153,0.199300
94975ms,94975,305.759,0.199851
95007ms,95007,305.769,0.200008
95039ms,95039,305.659,0.199739
95071ms,95071,305.617,0.199638
95103ms,95103,305.701,0.199654
95135ms,95135,305.695,0.199620
95167ms,95167,305.651,0.199697
95199ms,95199,305.674,0.199661
95231ms,95231,305.638,0.199730
95263ms,95263,305.621,0.199659
95295ms,95295,305.657,0.199682
95327ms,95327,305.688,0.199794
95375ms,95375,305.758,0.199764
95407ms,95407,305.841,0.200020
95439ms,95439,305.235,0.199843
95471ms,95471,304.147,0.199112
95503ms,95503,303.274,0.198500
95535ms,95535,302.236,0.198052
95567ms,95567,301.231,0.197178
95599ms,95599,300.266,0.196722
95631ms,95631,299.416,0.195883
95663ms,95663,299.049,0.195835
95695ms,95695,298.705,0.195824
95727ms,95727,298.154,0.195541
95775ms,95775,298.110,0.195465
95807ms,95807,298.197,0.195393
95839ms,95839,298.266,0.195197
95871ms,95871,298.224,0.195191
95903ms,95903,298.195,0.195241
95935ms,95935,298.173,0.195174
95967ms,95967,298.491,0.194945
95999ms,95999,298.610,0.195171
96031ms,96031,298.993,0.195442
96063ms,96063,299.242,0.195427
96095ms,96095,299.828,0.195907
96127ms,96127,300.229,0.196085
96175ms,96175,300.708,0.196364
96207ms,96207,301.232,0.196770
96239ms,96239,301.699,0.197049
96271ms,96271,302.395,0.197441
96303ms,96303,302.959,0.197924
96335ms,96335,303.430,0.198021
96367ms,96367,304.098,0.198559
96399ms,96399,304.741,0.199038
96431ms,96431,305.324,0.199525
96463ms,96463,305.870,0.200056
96495ms,96495,305.593,0.200032
96527ms,96527,305.618,0.199713
96575ms,96575,305.650,0.199663
96607ms,96607,305.657,0.199628
96639ms,96639,305.670,0.199682
96671ms,96671,305.652,0.199632
96703ms,96703,305.574,0.199692
96735ms,96735,305.642,0.199718
96767ms,96767,305.667,0.199732
96799ms,96799,305.585,0.199618
96831ms,96831,305.786,0.199879
96863ms,96863,305.750,0.199878
96895ms,96895,305.884,0.200003
96927ms,96927,305.151,0.199814
96975ms,96975,304.231,0.199079
97007ms,97007,303.333,0.198605
97039ms,97039,302.213,0.197976
97071ms,97071,301.117,0.197199
97135ms,97135,299.418,0.196066
97167ms,97167,299.019,0.195722
97199ms,97199,298.658,0.195742
97231ms,97231,298.237,0.195582
97263ms,97263,298.263,0.195732
97295ms,97295,298.166,0.195351
97327ms,97327,298.261,0.195170
97375ms,97375,298.227,0.195241
97407ms,97407,298.299,0.195036
97439ms,97439,298.284,0.195005
97471ms,97471,298.510,0.195023
97503ms,97503,298.641,0.195159
97535ms,97535,299.019,0.195548
97567ms,97567,299.385,0.195754
97599ms,97599,299.807,0.196026
97631ms,97631,300.301,0.196093
97695ms,97695,301.312,0.196740
97775ms,97775,302.439,0.197602
97807ms,97807,302.959,0.197921
97839ms,97839,303.571,0.198190
97871ms,97871,304.202,0.198745
97903ms,97903,304.947,0.199327
97935ms,97935,305.495,0.199733
97967ms,97967,305.883,0.200170
97999ms,97999,305.619,0.199929
98031ms,98031,305.668,0.199578
98063ms,98063,305.636,0.199690
98095ms,98095,305.700,0.199628
98127ms,98127,305.641,0.199646
98175ms,98175,305.638,0.199529
98207ms,98207,305.615,0.199559
98239ms,98239,305.685,0.199722
98271ms,98271,305.686,0.199621
98303ms,98303,305.703,0.199612
98335ms,98335,305.733,0.199828
98367ms,98367,305.862,0.199924
98399ms,98399,305.758,0.200002
98431ms,98431,304.794,0.199620
98463ms,98463,303.900,0.198903
98495ms,98495,303.087,0.198474
98527ms,98527,301.996,0.197681
98575ms,98575,300.996,0.197160
98607ms,98607,300.145,0.196376
98639ms,98639,299.421,0.195899
98671ms,98671,298.966,0.195964
98735ms,98735,298.195,0.195470
98767ms,98767,298.238,0.195421
98799ms,98799,298.252,0.195441
98831ms,98831,298.278,0.195411
98863ms,98863,298.183,0.195305
98895ms,98895,298.294,0.195119
98927ms,98927,298.168,0.195033
98975ms,98975,298.509,0.195092
99007ms,99007,298.673,0.195265
99039ms,99039,298.977,0.195313
99071ms,99071,299.287,0.195377
99103ms,99103,299.841,0.195951
99135ms,99135,300.287,0.196117
99167ms,99167,300.757,0.196401
99199ms,99199,301.295,0.196640
99231ms,99231,301.748,0.197040
99295ms,99295,302.937,0.197890
99327ms,99327,303.444,0.198137
99375ms,99375,304.014,0.198556
99407ms,99407,304.789,0.199049
99439ms,99439,305.417,0.199683
99471ms,99471,305.877,0.200019
99503ms,99503,305.640,0.200057
99535ms,99535,305.688,0.199681
99567ms,99567,305.817,0.199701
99599ms,99599,305.697,0.199658
99631ms,99631,305.720,0.199672
99663ms,99663,305.680,0.199660
99695ms,99695,305.720,0.199758
99727ms,99727,305.663,0.199629
99775ms,99775,305.680,0.199665
99807ms,99807,305.602,0.199664
99839ms,99839,305.703,0.199797
99871ms,99871,305.879,0.199862
99903ms,99903,305.820,0.200025
99935ms,99935,304.881,0.199763
99967ms,99967,303.933,0.199024
99999ms,99999,303.040,0.198619
100031ms,100031,301.975,0.197781
100063ms,100063,300.845,0.197062
100095ms,100095,300.020,0.196282
100127ms,100127,299.280,0.195954
100175ms,100175,299.052,0.196092
100207ms,100207,298.492,0.195627
100239ms,100239,298.188,0.195554
100271ms,100271,298.280,0.195456
100303ms,100303,298.230,0.195416
100335ms,100335,298.162,0.195040
100367ms,100367,298.298,0.195352
100399ms,100399,298.223,0.195201
100431ms,100431,298.345,0.195207
100463ms,100463,298.550,0.195198
100559ms,100559,299.550,0.195619
100607ms,100607,299.821,0.195955
100639ms,100639,300.396,0.196312
100671ms,100671,300.807,0.196611
100703ms,100703,301.273,0.196762
100735ms,100735,301.846,0.197142
100767ms,100767,302.444,0.197491
100799ms,100799,303.027,0.197936
100831ms,100831,303.613,0.198210
100863ms,100863,304.299,0.198769
100895ms,100895,304.914,0.199254
100927ms,100927,305.631,0.199742
100959ms,100959,305.880,0.200239
101007ms,101007,305.654,0.199907
101039ms,101039,305.717,0.199692
101071ms,101071,305.670,0.199549
101103ms,101103,305.643,0.199674
101135ms,101135,305.690,0.199676
101167ms,101167,305.695,0.199558
101199ms,101199,305.656,0.199616
101231ms,101231,305.660,0.199685
101263ms,101263,305.723,0.199731
101295ms,101295,305.768,0.199761
101327ms,101327,305.748,0.199806
101359ms,101359,305.844,0.199910
101407ms,101407,305.815,0.200027
101439ms,101439,304.910,0.199675
101471ms,101471,303.928,0.199162
101503ms,101503,302.920,0.198402
101535ms,101535,301.894,0.197842
101567ms,101567,300.821,0.197091
101599ms,101599,299.862,0.196302
101631ms,101631,299.236,0.195836
101663ms,101663,299.118,0.195900
101695ms,101695,298.395,0.195643
101727ms,101727,298.283,0.195458
101759ms,101759,298.257,0.195438
101807ms,101807,298.330,0.195364
101871ms,101871,298.210,0.195260
101903ms,101903,298.098,0.195243
101935ms,101935,298.179,0.195187
101967ms,101967,298.567,0.195233
101999ms,101999,298.786,0.195144
102031ms,102031,299.098,0.195654
102063ms,102063,299.503,0.195777
102095ms,102095,299.787,0.195918
102127ms,102127,300.238,0.196163
102159ms,102159,300.762,0.196479
102207ms,102207,301.181,0.196770
102239ms,102239,301.771,0.197028
102271ms,102271,302.454,0.197317
102303ms,102303,303.003,0.197845
102335ms,102335,303.577,0.198230
102367ms,102367,304.159,0.198802
102399ms,102399,304.839,0.199221
102431ms,102431,305.551,0.199792
102463ms,102463,305.893,0.200097
102495ms,102495,305.656,0.199900
102527ms,102527,305.702,0.199683
102563ms,102563,305.684,0.199669
102639ms,102639,305.688,0.199680
102671ms,102671,305.706,0.199593
102703ms,102703,305.717,0.199638
102767ms,102767,305.709,0.199640
102799ms,102799,305.780,0.199688
102831ms,102831,305.732,0.199800
102863ms,102863,305.850,0.199925
102895ms,102895,305.879,0.200021
102927ms,102927,304.918,0.199894
102959ms,102959,303.918,0.199186
103007ms,103007,303.032,0.198592
103039ms,103039,302.130,0.197693
103071ms,103071,300.947,0.197165
103103ms,103103,300.091,0.196324
103135ms,103135,299.364,0.195889
103167ms,103167,299.030,0.195861
103199ms,103199,298.565,0.195697
103231ms,103231,298.155,0.195477
103263ms,103263,298.275,0.195562
103295ms,103295,298.138,0.195382
103327ms,103327,298.196,0.195143
103359ms,103359,298.269,0.195286
103439ms,103439,298.263,0.195277
103471ms,103471,298.578,0.195160
103503ms,103503,298.734,0.195179
103535ms,103535,299.255,0.195386
103567ms,103567,299.505,0.195487
103599ms,103599,299.952,0.195837
103631ms,103631,300.482,0.196235
103663ms,103663,300.959,0.196730
103695ms,103695,301.349,0.196834
103727ms,103727,301.996,0.197281
103759ms,103759,302.587,0.197519
103807ms,103807,303.163,0.197954
103839ms,103839,303.692,0.198271
103871ms,103871,304.315,0.198779
103903ms,103903,304.983,0.199369
103935ms,103935,305.559,0.199687
103967ms,103967,305.841,0.200154
103999ms,103999,305.564,0.199617
104031ms,104031,305.644,0.199628
104063ms,104063,305.668,0.199712
104095ms,104095,305.629,0.199596
104127ms,104127,305.616,0.199642
104159ms,104159,305.661,0.199646
104207ms,104207,305.687,0.199640
104239ms,104239,305.677,0.199692
104271ms,104271,305.679,0.199697
104303ms,104303,305.788,0.199665
104335ms,104335,305.698,0.199831
104367ms,104367,305.881,0.199872
104399ms,104399,305.657,0.200035
104431ms,104431,304.708,0.199461
104463ms,104463,303.766,0.199138
104495ms,104495,302.870,0.198501
104527ms,104527,301.894,0.197646
104559ms,104559,300.857,0.197037
104591ms,104591,299.949,0.196302
104639ms,104639,299.216,0.195754
104671ms,104671,299.196,0.195999
104703ms,104703,298.464,0.195590
104735ms,104735,298.220,0.195403
104767ms,104767,298.240,0.195403
104799ms,104799,298.239,0.195333
104831ms,104831,298.135,0.195345
104863ms,104863,298.118,0.195257
104895ms,104895,298.238,0.195233
104927ms,104927,298.278,0.195176
104959ms,104959,298.605,0.195262
104991ms,104991,298.676,0.195183
105039ms,105039,298.984,0.195349
105071ms,105071,299.474,0.195570
105103ms,105103,299.796,0.195806
105135ms,105135,300.390,0.196060
105167ms,105167,300.804,0.196496
105199ms,105199,301.312,0.196879
105231ms,105231,301.885,0.197181
105263ms,105263,302.408,0.197476
105327ms,105327,303.638,0.198295
105359ms,105359,304.271,0.198724
105391ms,105391,304.904,0.199099
105439ms,105439,305.530,0.199809
105471ms,105471,305.835,0.200157
105503ms,105503,305.572,0.199680
105535ms,105535,305.625,0.199600
105567ms,105567,305.558,0.199763
105599ms,105599,305.624,0.199700
105631ms,105631,305.673,0.199646
105695ms,105695,305.622,0.199730
105727ms,105727,305.664,0.199671
105759ms,105759,305.687,0.199687
105791ms,105791,305.664,0.199613
105839ms,105839,305.674,0.199741
105871ms,105871,305.855,0.199919
105903ms,105903,305.671,0.199927
105935ms,105935,304.636,0.199425
105967ms,105967,303.655,0.199033
105999ms,105999,302.809,0.198311
106031ms,106031,301.848,0.197792
106063ms,106063,300.802,0.197126
106095ms,106095,299.971,0.196324
106127ms,106127,299.150,0.195989
106159ms,106159,299.073,0.196115
106191ms,106191,298.421,0.195606
106239ms,106239,298.247,0.195574
106271ms,106271,298.201,0.195523
106303ms,106303,298.242,0.195423
106335ms,106335,298.234,0.195147
106367ms,106367,298.139,0.195346
106399ms,106399,298.133,0.195174
106431ms,106431,298.287,0.195250
106463ms,106463,298.543,0.195197
106495ms,106495,298.746,0.195069
106527ms,106527,299.186,0.195478
106559ms,106559,299.523,0.195572
106591ms,106591,299.917,0.195855
106639ms,106639,300.420,0.196270
106671ms,106671,300.948,0.196363
106703ms,106703,301.396,0.196719
106799ms,106799,303.138,0.198079
106831ms,106831,303.635,0.198134
106863ms,106863,304.400,0.199038
106895ms,106895,305.051,0.199347
106927ms,106927,305.542,0.199808
106959ms,106959,305.908,0.200209
107039ms,107039,305.700,0.199573
107071ms,107071,305.723,0.199562
107103ms,107103,305.744,0.199680
107135ms,107135,305.660,0.199705
107167ms,107167,305.643,0.199781
107199ms,107199,305.682,0.199700
107231ms,107231,305.763,0.199631
107263ms,107263,305.722,0.199618
107295ms,107295,305.825,0.199782
107327ms,107327,305.720,0.199912
107359ms,107359,305.881,0.199894
107391ms,107391,305.781,0.200090
107439ms,107439,304.879,0.199599
107471ms,107471,303.929,0.199010
107503ms,107503,303.004,0.198511
107535ms,107535,301.950,0.197748
107567ms,107567,300.880,0.197101
107599ms,107599,300.142,0.196271
107631ms,107631,299.369,0.195826
107663ms,107663,299.082,0.196030
107695ms,107695,298.561,0.195866
107727ms,107727,298.135,0.195610
107759ms,107759,298.198,0.195661
107791ms,107791,298.190,0.195281
107839ms,107839,298.209,0.195080
107871ms,107871,298.186,0.195034
107903ms,107903,298.302,0.195087
107935ms,107935,298.332,0.195160
107967ms,107967,298.468,0.195186
107999ms,107999,298.690,0.195063
108063ms,108063,299.383,0.195525
108095ms,108095,299.841,0.195711
108127ms,108127,300.242,0.196078
108159ms,108159,300.704,0.196322
108191ms,108191,301.239,0.196672
108239ms,108239,301.773,0.197097
108271ms,108271,302.337,0.197277
108303ms,108303,302.952,0.197890
108335ms,108335,303.473,0.198039
108367ms,108367,304.181,0.198682
108399ms,108399,304.891,0.199220
108431ms,108431,305.550,0.199768
108463ms,108463,305.875,0.200179
108495ms,108495,305.623,0.200004
108527ms,108527,305.657,0.199734
108559ms,108559,305.643,0.199704
108591ms,108591,305.701,0.199728
108639ms,108639,305.676,0.199690
108671ms,108671,305.688,0.199647
108703ms,108703,305.743,0.199707
108735ms,108735,305.680,0.199672
108767ms,108767,305.691,0.199701
108799ms,108799,305.740,0.199733
108831ms,108831,305.700,0.199808
108863ms,108863,305.797,0.199982
108895ms,108895,305.827,0.200044
108927ms,108927,305.037,0.199801
108959ms,108959,304.072,0.198974
108991ms,108991,303.160,0.198362
109039ms,109039,302.169,0.197748
109071ms,109071,301.140,0.197309
109103ms,109103,300.214,0.196569
109135ms,109135,299.406,0.196096
109167ms,109167,299.096,0.195698
109199ms,109199,298.570,0.195626
109231ms,109231,298.316,0.195594
109263ms,109263,298.213,0.195533
109295ms,109295,298.216,0.195225
109327ms,109327,298.251,0.195302
109359ms,109359,298.187,0.195177
109391ms,109391,298.265,0.195061
109423ms,109423,298.349,0.195201
109471ms,109471,298.498,0.195037
109503ms,109503,298.662,0.195176
109535ms,109535,298.977,0.195627
109567ms,109567,299.328,0.195649
109599ms,109599,299.864,0.195883
109631ms,109631,300.208,0.196113
109663ms,109663,300.691,0.196436
109695ms,109695,301.254,0.196741
109727ms,109727,301.826,0.197184
109759ms,109759,302.392,0.197301
109791ms,109791,302.994,0.197704
109823ms,109823,303.572,0.198239
109871ms,109871,304.147,0.198756
109903ms,109903,304.753,0.199171
109935ms,109935,305.458,0.199795
109999ms,109999,305.617,0.199970
110031ms,110031,305.643,0.199816
110063ms,110063,305.641,0.199750
110095ms,110095,305.701,0.199656
110127ms,110127,305.749,0.199717
110159ms,110159,305.755,0.199690
110191ms,110191,305.764,0.199740
110223ms,110223,305.786,0.199706
110271ms,110271,305.725,0.199787
110303ms,110303,305.782,0.199805
110335ms,110335,305.751,0.199786
110367ms,110367,305.875,0.199978
110399ms,110399,305.849,0.200007
110431ms,110431,304.953,0.199649
110463ms,110463,303.969,0.199178
110495ms,110495,303.119,0.198379
110527ms,110527,302.096,0.197787
110559ms,110559,301.014,0.197232
110591ms,110591,300.209,0.196570
110623ms,110623,299.472,0.196124
110703ms,110703,298.647,0.195613
110735ms,110735,298.182,0.195695
110767ms,110767,298.236,0.195602
110799ms,110799,298.247,0.195377
110831ms,110831,298.369,0.195138
110863ms,110863,298.294,0.195292
110895ms,110895,298.308,0.195262
110927ms,110927,298.223,0.195138
110959ms,110959,298.472,0.195177
110991ms,110991,298.703,0.195198
111023ms,111023,298.844,0.195459
111071ms,111071,299.322,0.195464
111103ms,111103,299.824,0.195945
111135ms,111135,300.226,0.195941
111167ms,111167,300.775,0.196361
111199ms,111199,301.231,0.196703
111231ms,111231,301.727,0.197040
111295ms,111295,302.913,0.197867
111327ms,111327,303.521,0.198169
111359ms,111359,304.188,0.198668
111391ms,111391,304.870,0.199183
111423ms,111423,305.493,0.199547
111471ms,111471,305.977,0.200184
111503ms,111503,305.720,0.200042
111535ms,111535,305.780,0.199800
111567ms,111567,305.778,0.199774
111599ms,111599,305.729,0.199707
111695ms,111695,305.776,0.199666
111727ms,111727,305.806,0.199702
111759ms,111759,305.759,0.199741
111791ms,111791,305.772,0.199756
111823ms,111823,305.843,0.199813
111871ms,111871,305.921,0.199793
111903ms,111903,305.824,0.200042
111935ms,111935,304.840,0.199737
111967ms,111967,303.965,0.199072
111999ms,111999,302.991,0.198424
112031ms,112031,302.005,0.197747
112063ms,112063,300.814,0.197175
112095ms,112095,300.115,0.196375
112127ms,112127,299.269,0.195871
112159ms,112159,299.119,0.195938
112191ms,112191,298.377,0.195391
112223ms,112223,298.335,0.195468
112271ms,112271,298.267,0.195420
112303ms,112303,298.147,0.195364
112335ms,112335,298.220,0.195086
112367ms,112367,298.143,0.195116
112399ms,112399,298.132,0.195183
112431ms,112431,298.258,0.195108
112463ms,112463,298.447,0.195207
112495ms,112495,298.747,0.195086
112527ms,112527,299.172,0.195520
112559ms,112559,299.495,0.195545
112591ms,112591,299.897,0.196020
112623ms,112623,300.457,0.196162
112671ms,112671,300.889,0.196425
112703ms,112703,301.401,0.196677
112735ms,112735,302.067,0.197372
112767ms,112767,302.577,0.197459
112799ms,112799,303.163,0.197848
112831ms,112831,303.683,0.198363
112863ms,112863,304.399,0.199020
112895ms,112895,305.054,0.199479
112927ms,112927,305.655,0.199849
112959ms,112959,305.782,0.200046
112991ms,112991,305.564,0.199801
113023ms,113023,305.642,0.199662
113071ms,113071,305.641,0.199654
113103ms,113103,305.651,0.199777
113167ms,113167,305.713,0.199693
113199ms,113199,305.678,0.199608
113231ms,113231,305.668,0.199577
113263ms,113263,305.663,0.199668
113295ms,113295,305.726,0.199846
113327ms,113327,305.848,0.199878
113359ms,113359,305.899,0.199869
113391ms,113391,305.510,0.200037
113423ms,113423,304.567,0.199462
113455ms,113455,303.575,0.198758
113503ms,113503,302.603,0.198302
113535ms,113535,301.562,0.197359
113567ms,113567,300.613,0.196833
113599ms,113599,299.820,0.196432
113631ms,113631,299.103,0.196003
113663ms,113663,298.958,0.195933
113695ms,113695,298.253,0.195513
113727ms,113727,298.211,0.195525
113759ms,113759,298.133,0.195414
113791ms,113791,298.166,0.195361
113855ms,113855,298.282,0.195252
113935ms,113935,298.352,0.195142
113967ms,113967,298.575,0.194968
113999ms,113999,298.874,0.195346
114031ms,114031,299.206,0.195569
114063ms,114063,299.503,0.195774
114095ms,114095,300.069,0.196101
114127ms,114127,300.581,0.196156
114159ms,114159,301.070,0.196554
114191ms,114191,301.528,0.196868
114223ms,114223,302.119,0.197116
114255ms,114255,302.707,0.197742
114303ms,114303,303.246,0.197958
114335ms,114335,303.845,0.198470
114367ms,114367,304.539,0.198925
114399ms,114399,305.244,0.199478
114431ms,114431,305.874,0.199914
114463ms,114463,305.832,0.200035
114495ms,114495,305.807,0.199646
114527ms,114527,305.683,0.199741
114559ms,114559,305.660,0.199679
114623ms,114623,305.650,0.199773
114655ms,114655,305.767,0.199799
114703ms,114703,305.702,0.199787
114735ms,114735,305.596,0.199781
114767ms,114767,305.628,0.199736
114799ms,114799,305.707,0.199856
114831ms,114831,305.820,0.199816
114863ms,114863,305.949,0.200125
114895ms,114895,305.233,0.199863
114959ms,114959,303.299,0.198495
114991ms,114991,302.232,0.197769
115023ms,115023,301.296,0.197401
115071ms,115071,300.358,0.196760
115103ms,115103,299.524,0.196048
115135ms,115135,299.128,0.195801
115167ms,115167,298.710,0.195711
115199ms,115199,298.211,0.195678
115231ms,115231,298.117,0.195730
115263ms,115263,298.138,0.195436
115295ms,115295,298.226,0.195354
115327ms,115327,298.265,0.195419
115359ms,115359,298.157,0.195210
115391ms,115391,298.140,0.195042
115423ms,115423,298.503,0.194957
115455ms,115455,298.717,0.195085
115535ms,115535,299.200,0.195500
115567ms,115567,299.637,0.195707
115599ms,115599,300.129,0.195882
115631ms,115631,300.665,0.196353
115663ms,115663,301.188,0.196766
115695ms,115695,301.685,0.197101
115727ms,115727,302.277,0.197320
115759ms,115759,302.859,0.198018
115791ms,115791,303.444,0.198045
115823ms,115823,303.944,0.198551
115855ms,115855,304.665,0.199073
115903ms,115903,305.337,0.199633
115935ms,115935,305.915,0.200005
115967ms,115967,305.642,0.200020
115999ms,115999,305.800,0.199747
116031ms,116031,305.678,0.199672
116063ms,116063,305.649,0.199736
116095ms,116095,305.674,0.199551
116127ms,116127,305.674,0.199733
116159ms,116159,305.696,0.199574
116191ms,116191,305.679,0.199556
116223ms,116223,305.745,0.199626
116255ms,116255,305.727,0.199540
116303ms,116303,305.710,0.199719
116335ms,116335,305.845,0.199821
116367ms,116367,305.889,0.199891
116399ms,116399,305.114,0.199883
116431ms,116431,304.181,0.199167
116463ms,116463,303.184,0.198500
116495ms,116495,302.205,0.198087
116527ms,116527,301.163,0.197219
116559ms,116559,300.190,0.196672
116591ms,116591,299.487,0.196278
116623ms,116623,299.044,0.195675
116655ms,116655,298.586,0.195648
116703ms,116703,298.306,0.195623
116735ms,116735,298.155,0.195361
116799ms,116799,298.296,0.195223
116831ms,116831,298.179,0.195110
116863ms,116863,298.220,0.195120
116895ms,116895,298.326,0.195182
116927ms,116927,298.522,0.195044
116959ms,116959,298.624,0.195158
116991ms,116991,298.961,0.195428
117023ms,117023,299.334,0.195549
117055ms,117055,299.797,0.195891
117103ms,117103,300.204,0.196132
117135ms,117135,300.750,0.196233
117167ms,117167,301.207,0.196785
117199ms,117199,301.722,0.196987
117231ms,117231,302.284,0.197514
117263ms,117263,302.921,0.197739
117295ms,117295,303.493,0.198054
117327ms,117327,304.075,0.198591
117359ms,117359,304.756,0.199101
117391ms,117391,305.264,0.199672
117423ms,117423,305.848,0.200056
117455ms,117455,305.671,0.199975
117503ms,117503,305.696,0.199788
117535ms,117535,305.724,0.199837
117567ms,117567,305.705,0.199715
117599ms,117599,305.707,0.199697
117631ms,117631,305.661,0.199751
117663ms,117663,305.656,0.199626
117695ms,117695,305.639,0.199689
117727ms,117727,305.670,0.199762
117759ms,117759,305.727,0.199706
117791ms,117791,305.752,0.199926
117823ms,117823,305.794,0.199762
117855ms,117855,305.894,0.200109
117903ms,117903,305.118,0.199931
117935ms,117935,304.144,0.199174
117967ms,117967,303.217,0.198517
117999ms,117999,302.188,0.198017
118031ms,118031,301.078,0.197167
118063ms,118063,300.174,0.196498
118127ms,118127,299.062,0.195634
118159ms,118159,298.555,0.195721
118191ms,118191,298.183,0.195600
118223ms,118223,298.284,0.195500
118255ms,118255,298.169,0.195241
118287ms,118287,298.167,0.195226
118335ms,118335,298.197,0.195242
118367ms,118367,298.288,0.195003
118399ms,118399,298.288,0.195150
118431ms,118431,298.519,0.195197
118463ms,118463,298.693,0.195220
118495ms,118495,298.997,0.195568
118527ms,118527,299.374,0.195827
118559ms,118559,299.842,0.195968
118591ms,118591,300.236,0.196260
118623ms,118623,300.821,0.196506
118655ms,118655,301.237,0.196736
118687ms,118687,301.857,0.197076
118735ms,118735,302.463,0.197297
118767ms,118767,302.889,0.197837
118799ms,118799,303.505,0.198060
118831ms,118831,304.201,0.198714
118863ms,118863,304.823,0.199147
118895ms,118895,305.494,0.199733
118927ms,118927,305.832,0.200053
118959ms,118959,305.644,0.199985
118991ms,118991,305.708,0.199769
119023ms,119023,305.628,0.199576
119055ms,119055,305.702,0.199716
119087ms,119087,305.684,0.199599
119135ms,119135,305.708,0.199647
119199ms,119199,305.688,0.199635
119231ms,119231,305.684,0.199601
119263ms,119263,305.722,0.199634
119295ms,119295,305.723,0.199820
119327ms,119327,305.800,0.199998
119359ms,119359,305.733,0.199973
119391ms,119391,304.880,0.199835
119423ms,119423,304.004,0.199126
119455ms,119455,303.038,0.198514
119487ms,119487,302.052,0.197833
119535ms,119535,300.855,0.197114
119567ms,119567,299.987,0.196343
119599ms,119599,299.300,0.195892
119631ms,119631,299.028,0.195915
119663ms,119663,298.454,0.195768
119695ms,119695,298.139,0.195413
119727ms,119727,298.200,0.195382
119759ms,119759,298.152,0.195357
119791ms,119791,298.225,0.195267
119823ms,119823,298.174,0.195257
119855ms,119855,298.191,0.195122
119887ms,119887,298.200,0.195227
119935ms,119935,298.470,0.195206
119967ms,119967,298.686,0.195301
119999ms,119999,299.238,0.195358
120031ms,120031,299.537,0.195567
120063ms,120063,299.929,0.195860
120095ms,120095,300.457,0.196182
120127ms,120127,300.900,0.196488
120159ms,120159,301.274,0.196798
120223ms,120223,302.495,0.197516
120287ms,120287,303.561,0.198214
120335ms,120335,304.299,0.198734
120367ms,120367,304.861,0.199197
120399ms,120399,305.626,0.199827
120431ms,120431,305.918,0.200103
120463ms,120463,305.612,0.199727
120495ms,120495,305.655,0.199697
120527ms,120527,305.653,0.199701
120559ms,120559,305.648,0.199666
120591ms,120591,305.686,0.199607
120623ms,120623,305.657,0.199665
120655ms,120655,305.679,0.199652
120735ms,120735,305.687,0.199749
120767ms,120767,305.687,0.199787
120799ms,120799,305.688,0.199845
120831ms,120831,305.820,0.199930
120863ms,120863,305.676,0.199947
120895ms,120895,304.661,0.199481
120927ms,120927,303.774,0.198789
120959ms,120959,302.818,0.198435
120991ms,120991,301.868,0.197479
121023ms,121023,300.812,0.196982
121055ms,121055,299.843,0.196467
121087ms,121087,299.279,0.195930
121135ms,121135,299.101,0.196092
121167ms,121167,298.422,0.195641
121199ms,121199,298.233,0.195535
121231ms,121231,298.260,0.195597
121263ms,121263,298.105,0.195250
121295ms,121295,298.186,0.195075
121327ms,121327,298.198,0.195193
121359ms,121359,298.147,0.195068
121391ms,121391,298.216,0.195101
121423ms,121423,298.623,0.195291
121455ms,121455,298.726,0.195188
121487ms,121487,299.174,0.195527
121535ms,121535,299.538,0.195578
121567ms,121567,299.898,0.195778
121599ms,121599,300.363,0.196221
121631ms,121631,300.875,0.196522
121663ms,121663,301.295,0.196797
121695ms,121695,301.948,0.197123
121727ms,121727,302.457,0.197408
121759ms,121759,303.117,0.197774
121791ms,121791,303.728,0.198524
121823ms,121823,304.419,0.198935
121855ms,121855,305.066,0.199357
121887ms,121887,305.710,0.199763
121935ms,121935,305.814,0.200189
121967ms,121967,305.633,0.199639
121999ms,121999,305.666,0.199601
122031ms,122031,305.659,0.199625
122063ms,122063,305.670,0.199717
122095ms,122095,305.656,0.199700
122127ms,122127,305.661,0.199637
122159ms,122159,305.659,0.199696
122191ms,122191,305.670,0.199766
122223ms,122223,305.697,0.199697
122255ms,122255,305.667,0.199720
122287ms,122287,305.743,0.199787
122335ms,122335,305.948,0.200015
122399ms,122399,304.416,0.199285
122431ms,122431,303.490,0.198882
122463ms,122463,302.465,0.198165
122495ms,122495,301.453,0.197528
122527ms,122527,300.485,0.196690
122559ms,122559,299.621,0.196087
122591ms,122591,299.119,0.195886
122623ms,122623,298.855,0.196200
122655ms,122655,298.159,0.195454
122687ms,122687,298.140,0.195522
122735ms,122735,298.298,0.195552
122767ms,122767,298.204,0.195270
122799ms,122799,298.260,0.195284
122831ms,122831,298.291,0.195203
122863ms,122863,298.171,0.195168
122895ms,122895,298.506,0.195048
122959ms,122959,298.895,0.195427
122991ms,122991,299.297,0.195604
123023ms,123023,299.652,0.195768
123055ms,123055,300.174,0.196017
123087ms,123087,300.715,0.196409
123119ms,123119,301.088,0.196595
123167ms,123167,301.670,0.196983
123199ms,123199,302.279,0.197302
123231ms,123231,302.853,0.197890
123263ms,123263,303.407,0.198092
123295ms,123295,304.053,0.198537
123327ms,123327,304.702,0.199123
123359ms,123359,305.227,0.199670
123391ms,123391,305.890,0.200111
123423ms,123423,305.676,0.199954
123455ms,123455,305.740,0.199696
123519ms,123519,305.683,0.199684
123567ms,123567,305.749,0.199658
123599ms,123599,305.691,0.199668
123663ms,123663,305.710,0.199705
123695ms,123695,305.695,0.199636
123727ms,123727,305.694,0.199619
123759ms,123759,305.742,0.199760
123791ms,123791,305.797,0.199810
123823ms,123823,305.792,0.199943
123855ms,123855,304.876,0.199573
123887ms,123887,303.961,0.199325
123935ms,123935,303.000,0.198527
123967ms,123967,302.065,0.197741
123999ms,123999,300.941,0.197117
124031ms,124031,300.283,0.196473
124063ms,124063,299.507,0.195811
124095ms,124095,299.123,0.195560
124127ms,124127,298.591,0.195639
124159ms,124159,298.153,0.195773
124191ms,124191,298.122,0.195587
124223ms,124223,298.150,0.195428
124255ms,124255,298.160,0.195224
124287ms,124287,298.190,0.195345
124335ms,124335,298.228,0.195175
124367ms,124367,298.293,0.195151
124399ms,124399,298.562,0.195117
124431ms,124431,298.692,0.195148
124463ms,124463,298.955,0.195426
124495ms,124495,299.290,0.195613
124527ms,124527,299.705,0.195656
124559ms,124559,300.114,0.195918
124591ms,124591,300.710,0.196452
124623ms,124623,301.175,0.196616
124655ms,124655,301.696,0.197007
124687ms,124687,302.334,0.197461
124719ms,124719,302.914,0.197826
124767ms,124767,303.485,0.198093
124799ms,124799,304.139,0.198587
124831ms,124831,304.734,0.199119
124863ms,124863,305.362,0.199675
124895ms,124895,305.883,0.200142
124927ms,124927,305.685,0.199930
124959ms,124959,305.644,0.199776
124991ms,124991,305.731,0.199719
125023ms,125023,305.693,0.199682
125055ms,125055,305.719,0.199701
125087ms,125087,305.706,0.199708
125119ms,125119,305.703,0.199662
125167ms,125167,305.747,0.199653
125199ms,125199,305.657,0.199651
125263ms,125263,305.679,0.199867
125295ms,125295,305.796,0.199965
125327ms,125327,305.793,0.199989
125359ms,125359,304.908,0.199585
125391ms,125391,304.041,0.198945
125423ms,125423,303.150,0.198524
125455ms,125455,302.026,0.197733
125487ms,125487,300.876,0.197159
125519ms,125519,300.188,0.196496
125567ms,125567,299.296,0.195887
125599ms,125599,299.009,0.195882
125631ms,125631,298.468,0.195887
125663ms,125663,298.169,0.195636
125695ms,125695,298.320,0.195502
125727ms,125727,298.240,0.195397
125759ms,125759,298.300,0.195147
125791ms,125791,298.262,0.195410
125823ms,125823,298.266,0.195204
125855ms,125855,298.231,0.195245
125887ms,125887,298.526,0.195150
125919ms,125919,298.727,0.195205
125967ms,125967,299.188,0.195406
125999ms,125999,299.501,0.195582
126031ms,126031,299.832,0.195900
126063ms,126063,300.461,0.196354
126095ms,126095,300.916,0.196336
126127ms,126127,301.398,0.196719
126159ms,126159,301.969,0.197330
126191ms,126191,302.608,0.197417
126223ms,126223,303.162,0.197957
126255ms,126255,303.699,0.198331
126287ms,126287,304.438,0.198973
126319ms,126319,305.003,0.199309
126367ms,126367,305.599,0.199706
126431ms,126431,305.629,0.199742
126463ms,126463,305.615,0.199571
126495ms,126495,305.639,0.199634
126527ms,126527,305.607,0.199662
126559ms,126559,305.661,0.199591
126591ms,126591,305.648,0.199633
126623ms,126623,305.662,0.199758
126655ms,126655,305.639,0.199654
126687ms,126687,305.653,0.199515
126719ms,126719,305.730,0.199835
126767ms,126767,305.768,0.199885
126799ms,126799,305.815,0.199941
126831ms,126831,305.344,0.199869
126863ms,126863,304.471,0.199397
126895ms,126895,303.448,0.198904
126927ms,126927,302.459,0.198184
126959ms,126959,301.468,0.197305
127023ms,127023,299.607,0.196232
127055ms,127055,299.096,0.195795
127087ms,127087,298.808,0.195860
127119ms,127119,298.313,0.195422
127167ms,127167,298.136,0.195544
127199ms,127199,298.273,0.195485
127231ms,127231,298.217,0.195226
127263ms,127263,298.384,0.195341
127295ms,127295,298.166,0.195340
127327ms,127327,298.283,0.195215
127359ms,127359,298.375,0.195038
127391ms,127391,298.553,0.195011
127423ms,127423,298.789,0.195218
127455ms,127455,299.269,0.195525
127487ms,127487,299.582,0.195635
127519ms,127519,300.079,0.196033
127567ms,127567,300.534,0.196283
127599ms,127599,301.090,0.196676
127631ms,127631,301.603,0.197094
127663ms,127663,302.141,0.197404
127695ms,127695,302.753,0.197764
127727ms,127727,303.286,0.198094
127759ms,127759,303.919,0.198488
127791ms,127791,304.581,0.199111
127823ms,127823,305.205,0.199714
127855ms,127855,305.841,0.200028
127887ms,127887,305.739,0.200114
127919ms,127919,305.739,0.199865
127967ms,127967,305.675,0.199860
127999ms,127999,305.670,0.199774
128031ms,128031,305.631,0.199636
128063ms,128063,305.702,0.199673
128095ms,128095,305.706,0.199732
128127ms,128127,305.666,0.199701
128159ms,128159,305.682,0.199791
128191ms,128191,305.725,0.199762
128223ms,128223,305.780,0.199885
128255ms,128255,305.847,0.199820
128287ms,128287,305.805,0.199992
128319ms,128319,305.139,0.199770
128351ms,128351,304.091,0.199139
128399ms,128399,303.231,0.198544
128431ms,128431,302.231,0.197910
128463ms,128463,301.117,0.197032
128495ms,128495,300.312,0.196574
128527ms,128527,299.465,0.196116
128559ms,128559,299.101,0.195904
128591ms,128591,298.716,0.195846
128655ms,128655,298.222,0.195289
128687ms,128687,298.214,0.195392
128719ms,128719,298.141,0.195134
128751ms,128751,298.177,0.195187
128799ms,128799,298.293,0.195164
128831ms,128831,298.236,0.195309
128863ms,128863,298.479,0.195291
128895ms,128895,298.725,0.195238
128927ms,128927,299.042,0.195440
128959ms,128959,299.366,0.195733
128991ms,128991,299.865,0.195976
129023ms,129023,300.262,0.196186
129055ms,129055,300.767,0.196471
129087ms,129087,301.278,0.196827
129119ms,129119,301.834,0.197059
129151ms,129151,302.355,0.197383
129199ms,129199,302.968,0.197879
129231ms,129231,303.597,0.198095
129263ms,129263,304.214,0.198786
129295ms,129295,304.785,0.199212
129327ms,129327,305.408,0.199747
129359ms,129359,305.903,0.200051
129391ms,129391,305.652,0.200146
129423ms,129423,305.742,0.199930
129455ms,129455,305.699,0.199664
129487ms,129487,305.669,0.199660
129519ms,129519,305.702,0.199736
129551ms,129551,305.715,0.199627
129599ms,129599,305.790,0.199757
129631ms,129631,305.719,0.199746
129663ms,129663,305.813,0.199814
129695ms,129695,305.774,0.199799
129727ms,129727,305.858,0.199915
129759ms,129759,305.905,0.199912
129791ms,129791,305.808,0.200163
129823ms,129823,304.941,0.199704
129855ms,129855,303.864,0.198982
129887ms,129887,302.984,0.198415
129919ms,129919,302.070,0.197749
129999ms,129999,300.060,0.196438
130031ms,130031,299.252,0.196023
130063ms,130063,298.979,0.195867
130095ms,130095,298.482,0.195530
130127ms,130127,298.228,0.195494
130159ms,130159,298.291,0.195376
130191ms,130191,298.123,0.195282
130223ms,130223,298.205,0.195128
130255ms,130255,298.163,0.195233
130287ms,130287,298.153,0.195208
130351ms,130351,298.463,0.195267
130399ms,130399,298.743,0.195144
130431ms,130431,299.148,0.195458
130463ms,130463,299.528,0.195589
130495ms,130495,299.889,0.195902
130527ms,130527,300.510,0.196203
130559ms,130559,300.953,0.196379
130591ms,130591,301.310,0.196712
130623ms,130623,301.970,0.197156
130655ms,130655,302.531,0.197447
130687ms,130687,303.094,0.197951
130719ms,130719,303.762,0.198375
130799ms,130799,305.069,0.199366
130831ms,130831,305.686,0.199747
130863ms,130863,305.867,0.200135
130895ms,130895,305.650,0.199818
130927ms,130927,305.741,0.199702
130959ms,130959,305.720,0.199605
130991ms,130991,305.802,0.199836
131023ms,131023,305.797,0.199726
131055ms,131055,305.715,0.199744
131087ms,131087,305.751,0.199687
131119ms,131119,305.768,0.199736
131151ms,131151,305.712,0.199688
131199ms,131199,305.663,0.199877
131231ms,131231,305.773,0.200029
131263ms,131263,305.928,0.199836
131295ms,131295,305.585,0.200000
131327ms,131327,304.580,0.199556
131359ms,131359,303.619,0.198716
131391ms,131391,302.687,0.198125
131423ms,131423,301.656,0.197426
131455ms,131455,300.587,0.196780
131487ms,131487,299.728,0.196480
131519ms,131519,299.089,0.195782
131599ms,131599,298.298,0.195384
131631ms,131631,298.228,0.195643
131663ms,131663,298.135,0.195321
131695ms,131695,298.193,0.195375
131727ms,131727,298.068,0.195085
131759ms,131759,298.250,0.195265
131791ms,131791,298.224,0.195042
131823ms,131823,298.460,0.194992
131855ms,131855,298.609,0.195101
131887ms,131887,298.842,0.195437
131919ms,131919,299.207,0.195618
131951ms,131951,299.629,0.195617
131999ms,131999,300.103,0.195980
132031ms,132031,300.545,0.196368
132063ms,132063,301.025,0.196452
132095ms,132095,301.625,0.197030
132127ms,132127,302.189,0.197190
132159ms,132159,302.768,0.197677
132191ms,132191,303.266,0.197963
132223ms,132223,303.858,0.198606
132255ms,132255,304.645,0.199006
132287ms,132287,305.134,0.199540
132319ms,132319,305.886,0.200048
132351ms,132351,305.797,0.200209
132399ms,132399,305.687,0.199648
132431ms,132431,305.700,0.199734
132463ms,132463,305.714,0.199659
132495ms,132495,305.759,0.199679
132527ms,132527,305.769,0.199704
132559ms,132559,305.741,0.199591
132591ms,132591,305.643,0.199695
132623ms,132623,305.693,0.199708
132655ms,132655,305.778,0.199651
132687ms,132687,305.719,0.199704
132719ms,132719,305.811,0.199821
132751ms,132751,305.913,0.200052
132799ms,132799,305.247,0.200007
132831ms,132831,304.320,0.199120
132863ms,132863,303.329,0.198540
132895ms,132895,302.218,0.198035
132959ms,132959,300.217,0.196600
132991ms,132991,299.392,0.196031
133023ms,133023,299.106,0.195828
133055ms,133055,298.671,0.195913
133087ms,133087,298.188,0.195524
133151ms,133151,298.186,0.195345
133183ms,133183,298.205,0.195194
133231ms,133231,298.150,0.195201
133263ms,133263,298.291,0.195079
133295ms,133295,298.237,0.195140
133327ms,133327,298.453,0.195238
133359ms,133359,298.644,0.195179
133423ms,133423,299.413,0.195481
133455ms,133455,299.816,0.195776
133487ms,133487,300.264,0.196011
133519ms,133519,300.728,0.196267
133551ms,133551,301.285,0.196668
133583ms,133583,301.792,0.196985
133855ms,133855,305.575,0.199853
133887ms,133887,305.759,0.199781
133919ms,133919,305.748,0.199653
133951ms,133951,305.778,0.199678
133999ms,133999,305.607,0.199692
134031ms,134031,305.726,0.199768
134063ms,134063,305.717,0.199674
134095ms,134095,305.681,0.199679
134127ms,134127,305.722,0.199644
134159ms,134159,305.696,0.199708
134191ms,134191,305.810,0.199858
134223ms,134223,305.843,0.199880
134255ms,134255,305.784,0.199978
134287ms,134287,304.961,0.199775
134319ms,134319,303.982,0.199187
134351ms,134351,303.112,0.198383
134399ms,134399,302.152,0.197765
134431ms,134431,300.966,0.197105
134463ms,134463,300.166,0.196399
134495ms,134495,299.415,0.195863
134527ms,134527,299.046,0.195810
134559ms,134559,298.531,0.195870
134591ms,134591,298.131,0.195536
134623ms,134623,298.255,0.195363
134655ms,134655,298.153,0.195351
134687ms,134687,298.326,0.194967
134719ms,134719,298.197,0.195212
134751ms,134751,298.208,0.195138
134799ms,134799,298.242,0.195220
134831ms,134831,298.576,0.195077
134863ms,134863,298.696,0.195131
134895ms,134895,299.104,0.195375
134959ms,134959,299.896,0.195931
134991ms,134991,300.325,0.196259
135023ms,135023,300.827,0.196504
135055ms,135055,301.311,0.196791
135087ms,135087,301.848,0.197180
135119ms,135119,302.485,0.197545
135151ms,135151,303.095,0.197952
135199ms,135199,303.644,0.198238
135231ms,135231,304.302,0.198879
135263ms,135263,304.993,0.199318
135295ms,135295,305.611,0.199691
135327ms,135327,305.908,0.200126
135359ms,135359,305.574,0.199868
135391ms,135391,305.731,0.199707
135423ms,135423,305.730,0.199727
135455ms,135455,305.741,0.199755
135487ms,135487,305.733,0.199751
135519ms,135519,305.677,0.199735
135551ms,135551,305.717,0.199714
135583ms,135583,305.639,0.199665
135631ms,135631,305.707,0.199640
135663ms,135663,305.735,0.199776
135695ms,135695,305.793,0.199847
135727ms,135727,305.879,0.199773
135759ms,135759,305.601,0.200061
135791ms,135791,304.525,0.199569
135823ms,135823,303.664,0.198736
135855ms,135855,302.630,0.198139
135887ms,135887,301.589,0.197443
135919ms,135919,300.645,0.196783
135951ms,135951,299.776,0.196270
135983ms,135983,299.184,0.195777
136031ms,136031,299.029,0.196126
136063ms,136063,298.274,0.195326
136095ms,136095,298.251,0.195649
136127ms,136127,298.159,0.195332
136159ms,136159,298.186,0.195327
136191ms,136191,298.134,0.195053
136223ms,136223,298.166,0.195158
136255ms,136255,298.181,0.195012
136287ms,136287,298.372,0.195153
136319ms,136319,298.504,0.195139
136351ms,136351,298.825,0.195277
136383ms,136383,299.118,0.195400
136431ms,136431,299.471,0.195561
136463ms,136463,299.958,0.196133
136495ms,136495,300.516,0.196347
136527ms,136527,300.944,0.196538
136559ms,136559,301.473,0.196807
136623ms,136623,302.621,0.197647
136655ms,136655,303.187,0.198049
136687ms,136687,303.858,0.198465
136719ms,136719,304.492,0.198957
136751ms,136751,305.127,0.199433
136783ms,136783,305.821,0.199976
136831ms,136831,305.847,0.200182
136863ms,136863,305.721,0.199791
136895ms,136895,305.668,0.199859
136927ms,136927,305.704,0.199717
136959ms,136959,305.749,0.199805
136991ms,136991,305.737,0.199737
137023ms,137023,305.715,0.199783
137055ms,137055,305.690,0.199729
137087ms,137087,305.730,0.199775
137119ms,137119,305.752,0.199822
137151ms,137151,305.728,0.199866
137183ms,137183,305.865,0.199860
137231ms,137231,305.933,0.200047
137263ms,137263,305.342,0.200004
137327ms,137327,303.432,0.198793
137359ms,137359,302.468,0.198171
137391ms,137391,301.491,0.197378
137423ms,137423,300.457,0.196696
137455ms,137455,299.616,0.196156
137487ms,137487,299.146,0.195949
137519ms,137519,298.809,0.195960
137551ms,137551,298.260,0.195440
137583ms,137583,298.163,0.195747
137631ms,137631,298.217,0.195426
137663ms,137663,298.187,0.195361
137695ms,137695,298.252,0.195248
137727ms,137727,298.141,0.195008
137791ms,137791,298.382,0.194932
137855ms,137855,298.877,0.195410
137919ms,137919,299.662,0.195505
137951ms,137951,300.129,0.196154
137983ms,137983,300.632,0.196405
138031ms,138031,301.042,0.196628
138063ms,138063,301.593,0.196935
138095ms,138095,302.134,0.197321
138127ms,138127,302.754,0.197801
138159ms,138159,303.362,0.197912
138191ms,138191,303.924,0.198568
138223ms,138223,304.574,0.199013
138255ms,138255,305.132,0.199393
138287ms,138287,305.905,0.199860
138319ms,138319,305.748,0.200129
138351ms,138351,305.748,0.199848
138383ms,138383,305.684,0.199758
138431ms,138431,305.645,0.199663
138463ms,138463,305.720,0.199760
138495ms,138495,305.764,0.199692
138527ms,138527,305.762,0.199735
138559ms,138559,305.748,0.199770
138591ms,138591,305.694,0.199773
138623ms,138623,305.767,0.199798
138655ms,138655,305.640,0.199847
138687ms,138687,305.791,0.199835
138719ms,138719,305.957,0.200071
138751ms,138751,305.177,0.199847
138783ms,138783,304.241,0.199040
138831ms,138831,303.359,0.198535
138863ms,138863,302.295,0.198051
138895ms,138895,301.217,0.197372
138927ms,138927,300.386,0.196644
138959ms,138959,299.596,0.196197
138991ms,138991,299.113,0.195742
139023ms,139023,298.824,0.195919
139055ms,139055,298.266,0.195632
139087ms,139087,298.140,0.195358
139119ms,139119,298.144,0.195389
139183ms,139183,298.258,0.195264
139215ms,139215,298.267,0.195141
139263ms,139263,298.248,0.195221
139295ms,139295,298.471,0.195097
139327ms,139327,298.699,0.195231
139359ms,139359,298.925,0.195397
139391ms,139391,299.334,0.195537
139423ms,139423,299.849,0.195790
139455ms,139455,300.248,0.195905
139487ms,139487,300.755,0.196471
139519ms,139519,301.158,0.196668
139551ms,139551,301.709,0.197156
139583ms,139583,302.248,0.197358
139615ms,139615,302.936,0.197819
139663ms,139663,303.493,0.198069
139695ms,139695,304.040,0.198672
139759ms,139759,305.375,0.199772
139791ms,139791,305.942,0.200137
139823ms,139823,305.675,0.200188
139855ms,139855,305.828,0.199969
139887ms,139887,305.756,0.199795
139919ms,139919,305.746,0.199714
139951ms,139951,305.826,0.199800
139983ms,139983,305.775,0.199746
140015ms,140015,305.775,0.199690
140063ms,140063,305.721,0.199857
140159ms,140159,305.826,0.199788
140191ms,140191,305.872,0.199857
140223ms,140223,305.892,0.200042
140255ms,140255,304.961,0.199822
140287ms,140287,303.979,0.199200
140319ms,140319,303.131,0.198455
140351ms,140351,302.054,0.197950
140383ms,140383,300.980,0.197123
140415ms,140415,300.117,0.196629
140463ms,140463,299.444,0.195915
140495ms,140495,299.018,0.195649
140527ms,140527,298.630,0.195672
140559ms,140559,298.151,0.195439
140591ms,140591,298.291,0.195367
140623ms,140623,298.090,0.195277
140655ms,140655,298.302,0.195352
140687ms,140687,298.198,0.195396
140719ms,140719,298.151,0.195295
140751ms,140751,298.267,0.195269
140783ms,140783,298.564,0.195299
140815ms,140815,298.662,0.195284
140863ms,140863,299.196,0.195545
140895ms,140895,299.520,0.195788
140927ms,140927,299.878,0.195761
140959ms,140959,300.459,0.196245
140991ms,140991,300.893,0.196474
141023ms,141023,301.339,0.196735
141055ms,141055,301.871,0.197217
141087ms,141087,302.470,0.197438
141119ms,141119,303.008,0.197882
141151ms,141151,303.641,0.198138
141183ms,141183,304.243,0.198812
141215ms,141215,304.858,0.199253
141263ms,141263,305.566,0.199794
141295ms,141295,305.910,0.200241
141327ms,141327,305.659,0.199850
141359ms,141359,305.700,0.199804
141391ms,141391,305.766,0.199665
141423ms,141423,305.791,0.199602
141455ms,141455,305.782,0.199660
141487ms,141487,305.756,0.199733
141519ms,141519,305.733,0.199739
141551ms,141551,305.823,0.199774
141615ms,141615,305.739,0.199818
141663ms,141663,305.820,0.199882
141695ms,141695,305.897,0.199938
141727ms,141727,305.772,0.199968
141759ms,141759,304.976,0.199629
141791ms,141791,303.890,0.199072
141823ms,141823,302.996,0.198356
141855ms,141855,301.939,0.197684
141887ms,141887,300.894,0.197063
141951ms,141951,299.146,0.195750
141983ms,141983,298.981,0.195764
142015ms,142015,298.420,0.195608
142063ms,142063,298.204,0.195394
142095ms,142095,298.297,0.195405
142127ms,142127,298.131,0.195468
142159ms,142159,298.298,0.195104
142191ms,142191,298.201,0.195329
142223ms,142223,298.193,0.195182
142287ms,142287,298.531,0.195172
142319ms,142319,298.739,0.195222
142351ms,142351,299.214,0.195498
142383ms,142383,299.511,0.195595
142415ms,142415,299.828,0.195895
142463ms,142463,300.354,0.196160
142495ms,142495,300.905,0.196527
142527ms,142527,301.371,0.196868
142559ms,142559,301.942,0.197151
142591ms,142591,302.446,0.197522
142623ms,142623,303.202,0.198008
142655ms,142655,303.737,0.198303
142687ms,142687,304.372,0.198836
142719ms,142719,305.014,0.199331
142751ms,142751,305.695,0.199834
142783ms,142783,305.956,0.200135
142815ms,142815,305.713,0.199819
142863ms,142863,305.711,0.199798
142895ms,142895,305.665,0.199833
142927ms,142927,305.709,0.199737
142959ms,142959,305.743,0.199678
143023ms,143023,305.782,0.199594
143055ms,143055,305.798,0.199763
143087ms,143087,305.754,0.199831
143119ms,143119,305.759,0.199823
143151ms,143151,305.840,0.199842
143183ms,143183,305.946,0.199901
143215ms,143215,305.605,0.199985
143263ms,143263,304.637,0.199416
143295ms,143295,303.721,0.198796
143327ms,143327,302.786,0.198166
143359ms,143359,301.700,0.197559
143391ms,143391,300.631,0.196892
143423ms,143423,299.690,0.196342
143455ms,143455,299.195,0.195819
143487ms,143487,299.019,0.195982
143519ms,143519,298.301,0.195510
143583ms,143583,298.114,0.195338
143615ms,143615,298.184,0.195308
143663ms,143663,298.180,0.194982
143695ms,143695,298.262,0.195143
143727ms,143727,298.191,0.195282
143759ms,143759,298.349,0.194952
143791ms,143791,298.573,0.195230
143823ms,143823,298.825,0.195401
143855ms,143855,299.265,0.195541
143887ms,143887,299.591,0.195645
143919ms,143919,300.191,0.196037
143951ms,143951,300.639,0.196273
143983ms,143983,301.059,0.196590
144015ms,144015,301.644,0.196854
144063ms,144063,302.113,0.197268
144095ms,144095,302.742,0.197697
144127ms,144127,303.283,0.198022
144159ms,144159,303.864,0.198509
144191ms,144191,304.627,0.199099
144223ms,144223,305.224,0.199467
144255ms,144255,305.882,0.200039
144287ms,144287,305.935,0.200208
144351ms,144351,305.777,0.199929
144383ms,144383,305.787,0.199783
144415ms,144415,305.753,0.199793
144463ms,144463,305.793,0.199764
144495ms,144495,305.761,0.199809
144527ms,144527,305.784,0.199887
144559ms,144559,305.799,0.199758
144591ms,144591,305.793,0.199800
144623ms,144623,305.788,0.199812
144655ms,144655,305.926,0.199775
144687ms,144687,305.940,0.200039
144719ms,144719,305.291,0.200070
144751ms,144751,304.384,0.199187
144783ms,144783,303.389,0.198779
144815ms,144815,302.411,0.197934
144863ms,144863,301.284,0.197510
144895ms,144895,300.429,0.196389
144927ms,144927,299.531,0.196036
144959ms,144959,299.137,0.195725
144991ms,144991,298.702,0.195878
145023ms,145023,298.208,0.195515
145055ms,145055,298.114,0.195501
145087ms,145087,298.155,0.195305
145119ms,145119,298.276,0.195199
145151ms,145151,298.262,0.195331
145183ms,145183,298.259,0.195259
145215ms,145215,298.196,0.195076
145263ms,145263,298.534,0.194998
145295ms,145295,298.605,0.195274
145327ms,145327,298.859,0.195489
145359ms,145359,299.254,0.195565
145391ms,145391,299.798,0.195653
145423ms,145423,300.235,0.195933
145455ms,145455,300.759,0.196272
145487ms,145487,301.157,0.196805
145519ms,145519,301.692,0.196928
145551ms,145551,302.280,0.197220
145583ms,145583,302.860,0.197767
145615ms,145615,303.406,0.198062
145647ms,145647,304.101,0.198568
145695ms,145695,304.702,0.199129
145727ms,145727,305.297,0.199710
145759ms,145759,305.885,0.200084
145791ms,145791,305.677,0.200100
145823ms,145823,305.741,0.199804
145855ms,145855,305.737,0.199725
145887ms,145887,305.711,0.199745
145919ms,145919,305.794,0.199744
145951ms,145951,305.674,0.199765
145983ms,145983,305.770,0.199767
146015ms,146015,305.641,0.199730
146047ms,146047,305.780,0.199757
146095ms,146095,305.703,0.199830
146159ms,146159,305.892,0.199913
146191ms,146191,305.790,0.200110
146223ms,146223,304.983,0.199758
146255ms,146255,304.057,0.198909
146287ms,146287,303.220,0.198547
146319ms,146319,302.185,0.197858
146351ms,146351,301.114,0.197279
146383ms,146383,300.179,0.196586
146415ms,146415,299.390,0.195992
146447ms,146447,299.045,0.195777
146495ms,146495,298.638,0.195948
146527ms,146527,298.095,0.195454
146559ms,146559,298.212,0.195452
146591ms,146591,298.268,0.195397
146623ms,146623,298.222,0.195214
146655ms,146655,298.199,0.195251
146719ms,146719,298.297,0.195125
146783ms,146783,298.674,0.195115
146815ms,146815,299.053,0.195606
146847ms,146847,299.501,0.195622
146895ms,146895,299.889,0.195918
146927ms,146927,300.365,0.196204
146959ms,146959,300.883,0.196544
147023ms,147023,301.943,0.197174
147055ms,147055,302.439,0.197486
147087ms,147087,302.965,0.197960
147119ms,147119,303.610,0.198204
147151ms,147151,304.278,0.198776
147183ms,147183,304.994,0.199286
147215ms,147215,305.622,0.199843
147247ms,147247,305.992,0.200208
147295ms,147295,305.684,0.199903
147327ms,147327,305.775,0.199839
147359ms,147359,305.829,0.199764
147391ms,147391,305.787,0.199761
147423ms,147423,305.715,0.199833
147455ms,147455,305.713,0.199755
147487ms,147487,305.784,0.199831
147519ms,147519,305.799,0.199910
147551ms,147551,305.814,0.199730
147583ms,147583,305.751,0.199831
147615ms,147615,305.794,0.199897
147647ms,147647,305.917,0.199967
147695ms,147695,305.709,0.200034
147727ms,147727,304.726,0.199541
147759ms,147759,303.830,0.198888
147791ms,147791,302.894,0.198350
147823ms,147823,301.781,0.197564
147855ms,147855,300.775,0.196973
147887ms,147887,299.808,0.196307
147919ms,147919,299.261,0.196068
147951ms,147951,298.906,0.195910
147983ms,147983,298.365,0.195769
148015ms,148015,298.205,0.195435
148047ms,148047,298.187,0.195467
148079ms,148079,298.228,0.195280
148127ms,148127,298.230,0.195007
148159ms,148159,298.194,0.195047
148191ms,148191,298.168,0.195107
148255ms,148255,298.555,0.195128
148319ms,148319,299.107,0.195518
148351ms,148351,299.463,0.195641
148383ms,148383,299.909,0.195965
148415ms,148415,300.477,0.196245
148447ms,148447,300.884,0.196455
148479ms,148479,301.461,0.196841
148527ms,148527,302.095,0.197383
148559ms,148559,302.644,0.197576
148591ms,148591,303.229,0.198142
148623ms,148623,303.810,0.198518
148655ms,148655,304.464,0.199101
148687ms,148687,305.064,0.199516
148719ms,148719,305.754,0.200014
148751ms,148751,305.840,0.200079
148783ms,148783,305.685,0.199870
148815ms,148815,305.677,0.199737
148847ms,148847,305.805,0.199777
148879ms,148879,305.699,0.199777
148927ms,148927,305.734,0.199698
148959ms,148959,305.748,0.199717
148991ms,148991,305.774,0.199756
149023ms,149023,305.758,0.199844
149055ms,149055,305.693,0.199772
149087ms,149087,305.749,0.199819
149119ms,149119,305.827,0.199872
149151ms,149151,305.999,0.200003
149183ms,149183,305.449,0.199928
149215ms,149215,304.441,0.199350
149279ms,149279,302.470,0.198132
149327ms,149327,301.457,0.197477
149359ms,149359,300.600,0.196994
149391ms,149391,299.664,0.196096
149423ms,149423,299.159,0.195700
149455ms,149455,298.850,0.196085
149487ms,149487,298.275,0.195343
149519ms,149519,298.215,0.195652
149551ms,149551,298.175,0.195465
149583ms,149583,298.167,0.195324
149615ms,149615,298.254,0.195011
149647ms,149647,298.200,0.195141
149695ms,149695,298.247,0.195141
149727ms,149727,298.337,0.195089
149759ms,149759,298.512,0.195125
149791ms,149791,298.778,0.195427
149855ms,149855,299.624,0.195668
149887ms,149887,300.083,0.196160
149919ms,149919,300.631,0.196367
149951ms,149951,301.068,0.196658
149983ms,149983,301.638,0.196902
150015ms,150015,302.116,0.197225
150047ms,150047,302.752,0.197655
150095ms,150095,303.298,0.197926
150127ms,150127,303.872,0.198573
150159ms,150159,304.638,0.199058
150191ms,150191,305.164,0.199377
150223ms,150223,305.836,0.199886
150255ms,150255,305.801,0.200095
150287ms,150287,305.774,0.199766
150319ms,150319,305.748,0.199772
150351ms,150351,305.802,0.199729
150383ms,150383,305.750,0.199857
150415ms,150415,305.768,0.199841
150447ms,150447,305.761,0.199731
150479ms,150479,305.694,0.199613
150527ms,150527,305.730,0.199711
150559ms,150559,305.716,0.199816
150623ms,150623,305.851,0.199884
150655ms,150655,305.868,0.199932
150687ms,150687,305.303,0.199860
150719ms,150719,304.277,0.199166
150751ms,150751,303.370,0.198567
150783ms,150783,302.394,0.198035
150815ms,150815,301.206,0.197390
150847ms,150847,300.314,0.196539
150879ms,150879,299.586,0.196114
150927ms,150927,299.108,0.195751
150959ms,150959,298.790,0.195860
150991ms,150991,298.188,0.195586
151023ms,151023,298.134,0.195697
151055ms,151055,298.300,0.195433
151087ms,151087,298.291,0.195347
151119ms,151119,298.253,0.195102
151151ms,151151,298.177,0.195150
151183ms,151183,298.127,0.195079
151215ms,151215,298.504,0.194966
151247ms,151247,298.601,0.195139
151279ms,151279,298.829,0.195445
151327ms,151327,299.217,0.195592
151359ms,151359,299.775,0.195663
151391ms,151391,300.175,0.195978
151423ms,151423,300.677,0.196398
151455ms,151455,301.176,0.196599
151487ms,151487,301.706,0.197018
151519ms,151519,302.361,0.197367
151551ms,151551,302.925,0.197927
151583ms,151583,303.449,0.197968
151615ms,151615,304.127,0.198502
151647ms,151647,304.730,0.199057
151679ms,151679,305.393,0.199738
151727ms,151727,305.916,0.200127
151759ms,151759,305.611,0.200000
151791ms,151791,305.779,0.199839
151823ms,151823,305.760,0.199664
151855ms,151855,305.635,0.199681
151887ms,151887,305.734,0.199748
151919ms,151919,305.709,0.199649
151951ms,151951,305.725,0.199736
151983ms,151983,305.753,0.199688
152015ms,152015,305.696,0.199719
152047ms,152047,305.713,0.199823
152079ms,152079,305.790,0.199815
152191ms,152191,304.910,0.199797
152223ms,152223,303.923,0.199096
152255ms,152255,302.988,0.198513
152287ms,152287,301.987,0.197741
152319ms,152319,300.832,0.197052
152383ms,152383,299.312,0.195994
152415ms,152415,299.025,0.195849
152447ms,152447,298.421,0.195672
152479ms,152479,298.199,0.195507
152527ms,152527,298.215,0.195305
152559ms,152559,298.196,0.195416
152591ms,152591,298.237,0.195127
152623ms,152623,298.180,0.195409
152655ms,152655,298.302,0.195159
152687ms,152687,298.345,0.195271
152719ms,152719,298.546,0.195270
152751ms,152751,298.715,0.195317
152783ms,152783,299.219,0.195411
152815ms,152815,299.544,0.195619
152847ms,152847,299.823,0.195986
152879ms,152879,300.376,0.196254
152927ms,152927,300.924,0.196418
152927ms,152927,300.924,0.196418
152959ms,152959,301.306,0.196988
152959ms,152959,301.306,0.196988
152991ms,152991,301.959,0.197108
152991ms,152991,301.959,0.197108
153023ms,153023,302.531,0.197495
153055ms,153055,303.065,0.197810
153087ms,153087,303.573,0.198357
153119ms,153119,304.316,0.198926
153151ms,153151,304.915,0.199393
153183ms,153183,305.575,0.199890
153215ms,153215,305.924,0.200176
153247ms,153247,305.619,0.199834
153279ms,153279,305.734,0.199733
153311ms,153311,305.709,0.199646
153359ms,153359,305.699,0.199637
153391ms,153391,305.673,0.199597
153423ms,153423,305.686,0.199604
153455ms,153455,305.713,0.199669
153487ms,153487,305.758,0.199683
153519ms,153519,305.761,0.199716
153551ms,153551,305.739,0.199886
153583ms,153583,305.795,0.199848
153615ms,153615,305.941,0.199936
153647ms,153647,305.637,0.199972
153679ms,153679,304.633,0.199490
153759ms,153759,302.786,0.198328
153791ms,153791,301.746,0.197525
153823ms,153823,300.639,0.196745
153855ms,153855,299.720,0.196361
153887ms,153887,299.229,0.195850
153919ms,153919,299.044,0.196053
153951ms,153951,298.301,0.195477
153983ms,153983,298.198,0.195528
154015ms,154015,298.094,0.195477
154047ms,154047,298.098,0.195496
154079ms,154079,298.121,0.195144
154111ms,154111,298.241,0.195100
154159ms,154159,298.225,0.195029
154191ms,154191,298.299,0.195008
154223ms,154223,298.533,0.195043
154255ms,154255,298.826,0.195076
154287ms,154287,299.132,0.195405
154319ms,154319,299.471,0.195464
154351ms,154351,299.916,0.196097
154383ms,154383,300.481,0.196263
154415ms,154415,300.915,0.196487
154447ms,154447,301.495,0.196787
154479ms,154479,302.077,0.197277
154511ms,154511,302.646,0.197722
154559ms,154559,303.163,0.197916
154591ms,154591,303.775,0.198450
154623ms,154623,304.455,0.198861
154687ms,154687,305.742,0.199894
154751ms,154751,305.721,0.199708
154783ms,154783,305.671,0.199639
154815ms,154815,305.715,0.199719
154847ms,154847,305.709,0.199692
154880ms,154880,305.654,0.199662
154911ms,154911,305.760,0.199709
154959ms,154959,305.651,0.199690
154991ms,154991,305.713,0.199607
155023ms,155023,305.726,0.199647
155055ms,155055,305.740,0.199793
155087ms,155087,305.813,0.199870
155151ms,155151,305.474,0.199893
155183ms,155183,304.528,0.199398
155215ms,155215,303.556,0.198895
155247ms,155247,302.575,0.198312
155279ms,155279,301.499,0.197652
155311ms,155311,300.566,0.196855
155359ms,155359,299.647,0.196164
155391ms,155391,299.161,0.195873
155423ms,155423,298.858,0.196105
155455ms,155455,298.310,0.195413
155487ms,155487,298.291,0.195541
155519ms,155519,298.278,0.195532
155551ms,155551,298.167,0.195453
155583ms,155583,298.228,0.195206
155615ms,155615,298.176,0.195104
155647ms,155647,298.204,0.195089
155679ms,155679,298.400,0.195050
155711ms,155711,298.592,0.195128
155759ms,155759,298.794,0.195338
155791ms,155791,299.184,0.195496
155823ms,155823,299.591,0.195802
155855ms,155855,300.011,0.196004
155887ms,155887,300.578,0.196165
155919ms,155919,301.036,0.196590
155951ms,155951,301.524,0.196917
155983ms,155983,302.122,0.197180
156015ms,156015,302.638,0.197666
156047ms,156047,303.206,0.198135
156079ms,156079,303.832,0.198531
156111ms,156111,304.422,0.198996
156159ms,156159,304.940,0.199441
156191ms,156191,305.645,0.199789
156223ms,156223,305.875,0.200136
156255ms,156255,305.700,0.199871
156287ms,156287,305.642,0.199680
156319ms,156319,305.724,0.199695
156351ms,156351,305.731,0.199703
156383ms,156383,305.756,0.199830
156415ms,156415,305.685,0.199797
156447ms,156447,305.729,0.199817
156479ms,156479,305.699,0.199811
156511ms,156511,305.712,0.199778
156559ms,156559,305.784,0.199822
156591ms,156591,305.843,0.199939
156623ms,156623,305.900,0.200066
156655ms,156655,305.315,0.200024
156687ms,156687,304.455,0.199399
156719ms,156719,303.497,0.198752
156751ms,156751,302.493,0.198206
156815ms,156815,300.449,0.196588
156847ms,156847,299.627,0.196073
156879ms,156879,299.141,0.195944
156911ms,156911,298.850,0.195980
156959ms,156959,298.237,0.195499
156991ms,156991,298.174,0.195535
157023ms,157023,298.273,0.195403
157055ms,157055,298.184,0.195369
157087ms,157087,298.258,0.195302
157119ms,157119,298.199,0.195201
157151ms,157151,298.140,0.195009
157183ms,157183,298.448,0.195151
157215ms,157215,298.621,0.195121
157247ms,157247,298.825,0.195343
157279ms,157279,299.214,0.195472
157311ms,157311,299.565,0.195616
157391ms,157391,300.552,0.196350
157423ms,157423,301.089,0.196587
157455ms,157455,301.600,0.197051
157487ms,157487,302.094,0.197389
157519ms,157519,302.766,0.197805
157551ms,157551,303.302,0.198086
157583ms,157583,303.840,0.198569
157615ms,157615,304.554,0.199022
157647ms,157647,305.158,0.199332
157679ms,157679,305.835,0.199991
157711ms,157711,305.805,0.200175
157743ms,157743,305.690,0.199955
157791ms,157791,305.647,0.199858
157823ms,157823,305.720,0.199740
157855ms,157855,305.726,0.199795
157887ms,157887,305.714,0.199747
157951ms,157951,305.734,0.199695
157983ms,157983,305.741,0.199734
158015ms,158015,305.726,0.199826
158079ms,158079,305.844,0.199964
158111ms,158111,305.829,0.200120
158159ms,158159,305.178,0.199979
158191ms,158191,304.291,0.199062
158223ms,158223,303.318,0.198541
158255ms,158255,302.221,0.197830
158287ms,158287,301.231,0.197177
158319ms,158319,300.229,0.196546
158351ms,158351,299.425,0.195913
158383ms,158383,299.108,0.195697
158415ms,158415,298.565,0.195747
158447ms,158447,298.205,0.195407
158479ms,158479,298.114,0.195454
158511ms,158511,298.212,0.195460
158559ms,158559,298.189,0.195004
158591ms,158591,298.242,0.195475
158623ms,158623,298.258,0.195050
158655ms,158655,298.224,0.195219
158687ms,158687,298.513,0.195257
158719ms,158719,298.650,0.195127
158751ms,158751,298.938,0.195447
158783ms,158783,299.366,0.195613
158815ms,158815,299.846,0.195962
158847ms,158847,300.253,0.195931
158879ms,158879,300.745,0.196374
158911ms,158911,301.197,0.196673
158959ms,158959,301.747,0.196963
158991ms,158991,302.347,0.197391
159023ms,159023,302.914,0.197965
159055ms,159055,303.411,0.198072
159087ms,159087,304.116,0.198693
159119ms,159119,304.788,0.199102
159151ms,159151,305.486,0.199609
159183ms,159183,305.940,0.200117
159215ms,159215,305.749,0.200063
159247ms,159247,305.845,0.199927
159279ms,159279,305.768,0.199834
159311ms,159311,305.786,0.199685
159343ms,159343,305.788,0.199674
159391ms,159391,305.774,0.199704
159423ms,159423,305.779,0.199716
159455ms,159455,305.777,0.199795
159487ms,159487,305.798,0.199836
159519ms,159519,305.737,0.199762
159551ms,159551,305.838,0.199865
159583ms,159583,305.941,0.199907
159615ms,159615,305.862,0.200126
159647ms,159647,305.040,0.199672
159679ms,159679,304.006,0.198932
159711ms,159711,303.178,0.198454
159743ms,159743,302.100,0.197827
159791ms,159791,300.915,0.197241
159823ms,159823,300.147,0.196435
159855ms,159855,299.377,0.195945
159887ms,159887,299.072,0.195910
159919ms,159919,298.515,0.196001
159983ms,159983,298.245,0.195286
160015ms,160015,298.168,0.195438
160047ms,160047,298.288,0.195171
160079ms,160079,298.251,0.195265
160111ms,160111,298.205,0.195272
160191ms,160191,298.485,0.195208
160223ms,160223,298.674,0.195172
160255ms,160255,299.021,0.195475
160287ms,160287,299.458,0.195732
160319ms,160319,299.857,0.195981
160415ms,160415,301.238,0.196679
160447ms,160447,301.833,0.196938
160479ms,160479,302.422,0.197604
160511ms,160511,303.027,0.197867
160543ms,160543,303.604,0.198314
160591ms,160591,304.247,0.198693
160623ms,160623,304.942,0.199234
160655ms,160655,305.503,0.199707
160687ms,160687,305.893,0.200150
160719ms,160719,305.729,0.199920
160751ms,160751,305.763,0.199952
160783ms,160783,305.769,0.199776
160815ms,160815,305.738,0.199795
160847ms,160847,305.751,0.199816
160879ms,160879,305.736,0.199759
160911ms,160911,305.759,0.199807
160943ms,160943,305.773,0.199715
160991ms,160991,305.725,0.199803
161023ms,161023,305.776,0.199804
161055ms,161055,305.858,0.199820
161087ms,161087,305.977,0.199967
161119ms,161119,305.632,0.199946
161151ms,161151,304.655,0.199379
161183ms,161183,303.659,0.198924
161215ms,161215,302.725,0.198345
161247ms,161247,301.857,0.197414
161279ms,161279,300.713,0.196904
161311ms,161311,299.801,0.196372
161343ms,161343,299.233,0.195793
161391ms,161391,299.053,0.196050
161423ms,161423,298.331,0.195607
161455ms,161455,298.133,0.195618
161487ms,161487,298.139,0.195335
161519ms,161519,298.147,0.195384
161551ms,161551,298.215,0.195067
161583ms,161583,298.193,0.195105
161615ms,161615,298.307,0.195232
161647ms,161647,298.333,0.195123
161679ms,161679,298.529,0.195004
161711ms,161711,298.826,0.195180
161743ms,161743,299.202,0.195606
161791ms,161791,299.573,0.195746
161823ms,161823,299.977,0.196126
161887ms,161887,301.000,0.196589
161919ms,161919,301.492,0.196830
161951ms,161951,302.093,0.197184
161983ms,161983,302.618,0.197652
162015ms,162015,303.224,0.197984
162047ms,162047,303.861,0.198450
162079ms,162079,304.602,0.198986
162111ms,162111,305.270,0.199511
162143ms,162143,305.797,0.199927
162191ms,162191,305.875,0.200038
162223ms,162223,305.818,0.199804
162255ms,162255,305.710,0.199786
162287ms,162287,305.712,0.199758
162319ms,162319,305.745,0.199722
162351ms,162351,305.709,0.199766
162383ms,162383,305.695,0.199768
162415ms,162415,305.676,0.199811
162447ms,162447,305.681,0.199732
162479ms,162479,305.741,0.199693
162511ms,162511,305.752,0.199961
162575ms,162575,305.888,0.200036
162623ms,162623,305.341,0.200039
162655ms,162655,304.431,0.199322
162687ms,162687,303.396,0.198665
162719ms,162719,302.452,0.198133
162751ms,162751,301.414,0.197508
162783ms,162783,300.389,0.196843
162815ms,162815,299.600,0.196273
162847ms,162847,299.068,0.195935
162879ms,162879,298.765,0.195894
162911ms,162911,298.169,0.195452
162943ms,162943,298.155,0.195477
162975ms,162975,298.219,0.195245
163055ms,163055,298.241,0.195273
163087ms,163087,298.135,0.195171
163119ms,163119,298.189,0.195073
163151ms,163151,298.440,0.195039
163183ms,163183,298.597,0.195018
163215ms,163215,298.924,0.195499
163247ms,163247,299.287,0.195490
163279ms,163279,299.705,0.195853
163311ms,163311,300.173,0.196037
163343ms,163343,300.690,0.196278
163375ms,163375,301.238,0.196744
163423ms,163423,301.712,0.197037
163455ms,163455,302.241,0.197218
163487ms,163487,302.892,0.197886
163519ms,163519,303.398,0.198112
163551ms,163551,304.130,0.198666
163583ms,163583,304.739,0.199110
163615ms,163615,305.321,0.199783
163647ms,163647,305.918,0.200173
163679ms,163679,305.657,0.199989
163711ms,163711,305.796,0.199830
163743ms,163743,305.667,0.199826
163775ms,163775,305.703,0.199807
163855ms,163855,305.716,0.199800
163887ms,163887,305.742,0.199741
163919ms,163919,305.763,0.199830
163951ms,163951,305.680,0.199707
163983ms,163983,305.734,0.199804
164015ms,164015,305.826,0.199878
164047ms,164047,305.908,0.199946
164079ms,164079,305.859,0.200158
164111ms,164111,305.035,0.199774
164143ms,164143,304.039,0.198982
164191ms,164191,303.241,0.198577
164223ms,164223,302.206,0.197856
164255ms,164255,301.114,0.197338
164287ms,164287,300.167,0.196453
164319ms,164319,299.442,0.196149
164351ms,164351,299.072,0.195866
164383ms,164383,298.602,0.195502
164447ms,164447,298.096,0.195560
164479ms,164479,298.185,0.195269
164511ms,164511,298.160,0.194993
164543ms,164543,298.188,0.195205
164591ms,164591,298.289,0.194917
164623ms,164623,298.297,0.195156
164655ms,164655,298.567,0.195260
164687ms,164687,298.680,0.195231
164719ms,164719,298.982,0.195547
164751ms,164751,299.394,0.195764
164783ms,164783,299.861,0.196026
164815ms,164815,300.180,0.196191
164847ms,164847,300.748,0.196458
164879ms,164879,301.292,0.196634
164911ms,164911,301.826,0.197190
164943ms,164943,302.438,0.197477
164991ms,164991,303.064,0.198041
165023ms,165023,303.691,0.198095
165055ms,165055,304.274,0.198744
165087ms,165087,304.853,0.199171
165119ms,165119,305.519,0.199711
165151ms,165151,305.906,0.200189
165183ms,165183,305.535,0.199784
165215ms,165215,305.725,0.199746
165247ms,165247,305.711,0.199735
165279ms,165279,305.746,0.199861
165311ms,165311,305.759,0.199751
165343ms,165343,305.685,0.199734
165375ms,165375,305.786,0.199816
165423ms,165423,305.798,0.199671
165455ms,165455,305.751,0.199748
165487ms,165487,305.789,0.199778
165519ms,165519,305.854,0.199933
165551ms,165551,305.932,0.199860
165583ms,165583,305.739,0.199972
165615ms,165615,304.783,0.199606
165647ms,165647,303.762,0.198903
165711ms,165711,301.896,0.197628
165743ms,165743,300.729,0.196935
165775ms,165775,299.842,0.196338
165823ms,165823,299.245,0.196037
165855ms,165855,299.095,0.196056
165887ms,165887,298.353,0.195534
165919ms,165919,298.152,0.195541
165951ms,165951,298.162,0.195383
165983ms,165983,298.136,0.195362
166015ms,166015,298.147,0.195038
166047ms,166047,298.186,0.195068
166079ms,166079,298.239,0.195100
166143ms,166143,298.508,0.195154
166175ms,166175,298.815,0.195188
166223ms,166223,299.206,0.195488
166255ms,166255,299.569,0.195715
166287ms,166287,299.977,0.196023
166319ms,166319,300.576,0.196325
166351ms,166351,300.929,0.196462
166383ms,166383,301.481,0.196865
166415ms,166415,302.059,0.197277
166447ms,166447,302.604,0.197707
166511ms,166511,303.852,0.198591
166543ms,166543,304.519,0.199076
166575ms,166575,305.125,0.199473
166623ms,166623,305.724,0.199967
166655ms,166655,305.802,0.200135
166687ms,166687,305.743,0.199821
166719ms,166719,305.682,0.199823
166751ms,166751,305.752,0.199761
166783ms,166783,305.758,0.199722
166815ms,166815,305.745,0.199771
166847ms,166847,305.722,0.199744
166879ms,166879,305.682,0.199753
166911ms,166911,305.742,0.199740
166943ms,166943,305.728,0.199703
166975ms,166975,305.782,0.199752
167023ms,167023,305.903,0.199811
167055ms,167055,305.997,0.200021
167087ms,167087,305.307,0.199756
167119ms,167119,304.415,0.199175
167151ms,167151,303.462,0.198770
167183ms,167183,302.497,0.198223
167215ms,167215,301.494,0.197435
167247ms,167247,300.364,0.196637
167279ms,167279,299.686,0.196088
167311ms,167311,299.048,0.195729
167343ms,167343,298.868,0.196085
167375ms,167375,298.144,0.195504
167423ms,167423,298.186,0.195675
167455ms,167455,298.124,0.195327
167487ms,167487,298.236,0.195260
167519ms,167519,298.253,0.195045
167551ms,167551,298.195,0.195135
167583ms,167583,298.128,0.195228
167615ms,167615,298.414,0.195094
167647ms,167647,298.663,0.195141
167679ms,167679,298.850,0.195501
167711ms,167711,299.245,0.195360
167743ms,167743,299.685,0.195807
167775ms,167775,300.149,0.196107
167807ms,167807,300.667,0.196309
167855ms,167855,301.094,0.196685
167887ms,167887,301.630,0.196978
167919ms,167919,302.238,0.197320
167951ms,167951,302.849,0.197681
167983ms,167983,303.348,0.197992
168015ms,168015,304.002,0.198635
168047ms,168047,304.665,0.199092
168079ms,168079,305.279,0.199569
168143ms,168143,305.737,0.199981
168175ms,168175,305.708,0.199794
168207ms,168207,305.702,0.199743
168255ms,168255,305.709,0.199715
168287ms,168287,305.687,0.199624
168319ms,168319,305.740,0.199652
168351ms,168351,305.680,0.199627
168383ms,168383,305.758,0.199648
168415ms,168415,305.706,0.199628
168447ms,168447,305.732,0.199836
168479ms,168479,305.725,0.199795
168511ms,168511,305.825,0.199794
168543ms,168543,305.849,0.200045
168575ms,168575,305.186,0.199939
168607ms,168607,304.166,0.199099
168687ms,168687,302.134,0.197832
168719ms,168719,301.045,0.197213
168751ms,168751,300.106,0.196474
168783ms,168783,299.411,0.195994
168815ms,168815,299.053,0.195736
168847ms,168847,298.482,0.195838
168879ms,168879,298.131,0.195496
168911ms,168911,298.199,0.195456
168943ms,168943,298.225,0.195250
168975ms,168975,298.189,0.195081
169007ms,169007,298.183,0.195146
169055ms,169055,298.221,0.195082
169087ms,169087,298.294,0.195161
169119ms,169119,298.502,0.195230
169151ms,169151,298.726,0.195129
169183ms,169183,299.114,0.195409
169215ms,169215,299.452,0.195467
169247ms,169247,299.877,0.195816
169279ms,169279,300.297,0.196266
169311ms,169311,300.888,0.196645
169375ms,169375,301.893,0.197218
169407ms,169407,302.504,0.197495
169455ms,169455,303.067,0.197948
169487ms,169487,303.638,0.198328
169519ms,169519,304.303,0.198836
169551ms,169551,304.947,0.199327
169647ms,169647,305.620,0.199892
169679ms,169679,305.712,0.199813
169711ms,169711,305.778,0.199885
169743ms,169743,305.723,0.199841
169775ms,169775,305.686,0.199656
169823ms,169823,305.700,0.199766
169855ms,169855,305.733,0.199655
169887ms,169887,305.717,0.199771
169919ms,169919,305.720,0.199699
169951ms,169951,305.716,0.199758
169983ms,169983,305.765,0.199822
170015ms,170015,305.854,0.200039
170047ms,170047,305.712,0.200104
170079ms,170079,304.837,0.199498
170111ms,170111,303.905,0.198978
170143ms,170143,302.887,0.198447
170175ms,170175,301.939,0.197814
170207ms,170207,300.746,0.197026
170255ms,170255,299.941,0.196428
170287ms,170287,299.206,0.195885
170319ms,170319,299.153,0.196090
170351ms,170351,298.458,0.195631
170383ms,170383,298.333,0.195358
170415ms,170415,298.281,0.195261
170447ms,170447,298.209,0.195462
170479ms,170479,298.132,0.195169
170511ms,170511,298.191,0.195438
170543ms,170543,298.171,0.195260
170575ms,170575,298.310,0.195185
170607ms,170607,298.577,0.195182
170655ms,170655,298.782,0.195034
170687ms,170687,299.177,0.195562
170719ms,170719,299.438,0.195466
170751ms,170751,299.876,0.195985
170783ms,170783,300.404,0.196165
170815ms,170815,300.940,0.196287
170847ms,170847,301.327,0.196752
170879ms,170879,301.883,0.197197
170911ms,170911,302.512,0.197482
170943ms,170943,303.075,0.197980
170975ms,170975,303.703,0.198382
171007ms,171007,304.370,0.198957
171055ms,171055,304.947,0.199399
171119ms,171119,305.899,0.200168
171151ms,171151,305.656,0.199778
171183ms,171183,305.800,0.199717
171215ms,171215,305.778,0.199697
171247ms,171247,305.724,0.199662
171279ms,171279,305.752,0.199767
171311ms,171311,305.676,0.199736
171343ms,171343,305.735,0.199800
171375ms,171375,305.713,0.199749
171407ms,171407,305.748,0.199722
171455ms,171455,305.760,0.199926
171487ms,171487,305.789,0.199885
171519ms,171519,305.962,0.199815
171551ms,171551,305.491,0.199883
171583ms,171583,304.590,0.199515
171615ms,171615,303.601,0.198683
171647ms,171647,302.652,0.198136
171679ms,171679,301.534,0.197598
171711ms,171711,300.523,0.197186
171743ms,171743,299.725,0.196090
171807ms,171807,298.982,0.196004
171887ms,171887,298.314,0.195459
171951ms,171951,298.145,0.195402
171983ms,171983,298.245,0.195233
172015ms,172015,298.262,0.195106
172047ms,172047,298.247,0.195190
172047ms,172047,298.247,0.195190
172079ms,172079,298.348,0.195043
172079ms,172079,298.348,0.195043
172111ms,172111,298.501,0.194970
172143ms,172143,298.861,0.195460
172175ms,172175,299.224,0.195479
172207ms,172207,299.553,0.195772
172255ms,172255,300.006,0.196037
172287ms,172287,300.515,0.196395
172319ms,172319,300.959,0.196596
172351ms,172351,301.442,0.196785
172383ms,172383,302.083,0.197208
172415ms,172415,302.708,0.197656
172447ms,172447,303.137,0.198018
172479ms,172479,303.823,0.198495
172511ms,172511,304.507,0.198891
172543ms,172543,305.090,0.199546
172575ms,172575,305.825,0.200018
172607ms,172607,305.868,0.200195
172655ms,172655,305.723,0.199860
172687ms,172687,305.694,0.199763
172719ms,172719,305.661,0.199722
172751ms,172751,305.715,0.199694
172783ms,172783,305.724,0.199775
172815ms,172815,305.729,0.199769
172847ms,172847,305.727,0.199786
172879ms,172879,305.789,0.199757
172911ms,172911,305.748,0.199803
172943ms,172943,305.749,0.199806
172975ms,172975,305.870,0.199898
173007ms,173007,305.911,0.199963
173055ms,173055,305.289,0.199802
173119ms,173119,303.428,0.198726
173151ms,173151,302.391,0.198258
173183ms,173183,301.318,0.197548
173215ms,173215,300.378,0.196671
173247ms,173247,299.582,0.196072
173279ms,173279,299.194,0.195823
173311ms,173311,298.699,0.196042
173343ms,173343,298.295,0.195501
173407ms,173407,298.211,0.195517
173455ms,173455,298.211,0.195232
173487ms,173487,298.173,0.195261
173519ms,173519,298.282,0.195020
173551ms,173551,298.220,0.195171
173583ms,173583,298.492,0.195236
173615ms,173615,298.615,0.195071
173647ms,173647,298.961,0.195389
173679ms,173679,299.236,0.195425
173711ms,173711,299.842,0.195769
173743ms,173743,300.249,0.196001
173775ms,173775,300.763,0.196248
173807ms,173807,301.225,0.196615
173855ms,173855,301.733,0.197125
173887ms,173887,302.320,0.197332
173919ms,173919,302.855,0.197918
173951ms,173951,303.451,0.197991
173983ms,173983,304.125,0.198706
174015ms,174015,304.781,0.199121
174047ms,174047,305.440,0.199565
174079ms,174079,305.965,0.199998
174111ms,174111,305.676,0.200130
174143ms,174143,305.795,0.199813
174175ms,174175,305.740,0.199723
174207ms,174207,305.726,0.199713
174239ms,174239,305.826,0.199646
174287ms,174287,305.799,0.199704
174319ms,174319,305.817,0.199862
174351ms,174351,305.768,0.199811
174383ms,174383,305.738,0.199857
174415ms,174415,305.730,0.199837
174447ms,174447,305.784,0.199769
174479ms,174479,305.913,0.199911
174511ms,174511,305.791,0.200052
174543ms,174543,305.114,0.199823
174575ms,174575,304.141,0.198837
174607ms,174607,303.272,0.198437
174639ms,174639,302.147,0.198010
174687ms,174687,301.028,0.197254
174719ms,174719,300.045,0.196365
174783ms,174783,299.084,0.195829
174815ms,174815,298.546,0.195505
174847ms,174847,298.190,0.195599
174879ms,174879,298.203,0.195305
174911ms,174911,298.148,0.195301
174943ms,174943,298.154,0.195105
174975ms,174975,298.298,0.195350
175007ms,175007,298.243,0.195250
175039ms,175039,298.306,0.195242
175087ms,175087,298.640,0.195206
175119ms,175119,298.662,0.195072
175151ms,175151,299.066,0.195670
175183ms,175183,299.445,0.195641
175215ms,175215,299.844,0.195881
175247ms,175247,300.329,0.196215
175279ms,175279,300.793,0.196493
175311ms,175311,301.262,0.196727
175343ms,175343,301.781,0.197026
175375ms,175375,302.440,0.197493
175407ms,175407,303.023,0.197920
175439ms,175439,303.594,0.198223
175487ms,175487,304.262,0.198656
175519ms,175519,304.909,0.199246
175551ms,175551,305.562,0.199716
175583ms,175583,305.971,0.200132
175615ms,175615,305.671,0.199748
175647ms,175647,305.775,0.199677
175679ms,175679,305.845,0.199725
175711ms,175711,305.749,0.199678
175743ms,175743,305.726,0.199731
175775ms,175775,305.706,0.199715
175807ms,175807,305.779,0.199773
175839ms,175839,305.776,0.199696
175887ms,175887,305.738,0.199796
175951ms,175951,305.777,0.199923
175983ms,175983,305.905,0.199970
176015ms,176015,305.725,0.200048
176047ms,176047,304.700,0.199372
176079ms,176079,303.756,0.199002
176111ms,176111,302.824,0.198251
176143ms,176143,301.788,0.197584
176175ms,176175,300.617,0.196957
176207ms,176207,299.746,0.196353
176239ms,176239,299.230,0.195839
176287ms,176287,298.940,0.196135
176319ms,176319,298.136,0.195398
176351ms,176351,298.095,0.195500
176383ms,176383,298.164,0.195280
176415ms,176415,298.139,0.195230
176447ms,176447,298.320,0.195053
176511ms,176511,298.183,0.195115
176575ms,176575,298.544,0.195181
176607ms,176607,298.830,0.195614
176639ms,176639,299.218,0.195426
176687ms,176687,299.598,0.195877
176719ms,176719,300.148,0.196077
176751ms,176751,300.683,0.196451
176783ms,176783,301.090,0.196635
176815ms,176815,301.574,0.196858
176847ms,176847,302.142,0.197190
176879ms,176879,302.770,0.197754
176911ms,176911,303.310,0.198009
176943ms,176943,303.934,0.198665
176975ms,176975,304.710,0.199064
177007ms,177007,305.265,0.199544
177039ms,177039,305.875,0.200145
177087ms,177087,305.741,0.199999
177119ms,177119,305.769,0.199811
177151ms,177151,305.749,0.199950
177183ms,177183,305.751,0.199845
177215ms,177215,305.744,0.199742
177247ms,177247,305.768,0.199770
177279ms,177279,305.690,0.199670
177311ms,177311,305.755,0.199794
177343ms,177343,305.714,0.199782
177375ms,177375,305.788,0.199813
177407ms,177407,305.812,0.199793
177439ms,177439,305.831,0.199866
177471ms,177471,305.890,0.200033
177551ms,177551,304.198,0.199134
177583ms,177583,303.294,0.198566
177615ms,177615,302.268,0.197872
177647ms,177647,301.110,0.197163
177679ms,177679,300.302,0.196544
177711ms,177711,299.445,0.196085
177743ms,177743,299.098,0.195821
177775ms,177775,298.614,0.195721
177807ms,177807,298.343,0.195551
177839ms,177839,298.183,0.195427
177887ms,177887,298.189,0.195423
177919ms,177919,298.209,0.195339
177951ms,177951,298.312,0.195100
177983ms,177983,298.332,0.195102
178015ms,178015,298.299,0.195348
178047ms,178047,298.528,0.195094
178079ms,178079,298.762,0.195145
178111ms,178111,299.011,0.195415
178143ms,178143,299.433,0.195692
178175ms,178175,299.837,0.195997
178207ms,178207,300.355,0.196125
178239ms,178239,300.753,0.196483
178287ms,178287,301.263,0.196742
178319ms,178319,301.827,0.197091
178351ms,178351,302.435,0.197480
178383ms,178383,303.047,0.197990
178415ms,178415,303.545,0.198244
178447ms,178447,304.232,0.198788
178479ms,178479,304.928,0.199256
178511ms,178511,305.452,0.199652
178543ms,178543,305.863,0.200001
178575ms,178575,305.636,0.199878
178607ms,178607,305.731,0.199777
178639ms,178639,305.691,0.199631
178671ms,178671,305.699,0.199621
178719ms,178719,305.636,0.199701
178751ms,178751,305.637,0.199801
178783ms,178783,305.676,0.199753
178815ms,178815,305.624,0.199689
178847ms,178847,305.689,0.199796
178879ms,178879,305.677,0.199737
178911ms,178911,305.733,0.199769
178943ms,178943,305.803,0.199788
178975ms,178975,305.791,0.199888
179007ms,179007,304.744,0.199526
179039ms,179039,303.761,0.199061
179071ms,179071,302.919,0.198456
179119ms,179119,301.801,0.197654
179151ms,179151,300.661,0.197124
179215ms,179215,299.354,0.195883
179247ms,179247,299.126,0.196000
179279ms,179279,298.379,0.195422
179311ms,179311,298.187,0.195538
179343ms,179343,298.213,0.195439
179375ms,179375,298.172,0.195201
179407ms,179407,298.195,0.195012
179439ms,179439,298.197,0.195246
179471ms,179471,298.217,0.195141
179519ms,179519,298.334,0.195124
179551ms,179551,298.538,0.195173
179583ms,179583,298.783,0.195135
179615ms,179615,299.086,0.195457
179647ms,179647,299.498,0.195622
179679ms,179679,299.926,0.195985
179711ms,179711,300.475,0.196165
179775ms,179775,301.298,0.196802
179807ms,179807,302.008,0.197222
179839ms,179839,302.571,0.197621
179871ms,179871,303.166,0.197758
179919ms,179919,303.748,0.198311
179951ms,179951,304.433,0.199053
179983ms,179983,304.990,0.199588
180015ms,180015,305.671,0.199846
180047ms,180047,305.995,0.200164
180079ms,180079,305.685,0.199741
180111ms,180111,305.748,0.199799
180143ms,180143,305.805,0.199699
180207ms,180207,305.673,0.199738
180239ms,180239,305.733,0.199759
180271ms,180271,305.737,0.199767
180319ms,180319,305.746,0.199761
180351ms,180351,305.734,0.199732
180383ms,180383,305.780,0.199771
180415ms,180415,305.827,0.199914
180447ms,180447,305.945,0.199903
180479ms,180479,305.684,0.200015
180511ms,180511,304.760,0.199533
180543ms,180543,303.722,0.198890
180575ms,180575,302.701,0.198210
180607ms,180607,301.729,0.197590
180639ms,180639,300.707,0.197062
180671ms,180671,299.805,0.196258
180719ms,180719,299.241,0.195938
180751ms,180751,298.953,0.195981
180783ms,180783,298.432,0.195648
180815ms,180815,298.170,0.195350
180847ms,180847,298.172,0.195473
180879ms,180879,298.230,0.195367
180911ms,180911,298.275,0.195223
180943ms,180943,298.152,0.195319
181007ms,181007,298.407,0.195321
181039ms,181039,298.521,0.195393
181071ms,181071,298.732,0.195120
181119ms,181119,299.145,0.195506
181151ms,181151,299.481,0.195480
181183ms,181183,299.965,0.196057
181215ms,181215,300.433,0.196284
181247ms,181247,300.987,0.196535
181279ms,181279,301.433,0.196898
181311ms,181311,302.074,0.197284
181343ms,181343,302.675,0.197552
181375ms,181375,303.174,0.198091
181407ms,181407,303.714,0.198528
181439ms,181439,304.399,0.199146
181471ms,181471,305.034,0.199365
181519ms,181519,305.677,0.199872
181551ms,181551,305.787,0.200111
181615ms,181615,305.664,0.199750
181647ms,181647,305.720,0.199712
181679ms,181679,305.718,0.199638
181711ms,181711,305.719,0.199686
181743ms,181743,305.718,0.199743
181775ms,181775,305.733,0.199699
181807ms,181807,305.703,0.199711
181839ms,181839,305.719,0.199711
181871ms,181871,305.745,0.199820
181919ms,181919,305.777,0.199892
181951ms,181951,305.791,0.199988
181983ms,181983,305.319,0.199883
182015ms,182015,304.301,0.199174
182047ms,182047,303.294,0.198666
182079ms,182079,302.355,0.198034
182111ms,182111,301.233,0.197370
182143ms,182143,300.327,0.196734
182175ms,182175,299.453,0.196192
182207ms,182207,299.163,0.195789
182239ms,182239,298.675,0.195855
182271ms,182271,298.219,0.195679
182319ms,182319,298.182,0.195492
182351ms,182351,298.129,0.195474
182383ms,182383,298.252,0.195394
182415ms,182415,298.187,0.195309
182447ms,182447,298.346,0.195210
182479ms,182479,298.225,0.195030
182511ms,182511,298.510,0.195177
182543ms,182543,298.615,0.195134
182575ms,182575,298.896,0.195371
182607ms,182607,299.271,0.195539
182639ms,182639,299.840,0.195931
182671ms,182671,300.166,0.196134
182719ms,182719,300.739,0.196476
182751ms,182751,301.269,0.196773
182783ms,182783,301.781,0.197014
182815ms,182815,302.457,0.197327
182879ms,182879,303.572,0.198240
182911ms,182911,304.235,0.198641
182943ms,182943,304.824,0.199243
182975ms,182975,305.501,0.199747
183007ms,183007,305.988,0.200062
183039ms,183039,305.667,0.199881
183071ms,183071,305.712,0.199750
183103ms,183103,305.680,0.199833
183151ms,183151,305.698,0.199710
183183ms,183183,305.734,0.199715
183215ms,183215,305.750,0.199765
183247ms,183247,305.745,0.199710
183279ms,183279,305.738,0.199737
183311ms,183311,305.710,0.199813
183343ms,183343,305.741,0.199819
183375ms,183375,305.770,0.199866
183407ms,183407,305.968,0.199853
183439ms,183439,305.721,0.199973
183471ms,183471,304.747,0.199429
183551ms,183551,302.834,0.198429
183583ms,183583,301.889,0.197573
183615ms,183615,300.680,0.196876
183647ms,183647,299.824,0.196494
183679ms,183679,299.263,0.195916
183711ms,183711,299.158,0.196164
183743ms,183743,298.403,0.195614
183807ms,183807,298.256,0.195631
183839ms,183839,298.191,0.195310
183871ms,183871,298.176,0.194989
183919ms,183919,298.172,0.194932
183951ms,183951,298.299,0.195167
183983ms,183983,298.346,0.195220
184015ms,184015,298.523,0.195107
184047ms,184047,298.802,0.195294
184079ms,184079,299.253,0.195471
184111ms,184111,299.523,0.195798
184143ms,184143,300.012,0.196135
184175ms,184175,300.540,0.196326
184207ms,184207,300.980,0.196513
184239ms,184239,301.464,0.196737
184271ms,184271,302.113,0.197134
184319ms,184319,302.692,0.197585
184351ms,184351,303.204,0.197940
184383ms,184383,303.827,0.198637
184415ms,184415,304.506,0.198886
184447ms,184447,305.156,0.199393
184479ms,184479,305.755,0.199833
184511ms,184511,305.819,0.200069
184543ms,184543,305.736,0.199946
184575ms,184575,305.711,0.199644
184607ms,184607,305.716,0.199782
184639ms,184639,305.790,0.199628
184671ms,184671,305.785,0.199625
184703ms,184703,305.770,0.199655
184751ms,184751,305.789,0.199722
184783ms,184783,305.785,0.199794
184815ms,184815,305.691,0.199777
184879ms,184879,305.805,0.199974
184911ms,184911,305.893,0.200102
184943ms,184943,305.374,0.199983
184975ms,184975,304.436,0.199317
185007ms,185007,303.478,0.198868
185039ms,185039,302.516,0.198118
185071ms,185071,301.277,0.197530
185103ms,185103,300.405,0.196691
185151ms,185151,299.574,0.196147
185183ms,185183,299.116,0.195898
185215ms,185215,298.734,0.195772
185247ms,185247,298.223,0.195641
185279ms,185279,298.192,0.195569
185311ms,185311,298.187,0.195299
185343ms,185343,298.196,0.195352
185375ms,185375,298.225,0.195219
185407ms,185407,298.275,0.194988
185439ms,185439,298.160,0.195136
185471ms,185471,298.396,0.194949
185503ms,185503,298.657,0.194978
185551ms,185551,298.914,0.195336
185583ms,185583,299.314,0.195471
185615ms,185615,299.645,0.195599
185647ms,185647,300.179,0.195970
185679ms,185679,300.658,0.196391
185711ms,185711,301.165,0.196560
185743ms,185743,301.623,0.196807
185775ms,185775,302.190,0.197196
185807ms,185807,302.791,0.197745
185839ms,185839,303.368,0.198001
185871ms,185871,304.036,0.198573
185903ms,185903,304.657,0.199051
185951ms,185951,305.224,0.199611
185983ms,185983,305.855,0.200118
186015ms,186015,305.623,0.200103
186047ms,186047,305.780,0.199727
186079ms,186079,305.708,0.199748
186111ms,186111,305.684,0.199858
186143ms,186143,305.757,0.199647
186175ms,186175,305.717,0.199825
186207ms,186207,305.637,0.199704
186239ms,186239,305.667,0.199693
186271ms,186271,305.703,0.199757
186303ms,186303,305.693,0.199693
186351ms,186351,305.757,0.199817
186383ms,186383,305.748,0.199815
186415ms,186415,305.814,0.199983
186447ms,186447,305.200,0.199825
186479ms,186479,304.286,0.199192
186511ms,186511,303.366,0.198507
186543ms,186543,302.219,0.198008
186607ms,186607,300.251,0.196434
186639ms,186639,299.438,0.196010
186671ms,186671,299.149,0.196090
186703ms,186703,298.583,0.195969
186751ms,186751,298.218,0.195596
186783ms,186783,298.128,0.195551
186815ms,186815,298.185,0.195323
186847ms,186847,298.209,0.195278
186879ms,186879,298.193,0.195048
186911ms,186911,298.339,0.194985
186943ms,186943,298.319,0.195065
186975ms,186975,298.572,0.195152
187007ms,187007,298.640,0.195276
187039ms,187039,298.928,0.195306
187071ms,187071,299.284,0.195624
187103ms,187103,299.770,0.195798
187151ms,187151,300.118,0.195859
187183ms,187183,300.746,0.196227
187215ms,187215,301.168,0.196540
187247ms,187247,301.654,0.196930
187279ms,187279,302.292,0.197212
187311ms,187311,302.843,0.197833
187343ms,187343,303.421,0.198066
187375ms,187375,304.105,0.198568
187407ms,187407,304.737,0.199050
187439ms,187439,305.348,0.199658
187471ms,187471,305.956,0.200251
187503ms,187503,305.723,0.200075
187535ms,187535,305.783,0.199982
187583ms,187583,305.742,0.199832
187647ms,187647,305.712,0.199731
187711ms,187711,305.764,0.199700
187743ms,187743,305.719,0.199644
187775ms,187775,305.728,0.199871
187807ms,187807,305.807,0.199720
187839ms,187839,305.724,0.199841
187871ms,187871,305.818,0.199856
187903ms,187903,305.806,0.200185
187935ms,187935,304.998,0.199750
187983ms,187983,304.034,0.199026
188015ms,188015,303.152,0.198445
188047ms,188047,302.081,0.197966
188079ms,188079,300.831,0.197054
188111ms,188111,300.106,0.196494
188143ms,188143,299.264,0.195989
188175ms,188175,299.068,0.196027
188207ms,188207,298.489,0.195652
188239ms,188239,298.130,0.195632
188271ms,188271,298.194,0.195542
188303ms,188303,298.217,0.195428
188335ms,188335,298.308,0.194980
188383ms,188383,298.238,0.195327
188415ms,188415,298.317,0.195087
188447ms,188447,298.340,0.195069
188511ms,188511,298.684,0.195117
188543ms,188543,299.099,0.195454
188575ms,188575,299.492,0.195741
188607ms,188607,299.880,0.195851
188639ms,188639,300.277,0.196197
188671ms,188671,300.872,0.196549
188703ms,188703,301.343,0.196796
188751ms,188751,301.836,0.197166
188783ms,188783,302.421,0.197457
188815ms,188815,303.025,0.197763
188847ms,188847,303.637,0.198160
188879ms,188879,304.279,0.198675
188911ms,188911,304.909,0.199281
188943ms,188943,305.486,0.199774
188975ms,188975,305.940,0.200002
189007ms,189007,305.654,0.199994
189039ms,189039,305.682,0.199818
189071ms,189071,305.656,0.199730
189103ms,189103,305.709,0.199655
189151ms,189151,305.636,0.199749
189183ms,189183,305.731,0.199713
189215ms,189215,305.705,0.199743
189247ms,189247,305.707,0.199740
189279ms,189279,305.691,0.199843
189311ms,189311,305.684,0.199797
189343ms,189343,305.778,0.199941
189375ms,189375,305.972,0.199805
189407ms,189407,305.773,0.199979
189439ms,189439,304.823,0.199681
189471ms,189471,303.930,0.199034
189503ms,189503,302.995,0.198528
189551ms,189551,301.877,0.197651
189583ms,189583,300.739,0.196997
189615ms,189615,299.979,0.196180
189647ms,189647,299.262,0.195873
189679ms,189679,299.031,0.195963
189711ms,189711,298.335,0.195695
189743ms,189743,298.187,0.195201
189775ms,189775,298.170,0.195452
189807ms,189807,298.150,0.195416
189839ms,189839,298.186,0.195200
189871ms,189871,298.212,0.195339
189903ms,189903,298.140,0.195116
189935ms,189935,298.227,0.195246
190015ms,190015,298.728,0.195095
190047ms,190047,299.067,0.195396
190079ms,190079,299.562,0.195641
190111ms,190111,299.946,0.195806
190143ms,190143,300.404,0.196083
190175ms,190175,300.929,0.196448
190207ms,190207,301.345,0.196842
190239ms,190239,301.920,0.197214
190271ms,190271,302.469,0.197486
190303ms,190303,303.160,0.197979
190335ms,190335,303.717,0.198202
190383ms,190383,304.385,0.199017
190415ms,190415,305.018,0.199399
190447ms,190447,305.642,0.199789
190479ms,190479,305.877,0.200130
190511ms,190511,305.706,0.199838
190543ms,190543,305.690,0.199685
190575ms,190575,305.723,0.199666
190607ms,190607,305.760,0.199703
190639ms,190639,305.753,0.199697
190703ms,190703,305.742,0.199640
190735ms,190735,305.699,0.199699
190783ms,190783,305.554,0.199708
190815ms,190815,305.748,0.199843
190847ms,190847,305.809,0.199983
190879ms,190879,305.948,0.199907
190911ms,190911,305.514,0.199970
190975ms,190975,303.540,0.198825
191007ms,191007,302.537,0.198281
191103ms,191103,299.601,0.196268
191135ms,191135,299.176,0.196058
191183ms,191183,298.835,0.195937
191215ms,191215,298.177,0.195449
191279ms,191279,298.087,0.195149
191311ms,191311,298.242,0.195503
191343ms,191343,298.262,0.194939
191375ms,191375,298.234,0.195038
191407ms,191407,298.134,0.195049
191439ms,191439,298.402,0.195204
191471ms,191471,298.620,0.195152
191503ms,191503,298.850,0.195311
191535ms,191535,299.222,0.195575
191583ms,191583,299.626,0.195631
191615ms,191615,300.201,0.195985
191647ms,191647,300.657,0.196327
191679ms,191679,301.189,0.196705
191711ms,191711,301.652,0.196925
191743ms,191743,302.198,0.197304
191775ms,191775,302.896,0.197717
191807ms,191807,303.400,0.198039
191871ms,191871,304.642,0.199051
191903ms,191903,305.219,0.199723
191935ms,191935,305.890,0.199991
191983ms,191983,305.753,0.200160
192015ms,192015,305.713,0.199784
192047ms,192047,305.663,0.199677
192079ms,192079,305.667,0.199714
192111ms,192111,305.697,0.199668
192143ms,192143,305.701,0.199727
192175ms,192175,305.670,0.199649
192207ms,192207,305.641,0.199678
192239ms,192239,305.722,0.199663
192271ms,192271,305.608,0.199677
192303ms,192303,305.735,0.199852
192335ms,192335,305.791,0.199853
192383ms,192383,305.832,0.200092
192415ms,192415,305.174,0.200011
192447ms,192447,304.233,0.199113
192479ms,192479,303.291,0.198602
192511ms,192511,302.240,0.197803
192543ms,192543,301.065,0.197275
192575ms,192575,300.282,0.196455
192607ms,192607,299.415,0.195957
192639ms,192639,299.063,0.195806
192671ms,192671,298.661,0.195991
192703ms,192703,298.210,0.195396
192735ms,192735,298.204,0.195438
192783ms,192783,298.172,0.195264
192815ms,192815,298.218,0.195113
192847ms,192847,298.178,0.195286
192879ms,192879,298.238,0.195068
192911ms,192911,298.272,0.194949
192943ms,192943,298.504,0.195016
192975ms,192975,298.692,0.195201
193007ms,193007,299.005,0.195423
193039ms,193039,299.289,0.195748
193071ms,193071,299.869,0.195790
193135ms,193135,300.790,0.196508
193167ms,193167,301.330,0.196882
193215ms,193215,301.924,0.197126
193247ms,193247,302.456,0.197448
193279ms,193279,303.023,0.197827
193311ms,193311,303.586,0.198315
193343ms,193343,304.210,0.198761
193375ms,193375,304.855,0.199323
193407ms,193407,305.553,0.199680
193439ms,193439,305.979,0.200114
193471ms,193471,305.672,0.199954
193503ms,193503,305.697,0.199809
193535ms,193535,305.750,0.199778
193567ms,193567,305.671,0.199786
193615ms,193615,305.611,0.199692
193647ms,193647,305.647,0.199721
193679ms,193679,305.607,0.199713
193711ms,193711,305.695,0.199789
193743ms,193743,305.715,0.199881
193839ms,193839,305.886,0.199855
193871ms,193871,305.731,0.199896
193903ms,193903,304.702,0.199483
193935ms,193935,303.755,0.199030
193983ms,193983,302.839,0.198409
194015ms,194015,301.866,0.197525
194047ms,194047,300.784,0.196867
194079ms,194079,299.904,0.196381
194111ms,194111,299.223,0.195953
194143ms,194143,299.021,0.196024
194175ms,194175,298.351,0.195731
194207ms,194207,298.252,0.195632
194239ms,194239,298.229,0.195451
194271ms,194271,298.159,0.195378
194303ms,194303,298.265,0.195022
194335ms,194335,298.170,0.195204
194383ms,194383,298.286,0.195059
194415ms,194415,298.307,0.194934
194447ms,194447,298.525,0.195106
194479ms,194479,298.794,0.195415
194511ms,194511,299.212,0.195527
194543ms,194543,299.481,0.195779
194575ms,194575,299.974,0.195864
194607ms,194607,300.552,0.196303
194639ms,194639,300.983,0.196592
194671ms,194671,301.601,0.196872
194703ms,194703,302.095,0.197200
194735ms,194735,302.777,0.197713
194767ms,194767,303.232,0.197909
194815ms,194815,303.853,0.198498
194847ms,194847,304.562,0.198959
194879ms,194879,305.202,0.199476
194911ms,194911,305.865,0.199968
194943ms,194943,305.896,0.200134
195007ms,195007,305.558,0.199612
195039ms,195039,305.622,0.199755
195071ms,195071,305.621,0.199634
195103ms,195103,305.682,0.199697
195135ms,195135,305.640,0.199738
195167ms,195167,305.669,0.199824
195215ms,195215,305.713,0.199815
195247ms,195247,305.698,0.199769
195279ms,195279,305.726,0.199803
195311ms,195311,305.844,0.199869
195343ms,195343,305.843,0.200063
195375ms,195375,305.185,0.199814
195407ms,195407,304.160,0.198965
195439ms,195439,303.258,0.198396
195471ms,195471,302.205,0.197892
195503ms,195503,301.126,0.197198
195535ms,195535,300.261,0.196572
195567ms,195567,299.459,0.196212
195615ms,195615,299.116,0.195807
195647ms,195647,298.544,0.195625
195679ms,195679,298.246,0.195744
195711ms,195711,298.115,0.195589
195743ms,195743,298.215,0.195181
195775ms,195775,298.276,0.195168
195807ms,195807,298.287,0.195242
195839ms,195839,298.259,0.195053
195871ms,195871,298.284,0.195076
195903ms,195903,298.490,0.195091
195935ms,195935,298.712,0.195125
195967ms,195967,298.964,0.195431
196015ms,196015,299.405,0.195635
196047ms,196047,299.856,0.195979
196079ms,196079,300.292,0.196335
196111ms,196111,300.816,0.196493
196143ms,196143,301.320,0.196745
196175ms,196175,301.851,0.197102
196207ms,196207,302.366,0.197434
196239ms,196239,303.100,0.198030
196271ms,196271,303.641,0.198166
196303ms,196303,304.197,0.198746
196367ms,196367,305.512,0.199832
196415ms,196415,306.051,0.200141
196447ms,196447,305.587,0.199953
196479ms,196479,305.762,0.199565
196511ms,196511,305.739,0.199645
196543ms,196543,305.688,0.199581
196575ms,196575,305.755,0.199774
196607ms,196607,305.680,0.199675
196639ms,196639,305.761,0.199661
196671ms,196671,305.767,0.199618
196735ms,196735,305.778,0.199857
196767ms,196767,305.780,0.199799
196815ms,196815,305.928,0.199763
196847ms,196847,305.669,0.199904
196879ms,196879,304.714,0.199654
196911ms,196911,303.718,0.199027
196943ms,196943,302.819,0.198340
196975ms,196975,301.812,0.197577
197007ms,197007,300.541,0.196752
197039ms,197039,299.830,0.196453
197071ms,197071,299.193,0.195857
197103ms,197103,298.889,0.196126
197135ms,197135,298.238,0.195525
197167ms,197167,298.246,0.195485
197199ms,197199,298.115,0.195418
197247ms,197247,298.141,0.195360
197279ms,197279,298.151,0.195167
197311ms,197311,298.224,0.195409
197343ms,197343,298.150,0.195078
197375ms,197375,298.314,0.195214
197407ms,197407,298.534,0.195039
197439ms,197439,298.849,0.195336
197471ms,197471,299.161,0.195478
197503ms,197503,299.550,0.195625
197535ms,197535,300.038,0.196036
197567ms,197567,300.572,0.196342
197599ms,197599,301.026,0.196576
197679ms,197679,302.081,0.197189
197711ms,197711,302.671,0.197582
197743ms,197743,303.294,0.198090
197775ms,197775,303.901,0.198543
197807ms,197807,304.589,0.199022
197839ms,197839,305.149,0.199518
197871ms,197871,305.777,0.200016
197903ms,197903,305.791,0.199995
197935ms,197935,305.746,0.199773
197967ms,197967,305.738,0.199758
197999ms,197999,305.724,0.199812
198047ms,198047,305.748,0.199682
198079ms,198079,305.700,0.199754
198111ms,198111,305.749,0.199785
198143ms,198143,305.730,0.199712
198175ms,198175,305.761,0.199665
198207ms,198207,305.751,0.199670
198239ms,198239,305.815,0.199842
198271ms,198271,305.854,0.199748
198303ms,198303,305.938,0.199901
198335ms,198335,305.213,0.199754
198367ms,198367,304.253,0.198981
198415ms,198415,303.373,0.198363
198447ms,198447,302.384,0.198012
198479ms,198479,301.197,0.197424
198511ms,198511,300.329,0.196492
198543ms,198543,299.545,0.196136
198575ms,198575,299.123,0.195717
198607ms,198607,298.699,0.195830
198639ms,198639,298.193,0.195418
198671ms,198671,298.153,0.195572
198735ms,198735,298.200,0.195331
198767ms,198767,298.131,0.195029
198799ms,198799,298.148,0.195068
198846ms,198846,298.247,0.195293
198879ms,198879,298.475,0.195200
198911ms,198911,298.680,0.195172
198943ms,198943,298.914,0.195404
198975ms,198975,299.263,0.195556
199007ms,199007,299.764,0.195802
199039ms,199039,300.215,0.195964
199071ms,199071,300.730,0.196263
199103ms,199103,301.223,0.196715
199135ms,199135,301.708,0.197001
199167ms,199167,302.262,0.197337
199215ms,199215,302.855,0.197941
199247ms,199247,303.456,0.198106
199279ms,199279,304.059,0.198697
199311ms,199311,304.706,0.199104
199347ms,199347,305.275,0.199778
199375ms,199375,306.027,0.199992
199407ms,199407,305.801,0.199997
199439ms,199439,305.892,0.199907
199471ms,199471,305.824,0.199917
199503ms,199503,305.830,0.199846
199535ms,199535,305.796,0.199882
199567ms,199567,305.867,0.199819
199615ms,199615,305.810,0.199833
199646ms,199646,305.829,0.199851
199679ms,199679,305.799,0.199752
199711ms,199711,305.830,0.199816
199743ms,199743,305.815,0.199775
199775ms,199775,305.920,0.199771
199807ms,199807,305.920,0.199979
199839ms,199839,305.117,0.199900
199871ms,199871,304.087,0.199029
199903ms,199903,303.200,0.198612
199935ms,199935,302.141,0.197981
199967ms,199967,301.007,0.197151
200047ms,200047,299.416,0.195818
200079ms,200079,299.137,0.195876
200143ms,200143,298.309,0.195668
200175ms,200175,298.189,0.195381
200207ms,200207,298.170,0.195241
200271ms,200271,298.338,0.195007
200303ms,200303,298.318,0.194992
200335ms,200335,298.264,0.194872
200367ms,200367,298.526,0.195148
200415ms,200415,298.670,0.195074
200447ms,200447,299.042,0.195449
200479ms,200479,299.499,0.195737
200511ms,200511,299.922,0.195841
200543ms,200543,300.301,0.196232
200575ms,200575,300.819,0.196572
200607ms,200607,301.225,0.196736
200639ms,200639,301.780,0.197101
200671ms,200671,302.400,0.197587
200703ms,200703,302.950,0.197777
200735ms,200735,303.530,0.198253
200767ms,200767,304.150,0.198737
200815ms,200815,304.849,0.199292
200847ms,200847,305.507,0.199761
200879ms,200879,306.108,0.200141
200911ms,200911,305.700,0.200090
200943ms,200943,305.818,0.199827
200975ms,200975,305.800,0.199814
201007ms,201007,305.793,0.199819
201039ms,201039,305.793,0.199840
201071ms,201071,305.841,0.199893
201103ms,201103,305.795,0.199668
201135ms,201135,305.770,0.199760
201167ms,201167,305.797,0.199770
201199ms,201199,305.808,0.199787
201247ms,201247,305.874,0.199831
201279ms,201279,305.953,0.200091
201311ms,201311,305.758,0.200047
201343ms,201343,304.770,0.199449
201375ms,201375,303.752,0.198833
201407ms,201407,302.906,0.198416
201439ms,201439,301.986,0.197713
201471ms,201471,300.835,0.196969
201503ms,201503,299.877,0.196333
201535ms,201535,299.235,0.195961
201567ms,201567,299.016,0.196274
201647ms,201647,298.210,0.195547
201679ms,201679,298.213,0.195369
201711ms,201711,298.168,0.195307
201743ms,201743,298.203,0.195133
201775ms,201775,298.179,0.195294
201807ms,201807,298.193,0.195170
201839ms,201839,298.350,0.195324
201871ms,201871,298.591,0.195183
201903ms,201903,298.793,0.195056
201935ms,201935,299.206,0.195611
201967ms,201967,299.522,0.195676
201999ms,201999,299.916,0.196008
202031ms,202031,300.462,0.196165
202079ms,202079,300.913,0.196453
202111ms,202111,301.422,0.196691
202143ms,202143,302.060,0.197319
202175ms,202175,302.623,0.197461
202207ms,202207,303.261,0.198064
202239ms,202239,303.812,0.198524
202271ms,202271,304.452,0.199129
202303ms,202303,305.087,0.199438
202335ms,202335,305.773,0.199933
202367ms,202367,305.896,0.200156
202399ms,202399,305.724,0.199963
202431ms,202431,305.634,0.199835
202479ms,202479,305.679,0.199752
202511ms,202511,305.670,0.199854
202543ms,202543,305.728,0.199710
202575ms,202575,305.679,0.199726
202607ms,202607,305.688,0.199783
202639ms,202639,305.699,0.199799
202671ms,202671,305.734,0.199677
202703ms,202703,305.742,0.199776
202735ms,202735,305.787,0.199921
202767ms,202767,305.934,0.199805
202799ms,202799,305.636,0.200000
202847ms,202847,304.660,0.199493
202879ms,202879,303.679,0.198940
202911ms,202911,302.695,0.198238
202943ms,202943,301.656,0.197553
202975ms,202975,300.613,0.196663
203007ms,203007,299.735,0.196482
203039ms,203039,299.119,0.195847
203071ms,203071,299.033,0.195963
203103ms,203103,298.336,0.195588
203135ms,203135,298.280,0.195512
203167ms,203167,298.147,0.195483
203199ms,203199,298.108,0.195412
203247ms,203247,298.183,0.195099
203279ms,203279,298.120,0.195248
203311ms,203311,298.215,0.195001
203343ms,203343,298.338,0.194962
203375ms,203375,298.610,0.195131
203407ms,203407,298.836,0.195632
203439ms,203439,299.262,0.195651
203471ms,203471,299.614,0.195734
203503ms,203503,300.117,0.196065
203535ms,203535,300.647,0.196533
203567ms,203567,301.085,0.196424
203599ms,203599,301.638,0.197090
203679ms,203679,302.757,0.197797
203711ms,203711,303.298,0.197976
203743ms,203743,303.917,0.198605
203775ms,203775,304.553,0.199123
203807ms,203807,305.176,0.199442
203839ms,203839,305.872,0.199949
203871ms,203871,305.918,0.200071
203903ms,203903,305.764,0.199914
203935ms,203935,305.713,0.199729
203967ms,203967,305.768,0.199735
204047ms,204047,305.670,0.199845
204079ms,204079,305.728,0.199755
204111ms,204111,305.725,0.199845
204143ms,204143,305.787,0.199831
204175ms,204175,305.765,0.199793
204207ms,204207,305.797,0.199811
204239ms,204239,305.799,0.199785
204271ms,204271,305.891,0.200017
204303ms,204303,305.200,0.200026
204335ms,204335,304.185,0.199113
204367ms,204367,303.181,0.198574
204399ms,204399,302.183,0.197940
204431ms,204431,300.999,0.197427
204479ms,204479,300.126,0.196487
204543ms,204543,299.037,0.195837
204575ms,204575,298.603,0.195744
204607ms,204607,298.318,0.195563
204639ms,204639,298.135,0.195442
204671ms,204671,298.193,0.195353
204703ms,204703,298.181,0.195209
204735ms,204735,298.196,0.195323
204767ms,204767,298.239,0.195057
204799ms,204799,298.273,0.195095
204846ms,204846,298.474,0.195160
204879ms,204879,298.736,0.195211
204911ms,204911,298.983,0.195356
204943ms,204943,299.334,0.195697
204975ms,204975,299.761,0.195963
205007ms,205007,300.175,0.196037
205039ms,205039,300.733,0.196343
205071ms,205071,301.202,0.196635
205103ms,205103,301.713,0.197147
205135ms,205135,302.285,0.197317
205167ms,205167,302.940,0.197919
205199ms,205199,303.456,0.198121
205231ms,205231,304.088,0.198523
205279ms,205279,304.734,0.199020
205311ms,205311,305.366,0.199731
205342ms,205342,305.929,0.200112
205375ms,205375,305.648,0.200073
205407ms,205407,305.841,0.199768
205439ms,205439,305.722,0.199709
205471ms,205471,305.745,0.199878
205503ms,205503,305.768,0.199704
205535ms,205535,305.617,0.199687
205567ms,205567,305.656,0.199754
205599ms,205599,305.763,0.199584
205647ms,205647,305.724,0.199557
205679ms,205679,305.712,0.199756
205711ms,205711,305.752,0.199785
205743ms,205743,305.836,0.199976
205775ms,205775,305.851,0.200062
205807ms,205807,305.168,0.199783
205839ms,205839,304.159,0.199017
205871ms,205871,303.275,0.198567
205903ms,205903,302.208,0.197894
205935ms,205935,301.031,0.197323
205967ms,205967,300.180,0.196541
205999ms,205999,299.424,0.196087
206031ms,206031,299.095,0.195816
206079ms,206079,298.649,0.195684
206143ms,206143,298.188,0.195446
206175ms,206175,298.152,0.195358
206207ms,206207,298.219,0.195220
206239ms,206239,298.207,0.195361
206271ms,206271,298.259,0.195101
206303ms,206303,298.300,0.195001
206335ms,206335,298.507,0.195140
206367ms,206367,298.706,0.195095
206399ms,206399,299.024,0.195438
206431ms,206431,299.479,0.195683
206479ms,206479,299.815,0.195925
206511ms,206511,300.244,0.196199
206543ms,206543,300.771,0.196414
206575ms,206575,301.213,0.196758
206607ms,206607,301.721,0.197026
206639ms,206639,302.237,0.197325
206703ms,206703,303.427,0.198202
206735ms,206735,304.079,0.198675
206767ms,206767,304.684,0.199203
206799ms,206799,305.212,0.199617
206831ms,206831,305.958,0.200071
206879ms,206879,305.742,0.200012
206911ms,206911,305.744,0.199732
206943ms,206943,305.758,0.199676
206975ms,206975,305.736,0.199648
207007ms,207007,305.731,0.199781
207039ms,207039,305.687,0.199667
207071ms,207071,305.749,0.199747
207103ms,207103,305.721,0.199720
207135ms,207135,305.735,0.199855
207167ms,207167,305.740,0.199825
207199ms,207199,305.776,0.199804
207231ms,207231,305.879,0.199886
207279ms,207279,305.914,0.200119
207375ms,207375,303.274,0.198339
207407ms,207407,302.177,0.198035
207439ms,207439,301.132,0.197234
207471ms,207471,300.325,0.196547
207503ms,207503,299.522,0.195912
207535ms,207535,299.184,0.195926
207567ms,207567,298.631,0.195696
207599ms,207599,298.176,0.195412
207631ms,207631,298.141,0.195485
207679ms,207679,298.268,0.195200
207711ms,207711,298.241,0.195321
207743ms,207743,298.212,0.195099
207775ms,207775,298.317,0.195077
207807ms,207807,298.205,0.195113
207839ms,207839,298.587,0.195076
207871ms,207871,298.667,0.195203
207903ms,207903,298.980,0.195558
207935ms,207935,299.381,0.195626
207999ms,207999,300.225,0.196056
208047ms,208047,300.735,0.196278
208079ms,208079,301.198,0.196667
208111ms,208111,301.730,0.196928
208143ms,208143,302.308,0.197444
208175ms,208175,302.890,0.197888
208207ms,208207,303.503,0.198093
208239ms,208239,304.163,0.198541
208271ms,208271,304.733,0.199075
208303ms,208303,305.254,0.199913
208335ms,208335,305.911,0.200215
208367ms,208367,305.816,0.200285
208399ms,208399,305.803,0.199897
208431ms,208431,305.800,0.199826
208479ms,208479,305.871,0.199869
208511ms,208511,305.859,0.199749
208543ms,208543,305.842,0.199908
208575ms,208575,305.848,0.199904
208607ms,208607,305.844,0.199787
208639ms,208639,305.860,0.199791
208671ms,208671,305.822,0.199858
208703ms,208703,305.914,0.199939
208735ms,208735,305.964,0.200044
208767ms,208767,305.760,0.199910
208799ms,208799,304.901,0.199475
208831ms,208831,303.976,0.198969
208879ms,208879,303.011,0.198481
208911ms,208911,301.959,0.197785
208943ms,208943,300.885,0.197207
208975ms,208975,299.998,0.196407
209007ms,209007,299.345,0.196005
209039ms,209039,299.004,0.195977
209071ms,209071,298.415,0.195658
209103ms,209103,298.238,0.195463
209135ms,209135,298.216,0.195382
209167ms,209167,298.150,0.195358
209199ms,209199,298.280,0.195155
209279ms,209279,298.212,0.195164
209311ms,209311,298.181,0.195363
209342ms,209342,298.538,0.195072
209375ms,209375,298.749,0.195268
209407ms,209407,299.058,0.195331
209439ms,209439,299.549,0.195589
209471ms,209471,299.908,0.195857
209503ms,209503,300.370,0.196246
209535ms,209535,300.878,0.196591
209567ms,209567,301.377,0.196741
209599ms,209599,301.815,0.197061
209631ms,209631,302.482,0.197507
209711ms,209711,303.590,0.198258
209743ms,209743,304.218,0.198774
209775ms,209775,304.809,0.199117
209807ms,209807,305.446,0.199757
209839ms,209839,305.953,0.200269
209871ms,209871,305.695,0.199845
209903ms,209903,305.719,0.199673
209935ms,209935,305.665,0.199673
209967ms,209967,305.665,0.199784
209999ms,209999,305.709,0.199738
210031ms,210031,305.672,0.199713
210079ms,210079,305.717,0.199701
210111ms,210111,305.678,0.199723
210175ms,210175,305.701,0.199796
210207ms,210207,305.744,0.199929
210239ms,210239,305.844,0.199984
210271ms,210271,305.670,0.200024
210303ms,210303,304.745,0.199491
210335ms,210335,303.720,0.198820
210367ms,210367,302.813,0.198354
210399ms,210399,301.792,0.197533
210431ms,210431,300.671,0.196867
210511ms,210511,299.254,0.196162
210543ms,210543,299.053,0.196207
210575ms,210575,298.437,0.195529
210607ms,210607,298.288,0.195469
210639ms,210639,298.198,0.195473
210671ms,210671,298.190,0.195370
210703ms,210703,298.206,0.195202
210735ms,210735,298.186,0.195309
210767ms,210767,298.182,0.195157
210799ms,210799,298.317,0.195237
210831ms,210831,298.519,0.195404
210863ms,210863,298.800,0.195113
210911ms,210911,299.216,0.195461
210943ms,210943,299.471,0.195657
210975ms,210975,299.917,0.196098
211007ms,211007,300.452,0.196128
211039ms,211039,300.888,0.196457
211071ms,211071,301.361,0.196734
211103ms,211103,302.001,0.197316
211135ms,211135,302.540,0.197549
211167ms,211167,303.051,0.198005
211199ms,211199,303.760,0.198439
211231ms,211231,304.349,0.198947
211279ms,211279,304.936,0.199530
211311ms,211311,305.631,0.199781
211343ms,211343,306.056,0.200112
211375ms,211375,305.748,0.199904
211407ms,211407,305.784,0.199868
211439ms,211439,305.760,0.199751
211471ms,211471,305.744,0.199814
211503ms,211503,305.731,0.199794
211535ms,211535,305.719,0.199783
211567ms,211567,305.753,0.199807
211599ms,211599,305.758,0.199733
211631ms,211631,305.766,0.199850
211663ms,211663,305.795,0.199816
211711ms,211711,305.851,0.199892
211743ms,211743,305.905,0.199904
211775ms,211775,305.589,0.200066
211807ms,211807,304.639,0.199413
211839ms,211839,303.664,0.198756
211871ms,211871,302.827,0.198411
211903ms,211903,301.795,0.197663
211935ms,211935,300.772,0.197160
211998ms,211998,299.304,0.195963
212031ms,212031,299.062,0.195876
212063ms,212063,298.384,0.195708
212111ms,212111,298.300,0.195893
212143ms,212143,298.126,0.195384
212175ms,212175,298.195,0.195452
212207ms,212207,298.150,0.195099
212239ms,212239,298.270,0.195117
212271ms,212271,298.344,0.195275
212303ms,212303,298.282,0.195052
212335ms,212335,298.531,0.195095
212367ms,212367,298.857,0.195457
212399ms,212399,299.317,0.195652
212431ms,212431,299.546,0.195880
212463ms,212463,300.049,0.196058
212511ms,212511,300.548,0.196342
212575ms,212575,301.459,0.196889
212607ms,212607,302.037,0.197293
212639ms,212639,302.608,0.197476
212671ms,212671,303.169,0.197972
212703ms,212703,303.788,0.198342
212735ms,212735,304.474,0.198999
212767ms,212767,305.039,0.199514
212799ms,212799,305.669,0.199833
212831ms,212831,305.819,0.200190
212863ms,212863,305.745,0.199687
212910ms,212910,305.685,0.199731
212943ms,212943,305.696,0.199711
212975ms,212975,305.725,0.199677
213007ms,213007,305.758,0.199804
213039ms,213039,305.689,0.199718
213071ms,213071,305.702,0.199718
213103ms,213103,305.663,0.199579
213135ms,213135,305.717,0.199744
213167ms,213167,305.720,0.199913
213263ms,213263,305.308,0.199915
213310ms,213310,304.468,0.199175
213343ms,213343,303.558,0.198842
213375ms,213375,302.453,0.198204
213407ms,213407,301.436,0.197669
213439ms,213439,300.481,0.197108
213471ms,213471,299.651,0.196141
213503ms,213503,299.106,0.195882
213535ms,213535,298.860,0.196168
213567ms,213567,298.213,0.195383
213599ms,213599,298.157,0.195534
213631ms,213631,298.216,0.195437
213663ms,213663,298.229,0.195432
213711ms,213711,298.236,0.195103
213743ms,213743,298.208,0.195122
213775ms,213775,298.130,0.195113
213807ms,213807,298.407,0.195127
213839ms,213839,298.545,0.195120
213871ms,213871,298.817,0.195458
213903ms,213903,299.311,0.195617
213935ms,213935,299.652,0.195662
213967ms,213967,300.118,0.195866
213999ms,213999,300.635,0.196312
214031ms,214031,301.004,0.196611
214063ms,214063,301.574,0.196839
214111ms,214111,302.049,0.197223
214143ms,214143,302.794,0.197753
214175ms,214175,303.238,0.197930
214206ms,214206,303.937,0.198657
214239ms,214239,304.625,0.199157
214271ms,214271,305.188,0.199603
214303ms,214303,305.773,0.199963
214335ms,214335,305.751,0.200003
214367ms,214367,305.676,0.199633
214431ms,214431,305.634,0.199602
214511ms,214511,305.630,0.199627
214542ms,214542,305.593,0.199595
214575ms,214575,305.652,0.199535
214607ms,214607,305.637,0.199615
214639ms,214639,305.655,0.199583
214671ms,214671,305.729,0.199792
214703ms,214703,305.742,0.199863
214735ms,214735,305.836,0.199852
214799ms,214799,304.368,0.199311
214831ms,214831,303.439,0.198765
214863ms,214863,302.371,0.198156
214911ms,214911,301.402,0.197459
214943ms,214943,300.401,0.196615
214975ms,214975,299.594,0.195934
215007ms,215007,299.123,0.195861
215039ms,215039,298.718,0.196027
215071ms,215071,298.202,0.195685
215103ms,215103,298.159,0.195347
215135ms,215135,298.230,0.195072
215167ms,215167,298.222,0.195400
215199ms,215199,298.334,0.194996
215231ms,215231,298.175,0.195072
215263ms,215263,298.162,0.195030
215311ms,215311,298.365,0.194790
215344ms,215344,298.609,0.195028
215375ms,215375,298.905,0.195425
215407ms,215407,299.246,0.195442
215439ms,215439,299.765,0.195600
215471ms,215471,300.170,0.195993
215503ms,215503,300.692,0.196287
215535ms,215535,301.131,0.196666
215567ms,215567,301.698,0.196958
215599ms,215599,302.279,0.197359
215631ms,215631,302.909,0.197709
215663ms,215663,303.412,0.198052
215695ms,215695,304.036,0.198484
215743ms,215743,304.707,0.199065
215775ms,215775,305.256,0.199674
215806ms,215806,305.889,0.200298
215839ms,215839,305.670,0.200168
215871ms,215871,305.741,0.199837
215903ms,215903,305.686,0.199719
215935ms,215935,305.684,0.199704
215967ms,215967,305.662,0.199729
215999ms,215999,305.644,0.199721
216031ms,216031,305.753,0.199693
216063ms,216063,305.678,0.199714
216095ms,216095,305.737,0.199659
216142ms,216142,305.678,0.199629
216175ms,216175,305.716,0.199851
216239ms,216239,305.853,0.200022
216271ms,216271,305.172,0.199797
216303ms,216303,304.122,0.199180
216335ms,216335,303.243,0.198554
216367ms,216367,302.146,0.197975
216399ms,216399,301.075,0.197210
216431ms,216431,300.205,0.196537
216463ms,216463,299.505,0.196006
216495ms,216495,299.068,0.195914
216543ms,216543,298.621,0.195600
216575ms,216575,298.160,0.195519
216607ms,216607,298.231,0.195300
216639ms,216639,298.167,0.195141
216671ms,216671,298.255,0.195324
216703ms,216703,298.192,0.195206
216735ms,216735,298.262,0.195045
216767ms,216767,298.298,0.195206
216799ms,216799,298.552,0.195175
216831ms,216831,298.731,0.195296
216863ms,216863,298.984,0.195540
216895ms,216895,299.361,0.195559
216943ms,216943,299.809,0.196016
216975ms,216975,300.208,0.196259
217007ms,217007,300.737,0.196563
217039ms,217039,301.292,0.196615
217071ms,217071,301.809,0.197021
217103ms,217103,302.352,0.197580
217135ms,217135,302.985,0.197843
217167ms,217167,303.529,0.198016
217199ms,217199,304.253,0.198712
217263ms,217263,305.527,0.199928
217327ms,217327,305.590,0.199992
217375ms,217375,305.710,0.199806
217407ms,217407,305.678,0.199666
217439ms,217439,305.721,0.199662
217471ms,217471,305.706,0.199645
217503ms,217503,305.765,0.199699
217535ms,217535,305.720,0.199677
217567ms,217567,305.670,0.199646
217599ms,217599,305.782,0.199756
217631ms,217631,305.778,0.199758
217663ms,217663,305.799,0.199907
217695ms,217695,305.874,0.199903
217743ms,217743,305.706,0.199989
217775ms,217775,304.704,0.199532
217807ms,217807,303.786,0.199033
217839ms,217839,302.916,0.198445
217870ms,217870,301.976,0.197610
217902ms,217902,300.835,0.197036
217934ms,217934,299.970,0.196223
217967ms,217967,299.275,0.195778
217999ms,217999,299.081,0.195966
218031ms,218031,298.455,0.195760
218095ms,218095,298.246,0.195550
218143ms,218143,298.192,0.195386
218175ms,218175,298.184,0.195161
218207ms,218207,298.205,0.195313
218239ms,218239,298.222,0.195143
218271ms,218271,298.338,0.195243
218302ms,218302,298.524,0.195240
218335ms,218335,298.754,0.195121
218367ms,218367,299.241,0.195528
218399ms,218399,299.587,0.195559
218434ms,218434,299.944,0.195962
218463ms,218463,300.412,0.196129
218495ms,218495,300.899,0.196524
218543ms,218543,301.373,0.196749
218574ms,218574,301.955,0.197196
218607ms,218607,302.547,0.197588
218639ms,218639,303.124,0.197941
218671ms,218671,303.691,0.198217
218703ms,218703,304.319,0.199055
218735ms,218735,305.044,0.199495
218767ms,218767,305.665,0.199891
218799ms,218799,305.892,0.200045
218831ms,218831,305.693,0.199822
218863ms,218863,305.682,0.199704
218895ms,218895,305.700,0.199754
218943ms,218943,305.725,0.199681
218975ms,218975,305.745,0.199731
219007ms,219007,305.766,0.199765
219039ms,219039,305.748,0.199639
219071ms,219071,305.726,0.199671
219103ms,219103,305.722,0.199582
219135ms,219135,305.740,0.199848
219167ms,219167,305.741,0.199789
219199ms,219199,305.887,0.199815
219231ms,219231,305.536,0.199737
219263ms,219263,304.565,0.199520
219295ms,219295,303.592,0.198781
219343ms,219343,302.664,0.198212
219375ms,219375,301.670,0.197642
219407ms,219407,300.534,0.197088
219439ms,219439,299.611,0.196355
219471ms,219471,299.100,0.195869
219503ms,219503,298.927,0.195956
219535ms,219535,298.256,0.195422
219599ms,219599,298.196,0.195453
219631ms,219631,298.192,0.195445
219663ms,219663,298.184,0.195041
219695ms,219695,298.247,0.195068
219743ms,219743,298.200,0.195066
219775ms,219775,298.392,0.195114
219806ms,219806,298.495,0.195196
219839ms,219839,298.821,0.195471
219871ms,219871,299.221,0.195591
219903ms,219903,299.539,0.195670
219967ms,219967,300.599,0.196211
220031ms,220031,301.494,0.196901
220063ms,220063,302.060,0.197189
220095ms,220095,302.597,0.197552
220143ms,220143,303.212,0.198107
220175ms,220175,303.780,0.198501
220206ms,220206,304.486,0.198979
220303ms,220303,305.874,0.200098
220335ms,220335,305.747,0.199771
220367ms,220367,305.733,0.199594
220399ms,220399,305.684,0.199748
220431ms,220431,305.768,0.199708
220463ms,220463,305.711,0.199731
220495ms,220495,305.787,0.199734
220543ms,220543,305.686,0.199705
220574ms,220574,305.734,0.199797
220606ms,220606,305.718,0.199679
220639ms,220639,305.750,0.199765
220671ms,220671,305.827,0.199884
220703ms,220703,305.891,0.199791
220735ms,220735,305.553,0.199890
220767ms,220767,304.480,0.199368
220799ms,220799,303.531,0.198706
220831ms,220831,302.570,0.198023
220863ms,220863,301.525,0.197626
220895ms,220895,300.485,0.197058
220943ms,220943,299.664,0.196363
220975ms,220975,299.180,0.195819
221007ms,221007,298.962,0.195852
221039ms,221039,298.367,0.195609
221071ms,221071,298.274,0.195580
221103ms,221103,298.190,0.195562
221135ms,221135,298.165,0.195517
221167ms,221167,298.195,0.195071
221199ms,221199,298.197,0.195097
221231ms,221231,298.301,0.195140
221263ms,221263,298.397,0.195044
221295ms,221295,298.549,0.195050
221343ms,221343,298.779,0.195290
221375ms,221375,299.239,0.195437
221407ms,221407,299.614,0.195861
221439ms,221439,300.197,0.196063
221470ms,221470,300.616,0.196407
221503ms,221503,301.023,0.196595
221535ms,221535,301.609,0.196905
221567ms,221567,302.159,0.197256
221599ms,221599,302.736,0.197821
221631ms,221631,303.284,0.197917
221663ms,221663,303.942,0.198517
221695ms,221695,304.537,0.199146
221775ms,221775,305.819,0.200018
221807ms,221807,305.871,0.200055
221839ms,221839,305.695,0.199875
221870ms,221870,305.688,0.199772
221903ms,221903,305.721,0.199705
221934ms,221934,305.767,0.199642
221967ms,221967,305.770,0.199757
221999ms,221999,305.739,0.199709
222031ms,222031,305.778,0.199709
222063ms,222063,305.740,0.199656
222095ms,222095,305.713,0.199778
222127ms,222127,305.751,0.199849
222174ms,222174,305.765,0.199799
222207ms,222207,305.814,0.200099
222239ms,222239,305.298,0.199995
222271ms,222271,304.383,0.199225
222335ms,222335,302.453,0.198023
222367ms,222367,301.397,0.197425
222399ms,222399,300.421,0.196637
222431ms,222431,299.613,0.196114
222463ms,222463,299.154,0.195859
222526ms,222526,298.235,0.195561
222575ms,222575,298.127,0.195541
222607ms,222607,298.229,0.195322
222639ms,222639,298.235,0.195448
222671ms,222671,298.282,0.195138
222703ms,222703,298.194,0.195175
222735ms,222735,298.131,0.195036
222767ms,222767,298.494,0.195072
222799ms,222799,298.617,0.195232
222831ms,222831,298.953,0.195515
222863ms,222863,299.283,0.195540
222895ms,222895,299.701,0.195730
222927ms,222927,300.168,0.196051
222974ms,222974,300.656,0.196455
223007ms,223007,301.146,0.196757
223039ms,223039,301.646,0.196974
223071ms,223071,302.297,0.197335
223103ms,223103,302.795,0.197648
223135ms,223135,303.370,0.197962
223167ms,223167,303.958,0.198625
223199ms,223199,304.646,0.199138
223231ms,223231,305.146,0.199523
223263ms,223263,305.878,0.200081
223295ms,223295,305.817,0.200072
223327ms,223327,305.805,0.199925
223374ms,223374,305.747,0.199810
223407ms,223407,305.675,0.199703
223439ms,223439,305.698,0.199730
223471ms,223471,305.691,0.199767
223502ms,223502,305.755,0.199754
223535ms,223535,305.628,0.199685
223567ms,223567,305.717,0.199757
223599ms,223599,305.743,0.199784
223631ms,223631,305.712,0.199886
223663ms,223663,305.877,0.199929
223695ms,223695,305.834,0.200036
223727ms,223727,304.999,0.199867
223775ms,223775,304.060,0.199049
223807ms,223807,303.187,0.198537
223839ms,223839,302.171,0.197763
223871ms,223871,301.073,0.197211
223903ms,223903,300.240,0.196544
223935ms,223935,299.364,0.196184
223967ms,223967,299.053,0.195654
223999ms,223999,298.584,0.195850
224031ms,224031,298.160,0.195366
224063ms,224063,298.101,0.195525
224095ms,224095,298.154,0.195608
224175ms,224175,298.124,0.195131
224207ms,224207,298.237,0.195189
224239ms,224239,298.171,0.195084
224271ms,224271,298.501,0.195011
224302ms,224302,298.733,0.195179
224335ms,224335,298.933,0.195537
224367ms,224367,299.392,0.195608
224399ms,224399,299.814,0.195971
224431ms,224431,300.213,0.196213
224463ms,224463,300.806,0.196430
224495ms,224495,301.236,0.196723
224527ms,224527,301.749,0.197036
224574ms,224574,302.332,0.197434
224606ms,224606,302.955,0.197762
224639ms,224639,303.562,0.198159
224671ms,224671,304.161,0.198581
224703ms,224703,304.835,0.199012
224735ms,224735,305.433,0.199844
224767ms,224767,305.869,0.200138
224799ms,224799,305.682,0.200185
224831ms,224831,305.774,0.199977
224863ms,224863,305.693,0.199800
224895ms,224895,305.680,0.199703
224927ms,224927,305.694,0.199629
224975ms,224975,305.689,0.199674
225007ms,225007,305.734,0.199693
225039ms,225039,305.658,0.199606
225071ms,225071,305.678,0.199701
225103ms,225103,305.677,0.199814
225135ms,225135,305.717,0.199949
225167ms,225167,305.809,0.199740
225231ms,225231,305.016,0.199825
225263ms,225263,303.917,0.199135
225295ms,225295,303.098,0.198499
225327ms,225327,301.944,0.197739
225375ms,225375,300.857,0.196979
225406ms,225406,300.039,0.196421
225438ms,225438,299.335,0.195846
225471ms,225471,299.013,0.196230
225503ms,225503,298.493,0.195607
225534ms,225534,298.240,0.195448
225567ms,225567,298.148,0.195311
225599ms,225599,298.088,0.195380
225631ms,225631,298.270,0.195210
225663ms,225663,298.196,0.195440
225695ms,225695,298.259,0.195175
225727ms,225727,298.271,0.194979
225759ms,225759,298.474,0.195185
225806ms,225806,298.735,0.195115
225838ms,225838,299.070,0.195417
225871ms,225871,299.483,0.195740
225902ms,225902,299.883,0.195890
225935ms,225935,300.353,0.196131
225967ms,225967,300.806,0.196472
225999ms,225999,301.303,0.196688
226031ms,226031,301.845,0.197063
226063ms,226063,302.420,0.197516
226095ms,226095,302.980,0.197863
226127ms,226127,303.657,0.198234
226207ms,226207,304.965,0.199399
226270ms,226270,306.031,0.200081
226303ms,226303,305.713,0.199787
226367ms,226367,305.764,0.199837
226399ms,226399,305.738,0.199712
226431ms,226431,305.739,0.199666
226463ms,226463,305.803,0.199813
226495ms,226495,305.774,0.199843
226527ms,226527,305.706,0.199756
226574ms,226574,305.751,0.199651
226607ms,226607,305.768,0.199810
226639ms,226639,305.835,0.199880
226671ms,226671,305.924,0.199925
226703ms,226703,305.617,0.200017
226734ms,226734,304.715,0.199411
226767ms,226767,303.748,0.198804
226799ms,226799,302.830,0.198245
226831ms,226831,301.799,0.197610
226863ms,226863,300.661,0.196936
226895ms,226895,299.775,0.196352
226927ms,226927,299.287,0.195878
226974ms,226974,299.031,0.196104
227006ms,227006,298.402,0.195575
227039ms,227039,298.389,0.195509
227070ms,227070,298.137,0.195430
227102ms,227102,298.133,0.195340
227135ms,227135,298.219,0.195054
227167ms,227167,298.181,0.195105
227199ms,227199,298.250,0.195182
227231ms,227231,298.364,0.195030
227263ms,227263,298.511,0.195080
227295ms,227295,298.739,0.195390
227327ms,227327,299.203,0.195504
227374ms,227374,299.583,0.195715
227407ms,227407,300.131,0.195956
227439ms,227439,300.666,0.196315
227470ms,227470,301.032,0.196575
227502ms,227502,301.589,0.196962
227535ms,227535,302.213,0.197273
227567ms,227567,302.799,0.197723
227599ms,227599,303.207,0.198117
227631ms,227631,303.898,0.198519
227663ms,227663,304.609,0.199139
227695ms,227695,305.215,0.199567
227727ms,227727,305.869,0.200015
227759ms,227759,305.865,0.200180
227838ms,227838,305.751,0.199755
227871ms,227871,305.691,0.199799
227902ms,227902,305.641,0.199725
227935ms,227935,305.686,0.199766
227967ms,227967,305.649,0.199788
227999ms,227999,305.647,0.199766
228031ms,228031,305.720,0.199829
228063ms,228063,305.677,0.199792
228095ms,228095,305.767,0.199798
228127ms,228127,305.839,0.199840
228159ms,228159,305.856,0.200067
228239ms,228239,304.247,0.199274
228271ms,228271,303.372,0.198616
228302ms,228302,302.380,0.198012
228334ms,228334,301.254,0.197449
228399ms,228399,299.525,0.196171
228431ms,228431,299.143,0.195850
228463ms,228463,298.689,0.195888
228495ms,228495,298.210,0.195714
228527ms,228527,298.114,0.195556
228559ms,228559,298.183,0.195267
228606ms,228606,298.206,0.195388
228638ms,228638,298.280,0.195446
228671ms,228671,298.236,0.194992
228702ms,228702,298.199,0.195068
228734ms,228734,298.459,0.194882
228767ms,228767,298.684,0.195134
228799ms,228799,298.920,0.195449
228831ms,228831,299.322,0.195572
228863ms,228863,299.792,0.195967
228895ms,228895,300.223,0.195957
228927ms,228927,300.723,0.196437
228959ms,228959,301.248,0.196719
229006ms,229006,301.735,0.197031
229038ms,229038,302.362,0.197351
229070ms,229070,302.922,0.197769
229102ms,229102,303.385,0.198105
229134ms,229134,304.089,0.198568
229167ms,229167,304.736,0.199086
229199ms,229199,305.323,0.199773
229231ms,229231,305.869,0.200167
229231ms,229231,305.869,0.200167
229263ms,229263,305.705,0.200079
229263ms,229263,305.705,0.200079
229295ms,229295,305.733,0.199829
229295ms,229295,305.733,0.199829
229327ms,229327,305.707,0.199860
229359ms,229359,305.685,0.199741
229406ms,229406,305.701,0.199808
229439ms,229439,305.706,0.199695
229470ms,229470,305.686,0.199826
229502ms,229502,305.752,0.199695
229535ms,229535,305.649,0.199748
229567ms,229567,305.719,0.199766
229599ms,229599,305.774,0.199797
229631ms,229631,305.899,0.199966
229663ms,229663,305.824,0.199984
229695ms,229695,305.015,0.199789
229727ms,229727,304.025,0.199144
229806ms,229806,302.150,0.197869
229838ms,229838,300.870,0.196901
229871ms,229871,300.101,0.196415
229902ms,229902,299.345,0.195817
229935ms,229935,299.063,0.195824
229967ms,229967,298.455,0.195758
229999ms,229999,298.242,0.195467
230031ms,230031,298.198,0.195421
230063ms,230063,298.205,0.195370
230095ms,230095,298.192,0.195018
230127ms,230127,298.239,0.195424
230159ms,230159,298.181,0.195136
230206ms,230206,298.205,0.195051
230238ms,230238,298.546,0.195171
230271ms,230271,298.709,0.195295
230302ms,230302,299.068,0.195355
230335ms,230335,299.498,0.195631
230367ms,230367,299.919,0.196020
230399ms,230399,300.389,0.196228
230431ms,230431,300.902,0.196660
230463ms,230463,301.332,0.196877
230495ms,230495,301.951,0.197189
230527ms,230527,302.471,0.197519
230559ms,230559,303.124,0.197961
230591ms,230591,303.651,0.198261
230639ms,230639,304.361,0.198944
230671ms,230671,304.931,0.199389
230702ms,230702,305.536,0.199642
230735ms,230735,306.025,0.200105
230767ms,230767,305.690,0.199922
230799ms,230799,305.740,0.199903
230831ms,230831,305.789,0.199730
230863ms,230863,305.693,0.199724
230895ms,230895,305.701,0.199696
230927ms,230927,305.723,0.199673
230959ms,230959,305.709,0.199801
230991ms,230991,305.699,0.199831
231039ms,231039,305.697,0.199725
231071ms,231071,305.750,0.199775
231102ms,231102,305.815,0.199867
231135ms,231135,305.906,0.199917
231167ms,231167,305.711,0.200045
231199ms,231199,304.684,0.199387
231231ms,231231,303.693,0.198796
231262ms,231262,302.831,0.198411
231295ms,231295,301.744,0.197562
231326ms,231326,300.684,0.196846
231391ms,231391,299.192,0.195895
231438ms,231438,298.939,0.195997
231470ms,231470,298.178,0.195391
231502ms,231502,298.242,0.195659
231534ms,231534,298.222,0.195396
231567ms,231567,298.150,0.195470
231599ms,231599,298.166,0.195109
231631ms,231631,298.205,0.195283
231663ms,231663,298.318,0.195253
231695ms,231695,298.412,0.195071
231727ms,231727,298.619,0.195005
231759ms,231759,298.852,0.195465
231791ms,231791,299.273,0.195649
231838ms,231838,299.605,0.195654
231902ms,231902,300.573,0.196304
231966ms,231966,301.458,0.196926
231999ms,231999,302.037,0.197221
232031ms,232031,302.717,0.197595
232063ms,232063,303.280,0.198044
232095ms,232095,303.860,0.198479
232127ms,232127,304.555,0.199022
232159ms,232159,305.210,0.199641
232191ms,232191,305.883,0.199999
232238ms,232238,305.848,0.200122
232270ms,232270,305.726,0.199740
232302ms,232302,305.643,0.199707
232334ms,232334,305.676,0.199756
232366ms,232366,305.725,0.199692
232398ms,232398,305.665,0.199744
232430ms,232430,305.674,0.199678
232462ms,232462,305.655,0.199783
232494ms,232494,305.688,0.199746
232527ms,232527,305.726,0.199758
232559ms,232559,305.782,0.199834
232591ms,232591,305.806,0.199876
232639ms,232639,305.853,0.200012
232670ms,232670,305.130,0.199918
232702ms,232702,304.249,0.199103
232734ms,232734,303.308,0.198654
232767ms,232767,302.328,0.197889
232798ms,232798,301.113,0.197324
232831ms,232831,300.265,0.196645
232863ms,232863,299.507,0.195900
232895ms,232895,299.155,0.195752
232927ms,232927,298.738,0.195899
232959ms,232959,298.286,0.195434
232991ms,232991,298.222,0.195369
233039ms,233039,298.220,0.195385
233070ms,233070,298.266,0.195235
233102ms,233102,298.244,0.195224
233134ms,233134,298.249,0.195149
233167ms,233167,298.305,0.195195
233199ms,233199,298.523,0.195077
233231ms,233231,298.640,0.195212
233263ms,233263,298.966,0.195615
233295ms,233295,299.337,0.195556
233327ms,233327,299.922,0.195970
233359ms,233359,300.286,0.196238
233391ms,233391,300.735,0.196549
233439ms,233439,301.228,0.196735
233471ms,233471,301.824,0.196963
233503ms,233503,302.398,0.197517
233535ms,233535,303.046,0.198079
233599ms,233599,304.255,0.198863
233631ms,233631,304.868,0.199380
233663ms,233663,305.616,0.199896
233695ms,233695,305.934,0.200112
233727ms,233727,305.673,0.199840
233759ms,233759,305.674,0.199819
233791ms,233791,305.696,0.199721
233838ms,233838,305.706,0.199732
233871ms,233871,305.704,0.199726
233903ms,233903,305.755,0.199842
233935ms,233935,305.714,0.199849
233966ms,233966,305.695,0.199696
233999ms,233999,305.698,0.199807
234031ms,234031,305.772,0.199757
234062ms,234062,305.750,0.199919
234095ms,234095,305.886,0.199867
234127ms,234127,305.704,0.199997
234159ms,234159,304.657,0.199418
234191ms,234191,303.770,0.198912
234238ms,234238,302.805,0.198570
234302ms,234302,300.669,0.196803
234334ms,234334,299.812,0.196417
234367ms,234367,299.172,0.195957
234399ms,234399,298.914,0.195941
234462ms,234462,298.208,0.195772
234495ms,234495,298.276,0.195469
234527ms,234527,298.239,0.195469
234559ms,234559,298.219,0.195156
234591ms,234591,298.249,0.195120
234638ms,234638,298.283,0.195223
234671ms,234671,298.376,0.194986
234702ms,234702,298.571,0.195266
234734ms,234734,298.797,0.195395
234767ms,234767,299.204,0.195395
234799ms,234799,299.543,0.195718
234831ms,234831,300.108,0.196063
234863ms,234863,300.607,0.196178
234895ms,234895,301.044,0.196468
234927ms,234927,301.518,0.196832
234959ms,234959,302.102,0.197061
234991ms,234991,302.725,0.197676
235038ms,235038,303.241,0.197862
235070ms,235070,303.917,0.198519
235102ms,235102,304.573,0.198982
235134ms,235134,305.134,0.199504
235167ms,235167,305.800,0.199971
235199ms,235199,305.818,0.200059
235231ms,235231,305.775,0.199957
235263ms,235263,305.743,0.199700
235295ms,235295,305.734,0.199793
235359ms,235359,305.741,0.199889
235391ms,235391,305.737,0.199774
235439ms,235439,305.703,0.199631
235471ms,235471,305.734,0.199719
235502ms,235502,305.672,0.199752
235534ms,235534,305.729,0.199836
235566ms,235566,305.790,0.199839
235599ms,235599,305.895,0.200081
235631ms,235631,305.369,0.199878
235663ms,235663,304.371,0.199334
235694ms,235694,303.450,0.198724
235727ms,235727,302.521,0.198360
235759ms,235759,301.429,0.197417
235791ms,235791,300.342,0.196714
235838ms,235838,299.568,0.196199
235870ms,235870,299.057,0.195907
235902ms,235902,298.771,0.195986
235934ms,235934,298.169,0.195427
235967ms,235967,298.221,0.195717
235998ms,235998,298.198,0.195506
236031ms,236031,298.220,0.195297
236063ms,236063,298.310,0.195140
236095ms,236095,298.272,0.195050
236127ms,236127,298.137,0.195199
236159ms,236159,298.426,0.195068
236191ms,236191,298.650,0.195100
236239ms,236239,298.897,0.195552
236271ms,236271,299.247,0.195485
236302ms,236302,299.698,0.195718
236334ms,236334,300.264,0.196072
236367ms,236367,300.697,0.196424
236399ms,236399,301.106,0.196506
236431ms,236431,301.651,0.196914
236463ms,236463,302.217,0.197264
236495ms,236495,302.775,0.197737
236527ms,236527,303.341,0.198098
236559ms,236559,303.996,0.198624
236591ms,236591,304.650,0.199160
236623ms,236623,305.221,0.199589
236670ms,236670,305.873,0.199954
236702ms,236702,305.729,0.200119
236734ms,236734,305.701,0.199750
236766ms,236766,305.702,0.199718
236799ms,236799,305.669,0.199640
236831ms,236831,305.735,0.199711
236863ms,236863,305.681,0.199654
236895ms,236895,305.725,0.199690
236927ms,236927,305.647,0.199675
236959ms,236959,305.706,0.199725
236991ms,236991,305.701,0.199579
237023ms,237023,305.692,0.199753
237070ms,237070,305.805,0.199784
237102ms,237102,305.850,0.200010
237134ms,237134,305.175,0.199938
237166ms,237166,304.122,0.199085
237199ms,237199,303.167,0.198492
237262ms,237262,301.087,0.197253
237295ms,237295,300.234,0.196506
237327ms,237327,299.342,0.196187
237359ms,237359,299.048,0.195908
237391ms,237391,298.556,0.195700
237423ms,237423,298.221,0.195447
237470ms,237470,298.118,0.195397
237502ms,237502,298.178,0.195245
237534ms,237534,298.212,0.195107
237566ms,237566,298.310,0.195183
237598ms,237598,298.202,0.195074
237631ms,237631,298.283,0.195130
237663ms,237663,298.574,0.195164
237695ms,237695,298.737,0.195118
237727ms,237727,299.035,0.195579
237759ms,237759,299.471,0.195775
237822ms,237822,300.266,0.196224
237871ms,237871,300.767,0.196573
237902ms,237902,301.345,0.196748
237934ms,237934,301.814,0.197052
237966ms,237966,302.416,0.197343
237999ms,237999,303.057,0.197861
238031ms,238031,303.645,0.198210
238062ms,238062,304.300,0.198747
238095ms,238095,304.906,0.199320
238127ms,238127,305.567,0.199738
238159ms,238159,305.929,0.200097
238191ms,238191,305.578,0.199874
238223ms,238223,305.740,0.199679
238270ms,238270,305.727,0.199624
238302ms,238302,305.677,0.199614
238334ms,238334,305.692,0.199703
238398ms,238398,305.698,0.199725
238431ms,238431,305.710,0.199609
238462ms,238462,305.742,0.199748
238526ms,238526,305.751,0.199778
238559ms,238559,305.866,0.199861
238591ms,238591,305.758,0.199972
238623ms,238623,304.798,0.199551
238670ms,238670,303.821,0.198989
238702ms,238702,302.848,0.198224
238734ms,238734,301.837,0.197642
238766ms,238766,300.772,0.196980
238799ms,238799,299.889,0.196240
238831ms,238831,299.243,0.195903
238863ms,238863,299.074,0.196182
238895ms,238895,298.380,0.195468
238926ms,238926,298.258,0.195467
238958ms,238958,298.199,0.195453
238991ms,238991,298.192,0.195418
239023ms,239023,298.208,0.195098
239071ms,239071,298.197,0.195336
239102ms,239102,298.281,0.195123
239134ms,239134,298.302,0.195268
239166ms,239166,298.608,0.195035
239199ms,239199,298.791,0.195097
239231ms,239231,299.179,0.195598
239263ms,239263,299.494,0.195644
239295ms,239295,300.024,0.195963
239327ms,239327,300.486,0.196247
239359ms,239359,300.968,0.196459
239391ms,239391,301.395,0.196853
239423ms,239423,301.985,0.197203
239470ms,239470,302.570,0.197557
239502ms,239502,303.188,0.197998
239534ms,239534,303.670,0.198350
239566ms,239566,304.401,0.199024
239598ms,239598,305.007,0.199500
239631ms,239631,305.806,0.199862
239662ms,239662,305.849,0.200132
239695ms,239695,305.676,0.199857
239727ms,239727,305.672,0.199771
239759ms,239759,305.683,0.199724
239790ms,239790,305.731,0.199777
239823ms,239823,305.729,0.199914
239870ms,239870,305.739,0.199704
239902ms,239902,305.730,0.199827
239934ms,239934,305.740,0.199792
239966ms,239966,305.657,0.199736
239998ms,239998,305.837,0.199957
240030ms,240030,305.827,0.199889
240063ms,240063,305.963,0.200063
240095ms,240095,305.420,0.200045
240127ms,240127,304.573,0.199418
240159ms,240159,303.430,0.198685
240191ms,240191,302.464,0.198004
240254ms,240254,300.420,0.196630
240302ms,240302,299.576,0.196068
240334ms,240334,299.115,0.195894
240366ms,240366,298.706,0.196079
240398ms,240398,298.210,0.195616
240431ms,240431,298.173,0.195557
240463ms,240463,298.250,0.195352
240495ms,240495,298.200,0.195522
240527ms,240527,298.210,0.195103
240559ms,240559,298.163,0.195241
240591ms,240591,298.134,0.195103
240623ms,240623,298.446,0.194959
240655ms,240655,298.640,0.195132
240702ms,240702,298.913,0.195311
240734ms,240734,299.318,0.195463
240766ms,240766,299.699,0.195885
240798ms,240798,300.218,0.196155
240830ms,240830,300.640,0.196458
240862ms,240862,301.148,0.196676
240894ms,240894,301.735,0.196929
240927ms,240927,302.283,0.197421
240990ms,240990,303.420,0.198137
241023ms,241023,304.045,0.198604
241055ms,241055,304.686,0.199161
241102ms,241102,305.297,0.199686
241134ms,241134,305.941,0.199948
241166ms,241166,305.696,0.200092
241198ms,241198,305.753,0.199886
241231ms,241231,305.690,0.199792
241263ms,241263,305.663,0.199782
241295ms,241295,305.724,0.199740
241327ms,241327,305.667,0.199674
241359ms,241359,305.681,0.199661
241391ms,241391,305.700,0.199795
241423ms,241423,305.719,0.199857
241455ms,241455,305.751,0.199779
241502ms,241502,305.765,0.199889
241534ms,241534,305.904,0.199886
241566ms,241566,305.830,0.200116
241598ms,241598,305.127,0.199857
241662ms,241662,303.264,0.198580
241695ms,241695,302.224,0.197894
241727ms,241727,301.081,0.197350
241759ms,241759,300.282,0.196533
241791ms,241791,299.460,0.196164
241823ms,241823,299.166,0.195835
241855ms,241855,298.644,0.195871
241902ms,241902,298.206,0.195679
241966ms,241966,298.214,0.195435
241998ms,241998,298.233,0.195211
242030ms,242030,298.258,0.195058
242062ms,242062,298.243,0.195341
242095ms,242095,298.333,0.195124
242127ms,242127,298.502,0.195166
242159ms,242159,298.728,0.195132
242191ms,242191,299.064,0.195464
242223ms,242223,299.408,0.195568
242271ms,242271,299.862,0.195901
242302ms,242302,300.187,0.196098
242334ms,242334,300.645,0.196277
242366ms,242366,301.206,0.196715
242398ms,242398,301.710,0.196981
242431ms,242431,302.373,0.197377
242462ms,242462,302.957,0.197820
242526ms,242526,304.129,0.198660
242559ms,242559,304.880,0.199127
242591ms,242591,305.427,0.199797
242623ms,242623,305.939,0.200104
242670ms,242670,305.615,0.200025
242702ms,242702,305.730,0.199735
242734ms,242734,305.657,0.199644
242766ms,242766,305.708,0.199689
242798ms,242798,305.653,0.199639
242831ms,242831,305.706,0.199692
242863ms,242863,305.641,0.199654
242895ms,242895,305.634,0.199622
242927ms,242927,305.604,0.199702
242959ms,242959,305.617,0.199689
242991ms,242991,305.683,0.199862
243023ms,243023,305.809,0.199895
243055ms,243055,305.817,0.200093
243102ms,243102,304.972,0.199758
243134ms,243134,303.987,0.199043
243166ms,243166,303.073,0.198397
243198ms,243198,302.193,0.197743
243231ms,243231,301.016,0.197198
243262ms,243262,300.098,0.196480
243295ms,243295,299.496,0.195954
243327ms,243327,299.007,0.196009
243358ms,243358,298.559,0.195601
243391ms,243391,298.192,0.195370
243423ms,243423,298.191,0.195411
243455ms,243455,298.144,0.195434
243502ms,243502,298.218,0.195273
243534ms,243534,298.232,0.195354
243566ms,243566,298.240,0.195059
243598ms,243598,298.306,0.194960
243631ms,243631,298.571,0.195035
243663ms,243663,298.701,0.195165
243695ms,243695,299.022,0.195444
243727ms,243727,299.407,0.195589
243790ms,243790,300.231,0.196167
243823ms,243823,300.692,0.196444
243854ms,243854,301.277,0.196572
243902ms,243902,301.842,0.197024
243934ms,243934,302.462,0.197535
243966ms,243966,302.954,0.197886
243998ms,243998,303.552,0.198158
244030ms,244030,304.152,0.198760
244063ms,244063,304.728,0.199165
244094ms,244094,305.374,0.199690
244127ms,244127,305.913,0.200095
244158ms,244158,305.697,0.200116
244222ms,244222,305.631,0.199761
244255ms,244255,305.679,0.199656
244302ms,244302,305.720,0.199795
244334ms,244334,305.661,0.199820
244366ms,244366,305.657,0.199846
244398ms,244398,305.700,0.199691
244430ms,244430,305.670,0.199753
244462ms,244462,305.740,0.199861
244495ms,244495,305.777,0.199837
244527ms,244527,305.819,0.199933
244559ms,244559,305.786,0.200040
244591ms,244591,305.038,0.199704
244623ms,244623,304.048,0.198932
244655ms,244655,303.262,0.198418
244702ms,244702,302.088,0.197826
244734ms,244734,300.995,0.197226
244766ms,244766,300.120,0.196683
244798ms,244798,299.435,0.196171
244830ms,244830,299.094,0.195840
244862ms,244862,298.567,0.195622
244895ms,244895,298.113,0.195595
244927ms,244927,298.293,0.195466
244959ms,244959,298.156,0.195202
245022ms,245022,298.200,0.195210
245054ms,245054,298.265,0.195233
245102ms,245102,298.278,0.195061
245134ms,245134,298.491,0.195172
245166ms,245166,298.714,0.195251
245198ms,245198,299.107,0.195605
245230ms,245230,299.511,0.195674
245262ms,245262,299.904,0.196007
245295ms,245295,300.378,0.196323
245326ms,245326,300.834,0.196569
245359ms,245359,301.301,0.196814
245391ms,245391,301.884,0.197092
245423ms,245423,302.425,0.197359
245454ms,245454,302.947,0.197828
245502ms,245502,303.561,0.198066
245534ms,245534,304.199,0.198625
245566ms,245566,304.755,0.199095
245598ms,245598,305.438,0.199680
245630ms,245630,305.918,0.199983
245662ms,245662,305.643,0.199944
245694ms,245694,305.631,0.199700
245726ms,245726,305.640,0.199690
245759ms,245759,305.702,0.199725
245790ms,245790,305.601,0.199671
245822ms,245822,305.656,0.199700
245854ms,245854,305.672,0.199864
245902ms,245902,305.687,0.199651
245934ms,245934,305.685,0.199682
245966ms,245966,305.737,0.199774
245998ms,245998,305.790,0.199934
246030ms,246030,305.923,0.199942
246062ms,246062,305.633,0.200013
246094ms,246094,304.724,0.199572
246126ms,246126,303.764,0.198767
246158ms,246158,302.876,0.198399
246190ms,246190,301.755,0.197603
246223ms,246223,300.705,0.197037
246255ms,246255,299.748,0.196498
246287ms,246287,299.314,0.195910
246334ms,246334,299.024,0.196013
246366ms,246366,298.243,0.195759
246398ms,246398,298.152,0.195568
246430ms,246430,298.242,0.195386
246462ms,246462,298.201,0.195457
246494ms,246494,298.299,0.195036
246526ms,246526,298.221,0.195302
246559ms,246559,298.239,0.195117
246591ms,246591,298.279,0.195188
246623ms,246623,298.547,0.195228
246655ms,246655,298.763,0.195100
246687ms,246687,299.201,0.195399
246734ms,246734,299.470,0.195832
246766ms,246766,299.975,0.196092
246798ms,246798,300.598,0.196249
246830ms,246830,300.986,0.196592
246862ms,246862,301.438,0.196892
246894ms,246894,302.102,0.197352
246958ms,246958,303.131,0.198000
246991ms,246991,303.858,0.198479
247023ms,247023,304.518,0.198970
247054ms,247054,305.105,0.199521
247087ms,247087,305.835,0.200016
247134ms,247134,305.874,0.200115
247166ms,247166,305.803,0.199822
247198ms,247198,305.683,0.199723
247230ms,247230,305.706,0.199802
247262ms,247262,305.694,0.199763
247295ms,247295,305.670,0.199764
247326ms,247326,305.690,0.199708
247358ms,247358,305.733,0.199789
247391ms,247391,305.714,0.199778
247423ms,247423,305.736,0.199831
247486ms,247486,305.811,0.199799
247534ms,247534,305.962,0.199853
247566ms,247566,305.521,0.200021
247598ms,247598,304.529,0.199335
247630ms,247630,303.619,0.198847
247662ms,247662,302.586,0.198225
247694ms,247694,301.532,0.197603
247726ms,247726,300.552,0.197162
247759ms,247759,299.758,0.196169
247791ms,247791,299.135,0.196068
247822ms,247822,298.868,0.195914
247854ms,247854,298.255,0.195367
247934ms,247934,298.154,0.195553
247966ms,247966,298.124,0.195427
247998ms,247998,298.181,0.194991
248030ms,248030,298.221,0.195061
248062ms,248062,298.153,0.194902
248094ms,248094,298.353,0.194987
248126ms,248126,298.594,0.194933
248159ms,248159,298.839,0.195488
248190ms,248190,299.246,0.195498
248398ms,248398,302.166,0.197203
248430ms,248430,302.792,0.197801
248462ms,248462,303.292,0.197943
248494ms,248494,303.843,0.198524
248526ms,248526,304.481,0.199125
248558ms,248558,305.132,0.199615
248591ms,248591,305.762,0.200025
248622ms,248622,305.791,0.200060
248655ms,248655,305.745,0.199728
248687ms,248687,305.663,0.199669
248734ms,248734,305.580,0.199748
248766ms,248766,305.654,0.199711
248798ms,248798,305.745,0.199703
248830ms,248830,305.731,0.199756
248862ms,248862,305.713,0.199648
248894ms,248894,305.719,0.199730
248958ms,248958,305.702,0.199800
248991ms,248991,305.733,0.199790
249022ms,249022,305.903,0.199964
249055ms,249055,305.326,0.199939
249087ms,249087,304.523,0.199433
249134ms,249134,303.542,0.198706
249166ms,249166,302.578,0.198104
249198ms,249198,301.561,0.197483
249230ms,249230,300.568,0.196962
249262ms,249262,299.583,0.196083
249295ms,249295,299.178,0.196130
249326ms,249326,298.881,0.195986
249358ms,249358,298.237,0.195340
249390ms,249390,298.201,0.195650
249422ms,249422,298.217,0.195524
249454ms,249454,298.237,0.195427
249487ms,249487,298.197,0.195105
249534ms,249534,298.188,0.195075
249566ms,249566,298.272,0.195208
249598ms,249598,298.426,0.194916
249630ms,249630,298.563,0.195039
249662ms,249662,298.769,0.195364
249694ms,249694,299.259,0.195400
249726ms,249726,299.568,0.195650
249759ms,249759,300.041,0.196083
249790ms,249790,300.515,0.196369
249823ms,249823,301.029,0.196640
249855ms,249855,301.585,0.196918
249887ms,249887,302.071,0.197199
249934ms,249934,302.751,0.197666
249966ms,249966,303.219,0.197963
249998ms,249998,303.849,0.198394
250030ms,250030,304.597,0.199007
250062ms,250062,305.123,0.199617
250094ms,250094,305.869,0.199986
250126ms,250126,305.821,0.200109
250158ms,250158,305.725,0.199799
250190ms,250190,305.763,0.199757
250223ms,250223,305.757,0.199674
250255ms,250255,305.754,0.199682
250287ms,250287,305.747,0.199653
250366ms,250366,305.688,0.199762
250398ms,250398,305.738,0.199743
250430ms,250430,305.745,0.199654
250462ms,250462,305.718,0.199924
250494ms,250494,305.878,0.199901
250526ms,250526,305.889,0.200044
250558ms,250558,305.227,0.199913
250591ms,250591,304.241,0.199095
250622ms,250622,303.270,0.198521
250655ms,250655,302.312,0.197822
250687ms,250687,301.210,0.197462
250719ms,250719,300.420,0.196734
250766ms,250766,299.515,0.196344
250798ms,250798,299.088,0.195757
250830ms,250830,298.770,0.195789
250862ms,250862,298.260,0.195703
250894ms,250894,298.152,0.195407
250926ms,250926,298.176,0.195184
250958ms,250958,298.192,0.195225
250990ms,250990,298.216,0.195241
251022ms,251022,298.284,0.195107
251086ms,251086,298.527,0.195085
251119ms,251119,298.561,0.195121
251166ms,251166,299.034,0.195386
251198ms,251198,299.284,0.195415
251230ms,251230,299.723,0.195866
251262ms,251262,300.218,0.196034
251294ms,251294,300.714,0.196382
251326ms,251326,301.279,0.196835
251358ms,251358,301.739,0.196947
251391ms,251391,302.397,0.197298
251423ms,251423,302.836,0.197832
251454ms,251454,303.415,0.197973
251519ms,251519,304.729,0.199051
251598ms,251598,305.918,0.200111
251630ms,251630,305.706,0.200043
251662ms,251662,305.709,0.199876
251694ms,251694,305.690,0.199719
251726ms,251726,305.752,0.199707
251759ms,251759,305.693,0.199704
251791ms,251791,305.676,0.199770
251822ms,251822,305.731,0.199585
251855ms,251855,305.733,0.199575
251887ms,251887,305.703,0.199768
251934ms,251934,305.642,0.199683
251966ms,251966,305.739,0.199922
251998ms,251998,305.826,0.199854
252030ms,252030,305.911,0.200081
252062ms,252062,305.212,0.199780
252094ms,252094,304.330,0.199045
252126ms,252126,303.356,0.198710
252159ms,252159,302.375,0.198127
252190ms,252190,301.249,0.197404
252222ms,252222,300.311,0.196552
252254ms,252254,299.541,0.196112
252287ms,252287,299.042,0.195802
252334ms,252334,298.779,0.195756
252366ms,252366,298.266,0.195586
252398ms,252398,298.194,0.195601
252430ms,252430,298.245,0.195405
252462ms,252462,298.240,0.195313
252494ms,252494,298.314,0.195314
252526ms,252526,298.217,0.195124
252558ms,252558,298.237,0.195157
252591ms,252591,298.496,0.195202
252622ms,252622,298.665,0.195149
252655ms,252655,298.909,0.195408
252687ms,252687,299.289,0.195558
252718ms,252718,299.837,0.196007
252766ms,252766,300.223,0.196023
252798ms,252798,300.668,0.196284
252830ms,252830,301.247,0.196659
252862ms,252862,301.667,0.196955
252894ms,252894,302.390,0.197366
252926ms,252926,302.884,0.197930
252959ms,252959,303.367,0.198009
252990ms,252990,304.064,0.198548
253022ms,253022,304.701,0.199094
253055ms,253055,305.346,0.199686
253086ms,253086,305.948,0.200132
253119ms,253119,305.720,0.200014
253166ms,253166,305.794,0.199978
253230ms,253230,305.711,0.199863
253262ms,253262,305.655,0.199678
253294ms,253294,305.648,0.199856
253326ms,253326,305.684,0.199793
253358ms,253358,305.746,0.199864
253390ms,253390,305.654,0.199854
253422ms,253422,305.725,0.199825
253454ms,253454,305.816,0.199941
253487ms,253487,305.859,0.199853
253519ms,253519,305.801,0.199990
253566ms,253566,305.049,0.199721
253598ms,253598,304.062,0.198789
253630ms,253630,303.278,0.198530
253662ms,253662,302.182,0.197710
253694ms,253694,301.110,0.197139
253758ms,253758,299.525,0.196024
253790ms,253790,299.192,0.195829
253822ms,253822,298.690,0.195801
253855ms,253855,298.200,0.195532
253886ms,253886,298.097,0.195662
253919ms,253919,298.150,0.195383
253966ms,253966,298.144,0.194942
253998ms,253998,298.199,0.195224
254031ms,254031,298.389,0.195260
254062ms,254062,298.357,0.194974
254094ms,254094,298.513,0.195092
254126ms,254126,298.659,0.195122
254190ms,254190,299.372,0.195588
254223ms,254223,299.855,0.196018
254254ms,254254,300.187,0.196204
254286ms,254286,300.779,0.196657
254318ms,254318,301.265,0.196735
254366ms,254366,301.843,0.197023
254398ms,254398,302.341,0.197391
254430ms,254430,302.897,0.197714
254462ms,254462,303.523,0.198037
254494ms,254494,304.145,0.198771
254526ms,254526,304.722,0.199205
254558ms,254558,305.448,0.199722
254590ms,254590,305.932,0.200099
254622ms,254622,305.580,0.200060
254654ms,254654,305.604,0.199812
254686ms,254686,305.659,0.199708
254719ms,254719,305.592,0.199728
254766ms,254766,305.588,0.199696
254798ms,254798,305.581,0.199737
254830ms,254830,305.581,0.199832
254862ms,254862,305.601,0.199785
254894ms,254894,305.602,0.199719
254926ms,254926,305.650,0.199671
254958ms,254958,305.698,0.199900
254991ms,254991,305.878,0.199907
255022ms,255022,305.740,0.199878
255054ms,255054,304.778,0.199538
255086ms,255086,303.733,0.199035
255118ms,255118,302.906,0.198460
255150ms,255150,301.856,0.197608
255230ms,255230,299.961,0.196418
255262ms,255262,299.326,0.196048
255294ms,255294,299.152,0.196000
255326ms,255326,298.337,0.195566
255358ms,255358,298.230,0.195581
255390ms,255390,298.217,0.195369
255422ms,255422,298.145,0.195269
255454ms,255454,298.152,0.195047
255486ms,255486,298.162,0.195351
255518ms,255518,298.202,0.195427
255566ms,255566,298.387,0.195135
255598ms,255598,298.554,0.195175
255630ms,255630,298.788,0.195215
255662ms,255662,299.148,0.195423
255694ms,255694,299.482,0.195610
255726ms,255726,299.869,0.195952
255758ms,255758,300.439,0.196161
255790ms,255790,300.891,0.196407
255822ms,255822,301.380,0.196770
255854ms,255854,301.969,0.197157
255887ms,255887,302.542,0.197377
255918ms,255918,303.104,0.197871
255966ms,255966,303.631,0.198308
255998ms,255998,304.382,0.198946
256030ms,256030,304.907,0.199537
256062ms,256062,305.670,0.199790
256094ms,256094,305.986,0.200127
256126ms,256126,305.618,0.199914
256158ms,256158,305.714,0.199710
256190ms,256190,305.755,0.199671
256222ms,256222,305.659,0.199689
256254ms,256254,305.673,0.199804
256286ms,256286,305.675,0.199755
256318ms,256318,305.752,0.199823
256350ms,256350,305.647,0.199790
256398ms,256398,305.651,0.199626
256430ms,256430,305.732,0.199772
256462ms,256462,305.754,0.199885
256494ms,256494,305.858,0.199994
256526ms,256526,305.776,0.199960
256558ms,256558,304.738,0.199514
256590ms,256590,303.688,0.198971
256622ms,256622,302.779,0.198320
256654ms,256654,301.704,0.197666
256686ms,256686,300.686,0.196902
256718ms,256718,299.837,0.196219
256751ms,256751,299.293,0.195955
256798ms,256798,298.970,0.195936
256830ms,256830,298.417,0.195680
256894ms,256894,298.230,0.195363
256926ms,256926,298.215,0.195438
256958ms,256958,298.165,0.195043
256990ms,256990,298.182,0.195238
257022ms,257022,298.221,0.195341
257055ms,257055,298.336,0.195295
257086ms,257086,298.552,0.195209
257119ms,257119,298.724,0.195169
257151ms,257151,299.199,0.195472
257198ms,257198,299.485,0.195457
257230ms,257230,299.975,0.195987
257262ms,257262,300.448,0.196224
257294ms,257294,300.919,0.196283
257326ms,257326,301.328,0.196726
257358ms,257358,301.897,0.197178
257390ms,257390,302.439,0.197458
257454ms,257454,303.729,0.198242
257487ms,257487,304.369,0.198922
257519ms,257519,305.010,0.199364
257551ms,257551,305.671,0.199696
257598ms,257598,305.999,0.200056
257630ms,257630,305.691,0.199838
257662ms,257662,305.667,0.199802
257694ms,257694,305.723,0.199711
257726ms,257726,305.778,0.199795
257758ms,257758,305.798,0.199731
257790ms,257790,305.745,0.199790
257822ms,257822,305.729,0.199802
257854ms,257854,305.680,0.199714
257886ms,257886,305.775,0.199681
257918ms,257918,305.771,0.199873
257950ms,257950,305.807,0.199804
257998ms,257998,305.915,0.199882
258030ms,258030,305.654,0.199965
258062ms,258062,304.763,0.199459
258158ms,258158,301.868,0.197655
258191ms,258191,300.764,0.197198
258222ms,258222,299.892,0.196450
258254ms,258254,299.200,0.195899
258286ms,258286,299.032,0.195957
258318ms,258318,298.423,0.195539
258350ms,258350,298.263,0.195534
258398ms,258398,298.269,0.195318
258430ms,258430,298.161,0.195261
258462ms,258462,298.277,0.195243
258494ms,258494,298.258,0.195233
258526ms,258526,298.269,0.195186
258558ms,258558,298.338,0.195138
258590ms,258590,298.602,0.195065
258622ms,258622,298.854,0.195200
258654ms,258654,299.168,0.195416
258686ms,258686,299.467,0.195642
258719ms,258719,299.975,0.196100
258751ms,258751,300.493,0.196336
258798ms,258798,300.969,0.196452
258830ms,258830,301.485,0.196796
258862ms,258862,302.101,0.197144
258894ms,258894,302.641,0.197553
258926ms,258926,303.098,0.197978
258958ms,258958,303.780,0.198575
258990ms,258990,304.494,0.199010
259022ms,259022,304.993,0.199521
259054ms,259054,305.727,0.199856
259086ms,259086,305.882,0.200162
259119ms,259119,305.748,0.199897
259151ms,259151,305.651,0.199768
259198ms,259198,305.726,0.199826
259230ms,259230,305.726,0.199793
259262ms,259262,305.701,0.199772
259326ms,259326,305.701,0.199759
259358ms,259358,305.707,0.199720
259390ms,259390,305.687,0.199781
259422ms,259422,305.788,0.199907
259454ms,259454,305.843,0.199962
259486ms,259486,305.935,0.200067
259518ms,259518,305.593,0.200168
259551ms,259551,304.503,0.199344
259598ms,259598,303.653,0.198737
259630ms,259630,302.786,0.198350
259662ms,259662,301.749,0.197603
259694ms,259694,300.731,0.196843
259726ms,259726,299.820,0.196178
259758ms,259758,299.224,0.195967
259790ms,259790,299.016,0.196038
259822ms,259822,298.335,0.195634
259854ms,259854,298.195,0.195526
259886ms,259886,298.202,0.195413
259918ms,259918,298.171,0.195374
259950ms,259950,298.262,0.195009
259998ms,259998,298.242,0.195238
260030ms,260030,298.227,0.195056
260062ms,260062,298.333,0.195054
260126ms,260126,298.855,0.195319
260158ms,260158,299.199,0.195579
260190ms,260190,299.509,0.195578
260222ms,260222,299.982,0.196042
260254ms,260254,300.498,0.196467
260286ms,260286,300.923,0.196454
260318ms,260318,301.465,0.196812
260350ms,260350,302.025,0.197283
260398ms,260398,302.595,0.197499
260430ms,260430,303.093,0.198037
260462ms,260462,303.753,0.198449
260494ms,260494,304.389,0.198824
260526ms,260526,304.934,0.199289
260558ms,260558,305.577,0.199719
260590ms,260590,305.954,0.200092
260622ms,260622,305.668,0.199768
260654ms,260654,305.734,0.199708
260686ms,260686,305.686,0.199734
260718ms,260718,305.735,0.199667
260750ms,260750,305.676,0.199704
260798ms,260798,305.686,0.199690
260830ms,260830,305.711,0.199663
260862ms,260862,305.699,0.199750
260894ms,260894,305.714,0.199718
260926ms,260926,305.776,0.199928
260958ms,260958,305.826,0.199786
260990ms,260990,305.973,0.199876
261022ms,261022,305.562,0.200020
261054ms,261054,304.550,0.199429
261086ms,261086,303.645,0.198662
261118ms,261118,302.738,0.198293
261150ms,261150,301.639,0.197500
261182ms,261182,300.470,0.196804
261230ms,261230,299.748,0.196289
261262ms,261262,299.132,0.195937
261294ms,261294,298.929,0.195927
261326ms,261326,298.207,0.195498
261358ms,261358,298.234,0.195523
261390ms,261390,298.236,0.195514
261422ms,261422,298.178,0.195433
261454ms,261454,298.207,0.195075
261486ms,261486,298.138,0.195214
261518ms,261518,298.189,0.194954
261551ms,261551,298.450,0.194906
261582ms,261582,298.567,0.194981
261630ms,261630,298.840,0.195516
261662ms,261662,299.298,0.195336
261694ms,261694,299.619,0.195908
261726ms,261726,300.125,0.195913
261758ms,261758,300.609,0.196347
261790ms,261790,301.039,0.196687
261854ms,261854,302.113,0.197261
261886ms,261886,302.785,0.197732
261918ms,261918,303.292,0.197993
261951ms,261951,303.980,0.198580
261983ms,261983,304.688,0.198907
262030ms,262030,305.262,0.199505
262062ms,262062,305.881,0.200061
262094ms,262094,305.832,0.200016
262126ms,262126,305.706,0.199832
262158ms,262158,305.643,0.199766
262190ms,262190,305.676,0.199789
262222ms,262222,305.701,0.199734
262255ms,262255,305.711,0.199856
262286ms,262286,305.652,0.199868
262319ms,262319,305.659,0.199833
262350ms,262350,305.670,0.199877
262383ms,262383,305.654,0.199763
262462ms,262462,305.781,0.199948
262494ms,262494,305.919,0.199920
262526ms,262526,305.239,0.199933
262558ms,262558,304.281,0.199086
262590ms,262590,303.298,0.198499
262622ms,262622,302.344,0.198071
262654ms,262654,301.301,0.197454
262686ms,262686,300.388,0.196578
262718ms,262718,299.524,0.196191
262750ms,262750,299.005,0.195749
262782ms,262782,298.706,0.195820
262830ms,262830,298.287,0.195577
262862ms,262862,298.169,0.195713
262894ms,262894,298.182,0.195404
262926ms,262926,298.223,0.195206
262958ms,262958,298.242,0.195275
262990ms,262990,298.236,0.195111
263022ms,263022,298.277,0.195078
263054ms,263054,298.539,0.195203
263086ms,263086,298.652,0.195152
263118ms,263118,298.980,0.195346
263182ms,263182,299.768,0.195838
263230ms,263230,300.220,0.195895
263262ms,263262,300.690,0.196348
263294ms,263294,301.235,0.196656
263326ms,263326,301.679,0.197013
263358ms,263358,302.219,0.197325
263422ms,263422,303.365,0.198123
263454ms,263454,304.010,0.198665
263486ms,263486,304.692,0.199042
263519ms,263519,305.167,0.199553
263550ms,263550,305.881,0.200123
263630ms,263630,305.737,0.199826
263662ms,263662,305.644,0.199842
263694ms,263694,305.700,0.199763
263726ms,263726,305.710,0.199756
263758ms,263758,305.713,0.199799
263790ms,263790,305.739,0.199784
263822ms,263822,305.705,0.199745
263854ms,263854,305.687,0.199713
263886ms,263886,305.717,0.199916
263919ms,263919,305.847,0.199947
263950ms,263950,305.856,0.199828
263982ms,263982,305.876,0.200098
264030ms,264030,305.077,0.199909
264062ms,264062,304.091,0.199028
264094ms,264094,303.219,0.198639
264126ms,264126,302.173,0.198132
264158ms,264158,301.094,0.197083
264190ms,264190,300.166,0.196653
264222ms,264222,299.460,0.196123
264254ms,264254,299.096,0.195760
264286ms,264286,298.598,0.195581
264318ms,264318,298.269,0.195567
264350ms,264350,298.231,0.195344
264382ms,264382,298.210,0.195262
264430ms,264430,298.209,0.195152
264462ms,264462,298.123,0.195388
264494ms,264494,298.249,0.195094
264526ms,264526,298.249,0.195115
264558ms,264558,298.557,0.195273
264590ms,264590,298.682,0.195071
264622ms,264622,299.114,0.195446
264654ms,264654,299.460,0.195700
264686ms,264686,299.857,0.195779
264718ms,264718,300.388,0.196262
264751ms,264751,300.918,0.196553
264782ms,264782,301.363,0.196832
264830ms,264830,301.909,0.197143
264862ms,264862,302.455,0.197499
264894ms,264894,303.125,0.197999
264926ms,264926,303.681,0.198139
264958ms,264958,304.348,0.198856
264990ms,264990,304.959,0.199242
265022ms,265022,305.603,0.199800
265054ms,265054,305.965,0.200118
265086ms,265086,305.616,0.199976
265118ms,265118,305.651,0.199826
265150ms,265150,305.663,0.199726
265182ms,265182,305.665,0.199808
265262ms,265262,305.722,0.199743
265294ms,265294,305.640,0.199785
265326ms,265326,305.696,0.199765
265358ms,265358,305.689,0.199816
265390ms,265390,305.712,0.199816
265422ms,265422,305.763,0.199827
265454ms,265454,305.849,0.199988
265486ms,265486,305.660,0.199870
265518ms,265518,304.718,0.199443
265550ms,265550,303.715,0.198873
265582ms,265582,302.786,0.198341
265614ms,265614,301.806,0.197692
265662ms,265662,300.677,0.196846
265694ms,265694,299.796,0.196325
265726ms,265726,299.283,0.196052
265758ms,265758,299.037,0.196317
265790ms,265790,298.379,0.195726
265822ms,265822,298.165,0.195339
265854ms,265854,298.218,0.195565
265886ms,265886,298.162,0.195548
265918ms,265918,298.160,0.195054
265982ms,265982,298.300,0.195235
266015ms,266015,298.338,0.195142
266062ms,266062,298.560,0.195164
266094ms,266094,298.765,0.195299
266126ms,266126,299.139,0.195466
266158ms,266158,299.555,0.195561
266190ms,266190,300.083,0.196066
266222ms,266222,300.613,0.196433
266254ms,266254,301.015,0.196536
266286ms,266286,301.648,0.196862
266318ms,266318,302.102,0.197315
266350ms,266350,302.781,0.197755
266414ms,266414,303.945,0.198800
266494ms,266494,305.252,0.199576
266526ms,266526,305.866,0.199866
266558ms,266558,305.788,0.200150
266590ms,266590,305.735,0.199778
266622ms,266622,305.703,0.199577
266654ms,266654,305.634,0.199625
266686ms,266686,305.692,0.199736
266718ms,266718,305.727,0.199672
266750ms,266750,305.735,0.199734
266782ms,266782,305.704,0.199653
266830ms,266830,305.692,0.199690
266862ms,266862,305.750,0.199743
266894ms,266894,305.756,0.199851
266926ms,266926,305.802,0.199784
266958ms,266958,305.853,0.200023
266990ms,266990,305.231,0.199942
267022ms,267022,304.224,0.199205
267054ms,267054,303.400,0.198492
267086ms,267086,302.349,0.197916
267118ms,267118,301.161,0.197205
267150ms,267150,300.273,0.196621
267182ms,267182,299.418,0.196084
267230ms,267230,299.102,0.195797
267262ms,267262,298.592,0.195940
267294ms,267294,298.152,0.195527
267326ms,267326,298.106,0.195669
267358ms,267358,298.241,0.195368
267390ms,267390,298.300,0.195147
267486ms,267486,298.267,0.195061
267518ms,267518,298.571,0.195199
267550ms,267550,298.658,0.195253
267582ms,267582,298.910,0.195290
267614ms,267614,299.348,0.195390
267662ms,267662,299.915,0.195974
267694ms,267694,300.212,0.196156
267726ms,267726,300.845,0.196641
267758ms,267758,301.311,0.196627
267790ms,267790,301.904,0.197173
267822ms,267822,302.432,0.197494
267854ms,267854,303.059,0.197910
267886ms,267886,303.600,0.198177
267919ms,267919,304.317,0.198745
267950ms,267950,304.873,0.199307
267982ms,267982,305.519,0.199677
268014ms,268014,305.962,0.199989
268062ms,268062,305.670,0.199960
268094ms,268094,305.720,0.199740
268126ms,268126,305.668,0.199690
268158ms,268158,305.668,0.199693
268190ms,268190,305.719,0.199725
268222ms,268222,305.623,0.199727
268254ms,268254,305.677,0.199714
268286ms,268286,305.646,0.199709
268318ms,268318,305.601,0.199650
268350ms,268350,305.666,0.199760
268382ms,268382,305.713,0.199871
268414ms,268414,305.818,0.199879
268494ms,268494,304.693,0.199374
268526ms,268526,303.645,0.198902
268558ms,268558,302.764,0.198179
268622ms,268622,300.518,0.196855
268654ms,268654,299.765,0.196270
268686ms,268686,299.161,0.195877
268718ms,268718,298.950,0.195961
268750ms,268750,298.238,0.195486
268782ms,268782,298.248,0.195475
268814ms,268814,298.190,0.195486
268862ms,268862,298.193,0.195513
268894ms,268894,298.217,0.195221
268926ms,268926,298.293,0.195267
268958ms,268958,298.244,0.195293
268990ms,268990,298.375,0.194954
269022ms,269022,298.512,0.195007
269054ms,269054,298.865,0.195575
269086ms,269086,299.257,0.195562
269118ms,269118,299.602,0.195690
269182ms,269182,300.614,0.196285
269214ms,269214,301.087,0.196535
269262ms,269262,301.618,0.196839
269294ms,269294,302.071,0.197096
269326ms,269326,302.744,0.197718
269358ms,269358,303.355,0.197927
269390ms,269390,303.946,0.198470
269422ms,269422,304.549,0.199108
269454ms,269454,305.121,0.199440
269486ms,269486,305.909,0.199985
269518ms,269518,305.904,0.200115
269550ms,269550,305.758,0.199820
269582ms,269582,305.683,0.199747
269614ms,269614,305.732,0.199756
269662ms,269662,305.745,0.199799
269694ms,269694,305.820,0.199860
269726ms,269726,305.794,0.199740
269758ms,269758,305.640,0.199704
269790ms,269790,305.715,0.199775
269822ms,269822,305.761,0.199803
269854ms,269854,305.817,0.199921
269918ms,269918,305.919,0.200093
269950ms,269950,305.217,0.199891
269982ms,269982,304.268,0.199100
270014ms,270014,303.399,0.198567
270062ms,270062,302.400,0.197923
270094ms,270094,301.220,0.197521
270126ms,270126,300.362,0.196594
270158ms,270158,299.482,0.196187
270190ms,270190,299.117,0.195872
270222ms,270222,298.673,0.195847
270254ms,270254,298.250,0.195607
270286ms,270286,298.127,0.195530
270318ms,270318,298.201,0.195356
270350ms,270350,298.171,0.195132
270382ms,270382,298.304,0.195072
270414ms,270414,298.265,0.194966
270462ms,270462,298.271,0.195111
270494ms,270494,298.432,0.195060
270526ms,270526,298.648,0.195189
270558ms,270558,298.963,0.195543
270590ms,270590,299.311,0.195462
270622ms,270622,299.867,0.195701
270654ms,270654,300.190,0.195897
270686ms,270686,300.680,0.196349
270718ms,270718,301.154,0.196648
270750ms,270750,301.707,0.197069
270782ms,270782,302.347,0.197359
270814ms,270814,302.897,0.197851
270862ms,270862,303.492,0.198093
270894ms,270894,304.108,0.198610
270926ms,270926,304.781,0.199255
270958ms,270958,305.430,0.199660
271022ms,271022,305.740,0.200072
271054ms,271054,305.823,0.199905
271086ms,271086,305.763,0.199886
271118ms,271118,305.728,0.199788
271150ms,271150,305.719,0.199770
271182ms,271182,305.729,0.199790
271214ms,271214,305.733,0.199833
271262ms,271262,305.734,0.199721
271294ms,271294,305.709,0.199690
271326ms,271326,305.779,0.199818
271358ms,271358,305.851,0.199833
271390ms,271390,305.900,0.199860
271422ms,271422,305.840,0.200075
271454ms,271454,305.058,0.199656
271486ms,271486,303.979,0.199144
271518ms,271518,303.100,0.198379
271550ms,271550,302.070,0.197775
271582ms,271582,300.763,0.197095
271614ms,271614,300.015,0.196274
271662ms,271662,299.337,0.195904
271694ms,271694,298.960,0.196019
271726ms,271726,298.440,0.195801
271758ms,271758,298.227,0.195476
271790ms,271790,298.226,0.195508
271822ms,271822,298.147,0.195447
271854ms,271854,298.277,0.195256
271886ms,271886,298.201,0.195386
271918ms,271918,298.230,0.195307
271950ms,271950,298.295,0.195132
271982ms,271982,298.518,0.195265
272014ms,272014,298.763,0.195362
272062ms,272062,299.109,0.195321
272094ms,272094,299.563,0.195569
272126ms,272126,299.984,0.196119
272158ms,272158,300.362,0.196087
272190ms,272190,300.902,0.196389
272222ms,272222,301.331,0.196709
272254ms,272254,301.939,0.197096
272286ms,272286,302.509,0.197315
272318ms,272318,303.093,0.197955
272350ms,272350,303.716,0.198257
272382ms,272382,304.315,0.198734
272414ms,272414,304.982,0.199336
272446ms,272446,305.572,0.199688
272526ms,272526,305.661,0.199823
272558ms,272558,305.696,0.199708
272590ms,272590,305.764,0.199807
272622ms,272622,305.767,0.199783
272654ms,272654,305.831,0.199808
272686ms,272686,305.811,0.199794
272718ms,272718,305.756,0.199742
272750ms,272750,305.842,0.199810
272782ms,272782,305.786,0.199739
272814ms,272814,305.844,0.199784
272846ms,272846,305.822,0.199765
272894ms,272894,305.917,0.200032
272926ms,272926,305.766,0.200010
272958ms,272958,304.729,0.199566
272990ms,272990,303.779,0.199055
273022ms,273022,302.919,0.198285
273054ms,273054,301.834,0.197658
273086ms,273086,300.707,0.197124
273118ms,273118,299.826,0.196540
273150ms,273150,299.291,0.195996
273214ms,273214,298.345,0.195594
273294ms,273294,298.175,0.195624
273326ms,273326,298.240,0.195506
273358ms,273358,298.173,0.195113
273390ms,273390,298.181,0.195084
273422ms,273422,298.221,0.195115
273454ms,273454,298.309,0.194892
273486ms,273486,298.527,0.195231
273518ms,273518,298.804,0.195432
273550ms,273550,299.219,0.195572
273582ms,273582,299.627,0.195695
273615ms,273615,300.175,0.195936
273646ms,273646,300.607,0.196328
273694ms,273694,301.011,0.196671
273726ms,273726,301.600,0.196893
273758ms,273758,302.126,0.197246
273790ms,273790,302.759,0.197624
273822ms,273822,303.274,0.198144
273854ms,273854,303.952,0.198724
273886ms,273886,304.571,0.199087
273918ms,273918,305.267,0.199490
273950ms,273950,305.976,0.200104
273982ms,273982,305.804,0.200034
274014ms,274014,305.789,0.199790
274046ms,274046,305.796,0.199793
274094ms,274094,305.820,0.199886
274126ms,274126,305.772,0.199718
274158ms,274158,305.761,0.199742
274190ms,274190,305.795,0.199777
274222ms,274222,305.781,0.199767
274254ms,274254,305.798,0.199810
274350ms,274350,305.964,0.199874
274382ms,274382,305.938,0.200115
274414ms,274414,305.107,0.199881
274446ms,274446,304.095,0.199083
274494ms,274494,303.370,0.198406
274526ms,274526,302.198,0.197948
274558ms,274558,300.953,0.197402
274590ms,274590,300.206,0.196682
274622ms,274622,299.434,0.196158
274654ms,274654,299.120,0.195887
274686ms,274686,298.621,0.195719
274718ms,274718,298.309,0.195609
274750ms,274750,298.321,0.195279
274782ms,274782,298.202,0.195388
274814ms,274814,298.212,0.195195
274846ms,274846,298.303,0.194995
274894ms,274894,298.305,0.195166
274926ms,274926,298.330,0.195056
274958ms,274958,298.490,0.195175
274990ms,274990,298.649,0.195190
275022ms,275022,299.015,0.195602
275054ms,275054,299.502,0.195747
275086ms,275086,299.956,0.196027
275150ms,275150,300.888,0.196566
275182ms,275182,301.359,0.196828
275214ms,275214,301.860,0.197077
275246ms,275246,302.381,0.197445
275294ms,275294,302.991,0.197792
275326ms,275326,303.574,0.198167
275358ms,275358,304.250,0.198699
275390ms,275390,304.916,0.199348
275422ms,275422,305.537,0.199694
275454ms,275454,305.889,0.200171
275486ms,275486,305.700,0.199958
275518ms,275518,305.791,0.199831
275550ms,275550,305.823,0.199763
275582ms,275582,305.778,0.199739
275614ms,275614,305.832,0.199729
275646ms,275646,305.818,0.199775
275694ms,275694,305.817,0.199734
275726ms,275726,305.741,0.199715
275758ms,275758,305.813,0.199829
275790ms,275790,305.825,0.199866
275822ms,275822,305.851,0.199953
275854ms,275854,305.978,0.199864
275886ms,275886,305.805,0.200042
275918ms,275918,304.892,0.199649
275950ms,275950,303.896,0.199074
275982ms,275982,302.951,0.198380
276014ms,276014,301.892,0.197723
276046ms,276046,300.744,0.197009
276094ms,276094,299.973,0.196345
276126ms,276126,299.339,0.195879
276158ms,276158,299.190,0.196111
276190ms,276190,298.341,0.195460
276222ms,276222,298.281,0.195455
276254ms,276254,298.245,0.195517
276286ms,276286,298.199,0.195421
276318ms,276318,298.192,0.195002
276350ms,276350,298.216,0.195289
276382ms,276382,298.196,0.195150
276414ms,276414,298.285,0.195195
276446ms,276446,298.437,0.195150
276478ms,276478,298.789,0.195118
276558ms,276558,299.587,0.195514
276590ms,276590,299.909,0.195945
276622ms,276622,300.480,0.196168
276654ms,276654,300.951,0.196417
276686ms,276686,301.491,0.196763
276718ms,276718,302.091,0.197368
276750ms,276750,302.598,0.197517
276782ms,276782,303.191,0.198114
276814ms,276814,303.810,0.198609
276846ms,276846,304.507,0.199068
276878ms,276878,305.081,0.199436
276926ms,276926,305.780,0.199802
276958ms,276958,305.933,0.200175
276990ms,276990,305.789,0.199864
277022ms,277022,305.740,0.199766
277054ms,277054,305.753,0.199841
277118ms,277118,305.794,0.199873
277150ms,277150,305.772,0.199804
277182ms,277182,305.770,0.199744
277246ms,277246,305.743,0.199735
277278ms,277278,305.841,0.199699
277326ms,277326,305.860,0.199883
277390ms,277390,305.600,0.199987
277422ms,277422,304.551,0.199410
277454ms,277454,303.531,0.198731
277486ms,277486,302.533,0.198301
277518ms,277518,301.486,0.197279
277550ms,277550,300.453,0.197009
277582ms,277582,299.677,0.196048
277614ms,277614,298.999,0.195806
277646ms,277646,298.783,0.195855
277678ms,277678,298.317,0.195516
277726ms,277726,298.238,0.195465
277758ms,277758,298.275,0.195404
277790ms,277790,298.106,0.195371
277822ms,277822,298.262,0.195106
277854ms,277854,298.217,0.195092
277886ms,277886,298.329,0.195136
277918ms,277918,298.356,0.194989
277950ms,277950,298.519,0.195140
277982ms,277982,298.813,0.195569
278014ms,278014,299.330,0.195449
278046ms,278046,299.672,0.195775
278079ms,278079,300.127,0.196041
278126ms,278126,300.637,0.196384
278158ms,278158,301.193,0.196707
278190ms,278190,301.645,0.196884
278222ms,278222,302.167,0.197275
278254ms,278254,302.759,0.197696
278286ms,278286,303.295,0.197972
278318ms,278318,303.977,0.198449
278350ms,278350,304.668,0.199128
278382ms,278382,305.198,0.199469
278414ms,278414,305.904,0.200088
278446ms,278446,305.866,0.200005
278478ms,278478,305.822,0.199826
278526ms,278526,305.797,0.199841
278558ms,278558,305.766,0.199714
278590ms,278590,305.759,0.199808
278622ms,278622,305.733,0.199727
278654ms,278654,305.775,0.199775
278686ms,278686,305.726,0.199773
278718ms,278718,305.770,0.199840
278750ms,278750,305.802,0.199872
278782ms,278782,305.814,0.199764
278814ms,278814,305.900,0.199862
278846ms,278846,305.888,0.200008
278878ms,278878,305.241,0.199843
278926ms,278926,304.211,0.199091
278958ms,278958,303.362,0.198496
278990ms,278990,302.328,0.198030
279022ms,279022,301.217,0.197292
279054ms,279054,300.257,0.196465
279118ms,279118,299.141,0.195842
279150ms,279150,298.763,0.195804
279182ms,279182,298.234,0.195566
279214ms,279214,298.154,0.195413
279246ms,279246,298.235,0.195387
279278ms,279278,298.213,0.195114
279326ms,279326,298.266,0.195267
279358ms,279358,298.330,0.195172
279390ms,279390,298.213,0.195192
279422ms,279422,298.457,0.194987
279454ms,279454,298.681,0.195115
279486ms,279486,298.941,0.195311
279518ms,279518,299.350,0.195590
279550ms,279550,299.769,0.195856
279582ms,279582,300.257,0.195920
279614ms,279614,300.742,0.196343
279646ms,279646,301.258,0.196866
279678ms,279678,301.769,0.197111
279758ms,279758,302.964,0.197857
279790ms,279790,303.597,0.198311
279822ms,279822,304.118,0.198666
279854ms,279854,304.795,0.199232
279886ms,279886,305.513,0.199748
279918ms,279918,306.047,0.200093
279950ms,279950,305.704,0.199932
279982ms,279982,305.774,0.199866
280014ms,280014,305.740,0.199701
280046ms,280046,305.758,0.199645
280078ms,280078,305.738,0.199690
280110ms,280110,305.792,0.199714
280190ms,280190,305.769,0.199810
280222ms,280222,305.771,0.199829
280254ms,280254,305.812,0.199702
280286ms,280286,305.846,0.199958
280318ms,280318,305.953,0.199888
280350ms,280350,305.842,0.200023
280382ms,280382,304.888,0.199649
280414ms,280414,303.822,0.198923
280446ms,280446,302.956,0.198312
280478ms,280478,301.951,0.197615
280510ms,280510,300.848,0.197044
280558ms,280558,300.022,0.196376
280590ms,280590,299.192,0.195921
280622ms,280622,299.055,0.196145
280654ms,280654,298.347,0.195468
280686ms,280686,298.152,0.195417
280718ms,280718,298.253,0.195406
280750ms,280750,298.187,0.195318
280782ms,280782,298.194,0.195126
280814ms,280814,298.172,0.195294
280846ms,280846,298.217,0.195167
280878ms,280878,298.304,0.195249
280910ms,280910,298.580,0.195282
280990ms,280990,299.151,0.195660
281022ms,281022,299.514,0.195564
281054ms,281054,299.994,0.195940
281086ms,281086,300.458,0.196122
281118ms,281118,300.994,0.196392
281150ms,281150,301.358,0.196655
281182ms,281182,302.001,0.197200
281214ms,281214,302.630,0.197504
281246ms,281246,303.189,0.197768
281278ms,281278,303.737,0.198438
281326ms,281326,304.398,0.199201
281358ms,281358,305.101,0.199515
281390ms,281390,305.783,0.199798
281422ms,281422,305.931,0.200068
281454ms,281454,305.768,0.199838
281486ms,281486,305.806,0.199814
281518ms,281518,305.817,0.199775
281550ms,281550,305.799,0.199758
281582ms,281582,305.824,0.199702
281614ms,281614,305.838,0.199740
281646ms,281646,305.839,0.199759
281678ms,281678,305.851,0.199796
281710ms,281710,305.793,0.199729
281758ms,281758,305.850,0.199819
281790ms,281790,305.869,0.199783
281822ms,281822,306.038,0.199939
281854ms,281854,305.676,0.200034
281886ms,281886,304.695,0.199731
281918ms,281918,303.693,0.198780
281950ms,281950,302.848,0.198427
281982ms,281982,301.823,0.197424
282014ms,282014,300.636,0.196800
282046ms,282046,299.825,0.196230
282078ms,282078,299.415,0.195871
282110ms,282110,298.968,0.195846
282158ms,282158,298.451,0.195790
282190ms,282190,298.224,0.195466
282222ms,282222,298.210,0.195503
282254ms,282254,298.131,0.195544
282286ms,282286,298.119,0.195165
282318ms,282318,298.198,0.195174
282350ms,282350,298.219,0.195225
282382ms,282382,298.338,0.195206
282414ms,282414,298.592,0.194998
282478ms,282478,299.181,0.195559
282510ms,282510,299.529,0.195458
282558ms,282558,299.887,0.195982
282590ms,282590,300.388,0.196173
282622ms,282622,300.960,0.196391
282654ms,282654,301.442,0.196780
282686ms,282686,302.091,0.197297
282718ms,282718,302.624,0.197472
282750ms,282750,303.174,0.197997
282782ms,282782,303.653,0.198288
282814ms,282814,304.376,0.199032
282846ms,282846,305.135,0.199361
282878ms,282878,305.740,0.199962
282910ms,282910,305.868,0.200098
282958ms,282958,305.682,0.199831
282990ms,282990,305.728,0.199841
283022ms,283022,305.781,0.199678
283054ms,283054,305.866,0.199656
283086ms,283086,305.829,0.199729
283118ms,283118,305.784,0.199781
283150ms,283150,305.739,0.199728
283182ms,283182,305.755,0.199727
283214ms,283214,305.797,0.199787
283246ms,283246,305.832,0.199818
283278ms,283278,305.861,0.199861
283310ms,283310,306.043,0.199992
283390ms,283390,304.544,0.199430
283422ms,283422,303.622,0.198824
283454ms,283454,302.520,0.198160
283486ms,283486,301.526,0.197431
283518ms,283518,300.549,0.196825
283550ms,283550,299.722,0.196230
283646ms,283646,298.149,0.195457
283678ms,283678,298.167,0.195407
283710ms,283710,298.147,0.194991
283758ms,283758,298.158,0.195404
283790ms,283790,298.283,0.195169
283822ms,283822,298.224,0.195047
283854ms,283854,298.117,0.195097
283886ms,283886,298.535,0.195053
283918ms,283918,298.670,0.195084
283950ms,283950,298.867,0.195320
283982ms,283982,299.265,0.195554
284014ms,284014,299.720,0.195873
284046ms,284046,300.208,0.196054
284078ms,284078,300.684,0.196441
284110ms,284110,301.149,0.196720
284158ms,284158,301.652,0.196933
284190ms,284190,302.270,0.197183
284222ms,284222,302.847,0.197698
284254ms,284254,303.374,0.198148
284286ms,284286,304.051,0.198602
284318ms,284318,304.750,0.199317
284350ms,284350,305.181,0.199708
284382ms,284382,305.959,0.200014
284414ms,284414,305.756,0.200113
284446ms,284446,305.835,0.199837
284478ms,284478,305.801,0.199745
284510ms,284510,305.738,0.199757
284558ms,284558,305.752,0.199749
284590ms,284590,305.776,0.199701
284622ms,284622,305.841,0.199782
284654ms,284654,305.755,0.199767
284686ms,284686,305.776,0.199771
284718ms,284718,305.712,0.199821
284750ms,284750,305.887,0.199905
284814ms,284814,305.971,0.200066
284878ms,284878,304.246,0.199213
284958ms,284958,302.314,0.197846
284990ms,284990,301.206,0.197292
285022ms,285022,300.350,0.196516
285054ms,285054,299.559,0.195995
285086ms,285086,299.122,0.195724
285118ms,285118,298.645,0.195846
285150ms,285150,298.219,0.195393
285182ms,285182,298.151,0.195385
285214ms,285214,298.187,0.195299
285246ms,285246,298.260,0.195298
285278ms,285278,298.290,0.195115
285310ms,285310,298.312,0.195192
285358ms,285358,298.375,0.195176
285390ms,285390,298.482,0.195131
285422ms,285422,298.629,0.195197
285454ms,285454,299.079,0.195411
285486ms,285486,299.432,0.195471
285518ms,285518,299.876,0.195977
285550ms,285550,300.346,0.196213
285582ms,285582,300.792,0.196415
285614ms,285614,301.296,0.196557
285646ms,285646,301.767,0.196876
285678ms,285678,302.430,0.197420
285710ms,285710,302.996,0.197811
285758ms,285758,303.525,0.198015
285790ms,285790,304.179,0.198643
285822ms,285822,304.804,0.199247
285854ms,285854,305.517,0.199718
285886ms,285886,305.929,0.200062
285918ms,285918,305.653,0.200080
285950ms,285950,305.790,0.199823
285982ms,285982,305.751,0.199636
286014ms,286014,305.746,0.199837
286046ms,286046,305.773,0.199640
286078ms,286078,305.671,0.199747
286110ms,286110,305.718,0.199850
286142ms,286142,305.701,0.199646
286190ms,286190,305.727,0.199717
286222ms,286222,305.779,0.199787
286254ms,286254,305.812,0.199870
286286ms,286286,305.913,0.199867
286318ms,286318,305.833,0.200032
286350ms,286350,304.969,0.199635
286382ms,286382,304.071,0.199232
286414ms,286414,303.146,0.198467
286446ms,286446,302.117,0.197770
286478ms,286478,300.999,0.197138
286510ms,286510,300.198,0.196594
286542ms,286542,299.347,0.195917
286542ms,286542,299.347,0.195917
286590ms,286590,298.969,0.195829
286622ms,286622,298.531,0.195533
286654ms,286654,298.186,0.195560
286686ms,286686,298.189,0.195385
286750ms,286750,298.312,0.195059
286782ms,286782,298.253,0.195347
286814ms,286814,298.298,0.195168
286846ms,286846,298.317,0.195083
286878ms,286878,298.587,0.195158
286910ms,286910,298.675,0.195334
286942ms,286942,299.167,0.195469
286990ms,286990,299.493,0.195706
287022ms,287022,299.973,0.195901
287054ms,287054,300.385,0.196191
287118ms,287118,301.307,0.196770
287150ms,287150,301.898,0.197247
287182ms,287182,302.596,0.197510
287214ms,287214,303.030,0.197893
287246ms,287246,303.676,0.198151
287278ms,287278,304.228,0.198682
287310ms,287310,304.888,0.199343
287342ms,287342,305.529,0.199752
287390ms,287390,305.940,0.200160
287454ms,287454,305.738,0.199676
287486ms,287486,305.694,0.199607
287518ms,287518,305.780,0.199656
287550ms,287550,305.659,0.199647
287582ms,287582,305.760,0.199615
287614ms,287614,305.753,0.199680
287678ms,287678,305.771,0.199616
287710ms,287710,305.799,0.199657
287742ms,287742,305.847,0.199834
287790ms,287790,305.937,0.199851
287822ms,287822,305.910,0.199984
287854ms,287854,304.875,0.199640
287886ms,287886,304.093,0.198903
287918ms,287918,303.032,0.198407
287950ms,287950,302.047,0.197723
287982ms,287982,300.865,0.196985
288014ms,288014,300.042,0.196309
288046ms,288046,299.290,0.195874
288078ms,288078,299.040,0.195920
288110ms,288110,298.338,0.195543
288142ms,288142,298.294,0.195345
288190ms,288190,298.224,0.195406
288222ms,288222,298.250,0.195301
288254ms,288254,298.265,0.195206
288286ms,288286,298.356,0.195355
288318ms,288318,298.143,0.195210
288350ms,288350,298.293,0.195184
288382ms,288382,298.549,0.195251
288414ms,288414,298.728,0.195039
288446ms,288446,299.176,0.195362
288478ms,288478,299.519,0.195575
288510ms,288510,299.912,0.195855
288542ms,288542,300.332,0.196188
288590ms,288590,300.886,0.196479
288622ms,288622,301.395,0.196911
288654ms,288654,302.016,0.197129
288686ms,288686,302.541,0.197399
288718ms,288718,303.118,0.197800
288750ms,288750,303.837,0.198238
288782ms,288782,304.404,0.198858
288814ms,288814,305.020,0.199286
288846ms,288846,305.675,0.199803
288878ms,288878,305.811,0.200125
288910ms,288910,305.659,0.199648
288942ms,288942,305.664,0.199682
288990ms,288990,305.779,0.199709
289022ms,289022,305.781,0.199675
289054ms,289054,305.669,0.199704
289086ms,289086,305.739,0.199687
289118ms,289118,305.719,0.199651
289150ms,289150,305.734,0.199571
289182ms,289182,305.720,0.199605
289214ms,289214,305.785,0.199635
289246ms,289246,305.771,0.199809
289310ms,289310,305.578,0.199993
289342ms,289342,304.512,0.199402
289390ms,289390,303.605,0.198714
289422ms,289422,302.694,0.198177
289454ms,289454,301.586,0.197392
289486ms,289486,300.670,0.196827
289518ms,289518,299.760,0.196240
289550ms,289550,299.142,0.195972
289582ms,289582,298.993,0.195848
289646ms,289646,298.325,0.195611
289710ms,289710,298.255,0.195332
289742ms,289742,298.267,0.194946
289790ms,289790,298.249,0.195120
289822ms,289822,298.259,0.195368
289854ms,289854,298.332,0.195004
289886ms,289886,298.579,0.195117
289918ms,289918,298.863,0.195513
289950ms,289950,299.292,0.195387
290014ms,290014,300.184,0.195940
290078ms,290078,301.004,0.196621
290110ms,290110,301.527,0.196969
290142ms,290142,302.109,0.197155
290190ms,290190,302.714,0.197622
290222ms,290222,303.279,0.198205
290254ms,290254,303.861,0.198511
290286ms,290286,304.685,0.199085
290318ms,290318,305.278,0.199784
290350ms,290350,305.943,0.200030
290382ms,290382,305.824,0.200314
290414ms,290414,305.803,0.199787
290446ms,290446,305.680,0.199812
290478ms,290478,305.801,0.199779
290510ms,290510,305.833,0.199727
290542ms,290542,305.790,0.199665
290590ms,290590,305.750,0.199696
290622ms,290622,305.741,0.199685
290686ms,290686,305.761,0.199636
290718ms,290718,305.780,0.199816
290750ms,290750,305.855,0.199757
290782ms,290782,305.946,0.199919
290814ms,290814,305.299,0.199814
290846ms,290846,304.318,0.199221
290878ms,290878,303.389,0.198632
290910ms,290910,302.405,0.198012
290942ms,290942,301.285,0.197555
290990ms,290990,300.367,0.196600
291022ms,291022,299.610,0.196128
291054ms,291054,299.183,0.195774
291086ms,291086,298.712,0.195716
291118ms,291118,298.274,0.195425
291150ms,291150,298.189,0.195832
291182ms,291182,298.271,0.195372
291214ms,291214,298.258,0.195360
291246ms,291246,298.305,0.195283
291278ms,291278,298.326,0.195372
291310ms,291310,298.218,0.195142
291342ms,291342,298.441,0.195166
291390ms,291390,298.684,0.195221
291422ms,291422,298.950,0.195459
291454ms,291454,299.238,0.195572
291486ms,291486,299.786,0.195817
291518ms,291518,300.267,0.195986
291550ms,291550,300.790,0.196369
291582ms,291582,301.204,0.196705
291614ms,291614,301.700,0.197079
291646ms,291646,302.298,0.197299
291678ms,291678,302.949,0.197745
291710ms,291710,303.455,0.198061
291742ms,291742,304.167,0.198678
291790ms,291790,304.832,0.199174
291822ms,291822,305.356,0.199546
291854ms,291854,305.981,0.200248
291886ms,291886,305.673,0.200039
291918ms,291918,305.820,0.199769
291950ms,291950,305.690,0.199659
291982ms,291982,305.731,0.199667
292014ms,292014,305.808,0.199621
292046ms,292046,305.741,0.199640
292078ms,292078,305.767,0.199669
292110ms,292110,305.798,0.199678
292142ms,292142,305.758,0.199664
292174ms,292174,305.754,0.199724
292222ms,292222,305.831,0.199930
292254ms,292254,305.914,0.199858
292286ms,292286,305.910,0.199926
292318ms,292318,304.990,0.199684
292350ms,292350,304.098,0.199146
292382ms,292382,303.050,0.198552
292414ms,292414,302.091,0.197766
292446ms,292446,300.888,0.197285
292478ms,292478,300.091,0.196274
292510ms,292510,299.312,0.195982
292574ms,292574,298.607,0.195836
292622ms,292622,298.161,0.195462
292654ms,292654,298.260,0.195532
292686ms,292686,298.225,0.195374
292718ms,292718,298.240,0.195091
292750ms,292750,298.188,0.195441
292814ms,292814,298.283,0.195150
292878ms,292878,298.648,0.195155
292910ms,292910,299.017,0.195366
292942ms,292942,299.446,0.195596
292974ms,292974,299.888,0.196040
293022ms,293022,300.406,0.196158
293054ms,293054,300.822,0.196356
293086ms,293086,301.409,0.196734
293118ms,293118,301.879,0.197181
293150ms,293150,302.464,0.197300
293182ms,293182,303.020,0.197887
293214ms,293214,303.573,0.198133
293246ms,293246,304.243,0.198645
293278ms,293278,304.930,0.199207
293310ms,293310,305.530,0.199803
293342ms,293342,305.960,0.200263
293374ms,293374,305.723,0.199881
293422ms,293422,305.779,0.199736
293454ms,293454,305.699,0.199649
293486ms,293486,305.680,0.199624
293518ms,293518,305.723,0.199614
293550ms,293550,305.704,0.199650
293582ms,293582,305.768,0.199638
293614ms,293614,305.742,0.199715
293646ms,293646,305.719,0.199646
293678ms,293678,305.751,0.199654
293710ms,293710,305.739,0.199728
293742ms,293742,305.932,0.199903
293774ms,293774,305.834,0.200020
293822ms,293822,304.886,0.199664
293854ms,293854,303.953,0.198921
293886ms,293886,302.920,0.198407
293918ms,293918,301.888,0.197649
293950ms,293950,300.839,0.197153
293982ms,293982,299.943,0.196231
294014ms,294014,299.335,0.195905
294046ms,294046,299.088,0.195929
294078ms,294078,298.467,0.195685
294110ms,294110,298.235,0.195492
294142ms,294142,298.235,0.195433
294174ms,294174,298.236,0.195133
294222ms,294222,298.213,0.195154
294286ms,294286,298.178,0.194933
294318ms,294318,298.331,0.195261
294350ms,294350,298.472,0.195362
294382ms,294382,298.699,0.195135
294414ms,294414,299.064,0.195405
294446ms,294446,299.419,0.195532
294510ms,294510,300.332,0.196312
294542ms,294542,300.876,0.196476
294574ms,294574,301.367,0.196688
294622ms,294622,301.851,0.197098
294654ms,294654,302.435,0.197558
294686ms,294686,303.075,0.197842
294718ms,294718,303.604,0.198231
294750ms,294750,304.214,0.198680
294782ms,294782,304.912,0.199205
294846ms,294846,305.884,0.200117
294878ms,294878,305.700,0.199824
294910ms,294910,305.684,0.199708
294942ms,294942,305.736,0.199709
294974ms,294974,305.673,0.199616
295022ms,295022,305.716,0.199623
295054ms,295054,305.710,0.199649
295086ms,295086,305.654,0.199636
295118ms,295118,305.699,0.199538
295150ms,295150,305.719,0.199667
295182ms,295182,305.760,0.199610
295214ms,295214,305.773,0.199775
295246ms,295246,305.808,0.199733
295278ms,295278,305.918,0.199967
295310ms,295310,304.979,0.199857
295342ms,295342,304.022,0.199166
295374ms,295374,303.107,0.198423
295406ms,295406,302.078,0.197781
295454ms,295454,300.958,0.197102
295486ms,295486,300.158,0.196383
295518ms,295518,299.375,0.195946
295550ms,295550,299.082,0.195670
295582ms,295582,298.572,0.195810
295614ms,295614,298.202,0.195492
295646ms,295646,298.182,0.195288
295678ms,295678,298.226,0.195406
295710ms,295710,298.192,0.195194
295742ms,295742,298.167,0.195257
295774ms,295774,298.350,0.195078
295806ms,295806,298.343,0.195170
295854ms,295854,298.518,0.195053
295886ms,295886,298.732,0.195252
295918ms,295918,299.030,0.195487
295950ms,295950,299.389,0.195408
295982ms,295982,299.856,0.195963
296014ms,296014,300.288,0.196155
296046ms,296046,300.787,0.196307
296078ms,296078,301.285,0.196687
296110ms,296110,301.820,0.197046
296174ms,296174,303.013,0.197781
296206ms,296206,303.544,0.198134
296254ms,296254,304.195,0.198606
296286ms,296286,304.810,0.199110
296318ms,296318,305.459,0.199577
296350ms,296350,305.858,0.200101
296382ms,296382,305.645,0.199998
296414ms,296414,305.715,0.199698
296446ms,296446,305.661,0.199707
296510ms,296510,305.685,0.199726
296542ms,296542,305.692,0.199848
296574ms,296574,305.728,0.199661
296606ms,296606,305.661,0.199662
296654ms,296654,305.671,0.199642
296686ms,296686,305.670,0.199727
296750ms,296750,305.811,0.199894
296782ms,296782,305.910,0.199973
296814ms,296814,304.970,0.199701
296846ms,296846,304.094,0.199190
296878ms,296878,303.134,0.198633
296910ms,296910,302.183,0.197837
296942ms,296942,301.072,0.197020
296974ms,296974,300.200,0.196407
297006ms,297006,299.462,0.195947
297054ms,297054,299.144,0.195491
297086ms,297086,298.610,0.195726
297118ms,297118,298.337,0.195441
297150ms,297150,298.155,0.195413
297182ms,297182,298.334,0.195389
297214ms,297214,298.182,0.195289
297246ms,297246,298.306,0.195355
297278ms,297278,298.402,0.195118
297310ms,297310,298.294,0.195123
297342ms,297342,298.483,0.195139
297374ms,297374,298.731,0.195224
297406ms,297406,298.940,0.195392
297454ms,297454,299.345,0.195435
297486ms,297486,299.885,0.196041
297518ms,297518,300.322,0.196374
297550ms,297550,300.832,0.196544
297582ms,297582,301.367,0.196844
297614ms,297614,301.875,0.196987
297646ms,297646,302.437,0.197510
297678ms,297678,303.117,0.197777
297710ms,297710,303.649,0.198233
297742ms,297742,304.269,0.198571
297774ms,297774,304.931,0.199247
297806ms,297806,305.452,0.199891
297854ms,297854,305.917,0.200133
297886ms,297886,305.731,0.199897
297918ms,297918,305.711,0.199697
297950ms,297950,305.745,0.199798
297982ms,297982,305.686,0.199738
298014ms,298014,305.694,0.199683
298046ms,298046,305.675,0.199688
298078ms,298078,305.691,0.199755
298142ms,298142,305.671,0.199724
298174ms,298174,305.712,0.199681
298206ms,298206,305.707,0.199858
298254ms,298254,305.898,0.199694
298286ms,298286,305.869,0.199908
298318ms,298318,304.978,0.199806
298382ms,298382,303.075,0.198317
298446ms,298446,300.890,0.196971
298478ms,298478,300.148,0.196321
298510ms,298510,299.392,0.195692
298542ms,298542,298.977,0.195881
298574ms,298574,298.554,0.195761
298606ms,298606,298.129,0.195466
298654ms,298654,298.225,0.195659
298686ms,298686,298.274,0.195170
298718ms,298718,298.294,0.195237
298750ms,298750,298.284,0.195486
298782ms,298782,298.252,0.195142
298814ms,298814,298.298,0.195339
298846ms,298846,298.518,0.195417
298878ms,298878,298.798,0.195209
298910ms,298910,299.053,0.195487
298942ms,298942,299.533,0.195736
298974ms,298974,299.930,0.195921
299006ms,299006,300.360,0.196128
299054ms,299054,300.904,0.196627
299086ms,299086,301.357,0.196773
299150ms,299150,302.455,0.197474
299182ms,299182,303.092,0.197788
299214ms,299214,303.658,0.198213
299246ms,299246,304.191,0.198685
299278ms,299278,304.882,0.199112
299310ms,299310,305.558,0.199745
299342ms,299342,305.937,0.200115
299374ms,299374,305.673,0.199674
299406ms,299406,305.572,0.199645
299454ms,299454,305.647,0.199665
299486ms,299486,305.691,0.199812
299518ms,299518,305.608,0.199671
299550ms,299550,305.638,0.199633
299582ms,299582,305.669,0.199752
299614ms,299614,305.610,0.199665
299646ms,299646,305.676,0.199689
299678ms,299678,305.645,0.199598
299710ms,299710,305.733,0.199636
299742ms,299742,305.909,0.199860
299774ms,299774,305.789,0.200110
299806ms,299806,304.739,0.199531
299854ms,299854,303.922,0.198971
299886ms,299886,302.889,0.198440
299918ms,299918,301.919,0.197601
299950ms,299950,300.807,0.196944
299982ms,299982,300.004,0.196403
300014ms,300014,299.407,0.195884
300046ms,300046,299.067,0.196090
300078ms,300078,298.463,0.195576
300110ms,300110,298.255,0.195429
300142ms,300142,298.147,0.195472
300174ms,300174,298.245,0.195431
300206ms,300206,298.290,0.195069
300254ms,300254,298.216,0.195225
300286ms,300286,298.177,0.195243
300318ms,300318,298.351,0.195321
300350ms,300350,298.565,0.195226
300382ms,300382,298.831,0.195120
300414ms,300414,299.206,0.195441
300446ms,300446,299.550,0.195619
300478ms,300478,299.967,0.195782
300510ms,300510,300.471,0.196162
300542ms,300542,300.997,0.196330
300574ms,300574,301.486,0.196874
300606ms,300606,302.054,0.197389
300638ms,300638,302.682,0.197569
300686ms,300686,303.175,0.197797
300718ms,300718,303.752,0.198462
300750ms,300750,304.390,0.199064
300782ms,300782,305.092,0.199331
300814ms,300814,305.719,0.199952
300846ms,300846,305.858,0.200070
300878ms,300878,305.710,0.199661
300910ms,300910,305.805,0.199678
300942ms,300942,305.711,0.199697
300974ms,300974,305.723,0.199762
301006ms,301006,305.716,0.199774
301038ms,301038,305.812,0.199790
301086ms,301086,305.752,0.199733
301118ms,301118,305.739,0.199764
301150ms,301150,305.718,0.199772
301182ms,301182,305.755,0.199705
301214ms,301214,305.810,0.199871
301246ms,301246,305.969,0.199890
301278ms,301278,305.650,0.200060
301310ms,301310,304.611,0.199502
301342ms,301342,303.719,0.198752
301406ms,301406,301.765,0.197460
301438ms,301438,300.630,0.196698
301486ms,301486,299.874,0.196335
301518ms,301518,299.148,0.195819
301550ms,301550,298.831,0.196127
301582ms,301582,298.314,0.195380
301614ms,301614,298.301,0.195717
301646ms,301646,298.260,0.195362
301678ms,301678,298.135,0.195243
301710ms,301710,298.213,0.195159
301742ms,301742,298.228,0.195321
301774ms,301774,298.155,0.195181
301806ms,301806,298.294,0.195161
301838ms,301838,298.588,0.195222
301886ms,301886,298.727,0.194947
301918ms,301918,299.209,0.195534
301950ms,301950,299.585,0.195706
302014ms,302014,300.586,0.196233
302046ms,302046,301.044,0.196444
302078ms,302078,301.440,0.196794
302110ms,302110,302.061,0.197237
302142ms,302142,302.590,0.197523
302174ms,302174,303.178,0.197988
302206ms,302206,303.726,0.198380
302238ms,302238,304.505,0.199102
302286ms,302286,305.121,0.199416
302318ms,302318,305.770,0.199892
302350ms,302350,305.901,0.200071
302382ms,302382,305.768,0.199757
302414ms,302414,305.687,0.199638
302446ms,302446,305.722,0.199708
302478ms,302478,305.723,0.199691
302542ms,302542,305.705,0.199658
302574ms,302574,305.748,0.199648
302606ms,302606,305.715,0.199640
302638ms,302638,305.761,0.199631
302686ms,302686,305.837,0.199777
302718ms,302718,305.820,0.199786
302750ms,302750,305.939,0.199819
302846ms,302846,303.615,0.198560
302878ms,302878,302.576,0.198116
302910ms,302910,301.547,0.197272
302942ms,302942,300.588,0.196779
302974ms,302974,299.732,0.196391
303006ms,303006,299.290,0.195741
303038ms,303038,298.916,0.195973
303086ms,303086,298.405,0.195402
303118ms,303118,298.248,0.195587
303150ms,303150,298.274,0.195455
303182ms,303182,298.196,0.195465
303214ms,303214,298.200,0.195245
303246ms,303246,298.284,0.195297
303278ms,303278,298.240,0.195183
303310ms,303310,298.454,0.194994
303342ms,303342,298.681,0.195140
303374ms,303374,298.871,0.195032
303406ms,303406,299.234,0.195341
303438ms,303438,299.628,0.195660
303486ms,303486,300.117,0.196030
303518ms,303518,300.550,0.196387
303550ms,303550,301.037,0.196609
303582ms,303582,301.615,0.196854
303614ms,303614,302.076,0.197262
303646ms,303646,302.711,0.197773
303678ms,303678,303.191,0.198168
303710ms,303710,303.888,0.198506
303742ms,303742,304.519,0.198995
303774ms,303774,305.194,0.199357
303806ms,303806,305.757,0.199923
303838ms,303838,305.827,0.200164
303950ms,303950,305.734,0.199609
303982ms,303982,305.754,0.199726
304014ms,304014,305.742,0.199750
304046ms,304046,305.699,0.199670
304078ms,304078,305.848,0.199636
304110ms,304110,305.722,0.199688
304142ms,304142,305.776,0.199825
304174ms,304174,305.780,0.199797
304206ms,304206,305.852,0.200079
304238ms,304238,305.987,0.199998
304286ms,304286,305.231,0.199965
304318ms,304318,304.376,0.199205
304350ms,304350,303.486,0.198482
304382ms,304382,302.467,0.198007
304414ms,304414,301.401,0.197597
304446ms,304446,300.550,0.196751
304478ms,304478,299.542,0.196330
304510ms,304510,299.181,0.195757
304542ms,304542,298.774,0.196013
304574ms,304574,298.377,0.195485
304606ms,304606,298.248,0.195509
304638ms,304638,298.323,0.195428
304686ms,304686,298.188,0.195361
304718ms,304718,298.297,0.194993
304750ms,304750,298.234,0.195102
304782ms,304782,298.194,0.195360
304814ms,304814,298.318,0.194995
304846ms,304846,298.657,0.195203
304878ms,304878,298.936,0.195413
304910ms,304910,299.383,0.195679
304942ms,304942,299.704,0.195764
304974ms,304974,300.137,0.196083
305006ms,305006,300.616,0.196294
305038ms,305038,301.131,0.196769
305086ms,305086,301.575,0.196925
305118ms,305118,302.146,0.197266
305150ms,305150,302.843,0.197765
305182ms,305182,303.368,0.197958
305214ms,305214,304.021,0.198565
305246ms,305246,304.731,0.199002
305278ms,305278,305.182,0.199349
305310ms,305310,305.848,0.200111
