timestamp_ms,elapsed_ms,pix_dist,m_dist
0ms,0,186.657,0.200814
31ms,31,186.601,0.200462
63ms,63,186.612,0.200755
95ms,95,186.628,0.200805
128ms,128,186.540,0.200644
160ms,160,186.553,0.200486
191ms,191,186.731,0.200751
223ms,223,186.627,0.200653
256ms,256,186.572,0.200602
288ms,288,186.707,0.200692
319ms,319,186.802,0.200763
352ms,352,186.345,0.201057
400ms,400,185.994,0.200451
431ms,431,185.255,0.199479
464ms,464,184.600,0.198879
495ms,495,184.072,0.198479
528ms,528,183.601,0.198215
560ms,560,183.091,0.197621
592ms,592,182.698,0.197964
624ms,624,182.481,0.197704
656ms,656,182.399,0.197628
688ms,688,182.295,0.197482
720ms,720,182.311,0.196112
768ms,768,182.430,0.196476
800ms,800,182.277,0.196580
832ms,832,182.567,0.197064
864ms,864,182.372,0.197333
896ms,896,182.311,0.197199
928ms,928,182.732,0.197232
960ms,960,182.882,0.196758
992ms,992,183.335,0.197407
1024ms,1024,183.352,0.198205
1056ms,1056,183.519,0.198472
1088ms,1088,183.989,0.197457
1120ms,1120,184.289,0.197845
1168ms,1168,184.535,0.198322
1199ms,1199,184.993,0.198609
1264ms,1264,185.391,0.199677
1296ms,1296,185.830,0.200390
1328ms,1328,186.161,0.200535
1360ms,1360,186.520,0.200603
1424ms,1424,186.565,0.200929
1456ms,1456,186.530,0.200584
1504ms,1504,186.481,0.200420
1535ms,1535,186.468,0.200443
1568ms,1568,186.442,0.200749
1600ms,1600,186.470,0.200516
1632ms,1632,186.525,0.200350
1664ms,1664,186.655,0.200629
1696ms,1696,186.608,0.200338
1728ms,1728,186.491,0.200547
1760ms,1760,186.682,0.200573
1792ms,1792,186.710,0.200951
1824ms,1824,186.741,0.201134
1856ms,1856,186.056,0.200283
1904ms,1904,185.627,0.200203
1936ms,1936,184.959,0.200053
1967ms,1967,184.466,0.198965
1999ms,1999,183.912,0.199400
2032ms,2032,183.227,0.199094
2064ms,2064,183.114,0.197614
2096ms,2096,182.711,0.197481
2128ms,2128,182.372,0.197794
2160ms,2160,182.320,0.198698
2192ms,2192,182.488,0.196593
2224ms,2224,182.327,0.195475
2272ms,2272,182.468,0.197085
2304ms,2304,182.425,0.197989
2336ms,2336,182.613,0.197433
2368ms,2368,182.417,0.197795
2400ms,2400,182.563,0.196325
2432ms,2432,182.721,0.197139
2464ms,2464,182.931,0.198083
2496ms,2496,183.303,0.197760
2528ms,2528,183.431,0.197218
2560ms,2560,183.675,0.197688
2592ms,2592,183.866,0.197755
2624ms,2624,184.379,0.197977
2672ms,2672,184.634,0.198550
2704ms,2704,185.000,0.198485
2736ms,2736,185.182,0.199527
2800ms,2800,185.933,0.199851
2832ms,2832,186.259,0.200303
2864ms,2864,186.666,0.200613
2896ms,2896,186.795,0.201015
2928ms,2928,186.595,0.200691
2960ms,2960,186.547,0.201280
2992ms,2992,186.595,0.200716
3040ms,3040,186.579,0.200590
3072ms,3072,186.580,0.200611
3103ms,3103,186.546,0.201168
3136ms,3136,186.608,0.200785
3168ms,3168,186.639,0.200727
3200ms,3200,186.593,0.201079
3232ms,3232,186.536,0.200623
3264ms,3264,186.627,0.200651
3296ms,3296,186.768,0.201090
3328ms,3328,186.739,0.200761
3360ms,3360,186.102,0.200421
3407ms,3407,185.456,0.200062
3440ms,3440,184.886,0.199197
3472ms,3472,184.413,0.198952
3504ms,3504,183.944,0.198209
3536ms,3536,183.219,0.198763
3568ms,3568,183.074,0.198378
3600ms,3600,182.766,0.197776
3632ms,3632,182.304,0.197870
3664ms,3664,182.303,0.196737
3696ms,3696,182.290,0.196689
3728ms,3728,182.467,0.196050
3760ms,3760,182.525,0.196563
3808ms,3808,182.417,0.197735
3839ms,3839,182.543,0.197185
3872ms,3872,182.555,0.196172
3903ms,3903,182.752,0.197208
3936ms,3936,182.941,0.197637
3967ms,3967,183.046,0.197458
4000ms,4000,183.323,0.197864
4032ms,4032,183.522,0.198017
4064ms,4064,183.904,0.197194
4096ms,4096,184.130,0.198681
4128ms,4128,184.426,0.198146
4176ms,4176,184.771,0.198798
4208ms,4208,184.989,0.199105
4240ms,4240,185.345,0.199514
4272ms,4272,185.665,0.199521
4304ms,4304,185.993,0.200230
4336ms,4336,186.316,0.200470
4368ms,4368,186.493,0.200903
4400ms,4400,186.479,0.200988
4432ms,4432,186.572,0.200546
4464ms,4464,186.521,0.200597
4496ms,4496,186.501,0.200739
4528ms,4528,186.571,0.200417
4608ms,4608,186.521,0.200783
4640ms,4640,186.555,0.200343
4671ms,4671,186.617,0.200479
4704ms,4704,186.502,0.200577
4736ms,4736,186.448,0.200685
4768ms,4768,186.670,0.200485
4800ms,4800,186.637,0.201045
4831ms,4831,186.358,0.200846
4864ms,4864,185.803,0.200074
4896ms,4896,185.349,0.199682
4944ms,4944,184.655,0.199581
4975ms,4975,184.295,0.198495
5040ms,5040,183.137,0.199153
5072ms,5072,182.979,0.196933
5104ms,5104,182.646,0.198345
5136ms,5136,182.407,0.196895
5167ms,5167,182.348,0.196708
5200ms,5200,182.255,0.196778
5232ms,5232,182.356,0.196482
5264ms,5264,182.348,0.196525
5311ms,5311,182.527,0.196927
5343ms,5343,182.348,0.197760
5375ms,5375,182.491,0.197039
5408ms,5408,182.699,0.196838
5440ms,5440,182.891,0.199088
5472ms,5472,183.170,0.197090
5504ms,5504,183.290,0.197737
5536ms,5536,183.571,0.199264
5568ms,5568,184.076,0.197968
5600ms,5600,184.150,0.198531
5632ms,5632,184.576,0.198538
5680ms,5680,184.863,0.199268
5712ms,5712,185.090,0.199658
5744ms,5744,185.498,0.199829
5775ms,5775,185.747,0.200723
5808ms,5808,185.912,0.200718
5840ms,5840,186.355,0.200534
5872ms,5872,186.508,0.200556
5904ms,5904,186.540,0.200446
5936ms,5936,186.578,0.201090
5968ms,5968,186.493,0.201055
6000ms,6000,186.634,0.200668
6032ms,6032,186.537,0.200611
6080ms,6080,186.561,0.200412
6112ms,6112,186.550,0.200534
6144ms,6144,186.402,0.200857
6175ms,6175,186.604,0.200772
6208ms,6208,186.575,0.200651
6240ms,6240,186.637,0.200743
6272ms,6272,186.641,0.200879
6304ms,6304,186.848,0.201351
6400ms,6400,184.954,0.199989
6447ms,6447,184.539,0.199230
6511ms,6511,183.490,0.200391
6543ms,6543,183.074,0.197586
6576ms,6576,182.862,0.198819
6607ms,6607,182.428,0.197211
6640ms,6640,182.236,0.196994
6672ms,6672,182.311,0.196244
6704ms,6704,182.331,0.195930
6736ms,6736,182.484,0.196416
6768ms,6768,182.404,0.197312
6815ms,6815,182.588,0.196687
6848ms,6848,182.574,0.197787
6880ms,6880,182.373,0.197283
6911ms,6911,182.702,0.197177
6944ms,6944,182.953,0.197402
6975ms,6975,183.194,0.197395
7008ms,7008,183.491,0.197849
7039ms,7039,183.824,0.198451
7072ms,7072,183.989,0.198165
7104ms,7104,184.228,0.197644
7136ms,7136,184.596,0.198429
7168ms,7168,184.914,0.199039
7215ms,7215,185.235,0.199602
7247ms,7247,185.618,0.200222
7279ms,7279,185.915,0.200240
7311ms,7311,186.218,0.200638
7344ms,7344,186.370,0.200714
7375ms,7375,186.455,0.200638
7408ms,7408,186.549,0.200705
7440ms,7440,186.545,0.200907
7472ms,7472,186.489,0.200834
7504ms,7504,186.506,0.200741
7536ms,7536,186.473,0.200515
7584ms,7584,186.608,0.200788
7615ms,7615,186.571,0.200401
7680ms,7680,186.488,0.200467
7712ms,7712,186.568,0.200614
7744ms,7744,186.493,0.200343
7776ms,7776,186.651,0.200860
7807ms,7807,186.740,0.200917
7840ms,7840,186.210,0.200568
7872ms,7872,185.721,0.200319
7904ms,7904,185.105,0.200062
7952ms,7952,184.571,0.199022
7983ms,7983,183.891,0.198334
8015ms,8015,183.395,0.198676
8047ms,8047,183.041,0.197800
8080ms,8080,182.680,0.197218
8112ms,8112,182.357,0.198374
8144ms,8144,182.238,0.197665
8176ms,8176,182.325,0.197717
8208ms,8208,182.288,0.196754
8240ms,8240,182.442,0.196344
8272ms,8272,182.407,0.196919
8304ms,8304,182.645,0.197052
8351ms,8351,182.356,0.196742
8384ms,8384,182.493,0.196945
8416ms,8416,182.718,0.198398
8447ms,8447,183.111,0.198254
8480ms,8480,183.324,0.197370
8511ms,8511,183.509,0.198204
8544ms,8544,183.718,0.197530
8576ms,8576,184.032,0.197576
8608ms,8608,184.414,0.197807
8640ms,8640,184.654,0.198442
8672ms,8672,185.007,0.198841
8719ms,8719,185.314,0.199625
8751ms,8751,185.657,0.199646
8783ms,8783,186.037,0.200047
8815ms,8815,186.336,0.200501
8847ms,8847,186.451,0.200684
8880ms,8880,186.499,0.200609
8912ms,8912,186.409,0.200536
8944ms,8944,186.516,0.200865
8976ms,8976,186.443,0.200597
9087ms,9087,186.442,0.200439
9119ms,9119,186.516,0.200306
9151ms,9151,186.513,0.200578
9184ms,9184,186.460,0.200642
9215ms,9215,186.408,0.200587
9248ms,9248,186.535,0.200504
9279ms,9279,186.664,0.201418
9312ms,9312,186.436,0.201058
9343ms,9343,186.065,0.200242
9376ms,9376,185.414,0.199991
9408ms,9408,184.833,0.199218
9440ms,9440,184.367,0.198735
9487ms,9487,183.442,0.198081
9519ms,9519,183.271,0.197994
9552ms,9552,182.765,0.197689
9584ms,9584,182.506,0.197967
9616ms,9616,182.587,0.197331
9648ms,9648,182.319,0.196263
9680ms,9680,182.299,0.197360
9712ms,9712,182.199,0.197156
9744ms,9744,182.329,0.196590
9776ms,9776,182.376,0.197780
9808ms,9808,182.536,0.199010
9855ms,9855,182.483,0.197304
9888ms,9888,182.623,0.196397
9920ms,9920,182.858,0.197839
9952ms,9952,183.199,0.197605
9983ms,9983,183.400,0.197844
10016ms,10016,183.774,0.197917
10048ms,10048,183.815,0.197762
10080ms,10080,184.267,0.198200
10112ms,10112,184.467,0.198392
10144ms,10144,184.836,0.199311
10176ms,10176,185.162,0.199638
10207ms,10207,185.615,0.199624
10255ms,10255,185.817,0.199994
10287ms,10287,186.201,0.199771
10319ms,10319,186.411,0.200526
10384ms,10384,186.510,0.200625
10416ms,10416,186.422,0.200303
10448ms,10448,186.409,0.200333
10480ms,10480,186.459,0.200592
10544ms,10544,186.575,0.200556
10576ms,10576,186.461,0.200609
10623ms,10623,186.431,0.200597
10655ms,10655,186.380,0.200901
10687ms,10687,186.459,0.200574
10719ms,10719,186.567,0.200680
10752ms,10752,186.560,0.200498
10784ms,10784,186.571,0.201354
10816ms,10816,186.256,0.200773
10848ms,10848,185.811,0.200084
10880ms,10880,185.109,0.199516
10912ms,10912,184.533,0.198787
10944ms,10944,184.049,0.198258
10991ms,10991,183.390,0.199084
11023ms,11023,183.159,0.198698
11055ms,11055,182.573,0.198446
11087ms,11087,182.572,0.198181
11119ms,11119,182.280,0.197163
11152ms,11152,182.329,0.196789
11184ms,11184,182.336,0.196664
11216ms,11216,182.431,0.196157
11248ms,11248,182.331,0.197538
11280ms,11280,182.585,0.197214
11312ms,11312,182.556,0.197192
11344ms,11344,182.536,0.197660
11391ms,11391,182.731,0.198060
11424ms,11424,182.814,0.197166
11455ms,11455,183.110,0.197449
11487ms,11487,183.510,0.197750
11520ms,11520,183.771,0.198004
11552ms,11552,183.928,0.197998
11584ms,11584,184.254,0.198177
11616ms,11616,184.608,0.198643
11648ms,11648,184.943,0.198752
11680ms,11680,185.221,0.199668
11712ms,11712,185.682,0.200302
11792ms,11792,186.219,0.200553
11824ms,11824,186.351,0.200597
11855ms,11855,186.431,0.200935
11888ms,11888,186.418,0.200692
11920ms,11920,186.445,0.200560
11952ms,11952,186.423,0.200545
11984ms,11984,186.510,0.200595
12015ms,12015,186.366,0.200481
12048ms,12048,186.449,0.200549
12080ms,12080,186.436,0.200600
12127ms,12127,186.477,0.200588
12159ms,12159,186.420,0.200472
12192ms,12192,186.530,0.200760
12223ms,12223,186.537,0.200597
12255ms,12255,186.557,0.200791
12288ms,12288,186.523,0.201272
12320ms,12320,186.067,0.200633
12352ms,12352,185.704,0.200130
12384ms,12384,185.069,0.199624
12416ms,12416,184.561,0.199156
12448ms,12448,183.939,0.198532
12480ms,12480,183.453,0.199253
12527ms,12527,182.965,0.197652
12560ms,12560,182.846,0.196799
12592ms,12592,182.482,0.198246
12624ms,12624,182.081,0.196916
12656ms,12656,182.298,0.196460
12688ms,12688,182.236,0.197874
12720ms,12720,182.257,0.196007
12752ms,12752,182.239,0.196890
12784ms,12784,182.574,0.197304
12816ms,12816,182.484,0.196798
12848ms,12848,182.568,0.196614
12895ms,12895,182.673,0.197401
12927ms,12927,182.747,0.198667
12959ms,12959,183.231,0.197917
12992ms,12992,183.548,0.197946
13023ms,13023,183.783,0.197255
13056ms,13056,183.968,0.197663
13088ms,13088,184.435,0.197672
13151ms,13151,184.958,0.199683
13184ms,13184,185.379,0.200907
13216ms,13216,185.651,0.199732
13264ms,13264,185.930,0.200197
13327ms,13327,186.519,0.200771
13359ms,13359,186.526,0.200542
13391ms,13391,186.528,0.200643
13424ms,13424,186.520,0.200357
13456ms,13456,186.505,0.200428
13488ms,13488,186.544,0.200472
13520ms,13520,186.424,0.200549
13552ms,13552,186.458,0.200539
13584ms,13584,186.527,0.200775
13616ms,13616,186.458,0.200427
13663ms,13663,186.485,0.200597
13695ms,13695,186.489,0.200654
13727ms,13727,186.655,0.200701
13759ms,13759,186.667,0.200724
13791ms,13791,186.506,0.201008
13824ms,13824,186.001,0.200587
13856ms,13856,185.349,0.199637
13888ms,13888,185.014,0.199601
13920ms,13920,184.306,0.198558
13952ms,13952,183.688,0.197986
13984ms,13984,183.460,0.198137
14031ms,14031,182.892,0.197215
14063ms,14063,182.502,0.198071
14095ms,14095,182.626,0.197017
14127ms,14127,182.230,0.196458
14159ms,14159,182.293,0.196451
14192ms,14192,182.249,0.196493
14224ms,14224,182.579,0.196755
14256ms,14256,182.221,0.197180
14288ms,14288,182.523,0.196994
14320ms,14320,182.629,0.197203
14352ms,14352,182.514,0.197152
14399ms,14399,182.801,0.197321
14432ms,14432,183.007,0.197662
14463ms,14463,183.294,0.198119
14495ms,14495,183.696,0.197330
14527ms,14527,183.915,0.197921
14560ms,14560,184.131,0.198531
14592ms,14592,184.588,0.198159
14624ms,14624,184.714,0.199251
14655ms,14655,185.049,0.199464
14688ms,14688,185.438,0.199111
14720ms,14720,185.575,0.199825
14752ms,14752,186.055,0.200329
14799ms,14799,186.446,0.200400
14831ms,14831,186.462,0.200768
14863ms,14863,186.440,0.200308
14895ms,14895,186.543,0.200868
14927ms,14927,186.517,0.200674
14960ms,14960,186.532,0.200828
14992ms,14992,186.475,0.200803
15023ms,15023,186.541,0.200665
15056ms,15056,186.411,0.200422
15088ms,15088,186.558,0.200729
15120ms,15120,186.524,0.200559
15167ms,15167,186.424,0.200524
15199ms,15199,186.544,0.200309
15231ms,15231,186.600,0.200607
15264ms,15264,186.753,0.201495
15296ms,15296,186.194,0.201325
15328ms,15328,185.943,0.200022
15359ms,15359,185.274,0.199689
15455ms,15455,183.426,0.198567
15488ms,15488,183.130,0.198260
15535ms,15535,182.670,0.197671
15567ms,15567,182.614,0.198535
15599ms,15599,182.404,0.196613
15631ms,15631,182.303,0.197140
15663ms,15663,182.280,0.197901
15695ms,15695,182.300,0.196923
15759ms,15759,182.379,0.197105
15792ms,15792,182.591,0.197072
15824ms,15824,182.624,0.197033
15856ms,15856,182.735,0.196739
15888ms,15888,182.884,0.197569
15936ms,15936,182.988,0.197020
15968ms,15968,183.325,0.198286
15999ms,15999,183.689,0.198031
16031ms,16031,183.926,0.198034
16064ms,16064,184.283,0.198004
16096ms,16096,184.749,0.198452
16127ms,16127,184.924,0.198810
16160ms,16160,185.168,0.199603
16192ms,16192,185.589,0.199404
16224ms,16224,185.759,0.200158
16256ms,16256,186.121,0.200821
16304ms,16304,186.491,0.200678
16335ms,16335,186.577,0.200676
16367ms,16367,186.388,0.200678
16399ms,16399,186.636,0.200889
16432ms,16432,186.517,0.200491
16463ms,16463,186.392,0.200348
16496ms,16496,186.530,0.200407
16528ms,16528,186.398,0.200229
16560ms,16560,186.523,0.200605
16592ms,16592,186.485,0.201015
16624ms,16624,186.504,0.200287
16671ms,16671,186.423,0.200387
16704ms,16704,186.540,0.200427
16767ms,16767,186.516,0.200744
16799ms,16799,186.110,0.200604
16832ms,16832,185.637,0.200194
16864ms,16864,185.021,0.199608
16896ms,16896,184.458,0.199107
16928ms,16928,183.838,0.197782
16960ms,16960,183.385,0.198627
16992ms,16992,183.193,0.197572
17024ms,17024,182.701,0.197507
17071ms,17071,182.603,0.198740
17104ms,17104,182.270,0.197461
17135ms,17135,182.289,0.196514
17167ms,17167,182.256,0.196599
17199ms,17199,182.551,0.195994
17232ms,17232,182.312,0.197272
17264ms,17264,182.590,0.197195
17296ms,17296,182.593,0.197146
17328ms,17328,182.458,0.197831
17360ms,17360,182.673,0.197312
17392ms,17392,182.936,0.198292
17439ms,17439,183.344,0.198026
17471ms,17471,183.498,0.197674
17504ms,17504,183.697,0.197626
17536ms,17536,183.963,0.197377
17568ms,17568,184.275,0.197756
17599ms,17599,184.591,0.198554
17632ms,17632,184.993,0.199348
17664ms,17664,185.466,0.200155
17696ms,17696,185.540,0.200280
17728ms,17728,186.012,0.201196
17760ms,17760,186.325,0.200805
17808ms,17808,186.448,0.200900
17839ms,17839,186.558,0.201418
17871ms,17871,186.505,0.200502
17903ms,17903,186.520,0.200306
17967ms,17967,186.578,0.200767
18000ms,18000,186.532,0.200765
18032ms,18032,186.433,0.200328
18064ms,18064,186.452,0.200331
18096ms,18096,186.448,0.200288
18128ms,18128,186.417,0.200323
18160ms,18160,186.539,0.200687
18207ms,18207,186.628,0.200330
18239ms,18239,186.770,0.201124
18304ms,18304,186.027,0.200720
18336ms,18336,185.481,0.199833
18368ms,18368,184.824,0.199467
18400ms,18400,184.256,0.199326
18432ms,18432,183.589,0.199577
18464ms,18464,183.240,0.197736
18496ms,18496,182.746,0.197204
18528ms,18528,182.617,0.198759
18575ms,18575,182.690,0.197047
18608ms,18608,182.133,0.196587
18639ms,18639,182.266,0.197143
18671ms,18671,182.225,0.196883
18704ms,18704,182.352,0.195743
18735ms,18735,182.168,0.196966
18768ms,18768,182.684,0.197375
18799ms,18799,182.390,0.197376
18832ms,18832,182.589,0.197151
18864ms,18864,182.794,0.197371
18943ms,18943,183.463,0.197459
18975ms,18975,183.582,0.197533
19007ms,19007,183.911,0.197617
19039ms,19039,184.071,0.198231
19071ms,19071,184.467,0.198269
19103ms,19103,184.705,0.198392
19136ms,19136,185.189,0.199434
19167ms,19167,185.327,0.199436
19200ms,19200,185.641,0.199908
19232ms,19232,185.984,0.200543
19264ms,19264,186.306,0.200789
19296ms,19296,186.628,0.201231
19344ms,19344,186.491,0.201083
19375ms,19375,186.466,0.200608
19407ms,19407,186.450,0.200474
19439ms,19439,186.515,0.200517
19471ms,19471,186.447,0.200428
19504ms,19504,186.463,0.200547
19536ms,19536,186.489,0.200414
19568ms,19568,186.437,0.200444
19600ms,19600,186.449,0.200493
19632ms,19632,186.474,0.200660
19664ms,19664,186.475,0.200647
19711ms,19711,186.544,0.200473
19743ms,19743,186.768,0.201098
19775ms,19775,186.270,0.201215
19807ms,19807,185.796,0.200866
19839ms,19839,185.360,0.199709
19871ms,19871,184.748,0.199262
19904ms,19904,184.273,0.199614
19935ms,19935,183.568,0.199054
19968ms,19968,183.322,0.197618
20000ms,20000,182.709,0.197180
20032ms,20032,182.611,0.198896
20064ms,20064,182.603,0.197122
20111ms,20111,182.221,0.196197
20143ms,20143,182.272,0.197598
20175ms,20175,182.368,0.198047
20207ms,20207,182.432,0.196321
20240ms,20240,182.142,0.197280
20304ms,20304,182.535,0.196432
20336ms,20336,182.487,0.197184
20368ms,20368,182.848,0.197962
20400ms,20400,183.072,0.197720
20432ms,20432,183.435,0.197840
20479ms,20479,183.643,0.197663
20511ms,20511,183.806,0.198030
20543ms,20543,184.139,0.198635
20575ms,20575,184.644,0.198220
20608ms,20608,184.788,0.198652
20639ms,20639,185.135,0.199519
20672ms,20672,185.508,0.199493
20703ms,20703,185.738,0.199788
20736ms,20736,186.012,0.200223
20768ms,20768,186.381,0.200430
20800ms,20800,186.577,0.200481
20847ms,20847,186.460,0.201034
20879ms,20879,186.361,0.200809
20911ms,20911,186.419,0.200159
20943ms,20943,186.410,0.200404
20975ms,20975,186.405,0.200432
21007ms,21007,186.465,0.200642
21040ms,21040,186.358,0.200319
21072ms,21072,186.421,0.200080
21104ms,21104,186.527,0.200400
21136ms,21136,186.459,0.200344
21168ms,21168,186.493,0.200423
21200ms,21200,186.525,0.200539
21247ms,21247,186.640,0.200697
21279ms,21279,186.213,0.200915
21311ms,21311,185.749,0.199801
21343ms,21343,185.181,0.200024
21375ms,21375,184.633,0.199139
21407ms,21407,183.822,0.198442
21440ms,21440,183.579,0.198411
21472ms,21472,183.042,0.198305
21504ms,21504,182.797,0.197050
21536ms,21536,182.632,0.198058
21568ms,21568,182.194,0.196963
21615ms,21615,182.412,0.196392
21647ms,21647,182.216,0.197811
21711ms,21711,182.391,0.197241
21744ms,21744,182.359,0.197581
21775ms,21775,182.600,0.197323
21808ms,21808,182.526,0.196987
21871ms,21871,182.792,0.197995
21904ms,21904,183.355,0.197161
21936ms,21936,183.474,0.197264
21984ms,21984,183.759,0.197560
22015ms,22015,184.011,0.197811
22047ms,22047,184.353,0.197851
22079ms,22079,184.674,0.198664
22143ms,22143,185.350,0.199720
22176ms,22176,185.445,0.199644
22208ms,22208,185.948,0.200668
22240ms,22240,186.156,0.200335
22272ms,22272,186.554,0.200890
22304ms,22304,186.536,0.201245
22304ms,22304,186.536,0.201245
22352ms,22352,186.454,0.200744
22352ms,22352,186.454,0.200744
22383ms,22383,186.629,0.200469
22415ms,22415,186.606,0.200463
22447ms,22447,186.525,0.200192
22479ms,22479,186.497,0.200254
22511ms,22511,186.508,0.200567
22544ms,22544,186.624,0.200563
22575ms,22575,186.550,0.200247
22608ms,22608,186.517,0.200239
22640ms,22640,186.588,0.200381
22672ms,22672,186.573,0.200323
22704ms,22704,186.673,0.200999
22751ms,22751,186.531,0.200883
22783ms,22783,186.066,0.200888
22816ms,22816,185.549,0.199946
22847ms,22847,185.116,0.200185
22879ms,22879,184.420,0.199219
22911ms,22911,183.686,0.198719
22944ms,22944,183.346,0.198234
22976ms,22976,182.873,0.196951
23008ms,23008,182.699,0.197170
23040ms,23040,182.461,0.199573
23072ms,23072,182.268,0.196953
23119ms,23119,182.246,0.197912
23151ms,23151,182.246,0.197061
23183ms,23183,182.470,0.196037
23215ms,23215,182.248,0.198457
23247ms,23247,182.588,0.197578
23279ms,23279,182.475,0.196828
23312ms,23312,182.570,0.197065
23344ms,23344,182.701,0.197386
23376ms,23376,183.130,0.197821
23408ms,23408,183.472,0.197347
23440ms,23440,183.567,0.197603
23472ms,23472,183.826,0.197962
23519ms,23519,184.095,0.197527
23551ms,23551,184.482,0.198027
23583ms,23583,184.624,0.198701
23615ms,23615,185.042,0.199017
23647ms,23647,185.322,0.199441
23680ms,23680,185.522,0.199821
23712ms,23712,185.891,0.200152
23744ms,23744,186.248,0.200274
23775ms,23775,186.410,0.200470
23808ms,23808,186.534,0.201071
23840ms,23840,186.345,0.200609
23887ms,23887,186.411,0.199974
23919ms,23919,186.529,0.200421
23951ms,23951,186.425,0.200512
23983ms,23983,186.515,0.200454
24047ms,24047,186.447,0.200744
24080ms,24080,186.502,0.200796
24111ms,24111,186.458,0.200321
24143ms,24143,186.558,0.200428
24175ms,24175,186.529,0.200333
24208ms,24208,186.583,0.200807
24255ms,24255,186.511,0.201177
24287ms,24287,185.964,0.200573
24319ms,24319,185.462,0.199838
24351ms,24351,184.874,0.199057
24383ms,24383,184.225,0.198796
24415ms,24415,183.695,0.198252
24447ms,24447,183.173,0.197657
24479ms,24479,182.814,0.197427
24512ms,24512,182.637,0.198638
24544ms,24544,182.551,0.196787
24575ms,24575,182.238,0.196364
24608ms,24608,182.333,0.197942
24655ms,24655,182.336,0.197894
24687ms,24687,182.414,0.196430
24719ms,24719,182.281,0.196821
24751ms,24751,182.495,0.197292
24783ms,24783,182.453,0.196526
24815ms,24815,182.606,0.196796
24879ms,24879,183.075,0.197849
24912ms,24912,183.420,0.197408
24944ms,24944,183.674,0.197318
24976ms,24976,183.940,0.198009
25055ms,25055,184.577,0.198273
25087ms,25087,184.838,0.198494
25119ms,25119,185.104,0.199577
25151ms,25151,185.479,0.199836
25183ms,25183,185.700,0.199915
25215ms,25215,185.994,0.200226
25248ms,25248,186.228,0.200641
25280ms,25280,186.481,0.200447
25312ms,25312,186.432,0.200940
25344ms,25344,186.411,0.200893
25391ms,25391,186.306,0.200123
25423ms,25423,186.396,0.200212
25455ms,25455,186.432,0.199932
25487ms,25487,186.427,0.200102
25519ms,25519,186.470,0.200553
25551ms,25551,186.398,0.200258
25583ms,25583,186.471,0.200267
25615ms,25615,186.467,0.200412
25647ms,25647,186.478,0.200771
25680ms,25680,186.499,0.200810
25711ms,25711,186.619,0.201036
25744ms,25744,186.257,0.201357
25791ms,25791,185.709,0.199979
25823ms,25823,185.210,0.199347
25855ms,25855,184.810,0.199421
25887ms,25887,184.069,0.198831
25919ms,25919,183.423,0.198767
25951ms,25951,183.154,0.198805
25983ms,25983,182.705,0.197816
26015ms,26015,182.651,0.197842
26047ms,26047,182.587,0.196934
26080ms,26080,182.472,0.196381
26112ms,26112,182.348,0.197576
26159ms,26159,182.368,0.196947
26191ms,26191,182.436,0.196881
26223ms,26223,182.504,0.197068
26351ms,26351,182.862,0.197704
26384ms,26384,183.211,0.197693
26416ms,26416,183.583,0.197313
26448ms,26448,183.738,0.197962
26480ms,26480,183.943,0.197991
26527ms,26527,184.351,0.198126
26559ms,26559,184.621,0.198126
26591ms,26591,184.951,0.199258
26623ms,26623,185.311,0.200381
26655ms,26655,185.535,0.200550
26687ms,26687,185.889,0.200496
26719ms,26719,186.134,0.200639
26752ms,26752,186.655,0.201599
26784ms,26784,186.908,0.201715
26816ms,26816,186.696,0.200688
26848ms,26848,186.825,0.200648
26879ms,26879,186.789,0.201286
26927ms,26927,186.676,0.200783
26959ms,26959,186.699,0.200629
26991ms,26991,186.745,0.200909
27023ms,27023,186.761,0.200742
27055ms,27055,186.696,0.200707
27087ms,27087,186.856,0.200946
27120ms,27120,186.735,0.200669
27152ms,27152,186.757,0.201038
27184ms,27184,186.845,0.200650
27216ms,27216,186.806,0.201179
27248ms,27248,186.196,0.200756
27295ms,27295,185.663,0.200341
27327ms,27327,185.104,0.199388
27359ms,27359,184.496,0.199112
27391ms,27391,183.772,0.198597
27423ms,27423,183.425,0.197691
27455ms,27455,183.075,0.197868
27488ms,27488,182.610,0.197413
27520ms,27520,182.454,0.198402
27551ms,27551,182.321,0.196748
27584ms,27584,182.394,0.197627
27616ms,27616,182.251,0.197588
27695ms,27695,182.369,0.199395
27727ms,27727,182.755,0.197157
27759ms,27759,182.535,0.197028
27791ms,27791,182.416,0.197371
27823ms,27823,182.696,0.197217
27855ms,27855,183.024,0.198142
27888ms,27888,183.377,0.197897
27920ms,27920,183.404,0.197478
27952ms,27952,183.810,0.197987
27984ms,27984,184.058,0.197747
28016ms,28016,184.526,0.198030
28063ms,28063,184.840,0.198352
28095ms,28095,185.228,0.199396
28127ms,28127,185.421,0.199859
28159ms,28159,185.614,0.200075
28191ms,28191,186.052,0.200552
28223ms,28223,186.245,0.200591
28255ms,28255,186.520,0.200891
28288ms,28288,186.432,0.200874
28320ms,28320,186.465,0.200518
28352ms,28352,186.557,0.200793
28384ms,28384,186.481,0.200611
28431ms,28431,186.487,0.200810
28463ms,28463,186.485,0.200960
28495ms,28495,186.510,0.200650
28559ms,28559,186.475,0.200220
28591ms,28591,186.496,0.200704
28623ms,28623,186.360,0.200255
28656ms,28656,186.443,0.200275
28688ms,28688,186.684,0.200610
28720ms,28720,186.444,0.201362
28752ms,28752,185.946,0.200274
28784ms,28784,185.351,0.199566
28831ms,28831,184.838,0.199154
28863ms,28863,184.311,0.199151
28895ms,28895,183.570,0.199107
28927ms,28927,183.245,0.197824
28959ms,28959,182.873,0.197187
28992ms,28992,182.511,0.199358
29024ms,29024,182.563,0.196681
29055ms,29055,182.257,0.196782
29088ms,29088,182.261,0.197828
29120ms,29120,182.235,0.197151
29152ms,29152,182.327,0.196477
29199ms,29199,182.348,0.196782
29231ms,29231,182.483,0.196900
29263ms,29263,182.517,0.197048
29295ms,29295,182.620,0.196654
29327ms,29327,182.874,0.197353
29359ms,29359,183.274,0.197985
29392ms,29392,183.367,0.197669
29424ms,29424,183.631,0.197164
29456ms,29456,183.904,0.197961
29488ms,29488,184.133,0.198127
29520ms,29520,184.602,0.198864
29567ms,29567,184.792,0.198986
29599ms,29599,185.061,0.199705
29631ms,29631,185.386,0.199341
29663ms,29663,185.654,0.200342
29695ms,29695,186.067,0.199978
29759ms,29759,186.475,0.200798
29792ms,29792,186.558,0.201089
29823ms,29823,186.477,0.200826
29856ms,29856,186.479,0.200760
29888ms,29888,186.438,0.200988
29920ms,29920,186.498,0.200885
29967ms,29967,186.451,0.200467
29999ms,29999,186.582,0.200380
30031ms,30031,186.534,0.200265
30063ms,30063,186.519,0.200470
30095ms,30095,186.407,0.200542
30127ms,30127,186.414,0.200334
30159ms,30159,186.564,0.200209
30191ms,30191,186.627,0.200984
30224ms,30224,186.404,0.201224
30256ms,30256,185.796,0.200788
30288ms,30288,185.358,0.199970
30335ms,30335,184.710,0.199163
30367ms,30367,184.211,0.198934
30399ms,30399,183.607,0.199191
30431ms,30431,183.089,0.197871
30463ms,30463,182.864,0.197914
30495ms,30495,182.561,0.198090
30527ms,30527,182.361,0.197999
30560ms,30560,182.296,0.196521
30591ms,30591,182.282,0.197291
30624ms,30624,182.311,0.196853
30656ms,30656,182.458,0.196738
30703ms,30703,182.427,0.197030
30735ms,30735,182.599,0.196579
30767ms,30767,182.475,0.197516
30799ms,30799,182.640,0.197049
30831ms,30831,182.939,0.197529
30863ms,30863,183.096,0.197174
30927ms,30927,183.662,0.198167
30960ms,30960,184.048,0.197754
30992ms,30992,184.333,0.198646
31024ms,31024,184.647,0.198699
31056ms,31056,185.042,0.198886
31103ms,31103,185.220,0.200174
31167ms,31167,185.715,0.200087
31199ms,31199,186.188,0.200794
31231ms,31231,186.415,0.200624
31263ms,31263,186.675,0.200930
31295ms,31295,186.413,0.200782
31327ms,31327,186.588,0.200536
31360ms,31360,186.563,0.200686
31391ms,31391,186.496,0.200800
31424ms,31424,186.406,0.200425
31471ms,31471,186.480,0.200301
31503ms,31503,186.557,0.200604
31535ms,31535,186.500,0.200627
31567ms,31567,186.584,0.200384
31599ms,31599,186.512,0.200313
31631ms,31631,186.551,0.200298
31695ms,31695,186.605,0.201146
31728ms,31728,186.169,0.200257
31760ms,31760,185.552,0.199823
31792ms,31792,185.082,0.200127
31839ms,31839,184.414,0.198785
31871ms,31871,183.813,0.197989
31903ms,31903,183.476,0.198345
31935ms,31935,182.940,0.197441
31999ms,31999,182.569,0.198597
32032ms,32032,182.344,0.196877
32063ms,32063,182.423,0.195987
32095ms,32095,182.267,0.196910
32128ms,32128,182.506,0.195742
32160ms,32160,182.178,0.197570
32207ms,32207,182.610,0.196614
32239ms,32239,182.616,0.196415
32271ms,32271,182.540,0.196503
32303ms,32303,182.677,0.197446
32335ms,32335,183.070,0.198233
32367ms,32367,183.357,0.197622
32399ms,32399,183.637,0.197590
32431ms,32431,183.836,0.198439
32463ms,32463,183.999,0.197554
32496ms,32496,184.491,0.198202
32527ms,32527,184.666,0.198948
32560ms,32560,185.102,0.199028
32607ms,32607,185.298,0.199155
32639ms,32639,185.498,0.200347
32671ms,32671,186.012,0.201191
32703ms,32703,186.373,0.200507
32735ms,32735,186.467,0.200985
32768ms,32768,186.411,0.201145
32800ms,32800,186.420,0.200824
32831ms,32831,186.417,0.200084
32864ms,32864,186.467,0.200306
32896ms,32896,186.465,0.200376
32928ms,32928,186.512,0.200594
32975ms,32975,186.343,0.200119
33007ms,33007,186.325,0.199948
33039ms,33039,186.325,0.200444
33071ms,33071,186.415,0.200576
33103ms,33103,186.459,0.200748
33135ms,33135,186.395,0.200598
33167ms,33167,186.537,0.201333
33199ms,33199,186.409,0.200918
33232ms,33232,185.820,0.200494
33295ms,33295,184.692,0.199018
33328ms,33328,184.098,0.199310
33375ms,33375,183.687,0.198934
33407ms,33407,183.069,0.197867
33439ms,33439,182.745,0.198106
33471ms,33471,182.650,0.197942
33503ms,33503,182.456,0.197130
33535ms,33535,182.345,0.196816
33567ms,33567,182.279,0.197902
33599ms,33599,182.295,0.197753
33632ms,33632,182.385,0.195952
33664ms,33664,182.411,0.198316
33696ms,33696,182.528,0.197215
33743ms,33743,182.563,0.196914
33775ms,33775,182.572,0.196941
33807ms,33807,182.928,0.197786
33839ms,33839,183.178,0.197433
33872ms,33872,183.330,0.197340
33903ms,33903,183.590,0.197300
33935ms,33935,183.964,0.197999
33967ms,33967,184.261,0.197981
33999ms,33999,184.726,0.198476
34032ms,34032,184.799,0.198844
34064ms,34064,185.158,0.199754
34111ms,34111,185.447,0.199586
34143ms,34143,185.788,0.200354
34175ms,34175,186.060,0.200686
34207ms,34207,186.428,0.200939
34239ms,34239,186.826,0.201497
34271ms,34271,186.798,0.201660
34303ms,34303,186.746,0.200866
34336ms,34336,186.632,0.200975
34368ms,34368,186.623,0.200824
34400ms,34400,186.656,0.200469
34432ms,34432,186.618,0.200730
34511ms,34511,186.710,0.200682
34543ms,34543,186.683,0.200716
34575ms,34575,186.622,0.200670
34607ms,34607,186.638,0.200608
34639ms,34639,186.747,0.201001
34671ms,34671,186.840,0.200971
34703ms,34703,186.210,0.200256
34735ms,34735,185.736,0.200169
34767ms,34767,185.149,0.199387
34831ms,34831,184.011,0.198334
34879ms,34879,183.454,0.199416
34911ms,34911,182.988,0.196854
34943ms,34943,182.618,0.197986
34975ms,34975,182.481,0.197606
35007ms,35007,182.378,0.197109
35039ms,35039,182.320,0.196924
35072ms,35072,182.252,0.198046
35103ms,35103,182.343,0.196326
35135ms,35135,182.406,0.197125
35167ms,35167,182.427,0.197381
35200ms,35200,182.632,0.197264
35247ms,35247,182.528,0.198090
35279ms,35279,182.650,0.197653
35311ms,35311,182.812,0.196859
35375ms,35375,183.745,0.197099
35407ms,35407,183.746,0.197547
35439ms,35439,184.089,0.197435
35471ms,35471,184.313,0.198233
35503ms,35503,184.720,0.198990
35536ms,35536,184.936,0.198579
35568ms,35568,185.320,0.199342
35600ms,35600,185.556,0.200236
35679ms,35679,186.148,0.200433
35711ms,35711,186.378,0.200688
35743ms,35743,186.493,0.200985
35775ms,35775,186.432,0.200716
35807ms,35807,186.450,0.200637
35839ms,35839,186.464,0.200650
35872ms,35872,186.460,0.200471
35903ms,35903,186.424,0.200234
35936ms,35936,186.563,0.200520
35968ms,35968,186.559,0.200532
36015ms,36015,186.536,0.200514
36047ms,36047,186.489,0.200191
36079ms,36079,186.570,0.200260
36111ms,36111,186.449,0.200725
36143ms,36143,186.593,0.200973
36175ms,36175,186.534,0.201335
36207ms,36207,186.160,0.200448
36239ms,36239,185.494,0.200100
36271ms,36271,185.101,0.199498
36304ms,36304,184.454,0.198767
36335ms,36335,183.764,0.198294
36383ms,36383,183.511,0.198424
36415ms,36415,183.034,0.197446
36447ms,36447,182.765,0.197782
36480ms,36480,182.491,0.199463
36511ms,36511,182.308,0.197230
36543ms,36543,182.269,0.197895
36575ms,36575,182.374,0.197430
36607ms,36607,182.382,0.196270
36639ms,36639,182.340,0.196930
36671ms,36671,182.655,0.196874
36703ms,36703,182.564,0.197616
36736ms,36736,182.539,0.196970
36783ms,36783,182.668,0.196828
36815ms,36815,183.097,0.197751
36847ms,36847,183.426,0.197664
36879ms,36879,183.586,0.198055
36911ms,36911,183.905,0.197740
36943ms,36943,184.175,0.197525
36975ms,36975,184.492,0.198123
37008ms,37008,184.544,0.198545
37040ms,37040,184.934,0.198752
37072ms,37072,185.401,0.200647
37104ms,37104,185.478,0.199882
37136ms,37136,185.828,0.200762
37183ms,37183,186.259,0.200375
37215ms,37215,186.357,0.200963
37247ms,37247,186.477,0.201050
37279ms,37279,186.292,0.200717
37311ms,37311,186.504,0.200551
37343ms,37343,186.367,0.199908
37376ms,37376,186.354,0.200631
37439ms,37439,186.448,0.200527
37471ms,37471,186.432,0.200781
37504ms,37504,186.462,0.200117
37551ms,37551,186.466,0.200562
37615ms,37615,186.521,0.200599
37647ms,37647,186.639,0.201016
37679ms,37679,186.327,0.201076
37711ms,37711,185.858,0.200250
37743ms,37743,185.506,0.199495
37775ms,37775,184.871,0.199351
37808ms,37808,184.093,0.198702
37839ms,37839,183.795,0.198910
37872ms,37872,183.202,0.198098
37919ms,37919,182.689,0.197945
37951ms,37951,182.670,0.197772
37983ms,37983,182.487,0.197106
38015ms,38015,182.470,0.197462
38047ms,38047,182.312,0.198100
38079ms,38079,182.266,0.197900
38111ms,38111,182.303,0.196279
38143ms,38143,182.395,0.198365
38175ms,38175,182.546,0.197278
38207ms,38207,182.643,0.196777
38239ms,38239,182.630,0.197081
38287ms,38287,182.929,0.198433
38319ms,38319,183.310,0.197939
38351ms,38351,183.378,0.197870
38383ms,38383,183.615,0.197189
38415ms,38415,183.899,0.198095
38447ms,38447,184.240,0.197841
38480ms,38480,184.540,0.198420
38511ms,38511,184.785,0.198837
38543ms,38543,185.167,0.199888
38576ms,38576,185.498,0.199823
38608ms,38608,185.696,0.200594
38640ms,38640,186.052,0.200854
38687ms,38687,186.343,0.200545
38719ms,38719,186.639,0.200154
38751ms,38751,186.347,0.201107
38783ms,38783,186.538,0.200622
38815ms,38815,186.359,0.200610
38847ms,38847,186.451,0.200678
38879ms,38879,186.496,0.200236
38912ms,38912,186.481,0.200405
38975ms,38975,186.523,0.200692
39008ms,39008,186.462,0.200584
39055ms,39055,186.430,0.200634
39087ms,39087,186.396,0.200519
39119ms,39119,186.530,0.200779
39151ms,39151,186.634,0.200776
39183ms,39183,186.157,0.200634
39215ms,39215,185.623,0.199930
39247ms,39247,185.219,0.199434
39279ms,39279,184.578,0.199094
39312ms,39312,183.899,0.198269
39344ms,39344,183.457,0.198207
39375ms,39375,183.040,0.198040
39423ms,39423,182.749,0.197237
39455ms,39455,182.521,0.198207
39487ms,39487,182.322,0.197248
39519ms,39519,182.327,0.197137
39551ms,39551,182.328,0.197415
39583ms,39583,182.307,0.196017
39615ms,39615,182.320,0.197041
39647ms,39647,182.599,0.197242
39679ms,39679,182.579,0.196476
39711ms,39711,182.515,0.196685
39744ms,39744,182.749,0.197664
39776ms,39776,182.891,0.197459
39824ms,39824,183.353,0.198006
39887ms,39887,183.813,0.197242
39919ms,39919,184.101,0.197236
39951ms,39951,184.506,0.197966
39983ms,39983,184.751,0.198826
40047ms,40047,185.234,0.199238
40079ms,40079,185.491,0.200027
40112ms,40112,185.828,0.200034
40143ms,40143,185.997,0.200598
40191ms,40191,186.435,0.200528
40223ms,40223,186.638,0.200933
40255ms,40255,186.391,0.200685
40287ms,40287,186.390,0.200548
40319ms,40319,186.553,0.200354
40351ms,40351,186.531,0.200653
40383ms,40383,186.462,0.200525
40415ms,40415,186.494,0.200340
40447ms,40447,186.455,0.199981
40480ms,40480,186.436,0.199852
40512ms,40512,186.428,0.200508
40559ms,40559,186.366,0.200523
40591ms,40591,186.449,0.200474
40623ms,40623,186.610,0.200990
40655ms,40655,186.382,0.200861
40687ms,40687,186.031,0.200620
40719ms,40719,185.438,0.199761
40751ms,40751,185.012,0.200106
40783ms,40783,184.332,0.199556
40815ms,40815,183.803,0.198476
40848ms,40848,183.391,0.198178
40880ms,40880,182.918,0.197135
40912ms,40912,182.651,0.198094
40959ms,40959,182.659,0.197131
40991ms,40991,182.325,0.196293
41023ms,41023,182.336,0.197584
41055ms,41055,182.359,0.198443
41087ms,41087,182.429,0.195997
41119ms,41119,182.339,0.197067
41151ms,41151,182.654,0.196655
41183ms,41183,182.463,0.197380
41216ms,41216,182.575,0.196870
41279ms,41279,183.048,0.197325
41360ms,41360,183.626,0.197575
41391ms,41391,184.000,0.197872
41424ms,41424,183.984,0.197786
41455ms,41455,184.347,0.197898
41487ms,41487,184.802,0.198681
41519ms,41519,185.136,0.199327
41551ms,41551,185.469,0.198927
41584ms,41584,185.638,0.200357
41616ms,41616,185.914,0.200748
41647ms,41647,186.304,0.200933
41695ms,41695,186.436,0.201404
41727ms,41727,186.500,0.200858
41759ms,41759,186.491,0.200874
41791ms,41791,186.448,0.200338
41823ms,41823,186.417,0.200394
41855ms,41855,186.430,0.200517
41887ms,41887,186.470,0.200365
41919ms,41919,186.402,0.200717
41951ms,41951,186.454,0.200680
41984ms,41984,186.398,0.200681
42016ms,42016,186.436,0.200670
42047ms,42047,186.422,0.200472
42095ms,42095,186.503,0.200394
42127ms,42127,186.592,0.201136
42159ms,42159,186.305,0.201097
42191ms,42191,185.884,0.200272
42223ms,42223,185.381,0.199304
42255ms,42255,184.822,0.199547
42287ms,42287,184.243,0.199225
42319ms,42319,183.659,0.198948
42351ms,42351,183.206,0.197933
42383ms,42383,182.766,0.197881
42415ms,42415,182.747,0.197877
42463ms,42463,182.659,0.197361
42495ms,42495,182.416,0.197745
42527ms,42527,182.284,0.197069
42559ms,42559,182.283,0.197051
42591ms,42591,182.389,0.196031
42623ms,42623,182.485,0.196170
42655ms,42655,182.561,0.197140
42687ms,42687,182.608,0.196835
42719ms,42719,182.547,0.196559
42751ms,42751,182.869,0.197154
42783ms,42783,183.125,0.197782
42815ms,42815,183.433,0.197398
42863ms,42863,183.618,0.197464
42895ms,42895,183.921,0.198034
42927ms,42927,184.284,0.197845
42959ms,42959,184.705,0.198844
43023ms,43023,185.126,0.199107
43055ms,43055,185.550,0.199502
43087ms,43087,185.783,0.200309
43119ms,43119,186.153,0.199994
43151ms,43151,186.364,0.200784
43183ms,43183,186.502,0.201099
43231ms,43231,186.564,0.200804
43263ms,43263,186.437,0.200549
43295ms,43295,186.465,0.200845
43327ms,43327,186.456,0.200558
43359ms,43359,186.413,0.200725
43391ms,43391,186.468,0.200624
43423ms,43423,186.417,0.200555
43455ms,43455,186.529,0.200327
43487ms,43487,186.488,0.200433
43519ms,43519,186.502,0.200708
43552ms,43552,186.537,0.200485
43599ms,43599,186.493,0.200783
43631ms,43631,186.470,0.200705
43663ms,43663,186.039,0.200676
43695ms,43695,185.591,0.200107
43727ms,43727,185.156,0.199279
43759ms,43759,184.603,0.199463
43791ms,43791,183.905,0.198722
43823ms,43823,183.549,0.198543
43855ms,43855,183.163,0.197575
43887ms,43887,182.766,0.196991
43920ms,43920,182.557,0.197169
43967ms,43967,182.107,0.197352
43999ms,43999,182.355,0.196627
44031ms,44031,182.286,0.197718
44063ms,44063,182.329,0.196217
44127ms,44127,182.579,0.197173
44159ms,44159,182.684,0.196914
44191ms,44191,182.537,0.197942
44223ms,44223,182.714,0.197817
44255ms,44255,182.769,0.197282
44288ms,44288,183.191,0.197166
44319ms,44319,183.799,0.197544
44367ms,44367,183.888,0.197771
44399ms,44399,184.032,0.198314
44431ms,44431,184.336,0.198250
44463ms,44463,184.646,0.198916
44495ms,44495,184.955,0.198615
44527ms,44527,185.214,0.199319
44559ms,44559,185.465,0.199822
44559ms,44559,185.465,0.199822
44591ms,44591,185.803,0.199958
44591ms,44591,185.803,0.199958
44623ms,44623,186.048,0.200280
44623ms,44623,186.048,0.200280
44655ms,44655,186.396,0.200626
44655ms,44655,186.396,0.200626
44688ms,44688,186.494,0.201106
44735ms,44735,186.249,0.200771
44767ms,44767,186.490,0.200888
44799ms,44799,186.445,0.200456
44831ms,44831,186.477,0.200303
44863ms,44863,186.476,0.200306
44895ms,44895,186.365,0.200007
44927ms,44927,186.485,0.200234
44963ms,44963,186.379,0.200517
45023ms,45023,186.510,0.200602
45055ms,45055,186.438,0.200636
45103ms,45103,186.572,0.200732
45135ms,45135,186.482,0.201049
45167ms,45167,185.988,0.200748
45199ms,45199,185.565,0.199576
45231ms,45231,185.047,0.199434
45263ms,45263,184.479,0.199043
45295ms,45295,183.867,0.198695
45327ms,45327,183.501,0.198419
45359ms,45359,182.848,0.196857
45391ms,45391,182.706,0.197684
45424ms,45424,182.598,0.198148
45455ms,45455,182.252,0.196726
45503ms,45503,182.323,0.196703
45535ms,45535,182.299,0.197130
45567ms,45567,182.345,0.196907
45599ms,45599,182.354,0.196980
45663ms,45663,182.651,0.196643
45695ms,45695,182.438,0.197651
45727ms,45727,182.678,0.197033
45759ms,45759,182.988,0.197851
45791ms,45791,183.391,0.197541
45824ms,45824,183.575,0.197986
45871ms,45871,183.895,0.197584
45903ms,45903,184.146,0.197701
45935ms,45935,184.462,0.198126
45967ms,45967,184.815,0.198287
45999ms,45999,184.951,0.199141
46031ms,46031,185.327,0.199946
46063ms,46063,185.588,0.200299
46095ms,46095,185.837,0.200397
46128ms,46128,186.200,0.200424
46159ms,46159,186.400,0.200773
46192ms,46192,186.507,0.200711
46239ms,46239,186.301,0.201024
46271ms,46271,186.475,0.200446
46303ms,46303,186.407,0.200482
46335ms,46335,186.446,0.200536
46367ms,46367,186.374,0.200659
46399ms,46399,186.412,0.200633
46431ms,46431,186.432,0.200687
46463ms,46463,186.485,0.200615
46495ms,46495,186.369,0.200394
46527ms,46527,186.278,0.200233
46559ms,46559,186.502,0.200499
46591ms,46591,186.474,0.200969
46639ms,46639,186.414,0.200994
46671ms,46671,185.841,0.200510
46703ms,46703,185.586,0.199983
46735ms,46735,184.783,0.199487
46767ms,46767,184.285,0.198634
46799ms,46799,183.858,0.197994
46831ms,46831,183.161,0.198161
46863ms,46863,182.820,0.197980
46895ms,46895,182.584,0.198038
46959ms,46959,182.384,0.196739
47007ms,47007,182.222,0.197320
47039ms,47039,182.266,0.196638
47071ms,47071,182.384,0.195931
47103ms,47103,182.619,0.197908
47135ms,47135,182.750,0.197348
47167ms,47167,182.668,0.196719
47199ms,47199,182.597,0.196373
47231ms,47231,182.838,0.196852
47263ms,47263,183.146,0.198022
47295ms,47295,183.475,0.197349
47327ms,47327,183.707,0.197225
47359ms,47359,183.940,0.198273
47407ms,47407,184.282,0.197661
47439ms,47439,184.633,0.198024
47471ms,47471,184.866,0.198996
47503ms,47503,185.071,0.199732
47535ms,47535,185.495,0.199611
47567ms,47567,185.796,0.200665
47599ms,47599,186.014,0.200368
47631ms,47631,186.297,0.200746
47663ms,47663,186.296,0.201215
47695ms,47695,186.423,0.200491
47727ms,47727,186.516,0.201168
47775ms,47775,186.409,0.200324
47807ms,47807,186.408,0.200472
47839ms,47839,186.419,0.200785
47871ms,47871,186.298,0.200566
47903ms,47903,186.423,0.200079
47935ms,47935,186.492,0.200408
47967ms,47967,186.443,0.200544
47999ms,47999,186.352,0.200320
48031ms,48031,186.435,0.200518
48063ms,48063,186.439,0.200565
48095ms,48095,186.508,0.200962
48128ms,48128,186.253,0.200829
48175ms,48175,185.551,0.200338
48239ms,48239,184.711,0.198819
48271ms,48271,184.010,0.197840
48303ms,48303,183.655,0.198117
48335ms,48335,183.026,0.197678
48367ms,48367,182.899,0.197482
48399ms,48399,182.488,0.197053
48431ms,48431,182.314,0.196849
48464ms,48464,182.444,0.196153
48495ms,48495,182.327,0.197196
48543ms,48543,182.364,0.196523
48575ms,48575,182.437,0.196312
48607ms,48607,182.618,0.197861
48639ms,48639,182.553,0.196213
48671ms,48671,182.471,0.197297
48703ms,48703,182.731,0.198048
48735ms,48735,183.022,0.197590
48767ms,48767,183.316,0.197530
48799ms,48799,183.679,0.197704
48832ms,48832,183.866,0.197705
48864ms,48864,184.010,0.197535
48911ms,48911,184.352,0.198137
48943ms,48943,184.741,0.199107
48975ms,48975,185.005,0.198948
49007ms,49007,185.191,0.199468
49039ms,49039,185.449,0.199722
49071ms,49071,185.791,0.199765
49103ms,49103,186.089,0.200149
49167ms,49167,186.491,0.200833
49200ms,49200,186.423,0.200922
49231ms,49231,186.458,0.200556
49279ms,49279,186.510,0.200652
49311ms,49311,186.383,0.200394
49343ms,49343,186.460,0.200078
49375ms,49375,186.496,0.200227
49407ms,49407,186.365,0.200556
49439ms,49439,186.370,0.200277
49471ms,49471,186.483,0.200328
49503ms,49503,186.308,0.200258
49535ms,49535,186.526,0.200427
49567ms,49567,186.557,0.200620
49599ms,49599,186.464,0.200744
49647ms,49647,185.946,0.200750
49679ms,49679,185.311,0.199571
49711ms,49711,185.000,0.199051
49743ms,49743,184.266,0.198783
49775ms,49775,183.731,0.198812
49807ms,49807,183.191,0.198110
49839ms,49839,182.812,0.197589
49871ms,49871,182.566,0.198157
49903ms,49903,182.669,0.196824
49935ms,49935,182.412,0.196626
49967ms,49967,182.383,0.197136
49999ms,49999,182.332,0.197551
50047ms,50047,182.265,0.196291
50079ms,50079,182.408,0.197800
50111ms,50111,182.655,0.197417
50143ms,50143,182.599,0.197188
50175ms,50175,182.505,0.196750
50207ms,50207,182.855,0.197119
50239ms,50239,183.103,0.197791
50271ms,50271,183.332,0.197641
50303ms,50303,183.632,0.197342
50335ms,50335,183.969,0.197660
50367ms,50367,184.175,0.197934
50400ms,50400,184.540,0.198308
50447ms,50447,184.768,0.198639
50479ms,50479,185.084,0.198756
50511ms,50511,185.424,0.199317
50543ms,50543,185.685,0.200454
50575ms,50575,185.964,0.200114
50607ms,50607,186.317,0.200739
50639ms,50639,186.435,0.201115
50703ms,50703,186.512,0.201060
50735ms,50735,186.462,0.200254
50767ms,50767,186.406,0.200457
50815ms,50815,186.363,0.200640
50847ms,50847,186.402,0.200592
50879ms,50879,186.386,0.200544
50911ms,50911,186.416,0.200405
50943ms,50943,186.424,0.200778
50975ms,50975,186.467,0.200404
51007ms,51007,186.446,0.200501
51039ms,51039,186.469,0.200891
51071ms,51071,186.549,0.200925
51103ms,51103,186.128,0.201251
51135ms,51135,185.767,0.200400
51183ms,51183,185.385,0.199862
51215ms,51215,184.881,0.199269
51247ms,51247,184.117,0.198914
51279ms,51279,183.551,0.198936
51311ms,51311,183.136,0.198004
51343ms,51343,182.639,0.197788
51375ms,51375,182.550,0.197598
51407ms,51407,182.365,0.197126
51439ms,51439,182.293,0.196359
51471ms,51471,182.284,0.198298
51504ms,51504,182.386,0.196781
51551ms,51551,182.495,0.197050
51583ms,51583,182.430,0.197396
51615ms,51615,182.634,0.197299
51647ms,51647,182.471,0.197528
51711ms,51711,182.857,0.197067
51743ms,51743,183.153,0.198058
51775ms,51775,183.410,0.197276
51807ms,51807,183.654,0.197709
51839ms,51839,183.919,0.198198
51871ms,51871,184.299,0.197714
51904ms,51904,184.590,0.198614
51951ms,51951,184.787,0.199127
51983ms,51983,185.155,0.199711
52015ms,52015,185.459,0.200227
52047ms,52047,185.610,0.200479
52079ms,52079,185.932,0.200269
52111ms,52111,186.331,0.200368
52143ms,52143,186.444,0.201069
52175ms,52175,186.475,0.201207
52207ms,52207,186.381,0.200622
52239ms,52239,186.463,0.200623
52271ms,52271,186.530,0.200284
52319ms,52319,186.435,0.200558
52351ms,52351,186.393,0.200829
52383ms,52383,186.453,0.200880
52415ms,52415,186.464,0.200550
52447ms,52447,186.435,0.200474
52479ms,52479,186.473,0.200459
52543ms,52543,186.458,0.200425
52575ms,52575,186.643,0.200672
52607ms,52607,186.206,0.200566
52639ms,52639,185.689,0.200485
52687ms,52687,185.226,0.199464
52719ms,52719,184.608,0.198995
52751ms,52751,184.066,0.198444
52783ms,52783,183.485,0.198138
52815ms,52815,183.025,0.198167
52847ms,52847,182.902,0.197687
52879ms,52879,182.550,0.197945
52911ms,52911,182.382,0.196991
52943ms,52943,182.277,0.196074
52975ms,52975,182.314,0.197612
53007ms,53007,182.307,0.197246
53040ms,53040,182.465,0.197117
53087ms,53087,182.518,0.198031
53119ms,53119,182.673,0.196412
53151ms,53151,182.510,0.196692
53183ms,53183,182.563,0.197636
53215ms,53215,182.967,0.197574
53247ms,53247,183.108,0.197489
53279ms,53279,183.566,0.197551
53311ms,53311,183.842,0.197738
53343ms,53343,183.993,0.197916
53375ms,53375,184.375,0.198256
53407ms,53407,184.652,0.198625
53455ms,53455,184.968,0.199167
53487ms,53487,185.204,0.199665
53519ms,53519,185.444,0.199443
53552ms,53552,185.799,0.200236
53583ms,53583,186.228,0.200995
53615ms,53615,186.407,0.200942
53647ms,53647,186.447,0.200724
53679ms,53679,186.368,0.200412
53711ms,53711,186.459,0.200452
53743ms,53743,186.481,0.200790
53775ms,53775,186.420,0.200709
53807ms,53807,186.396,0.200881
53919ms,53919,186.476,0.200489
53951ms,53951,186.394,0.200734
53983ms,53983,186.425,0.200738
54015ms,54015,186.398,0.200300
54047ms,54047,186.497,0.200605
54079ms,54079,186.464,0.201155
54111ms,54111,186.187,0.200282
54143ms,54143,185.618,0.199839
54175ms,54175,185.177,0.199522
54223ms,54223,184.446,0.199094
54255ms,54255,183.913,0.198175
54287ms,54287,183.471,0.198862
54319ms,54319,183.016,0.197594
54351ms,54351,182.753,0.197242
54383ms,54383,182.575,0.197882
54415ms,54415,182.220,0.197530
54447ms,54447,182.382,0.196886
54479ms,54479,182.214,0.197453
54511ms,54511,182.276,0.197043
54543ms,54543,182.374,0.197135
54591ms,54591,182.562,0.197107
54623ms,54623,182.736,0.196673
54655ms,54655,182.515,0.197338
54687ms,54687,182.669,0.197599
54719ms,54719,182.875,0.197439
54751ms,54751,183.418,0.197559
54783ms,54783,183.526,0.198166
54815ms,54815,183.879,0.198140
54847ms,54847,184.073,0.198360
54879ms,54879,184.434,0.197942
54912ms,54912,184.686,0.198471
54959ms,54959,184.918,0.199170
54991ms,54991,185.279,0.199740
55023ms,55023,185.554,0.200547
55055ms,55055,185.925,0.200191
55087ms,55087,186.422,0.200165
55119ms,55119,186.355,0.200541
55183ms,55183,186.402,0.200716
55215ms,55215,186.416,0.200694
55247ms,55247,186.449,0.200501
55279ms,55279,186.412,0.200927
55311ms,55311,186.498,0.200591
55359ms,55359,186.394,0.200490
55391ms,55391,186.494,0.200474
55423ms,55423,186.539,0.200467
55455ms,55455,186.453,0.200561
55487ms,55487,186.531,0.200385
55519ms,55519,186.546,0.200583
55551ms,55551,186.545,0.200728
55583ms,55583,186.524,0.200614
55615ms,55615,185.938,0.200184
55647ms,55647,185.362,0.199617
55679ms,55679,184.930,0.199260
55727ms,55727,184.202,0.198794
55759ms,55759,183.913,0.198427
55791ms,55791,183.292,0.198307
55823ms,55823,182.817,0.198271
55855ms,55855,182.543,0.198550
55887ms,55887,182.701,0.197396
55919ms,55919,182.307,0.197726
55951ms,55951,182.354,0.197348
55983ms,55983,182.380,0.197721
56015ms,56015,182.403,0.196078
56047ms,56047,182.204,0.196779
56079ms,56079,182.743,0.197169
56127ms,56127,182.654,0.196981
56191ms,56191,182.813,0.197058
56223ms,56223,183.073,0.197671
56255ms,56255,183.395,0.198603
56287ms,56287,183.700,0.197221
56319ms,56319,183.896,0.197449
56351ms,56351,184.218,0.197450
56383ms,56383,184.565,0.198215
56415ms,56415,184.720,0.198462
56447ms,56447,185.125,0.199186
56495ms,56495,185.496,0.199313
56527ms,56527,185.726,0.200663
56559ms,56559,185.937,0.201144
56591ms,56591,186.227,0.200660
56623ms,56623,186.419,0.200568
56655ms,56655,186.486,0.200663
56687ms,56687,186.617,0.200303
56719ms,56719,186.476,0.200536
56751ms,56751,186.450,0.200789
56783ms,56783,186.472,0.200706
56815ms,56815,186.452,0.200593
56863ms,56863,186.326,0.200981
56895ms,56895,186.479,0.200783
56927ms,56927,186.384,0.200636
56959ms,56959,186.397,0.200839
56991ms,56991,186.323,0.200517
57023ms,57023,186.381,0.200629
57055ms,57055,186.652,0.200630
57087ms,57087,186.231,0.200752
57119ms,57119,185.730,0.200025
57151ms,57151,185.331,0.200200
57183ms,57183,184.787,0.199187
57215ms,57215,183.973,0.199102
57263ms,57263,183.525,0.200273
57295ms,57295,183.076,0.198437
57327ms,57327,182.673,0.197581
57359ms,57359,182.741,0.197550
57391ms,57391,182.511,0.197186
57423ms,57423,182.384,0.196781
57455ms,57455,182.343,0.198040
57487ms,57487,182.434,0.197221
57519ms,57519,182.360,0.196322
57551ms,57551,182.451,0.197423
57583ms,57583,182.666,0.196216
57631ms,57631,182.700,0.196889
57663ms,57663,182.603,0.196483
57727ms,57727,183.088,0.198486
57759ms,57759,183.628,0.197124
57791ms,57791,183.697,0.198040
57823ms,57823,183.954,0.197123
57887ms,57887,184.698,0.198814
57919ms,57919,184.885,0.198603
57951ms,57951,185.109,0.199112
57999ms,57999,185.512,0.199803
58031ms,58031,185.824,0.200320
58063ms,58063,186.180,0.200362
58095ms,58095,186.341,0.200739
58127ms,58127,186.528,0.200717
58159ms,58159,186.465,0.201180
58191ms,58191,186.489,0.200486
58223ms,58223,186.452,0.200431
58255ms,58255,186.415,0.200866
58287ms,58287,186.402,0.200397
58319ms,58319,186.423,0.200515
58351ms,58351,186.485,0.200397
58399ms,58399,186.486,0.200381
58431ms,58431,186.322,0.200849
58463ms,58463,186.519,0.200465
58495ms,58495,186.452,0.200635
58527ms,58527,186.420,0.200585
58559ms,58559,186.556,0.201525
58591ms,58591,186.377,0.200674
58623ms,58623,185.694,0.199827
58655ms,58655,185.247,0.199481
58688ms,58688,184.549,0.199435
58719ms,58719,183.958,0.198350
58767ms,58767,183.508,0.198251
58799ms,58799,182.973,0.197577
58831ms,58831,182.619,0.197190
58863ms,58863,182.410,0.197917
58895ms,58895,182.391,0.196813
58927ms,58927,182.384,0.196427
58959ms,58959,182.347,0.197967
58991ms,58991,182.321,0.196671
59023ms,59023,182.420,0.196766
59055ms,59055,182.593,0.197302
59087ms,59087,182.600,0.196471
59119ms,59119,182.426,0.197416
59167ms,59167,182.639,0.196980
59199ms,59199,182.907,0.196942
59231ms,59231,182.958,0.197944
59263ms,59263,183.496,0.198043
59295ms,59295,183.638,0.197447
59327ms,59327,183.962,0.197932
59359ms,59359,184.376,0.197979
59391ms,59391,184.721,0.198709
59423ms,59423,184.873,0.199396
59455ms,59455,185.108,0.199741
59487ms,59487,185.510,0.199398
59535ms,59535,185.904,0.199944
59567ms,59567,186.063,0.200962
59599ms,59599,186.316,0.200750
59631ms,59631,186.336,0.200790
59663ms,59663,186.317,0.200789
59695ms,59695,186.446,0.200932
59727ms,59727,186.423,0.200880
59759ms,59759,186.545,0.200899
59791ms,59791,186.468,0.200682
59823ms,59823,186.435,0.200422
59855ms,59855,186.415,0.200377
59887ms,59887,186.370,0.200918
59935ms,59935,186.424,0.200920
59967ms,59967,186.424,0.200540
59999ms,59999,186.514,0.200441
60031ms,60031,186.506,0.201019
60063ms,60063,186.583,0.201105
60095ms,60095,186.141,0.200366
60127ms,60127,185.752,0.199464
60159ms,60159,185.182,0.199285
60191ms,60191,184.627,0.199286
60223ms,60223,183.893,0.198711
60255ms,60255,183.484,0.198812
60303ms,60303,183.007,0.197524
60335ms,60335,182.713,0.197463
60367ms,60367,182.669,0.198231
60399ms,60399,182.259,0.196991
60431ms,60431,182.413,0.197366
60463ms,60463,182.287,0.197347
60495ms,60495,182.546,0.196178
60527ms,60527,182.391,0.196772
60559ms,60559,182.634,0.196844
60591ms,60591,182.697,0.196752
60623ms,60623,182.553,0.197015
60671ms,60671,182.804,0.197449
60703ms,60703,182.806,0.196971
60735ms,60735,183.273,0.197518
60767ms,60767,183.537,0.197977
60799ms,60799,183.826,0.197247
60831ms,60831,184.097,0.197855
60863ms,60863,184.376,0.197878
60895ms,60895,184.758,0.198887
60927ms,60927,185.006,0.199358
60959ms,60959,185.393,0.199450
60991ms,60991,185.566,0.200231
61023ms,61023,185.826,0.200302
61071ms,61071,186.407,0.200268
61103ms,61103,186.364,0.201228
61135ms,61135,186.521,0.200729
61167ms,61167,186.495,0.200977
61199ms,61199,186.523,0.200582
61231ms,61231,186.507,0.200876
61263ms,61263,186.481,0.200796
61295ms,61295,186.532,0.201031
61327ms,61327,186.429,0.200382
61359ms,61359,186.537,0.200579
61391ms,61391,186.473,0.200583
61439ms,61439,186.439,0.200531
61471ms,61471,186.520,0.200304
61503ms,61503,186.400,0.200435
61535ms,61535,186.631,0.201105
61567ms,61567,186.358,0.200882
61599ms,61599,185.876,0.200617
61631ms,61631,185.502,0.200623
61663ms,61663,184.962,0.199679
61695ms,61695,184.208,0.198514
61727ms,61727,183.772,0.198151
61807ms,61807,182.821,0.197990
61839ms,61839,182.697,0.198089
61871ms,61871,182.595,0.196551
61903ms,61903,182.349,0.196602
61935ms,61935,182.444,0.197228
61967ms,61967,182.349,0.197928
61999ms,61999,182.480,0.196119
62031ms,62031,182.321,0.197089
62095ms,62095,182.618,0.196289
62127ms,62127,182.725,0.196750
62175ms,62175,182.770,0.197787
62207ms,62207,183.040,0.197250
62239ms,62239,183.366,0.198028
62271ms,62271,183.681,0.197598
62303ms,62303,183.952,0.197760
62335ms,62335,184.155,0.197714
62367ms,62367,184.516,0.197885
62399ms,62399,184.787,0.198981
62431ms,62431,185.200,0.199238
62463ms,62463,185.384,0.199762
62495ms,62495,185.561,0.200486
62543ms,62543,185.928,0.201012
62575ms,62575,186.266,0.200971
62607ms,62607,186.401,0.200844
62639ms,62639,186.489,0.201104
62671ms,62671,186.454,0.200522
62703ms,62703,186.448,0.200832
62735ms,62735,186.523,0.200308
62767ms,62767,186.437,0.200493
62799ms,62799,186.476,0.200466
62831ms,62831,186.347,0.200960
62863ms,62863,186.361,0.200775
62895ms,62895,186.390,0.200354
62943ms,62943,186.463,0.200262
62975ms,62975,186.359,0.200405
63007ms,63007,186.496,0.200527
63039ms,63039,186.729,0.200911
63071ms,63071,186.246,0.200693
63103ms,63103,185.640,0.200295
63135ms,63135,185.344,0.199537
63167ms,63167,184.728,0.199181
63199ms,63199,183.964,0.198680
63231ms,63231,183.437,0.198723
63263ms,63263,183.036,0.197445
63343ms,63343,182.465,0.198057
63375ms,63375,182.313,0.196612
63407ms,63407,182.347,0.196196
63439ms,63439,182.340,0.197284
63471ms,63471,182.378,0.197580
63503ms,63503,182.287,0.196366
63535ms,63535,182.432,0.196736
63567ms,63567,182.678,0.197075
63599ms,63599,182.576,0.197187
63663ms,63663,182.934,0.198015
63711ms,63711,183.050,0.196768
63743ms,63743,183.394,0.197625
63775ms,63775,183.607,0.197538
63807ms,63807,183.920,0.197794
63839ms,63839,184.348,0.197980
63871ms,63871,184.632,0.198610
63903ms,63903,184.863,0.199052
63935ms,63935,185.189,0.199647
63967ms,63967,185.476,0.199722
63999ms,63999,185.819,0.199595
64031ms,64031,186.224,0.200274
64079ms,64079,186.378,0.200584
64111ms,64111,186.624,0.201073
64143ms,64143,186.509,0.201341
64175ms,64175,186.491,0.201011
64207ms,64207,186.477,0.200822
64239ms,64239,186.473,0.200534
64271ms,64271,186.420,0.200802
64303ms,64303,186.434,0.201052
64335ms,64335,186.366,0.200650
64367ms,64367,186.464,0.200492
64399ms,64399,186.460,0.200358
64447ms,64447,186.477,0.200519
64479ms,64479,186.532,0.200483
64511ms,64511,186.552,0.200917
64543ms,64543,186.492,0.200700
64575ms,64575,186.189,0.200578
64607ms,64607,185.651,0.200270
64639ms,64639,185.200,0.199518
64671ms,64671,184.613,0.198671
64703ms,64703,183.997,0.198109
64735ms,64735,183.542,0.198426
64767ms,64767,183.158,0.197908
64799ms,64799,182.621,0.197216
64847ms,64847,182.529,0.197641
64879ms,64879,182.309,0.196754
64911ms,64911,182.384,0.196626
64943ms,64943,182.258,0.197152
64975ms,64975,182.356,0.196798
65007ms,65007,182.501,0.196920
65039ms,65039,182.517,0.197793
65071ms,65071,182.639,0.196987
65103ms,65103,182.630,0.197219
65135ms,65135,182.742,0.197608
65167ms,65167,182.907,0.197527
65215ms,65215,183.321,0.197305
65247ms,65247,183.701,0.197425
65279ms,65279,183.789,0.197844
65311ms,65311,184.035,0.197258
65343ms,65343,184.272,0.198441
65375ms,65375,184.689,0.198805
65407ms,65407,184.923,0.198964
65439ms,65439,185.132,0.199472
65471ms,65471,185.614,0.200413
65503ms,65503,185.871,0.200060
65535ms,65535,186.165,0.200140
65567ms,65567,186.408,0.200517
65615ms,65615,186.602,0.200914
65647ms,65647,186.417,0.200766
65679ms,65679,186.360,0.200521
65711ms,65711,186.468,0.201033
65743ms,65743,186.529,0.200630
65775ms,65775,186.532,0.200545
65807ms,65807,186.529,0.200666
65839ms,65839,186.518,0.200362
65871ms,65871,186.457,0.200612
65903ms,65903,186.422,0.200568
65935ms,65935,186.351,0.200821
66015ms,66015,186.581,0.201082
66047ms,66047,186.402,0.200938
66079ms,66079,185.891,0.200939
66111ms,66111,185.384,0.200197
66143ms,66143,185.003,0.199969
66175ms,66175,184.362,0.198568
66207ms,66207,183.863,0.198137
66239ms,66239,183.314,0.198473
66271ms,66271,182.923,0.197394
66303ms,66303,182.783,0.198355
66351ms,66351,182.675,0.197360
66383ms,66383,182.486,0.195906
66415ms,66415,182.373,0.197457
66447ms,66447,182.324,0.197172
66479ms,66479,182.406,0.196387
66511ms,66511,182.296,0.197407
66543ms,66543,182.750,0.197279
66575ms,66575,182.675,0.196680
66607ms,66607,182.524,0.197012
66639ms,66639,182.720,0.196991
66847ms,66847,184.385,0.198278
66879ms,66879,184.725,0.198640
66943ms,66943,185.544,0.199626
66975ms,66975,185.636,0.200254
67007ms,67007,185.972,0.200130
67039ms,67039,186.441,0.200687
67071ms,67071,186.510,0.201054
67119ms,67119,186.454,0.200773
67151ms,67151,186.409,0.201057
67183ms,67183,186.413,0.200481
67215ms,67215,186.372,0.200611
67247ms,67247,186.438,0.200868
67279ms,67279,186.441,0.200547
67311ms,67311,186.465,0.200766
67343ms,67343,186.537,0.200304
67375ms,67375,186.424,0.200670
67407ms,67407,186.448,0.200397
67439ms,67439,186.411,0.200590
67487ms,67487,186.488,0.200806
67519ms,67519,186.735,0.200819
67551ms,67551,186.210,0.200636
67583ms,67583,185.614,0.199587
67615ms,67615,185.303,0.199602
67647ms,67647,184.670,0.199102
67679ms,67679,184.163,0.198334
67711ms,67711,183.641,0.198910
67743ms,67743,183.209,0.197779
67775ms,67775,182.794,0.197095
67807ms,67807,182.414,0.197573
67855ms,67855,182.193,0.196572
67887ms,67887,182.405,0.196812
67919ms,67919,182.170,0.197580
67951ms,67951,182.366,0.197207
67983ms,67983,182.427,0.195963
68015ms,68015,182.476,0.197368
68047ms,68047,182.542,0.197253
68079ms,68079,182.641,0.197453
68111ms,68111,182.635,0.196346
68143ms,68143,182.842,0.196919
68175ms,68175,183.084,0.197326
68207ms,68207,183.640,0.197565
68255ms,68255,183.690,0.197755
68287ms,68287,184.019,0.198208
68319ms,68319,184.294,0.197993
68351ms,68351,184.648,0.198344
68383ms,68383,184.894,0.198930
68415ms,68415,185.198,0.199272
68479ms,68479,185.872,0.199900
68511ms,68511,186.211,0.199977
68543ms,68543,186.515,0.200678
68575ms,68575,186.558,0.200865
68655ms,68655,186.419,0.200118
68687ms,68687,186.428,0.200340
68719ms,68719,186.350,0.200695
68751ms,68751,186.414,0.200718
68783ms,68783,186.310,0.200673
68815ms,68815,186.395,0.200538
68847ms,68847,186.369,0.200568
68879ms,68879,186.399,0.200881
68911ms,68911,186.567,0.200353
68943ms,68943,186.353,0.200920
68991ms,68991,186.533,0.200945
69023ms,69023,186.487,0.201095
69055ms,69055,185.928,0.200805
69087ms,69087,185.566,0.200029
69119ms,69119,185.048,0.199476
69151ms,69151,184.271,0.198618
69183ms,69183,183.807,0.198259
69215ms,69215,183.276,0.198049
69247ms,69247,182.837,0.197618
69279ms,69279,182.487,0.198501
69311ms,69311,182.737,0.197383
69343ms,69343,182.383,0.196452
69391ms,69391,182.337,0.197871
69423ms,69423,182.355,0.197078
69455ms,69455,182.494,0.196593
69487ms,69487,182.452,0.196964
69519ms,69519,182.762,0.197329
69551ms,69551,182.693,0.197100
69583ms,69583,182.582,0.196364
69615ms,69615,182.837,0.197085
69647ms,69647,183.141,0.197665
69679ms,69679,183.366,0.198107
69711ms,69711,183.758,0.197486
69759ms,69759,183.892,0.197678
69791ms,69791,184.153,0.197754
69823ms,69823,184.474,0.198427
69855ms,69855,184.680,0.198385
69887ms,69887,185.066,0.199377
69919ms,69919,185.417,0.199528
69951ms,69951,185.733,0.199919
69983ms,69983,186.104,0.200283
70015ms,70015,186.306,0.200795
70047ms,70047,186.453,0.200840
70079ms,70079,186.485,0.200875
70111ms,70111,186.389,0.200948
70159ms,70159,186.334,0.200506
70191ms,70191,186.380,0.200436
70223ms,70223,186.480,0.200602
70255ms,70255,186.367,0.200545
70287ms,70287,186.354,0.200519
70319ms,70319,186.543,0.200334
70351ms,70351,186.369,0.200301
70383ms,70383,186.456,0.200290
70415ms,70415,186.463,0.200565
70447ms,70447,186.533,0.200830
70479ms,70479,186.631,0.200724
70527ms,70527,186.211,0.200721
70559ms,70559,185.722,0.200300
70591ms,70591,185.358,0.199264
70623ms,70623,184.776,0.199275
70655ms,70655,183.939,0.198279
70687ms,70687,183.545,0.199150
70719ms,70719,182.993,0.197534
70751ms,70751,182.723,0.197446
70783ms,70783,182.470,0.198464
70815ms,70815,182.265,0.196879
70847ms,70847,182.301,0.196308
70884ms,70884,182.272,0.197721
70959ms,70959,182.483,0.196401
70991ms,70991,182.623,0.196743
71023ms,71023,182.601,0.196685
71055ms,71055,182.585,0.196816
71087ms,71087,182.649,0.196086
71119ms,71119,182.959,0.197560
71151ms,71151,183.059,0.196898
71183ms,71183,183.416,0.198206
71215ms,71215,183.684,0.197285
71263ms,71263,184.050,0.198066
71295ms,71295,184.263,0.198197
71327ms,71327,184.622,0.198883
71359ms,71359,184.838,0.199187
71391ms,71391,185.222,0.199695
71423ms,71423,185.524,0.199712
71455ms,71455,185.851,0.199855
71487ms,71487,186.142,0.200062
71519ms,71519,186.346,0.200448
71551ms,71551,186.502,0.200849
71583ms,71583,186.413,0.201206
71615ms,71615,186.546,0.200866
71663ms,71663,186.516,0.200837
71695ms,71695,186.533,0.200937
71727ms,71727,186.453,0.201014
71759ms,71759,186.478,0.200715
71791ms,71791,186.501,0.200450
71823ms,71823,186.477,0.200385
71855ms,71855,186.442,0.200717
71887ms,71887,186.548,0.200787
71919ms,71919,186.488,0.200576
71951ms,71951,186.527,0.201153
71983ms,71983,186.461,0.201530
72063ms,72063,185.681,0.200282
72095ms,72095,185.076,0.200047
72127ms,72127,184.422,0.199410
72159ms,72159,183.831,0.198026
72191ms,72191,183.420,0.198050
72223ms,72223,182.968,0.198164
72255ms,72255,182.679,0.198272
72287ms,72287,182.696,0.196810
72319ms,72319,182.202,0.197604
72351ms,72351,182.366,0.197970
72383ms,72383,182.410,0.197017
72431ms,72431,182.528,0.196228
72463ms,72463,182.326,0.196820
72495ms,72495,182.689,0.197541
72527ms,72527,182.578,0.197051
72559ms,72559,182.516,0.196614
72591ms,72591,182.743,0.197131
72623ms,72623,182.953,0.198279
72655ms,72655,183.230,0.197513
72687ms,72687,183.615,0.198596
72720ms,72720,183.898,0.198068
72751ms,72751,184.195,0.197786
72799ms,72799,184.440,0.198304
72831ms,72831,184.776,0.198607
72863ms,72863,185.147,0.199373
72895ms,72895,185.389,0.199295
72927ms,72927,185.692,0.200305
72959ms,72959,186.008,0.200280
72991ms,72991,186.373,0.200465
73023ms,73023,186.444,0.200860
73055ms,73055,186.536,0.200822
73119ms,73119,186.395,0.200673
73151ms,73151,186.480,0.200848
73199ms,73199,186.362,0.200660
73231ms,73231,186.356,0.200528
73263ms,73263,186.330,0.200733
73295ms,73295,186.395,0.200662
73327ms,73327,186.484,0.200629
73359ms,73359,186.440,0.200382
73391ms,73391,186.402,0.200439
73423ms,73423,186.623,0.200800
73455ms,73455,186.623,0.200573
73487ms,73487,186.248,0.201134
73519ms,73519,185.769,0.199927
73567ms,73567,185.193,0.199611
73599ms,73599,184.563,0.199323
73631ms,73631,184.112,0.198613
73663ms,73663,183.576,0.198614
73695ms,73695,182.975,0.198111
73727ms,73727,182.809,0.197835
73759ms,73759,182.528,0.197210
73791ms,73791,182.297,0.196634
73823ms,73823,182.407,0.196424
73855ms,73855,182.359,0.197818
73887ms,73887,182.397,0.197005
73935ms,73935,182.471,0.196072
73967ms,73967,182.426,0.196967
73999ms,73999,182.572,0.197711
74031ms,74031,182.593,0.197387
74063ms,74063,182.611,0.196571
74095ms,74095,182.963,0.197926
74127ms,74127,183.090,0.196819
74159ms,74159,183.613,0.197205
74255ms,74255,184.449,0.197950
74303ms,74303,184.648,0.199195
74335ms,74335,185.041,0.199113
74367ms,74367,185.296,0.199315
74399ms,74399,185.594,0.200587
74431ms,74431,185.898,0.200354
74463ms,74463,186.222,0.200225
74495ms,74495,186.418,0.200786
74527ms,74527,186.514,0.200948
74559ms,74559,186.453,0.200940
74591ms,74591,186.321,0.201032
74623ms,74623,186.426,0.200615
74655ms,74655,186.368,0.200555
74703ms,74703,186.388,0.200475
74735ms,74735,186.423,0.200195
74767ms,74767,186.491,0.200562
74799ms,74799,186.402,0.200472
74831ms,74831,186.373,0.200380
74863ms,74863,186.397,0.200510
74895ms,74895,186.414,0.200795
74927ms,74927,186.585,0.200887
74959ms,74959,186.411,0.200907
74991ms,74991,185.845,0.200373
75023ms,75023,185.568,0.199698
75071ms,75071,185.108,0.199392
75103ms,75103,184.257,0.198404
75135ms,75135,183.928,0.197573
75167ms,75167,183.376,0.197860
75199ms,75199,182.873,0.197854
75231ms,75231,182.658,0.197469
75263ms,75263,182.698,0.196715
75295ms,75295,182.332,0.196631
75327ms,75327,182.353,0.197377
75359ms,75359,182.294,0.197316
75391ms,75391,182.352,0.196724
75423ms,75423,182.271,0.198076
75471ms,75471,182.629,0.196670
75503ms,75503,182.628,0.196936
75535ms,75535,182.536,0.197185
75567ms,75567,182.883,0.196566
75599ms,75599,183.046,0.197481
75663ms,75663,183.647,0.197682
75695ms,75695,183.712,0.197767
75727ms,75727,184.110,0.198292
75759ms,75759,184.384,0.198440
75791ms,75791,184.708,0.198650
75839ms,75839,184.987,0.198801
75871ms,75871,185.446,0.200225
75903ms,75903,185.569,0.200014
75935ms,75935,186.136,0.200230
75967ms,75967,186.324,0.200509
75999ms,75999,186.521,0.200769
76031ms,76031,186.548,0.200523
76063ms,76063,186.373,0.200487
76095ms,76095,186.371,0.200661
76127ms,76127,186.434,0.200890
76159ms,76159,186.490,0.200464
76207ms,76207,186.420,0.200344
76239ms,76239,186.405,0.200292
76271ms,76271,186.553,0.200483
76303ms,76303,186.383,0.200656
76335ms,76335,186.451,0.200688
76367ms,76367,186.367,0.200949
76399ms,76399,186.404,0.200630
76463ms,76463,186.392,0.200876
76495ms,76495,185.894,0.200730
76527ms,76527,185.424,0.199478
76575ms,76575,184.778,0.199255
76639ms,76639,183.863,0.198776
76671ms,76671,183.236,0.197652
76703ms,76703,182.758,0.197635
76735ms,76735,182.594,0.196951
76767ms,76767,182.535,0.196929
76799ms,76799,182.558,0.196983
76831ms,76831,182.320,0.198293
76863ms,76863,182.367,0.197514
76895ms,76895,182.450,0.196412
76927ms,76927,182.402,0.196590
76975ms,76975,182.623,0.197287
77007ms,77007,182.675,0.196913
77039ms,77039,182.619,0.196592
77071ms,77071,182.790,0.197217
77103ms,77103,183.044,0.197832
77135ms,77135,183.471,0.197690
77167ms,77167,183.617,0.196662
77199ms,77199,183.949,0.198153
77231ms,77231,184.303,0.197517
77263ms,77263,184.496,0.198281
77295ms,77295,184.764,0.199883
77343ms,77343,185.189,0.199341
77375ms,77375,185.503,0.199652
77407ms,77407,185.845,0.200370
77439ms,77439,186.093,0.200547
77471ms,77471,186.351,0.200399
77503ms,77503,186.366,0.200478
77535ms,77535,186.496,0.200881
77567ms,77567,186.343,0.200604
77599ms,77599,186.412,0.200672
77631ms,77631,186.358,0.200808
77711ms,77711,186.422,0.200508
77743ms,77743,186.396,0.200678
77775ms,77775,186.473,0.200730
77807ms,77807,186.475,0.200510
77839ms,77839,186.456,0.200695
77871ms,77871,186.431,0.200540
77903ms,77903,186.429,0.200830
77935ms,77935,186.460,0.200798
77967ms,77967,186.167,0.200586
77999ms,77999,185.639,0.200808
78031ms,78031,185.243,0.200169
78063ms,78063,184.775,0.199303
78111ms,78111,184.020,0.198575
78143ms,78143,183.355,0.198320
78175ms,78175,183.162,0.198188
78207ms,78207,182.740,0.198006
78239ms,78239,182.537,0.199224
78271ms,78271,182.323,0.196709
78303ms,78303,182.395,0.196306
78335ms,78335,182.208,0.198236
78367ms,78367,182.404,0.197094
78399ms,78399,182.498,0.196800
78431ms,78431,182.660,0.197182
78511ms,78511,182.517,0.197296
78543ms,78543,182.664,0.196977
78575ms,78575,183.012,0.197327
78607ms,78607,182.985,0.197175
78639ms,78639,183.539,0.197848
78671ms,78671,183.763,0.197829
78703ms,78703,184.021,0.197827
78735ms,78735,184.312,0.198447
78767ms,78767,184.705,0.198833
78799ms,78799,184.918,0.199036
78847ms,78847,185.291,0.199762
78879ms,78879,185.535,0.200024
78911ms,78911,185.750,0.200240
78943ms,78943,186.188,0.200277
78975ms,78975,186.431,0.200647
79007ms,79007,186.427,0.200779
79039ms,79039,186.441,0.200913
79071ms,79071,186.483,0.201041
79103ms,79103,186.407,0.200560
79135ms,79135,186.466,0.200740
79167ms,79167,186.514,0.200253
79199ms,79199,186.391,0.200624
79247ms,79247,186.453,0.199957
79279ms,79279,186.367,0.200291
79311ms,79311,186.457,0.200440
79343ms,79343,186.439,0.200169
79375ms,79375,186.431,0.200734
79407ms,79407,186.531,0.200803
79439ms,79439,186.523,0.200961
79471ms,79471,185.937,0.200279
79503ms,79503,185.606,0.199737
79535ms,79535,184.969,0.198867
79567ms,79567,184.270,0.199010
79615ms,79615,183.915,0.197975
79647ms,79647,183.327,0.198338
79679ms,79679,182.959,0.197545
79711ms,79711,182.733,0.198348
79743ms,79743,182.736,0.197168
79775ms,79775,182.279,0.196799
79807ms,79807,182.330,0.197232
79839ms,79839,182.319,0.197242
79903ms,79903,182.366,0.197104
79983ms,79983,182.629,0.196857
80015ms,80015,182.558,0.196514
80047ms,80047,182.756,0.196504
80079ms,80079,183.090,0.197819
80111ms,80111,183.422,0.198209
80143ms,80143,183.590,0.197578
80175ms,80175,183.873,0.197717
80207ms,80207,184.176,0.197707
80239ms,80239,184.453,0.198288
80271ms,80271,184.687,0.198921
80303ms,80303,185.243,0.199200
80335ms,80335,185.457,0.199503
80383ms,80383,185.721,0.200374
80415ms,80415,186.031,0.200492
80447ms,80447,186.444,0.200688
80479ms,80479,186.542,0.200613
80511ms,80511,186.413,0.200677
80543ms,80543,186.362,0.200873
80575ms,80575,186.355,0.200578
80607ms,80607,186.390,0.200491
80639ms,80639,186.419,0.200458
80671ms,80671,186.465,0.200061
80703ms,80703,186.390,0.200499
80751ms,80751,186.381,0.200625
80783ms,80783,186.409,0.200546
80815ms,80815,186.282,0.200445
80847ms,80847,186.405,0.200251
80879ms,80879,186.482,0.200440
80911ms,80911,186.608,0.200586
80943ms,80943,186.264,0.201035
80975ms,80975,185.863,0.200618
81007ms,81007,185.292,0.200091
81039ms,81039,184.735,0.199231
81071ms,81071,183.966,0.198867
81103ms,81103,183.645,0.198691
81151ms,81151,183.092,0.198254
81183ms,81183,182.725,0.197717
81215ms,81215,182.411,0.197886
81247ms,81247,182.234,0.196776
81279ms,81279,182.397,0.196259
81311ms,81311,182.369,0.197656
81343ms,81343,182.381,0.196437
81375ms,81375,182.558,0.196352
81407ms,81407,182.608,0.197868
81439ms,81439,182.646,0.196615
81471ms,81471,182.653,0.196685
81519ms,81519,182.785,0.196568
81551ms,81551,182.993,0.197200
81583ms,81583,183.075,0.197376
81615ms,81615,183.407,0.198141
81647ms,81647,183.785,0.197372
81679ms,81679,183.953,0.197891
81711ms,81711,184.390,0.197703
81743ms,81743,184.657,0.198729
81775ms,81775,184.905,0.199044
81807ms,81807,185.200,0.199203
81839ms,81839,185.602,0.199403
81871ms,81871,185.792,0.199731
81919ms,81919,186.074,0.201396
81951ms,81951,186.392,0.200785
81983ms,81983,186.402,0.200891
82015ms,82015,186.342,0.200573
82047ms,82047,186.349,0.200497
82079ms,82079,186.312,0.200025
82111ms,82111,186.451,0.200413
82143ms,82143,186.381,0.200464
82175ms,82175,186.332,0.200504
82207ms,82207,186.289,0.200589
82239ms,82239,186.302,0.200497
82319ms,82319,186.342,0.200408
82351ms,82351,186.367,0.200398
82383ms,82383,186.385,0.200621
82415ms,82415,186.395,0.200998
82447ms,82447,186.134,0.200364
82479ms,82479,185.572,0.200181
82511ms,82511,185.196,0.199640
82543ms,82543,184.401,0.199203
82575ms,82575,183.815,0.198231
82607ms,82607,183.462,0.197857
82655ms,82655,182.903,0.197625
82687ms,82687,182.737,0.197815
82719ms,82719,182.544,0.197326
82751ms,82751,182.284,0.196652
82783ms,82783,182.387,0.197538
82815ms,82815,182.186,0.197858
82847ms,82847,182.353,0.197612
82879ms,82879,182.470,0.196468
82911ms,82911,182.458,0.197583
82943ms,82943,182.665,0.197143
82975ms,82975,182.543,0.197149
83023ms,83023,182.657,0.197374
83055ms,83055,182.925,0.197667
83087ms,83087,183.257,0.197524
83151ms,83151,183.719,0.197964
83183ms,83183,184.002,0.197636
83215ms,83215,184.301,0.198473
83247ms,83247,184.669,0.198905
83279ms,83279,184.884,0.198751
83311ms,83311,185.122,0.198924
83343ms,83343,185.589,0.200255
83375ms,83375,185.945,0.200250
83423ms,83423,186.186,0.200288
83455ms,83455,186.497,0.200648
83487ms,83487,186.579,0.200772
83519ms,83519,186.430,0.200672
83551ms,83551,186.327,0.200692
83583ms,83583,186.383,0.200698
83615ms,83615,186.484,0.200401
83679ms,83679,186.423,0.200146
83711ms,83711,186.370,0.200875
83743ms,83743,186.426,0.200622
83791ms,83791,186.386,0.200403
83823ms,83823,186.452,0.200563
83855ms,83855,186.350,0.200759
83887ms,83887,186.455,0.200937
83919ms,83919,186.395,0.201301
83951ms,83951,185.868,0.200306
83983ms,83983,185.493,0.199811
84015ms,84015,184.976,0.199393
84047ms,84047,184.225,0.198749
84079ms,84079,183.910,0.198405
84159ms,84159,182.878,0.197736
84191ms,84191,182.712,0.197665
84223ms,84223,182.685,0.197082
84255ms,84255,182.455,0.196683
84287ms,84287,182.374,0.197802
84319ms,84319,182.327,0.196892
84351ms,84351,182.343,0.196952
84383ms,84383,182.475,0.196870
84415ms,84415,182.654,0.197465
84447ms,84447,182.663,0.196962
84479ms,84479,182.687,0.197192
84527ms,84527,182.826,0.196759
84559ms,84559,182.878,0.197320
84591ms,84591,183.386,0.197249
84623ms,84623,183.578,0.197646
84655ms,84655,183.921,0.197781
84687ms,84687,184.151,0.198063
84719ms,84719,184.295,0.198200
84751ms,84751,184.789,0.198688
84783ms,84783,185.021,0.198828
84815ms,84815,185.399,0.199816
84847ms,84847,185.593,0.200474
84879ms,84879,185.924,0.199906
84927ms,84927,186.180,0.200577
84959ms,84959,186.385,0.200764
84991ms,84991,186.444,0.200276
85023ms,85023,186.346,0.200691
85055ms,85055,186.329,0.200462
85087ms,85087,186.410,0.200382
85119ms,85119,186.385,0.200319
85151ms,85151,186.331,0.200316
85183ms,85183,186.339,0.200232
85215ms,85215,186.336,0.200339
85247ms,85247,186.417,0.200503
85295ms,85295,186.391,0.200577
85327ms,85327,186.480,0.200550
85359ms,85359,186.386,0.200729
85391ms,85391,186.607,0.200369
85423ms,85423,186.269,0.200898
85455ms,85455,185.759,0.200010
85519ms,85519,184.628,0.199055
85551ms,85551,184.198,0.198194
85583ms,85583,183.607,0.198608
85615ms,85615,183.122,0.198404
85647ms,85647,182.712,0.197629
85695ms,85695,182.603,0.197540
85727ms,85727,182.450,0.197008
85759ms,85759,182.589,0.196926
85791ms,85791,182.309,0.197235
85823ms,85823,182.391,0.196837
85855ms,85855,182.258,0.195853
85887ms,85887,182.424,0.197261
85919ms,85919,182.596,0.197107
85951ms,85951,182.745,0.196810
85983ms,85983,182.621,0.196862
86015ms,86015,182.823,0.197025
86063ms,86063,183.079,0.197586
86095ms,86095,183.271,0.197288
86127ms,86127,183.610,0.197322
86159ms,86159,183.959,0.197774
86191ms,86191,184.227,0.198336
86223ms,86223,184.612,0.198426
86255ms,86255,184.725,0.198575
86287ms,86287,185.023,0.199473
86319ms,86319,185.443,0.199534
86351ms,86351,185.665,0.200077
86383ms,86383,185.997,0.200622
86431ms,86431,186.377,0.200229
86463ms,86463,186.535,0.200740
86495ms,86495,186.401,0.200845
86527ms,86527,186.454,0.200494
86559ms,86559,186.353,0.200426
86591ms,86591,186.293,0.200312
86655ms,86655,186.428,0.200105
86687ms,86687,186.353,0.200554
86719ms,86719,186.391,0.200512
86751ms,86751,186.386,0.200360
86831ms,86831,186.376,0.200545
86863ms,86863,186.505,0.200928
86895ms,86895,186.511,0.200952
86927ms,86927,186.091,0.200682
86959ms,86959,185.579,0.200076
86991ms,86991,185.190,0.199893
87023ms,87023,184.727,0.199172
87055ms,87055,184.007,0.198890
87087ms,87087,183.473,0.198700
87119ms,87119,182.876,0.198224
87151ms,87151,182.838,0.197162
87199ms,87199,182.491,0.197949
87234ms,87234,182.143,0.197188
87263ms,87263,182.459,0.196011
87295ms,87295,182.100,0.197715
87327ms,87327,182.407,0.196492
87359ms,87359,182.292,0.196223
87391ms,87391,182.472,0.197228
87423ms,87423,182.586,0.196933
87455ms,87455,182.647,0.196787
87487ms,87487,182.587,0.196624
87519ms,87519,182.937,0.197744
87567ms,87567,183.110,0.197340
87599ms,87599,183.452,0.197606
87663ms,87663,183.952,0.197978
87695ms,87695,184.362,0.197752
87727ms,87727,184.591,0.198496
87759ms,87759,184.918,0.199155
87791ms,87791,185.043,0.199234
87823ms,87823,185.574,0.199764
87855ms,87855,185.815,0.200256
87887ms,87887,186.134,0.200477
87919ms,87919,186.324,0.200369
87967ms,87967,186.525,0.200600
87999ms,87999,186.335,0.200907
88031ms,88031,186.362,0.200661
88063ms,88063,186.298,0.200743
88095ms,88095,186.395,0.200314
88127ms,88127,186.410,0.200313
88159ms,88159,186.299,0.200526
88191ms,88191,186.247,0.200527
88223ms,88223,186.289,0.200308
88255ms,88255,186.327,0.200498
88287ms,88287,186.419,0.200228
88335ms,88335,186.469,0.200902
88367ms,88367,186.437,0.200812
88399ms,88399,186.491,0.201033
88431ms,88431,185.884,0.200756
88463ms,88463,185.460,0.199987
88495ms,88495,185.014,0.199653
88527ms,88527,184.417,0.198736
88559ms,88559,183.841,0.198239
88591ms,88591,183.269,0.198190
88623ms,88623,182.942,0.197344
88655ms,88655,182.725,0.198020
88703ms,88703,182.718,0.196552
88735ms,88735,182.376,0.197218
88767ms,88767,182.283,0.197135
88799ms,88799,182.290,0.197391
88831ms,88831,182.337,0.196838
88863ms,88863,182.310,0.197107
88895ms,88895,182.671,0.197777
88927ms,88927,182.648,0.196696
88959ms,88959,182.580,0.197267
89023ms,89023,182.969,0.197360
89103ms,89103,183.644,0.197802
89135ms,89135,183.771,0.198072
89167ms,89167,184.141,0.198309
89199ms,89199,184.286,0.198191
89231ms,89231,184.722,0.198835
89263ms,89263,184.892,0.198869
89295ms,89295,185.325,0.199519
89327ms,89327,185.670,0.200468
89359ms,89359,185.899,0.200125
89391ms,89391,186.267,0.200202
89423ms,89423,186.449,0.200814
89471ms,89471,186.491,0.200518
89503ms,89503,186.397,0.200370
89535ms,89535,186.326,0.200427
89567ms,89567,186.371,0.200685
89599ms,89599,186.315,0.200472
89631ms,89631,186.419,0.200143
89663ms,89663,186.369,0.200272
89695ms,89695,186.235,0.200448
89727ms,89727,186.268,0.200270
89759ms,89759,186.300,0.200369
89791ms,89791,186.311,0.201002
89839ms,89839,186.411,0.200942
89871ms,89871,186.545,0.200488
89903ms,89903,186.195,0.200620
89935ms,89935,185.747,0.200194
89967ms,89967,185.463,0.200227
89999ms,89999,184.713,0.199492
90031ms,90031,183.956,0.198776
90063ms,90063,183.641,0.198160
90095ms,90095,183.097,0.198853
90127ms,90127,182.642,0.198359
90159ms,90159,182.699,0.197247
90191ms,90191,182.428,0.196999
90239ms,90239,182.413,0.197159
90271ms,90271,182.366,0.197092
90303ms,90303,182.368,0.197577
90335ms,90335,182.398,0.196242
90367ms,90367,182.335,0.196286
90399ms,90399,182.663,0.196582
90431ms,90431,182.718,0.197264
90463ms,90463,182.696,0.196445
90495ms,90495,182.788,0.197041
90527ms,90527,183.131,0.198000
90559ms,90559,183.440,0.197678
90591ms,90591,183.832,0.197628
90639ms,90639,183.931,0.197848
90671ms,90671,184.270,0.197786
90703ms,90703,184.471,0.198752
90735ms,90735,184.787,0.198844
90767ms,90767,185.207,0.198863
90799ms,90799,185.451,0.199353
90831ms,90831,185.693,0.200030
90863ms,90863,185.990,0.200580
90895ms,90895,186.189,0.200463
90927ms,90927,186.580,0.201047
90959ms,90959,186.434,0.200477
91007ms,91007,186.444,0.200617
91039ms,91039,186.409,0.200874
91071ms,91071,186.545,0.200405
91103ms,91103,186.400,0.200536
91135ms,91135,186.441,0.200556
91167ms,91167,186.398,0.200346
91199ms,91199,186.403,0.200547
91231ms,91231,186.451,0.200662
91263ms,91263,186.524,0.200963
91295ms,91295,186.451,0.200350
91327ms,91327,186.488,0.201150
91375ms,91375,186.564,0.200720
91407ms,91407,186.360,0.200876
91439ms,91439,185.817,0.200639
91471ms,91471,185.383,0.199904
91503ms,91503,184.700,0.199287
91535ms,91535,184.063,0.198647
91567ms,91567,183.520,0.198656
91599ms,91599,183.173,0.198177
91631ms,91631,182.704,0.197434
91663ms,91663,182.630,0.198077
91695ms,91695,182.551,0.197432
91727ms,91727,182.550,0.196954
91775ms,91775,182.259,0.197580
91807ms,91807,182.376,0.197765
91839ms,91839,182.289,0.196435
91871ms,91871,182.430,0.196803
91903ms,91903,182.736,0.196821
91935ms,91935,182.637,0.197168
91967ms,91967,182.645,0.197216
91999ms,91999,182.794,0.197101
92031ms,92031,183.086,0.197949
92063ms,92063,183.217,0.197778
92095ms,92095,183.644,0.198670
92143ms,92143,183.888,0.198351
92175ms,92175,184.190,0.197874
92207ms,92207,184.317,0.198212
92239ms,92239,184.716,0.198615
92271ms,92271,185.045,0.199012
92303ms,92303,185.419,0.199646
92335ms,92335,185.630,0.200514
92367ms,92367,186.022,0.199672
92399ms,92399,186.304,0.200320
92431ms,92431,186.434,0.200784
92463ms,92463,186.447,0.200478
92511ms,92511,186.406,0.200588
92575ms,92575,186.431,0.199963
92607ms,92607,186.285,0.200377
92639ms,92639,186.311,0.200524
92671ms,92671,186.280,0.200370
92703ms,92703,186.335,0.200515
92735ms,92735,186.340,0.200701
92767ms,92767,186.303,0.200529
92799ms,92799,186.323,0.200543
92831ms,92831,186.410,0.200624
92879ms,92879,186.506,0.200658
92911ms,92911,186.334,0.200761
92943ms,92943,185.775,0.200180
92975ms,92975,185.485,0.199487
93007ms,93007,184.703,0.199022
93039ms,93039,184.105,0.198819
93071ms,93071,183.636,0.198979
93103ms,93103,183.198,0.198118
93135ms,93135,182.712,0.198261
93167ms,93167,182.706,0.198328
93199ms,93199,182.257,0.196817
93231ms,93231,182.343,0.196399
93279ms,93279,182.320,0.197970
93311ms,93311,182.348,0.196757
93343ms,93343,182.280,0.196271
93375ms,93375,182.327,0.196495
93407ms,93407,182.648,0.197417
93439ms,93439,182.731,0.196255
93503ms,93503,182.729,0.197028
93535ms,93535,182.958,0.197935
93567ms,93567,183.564,0.198086
93599ms,93599,183.816,0.197609
93647ms,93647,184.048,0.197639
93679ms,93679,184.388,0.198164
93711ms,93711,184.794,0.198784
93743ms,93743,184.752,0.199526
93775ms,93775,185.112,0.199153
93807ms,93807,185.480,0.199628
93839ms,93839,185.611,0.200049
93871ms,93871,185.930,0.199909
93903ms,93903,186.204,0.200261
93935ms,93935,186.485,0.200338
93967ms,93967,186.346,0.200994
94015ms,94015,186.370,0.200599
94047ms,94047,186.258,0.200405
94079ms,94079,186.358,0.200764
94111ms,94111,186.297,0.200364
94143ms,94143,186.311,0.200391
94175ms,94175,186.321,0.200030
94207ms,94207,186.367,0.200019
94239ms,94239,186.346,0.200364
94271ms,94271,186.389,0.200388
94303ms,94303,186.324,0.200948
94335ms,94335,186.410,0.200885
94367ms,94367,186.544,0.200251
94415ms,94415,186.171,0.200583
94447ms,94447,185.674,0.199971
94479ms,94479,185.231,0.199867
94511ms,94511,184.704,0.199190
94543ms,94543,184.084,0.198502
94575ms,94575,183.612,0.198514
94607ms,94607,183.040,0.197961
94639ms,94639,182.791,0.197171
94671ms,94671,182.589,0.196966
94703ms,94703,182.239,0.196975
94735ms,94735,182.437,0.196276
94783ms,94783,182.293,0.197822
94815ms,94815,182.336,0.196402
94847ms,94847,182.464,0.196063
94879ms,94879,182.386,0.197202
94911ms,94911,182.627,0.197055
94943ms,94943,182.695,0.197249
94975ms,94975,182.704,0.196854
95007ms,95007,182.869,0.197278
95039ms,95039,182.999,0.197384
95071ms,95071,183.337,0.198228
95103ms,95103,183.674,0.197338
95183ms,95183,184.303,0.198000
95215ms,95215,184.553,0.198048
95247ms,95247,184.892,0.198554
95279ms,95279,185.097,0.198979
95311ms,95311,185.580,0.200012
95343ms,95343,185.693,0.200382
95375ms,95375,186.149,0.200217
95407ms,95407,186.380,0.200355
95439ms,95439,186.434,0.200791
95471ms,95471,186.391,0.200749
95503ms,95503,186.359,0.200744
95551ms,95551,186.352,0.200349
95583ms,95583,186.298,0.200496
95615ms,95615,186.362,0.200748
95647ms,95647,186.399,0.200312
95679ms,95679,186.335,0.200304
95711ms,95711,186.376,0.200376
95743ms,95743,186.344,0.200917
95775ms,95775,186.290,0.200578
95807ms,95807,186.361,0.200653
95839ms,95839,186.349,0.200977
95871ms,95871,186.560,0.200741
95919ms,95919,186.157,0.200370
95951ms,95951,185.717,0.200337
95983ms,95983,185.291,0.200620
96015ms,96015,184.713,0.199461
96047ms,96047,184.043,0.198513
96079ms,96079,183.654,0.198606
96111ms,96111,183.087,0.197176
96143ms,96143,182.799,0.197478
96175ms,96175,182.445,0.197379
96207ms,96207,182.227,0.196741
96271ms,96271,182.306,0.196416
96319ms,96319,182.424,0.196641
96351ms,96351,182.466,0.196822
96383ms,96383,182.375,0.198062
96415ms,96415,182.713,0.196991
96447ms,96447,182.599,0.196851
96479ms,96479,182.610,0.196431
96511ms,96511,182.915,0.197482
96543ms,96543,183.114,0.197304
96575ms,96575,183.475,0.197943
96608ms,96608,183.857,0.197510
96639ms,96639,183.906,0.198080
96687ms,96687,184.280,0.197835
96719ms,96719,184.518,0.198770
96751ms,96751,184.789,0.198887
96783ms,96783,185.205,0.198942
96815ms,96815,185.611,0.199597
96847ms,96847,185.739,0.200290
96879ms,96879,186.012,0.200582
96911ms,96911,186.386,0.200436
96943ms,96943,186.500,0.200569
96975ms,96975,186.365,0.200978
97007ms,97007,186.383,0.200634
97055ms,97055,186.315,0.200648
97087ms,97087,186.409,0.200632
97119ms,97119,186.387,0.200378
97151ms,97151,186.320,0.200612
97183ms,97183,186.218,0.200394
97215ms,97215,186.389,0.200134
97247ms,97247,186.326,0.200819
97279ms,97279,186.405,0.200798
97311ms,97311,186.388,0.200741
97343ms,97343,186.368,0.200984
97375ms,97375,186.527,0.200778
97487ms,97487,185.176,0.199575
97519ms,97519,184.549,0.199094
97551ms,97551,183.938,0.198310
97583ms,97583,183.413,0.198103
97615ms,97615,182.948,0.197789
97647ms,97647,182.791,0.198042
97679ms,97679,182.747,0.196423
97711ms,97711,182.337,0.196640
97743ms,97743,182.338,0.197645
97775ms,97775,182.273,0.196891
97823ms,97823,182.395,0.196518
97855ms,97855,182.363,0.197097
97887ms,97887,182.642,0.197654
97919ms,97919,182.606,0.196870
97951ms,97951,182.599,0.197260
97983ms,97983,182.781,0.197118
98015ms,98015,183.082,0.197641
98047ms,98047,183.248,0.197439
98079ms,98079,183.532,0.197833
98111ms,98111,183.766,0.197563
98143ms,98143,184.148,0.197912
98191ms,98191,184.426,0.198418
98255ms,98255,185.052,0.198803
98287ms,98287,185.283,0.198973
98319ms,98319,185.583,0.200372
98351ms,98351,185.932,0.199802
98383ms,98383,186.263,0.200205
98415ms,98415,186.366,0.200501
98447ms,98447,186.408,0.200697
98479ms,98479,186.368,0.200973
98511ms,98511,186.359,0.200615
98559ms,98559,186.387,0.200189
98591ms,98591,186.400,0.200449
98623ms,98623,186.339,0.200456
98655ms,98655,186.348,0.200411
98687ms,98687,186.285,0.200422
98719ms,98719,186.312,0.200422
98751ms,98751,186.337,0.200284
98783ms,98783,186.351,0.200294
98815ms,98815,186.468,0.200911
98847ms,98847,186.542,0.200918
98879ms,98879,186.488,0.200791
98911ms,98911,185.952,0.200678
98959ms,98959,185.619,0.199402
98991ms,98991,184.793,0.199326
99023ms,99023,184.136,0.198559
99055ms,99055,183.803,0.198259
99087ms,99087,183.273,0.197840
99119ms,99119,182.880,0.197541
99151ms,99151,182.728,0.198185
99183ms,99183,182.660,0.196770
99215ms,99215,182.470,0.197365
99247ms,99247,182.304,0.197629
99279ms,99279,182.306,0.197692
99327ms,99327,182.491,0.195599
99359ms,99359,182.311,0.196896
99391ms,99391,182.626,0.197500
99423ms,99423,182.550,0.197150
99455ms,99455,182.528,0.196539
99487ms,99487,182.841,0.196637
99519ms,99519,183.088,0.198156
99551ms,99551,183.372,0.197841
99583ms,99583,183.649,0.198023
99679ms,99679,184.305,0.198388
99727ms,99727,184.746,0.198866
99759ms,99759,185.058,0.199137
99791ms,99791,185.377,0.199695
99823ms,99823,185.640,0.200189
99855ms,99855,185.991,0.200021
99887ms,99887,186.189,0.200663
99919ms,99919,186.387,0.200564
99951ms,99951,186.374,0.200760
99983ms,99983,186.400,0.200850
100015ms,100015,186.322,0.200879
100047ms,100047,186.404,0.200452
100095ms,100095,186.366,0.200509
100127ms,100127,186.448,0.200147
100159ms,100159,186.335,0.200511
100191ms,100191,186.326,0.200494
100223ms,100223,186.411,0.200560
100255ms,100255,186.329,0.200419
100287ms,100287,186.341,0.200452
100319ms,100319,186.318,0.201025
100351ms,100351,186.509,0.200882
100383ms,100383,186.277,0.200663
100415ms,100415,185.777,0.200424
100463ms,100463,185.311,0.199628
100495ms,100495,184.708,0.198992
100527ms,100527,184.051,0.198908
100559ms,100559,183.729,0.198415
100591ms,100591,182.995,0.197841
100623ms,100623,182.791,0.197046
100655ms,100655,182.494,0.197309
100687ms,100687,182.338,0.197113
100719ms,100719,182.378,0.196978
100751ms,100751,182.171,0.197969
100783ms,100783,182.372,0.197060
100863ms,100863,182.471,0.196798
100895ms,100895,182.588,0.196906
100927ms,100927,182.689,0.196774
100959ms,100959,182.694,0.196449
100991ms,100991,182.916,0.198087
101023ms,101023,183.131,0.197341
101055ms,101055,183.387,0.197331
101087ms,101087,183.729,0.197682
101119ms,101119,184.051,0.197798
101151ms,101151,184.357,0.198222
101183ms,101183,184.558,0.198960
101231ms,101231,184.908,0.199717
101263ms,101263,185.267,0.199360
101295ms,101295,185.544,0.199746
101327ms,101327,185.820,0.199987
101359ms,101359,186.018,0.200246
101391ms,101391,186.366,0.200842
101423ms,101423,186.455,0.200838
101455ms,101455,186.348,0.201402
101487ms,101487,186.274,0.200927
101519ms,101519,186.317,0.200483
101551ms,101551,186.239,0.200401
101599ms,101599,186.336,0.200325
101631ms,101631,186.292,0.200315
101663ms,101663,186.316,0.200326
101695ms,101695,186.350,0.200670
101727ms,101727,186.300,0.200604
101759ms,101759,186.289,0.200562
101791ms,101791,186.351,0.200973
101823ms,101823,186.424,0.201039
101855ms,101855,186.488,0.200806
101887ms,101887,186.085,0.200833
101919ms,101919,185.680,0.200705
101951ms,101951,185.206,0.200328
101999ms,101999,184.591,0.198701
102031ms,102031,183.912,0.198017
102063ms,102063,183.480,0.197994
102127ms,102127,182.684,0.197781
102159ms,102159,182.703,0.197983
102191ms,102191,182.454,0.196761
102223ms,102223,182.561,0.196634
102255ms,102255,182.195,0.197113
102287ms,102287,182.451,0.196765
102319ms,102319,182.459,0.196175
102367ms,102367,182.375,0.197803
102399ms,102399,182.727,0.196931
102431ms,102431,182.574,0.197564
102463ms,102463,182.647,0.196811
102495ms,102495,182.925,0.196870
102527ms,102527,182.957,0.197273
102559ms,102559,183.489,0.197180
102591ms,102591,183.690,0.197418
102623ms,102623,183.963,0.197960
102655ms,102655,184.376,0.197958
102687ms,102687,184.557,0.198638
102735ms,102735,184.846,0.198939
102767ms,102767,185.243,0.199162
102799ms,102799,185.601,0.199435
102831ms,102831,185.829,0.199950
102863ms,102863,186.046,0.200252
102895ms,102895,186.412,0.200433
102927ms,102927,186.537,0.200616
102959ms,102959,186.377,0.200858
102991ms,102991,186.330,0.200789
103023ms,103023,186.300,0.200714
103055ms,103055,186.359,0.200205
103087ms,103087,186.410,0.200599
103135ms,103135,186.396,0.200343
103167ms,103167,186.388,0.200260
103199ms,103199,186.319,0.200456
103231ms,103231,186.391,0.200520
103263ms,103263,186.359,0.200345
103295ms,103295,186.407,0.200562
103327ms,103327,186.326,0.200977
103359ms,103359,186.467,0.201021
103391ms,103391,185.987,0.200671
103423ms,103423,185.551,0.200430
103455ms,103455,185.195,0.200358
103503ms,103503,184.535,0.199179
103535ms,103535,183.934,0.198500
103567ms,103567,183.465,0.198759
103599ms,103599,182.953,0.197205
103631ms,103631,182.859,0.197780
103663ms,103663,182.702,0.198089
103695ms,103695,182.203,0.197085
103727ms,103727,182.446,0.196817
103759ms,103759,182.270,0.196583
103791ms,103791,182.436,0.196427
103823ms,103823,182.491,0.196226
103855ms,103855,182.592,0.197867
103903ms,103903,182.559,0.196734
103935ms,103935,182.545,0.197412
103967ms,103967,182.760,0.197182
103999ms,103999,182.983,0.197617
104031ms,104031,183.164,0.196713
104063ms,104063,183.600,0.197540
104095ms,104095,183.845,0.197312
104127ms,104127,184.010,0.197512
104159ms,104159,184.402,0.198100
104191ms,104191,184.731,0.198742
104223ms,104223,184.975,0.199104
104271ms,104271,185.202,0.199030
104303ms,104303,185.663,0.199823
104335ms,104335,185.922,0.199881
104367ms,104367,186.242,0.200549
104399ms,104399,186.328,0.200711
104431ms,104431,186.456,0.201144
104463ms,104463,186.495,0.200711
104495ms,104495,186.339,0.200368
104527ms,104527,186.286,0.200472
104559ms,104559,186.237,0.200306
104591ms,104591,186.354,0.200386
104623ms,104623,186.338,0.200537
104671ms,104671,186.376,0.200275
104703ms,104703,186.308,0.200267
104735ms,104735,186.371,0.200380
104767ms,104767,186.243,0.200476
104799ms,104799,186.438,0.200742
104831ms,104831,186.480,0.200740
104863ms,104863,186.447,0.200675
104895ms,104895,185.744,0.200903
104927ms,104927,185.444,0.199869
104959ms,104959,185.038,0.200045
104991ms,104991,184.369,0.198647
105039ms,105039,183.834,0.198193
105071ms,105071,183.431,0.198656
105103ms,105103,182.958,0.197974
105135ms,105135,182.663,0.198098
105167ms,105167,182.739,0.196819
105199ms,105199,182.328,0.196324
105231ms,105231,182.379,0.197396
105263ms,105263,182.310,0.197073
105295ms,105295,182.346,0.196127
105327ms,105327,182.412,0.197109
105359ms,105359,182.785,0.197316
105407ms,105407,182.631,0.197263
105439ms,105439,182.501,0.196146
105503ms,105503,182.922,0.197395
105535ms,105535,183.313,0.196920
105567ms,105567,183.586,0.198751
105599ms,105599,183.790,0.198051
105631ms,105631,184.103,0.197959
105663ms,105663,184.327,0.197910
105695ms,105695,184.687,0.198448
105727ms,105727,184.949,0.198908
105775ms,105775,185.403,0.199557
105807ms,105807,185.724,0.200182
105839ms,105839,185.967,0.200227
105871ms,105871,186.252,0.200302
105903ms,105903,186.409,0.200619
105935ms,105935,186.441,0.200508
105967ms,105967,186.319,0.200864
105999ms,105999,186.370,0.200546
106031ms,106031,186.285,0.200493
106063ms,106063,186.285,0.200349
106095ms,106095,186.263,0.200295
106143ms,106143,186.319,0.200496
106175ms,106175,186.367,0.200435
106207ms,106207,186.317,0.200760
106239ms,106239,186.327,0.200432
106271ms,106271,186.343,0.200706
106303ms,106303,186.354,0.200680
106335ms,106335,186.445,0.200689
106367ms,106367,186.286,0.201061
106399ms,106399,185.746,0.200478
106431ms,106431,185.358,0.200191
106463ms,106463,184.607,0.199371
106495ms,106495,184.194,0.198956
106543ms,106543,183.753,0.198669
106575ms,106575,183.212,0.198106
106607ms,106607,182.600,0.197830
106639ms,106639,182.822,0.197590
106671ms,106671,182.510,0.197377
106703ms,106703,182.384,0.196731
106735ms,106735,182.261,0.197380
106767ms,106767,182.426,0.197172
106799ms,106799,182.401,0.196148
106831ms,106831,182.323,0.196978
106863ms,106863,182.649,0.197080
106895ms,106895,182.695,0.196861
106943ms,106943,182.754,0.196594
106975ms,106975,182.823,0.197953
107007ms,107007,183.081,0.197426
107039ms,107039,183.376,0.197832
107071ms,107071,183.726,0.197301
107103ms,107103,183.898,0.197934
107135ms,107135,184.237,0.197602
107167ms,107167,184.584,0.198502
107199ms,107199,184.896,0.199468
107231ms,107231,185.202,0.199045
107263ms,107263,185.559,0.199859
107311ms,107311,185.682,0.200443
107343ms,107343,186.016,0.200940
107375ms,107375,186.347,0.200393
107407ms,107407,186.414,0.200769
107439ms,107439,186.255,0.200990
107471ms,107471,186.417,0.200446
107503ms,107503,186.349,0.200674
107535ms,107535,186.365,0.200194
107567ms,107567,186.418,0.200239
107599ms,107599,186.250,0.200520
107631ms,107631,186.441,0.200610
107679ms,107679,186.293,0.200316
107711ms,107711,186.278,0.200515
107743ms,107743,186.317,0.200502
107775ms,107775,186.398,0.200805
107807ms,107807,186.373,0.200979
107839ms,107839,186.566,0.201001
107871ms,107871,186.067,0.200957
107903ms,107903,185.461,0.200110
107935ms,107935,185.053,0.199563
107967ms,107967,184.319,0.198777
107999ms,107999,183.882,0.198557
108031ms,108031,183.305,0.198062
108079ms,108079,182.961,0.197199
108111ms,108111,182.837,0.198339
108143ms,108143,182.634,0.197516
108175ms,108175,182.271,0.197277
108207ms,108207,182.465,0.196869
108239ms,108239,182.372,0.197124
108271ms,108271,182.408,0.196503
108303ms,108303,182.490,0.196954
108335ms,108335,182.634,0.196931
108367ms,108367,182.642,0.196591
108447ms,108447,182.758,0.197126
108479ms,108479,182.887,0.197334
108511ms,108511,183.269,0.197027
108543ms,108543,183.547,0.197395
108575ms,108575,183.950,0.197913
108607ms,108607,184.142,0.198061
108639ms,108639,184.463,0.198270
108671ms,108671,184.673,0.198600
108703ms,108703,184.895,0.198992
108735ms,108735,185.370,0.199816
108767ms,108767,185.654,0.201062
108815ms,108815,185.995,0.199668
108847ms,108847,186.345,0.200305
108879ms,108879,186.615,0.200630
108911ms,108911,186.484,0.200620
108943ms,108943,186.383,0.200732
108975ms,108975,186.383,0.200781
109007ms,109007,186.300,0.200562
109039ms,109039,186.355,0.200166
109071ms,109071,186.380,0.200211
109103ms,109103,186.328,0.199945
109135ms,109135,186.327,0.199982
109183ms,109183,186.353,0.200182
109215ms,109215,186.245,0.200549
109247ms,109247,186.330,0.200374
109279ms,109279,186.331,0.200772
109311ms,109311,186.553,0.201011
109343ms,109343,186.294,0.200494
109375ms,109375,185.752,0.200392
109407ms,109407,185.269,0.199969
109439ms,109439,184.804,0.198421
109471ms,109471,184.073,0.198305
109503ms,109503,183.585,0.198268
109535ms,109535,183.040,0.197470
109583ms,109583,182.811,0.197675
109615ms,109615,182.541,0.197732
109647ms,109647,182.215,0.196586
109679ms,109679,182.408,0.195696
109711ms,109711,182.222,0.197164
109743ms,109743,182.385,0.196599
109775ms,109775,182.286,0.196191
109807ms,109807,182.510,0.197002
109839ms,109839,182.622,0.196993
109871ms,109871,182.620,0.196988
109903ms,109903,182.683,0.196309
109951ms,109951,182.966,0.197693
109983ms,109983,183.153,0.197274
110015ms,110015,183.400,0.197646
110047ms,110047,183.847,0.197702
110079ms,110079,183.867,0.198087
110111ms,110111,184.304,0.197747
110143ms,110143,184.554,0.199047
110175ms,110175,184.856,0.198811
110207ms,110207,185.071,0.199125
110239ms,110239,185.470,0.199670
110271ms,110271,185.678,0.199764
110303ms,110303,186.091,0.200464
110351ms,110351,186.311,0.200928
110383ms,110383,186.480,0.200537
110415ms,110415,186.383,0.200653
110447ms,110447,186.317,0.200590
110479ms,110479,186.357,0.200578
110511ms,110511,186.409,0.200426
110543ms,110543,186.308,0.200414
110575ms,110575,186.330,0.200516
110607ms,110607,186.356,0.200445
110639ms,110639,186.474,0.200433
110671ms,110671,186.363,0.200342
110719ms,110719,186.437,0.200317
110751ms,110751,186.408,0.200530
110783ms,110783,186.483,0.200544
110815ms,110815,186.500,0.200892
110847ms,110847,186.051,0.200519
110879ms,110879,185.648,0.200627
110911ms,110911,185.195,0.199977
110943ms,110943,184.768,0.199180
110975ms,110975,184.028,0.198312
111007ms,111007,183.635,0.198120
111039ms,111039,183.135,0.197926
111343ms,111343,182.669,0.197533
111375ms,111375,182.603,0.197236
111407ms,111407,182.676,0.197950
111439ms,111439,182.984,0.197296
111487ms,111487,183.158,0.197117
111519ms,111519,183.559,0.197695
111551ms,111551,183.861,0.197675
111583ms,111583,184.124,0.197995
111615ms,111615,184.378,0.198123
111647ms,111647,184.705,0.198677
111679ms,111679,184.930,0.199684
111711ms,111711,185.226,0.199662
111743ms,111743,185.599,0.199793
111775ms,111775,185.938,0.199770
111807ms,111807,186.347,0.200028
111855ms,111855,186.419,0.200584
111887ms,111887,186.460,0.200549
111919ms,111919,186.466,0.200650
111951ms,111951,186.296,0.200821
111983ms,111983,186.332,0.200469
112015ms,112015,186.319,0.200501
112047ms,112047,186.263,0.200549
112079ms,112079,186.318,0.200299
112111ms,112111,186.358,0.200275
112143ms,112143,186.318,0.200243
112175ms,112175,186.339,0.200522
112223ms,112223,186.356,0.200574
112255ms,112255,186.408,0.200863
112287ms,112287,186.410,0.200808
112319ms,112319,186.529,0.200885
112351ms,112351,186.075,0.200545
112383ms,112383,185.691,0.200150
112415ms,112415,185.120,0.199536
112447ms,112447,184.525,0.199632
112479ms,112479,184.030,0.198301
112511ms,112511,183.288,0.198063
112543ms,112543,182.911,0.197857
112575ms,112575,182.873,0.198166
112623ms,112623,182.670,0.198382
112655ms,112655,182.230,0.197226
112687ms,112687,182.498,0.196383
112719ms,112719,182.290,0.196978
112751ms,112751,182.352,0.196898
112783ms,112783,182.367,0.196978
112815ms,112815,182.569,0.197790
112847ms,112847,182.718,0.196744
112879ms,112879,182.592,0.197054
112911ms,112911,182.653,0.197115
112943ms,112943,182.904,0.197036
112991ms,112991,183.142,0.197543
113023ms,113023,183.663,0.197440
113055ms,113055,183.796,0.197635
113087ms,113087,184.072,0.197766
113119ms,113119,184.527,0.197955
113151ms,113151,184.736,0.199066
113183ms,113183,184.979,0.198590
113215ms,113215,185.288,0.199419
113247ms,113247,185.573,0.200456
113279ms,113279,186.083,0.199708
113311ms,113311,186.327,0.200483
113343ms,113343,186.530,0.200955
113391ms,113391,186.538,0.201018
113423ms,113423,186.329,0.201090
113455ms,113455,186.330,0.200528
113487ms,113487,186.368,0.200667
113519ms,113519,186.487,0.200727
113551ms,113551,186.366,0.200427
113583ms,113583,186.388,0.200414
113615ms,113615,186.397,0.200395
113647ms,113647,186.468,0.200496
113679ms,113679,186.382,0.200495
113711ms,113711,186.409,0.200656
113759ms,113759,186.465,0.201144
113791ms,113791,186.586,0.200306
113823ms,113823,186.384,0.200737
113855ms,113855,185.792,0.200111
113887ms,113887,185.489,0.199950
113919ms,113919,184.783,0.199124
113951ms,113951,184.295,0.198385
113983ms,113983,183.684,0.199025
114015ms,114015,183.084,0.197895
114047ms,114047,182.764,0.197994
114079ms,114079,182.743,0.196677
114127ms,114127,182.442,0.198037
114159ms,114159,182.371,0.196991
114191ms,114191,182.368,0.198471
114223ms,114223,182.365,0.196801
114255ms,114255,182.508,0.196146
114287ms,114287,182.270,0.196924
114351ms,114351,182.626,0.196523
114383ms,114383,182.654,0.196405
114415ms,114415,182.816,0.197681
114447ms,114447,183.212,0.198078
114495ms,114495,183.396,0.198513
114527ms,114527,183.615,0.197864
114559ms,114559,183.888,0.198026
114591ms,114591,184.193,0.197710
114623ms,114623,184.433,0.198091
114655ms,114655,184.852,0.198759
114687ms,114687,185.176,0.199190
114719ms,114719,185.532,0.199699
114751ms,114751,185.690,0.200301
114783ms,114783,186.136,0.200055
114815ms,114815,186.236,0.200495
114863ms,114863,186.426,0.200673
114895ms,114895,186.339,0.200561
114927ms,114927,186.362,0.200862
114959ms,114959,186.415,0.200479
114991ms,114991,186.359,0.200485
115023ms,115023,186.416,0.200287
115055ms,115055,186.380,0.200617
115087ms,115087,186.308,0.200440
115119ms,115119,186.285,0.200487
115151ms,115151,186.312,0.200504
115183ms,115183,186.368,0.200673
115263ms,115263,186.397,0.200892
115295ms,115295,186.534,0.201450
115327ms,115327,186.072,0.200900
115359ms,115359,185.659,0.200612
115391ms,115391,185.266,0.199575
115423ms,115423,184.807,0.199122
115455ms,115455,184.030,0.198790
115487ms,115487,183.557,0.198025
115519ms,115519,183.051,0.198218
115551ms,115551,182.692,0.197961
115583ms,115583,182.532,0.199335
115631ms,115631,182.282,0.196900
115663ms,115663,182.478,0.196931
115695ms,115695,182.179,0.197403
115727ms,115727,182.470,0.197076
115759ms,115759,182.534,0.196652
115791ms,115791,182.550,0.196703
115823ms,115823,182.686,0.196916
115859ms,115859,182.475,0.197293
115887ms,115887,182.658,0.196841
115919ms,115919,183.056,0.197406
115951ms,115951,183.090,0.196882
115999ms,115999,183.604,0.197978
116031ms,116031,183.820,0.197987
116063ms,116063,184.142,0.197989
116095ms,116095,184.365,0.198489
116127ms,116127,184.587,0.198831
116159ms,116159,184.952,0.198791
116191ms,116191,185.176,0.198941
116223ms,116223,185.560,0.199953
116255ms,116255,185.758,0.199924
116287ms,116287,186.177,0.200389
116319ms,116319,186.469,0.200533
116351ms,116351,186.486,0.200601
116399ms,116399,186.334,0.200728
116431ms,116431,186.247,0.200799
116463ms,116463,186.379,0.200403
116495ms,116495,186.375,0.200279
116527ms,116527,186.389,0.200236
116559ms,116559,186.360,0.200429
116591ms,116591,186.276,0.200492
116623ms,116623,186.346,0.200680
116655ms,116655,186.258,0.200558
116687ms,116687,186.311,0.200465
116719ms,116719,186.401,0.201061
116751ms,116751,186.435,0.200773
116799ms,116799,186.494,0.200779
116831ms,116831,185.870,0.200723
116863ms,116863,185.597,0.200140
116895ms,116895,185.058,0.198988
116927ms,116927,184.490,0.198560
116959ms,116959,183.932,0.198006
116991ms,116991,183.281,0.197758
117023ms,117023,182.875,0.197439
117055ms,117055,182.609,0.198279
117087ms,117087,182.759,0.196429
117119ms,117119,182.328,0.196989
117167ms,117167,182.465,0.196599
117199ms,117199,182.377,0.197338
117231ms,117231,182.360,0.196577
117263ms,117263,182.483,0.196806
117295ms,117295,182.662,0.197273
117327ms,117327,182.682,0.196484
117359ms,117359,182.590,0.196626
117391ms,117391,182.744,0.196878
117423ms,117423,182.893,0.196483
117455ms,117455,183.125,0.197806
117487ms,117487,183.661,0.197877
117535ms,117535,183.837,0.198151
117567ms,117567,184.191,0.197875
117599ms,117599,184.438,0.198178
117631ms,117631,184.604,0.198808
117663ms,117663,185.041,0.199490
117695ms,117695,185.479,0.199203
117727ms,117727,185.660,0.200484
117759ms,117759,186.072,0.200200
117791ms,117791,186.365,0.200535
117823ms,117823,186.544,0.200759
117855ms,117855,186.456,0.200758
117887ms,117887,186.427,0.201021
117935ms,117935,186.296,0.200557
117967ms,117967,186.336,0.200344
118031ms,118031,186.401,0.200661
118063ms,118063,186.377,0.200723
118095ms,118095,186.344,0.200543
118127ms,118127,186.311,0.200468
118159ms,118159,186.363,0.201047
118191ms,118191,186.455,0.200681
118223ms,118223,186.439,0.200847
118255ms,118255,186.548,0.200899
118303ms,118303,186.225,0.201120
118335ms,118335,185.657,0.200419
118367ms,118367,185.203,0.199852
118399ms,118399,184.665,0.198823
118431ms,118431,184.096,0.198462
118463ms,118463,183.620,0.197647
118495ms,118495,182.921,0.196970
118527ms,118527,182.690,0.196557
118559ms,118559,182.544,0.197869
118591ms,118591,182.302,0.197686
118623ms,118623,182.385,0.196143
118671ms,118671,182.231,0.197434
118703ms,118703,182.301,0.197369
118735ms,118735,182.409,0.196310
118767ms,118767,182.376,0.196356
118799ms,118799,182.569,0.196864
118831ms,118831,182.743,0.196537
118863ms,118863,182.717,0.196602
118927ms,118927,183.152,0.197348
118959ms,118959,183.518,0.197815
118991ms,118991,183.788,0.197845
119039ms,119039,183.978,0.198010
119071ms,119071,184.293,0.197550
119103ms,119103,184.447,0.198619
119135ms,119135,184.729,0.199091
119167ms,119167,185.310,0.199793
119199ms,119199,185.503,0.199481
119231ms,119231,185.805,0.200057
119263ms,119263,186.078,0.200397
119295ms,119295,186.387,0.200648
119327ms,119327,186.556,0.200511
119359ms,119359,186.396,0.200832
119407ms,119407,186.358,0.201150
119439ms,119439,186.315,0.200600
119471ms,119471,186.311,0.200554
119503ms,119503,186.376,0.200341
119535ms,119535,186.327,0.200386
119567ms,119567,186.316,0.200970
119599ms,119599,186.304,0.200598
119631ms,119631,186.268,0.200359
119663ms,119663,186.220,0.200655
119695ms,119695,186.345,0.201066
119727ms,119727,186.409,0.201092
119759ms,119759,186.544,0.200761
119807ms,119807,186.116,0.200802
119839ms,119839,185.745,0.200381
119871ms,119871,184.950,0.199786
119903ms,119903,184.409,0.198966
119935ms,119935,184.006,0.198582
119967ms,119967,183.219,0.197533
119999ms,119999,183.009,0.197813
120031ms,120031,182.690,0.198390
120063ms,120063,182.739,0.197927
120095ms,120095,182.380,0.197202
120127ms,120127,182.410,0.196941
120159ms,120159,182.324,0.197871
120207ms,120207,182.476,0.196826
120239ms,120239,182.474,0.196583
120271ms,120271,182.660,0.196954
120303ms,120303,182.675,0.197329
120335ms,120335,182.561,0.197121
120367ms,120367,182.747,0.196830
120399ms,120399,182.953,0.197802
120431ms,120431,183.361,0.197675
120463ms,120463,183.539,0.197871
120495ms,120495,183.825,0.198026
120575ms,120575,184.319,0.198466
120607ms,120607,184.822,0.199008
120639ms,120639,185.018,0.199171
120671ms,120671,185.364,0.199537
120703ms,120703,185.512,0.200106
120735ms,120735,185.917,0.200003
120767ms,120767,186.199,0.201222
120799ms,120799,186.451,0.200886
120831ms,120831,186.412,0.200721
120863ms,120863,186.351,0.200859
120911ms,120911,186.335,0.200392
120943ms,120943,186.333,0.200595
120975ms,120975,186.317,0.200485
121007ms,121007,186.339,0.200372
121039ms,121039,186.257,0.200467
121071ms,121071,186.248,0.200530
121103ms,121103,186.302,0.200572
121135ms,121135,186.343,0.200677
121167ms,121167,186.316,0.200662
121199ms,121199,186.361,0.200983
121231ms,121231,186.459,0.200885
121263ms,121263,186.277,0.200577
121311ms,121311,185.706,0.200775
121375ms,121375,184.603,0.199398
121407ms,121407,184.093,0.199361
121439ms,121439,183.548,0.198796
121471ms,121471,182.985,0.197457
121503ms,121503,182.743,0.197528
121535ms,121535,182.477,0.198233
121567ms,121567,182.167,0.196760
121599ms,121599,182.402,0.196827
121631ms,121631,182.191,0.196791
121663ms,121663,182.357,0.196472
121711ms,121711,182.454,0.195925
121743ms,121743,182.327,0.196993
121775ms,121775,182.612,0.198016
121807ms,121807,182.592,0.196613
121839ms,121839,182.596,0.196824
121871ms,121871,182.916,0.197376
121903ms,121903,183.136,0.197837
121935ms,121935,183.518,0.197405
121967ms,121967,183.790,0.197153
121999ms,121999,183.842,0.197371
122047ms,122047,184.304,0.197540
122079ms,122079,184.551,0.198870
122111ms,122111,184.847,0.199318
122143ms,122143,185.134,0.199123
122175ms,122175,185.542,0.200188
122207ms,122207,185.689,0.200362
122239ms,122239,186.035,0.200465
122271ms,122271,186.244,0.200632
122303ms,122303,186.382,0.200790
122335ms,122335,186.226,0.201088
122367ms,122367,186.450,0.200120
122399ms,122399,186.375,0.200387
122447ms,122447,186.399,0.200065
122479ms,122479,186.326,0.200304
122511ms,122511,186.329,0.200273
122543ms,122543,186.271,0.200466
122575ms,122575,186.267,0.200302
122607ms,122607,186.376,0.200462
122639ms,122639,186.246,0.200466
122671ms,122671,186.389,0.200373
122703ms,122703,186.444,0.200962
122735ms,122735,186.572,0.200927
122767ms,122767,186.054,0.201027
122799ms,122799,185.630,0.199818
122847ms,122847,185.099,0.199806
122879ms,122879,184.416,0.198745
122911ms,122911,184.022,0.198713
122943ms,122943,183.353,0.197695
122975ms,122975,182.887,0.197474
123007ms,123007,182.867,0.197362
123039ms,123039,182.593,0.198308
123071ms,123071,182.312,0.197265
123103ms,123103,182.440,0.197125
123135ms,123135,182.211,0.197329
123247ms,123247,182.627,0.196561
123279ms,123279,182.776,0.197027
123311ms,123311,182.614,0.197509
123343ms,123343,182.688,0.197951
123375ms,123375,182.993,0.198079
123407ms,123407,183.235,0.196521
123439ms,123439,183.625,0.197190
123471ms,123471,183.827,0.197520
123503ms,123503,184.065,0.197575
123535ms,123535,184.397,0.197757
123583ms,123583,184.750,0.198817
123615ms,123615,185.033,0.200018
123647ms,123647,185.240,0.199102
123679ms,123679,185.630,0.200643
123711ms,123711,186.001,0.200234
123743ms,123743,186.328,0.200666
123775ms,123775,186.434,0.200557
123807ms,123807,186.421,0.200401
123839ms,123839,186.331,0.201120
123871ms,123871,186.272,0.200653
123903ms,123903,186.332,0.200244
123951ms,123951,186.374,0.200442
123983ms,123983,186.381,0.200488
124015ms,124015,186.305,0.200614
124047ms,124047,186.303,0.200567
124079ms,124079,186.309,0.200908
124111ms,124111,186.357,0.201042
124143ms,124143,186.313,0.200600
124175ms,124175,186.321,0.200789
124207ms,124207,186.468,0.200430
124239ms,124239,186.281,0.200760
124271ms,124271,185.760,0.200873
124303ms,124303,185.317,0.200651
124351ms,124351,184.668,0.199046
124415ms,124415,183.733,0.197893
124447ms,124447,183.033,0.198041
124479ms,124479,182.964,0.197494
124511ms,124511,182.538,0.197662
124543ms,124543,182.409,0.197698
124575ms,124575,182.462,0.196605
124607ms,124607,182.260,0.197090
124639ms,124639,182.340,0.197947
124671ms,124671,182.398,0.196098
124719ms,124719,182.497,0.196916
124751ms,124751,182.781,0.197375
124783ms,124783,182.628,0.196928
124815ms,124815,182.638,0.196503
124847ms,124847,182.980,0.197784
124879ms,124879,183.156,0.198463
124911ms,124911,183.618,0.197853
124943ms,124943,183.783,0.197038
124975ms,124975,183.887,0.197428
125007ms,125007,184.274,0.198491
125039ms,125039,184.582,0.198820
125071ms,125071,184.813,0.199114
125119ms,125119,185.181,0.199125
125151ms,125151,185.596,0.200166
125183ms,125183,185.677,0.199632
125215ms,125215,186.012,0.200326
125247ms,125247,186.245,0.200527
125279ms,125279,186.547,0.200616
125311ms,125311,186.468,0.200811
125343ms,125343,186.370,0.200444
125375ms,125375,186.454,0.200524
125407ms,125407,186.438,0.200373
125455ms,125455,186.392,0.200510
125471ms,125471,186.392,0.200529
125551ms,125551,186.342,0.200311
125583ms,125583,186.325,0.200468
125615ms,125615,186.350,0.200914
125647ms,125647,186.427,0.200807
125679ms,125679,186.529,0.200563
125711ms,125711,186.540,0.200965
125743ms,125743,186.075,0.200469
125775ms,125775,185.696,0.200159
125807ms,125807,185.225,0.199966
125855ms,125855,184.585,0.198920
125887ms,125887,183.899,0.197742
125919ms,125919,183.326,0.197784
125951ms,125951,183.083,0.197813
125983ms,125983,182.871,0.198140
126015ms,126015,182.672,0.197970
126047ms,126047,182.306,0.197012
126079ms,126079,182.494,0.197232
126111ms,126111,182.378,0.196922
126143ms,126143,182.447,0.196500
126175ms,126175,182.355,0.196373
126207ms,126207,182.532,0.197149
126255ms,126255,182.607,0.196888
126287ms,126287,182.652,0.197270
126319ms,126319,182.781,0.197230
126351ms,126351,183.005,0.197928
126383ms,126383,183.187,0.197253
126415ms,126415,183.563,0.197494
126447ms,126447,183.925,0.197766
126479ms,126479,184.114,0.197919
126511ms,126511,184.444,0.198175
126543ms,126543,184.722,0.198554
126575ms,126575,184.910,0.199031
126607ms,126607,185.217,0.199069
126687ms,126687,185.823,0.200391
126719ms,126719,186.056,0.200450
126751ms,126751,186.414,0.200554
126783ms,126783,186.447,0.200874
126815ms,126815,186.343,0.200530
126847ms,126847,186.326,0.200644
126879ms,126879,186.380,0.200715
126911ms,126911,186.436,0.200427
126943ms,126943,186.377,0.200083
126991ms,126991,186.329,0.200388
127023ms,127023,186.280,0.200356
127055ms,127055,186.393,0.200390
127087ms,127087,186.411,0.200423
127119ms,127119,186.380,0.200604
127151ms,127151,186.415,0.201003
127183ms,127183,186.469,0.201252
127215ms,127215,186.526,0.200772
127247ms,127247,186.111,0.200714
127279ms,127279,185.629,0.200020
127311ms,127311,185.105,0.200101
127343ms,127343,184.474,0.199018
127391ms,127391,183.875,0.198530
127423ms,127423,183.334,0.197779
127455ms,127455,182.891,0.197878
127487ms,127487,182.922,0.198205
127519ms,127519,182.686,0.199086
127551ms,127551,182.364,0.197513
127583ms,127583,182.465,0.197114
127615ms,127615,182.310,0.196816
127647ms,127647,182.354,0.197177
127679ms,127679,182.422,0.196106
127711ms,127711,182.451,0.197602
127743ms,127743,182.713,0.197776
127823ms,127823,182.600,0.197570
127855ms,127855,182.944,0.197742
127887ms,127887,183.135,0.196835
127919ms,127919,183.626,0.196725
127951ms,127951,183.692,0.197846
127983ms,127983,184.087,0.198097
128015ms,128015,184.357,0.198417
128047ms,128047,184.638,0.198629
128079ms,128079,185.010,0.198362
128127ms,128127,185.208,0.199122
128191ms,128191,185.885,0.200139
128223ms,128223,186.183,0.200703
128255ms,128255,186.434,0.201036
128287ms,128287,186.468,0.200849
128319ms,128319,186.366,0.200730
128351ms,128351,186.346,0.200592
128383ms,128383,186.317,0.200453
128415ms,128415,186.434,0.200697
128447ms,128447,186.292,0.200444
128495ms,128495,186.305,0.200312
128527ms,128527,186.300,0.200753
128559ms,128559,186.289,0.200790
128591ms,128591,186.351,0.200434
128623ms,128623,186.376,0.200621
128655ms,128655,186.389,0.201008
128687ms,128687,186.422,0.200876
128719ms,128719,186.488,0.200704
128751ms,128751,185.951,0.200151
128783ms,128783,185.640,0.199787
128815ms,128815,184.874,0.199152
128847ms,128847,184.120,0.199265
128895ms,128895,183.850,0.198559
128927ms,128927,183.353,0.198103
128959ms,128959,182.965,0.197524
128991ms,128991,182.620,0.198539
129023ms,129023,182.736,0.196657
129055ms,129055,182.423,0.196677
129087ms,129087,182.333,0.197572
129119ms,129119,182.155,0.197531
129151ms,129151,182.439,0.197145
129183ms,129183,182.251,0.197302
129215ms,129215,182.689,0.197954
129263ms,129263,182.673,0.196958
129359ms,129359,183.023,0.197971
129391ms,129391,183.175,0.197563
129423ms,129423,183.570,0.197952
129455ms,129455,183.821,0.198028
129519ms,129519,184.345,0.198324
129551ms,129551,184.650,0.198609
129583ms,129583,184.970,0.198621
129631ms,129631,185.374,0.199508
129663ms,129663,185.686,0.200175
129695ms,129695,185.979,0.200088
129727ms,129727,186.319,0.200305
129759ms,129759,186.392,0.200625
129791ms,129791,186.587,0.200370
129823ms,129823,186.368,0.200726
129855ms,129855,186.398,0.200628
129887ms,129887,186.339,0.200356
129919ms,129919,186.325,0.200596
129951ms,129951,186.285,0.200334
129983ms,129983,186.318,0.200689
130031ms,130031,186.346,0.200225
130063ms,130063,186.319,0.200610
130095ms,130095,186.373,0.200643
130127ms,130127,186.367,0.200639
130159ms,130159,186.492,0.200291
130191ms,130191,186.534,0.200309
130223ms,130223,186.306,0.200658
130255ms,130255,185.829,0.200278
130287ms,130287,185.331,0.200380
130351ms,130351,184.039,0.199027
130383ms,130383,183.596,0.197933
130431ms,130431,183.090,0.198040
130463ms,130463,182.796,0.197025
130495ms,130495,182.491,0.198035
130527ms,130527,182.366,0.197453
130559ms,130559,182.355,0.196523
130591ms,130591,182.222,0.197150
130623ms,130623,182.537,0.197393
130655ms,130655,182.485,0.196569
130687ms,130687,182.302,0.197177
130719ms,130719,182.678,0.197334
130767ms,130767,182.450,0.196430
130799ms,130799,182.666,0.196308
130831ms,130831,182.954,0.197532
130863ms,130863,183.099,0.198181
130895ms,130895,183.430,0.197912
130927ms,130927,183.692,0.196971
130959ms,130959,183.954,0.197822
130991ms,130991,184.321,0.197830
131023ms,131023,184.535,0.198706
131055ms,131055,184.803,0.198990
131087ms,131087,185.073,0.199305
131119ms,131119,185.441,0.199529
131167ms,131167,185.776,0.200447
131199ms,131199,186.039,0.199922
131231ms,131231,186.304,0.200662
131263ms,131263,186.426,0.200637
131295ms,131295,186.358,0.200670
131327ms,131327,186.411,0.200680
131359ms,131359,186.345,0.200697
131391ms,131391,186.365,0.200535
131423ms,131423,186.377,0.200367
131455ms,131455,186.246,0.200415
131487ms,131487,186.204,0.200400
131535ms,131535,186.320,0.200539
131567ms,131567,186.402,0.200789
131599ms,131599,186.292,0.200884
131631ms,131631,186.410,0.200751
131663ms,131663,186.422,0.201051
131791ms,131791,185.155,0.199389
131823ms,131823,184.465,0.198814
131855ms,131855,183.920,0.197809
131903ms,131903,183.273,0.198136
131935ms,131935,182.978,0.197528
131967ms,131967,182.818,0.197870
131999ms,131999,182.729,0.197217
132031ms,132031,182.268,0.196753
132063ms,132063,182.425,0.197289
132095ms,132095,182.300,0.197820
132127ms,132127,182.523,0.196729
132159ms,132159,182.539,0.196034
132191ms,132191,182.589,0.197315
132223ms,132223,182.744,0.196579
132255ms,132255,182.620,0.197084
132303ms,132303,182.620,0.196861
132335ms,132335,182.977,0.197078
132367ms,132367,183.169,0.197015
132399ms,132399,183.541,0.197506
132431ms,132431,183.844,0.197864
132463ms,132463,184.101,0.197790
132495ms,132495,184.350,0.198101
132527ms,132527,184.722,0.198560
132559ms,132559,184.868,0.199463
132591ms,132591,185.180,0.198912
132623ms,132623,185.658,0.199808
132703ms,132703,186.249,0.200561
132735ms,132735,186.529,0.200418
132767ms,132767,186.511,0.200547
132799ms,132799,186.332,0.200936
132831ms,132831,186.309,0.200758
132863ms,132863,186.328,0.200536
132895ms,132895,186.319,0.200245
132927ms,132927,186.371,0.200183
132959ms,132959,186.334,0.200451
132991ms,132991,186.315,0.200483
133039ms,133039,186.298,0.200355
133071ms,133071,186.310,0.200527
133103ms,133103,186.317,0.200449
133135ms,133135,186.304,0.200779
133167ms,133167,186.360,0.200752
133199ms,133199,186.471,0.200637
133231ms,133231,185.782,0.200664
133263ms,133263,185.597,0.199594
133295ms,133295,185.018,0.199438
133327ms,133327,184.341,0.198434
133359ms,133359,183.974,0.197678
133391ms,133391,183.421,0.197698
133439ms,133439,182.926,0.197992
133471ms,133471,182.702,0.197781
133503ms,133503,182.691,0.196394
133631ms,133631,182.412,0.196815
133663ms,133663,182.533,0.196715
133695ms,133695,182.661,0.197241
133727ms,133727,182.719,0.197074
133759ms,133759,182.608,0.196800
133807ms,133807,182.764,0.196531
133839ms,133839,182.870,0.198541
133871ms,133871,183.270,0.197432
133903ms,133903,183.695,0.197434
133935ms,133935,183.843,0.198568
133967ms,133967,184.118,0.198148
133999ms,133999,184.293,0.198306
134031ms,134031,184.686,0.198754
134063ms,134063,184.946,0.199346
134095ms,134095,185.221,0.199750
134127ms,134127,185.524,0.200606
134159ms,134159,185.872,0.199985
134191ms,134191,186.212,0.200403
134239ms,134239,186.391,0.200741
134271ms,134271,186.465,0.200742
134303ms,134303,186.369,0.200918
134335ms,134335,186.333,0.200521
134367ms,134367,186.354,0.200426
134399ms,134399,186.377,0.200149
134431ms,134431,186.291,0.200460
134463ms,134463,186.267,0.200202
134495ms,134495,186.224,0.200360
134527ms,134527,186.321,0.200039
134559ms,134559,186.338,0.200481
134607ms,134607,186.312,0.200452
134639ms,134639,186.421,0.200509
134671ms,134671,186.392,0.200724
134703ms,134703,186.323,0.200530
134735ms,134735,185.875,0.200364
134767ms,134767,185.660,0.200598
134799ms,134799,184.696,0.198804
134831ms,134831,184.207,0.198698
134863ms,134863,183.799,0.198503
134895ms,134895,183.178,0.198032
134927ms,134927,182.695,0.197970
134975ms,134975,182.724,0.197945
135007ms,135007,182.589,0.197632
135039ms,135039,182.659,0.196709
135071ms,135071,182.352,0.197067
135103ms,135103,182.353,0.197317
135135ms,135135,182.450,0.196439
135167ms,135167,182.433,0.196946
135199ms,135199,182.690,0.197292
135231ms,135231,182.639,0.197094
135263ms,135263,182.628,0.196364
135295ms,135295,182.864,0.196717
135343ms,135343,183.165,0.197651
135407ms,135407,183.695,0.197120
135439ms,135439,183.928,0.197663
135471ms,135471,184.211,0.198124
135503ms,135503,184.514,0.198358
135535ms,135535,184.805,0.198718
135567ms,135567,185.284,0.199047
135599ms,135599,185.470,0.199381
135631ms,135631,185.737,0.199773
135663ms,135663,186.068,0.200040
135711ms,135711,186.409,0.200518
135743ms,135743,186.405,0.200442
135775ms,135775,186.430,0.200498
135807ms,135807,186.408,0.201041
135839ms,135839,186.399,0.200436
135871ms,135871,186.404,0.200093
135903ms,135903,186.377,0.200469
135935ms,135935,186.270,0.200405
135967ms,135967,186.372,0.200201
135999ms,135999,186.403,0.200634
136031ms,136031,186.271,0.200692
136063ms,136063,186.305,0.200956
136111ms,136111,186.340,0.200851
136143ms,136143,186.391,0.200868
136175ms,136175,186.472,0.200875
136207ms,136207,186.191,0.200728
136239ms,136239,185.700,0.200188
136271ms,136271,185.289,0.200111
136303ms,136303,184.451,0.198346
136335ms,136335,183.979,0.198528
136367ms,136367,183.451,0.198026
136399ms,136399,183.038,0.197207
136431ms,136431,182.810,0.198071
136463ms,136463,182.535,0.198394
136511ms,136511,182.202,0.197313
136543ms,136543,182.529,0.197254
136575ms,136575,182.296,0.198627
136671ms,136671,182.390,0.196974
136703ms,136703,182.639,0.196683
136735ms,136735,182.626,0.197207
136767ms,136767,182.585,0.195997
136799ms,136799,182.910,0.197960
136847ms,136847,183.056,0.197174
136879ms,136879,183.556,0.197146
136911ms,136911,183.776,0.197460
136943ms,136943,183.981,0.197450
136975ms,136975,184.314,0.198062
137007ms,137007,184.669,0.198737
137039ms,137039,185.040,0.199101
137071ms,137071,185.266,0.199176
137103ms,137103,185.557,0.199946
137135ms,137135,185.811,0.199984
137167ms,137167,186.207,0.201003
137215ms,137215,186.315,0.200850
137247ms,137247,186.399,0.200959
137279ms,137279,186.384,0.201185
137311ms,137311,186.373,0.201050
137343ms,137343,186.317,0.200649
137375ms,137375,186.278,0.200272
137407ms,137407,186.350,0.200141
137439ms,137439,186.290,0.200917
137471ms,137471,186.358,0.200015
137503ms,137503,186.345,0.200273
137535ms,137535,186.383,0.200216
137567ms,137567,186.405,0.200216
137615ms,137615,186.374,0.200057
137647ms,137647,186.390,0.200597
137679ms,137679,186.443,0.200639
137711ms,137711,185.891,0.200577
137743ms,137743,185.605,0.199634
137775ms,137775,184.972,0.200031
137839ms,137839,183.738,0.198393
137871ms,137871,183.317,0.198207
137903ms,137903,182.880,0.198145
137935ms,137935,182.672,0.198334
137983ms,137983,182.859,0.197181
138015ms,138015,182.349,0.196749
138047ms,138047,182.391,0.197948
138079ms,138079,182.264,0.197503
138111ms,138111,182.412,0.196716
138143ms,138143,182.410,0.197038
138175ms,138175,182.643,0.197194
138207ms,138207,182.657,0.196935
138239ms,138239,182.494,0.197733
138271ms,138271,182.745,0.197074
138303ms,138303,182.884,0.196986
138351ms,138351,183.160,0.197449
138383ms,138383,183.699,0.197153
138415ms,138415,183.846,0.198034
138447ms,138447,184.117,0.197764
138479ms,138479,184.361,0.197971
138511ms,138511,184.612,0.198747
138543ms,138543,184.964,0.198811
138575ms,138575,185.234,0.199175
138639ms,138639,185.972,0.199928
138671ms,138671,186.229,0.200334
138703ms,138703,186.430,0.200406
138751ms,138751,186.444,0.200721
138783ms,138783,186.408,0.200844
138815ms,138815,186.263,0.200323
138847ms,138847,186.278,0.200308
138879ms,138879,186.320,0.200162
138911ms,138911,186.289,0.200501
138943ms,138943,186.360,0.200287
138975ms,138975,186.285,0.200211
139007ms,139007,186.371,0.200591
139039ms,139039,186.315,0.200537
139071ms,139071,186.363,0.200538
139119ms,139119,186.318,0.200642
139151ms,139151,186.371,0.200622
139183ms,139183,186.367,0.200746
139215ms,139215,185.725,0.200456
139247ms,139247,185.482,0.200190
139279ms,139279,184.787,0.199360
139311ms,139311,184.083,0.198380
139343ms,139343,183.635,0.198861
139375ms,139375,183.169,0.198348
139407ms,139407,182.782,0.198678
139439ms,139439,182.832,0.196962
139487ms,139487,182.472,0.197200
139551ms,139551,182.439,0.197235
139583ms,139583,182.441,0.197321
139615ms,139615,182.475,0.196188
139647ms,139647,182.332,0.197117
139679ms,139679,182.634,0.196953
139711ms,139711,182.650,0.197869
139743ms,139743,182.666,0.197192
139775ms,139775,182.792,0.197263
139807ms,139807,183.118,0.197873
139855ms,139855,183.553,0.197568
139887ms,139887,183.745,0.197499
139919ms,139919,184.002,0.197907
139951ms,139951,184.313,0.198140
139983ms,139983,184.494,0.198478
140015ms,140015,184.838,0.199125
140047ms,140047,185.217,0.199105
140079ms,140079,185.608,0.200081
140111ms,140111,185.752,0.200659
140143ms,140143,186.120,0.200904
140175ms,140175,186.355,0.200652
140207ms,140207,186.360,0.200674
140255ms,140255,186.321,0.200734
140287ms,140287,186.442,0.200884
140319ms,140319,186.399,0.200271
140351ms,140351,186.397,0.200614
140383ms,140383,186.359,0.200356
140415ms,140415,186.312,0.200303
140447ms,140447,186.296,0.200378
140479ms,140479,186.343,0.200382
140511ms,140511,186.367,0.200854
140543ms,140543,186.386,0.200423
140575ms,140575,186.359,0.200946
140607ms,140607,186.373,0.200790
140655ms,140655,186.513,0.200390
140687ms,140687,186.215,0.200556
140719ms,140719,185.700,0.200222
140751ms,140751,185.254,0.200138
140783ms,140783,184.648,0.199483
140815ms,140815,184.118,0.198869
140847ms,140847,183.655,0.198314
140879ms,140879,183.163,0.197984
140911ms,140911,182.877,0.197459
140943ms,140943,182.605,0.198013
140975ms,140975,182.323,0.196590
141023ms,141023,182.435,0.196634
141055ms,141055,182.278,0.196933
141087ms,141087,182.418,0.197678
141119ms,141119,182.426,0.196405
141151ms,141151,182.333,0.197415
141183ms,141183,182.618,0.197011
141215ms,141215,182.633,0.196548
141247ms,141247,182.660,0.196818
141279ms,141279,182.807,0.197032
141311ms,141311,183.088,0.197550
141343ms,141343,183.506,0.197341
141375ms,141375,183.785,0.196985
141423ms,141423,183.994,0.197848
141455ms,141455,184.356,0.198144
141487ms,141487,184.524,0.198526
141519ms,141519,184.950,0.198619
141551ms,141551,185.135,0.199394
141583ms,141583,185.611,0.199688
141615ms,141615,185.865,0.200367
141647ms,141647,186.201,0.200704
141679ms,141679,186.540,0.200641
141711ms,141711,186.572,0.200765
141743ms,141743,186.581,0.201743
141791ms,141791,186.534,0.200741
141823ms,141823,186.690,0.200696
141855ms,141855,186.692,0.200554
141887ms,141887,186.735,0.201054
141951ms,141951,186.635,0.200864
141983ms,141983,186.497,0.200669
142015ms,142015,186.561,0.200938
142047ms,142047,186.583,0.201187
142079ms,142079,186.655,0.200921
142111ms,142111,186.650,0.201205
142159ms,142159,186.686,0.200693
142191ms,142191,186.228,0.201097
142223ms,142223,185.723,0.200478
142255ms,142255,185.007,0.199495
142287ms,142287,184.634,0.200000
142319ms,142319,183.950,0.198289
142351ms,142351,183.408,0.198876
142383ms,142383,182.831,0.197407
142415ms,142415,182.785,0.197337
142447ms,142447,182.795,0.197023
142479ms,142479,182.260,0.196613
142527ms,142527,182.423,0.196838
142559ms,142559,182.278,0.197093
142591ms,142591,182.342,0.197000
142623ms,142623,182.472,0.196238
142655ms,142655,182.496,0.197385
142687ms,142687,182.688,0.196588
142719ms,142719,182.615,0.197498
142751ms,142751,182.708,0.196636
142783ms,142783,182.977,0.196944
142815ms,142815,183.113,0.197631
142847ms,142847,183.442,0.197843
142895ms,142895,183.781,0.197629
142927ms,142927,184.078,0.197921
142959ms,142959,184.369,0.198246
142991ms,142991,184.622,0.199016
143055ms,143055,185.073,0.199081
143087ms,143087,185.531,0.200008
143119ms,143119,185.844,0.199938
143151ms,143151,186.179,0.200252
143215ms,143215,186.356,0.200896
143247ms,143247,186.355,0.201283
143295ms,143295,186.368,0.200741
143327ms,143327,186.316,0.200436
143359ms,143359,186.293,0.200702
143391ms,143391,186.373,0.200189
143423ms,143423,186.314,0.200480
143455ms,143455,186.330,0.200472
143487ms,143487,186.349,0.200198
143519ms,143519,186.407,0.200153
143551ms,143551,186.323,0.200679
143583ms,143583,186.257,0.200573
143615ms,143615,186.438,0.200816
143647ms,143647,186.465,0.200259
143695ms,143695,185.993,0.200423
143727ms,143727,185.637,0.200064
143759ms,143759,185.165,0.199394
143791ms,143791,184.440,0.198483
143823ms,143823,184.033,0.198276
143855ms,143855,183.397,0.198270
143887ms,143887,182.982,0.197417
143919ms,143919,182.692,0.197694
143951ms,143951,182.766,0.196474
143983ms,143983,182.271,0.197376
144031ms,144031,182.379,0.197390
144063ms,144063,182.300,0.198086
144095ms,144095,182.490,0.197227
144127ms,144127,182.467,0.196503
144159ms,144159,182.676,0.198298
144191ms,144191,182.787,0.197603
144223ms,144223,182.601,0.197981
144255ms,144255,182.749,0.197734
144287ms,144287,182.884,0.197496
144319ms,144319,183.104,0.197070
144351ms,144351,183.549,0.197270
144383ms,144383,183.802,0.198030
144431ms,144431,184.080,0.197785
144463ms,144463,184.358,0.198308
144495ms,144495,184.713,0.198670
144527ms,144527,184.937,0.199417
144559ms,144559,185.172,0.199034
144591ms,144591,185.612,0.200980
144623ms,144623,186.002,0.199875
144655ms,144655,186.280,0.200471
144687ms,144687,186.443,0.200526
144719ms,144719,186.557,0.200896
144751ms,144751,186.383,0.200478
144783ms,144783,186.267,0.200563
144831ms,144831,186.255,0.200466
144895ms,144895,186.323,0.200589
144927ms,144927,186.288,0.200682
144959ms,144959,186.340,0.200489
144991ms,144991,186.301,0.200402
145023ms,145023,186.322,0.200644
145055ms,145055,186.387,0.201034
145087ms,145087,186.379,0.200856
145119ms,145119,186.457,0.201061
145151ms,145151,186.397,0.200515
145199ms,145199,185.816,0.200276
145231ms,145231,185.458,0.199269
145263ms,145263,184.890,0.199686
145295ms,145295,184.183,0.198219
145327ms,145327,183.703,0.199070
145359ms,145359,183.124,0.197490
145391ms,145391,182.692,0.197563
145423ms,145423,182.900,0.197474
145455ms,145455,182.706,0.196941
145487ms,145487,182.429,0.197099
145519ms,145519,182.278,0.196730
145567ms,145567,182.368,0.197427
145599ms,145599,182.347,0.196727
145631ms,145631,182.519,0.197165
145663ms,145663,182.650,0.197460
145695ms,145695,182.635,0.196781
145727ms,145727,182.611,0.197812
145759ms,145759,182.810,0.197122
145823ms,145823,183.272,0.197599
145855ms,145855,183.634,0.198104
145887ms,145887,183.841,0.197856
145935ms,145935,184.131,0.197884
145967ms,145967,184.328,0.198339
145999ms,145999,184.730,0.198700
146031ms,146031,185.044,0.198633
146063ms,146063,185.275,0.199437
146095ms,146095,185.569,0.200487
146127ms,146127,185.995,0.200310
146159ms,146159,186.361,0.200390
146191ms,146191,186.454,0.200752
146223ms,146223,186.496,0.200378
146255ms,146255,186.409,0.200569
146287ms,146287,186.370,0.200869
146335ms,146335,186.392,0.200777
146367ms,146367,186.351,0.200643
146399ms,146399,186.352,0.200610
146431ms,146431,186.304,0.200914
146463ms,146463,186.359,0.200946
146495ms,146495,186.384,0.200258
146527ms,146527,186.366,0.200339
146559ms,146559,186.339,0.200440
146591ms,146591,186.359,0.200926
146623ms,146623,186.482,0.200840
146655ms,146655,186.244,0.200618
146703ms,146703,185.796,0.200403
146735ms,146735,185.505,0.200462
146767ms,146767,184.774,0.199645
146799ms,146799,184.115,0.198403
146831ms,146831,183.657,0.198503
146863ms,146863,183.083,0.198346
146895ms,146895,182.573,0.197939
146927ms,146927,182.702,0.196653
146959ms,146959,182.533,0.197034
147023ms,147023,182.249,0.198319
147071ms,147071,182.383,0.197332
147103ms,147103,182.387,0.197220
147135ms,147135,182.360,0.197776
147167ms,147167,182.749,0.196989
147199ms,147199,182.606,0.197590
147231ms,147231,182.627,0.196905
147263ms,147263,182.729,0.197473
147295ms,147295,183.104,0.197849
147359ms,147359,183.601,0.197176
147391ms,147391,184.048,0.198231
147423ms,147423,184.310,0.198476
147471ms,147471,184.274,0.198645
147503ms,147503,184.680,0.198272
147535ms,147535,185.121,0.198706
147567ms,147567,185.403,0.199211
147599ms,147599,185.660,0.200058
147631ms,147631,185.953,0.200333
147663ms,147663,186.323,0.200542
147695ms,147695,186.369,0.200549
147727ms,147727,186.340,0.200754
147759ms,147759,186.501,0.200743
147791ms,147791,186.312,0.200780
147839ms,147839,186.294,0.200368
147871ms,147871,186.316,0.200447
147903ms,147903,186.359,0.200415
147935ms,147935,186.389,0.200545
147967ms,147967,186.377,0.200864
147999ms,147999,186.366,0.200344
148031ms,148031,186.421,0.200184
148063ms,148063,186.406,0.200182
148095ms,148095,186.446,0.200310
148127ms,148127,186.390,0.200958
148159ms,148159,186.249,0.200178
148207ms,148207,185.681,0.200496
148239ms,148239,185.223,0.200213
148271ms,148271,184.583,0.199643
148303ms,148303,184.177,0.198833
148335ms,148335,183.796,0.197509
148367ms,148367,183.095,0.198465
148399ms,148399,182.801,0.197835
148431ms,148431,182.581,0.197230
148463ms,148463,182.391,0.196714
148495ms,148495,182.482,0.196648
148527ms,148527,182.324,0.196908
148559ms,148559,182.337,0.196900
148607ms,148607,182.330,0.196612
148671ms,148671,182.564,0.198029
148703ms,148703,182.726,0.197964
148735ms,148735,182.746,0.197131
148767ms,148767,182.928,0.197673
148799ms,148799,183.150,0.198515
148831ms,148831,183.590,0.198327
148863ms,148863,183.800,0.197240
148895ms,148895,183.921,0.198463
148927ms,148927,184.214,0.197574
148975ms,148975,184.545,0.198809
149007ms,149007,184.824,0.198986
149039ms,149039,185.209,0.198616
149071ms,149071,185.413,0.199936
149103ms,149103,185.785,0.199961
149135ms,149135,186.054,0.200442
149167ms,149167,186.250,0.200695
149199ms,149199,186.339,0.200796
149231ms,149231,186.363,0.200807
149263ms,149263,186.412,0.201013
149295ms,149295,186.367,0.200638
149343ms,149343,186.280,0.200365
149375ms,149375,186.220,0.200528
149407ms,149407,186.335,0.200248
149439ms,149439,186.258,0.200239
149471ms,149471,186.286,0.200448
149503ms,149503,186.284,0.200595
149535ms,149535,186.287,0.200387
149567ms,149567,186.401,0.200864
149599ms,149599,186.402,0.200481
149631ms,149631,186.426,0.200794
149663ms,149663,186.159,0.200613
149695ms,149695,185.577,0.200252
149807ms,149807,183.959,0.198581
149839ms,149839,183.429,0.198870
149871ms,149871,183.018,0.197671
149903ms,149903,182.887,0.197794
149935ms,149935,182.681,0.197594
149967ms,149967,182.414,0.197889
149999ms,149999,182.486,0.197078
150031ms,150031,182.379,0.197229
150063ms,150063,182.328,0.196636
150111ms,150111,182.557,0.196582
150143ms,150143,182.642,0.198091
150175ms,150175,182.682,0.197148
150207ms,150207,182.505,0.197207
150239ms,150239,182.673,0.197250
150271ms,150271,182.940,0.197974
150303ms,150303,183.234,0.197127
150335ms,150335,183.643,0.197252
150367ms,150367,183.932,0.197669
150399ms,150399,184.006,0.197568
150431ms,150431,184.431,0.198034
150479ms,150479,184.722,0.198509
150511ms,150511,184.923,0.199317
150575ms,150575,185.601,0.199683
150607ms,150607,185.869,0.199597
150639ms,150639,186.187,0.200775
150671ms,150671,186.303,0.200519
150703ms,150703,186.370,0.200573
150735ms,150735,186.445,0.200823
150767ms,150767,186.345,0.200339
150799ms,150799,186.331,0.200318
150831ms,150831,186.303,0.200334
150879ms,150879,186.368,0.200518
150911ms,150911,186.288,0.200803
150943ms,150943,186.361,0.200518
150975ms,150975,186.389,0.200376
151007ms,151007,186.406,0.200539
151039ms,151039,186.362,0.200224
151103ms,151103,186.471,0.200623
151135ms,151135,186.308,0.200694
151167ms,151167,185.886,0.200223
151199ms,151199,185.447,0.200615
151247ms,151247,184.757,0.198769
151279ms,151279,184.104,0.198573
151311ms,151311,183.743,0.198939
151343ms,151343,183.251,0.198241
151375ms,151375,182.804,0.198219
151407ms,151407,182.739,0.198243
151439ms,151439,182.442,0.196283
151471ms,151471,182.512,0.197264
151503ms,151503,182.344,0.197040
151535ms,151535,182.392,0.196391
151567ms,151567,182.514,0.196289
151615ms,151615,182.340,0.198133
151647ms,151647,182.735,0.196999
151679ms,151679,182.675,0.197619
151711ms,151711,182.618,0.197034
151743ms,151743,182.848,0.197009
151775ms,151775,183.214,0.197323
151807ms,151807,183.242,0.197852
151839ms,151839,183.684,0.198160
151871ms,151871,183.926,0.197587
151903ms,151903,184.265,0.197986
151935ms,151935,184.452,0.198227
151967ms,151967,184.870,0.198503
152015ms,152015,185.186,0.198756
152047ms,152047,185.322,0.199655
152079ms,152079,185.711,0.199940
152111ms,152111,186.001,0.200156
152143ms,152143,186.357,0.200778
152175ms,152175,186.496,0.200683
152207ms,152207,186.310,0.200739
152239ms,152239,186.475,0.201077
152271ms,152271,186.250,0.200937
152303ms,152303,186.361,0.200114
152335ms,152335,186.315,0.200162
152367ms,152367,186.308,0.200341
152415ms,152415,186.374,0.200222
152447ms,152447,186.326,0.200117
152575ms,152575,186.481,0.200345
152607ms,152607,186.473,0.201012
152639ms,152639,186.195,0.200404
152671ms,152671,185.798,0.200401
152703ms,152703,185.202,0.200378
152751ms,152751,184.609,0.199358
152783ms,152783,184.062,0.198492
152815ms,152815,183.748,0.198212
152847ms,152847,183.161,0.198028
152879ms,152879,182.758,0.196965
152911ms,152911,182.657,0.197293
152943ms,152943,182.361,0.197038
152975ms,152975,182.446,0.196914
153007ms,153007,182.258,0.197560
153039ms,153039,182.435,0.197343
153071ms,153071,182.513,0.197352
153103ms,153103,182.365,0.196923
153151ms,153151,182.737,0.197500
153183ms,153183,182.795,0.196744
153215ms,153215,182.780,0.196522
153247ms,153247,182.909,0.197653
153279ms,153279,182.990,0.197991
153311ms,153311,183.476,0.198480
153343ms,153343,183.705,0.197481
153375ms,153375,183.906,0.197798
153407ms,153407,184.218,0.197612
153471ms,153471,184.919,0.199649
153519ms,153519,185.206,0.199831
153551ms,153551,185.589,0.200305
153583ms,153583,185.697,0.200086
153615ms,153615,186.012,0.200187
153647ms,153647,186.386,0.200689
153679ms,153679,186.504,0.200469
153711ms,153711,186.386,0.200501
153743ms,153743,186.396,0.200515
153775ms,153775,186.402,0.200087
153807ms,153807,186.427,0.200520
153839ms,153839,186.352,0.200571
153887ms,153887,186.330,0.200566
153919ms,153919,186.340,0.200889
153951ms,153951,186.369,0.200073
153983ms,153983,186.409,0.200467
154015ms,154015,186.422,0.200206
154047ms,154047,186.412,0.200462
154079ms,154079,186.384,0.200980
154111ms,154111,186.487,0.201401
154143ms,154143,186.195,0.200672
154175ms,154175,185.637,0.200407
154207ms,154207,185.229,0.199929
154239ms,154239,184.582,0.199098
154287ms,154287,183.939,0.198569
154319ms,154319,183.472,0.198859
154351ms,154351,183.090,0.197610
154383ms,154383,182.743,0.198111
154415ms,154415,182.539,0.199856
154447ms,154447,182.449,0.197123
154479ms,154479,182.510,0.197147
154511ms,154511,182.322,0.197879
154543ms,154543,182.462,0.197308
154575ms,154575,182.398,0.196317
154607ms,154607,182.476,0.197104
154655ms,154655,182.673,0.197119
154687ms,154687,182.655,0.197091
154719ms,154719,182.639,0.196620
154751ms,154751,182.928,0.197169
154783ms,154783,183.204,0.197119
154815ms,154815,183.489,0.198037
154847ms,154847,183.787,0.197544
154879ms,154879,184.002,0.197734
154943ms,154943,184.682,0.199208
154975ms,154975,184.905,0.199543
155007ms,155007,185.312,0.199495
155055ms,155055,185.614,0.199941
155087ms,155087,185.856,0.200144
155119ms,155119,186.174,0.200616
155151ms,155151,186.383,0.200496
155183ms,155183,186.331,0.200786
155215ms,155215,186.388,0.200610
155247ms,155247,186.375,0.200616
155279ms,155279,186.305,0.200821
155311ms,155311,186.467,0.200300
155343ms,155343,186.389,0.200195
155375ms,155375,186.378,0.200474
155423ms,155423,186.376,0.200573
155455ms,155455,186.369,0.200303
155487ms,155487,186.320,0.200021
155519ms,155519,186.427,0.200220
155551ms,155551,186.418,0.200491
155583ms,155583,186.399,0.200668
155615ms,155615,186.456,0.200539
155647ms,155647,185.955,0.200876
155679ms,155679,185.545,0.199476
155711ms,155711,184.724,0.199631
155743ms,155743,184.228,0.198903
155791ms,155791,183.761,0.198873
155823ms,155823,183.331,0.197641
155855ms,155855,182.557,0.198064
155919ms,155919,182.541,0.197396
155951ms,155951,182.444,0.197266
155983ms,155983,182.357,0.197080
156079ms,156079,182.331,0.197645
156111ms,156111,182.685,0.197274
156143ms,156143,182.593,0.196795
156191ms,156191,182.474,0.197898
156223ms,156223,182.802,0.197211
156255ms,156255,182.983,0.197079
156287ms,156287,183.303,0.197169
156319ms,156319,183.585,0.198052
156351ms,156351,183.891,0.198830
156383ms,156383,184.132,0.198303
156415ms,156415,184.380,0.198551
156447ms,156447,184.747,0.198488
156479ms,156479,185.005,0.198732
156511ms,156511,185.366,0.199398
156559ms,156559,185.660,0.200057
156591ms,156591,185.961,0.200036
156623ms,156623,186.151,0.200480
156655ms,156655,186.406,0.200483
156687ms,156687,186.443,0.200539
156719ms,156719,186.511,0.200622
156751ms,156751,186.401,0.200498
156783ms,156783,186.394,0.200150
156815ms,156815,186.346,0.200243
156847ms,156847,186.409,0.200273
156879ms,156879,186.328,0.200859
156927ms,156927,186.405,0.200733
156959ms,156959,186.337,0.200698
156991ms,156991,186.475,0.200550
157023ms,157023,186.354,0.200729
157055ms,157055,186.380,0.200416
157087ms,157087,186.381,0.200714
157119ms,157119,186.270,0.200589
157151ms,157151,185.825,0.200977
157183ms,157183,185.365,0.200249
157215ms,157215,184.690,0.199053
157279ms,157279,183.649,0.197575
157327ms,157327,182.965,0.198108
157359ms,157359,182.883,0.197707
157391ms,157391,182.634,0.198491
157423ms,157423,182.196,0.197318
157455ms,157455,182.461,0.196248
157487ms,157487,182.340,0.197145
157519ms,157519,182.361,0.197491
157551ms,157551,182.494,0.195692
157583ms,157583,182.381,0.196898
157615ms,157615,182.715,0.197527
157647ms,157647,182.651,0.198135
157695ms,157695,182.651,0.196186
157727ms,157727,182.927,0.197576
157759ms,157759,183.038,0.197438
157791ms,157791,183.380,0.198142
157823ms,157823,183.808,0.197431
157855ms,157855,183.970,0.198105
157887ms,157887,184.410,0.197914
157919ms,157919,184.532,0.198879
157951ms,157951,184.795,0.199060
157983ms,157983,185.151,0.199036
158015ms,158015,185.664,0.199914
158063ms,158063,185.801,0.200006
158095ms,158095,186.046,0.200543
158127ms,158127,186.333,0.200629
158159ms,158159,186.382,0.200910
158191ms,158191,186.449,0.200568
158223ms,158223,186.491,0.200490
158287ms,158287,186.354,0.200533
158319ms,158319,186.394,0.200679
158351ms,158351,186.422,0.200262
158388ms,158388,186.290,0.200128
158415ms,158415,186.259,0.200460
158463ms,158463,186.275,0.200771
158495ms,158495,186.368,0.200316
158527ms,158527,186.422,0.200602
158559ms,158559,186.483,0.200733
158591ms,158591,186.616,0.200594
158623ms,158623,186.162,0.200427
158655ms,158655,185.712,0.200141
158687ms,158687,185.195,0.200317
158719ms,158719,184.427,0.199073
158751ms,158751,184.006,0.198234
158783ms,158783,183.292,0.197804
158831ms,158831,183.004,0.197551
158863ms,158863,182.977,0.198020
158895ms,158895,182.659,0.197898
158927ms,158927,182.488,0.197038
158959ms,158959,182.435,0.196825
158991ms,158991,182.332,0.197338
159023ms,159023,182.381,0.196733
159055ms,159055,182.494,0.196424
159087ms,159087,182.562,0.197130
159119ms,159119,182.716,0.196482
159151ms,159151,182.653,0.196907
159199ms,159199,182.768,0.197613
159231ms,159231,182.975,0.197085
159263ms,159263,183.197,0.196624
159295ms,159295,183.604,0.197728
159327ms,159327,183.869,0.197396
159359ms,159359,184.164,0.197667
159391ms,159391,184.392,0.198160
159423ms,159423,184.716,0.198607
159455ms,159455,184.952,0.199507
159487ms,159487,185.279,0.198953
159519ms,159519,185.599,0.200199
159551ms,159551,185.821,0.199649
159599ms,159599,186.233,0.200267
159631ms,159631,186.244,0.200372
159663ms,159663,186.359,0.201264
159727ms,159727,186.356,0.200866
159759ms,159759,186.330,0.200102
159791ms,159791,186.400,0.200124
159823ms,159823,186.269,0.200141
159855ms,159855,186.359,0.200202
159887ms,159887,186.424,0.200319
159919ms,159919,186.432,0.200058
159967ms,159967,186.367,0.200449
159999ms,159999,186.361,0.200753
160031ms,160031,186.424,0.200525
160063ms,160063,186.427,0.200288
160095ms,160095,186.349,0.200570
160127ms,160127,185.838,0.200472
160159ms,160159,185.468,0.200615
160191ms,160191,184.794,0.199862
160223ms,160223,184.139,0.198855
160255ms,160255,183.755,0.197815
160287ms,160287,183.173,0.197857
160335ms,160335,182.953,0.198047
160367ms,160367,182.519,0.198740
160399ms,160399,182.194,0.196424
160431ms,160431,182.312,0.196543
160463ms,160463,182.279,0.197148
160495ms,160495,182.353,0.197036
160527ms,160527,182.325,0.196717
160559ms,160559,182.352,0.196909
160591ms,160591,182.593,0.197505
160623ms,160623,182.718,0.196872
160655ms,160655,182.641,0.197160
160735ms,160735,183.173,0.198197
160767ms,160767,183.349,0.197712
160799ms,160799,183.689,0.197284
160831ms,160831,183.974,0.197790
160863ms,160863,184.190,0.197915
160895ms,160895,184.447,0.198341
160927ms,160927,184.844,0.199006
160959ms,160959,185.163,0.199119
160991ms,160991,185.510,0.199729
161023ms,161023,185.710,0.199857
161055ms,161055,185.936,0.200260
161103ms,161103,186.346,0.200365
161135ms,161135,186.353,0.200747
161167ms,161167,186.416,0.200687
161199ms,161199,186.461,0.200702
161231ms,161231,186.354,0.200918
161263ms,161263,186.335,0.200699
161295ms,161295,186.308,0.200415
161327ms,161327,186.388,0.200410
161359ms,161359,186.354,0.200579
161391ms,161391,186.346,0.200504
161423ms,161423,186.338,0.200273
161471ms,161471,186.342,0.200543
161503ms,161503,186.351,0.200796
161535ms,161535,186.365,0.200499
161567ms,161567,186.521,0.200912
161631ms,161631,185.620,0.200295
161663ms,161663,185.153,0.200173
161695ms,161695,184.391,0.199235
161727ms,161727,184.095,0.198288
161759ms,161759,183.508,0.198439
161791ms,161791,183.116,0.197539
161823ms,161823,182.803,0.197371
161871ms,161871,182.631,0.199174
161903ms,161903,182.423,0.196966
161935ms,161935,182.493,0.196420
161967ms,161967,182.335,0.197426
161999ms,161999,182.499,0.197052
162031ms,162031,182.458,0.195694
162063ms,162063,182.447,0.196482
162095ms,162095,182.647,0.197572
162127ms,162127,182.664,0.197470
162159ms,162159,182.625,0.196745
162191ms,162191,182.965,0.197972
162239ms,162239,183.037,0.197151
162271ms,162271,183.464,0.198015
162303ms,162303,183.678,0.197663
162335ms,162335,184.115,0.198438
162367ms,162367,184.377,0.198074
162399ms,162399,184.590,0.198951
162431ms,162431,184.898,0.199230
162463ms,162463,185.114,0.199265
162495ms,162495,185.526,0.199735
162527ms,162527,185.762,0.199707
162559ms,162559,186.241,0.200641
162607ms,162607,186.306,0.200700
162639ms,162639,186.463,0.200868
162671ms,162671,186.253,0.200700
162703ms,162703,186.415,0.200313
162735ms,162735,186.315,0.200133
162767ms,162767,186.381,0.200350
162799ms,162799,186.446,0.200286
162831ms,162831,186.392,0.200213
162863ms,162863,186.373,0.200128
162895ms,162895,186.324,0.200749
162927ms,162927,186.340,0.199996
162959ms,162959,186.395,0.200528
163007ms,163007,186.377,0.200875
163039ms,163039,186.409,0.200599
163071ms,163071,186.439,0.200388
163103ms,163103,185.833,0.200880
163135ms,163135,185.570,0.200414
163167ms,163167,184.869,0.199470
163199ms,163199,184.284,0.198452
163231ms,163231,183.964,0.197776
163263ms,163263,183.382,0.197794
163295ms,163295,183.004,0.198085
163327ms,163327,182.709,0.198604
163359ms,163359,182.724,0.196526
163407ms,163407,182.568,0.196815
163439ms,163439,182.298,0.198074
163471ms,163471,182.337,0.197651
163503ms,163503,182.415,0.196523
163535ms,163535,182.444,0.196733
163567ms,163567,182.679,0.197624
163599ms,163599,182.651,0.196970
163631ms,163631,182.486,0.197536
163663ms,163663,182.741,0.197196
163695ms,163695,183.003,0.197404
163727ms,163727,183.255,0.197566
163775ms,163775,183.575,0.198184
163807ms,163807,183.905,0.197396
163839ms,163839,184.240,0.197804
163871ms,163871,184.433,0.198496
163903ms,163903,184.838,0.199417
163935ms,163935,184.966,0.199012
163967ms,163967,185.387,0.199236
163999ms,163999,185.576,0.199947
164031ms,164031,185.780,0.200207
164063ms,164063,186.259,0.200705
164095ms,164095,186.401,0.200360
164143ms,164143,186.407,0.200328
164239ms,164239,186.384,0.200592
164271ms,164271,186.288,0.200971
164303ms,164303,186.341,0.200278
164335ms,164335,186.391,0.200366
164367ms,164367,186.303,0.199983
164399ms,164399,186.347,0.200577
164431ms,164431,186.283,0.200533
164463ms,164463,186.331,0.200353
164511ms,164511,186.373,0.200366
164543ms,164543,186.379,0.200354
164575ms,164575,186.046,0.200696
164639ms,164639,185.338,0.200055
164671ms,164671,184.538,0.199051
164703ms,164703,184.066,0.198111
164735ms,164735,183.371,0.198873
164767ms,164767,183.159,0.197572
164799ms,164799,182.770,0.197350
164831ms,164831,182.663,0.198626
164879ms,164879,182.126,0.197553
164911ms,164911,182.507,0.196603
164943ms,164943,182.221,0.197119
164975ms,164975,182.440,0.197223
165007ms,165007,182.329,0.196883
165039ms,165039,182.376,0.196793
165071ms,165071,182.552,0.197534
165103ms,165103,182.678,0.197980
165135ms,165135,182.640,0.197433
165167ms,165167,182.755,0.197403
165199ms,165199,183.024,0.198770
165231ms,165231,183.397,0.197615
165279ms,165279,183.783,0.197492
165311ms,165311,184.097,0.197920
165343ms,165343,184.335,0.198113
165375ms,165375,184.603,0.198351
165407ms,165407,184.778,0.199288
165439ms,165439,185.173,0.199227
165471ms,165471,185.534,0.199798
165503ms,165503,185.649,0.200132
165535ms,165535,186.047,0.200592
165567ms,165567,186.205,0.201073
165599ms,165599,186.394,0.200758
165647ms,165647,186.409,0.200569
165679ms,165679,186.355,0.200273
165711ms,165711,186.375,0.200159
165743ms,165743,186.376,0.200673
165775ms,165775,186.443,0.200423
165807ms,165807,186.276,0.200971
165871ms,165871,186.379,0.200581
165903ms,165903,186.466,0.200328
165935ms,165935,186.443,0.200190
165967ms,165967,186.470,0.200488
165999ms,165999,186.559,0.200492
166047ms,166047,186.583,0.200567
166079ms,166079,186.228,0.200477
166111ms,166111,185.895,0.200307
166143ms,166143,185.190,0.200473
166175ms,166175,184.453,0.199049
166207ms,166207,183.894,0.198176
166239ms,166239,183.441,0.197852
166271ms,166271,182.883,0.197658
166303ms,166303,182.907,0.198128
166335ms,166335,182.699,0.198982
166367ms,166367,182.396,0.197231
166415ms,166415,182.408,0.197069
166447ms,166447,182.369,0.197154
166479ms,166479,182.450,0.197475
166511ms,166511,182.569,0.196161
166543ms,166543,182.387,0.196308
166575ms,166575,182.636,0.197202
166607ms,166607,182.631,0.197292
166671ms,166671,182.969,0.197601
166703ms,166703,183.135,0.196769
166735ms,166735,183.487,0.197006
166783ms,166783,183.756,0.197018
166815ms,166815,183.994,0.197696
166847ms,166847,184.472,0.197636
166879ms,166879,184.563,0.198943
166911ms,166911,184.860,0.198875
166943ms,166943,185.167,0.199133
166975ms,166975,185.449,0.199729
167007ms,167007,185.691,0.200000
167039ms,167039,186.098,0.200473
167071ms,167071,186.363,0.200702
167103ms,167103,186.542,0.200823
167135ms,167135,186.393,0.200971
167183ms,167183,186.485,0.200696
167215ms,167215,186.413,0.200519
167247ms,167247,186.439,0.200601
167279ms,167279,186.401,0.200518
167311ms,167311,186.424,0.200413
167343ms,167343,186.442,0.200724
167375ms,167375,186.434,0.200842
167407ms,167407,186.417,0.200237
167439ms,167439,186.380,0.200247
167471ms,167471,186.394,0.200663
167503ms,167503,186.460,0.200553
167551ms,167551,186.458,0.200408
167583ms,167583,185.994,0.201027
167615ms,167615,185.544,0.200024
167647ms,167647,184.825,0.199369
167679ms,167679,184.501,0.198387
167711ms,167711,183.875,0.197930
167743ms,167743,183.434,0.198425
167775ms,167775,182.969,0.197256
167807ms,167807,182.813,0.197423
167839ms,167839,182.822,0.196618
167871ms,167871,182.419,0.196924
167903ms,167903,182.352,0.197339
167951ms,167951,182.362,0.197808
167983ms,167983,182.474,0.196627
168015ms,168015,182.445,0.196766
168079ms,168079,182.717,0.197203
168111ms,168111,182.587,0.197214
168143ms,168143,182.881,0.197263
168175ms,168175,182.941,0.196753
168207ms,168207,183.217,0.197288
168239ms,168239,183.647,0.198550
168271ms,168271,183.869,0.197541
168319ms,168319,184.138,0.198249
168351ms,168351,184.355,0.198651
168383ms,168383,184.703,0.198434
168415ms,168415,184.953,0.198851
168447ms,168447,185.367,0.199255
168479ms,168479,185.720,0.200186
168511ms,168511,185.908,0.200246
168543ms,168543,186.108,0.200492
168575ms,168575,186.439,0.200622
168607ms,168607,186.370,0.200480
168639ms,168639,186.399,0.200522
168687ms,168687,186.340,0.200395
168719ms,168719,186.348,0.200078
168751ms,168751,186.466,0.200524
168783ms,168783,186.345,0.200276
168815ms,168815,186.344,0.200377
168847ms,168847,186.389,0.200235
168879ms,168879,186.361,0.200490
168911ms,168911,186.381,0.200425
168943ms,168943,186.365,0.200326
168975ms,168975,186.466,0.200547
169007ms,169007,186.418,0.200403
169055ms,169055,186.219,0.200425
169087ms,169087,185.778,0.200376
169119ms,169119,185.302,0.200299
169151ms,169151,184.575,0.199880
169215ms,169215,183.588,0.197842
169247ms,169247,183.056,0.197947
169279ms,169279,182.809,0.197822
169311ms,169311,182.573,0.198353
169343ms,169343,182.366,0.197731
169375ms,169375,182.420,0.197506
169407ms,169407,182.228,0.198048
169455ms,169455,182.414,0.197092
169487ms,169487,182.320,0.196429
169519ms,169519,182.356,0.197389
169551ms,169551,182.703,0.196921
169583ms,169583,182.659,0.197044
169615ms,169615,182.682,0.197180
169647ms,169647,182.958,0.197460
169679ms,169679,183.077,0.198165
169711ms,169711,183.365,0.197674
169743ms,169743,183.792,0.197701
169775ms,169775,184.011,0.197812
169823ms,169823,184.364,0.198153
169855ms,169855,184.477,0.198960
169887ms,169887,184.838,0.199655
169919ms,169919,185.203,0.199550
169951ms,169951,185.566,0.199773
169983ms,169983,185.839,0.200195
170015ms,170015,186.205,0.200523
170047ms,170047,186.440,0.200724
170079ms,170079,186.511,0.200482
170111ms,170111,186.334,0.200672
170191ms,170191,186.347,0.200721
170223ms,170223,186.418,0.200660
170255ms,170255,186.323,0.200366
170287ms,170287,186.399,0.200354
170319ms,170319,186.370,0.200606
170351ms,170351,186.326,0.200612
170383ms,170383,186.335,0.200562
170415ms,170415,186.432,0.200535
170447ms,170447,186.424,0.200445
170479ms,170479,186.384,0.200381
170511ms,170511,186.358,0.200846
170543ms,170543,185.983,0.200576
170591ms,170591,185.698,0.199904
170623ms,170623,184.923,0.199471
170655ms,170655,184.323,0.198354
170687ms,170687,184.007,0.197723
170719ms,170719,183.408,0.198462
170751ms,170751,183.054,0.198244
170783ms,170783,182.709,0.198173
170815ms,170815,182.741,0.197106
170847ms,170847,182.377,0.197297
170879ms,170879,182.412,0.197201
170911ms,170911,182.275,0.197698
170959ms,170959,182.496,0.196926
170991ms,170991,182.390,0.196969
171023ms,171023,182.684,0.197366
171055ms,171055,182.661,0.196702
171087ms,171087,182.533,0.197614
171119ms,171119,182.806,0.197241
171151ms,171151,182.994,0.197721
171183ms,171183,183.313,0.197491
171215ms,171215,183.566,0.197890
171247ms,171247,183.831,0.197994
171279ms,171279,184.089,0.197910
171311ms,171311,184.499,0.199063
171359ms,171359,184.764,0.199216
171391ms,171391,184.917,0.199011
171423ms,171423,185.452,0.199286
171455ms,171455,185.677,0.200017
171487ms,171487,185.931,0.199986
171519ms,171519,186.319,0.200525
171551ms,171551,186.383,0.200724
171583ms,171583,186.331,0.200829
171615ms,171615,186.598,0.200557
171647ms,171647,186.441,0.200200
171679ms,171679,186.420,0.200549
171727ms,171727,186.363,0.200321
171759ms,171759,186.376,0.200420
171823ms,171823,186.454,0.200598
171855ms,171855,186.437,0.200693
171887ms,171887,186.399,0.200609
171919ms,171919,186.468,0.200462
171951ms,171951,186.423,0.200411
171983ms,171983,186.530,0.200996
172015ms,172015,186.314,0.200458
172047ms,172047,185.916,0.200720
172095ms,172095,185.298,0.200341
172127ms,172127,184.755,0.199408
172159ms,172159,184.100,0.198229
172191ms,172191,183.568,0.198184
172223ms,172223,183.091,0.198768
172255ms,172255,182.852,0.197555
172287ms,172287,182.510,0.198204
172319ms,172319,182.254,0.196407
172351ms,172351,182.488,0.196448
172383ms,172383,182.352,0.196876
172415ms,172415,182.404,0.197530
172447ms,172447,182.417,0.196231
172495ms,172495,182.504,0.197101
172527ms,172527,182.550,0.198228
172559ms,172559,182.702,0.196932
172623ms,172623,182.893,0.197612
172655ms,172655,183.164,0.198899
172687ms,172687,183.356,0.198554
172719ms,172719,183.684,0.197491
172751ms,172751,183.965,0.198342
172783ms,172783,184.202,0.198318
172815ms,172815,184.524,0.198380
172863ms,172863,184.758,0.198807
172895ms,172895,185.298,0.199519
172927ms,172927,185.377,0.199281
172959ms,172959,185.729,0.200033
172991ms,172991,186.008,0.200485
173023ms,173023,186.236,0.200640
173055ms,173055,186.462,0.200766
173087ms,173087,186.438,0.200671
173119ms,173119,186.480,0.200681
173151ms,173151,186.337,0.200529
173183ms,173183,186.433,0.200618
173231ms,173231,186.424,0.200579
173263ms,173263,186.398,0.200254
173295ms,173295,186.353,0.200215
173327ms,173327,186.283,0.200630
173359ms,173359,186.447,0.200288
173391ms,173391,186.317,0.200567
173423ms,173423,186.502,0.200264
173455ms,173455,186.392,0.200237
173487ms,173487,186.455,0.200484
173519ms,173519,185.940,0.200840
173551ms,173551,185.645,0.200124
173583ms,173583,185.002,0.199903
173631ms,173631,184.472,0.198713
173663ms,173663,184.004,0.197605
173695ms,173695,183.392,0.198427
173727ms,173727,183.067,0.197349
173759ms,173759,182.700,0.197995
173791ms,173791,182.707,0.196668
173823ms,173823,182.492,0.195977
173919ms,173919,182.463,0.197102
173951ms,173951,182.500,0.196663
173999ms,173999,182.635,0.197476
174031ms,174031,182.619,0.196735
174063ms,174063,182.607,0.197359
174095ms,174095,182.923,0.196996
174127ms,174127,182.881,0.196873
174159ms,174159,183.118,0.196623
174191ms,174191,183.664,0.197835
174223ms,174223,183.857,0.197898
174255ms,174255,184.168,0.197603
174287ms,174287,184.446,0.198146
174319ms,174319,184.638,0.198773
174367ms,174367,184.951,0.199050
174399ms,174399,185.264,0.198710
174431ms,174431,185.578,0.200281
174463ms,174463,185.849,0.199766
174495ms,174495,186.249,0.200048
174527ms,174527,186.489,0.200681
174559ms,174559,186.405,0.200645
174591ms,174591,186.402,0.200878
174623ms,174623,186.481,0.200572
174655ms,174655,186.377,0.200972
174687ms,174687,186.418,0.200537
174719ms,174719,186.401,0.200409
174767ms,174767,186.298,0.200423
174799ms,174799,186.348,0.200752
174831ms,174831,186.308,0.200452
174863ms,174863,186.258,0.200721
174895ms,174895,186.377,0.200577
174927ms,174927,186.478,0.200895
174959ms,174959,186.456,0.200700
174991ms,174991,186.322,0.200578
175023ms,175023,185.848,0.201280
175055ms,175055,185.401,0.199929
175135ms,175135,184.240,0.198766
175167ms,175167,183.749,0.198338
175199ms,175199,182.986,0.198345
175231ms,175231,182.829,0.197334
175263ms,175263,182.541,0.198286
175295ms,175295,182.320,0.197452
175327ms,175327,182.464,0.197055
175359ms,175359,182.348,0.197649
175391ms,175391,182.477,0.197211
175423ms,175423,182.430,0.196956
175455ms,175455,182.474,0.197539
175503ms,175503,182.655,0.197215
175535ms,175535,182.705,0.197689
175567ms,175567,182.607,0.196968
175599ms,175599,182.900,0.196776
175631ms,175631,183.143,0.198083
175663ms,175663,183.491,0.198199
175695ms,175695,183.660,0.197265
175727ms,175727,183.971,0.198081
175759ms,175759,184.224,0.197926
175791ms,175791,184.446,0.198262
175823ms,175823,184.811,0.198861
175855ms,175855,185.050,0.198995
175903ms,175903,185.361,0.199246
175935ms,175935,185.753,0.200110
175967ms,175967,186.010,0.200287
175999ms,175999,186.339,0.200460
176031ms,176031,186.390,0.200579
176063ms,176063,186.473,0.200733
176127ms,176127,186.352,0.200612
176159ms,176159,186.378,0.200850
176191ms,176191,186.368,0.200594
176223ms,176223,186.364,0.200467
176271ms,176271,186.431,0.199837
176303ms,176303,186.426,0.200565
176335ms,176335,186.436,0.200667
176399ms,176399,186.446,0.200753
176431ms,176431,186.376,0.200734
176463ms,176463,186.471,0.200820
176495ms,176495,186.201,0.200414
176527ms,176527,185.728,0.200536
176559ms,176559,185.068,0.200524
176591ms,176591,184.443,0.199216
176639ms,176639,183.974,0.198407
176671ms,176671,183.404,0.197503
176703ms,176703,183.005,0.197887
176735ms,176735,182.853,0.197900
176767ms,176767,182.795,0.197958
176799ms,176799,182.451,0.197722
176831ms,176831,182.534,0.196955
176863ms,176863,182.342,0.197268
176895ms,176895,182.472,0.197576
176927ms,176927,182.342,0.196596
176959ms,176959,182.560,0.197357
176991ms,176991,182.639,0.195794
177039ms,177039,182.546,0.197427
177071ms,177071,182.777,0.196775
177103ms,177103,182.937,0.197572
177135ms,177135,183.063,0.197179
177167ms,177167,183.502,0.197891
177199ms,177199,183.808,0.197664
177231ms,177231,184.118,0.197566
177263ms,177263,184.335,0.198230
177295ms,177295,184.630,0.198788
177327ms,177327,184.920,0.199719
177359ms,177359,185.269,0.199363
177407ms,177407,185.542,0.199846
177439ms,177439,185.820,0.199915
177471ms,177471,186.134,0.200148
177503ms,177503,186.302,0.200738
177535ms,177535,186.308,0.200581
177567ms,177567,186.241,0.200994
177599ms,177599,186.229,0.200770
177631ms,177631,186.375,0.200371
177663ms,177663,186.362,0.200478
177695ms,177695,186.352,0.200968
177727ms,177727,186.297,0.200378
177839ms,177839,186.405,0.200595
177871ms,177871,186.452,0.200252
177903ms,177903,186.400,0.200402
177935ms,177935,186.395,0.200460
177967ms,177967,186.317,0.200720
177999ms,177999,185.904,0.200762
178031ms,178031,185.540,0.199764
178063ms,178063,184.771,0.200087
178095ms,178095,184.309,0.198624
178127ms,178127,183.827,0.198465
178175ms,178175,183.337,0.197556
178271ms,178271,182.738,0.196886
178303ms,178303,182.505,0.196791
178335ms,178335,182.406,0.198399
178367ms,178367,182.342,0.197030
178399ms,178399,182.516,0.196712
178431ms,178431,182.460,0.196971
178463ms,178463,182.772,0.196984
178495ms,178495,182.565,0.197633
178543ms,178543,182.655,0.196869
178607ms,178607,182.980,0.197522
178639ms,178639,183.374,0.197135
178671ms,178671,183.625,0.198364
178703ms,178703,183.870,0.198035
178735ms,178735,184.171,0.198256
178767ms,178767,184.314,0.198266
178799ms,178799,184.596,0.198882
178831ms,178831,184.989,0.198982
178863ms,178863,185.467,0.199152
178911ms,178911,185.554,0.200323
178943ms,178943,185.994,0.200126
178975ms,178975,186.222,0.200466
179007ms,179007,186.389,0.200726
179039ms,179039,186.366,0.200579
179071ms,179071,186.422,0.200535
179103ms,179103,186.317,0.200460
179135ms,179135,186.365,0.200394
179167ms,179167,186.378,0.200498
179199ms,179199,186.358,0.200061
179231ms,179231,186.288,0.200847
179263ms,179263,186.331,0.200512
179311ms,179311,186.349,0.200770
179343ms,179343,186.448,0.200536
179375ms,179375,186.367,0.200533
179407ms,179407,186.438,0.200233
179439ms,179439,186.470,0.200644
179471ms,179471,186.343,0.200622
179503ms,179503,185.841,0.200894
179535ms,179535,185.398,0.200489
179567ms,179567,184.641,0.199270
179599ms,179599,184.283,0.198489
179631ms,179631,183.748,0.199301
179679ms,179679,183.200,0.198245
179743ms,179743,182.876,0.198446
179775ms,179775,182.528,0.196459
179807ms,179807,182.580,0.196858
179839ms,179839,182.300,0.198722
179871ms,179871,182.470,0.197798
179903ms,179903,182.462,0.196796
179935ms,179935,182.487,0.196692
179967ms,179967,182.788,0.198542
179999ms,179999,182.716,0.198301
180047ms,180047,182.600,0.196685
180079ms,180079,182.795,0.196998
180111ms,180111,183.232,0.196722
180143ms,180143,183.350,0.197193
180207ms,180207,183.845,0.197574
180239ms,180239,184.194,0.197967
180271ms,180271,184.457,0.198695
180303ms,180303,184.756,0.198883
180335ms,180335,185.133,0.198771
180367ms,180367,185.321,0.199071
180399ms,180399,185.786,0.199535
180447ms,180447,185.901,0.200467
180479ms,180479,186.226,0.200292
180511ms,180511,186.284,0.200758
180543ms,180543,186.359,0.200875
180575ms,180575,186.496,0.200514
180607ms,180607,186.339,0.201013
180639ms,180639,186.353,0.200638
180671ms,180671,186.303,0.200921
180703ms,180703,186.361,0.200726
180735ms,180735,186.366,0.200648
180767ms,180767,186.400,0.200426
180815ms,180815,186.446,0.200545
180847ms,180847,186.384,0.200539
180879ms,180879,186.408,0.200776
180943ms,180943,186.367,0.200495
180975ms,180975,186.185,0.200496
181007ms,181007,185.804,0.200702
181039ms,181039,185.221,0.201057
181071ms,181071,184.642,0.199523
181103ms,181103,184.144,0.198223
181135ms,181135,183.524,0.198423
181183ms,181183,183.090,0.197989
181215ms,181215,182.787,0.197298
181247ms,181247,182.442,0.197761
181279ms,181279,182.255,0.197436
181311ms,181311,182.471,0.196222
181343ms,181343,182.209,0.197525
181375ms,181375,182.475,0.196994
181407ms,181407,182.399,0.195987
181439ms,181439,182.491,0.196786
181471ms,181471,182.640,0.197416
181503ms,181503,182.680,0.196938
181535ms,181535,182.739,0.196612
181583ms,181583,183.004,0.197506
181615ms,181615,183.091,0.197476
181647ms,181647,183.323,0.197849
181679ms,181679,183.740,0.197593
181711ms,181711,183.870,0.197656
181743ms,181743,184.261,0.197872
181775ms,181775,184.577,0.198870
181807ms,181807,184.839,0.199294
181839ms,181839,185.254,0.199746
181871ms,181871,185.525,0.199624
181903ms,181903,185.796,0.199955
181951ms,181951,186.058,0.200426
181983ms,181983,186.270,0.200675
182015ms,182015,186.389,0.200654
182047ms,182047,186.376,0.200605
182079ms,182079,186.426,0.200442
182111ms,182111,186.461,0.200429
182143ms,182143,186.464,0.200264
182175ms,182175,186.338,0.200660
182239ms,182239,186.384,0.200343
182271ms,182271,186.379,0.200477
182303ms,182303,186.419,0.200783
182351ms,182351,186.413,0.200736
182415ms,182415,186.357,0.200677
182447ms,182447,186.498,0.200490
182479ms,182479,185.956,0.200613
182511ms,182511,185.511,0.200162
182543ms,182543,184.966,0.199461
182575ms,182575,184.302,0.198244
182607ms,182607,184.043,0.197739
182639ms,182639,183.412,0.197972
182671ms,182671,183.031,0.197360
182719ms,182719,182.855,0.197821
182751ms,182751,182.776,0.196913
182783ms,182783,182.315,0.196649
182815ms,182815,182.366,0.196803
182847ms,182847,182.345,0.197118
182879ms,182879,182.467,0.196981
182911ms,182911,182.414,0.197257
182943ms,182943,182.666,0.197673
182975ms,182975,182.686,0.197020
183007ms,183007,182.621,0.196702
183039ms,183039,182.735,0.197308
183087ms,183087,182.995,0.197692
183119ms,183119,183.275,0.197460
183151ms,183151,183.657,0.197589
183183ms,183183,183.826,0.198016
183247ms,183247,184.369,0.198642
183279ms,183279,184.627,0.198169
183311ms,183311,184.994,0.199391
183343ms,183343,185.292,0.199576
183375ms,183375,185.842,0.199751
183407ms,183407,185.997,0.200087
183455ms,183455,186.184,0.200026
183487ms,183487,186.370,0.200745
183519ms,183519,186.397,0.200868
183551ms,183551,186.469,0.200347
183583ms,183583,186.467,0.200567
183615ms,183615,186.345,0.200914
183647ms,183647,186.412,0.200734
183679ms,183679,186.437,0.200423
183711ms,183711,186.399,0.200624
183743ms,183743,186.479,0.200545
183775ms,183775,186.425,0.200406
183807ms,183807,186.398,0.200582
183855ms,183855,186.364,0.200754
183887ms,183887,186.461,0.200447
183919ms,183919,186.357,0.200392
183951ms,183951,186.334,0.200593
183983ms,183983,185.822,0.201265
184015ms,184015,185.455,0.200353
184047ms,184047,184.752,0.199102
184079ms,184079,184.177,0.198192
184111ms,184111,183.678,0.197797
184143ms,184143,183.225,0.199064
184175ms,184175,182.768,0.198121
184223ms,184223,182.682,0.198261
184255ms,184255,182.606,0.196670
184287ms,184287,182.422,0.196626
184319ms,184319,182.278,0.197121
184351ms,184351,182.403,0.197138
184383ms,184383,182.389,0.196698
184415ms,184415,182.502,0.196590
184447ms,184447,182.662,0.197750
184479ms,184479,182.700,0.196776
184511ms,184511,182.723,0.196555
184543ms,184543,182.860,0.196807
184575ms,184575,183.145,0.198075
184687ms,184687,183.839,0.197668
184719ms,184719,184.372,0.197666
184751ms,184751,184.496,0.197751
184783ms,184783,184.876,0.199328
184815ms,184815,185.123,0.199393
184847ms,184847,185.407,0.199507
184879ms,184879,185.661,0.200020
184911ms,184911,185.991,0.200065
184943ms,184943,186.276,0.200572
184991ms,184991,186.487,0.200544
185023ms,185023,186.337,0.200476
185055ms,185055,186.475,0.200501
185087ms,185087,186.387,0.200472
185119ms,185119,186.495,0.200141
185151ms,185151,186.388,0.200663
185183ms,185183,186.376,0.200196
185215ms,185215,186.407,0.200154
185247ms,185247,186.447,0.200431
185279ms,185279,186.370,0.201038
185311ms,185311,186.437,0.200654
185359ms,185359,186.414,0.200557
185391ms,185391,186.448,0.200766
185423ms,185423,186.355,0.200739
185455ms,185455,186.060,0.200796
185487ms,185487,185.759,0.200806
185519ms,185519,185.252,0.200485
185551ms,185551,184.493,0.198806
185583ms,185583,184.015,0.198322
185615ms,185615,183.410,0.197908
185647ms,185647,183.081,0.198007
185679ms,185679,182.763,0.197941
185711ms,185711,182.594,0.199396
185759ms,185759,182.306,0.197737
185791ms,185791,182.584,0.196952
185823ms,185823,182.321,0.197433
185855ms,185855,182.405,0.197382
185887ms,185887,182.434,0.196628
185919ms,185919,182.412,0.197476
185951ms,185951,182.749,0.196353
185983ms,185983,182.637,0.197439
186015ms,186015,182.634,0.196421
186047ms,186047,183.101,0.197441
186079ms,186079,183.121,0.197905
186159ms,186159,183.728,0.197212
186191ms,186191,184.091,0.197649
186223ms,186223,184.331,0.198289
186255ms,186255,184.684,0.198438
186319ms,186319,185.341,0.199344
186351ms,186351,185.669,0.199729
186383ms,186383,185.851,0.200258
186415ms,186415,186.178,0.200673
186447ms,186447,186.332,0.200532
186495ms,186495,186.364,0.200487
186527ms,186527,186.450,0.201134
186559ms,186559,186.396,0.200928
186591ms,186591,186.428,0.200210
186623ms,186623,186.484,0.200452
186655ms,186655,186.332,0.200618
186687ms,186687,186.300,0.200574
186719ms,186719,186.418,0.200744
186751ms,186751,186.372,0.200428
186783ms,186783,186.455,0.200119
186815ms,186815,186.409,0.200360
186847ms,186847,186.457,0.200441
186895ms,186895,186.405,0.200441
186927ms,186927,186.432,0.200913
186959ms,186959,185.977,0.200546
186991ms,186991,185.553,0.200332
187023ms,187023,184.765,0.200134
187055ms,187055,184.350,0.198490
187087ms,187087,183.842,0.198442
187151ms,187151,182.859,0.197942
187183ms,187183,182.759,0.198239
187215ms,187215,182.564,0.196415
187263ms,187263,182.451,0.197030
187295ms,187295,182.337,0.197495
187327ms,187327,182.383,0.197285
187359ms,187359,182.433,0.196494
187391ms,187391,182.506,0.196766
187423ms,187423,182.671,0.197026
187455ms,187455,182.660,0.196902
187487ms,187487,182.685,0.196593
187519ms,187519,182.887,0.196316
187551ms,187551,183.126,0.197637
187583ms,187583,183.279,0.197518
187631ms,187631,183.746,0.197374
187663ms,187663,183.987,0.197794
187695ms,187695,184.104,0.198037
187727ms,187727,184.523,0.198609
187759ms,187759,184.782,0.199168
187791ms,187791,184.987,0.199085
187823ms,187823,185.385,0.199508
187855ms,187855,185.670,0.200225
187887ms,187887,185.786,0.200270
187919ms,187919,186.278,0.200480
187951ms,187951,186.312,0.200406
187983ms,187983,186.377,0.200499
188031ms,188031,186.479,0.201237
188063ms,188063,186.368,0.200661
188095ms,188095,186.396,0.200562
188127ms,188127,186.547,0.200418
188159ms,188159,186.382,0.200548
188191ms,188191,186.377,0.200696
188223ms,188223,186.432,0.200463
188255ms,188255,186.403,0.200374
188287ms,188287,186.431,0.200546
188319ms,188319,186.534,0.200476
188351ms,188351,186.470,0.200293
188383ms,188383,186.565,0.200875
188431ms,188431,186.098,0.200649
188463ms,188463,185.693,0.200718
188527ms,188527,184.701,0.198579
188591ms,188591,183.435,0.197988
188623ms,188623,183.109,0.197855
188655ms,188655,182.784,0.197313
188687ms,188687,182.827,0.198217
188719ms,188719,182.363,0.196943
188767ms,188767,182.432,0.196630
188799ms,188799,182.257,0.196840
188831ms,188831,182.455,0.197207
188863ms,188863,182.463,0.196528
188895ms,188895,182.444,0.197266
188927ms,188927,182.630,0.197929
188959ms,188959,182.557,0.198173
188991ms,188991,182.779,0.196444
189023ms,189023,182.960,0.197311
189087ms,189087,183.415,0.197941
189119ms,189119,183.831,0.198047
189167ms,189167,184.062,0.198218
189199ms,189199,184.329,0.198344
189231ms,189231,184.659,0.199401
189263ms,189263,184.904,0.199640
189295ms,189295,185.187,0.198988
189327ms,189327,185.582,0.199596
189359ms,189359,185.889,0.200544
189391ms,189391,186.239,0.200453
189423ms,189423,186.399,0.200642
189455ms,189455,186.458,0.200930
189487ms,189487,186.334,0.200935
189535ms,189535,186.230,0.201019
189567ms,189567,186.355,0.200813
189599ms,189599,186.365,0.200400
189631ms,189631,186.282,0.200746
189663ms,189663,186.343,0.200806
189695ms,189695,186.365,0.200697
189759ms,189759,186.410,0.200871
189791ms,189791,186.361,0.200726
189823ms,189823,186.399,0.200954
189855ms,189855,186.463,0.200795
189903ms,189903,186.468,0.200718
189935ms,189935,185.919,0.200010
189967ms,189967,185.566,0.200259
189999ms,189999,184.889,0.199783
190031ms,190031,184.317,0.198811
190063ms,190063,183.989,0.198190
190095ms,190095,183.356,0.198096
190127ms,190127,182.884,0.197114
190159ms,190159,182.671,0.197633
190191ms,190191,182.719,0.197054
190223ms,190223,182.516,0.196221
190255ms,190255,182.402,0.197535
190303ms,190303,182.325,0.196857
190335ms,190335,182.479,0.196914
190367ms,190367,182.448,0.196483
190399ms,190399,182.756,0.197190
190431ms,190431,182.577,0.196440
190463ms,190463,182.612,0.196695
190495ms,190495,182.857,0.197184
190527ms,190527,183.032,0.196823
190559ms,190559,183.404,0.197340
190591ms,190591,183.562,0.198599
190623ms,190623,183.813,0.198504
190671ms,190671,184.064,0.197756
190703ms,190703,184.351,0.197970
190735ms,190735,184.722,0.198830
190767ms,190767,184.926,0.199065
190799ms,190799,185.405,0.199405
190831ms,190831,185.687,0.200043
190863ms,190863,186.010,0.200446
190895ms,190895,186.325,0.200132
190927ms,190927,186.446,0.200446
190959ms,190959,186.465,0.201099
190991ms,190991,186.406,0.200618
191023ms,191023,186.333,0.200889
191071ms,191071,186.322,0.201034
191135ms,191135,186.349,0.200816
191167ms,191167,186.399,0.200509
191199ms,191199,186.314,0.200813
191231ms,191231,186.343,0.200529
191263ms,191263,186.477,0.200490
191295ms,191295,186.425,0.200741
191327ms,191327,186.371,0.200573
191359ms,191359,186.532,0.201108
191391ms,191391,186.272,0.200448
191439ms,191439,185.805,0.200219
191471ms,191471,185.256,0.200262
191503ms,191503,184.555,0.198787
191535ms,191535,184.182,0.198203
191567ms,191567,183.550,0.197901
191599ms,191599,183.127,0.198082
191631ms,191631,182.768,0.198061
191663ms,191663,182.613,0.198210
191695ms,191695,182.202,0.196922
191727ms,191727,182.549,0.196642
191759ms,191759,182.224,0.197563
191807ms,191807,182.396,0.197530
191839ms,191839,182.368,0.196295
191871ms,191871,182.371,0.196887
191903ms,191903,182.634,0.196571
191935ms,191935,182.684,0.196983
191967ms,191967,182.675,0.196435
191999ms,191999,182.965,0.197807
192031ms,192031,183.099,0.197400
192063ms,192063,183.510,0.197954
192095ms,192095,183.817,0.197080
192127ms,192127,183.985,0.197726
192159ms,192159,184.370,0.197949
192207ms,192207,184.556,0.198615
192239ms,192239,184.959,0.198895
192271ms,192271,185.158,0.199187
192303ms,192303,185.553,0.199840
192335ms,192335,185.872,0.200330
192399ms,192399,186.330,0.200668
192431ms,192431,186.405,0.200865
192463ms,192463,186.376,0.201253
192495ms,192495,186.455,0.201018
192527ms,192527,186.489,0.200581
192575ms,192575,186.339,0.201159
192607ms,192607,186.359,0.200763
192639ms,192639,186.345,0.201081
192671ms,192671,186.407,0.200879
192703ms,192703,186.325,0.201058
192735ms,192735,186.428,0.200685
192767ms,192767,186.503,0.200501
192799ms,192799,186.456,0.200768
192831ms,192831,186.335,0.200946
192863ms,192863,186.511,0.200717
192895ms,192895,186.098,0.200497
192943ms,192943,185.566,0.200070
192975ms,192975,185.018,0.199778
193007ms,193007,184.405,0.198678
193039ms,193039,183.971,0.198048
193071ms,193071,183.427,0.198457
193103ms,193103,182.997,0.198638
193135ms,193135,182.831,0.196917
193167ms,193167,182.764,0.196808
193199ms,193199,182.502,0.197281
193231ms,193231,182.364,0.197349
193263ms,193263,182.296,0.197526
193295ms,193295,182.473,0.196927
193343ms,193343,182.453,0.196900
193375ms,193375,182.644,0.196771
193407ms,193407,182.669,0.196700
193439ms,193439,182.498,0.197435
193471ms,193471,182.850,0.196742
193503ms,193503,182.968,0.196878
193599ms,193599,183.814,0.197704
193631ms,193631,184.039,0.197936
193663ms,193663,184.329,0.199138
193711ms,193711,184.699,0.198607
193743ms,193743,184.946,0.199154
193775ms,193775,185.406,0.199217
193807ms,193807,185.719,0.199758
193839ms,193839,185.951,0.200283
193871ms,193871,186.279,0.200438
193903ms,193903,186.300,0.200901
193935ms,193935,186.403,0.200572
193967ms,193967,186.469,0.200823
193999ms,193999,186.385,0.200535
194031ms,194031,186.334,0.200431
194079ms,194079,186.349,0.200469
194111ms,194111,186.324,0.200047
194143ms,194143,186.327,0.200772
194175ms,194175,186.332,0.200652
194207ms,194207,186.317,0.200309
194239ms,194239,186.328,0.200609
194271ms,194271,186.374,0.200609
194303ms,194303,186.362,0.200814
194335ms,194335,186.411,0.200852
194367ms,194367,186.329,0.200518
194399ms,194399,185.869,0.200728
194479ms,194479,184.671,0.198917
194511ms,194511,184.278,0.198187
194543ms,194543,183.753,0.199357
194575ms,194575,183.192,0.198457
194607ms,194607,182.783,0.197573
194639ms,194639,182.726,0.198370
194671ms,194671,182.642,0.196256
194703ms,194703,182.610,0.196651
194735ms,194735,182.372,0.197977
194767ms,194767,182.322,0.198111
194799ms,194799,182.586,0.196253
194847ms,194847,182.499,0.197079
194879ms,194879,182.742,0.196786
194911ms,194911,182.605,0.197112
194943ms,194943,182.747,0.196682
194975ms,194975,182.735,0.197216
195007ms,195007,183.219,0.197494
195039ms,195039,183.393,0.197702
195071ms,195071,183.782,0.197557
195103ms,195103,183.907,0.197974
195135ms,195135,184.049,0.197888
195167ms,195167,184.328,0.198280
195215ms,195215,184.593,0.198551
195247ms,195247,185.074,0.198883
195279ms,195279,185.397,0.199465
195311ms,195311,185.704,0.200305
195343ms,195343,186.022,0.200072
195375ms,195375,186.198,0.200820
195407ms,195407,186.288,0.200738
195439ms,195439,186.326,0.200625
195471ms,195471,186.423,0.200586
195503ms,195503,186.409,0.200841
195535ms,195535,186.432,0.200615
195567ms,195567,186.374,0.200594
195615ms,195615,186.430,0.200418
195647ms,195647,186.413,0.200531
195679ms,195679,186.429,0.200572
195743ms,195743,186.354,0.200721
195775ms,195775,186.367,0.201314
195807ms,195807,186.439,0.200948
195839ms,195839,186.455,0.200726
195871ms,195871,186.158,0.200564
195903ms,195903,185.723,0.200320
195935ms,195935,185.155,0.200115
195983ms,195983,184.688,0.199483
196015ms,196015,184.071,0.199219
196047ms,196047,183.605,0.198403
196079ms,196079,183.104,0.197917
196111ms,196111,182.864,0.197648
196143ms,196143,182.637,0.197462
196175ms,196175,182.285,0.197211
196207ms,196207,182.475,0.196163
196239ms,196239,182.368,0.197719
196271ms,196271,182.457,0.197061
196303ms,196303,182.543,0.195945
196351ms,196351,182.499,0.197712
196383ms,196383,182.518,0.197451
196415ms,196415,182.667,0.197080
196447ms,196447,182.718,0.196565
196479ms,196479,182.912,0.197107
196511ms,196511,183.073,0.197205
196543ms,196543,183.515,0.198340
196575ms,196575,183.799,0.197081
196607ms,196607,183.964,0.197838
196639ms,196639,184.339,0.198034
196671ms,196671,184.492,0.198808
196703ms,196703,184.800,0.199794
196751ms,196751,185.188,0.199228
196783ms,196783,185.606,0.199838
196815ms,196815,185.766,0.199835
196847ms,196847,186.201,0.200567
196911ms,196911,186.490,0.200632
196943ms,196943,186.376,0.200782
196975ms,196975,186.375,0.200765
197007ms,197007,186.355,0.200785
197039ms,197039,186.415,0.200678
197071ms,197071,186.422,0.200565
197119ms,197119,186.343,0.200501
197151ms,197151,186.375,0.200638
197183ms,197183,186.394,0.200258
197247ms,197247,186.334,0.200902
197279ms,197279,186.404,0.200906
197311ms,197311,186.351,0.200687
197343ms,197343,186.554,0.200568
197375ms,197375,185.925,0.200717
197407ms,197407,185.537,0.200768
197439ms,197439,185.002,0.200100
197487ms,197487,184.360,0.198875
197519ms,197519,183.943,0.198174
197551ms,197551,183.351,0.197369
197583ms,197583,183.046,0.197469
197615ms,197615,182.779,0.197375
197647ms,197647,182.764,0.196836
197679ms,197679,182.524,0.196699
197711ms,197711,182.499,0.196947
197743ms,197743,182.273,0.196663
197775ms,197775,182.589,0.196744
197807ms,197807,182.446,0.196945
197839ms,197839,182.729,0.197103
197887ms,197887,182.735,0.196756
197919ms,197919,182.638,0.196448
197951ms,197951,182.870,0.196513
197983ms,197983,182.976,0.196932
198015ms,198015,183.316,0.197247
198047ms,198047,183.585,0.197760
198079ms,198079,183.799,0.198181
198111ms,198111,184.177,0.197492
198143ms,198143,184.417,0.198456
198175ms,198175,184.631,0.198407
198207ms,198207,184.930,0.199029
198255ms,198255,185.386,0.199106
198287ms,198287,185.644,0.200096
198319ms,198319,186.047,0.200157
198351ms,198351,186.313,0.200435
198383ms,198383,186.463,0.200747
198415ms,198415,186.368,0.201016
198447ms,198447,186.376,0.200807
198479ms,198479,186.472,0.200388
198511ms,198511,186.407,0.200579
198543ms,198543,186.311,0.200786
198575ms,198575,186.389,0.200617
198607ms,198607,186.424,0.200534
198655ms,198655,186.402,0.200331
198687ms,198687,186.388,0.200906
198719ms,198719,186.498,0.200741
198783ms,198783,186.405,0.200991
198815ms,198815,186.453,0.200916
198847ms,198847,186.372,0.200618
198879ms,198879,185.821,0.200615
198943ms,198943,184.583,0.199325
198975ms,198975,184.052,0.198870
199023ms,199023,183.531,0.198354
199055ms,199055,183.099,0.197741
199087ms,199087,182.732,0.197309
199119ms,199119,182.684,0.198004
199151ms,199151,182.325,0.197130
199183ms,199183,182.526,0.196479
199215ms,199215,182.329,0.196599
199247ms,199247,182.465,0.197136
199279ms,199279,182.423,0.195927
199311ms,199311,182.385,0.197196
199343ms,199343,182.700,0.197062
199391ms,199391,182.688,0.196697
199423ms,199423,182.742,0.196475
199455ms,199455,182.723,0.197007
199487ms,199487,183.034,0.198033
199519ms,199519,183.434,0.197957
199551ms,199551,183.795,0.197527
199583ms,199583,183.824,0.197526
199615ms,199615,184.230,0.197841
199647ms,199647,184.549,0.198633
199679ms,199679,184.864,0.198881
199711ms,199711,185.111,0.198860
199759ms,199759,185.649,0.199465
199791ms,199791,185.847,0.200033
199823ms,199823,186.205,0.201127
199855ms,199855,186.410,0.200582
199887ms,199887,186.397,0.200658
199919ms,199919,186.481,0.200533
199951ms,199951,186.443,0.200983
199983ms,199983,186.343,0.200983
200015ms,200015,186.382,0.200395
200047ms,200047,186.342,0.200536
200079ms,200079,186.402,0.200733
200111ms,200111,186.334,0.200521
200159ms,200159,186.289,0.200814
200191ms,200191,186.339,0.200792
200223ms,200223,186.446,0.200864
200255ms,200255,186.483,0.200753
200287ms,200287,186.438,0.200565
200319ms,200319,186.481,0.200675
200351ms,200351,186.100,0.200489
200383ms,200383,185.562,0.199870
200415ms,200415,184.998,0.199441
200447ms,200447,184.350,0.198474
200447ms,200447,184.350,0.198474
200479ms,200479,183.910,0.198459
200479ms,200479,183.910,0.198459
200511ms,200511,183.391,0.198508
200511ms,200511,183.391,0.198508
200559ms,200559,182.898,0.197366
200559ms,200559,182.898,0.197366
200623ms,200623,182.780,0.196793
200623ms,200623,182.780,0.196793
200655ms,200655,182.322,0.196579
200687ms,200687,182.393,0.197245
200719ms,200719,182.340,0.197245
200751ms,200751,182.500,0.196706
200783ms,200783,182.487,0.196868
200815ms,200815,182.716,0.197812
200847ms,200847,182.688,0.196535
200879ms,200879,182.624,0.197920
200927ms,200927,182.836,0.197252
200959ms,200959,182.881,0.197323
200991ms,200991,183.253,0.197179
201023ms,201023,183.648,0.197731
201055ms,201055,183.786,0.197936
201087ms,201087,184.162,0.197769
201119ms,201119,184.392,0.198078
201151ms,201151,184.755,0.198897
201183ms,201183,185.014,0.199146
201215ms,201215,185.224,0.199238
201247ms,201247,185.671,0.200072
201295ms,201295,185.965,0.200069
201327ms,201327,186.157,0.200385
201359ms,201359,186.356,0.200638
201391ms,201391,186.426,0.200650
201423ms,201423,186.426,0.200853
201455ms,201455,186.374,0.200814
201487ms,201487,186.278,0.200839
201519ms,201519,186.333,0.200326
201551ms,201551,186.301,0.200740
201583ms,201583,186.388,0.200728
201615ms,201615,186.413,0.200271
201663ms,201663,186.367,0.200565
201695ms,201695,186.309,0.200932
201727ms,201727,186.410,0.200803
201759ms,201759,186.416,0.200460
201791ms,201791,186.380,0.200281
201823ms,201823,186.280,0.200642
201887ms,201887,185.507,0.200293
201919ms,201919,184.706,0.198922
201951ms,201951,184.247,0.198562
201983ms,201983,183.653,0.198207
202015ms,202015,183.186,0.198613
202063ms,202063,182.730,0.197809
202127ms,202127,182.178,0.196213
202159ms,202159,182.483,0.197005
202191ms,202191,182.353,0.198154
202223ms,202223,182.416,0.196981
202255ms,202255,182.447,0.195652
202287ms,202287,182.345,0.197137
202319ms,202319,182.667,0.196719
202351ms,202351,182.694,0.196614
202383ms,202383,182.672,0.196666
202431ms,202431,182.765,0.197105
202463ms,202463,183.218,0.197772
202495ms,202495,183.537,0.198475
202527ms,202527,183.698,0.197266
202559ms,202559,183.953,0.197372
202591ms,202591,184.207,0.198195
202623ms,202623,184.461,0.198408
202655ms,202655,184.823,0.199061
202687ms,202687,185.200,0.198774
202719ms,202719,185.467,0.199316
202751ms,202751,185.702,0.199762
202799ms,202799,186.006,0.200012
202831ms,202831,186.246,0.200690
202863ms,202863,186.307,0.200769
202895ms,202895,186.351,0.200857
202927ms,202927,186.454,0.200431
202959ms,202959,186.327,0.200917
202991ms,202991,186.401,0.200145
203023ms,203023,186.405,0.200153
203055ms,203055,186.403,0.200266
203087ms,203087,186.394,0.200374
203119ms,203119,186.402,0.200795
203151ms,203151,186.382,0.200331
203199ms,203199,186.381,0.200786
203231ms,203231,186.471,0.200330
203263ms,203263,186.361,0.200823
203295ms,203295,186.400,0.200625
203327ms,203327,186.217,0.200648
203359ms,203359,185.560,0.200320
203391ms,203391,185.080,0.200095
203423ms,203423,184.396,0.199247
203455ms,203455,183.987,0.198289
203487ms,203487,183.365,0.198418
203519ms,203519,182.947,0.197357
203567ms,203567,182.823,0.198294
203599ms,203599,182.684,0.196881
203631ms,203631,182.368,0.196979
203663ms,203663,182.350,0.197203
203695ms,203695,182.360,0.197278
203727ms,203727,182.467,0.196808
203759ms,203759,182.536,0.196044
203791ms,203791,182.568,0.196295
203823ms,203823,182.643,0.196980
203855ms,203855,182.598,0.197432
203887ms,203887,182.757,0.197884
203919ms,203919,182.958,0.197781
203967ms,203967,183.121,0.196526
204031ms,204031,183.888,0.198006
204063ms,204063,184.106,0.197675
204095ms,204095,184.330,0.198298
204127ms,204127,184.683,0.198735
204159ms,204159,184.832,0.200155
204191ms,204191,185.235,0.199368
204223ms,204223,185.557,0.200215
204255ms,204255,185.970,0.199997
204287ms,204287,186.159,0.200509
204335ms,204335,186.427,0.200939
204367ms,204367,186.528,0.201188
204399ms,204399,186.467,0.200825
204431ms,204431,186.324,0.200724
204463ms,204463,186.409,0.200494
204495ms,204495,186.366,0.200757
204527ms,204527,186.299,0.200432
204559ms,204559,186.267,0.200388
204591ms,204591,186.299,0.200325
204623ms,204623,186.316,0.200634
204655ms,204655,186.347,0.200506
204703ms,204703,186.328,0.200882
204735ms,204735,186.445,0.200636
204767ms,204767,186.507,0.200450
204799ms,204799,186.460,0.200528
204831ms,204831,185.971,0.200316
204894ms,204894,184.989,0.199295
204927ms,204927,184.350,0.198546
204959ms,204959,183.891,0.198313
204991ms,204991,183.331,0.198624
205023ms,205023,182.969,0.197693
205071ms,205071,182.782,0.199334
205103ms,205103,182.642,0.196538
205135ms,205135,182.479,0.197430
205167ms,205167,182.337,0.197290
205199ms,205199,182.349,0.197380
205231ms,205231,182.389,0.196807
205263ms,205263,182.359,0.197196
205295ms,205295,182.746,0.197585
205327ms,205327,182.792,0.196430
205359ms,205359,182.660,0.196618
205391ms,205391,182.864,0.196467
205423ms,205423,182.944,0.197207
205471ms,205471,183.386,0.197975
205503ms,205503,183.695,0.198486
205535ms,205535,183.950,0.198903
205567ms,205567,184.099,0.197981
205599ms,205599,184.490,0.198342
205631ms,205631,184.709,0.198912
205663ms,205663,185.128,0.198951
205695ms,205695,185.421,0.199414
205727ms,205727,185.686,0.199791
205759ms,205759,185.978,0.200259
205791ms,205791,186.278,0.200625
205839ms,205839,186.363,0.200353
205870ms,205870,186.362,0.200625
205903ms,205903,186.468,0.200349
205935ms,205935,186.379,0.200453
205967ms,205967,186.351,0.200805
205999ms,205999,186.368,0.200513
206031ms,206031,186.421,0.200625
206063ms,206063,186.412,0.200416
206095ms,206095,186.348,0.200398
206127ms,206127,186.331,0.200448
206159ms,206159,186.326,0.200639
206191ms,206191,186.333,0.200914
206239ms,206239,186.453,0.200869
206271ms,206271,186.525,0.200910
206303ms,206303,186.210,0.200499
206335ms,206335,185.796,0.199898
206367ms,206367,185.120,0.199914
206399ms,206399,184.482,0.198844
206431ms,206431,183.925,0.198746
206463ms,206463,183.555,0.197380
206495ms,206495,183.138,0.197576
206527ms,206527,182.852,0.198338
206559ms,206559,182.565,0.197167
206607ms,206607,182.372,0.197323
206639ms,206639,182.482,0.196957
206671ms,206671,182.372,0.197696
206703ms,206703,182.521,0.197014
206767ms,206767,182.461,0.196828
206799ms,206799,182.705,0.196313
206831ms,206831,182.674,0.197728
206863ms,206863,182.778,0.196196
206895ms,206895,183.003,0.197284
206927ms,206927,183.085,0.196977
206975ms,206975,183.569,0.197985
207007ms,207007,183.846,0.198011
207039ms,207039,184.092,0.198007
207070ms,207070,184.404,0.198274
207103ms,207103,184.630,0.198792
207135ms,207135,184.812,0.199203
207167ms,207167,185.293,0.198995
207199ms,207199,185.552,0.200045
207231ms,207231,185.889,0.200195
207263ms,207263,186.325,0.200357
207295ms,207295,186.510,0.200546
207327ms,207327,186.322,0.200679
207375ms,207375,186.372,0.200818
207406ms,207406,186.419,0.200451
207439ms,207439,186.477,0.200650
207471ms,207471,186.217,0.201067
207503ms,207503,186.391,0.200382
207535ms,207535,186.307,0.200756
207567ms,207567,186.435,0.200524
207599ms,207599,186.359,0.200671
207631ms,207631,186.325,0.200758
207663ms,207663,186.440,0.200418
207695ms,207695,186.427,0.200695
207743ms,207743,186.395,0.200376
207775ms,207775,186.457,0.200950
207807ms,207807,185.888,0.201434
207839ms,207839,185.581,0.199689
207903ms,207903,184.198,0.198417
207935ms,207935,183.708,0.198015
207967ms,207967,183.275,0.198946
207999ms,207999,182.902,0.197236
208031ms,208031,182.808,0.197746
208063ms,208063,182.553,0.197381
208111ms,208111,182.699,0.196939
208143ms,208143,182.524,0.197228
208175ms,208175,182.261,0.196560
208207ms,208207,182.467,0.197454
208239ms,208239,182.345,0.197243
208271ms,208271,182.443,0.196547
208303ms,208303,182.697,0.196654
208335ms,208335,182.687,0.197020
208367ms,208367,183.066,0.198141
208399ms,208399,183.033,0.196442
208431ms,208431,183.460,0.196900
208463ms,208463,183.839,0.198853
208511ms,208511,183.830,0.198186
208543ms,208543,184.174,0.198067
208575ms,208575,184.313,0.200158
208606ms,208606,184.925,0.199070
208639ms,208639,185.053,0.198883
208671ms,208671,185.458,0.200068
208703ms,208703,185.708,0.200324
208735ms,208735,186.042,0.200258
208767ms,208767,186.324,0.200371
208799ms,208799,186.463,0.200703
208831ms,208831,186.404,0.200631
208879ms,208879,186.374,0.201416
208911ms,208911,186.463,0.200524
208943ms,208943,186.335,0.200739
209039ms,209039,186.368,0.200563
209071ms,209071,186.438,0.200352
209103ms,209103,186.274,0.201007
209135ms,209135,186.473,0.200675
209167ms,209167,186.384,0.200641
209199ms,209199,186.416,0.200706
209247ms,209247,186.388,0.200741
209279ms,209279,186.254,0.200586
209311ms,209311,185.626,0.200214
209343ms,209343,185.049,0.200509
209375ms,209375,184.579,0.199254
209407ms,209407,183.862,0.199041
209439ms,209439,183.294,0.197979
209471ms,209471,183.135,0.197535
209503ms,209503,182.913,0.199397
209535ms,209535,182.621,0.198126
209567ms,209567,182.333,0.197283
209614ms,209614,182.329,0.196575
209647ms,209647,182.359,0.196938
209679ms,209679,182.387,0.196125
209711ms,209711,182.403,0.197808
209743ms,209743,182.482,0.197167
209775ms,209775,182.741,0.197492
209807ms,209807,182.616,0.196473
209839ms,209839,182.688,0.196996
209871ms,209871,182.975,0.197084
209903ms,209903,183.307,0.197680
209935ms,209935,183.705,0.197651
209967ms,209967,183.927,0.197703
210015ms,210015,184.108,0.198273
210047ms,210047,184.324,0.198202
210079ms,210079,184.737,0.198541
210111ms,210111,184.898,0.200036
210143ms,210143,185.335,0.199723
210175ms,210175,185.572,0.200317
210239ms,210239,186.188,0.200553
210271ms,210271,186.280,0.200926
210303ms,210303,186.434,0.200760
210335ms,210335,186.424,0.200825
210383ms,210383,186.357,0.200846
210415ms,210415,186.469,0.200825
210447ms,210447,186.415,0.200005
210479ms,210479,186.373,0.200250
210511ms,210511,186.317,0.200652
210543ms,210543,186.345,0.200565
210575ms,210575,186.512,0.200613
210607ms,210607,186.349,0.200709
210639ms,210639,186.400,0.200360
210671ms,210671,186.486,0.200719
210703ms,210703,186.436,0.201182
210735ms,210735,186.260,0.200603
210783ms,210783,185.925,0.201117
210815ms,210815,185.455,0.199853
210847ms,210847,184.743,0.199464
210879ms,210879,184.197,0.198144
210911ms,210911,183.636,0.197922
210943ms,210943,183.035,0.197667
210975ms,210975,182.681,0.197666
211007ms,211007,182.832,0.197600
211039ms,211039,182.701,0.196565
211071ms,211071,182.380,0.197493
211103ms,211103,182.219,0.196886
211151ms,211151,182.268,0.197362
211183ms,211183,182.449,0.197732
211215ms,211215,182.438,0.196745
211247ms,211247,182.741,0.197501
211279ms,211279,182.557,0.197557
211311ms,211311,182.654,0.196791
211407ms,211407,183.306,0.197633
211439ms,211439,183.492,0.198401
211471ms,211471,183.859,0.197811
211519ms,211519,184.087,0.198107
211551ms,211551,184.449,0.198505
211582ms,211582,184.810,0.198836
211615ms,211615,185.144,0.199012
211647ms,211647,185.429,0.199641
211679ms,211679,185.681,0.200084
211711ms,211711,186.094,0.200479
211743ms,211743,186.357,0.200688
211775ms,211775,186.674,0.200645
211807ms,211807,186.647,0.200995
211839ms,211839,186.564,0.200741
211871ms,211871,186.575,0.200390
211919ms,211919,186.582,0.200835
211950ms,211950,186.474,0.200879
211983ms,211983,186.529,0.200677
212015ms,212015,186.532,0.200658
212047ms,212047,186.524,0.200358
212079ms,212079,186.521,0.200654
212111ms,212111,186.525,0.200371
212143ms,212143,186.495,0.200292
212175ms,212175,186.525,0.200936
212207ms,212207,186.621,0.201028
212239ms,212239,186.325,0.200492
212287ms,212287,185.893,0.200084
212319ms,212319,185.506,0.200163
212351ms,212351,184.715,0.199270
212383ms,212383,184.180,0.198272
212415ms,212415,183.752,0.198587
212447ms,212447,183.261,0.197838
212479ms,212479,182.759,0.198115
212511ms,212511,182.630,0.197690
212543ms,212543,182.330,0.196907
212575ms,212575,182.533,0.196522
212607ms,212607,182.281,0.197555
212639ms,212639,182.509,0.196991
212686ms,212686,182.463,0.196104
212719ms,212719,182.275,0.196987
212751ms,212751,182.808,0.197349
212783ms,212783,182.652,0.196848
212815ms,212815,182.650,0.196885
212847ms,212847,182.880,0.197769
212879ms,212879,183.179,0.197556
212911ms,212911,183.507,0.197958
212943ms,212943,183.771,0.198033
213007ms,213007,184.276,0.198065
213055ms,213055,184.592,0.198670
213087ms,213087,184.795,0.198811
213118ms,213118,185.086,0.199565
213151ms,213151,185.512,0.199789
213183ms,213183,185.702,0.200284
213247ms,213247,186.466,0.200603
213279ms,213279,186.406,0.200785
213311ms,213311,186.412,0.201031
213343ms,213343,186.376,0.200670
213375ms,213375,186.222,0.200385
213423ms,213423,186.442,0.200318
213455ms,213455,186.355,0.200010
213487ms,213487,186.307,0.200344
213519ms,213519,186.480,0.200342
213551ms,213551,186.324,0.200828
213583ms,213583,186.374,0.200823
213615ms,213615,186.257,0.200392
213647ms,213647,186.396,0.200374
213679ms,213679,186.528,0.200687
213711ms,213711,186.543,0.200859
213743ms,213743,186.132,0.200647
213791ms,213791,185.733,0.200025
213823ms,213823,185.257,0.200190
213855ms,213855,184.539,0.199736
213887ms,213887,183.963,0.197886
213919ms,213919,183.531,0.197768
213951ms,213951,183.271,0.197926
213983ms,213983,182.847,0.197928
214015ms,214015,182.595,0.197577
214047ms,214047,182.202,0.197094
214079ms,214079,182.424,0.197193
214111ms,214111,182.200,0.197640
214143ms,214143,182.319,0.196440
214191ms,214191,182.401,0.196557
214223ms,214223,182.390,0.197200
214255ms,214255,182.794,0.197125
214287ms,214287,182.698,0.197001
214319ms,214319,182.729,0.196788
214351ms,214351,183.094,0.197702
214383ms,214383,183.223,0.197065
214415ms,214415,183.429,0.198089
214447ms,214447,183.726,0.198297
214479ms,214479,183.902,0.197459
214511ms,214511,184.383,0.198133
214543ms,214543,184.496,0.199196
214591ms,214591,184.915,0.199835
214623ms,214623,185.180,0.199159
214654ms,214654,185.344,0.199580
214719ms,214719,186.192,0.200520
214751ms,214751,186.433,0.200402
214783ms,214783,186.464,0.200963
214815ms,214815,186.280,0.200832
214847ms,214847,186.476,0.201233
214879ms,214879,186.434,0.200480
214927ms,214927,186.404,0.200967
214959ms,214959,186.400,0.200529
214991ms,214991,186.454,0.200689
215023ms,215023,186.474,0.200612
215055ms,215055,186.351,0.200583
215087ms,215087,186.408,0.200249
215119ms,215119,186.415,0.200815
215151ms,215151,186.474,0.200735
215183ms,215183,186.464,0.200970
215215ms,215215,186.469,0.200905
215247ms,215247,186.113,0.200595
215279ms,215279,185.611,0.200849
215327ms,215327,185.100,0.200329
215359ms,215359,184.296,0.198674
215391ms,215391,183.919,0.198120
215422ms,215422,183.367,0.197864
215455ms,215455,183.065,0.197374
215487ms,215487,182.960,0.197639
215519ms,215519,182.735,0.196365
215551ms,215551,182.328,0.196452
215583ms,215583,182.363,0.197431
215615ms,215615,182.303,0.197154
215647ms,215647,182.514,0.196992
215695ms,215695,182.580,0.196543
215727ms,215727,182.642,0.197081
215759ms,215759,182.655,0.195885
215791ms,215791,182.628,0.196751
215823ms,215823,182.868,0.196606
215855ms,215855,183.034,0.198147
215887ms,215887,183.152,0.197217
215919ms,215919,183.581,0.197241
215951ms,215951,183.868,0.198021
215983ms,215983,184.106,0.197672
216047ms,216047,184.736,0.198357
216095ms,216095,184.920,0.199400
216126ms,216126,185.332,0.198925
216158ms,216158,185.779,0.199997
216191ms,216191,185.963,0.200343
216223ms,216223,186.357,0.200350
216255ms,216255,186.363,0.200888
216287ms,216287,186.331,0.200719
216319ms,216319,186.482,0.200828
216351ms,216351,186.431,0.200554
216383ms,216383,186.355,0.200695
216415ms,216415,186.482,0.200410
216463ms,216463,186.384,0.200422
216495ms,216495,186.400,0.200869
216526ms,216526,186.415,0.200688
216558ms,216558,186.533,0.200430
216591ms,216591,186.311,0.200617
216623ms,216623,186.376,0.200512
216655ms,216655,186.470,0.200457
216687ms,216687,186.561,0.200725
216719ms,216719,186.354,0.200968
216751ms,216751,185.937,0.200882
216783ms,216783,185.541,0.199753
216830ms,216830,184.878,0.198983
216863ms,216863,184.318,0.198758
216894ms,216894,183.779,0.197843
216927ms,216927,183.250,0.197935
216959ms,216959,182.868,0.197217
216991ms,216991,182.893,0.198533
217023ms,217023,182.673,0.197030
217055ms,217055,182.464,0.197472
217087ms,217087,182.302,0.197252
217183ms,217183,182.400,0.196589
217230ms,217230,182.678,0.197525
217263ms,217263,182.699,0.197289
217295ms,217295,182.732,0.196751
217327ms,217327,182.921,0.196617
217359ms,217359,183.245,0.197185
217391ms,217391,183.291,0.197423
217423ms,217423,183.751,0.197347
217455ms,217455,183.891,0.197224
217487ms,217487,184.090,0.197943
217519ms,217519,184.444,0.198784
217551ms,217551,184.719,0.198884
217599ms,217599,185.193,0.199422
217631ms,217631,185.417,0.199226
217663ms,217663,185.688,0.200184
217695ms,217695,186.150,0.200350
217727ms,217727,186.345,0.200385
217759ms,217759,186.362,0.200545
217791ms,217791,186.389,0.201060
217823ms,217823,186.371,0.200200
217855ms,217855,186.375,0.200477
217887ms,217887,186.383,0.200322
217919ms,217919,186.411,0.200462
217967ms,217967,186.351,0.199978
217999ms,217999,186.381,0.200257
218031ms,218031,186.379,0.200725
218063ms,218063,186.434,0.200176
218095ms,218095,186.357,0.200752
218127ms,218127,186.562,0.200500
218159ms,218159,186.507,0.200793
218191ms,218191,186.593,0.201213
218223ms,218223,186.039,0.200820
218255ms,218255,185.701,0.200139
218287ms,218287,185.159,0.199705
218319ms,218319,184.341,0.198653
218367ms,218367,184.108,0.198565
218431ms,218431,183.007,0.197884
218463ms,218463,182.884,0.198114
218495ms,218495,182.761,0.196332
218527ms,218527,182.307,0.197030
218559ms,218559,182.336,0.198065
218591ms,218591,182.331,0.196497
218623ms,218623,182.367,0.196102
218655ms,218655,182.582,0.196610
218687ms,218687,182.503,0.197060
218735ms,218735,182.733,0.196880
218766ms,218766,182.658,0.197682
218799ms,218799,182.743,0.197214
218831ms,218831,183.015,0.198110
218863ms,218863,183.149,0.197645
218895ms,218895,183.592,0.197874
218927ms,218927,183.925,0.197799
218959ms,218959,184.157,0.197943
218991ms,218991,184.335,0.198602
219023ms,219023,184.638,0.198438
219055ms,219055,185.037,0.199676
219102ms,219102,185.406,0.199476
219135ms,219135,185.617,0.200050
219167ms,219167,186.016,0.200196
219199ms,219199,186.437,0.200424
219231ms,219231,186.571,0.200928
219263ms,219263,186.952,0.201459
219295ms,219295,187.075,0.201481
219327ms,219327,187.078,0.201777
219359ms,219359,187.018,0.201573
219391ms,219391,187.137,0.200919
219423ms,219423,187.108,0.201113
219455ms,219455,187.139,0.201536
219535ms,219535,187.170,0.201108
219567ms,219567,187.094,0.201728
219598ms,219598,187.249,0.201131
219631ms,219631,187.107,0.201167
219663ms,219663,187.203,0.201025
219695ms,219695,186.459,0.200843
219727ms,219727,185.990,0.200273
219759ms,219759,185.316,0.199797
219791ms,219791,184.859,0.199373
219823ms,219823,184.220,0.198837
219871ms,219871,183.656,0.198553
219903ms,219903,183.062,0.197974
219935ms,219935,182.792,0.197324
219966ms,219966,182.652,0.197868
219999ms,219999,182.234,0.196265
220031ms,220031,182.460,0.196990
220063ms,220063,182.299,0.196999
220095ms,220095,182.402,0.196628
220127ms,220127,182.552,0.196290
220159ms,220159,182.285,0.196480
220191ms,220191,182.575,0.197859
220239ms,220239,182.701,0.197291
220271ms,220271,182.745,0.197123
220303ms,220303,183.012,0.197675
220335ms,220335,183.133,0.196908
220366ms,220366,183.407,0.197454
220398ms,220398,183.735,0.197762
220431ms,220431,183.932,0.197802
220463ms,220463,184.402,0.197873
220495ms,220495,184.574,0.198730
220527ms,220527,184.950,0.199363
220559ms,220559,185.295,0.198879
220591ms,220591,185.637,0.199955
220639ms,220639,185.867,0.199867
220671ms,220671,186.270,0.200408
220703ms,220703,186.467,0.200825
220734ms,220734,186.879,0.201431
220767ms,220767,186.955,0.201804
220798ms,220798,187.426,0.201165
220863ms,220863,187.279,0.201114
220895ms,220895,187.334,0.201562
220927ms,220927,187.303,0.201173
220959ms,220959,187.355,0.201174
221006ms,221006,187.459,0.201312
221039ms,221039,187.388,0.201549
221070ms,221070,187.301,0.201349
221102ms,221102,187.437,0.201475
221134ms,221134,187.269,0.201565
221167ms,221167,187.020,0.201339
221199ms,221199,186.414,0.200951
221231ms,221231,185.606,0.200087
221263ms,221263,185.100,0.199754
221295ms,221295,184.400,0.198722
221327ms,221327,183.944,0.197991
221375ms,221375,183.339,0.198354
221407ms,221407,182.811,0.197481
221439ms,221439,182.594,0.199081
221471ms,221471,182.779,0.196159
221503ms,221503,182.521,0.196860
221535ms,221535,182.408,0.196815
221567ms,221567,182.339,0.197597
221599ms,221599,182.517,0.196070
221631ms,221631,182.477,0.196974
221663ms,221663,182.575,0.197417
221695ms,221695,182.682,0.196552
221727ms,221727,182.751,0.198145
221775ms,221775,182.773,0.197169
221807ms,221807,182.986,0.197365
221838ms,221838,183.209,0.197348
221871ms,221871,183.611,0.197707
221903ms,221903,183.782,0.197761
221935ms,221935,184.204,0.197876
221967ms,221967,184.432,0.198482
221999ms,221999,184.672,0.198833
222031ms,222031,185.069,0.199301
222143ms,222143,186.062,0.199986
222175ms,222175,186.292,0.200620
222206ms,222206,186.584,0.201024
222239ms,222239,186.655,0.200992
222271ms,222271,186.495,0.200979
222303ms,222303,186.596,0.201451
222335ms,222335,186.592,0.201245
222367ms,222367,186.680,0.201082
222399ms,222399,186.652,0.200809
222431ms,222431,186.633,0.200472
222463ms,222463,186.663,0.201061
222511ms,222511,186.615,0.200858
222543ms,222543,186.657,0.200947
222574ms,222574,186.621,0.200703
222607ms,222607,186.644,0.201069
222639ms,222639,186.754,0.201307
222671ms,222671,186.441,0.200585
222831ms,222831,183.710,0.198294
222863ms,222863,183.010,0.197320
222911ms,222911,182.747,0.197439
222943ms,222943,182.631,0.199047
222975ms,222975,182.403,0.197027
223007ms,223007,182.445,0.196592
223071ms,223071,182.501,0.197856
223103ms,223103,182.464,0.197273
223135ms,223135,182.214,0.197450
223167ms,223167,182.678,0.197324
223199ms,223199,182.684,0.196854
223231ms,223231,182.760,0.196225
223279ms,223279,182.854,0.197457
223311ms,223311,183.180,0.197086
223343ms,223343,183.568,0.197433
223375ms,223375,183.702,0.196888
223407ms,223407,183.992,0.197653
223439ms,223439,184.284,0.198235
223471ms,223471,184.366,0.199135
223503ms,223503,184.894,0.198978
223535ms,223535,185.211,0.199361
223567ms,223567,185.466,0.199493
223599ms,223599,185.796,0.200514
223647ms,223647,186.231,0.200742
223679ms,223679,186.429,0.200493
223711ms,223711,186.576,0.200673
223743ms,223743,186.479,0.200709
223775ms,223775,186.488,0.200628
223807ms,223807,186.446,0.201092
223839ms,223839,186.603,0.200477
223871ms,223871,186.492,0.200748
223903ms,223903,186.509,0.200607
223935ms,223935,186.478,0.200718
223967ms,223967,186.407,0.201107
223999ms,223999,186.558,0.200694
224047ms,224047,186.603,0.200643
224079ms,224079,186.509,0.200464
224111ms,224111,186.526,0.201281
224143ms,224143,186.590,0.200690
224175ms,224175,186.150,0.200631
224207ms,224207,185.616,0.199721
224239ms,224239,185.181,0.200583
224271ms,224271,184.402,0.198607
224303ms,224303,183.967,0.198256
224335ms,224335,183.430,0.198059
224367ms,224367,183.000,0.197720
224399ms,224399,182.912,0.197658
224447ms,224447,182.603,0.198231
224478ms,224478,182.394,0.197516
224511ms,224511,182.504,0.196818
224543ms,224543,182.252,0.197175
224574ms,224574,182.503,0.197173
224607ms,224607,182.467,0.195905
224639ms,224639,182.551,0.196077
224671ms,224671,182.579,0.196785
224703ms,224703,182.536,0.197252
224735ms,224735,182.673,0.196833
224767ms,224767,182.920,0.197007
224815ms,224815,183.196,0.197011
224879ms,224879,183.794,0.197930
224911ms,224911,184.021,0.198445
224943ms,224943,184.318,0.198085
224975ms,224975,184.646,0.198611
225007ms,225007,184.955,0.199634
225039ms,225039,185.196,0.199312
225071ms,225071,185.641,0.200096
225103ms,225103,185.913,0.200526
225135ms,225135,186.374,0.200905
225183ms,225183,186.389,0.200620
225215ms,225215,186.473,0.200384
225246ms,225246,186.366,0.200726
225278ms,225278,186.541,0.200641
225311ms,225311,186.496,0.200116
225343ms,225343,186.498,0.200420
225375ms,225375,186.543,0.200526
225407ms,225407,186.493,0.200549
225439ms,225439,186.397,0.200895
225471ms,225471,186.454,0.200375
225503ms,225503,186.408,0.200260
225551ms,225551,186.449,0.200615
225583ms,225583,186.422,0.200667
225615ms,225615,186.577,0.200341
225646ms,225646,186.503,0.200637
225679ms,225679,186.080,0.200473
225711ms,225711,185.609,0.200327
225743ms,225743,185.095,0.200179
225775ms,225775,184.393,0.198757
225807ms,225807,183.882,0.197918
225839ms,225839,183.419,0.198282
225871ms,225871,183.013,0.197983
225903ms,225903,182.721,0.198243
225951ms,225951,182.611,0.196307
225983ms,225983,182.454,0.197165
226047ms,226047,182.444,0.196623
226079ms,226079,182.467,0.196599
226111ms,226111,182.467,0.196789
226143ms,226143,182.687,0.196765
226175ms,226175,182.677,0.197266
226207ms,226207,182.561,0.198003
226239ms,226239,182.857,0.197611
226271ms,226271,182.935,0.197664
226319ms,226319,183.265,0.197327
226351ms,226351,183.638,0.197858
226383ms,226383,183.761,0.197836
226415ms,226415,184.027,0.197991
226447ms,226447,184.367,0.198218
226479ms,226479,184.696,0.198574
226511ms,226511,185.051,0.199544
226543ms,226543,185.308,0.198913
226575ms,226575,185.740,0.199747
226607ms,226607,185.870,0.200515
226639ms,226639,186.242,0.200255
226687ms,226687,186.418,0.200846
226718ms,226718,186.535,0.200762
226751ms,226751,186.407,0.200992
226783ms,226783,186.383,0.200867
226815ms,226815,186.450,0.200823
226847ms,226847,186.497,0.200899
226879ms,226879,186.361,0.200964
226911ms,226911,186.419,0.200487
226943ms,226943,186.546,0.200885
226975ms,226975,186.473,0.200279
227007ms,227007,186.366,0.200965
227039ms,227039,186.513,0.200370
227087ms,227087,186.493,0.200404
227151ms,227151,186.452,0.200642
227183ms,227183,185.917,0.200553
227215ms,227215,185.571,0.199835
227247ms,227247,184.722,0.199124
227311ms,227311,183.983,0.197951
227343ms,227343,183.325,0.197981
227375ms,227375,182.923,0.197651
227407ms,227407,182.947,0.198511
227455ms,227455,182.654,0.196939
227486ms,227486,182.390,0.196917
227519ms,227519,182.327,0.197584
227551ms,227551,182.410,0.197011
227583ms,227583,182.559,0.196594
227615ms,227615,182.438,0.196843
227647ms,227647,182.820,0.197960
227679ms,227679,182.635,0.196533
227711ms,227711,182.509,0.197076
227743ms,227743,182.961,0.197282
227775ms,227775,182.977,0.196751
227823ms,227823,183.112,0.196932
227854ms,227854,183.633,0.197929
227886ms,227886,183.818,0.198599
227919ms,227919,184.276,0.197760
227951ms,227951,184.404,0.198249
227983ms,227983,184.675,0.198598
228015ms,228015,184.917,0.199065
228047ms,228047,185.171,0.199171
228079ms,228079,185.794,0.200018
228111ms,228111,185.974,0.199873
228143ms,228143,186.323,0.200475
228175ms,228175,186.413,0.200592
228223ms,228223,186.397,0.200600
228254ms,228254,186.474,0.200764
228287ms,228287,186.447,0.200556
228318ms,228318,186.444,0.200796
228351ms,228351,186.471,0.200305
228383ms,228383,186.373,0.200470
228415ms,228415,186.394,0.200648
228447ms,228447,186.411,0.200422
228479ms,228479,186.525,0.200491
228511ms,228511,186.441,0.200706
228543ms,228543,186.484,0.200682
228590ms,228590,186.482,0.200174
228622ms,228622,186.512,0.200944
228655ms,228655,186.402,0.200796
228687ms,228687,185.896,0.200470
228719ms,228719,185.566,0.200557
228751ms,228751,184.615,0.199043
228783ms,228783,184.242,0.199036
228847ms,228847,183.178,0.198194
228879ms,228879,182.813,0.196986
228911ms,228911,182.837,0.198228
228959ms,228959,182.511,0.197205
228991ms,228991,182.615,0.196911
229023ms,229023,182.352,0.196905
229055ms,229055,182.438,0.196545
229086ms,229086,182.385,0.197069
229150ms,229150,182.786,0.197088
229183ms,229183,182.699,0.197005
229215ms,229215,182.677,0.196865
229247ms,229247,182.921,0.196642
229279ms,229279,182.988,0.197421
229311ms,229311,183.422,0.197930
229359ms,229359,183.718,0.197222
229391ms,229391,183.923,0.198375
229423ms,229423,184.320,0.197734
229454ms,229454,184.451,0.198478
229487ms,229487,184.786,0.199080
229519ms,229519,185.199,0.199293
229551ms,229551,185.489,0.199474
229583ms,229583,185.774,0.199773
229615ms,229615,186.044,0.200052
229647ms,229647,186.415,0.200350
229679ms,229679,186.430,0.200794
229727ms,229727,186.395,0.200641
229758ms,229758,186.517,0.200654
229790ms,229790,186.486,0.200776
229823ms,229823,186.442,0.200729
229854ms,229854,186.471,0.200820
229887ms,229887,186.529,0.200814
229919ms,229919,186.473,0.200715
229951ms,229951,186.510,0.200645
229983ms,229983,186.455,0.200650
230015ms,230015,186.588,0.200369
230047ms,230047,186.542,0.200607
230095ms,230095,186.382,0.200916
230127ms,230127,186.619,0.200813
230159ms,230159,186.202,0.200404
230191ms,230191,185.789,0.200487
230223ms,230223,185.125,0.200575
230255ms,230255,184.449,0.198706
230287ms,230287,183.947,0.198223
230319ms,230319,183.404,0.198338
230351ms,230351,182.957,0.197742
230383ms,230383,182.863,0.197151
230447ms,230447,182.426,0.197106
230495ms,230495,182.384,0.197369
230527ms,230527,182.352,0.196761
230559ms,230559,182.501,0.197135
230591ms,230591,182.418,0.196433
230655ms,230655,182.681,0.196443
230687ms,230687,182.699,0.197504
230719ms,230719,182.773,0.197267
230751ms,230751,182.971,0.197728
230783ms,230783,183.138,0.196954
230815ms,230815,183.601,0.197268
230862ms,230862,183.929,0.197716
230894ms,230894,184.078,0.197863
230926ms,230926,184.368,0.198434
230959ms,230959,184.616,0.198827
230991ms,230991,184.856,0.199023
231023ms,231023,185.308,0.199012
231055ms,231055,185.707,0.199453
231087ms,231087,185.852,0.199832
231119ms,231119,186.193,0.200764
231151ms,231151,186.487,0.200711
231183ms,231183,186.407,0.200842
231231ms,231231,186.471,0.201099
231262ms,231262,186.507,0.200746
231295ms,231295,186.603,0.200756
231326ms,231326,186.479,0.200583
231358ms,231358,186.377,0.200585
231390ms,231390,186.454,0.200458
231423ms,231423,186.480,0.200391
231455ms,231455,186.534,0.200517
231487ms,231487,186.596,0.200467
231519ms,231519,186.576,0.200437
231551ms,231551,186.463,0.200570
231583ms,231583,186.443,0.200651
231631ms,231631,186.348,0.200640
231663ms,231663,185.933,0.200832
231694ms,231694,185.680,0.199908
231727ms,231727,184.823,0.199950
231759ms,231759,184.298,0.198352
231791ms,231791,183.934,0.198261
231823ms,231823,183.228,0.198771
231855ms,231855,182.777,0.197924
231919ms,231919,182.651,0.196702
231951ms,231951,182.492,0.196888
231999ms,231999,182.428,0.197071
232031ms,232031,182.370,0.197683
232063ms,232063,182.507,0.197084
232094ms,232094,182.403,0.197224
232126ms,232126,182.795,0.197456
232158ms,232158,182.583,0.197136
232191ms,232191,182.496,0.197245
232223ms,232223,182.851,0.196889
232255ms,232255,183.023,0.196501
232287ms,232287,183.185,0.197349
232319ms,232319,183.612,0.198142
232366ms,232366,183.816,0.197959
232399ms,232399,184.243,0.197769
232430ms,232430,184.402,0.198395
232463ms,232463,184.577,0.198224
232494ms,232494,184.946,0.198814
232527ms,232527,185.268,0.199169
232559ms,232559,185.807,0.199637
232591ms,232591,186.106,0.200206
232623ms,232623,186.336,0.200142
232655ms,232655,186.561,0.200861
232687ms,232687,186.436,0.200881
232719ms,232719,186.462,0.200457
232767ms,232767,186.461,0.200502
232798ms,232798,186.461,0.200518
232830ms,232830,186.466,0.200678
232862ms,232862,186.404,0.200686
232926ms,232926,186.451,0.200404
232959ms,232959,186.414,0.200743
232991ms,232991,186.473,0.200565
233023ms,233023,186.499,0.200388
233055ms,233055,186.544,0.200749
233087ms,233087,186.569,0.200803
233134ms,233134,186.328,0.200904
233167ms,233167,185.781,0.200568
233199ms,233199,185.329,0.200887
233231ms,233231,184.733,0.199428
233263ms,233263,184.160,0.198582
233295ms,233295,183.569,0.197804
233327ms,233327,183.090,0.198200
233359ms,233359,182.928,0.197783
233391ms,233391,182.638,0.198059
233423ms,233423,182.324,0.197255
233455ms,233455,182.531,0.196777
233503ms,233503,182.293,0.196947
233534ms,233534,182.427,0.196778
233567ms,233567,182.531,0.196612
233598ms,233598,182.384,0.197057
233631ms,233631,182.697,0.197263
233663ms,233663,182.733,0.197073
233695ms,233695,182.761,0.196928
233727ms,233727,182.928,0.196605
233759ms,233759,183.084,0.197791
233791ms,233791,183.357,0.197392
233823ms,233823,183.674,0.197702
233855ms,233855,184.000,0.197832
233903ms,233903,184.157,0.198194
233934ms,233934,184.460,0.198957
233966ms,233966,184.670,0.198936
233998ms,233998,185.044,0.198817
234031ms,234031,185.460,0.198980
234063ms,234063,185.782,0.199914
234095ms,234095,186.151,0.200700
234127ms,234127,186.375,0.200888
234159ms,234159,186.545,0.200922
234191ms,234191,186.513,0.200686
234223ms,234223,186.573,0.200675
234255ms,234255,186.471,0.200601
234303ms,234303,186.472,0.200819
234334ms,234334,186.535,0.201008
234367ms,234367,186.467,0.200719
234398ms,234398,186.557,0.200634
234431ms,234431,186.501,0.200501
234462ms,234462,186.480,0.200424
234495ms,234495,186.446,0.200565
234559ms,234559,186.501,0.201100
234591ms,234591,186.590,0.201040
234623ms,234623,186.213,0.200547
234670ms,234670,185.670,0.200402
234734ms,234734,184.614,0.199459
234767ms,234767,184.094,0.198959
234799ms,234799,183.569,0.197934
234831ms,234831,183.021,0.197560
234863ms,234863,182.921,0.197540
234895ms,234895,182.620,0.197867
234927ms,234927,182.296,0.197245
234959ms,234959,182.529,0.196175
234991ms,234991,182.173,0.196837
235039ms,235039,182.423,0.196943
235071ms,235071,182.510,0.196952
235102ms,235102,182.399,0.196961
235134ms,235134,182.654,0.197271
235166ms,235166,182.700,0.196681
235199ms,235199,182.720,0.197453
235231ms,235231,182.822,0.197015
235263ms,235263,183.142,0.198033
235295ms,235295,183.545,0.198010
235327ms,235327,183.667,0.197504
235359ms,235359,183.894,0.197958
235406ms,235406,184.204,0.197981
235438ms,235438,184.435,0.198041
235470ms,235470,184.716,0.199292
235502ms,235502,185.020,0.199477
235566ms,235566,185.735,0.199743
235599ms,235599,186.059,0.200235
235630ms,235630,186.363,0.200480
235663ms,235663,186.600,0.200817
235695ms,235695,186.404,0.200921
235726ms,235726,186.577,0.200913
235774ms,235774,186.503,0.200623
235806ms,235806,186.463,0.200725
235838ms,235838,186.521,0.200855
235870ms,235870,186.557,0.200375
235902ms,235902,186.483,0.200678
235935ms,235935,186.460,0.200432
235967ms,235967,186.452,0.200572
235999ms,235999,186.505,0.200380
236031ms,236031,186.496,0.200608
236063ms,236063,186.467,0.200832
236095ms,236095,186.511,0.200919
236127ms,236127,186.281,0.200527
236174ms,236174,185.700,0.200508
236206ms,236206,185.202,0.200961
236239ms,236239,184.511,0.199384
236270ms,236270,183.978,0.198162
236303ms,236303,183.596,0.197836
236334ms,236334,183.202,0.197396
236367ms,236367,183.064,0.197645
236399ms,236399,182.652,0.197450
236431ms,236431,182.424,0.197829
236463ms,236463,182.360,0.197283
236495ms,236495,182.254,0.196947
236542ms,236542,182.459,0.197553
236574ms,236574,182.513,0.196016
236606ms,236606,182.426,0.197034
236638ms,236638,182.711,0.197447
236670ms,236670,182.581,0.198031
236702ms,236702,182.764,0.197080
236734ms,236734,182.967,0.197441
236767ms,236767,183.047,0.196753
236799ms,236799,183.534,0.197868
236831ms,236831,183.763,0.198283
236863ms,236863,184.148,0.197630
236895ms,236895,184.464,0.198268
236942ms,236942,184.570,0.198969
236974ms,236974,184.797,0.199490
237006ms,237006,185.211,0.199019
237038ms,237038,185.634,0.199914
237071ms,237071,185.880,0.200665
237103ms,237103,186.304,0.200387
237135ms,237135,186.371,0.200653
237167ms,237167,186.458,0.200871
237199ms,237199,186.388,0.201090
237231ms,237231,186.557,0.200486
237263ms,237263,186.523,0.200811
237310ms,237310,186.462,0.200529
237374ms,237374,186.475,0.200723
237406ms,237406,186.369,0.200767
237438ms,237438,186.482,0.200537
237471ms,237471,186.568,0.200513
237503ms,237503,186.534,0.200212
237535ms,237535,186.521,0.200619
237567ms,237567,186.477,0.201013
237599ms,237599,186.385,0.200771
237631ms,237631,185.959,0.200338
237678ms,237678,185.774,0.200197
237710ms,237710,184.950,0.199421
237742ms,237742,184.239,0.198376
237774ms,237774,184.025,0.197811
237806ms,237806,183.490,0.199085
237839ms,237839,183.051,0.197136
237871ms,237871,182.922,0.197536
237903ms,237903,182.724,0.197263
237935ms,237935,182.370,0.197817
237966ms,237966,182.450,0.197280
237999ms,237999,182.324,0.197406
238031ms,238031,182.497,0.197080
238078ms,238078,182.475,0.196596
238111ms,238111,182.386,0.196894
238143ms,238143,182.710,0.196950
238174ms,238174,182.716,0.197685
238207ms,238207,182.750,0.196669
238239ms,238239,182.984,0.197562
238302ms,238302,183.500,0.197381
238335ms,238335,183.851,0.198134
238367ms,238367,184.143,0.197983
238399ms,238399,184.411,0.198155
238478ms,238478,184.881,0.199393
238510ms,238510,185.323,0.199871
238547ms,238547,185.642,0.199847
238574ms,238574,185.831,0.200232
238606ms,238606,185.972,0.200590
238639ms,238639,186.342,0.200517
238671ms,238671,186.403,0.201137
238703ms,238703,186.496,0.201138
238735ms,238735,186.553,0.200718
238767ms,238767,186.563,0.200787
238814ms,238814,186.500,0.200740
238846ms,238846,186.417,0.200608
238878ms,238878,186.448,0.201035
238910ms,238910,186.450,0.201101
238942ms,238942,186.361,0.200831
238974ms,238974,186.440,0.200733
239007ms,239007,186.577,0.200807
239039ms,239039,186.524,0.200826
239071ms,239071,186.498,0.200591
239103ms,239103,186.392,0.200924
239135ms,239135,185.972,0.200412
239166ms,239166,185.598,0.200015
239214ms,239214,184.887,0.199801
239246ms,239246,184.265,0.198339
239278ms,239278,183.857,0.197668
239310ms,239310,183.194,0.197723
239374ms,239374,182.803,0.197330
239406ms,239406,182.791,0.196771
239439ms,239439,182.450,0.197329
239471ms,239471,182.501,0.197515
239503ms,239503,182.316,0.196043
239535ms,239535,182.469,0.197207
239582ms,239582,182.384,0.196941
239614ms,239614,182.502,0.196958
239646ms,239646,182.724,0.196693
239678ms,239678,182.617,0.198013
239710ms,239710,182.715,0.197759
239743ms,239743,183.021,0.197699
239774ms,239774,183.228,0.197346
239807ms,239807,183.592,0.197912
239838ms,239838,183.762,0.197290
239871ms,239871,184.161,0.197919
239903ms,239903,184.323,0.198264
239950ms,239950,184.745,0.198391
239982ms,239982,184.851,0.199427
240014ms,240014,185.256,0.199582
240046ms,240046,185.602,0.199816
240078ms,240078,185.878,0.200119
240111ms,240111,186.169,0.200366
240143ms,240143,186.361,0.200436
240175ms,240175,186.424,0.200687
240207ms,240207,186.488,0.200715
240239ms,240239,186.464,0.200624
240271ms,240271,186.454,0.200628
240303ms,240303,186.468,0.200611
240350ms,240350,186.421,0.200678
240382ms,240382,186.496,0.200511
240414ms,240414,186.496,0.200354
240446ms,240446,186.451,0.200605
240478ms,240478,186.511,0.200362
240511ms,240511,186.441,0.200360
240543ms,240543,186.496,0.200958
240575ms,240575,186.469,0.200578
240607ms,240607,186.505,0.200977
240639ms,240639,186.092,0.200413
240750ms,240750,184.283,0.198307
240782ms,240782,184.024,0.198192
240814ms,240814,183.348,0.198162
240846ms,240846,183.026,0.197283
240878ms,240878,182.917,0.197668
240911ms,240911,182.809,0.196223
240943ms,240943,182.537,0.196726
240974ms,240974,182.588,0.196952
241006ms,241006,182.325,0.197836
241039ms,241039,182.524,0.197666
241086ms,241086,182.440,0.197240
241118ms,241118,182.454,0.197594
241150ms,241150,182.752,0.196845
241182ms,241182,182.614,0.197918
241214ms,241214,182.744,0.197492
241247ms,241247,182.944,0.197549
241279ms,241279,183.141,0.196974
241311ms,241311,183.534,0.197589
241343ms,241343,183.901,0.197536
241375ms,241375,184.123,0.197500
241407ms,241407,184.456,0.198301
241439ms,241439,184.654,0.198584
241486ms,241486,184.842,0.199141
241518ms,241518,185.189,0.199386
241551ms,241551,185.627,0.199733
241583ms,241583,185.978,0.200126
241614ms,241614,186.210,0.200732
241646ms,241646,186.561,0.200650
241678ms,241678,186.424,0.200938
241711ms,241711,186.489,0.200898
241743ms,241743,186.496,0.200453
241775ms,241775,186.538,0.200647
241807ms,241807,186.401,0.200382
241854ms,241854,186.465,0.200224
241886ms,241886,186.517,0.200617
241918ms,241918,186.530,0.200547
241950ms,241950,186.472,0.200831
241982ms,241982,186.479,0.200622
242014ms,242014,186.531,0.200370
242047ms,242047,186.448,0.200626
242078ms,242078,186.440,0.200586
242142ms,242142,185.983,0.200436
242175ms,242175,185.602,0.200212
242222ms,242222,184.772,0.199836
242254ms,242254,184.295,0.198478
242286ms,242286,183.625,0.197976
242318ms,242318,183.255,0.198586
242350ms,242350,182.824,0.198056
242383ms,242383,182.890,0.198171
242415ms,242415,182.337,0.196753
242447ms,242447,182.565,0.196570
242479ms,242479,182.425,0.197497
242511ms,242511,182.370,0.196855
242543ms,242543,182.574,0.197093
242575ms,242575,182.477,0.197172
242622ms,242622,182.711,0.197377
242654ms,242654,182.714,0.197533
242686ms,242686,182.665,0.196567
242718ms,242718,182.948,0.196934
242751ms,242751,183.053,0.196810
242782ms,242782,183.475,0.197435
242815ms,242815,183.648,0.198026
242847ms,242847,183.873,0.198490
242879ms,242879,184.146,0.198211
242943ms,242943,184.590,0.198740
242990ms,242990,185.114,0.198933
243022ms,243022,185.436,0.199356
243054ms,243054,185.706,0.199587
243118ms,243118,186.401,0.200652
243151ms,243151,186.430,0.200752
243183ms,243183,186.552,0.200635
243215ms,243215,186.611,0.201217
243247ms,243247,186.420,0.200427
243279ms,243279,186.532,0.200324
243311ms,243311,186.446,0.200346
243358ms,243358,186.434,0.200620
243391ms,243391,186.555,0.200403
243422ms,243422,186.500,0.200568
243454ms,243454,186.550,0.200556
243486ms,243486,186.492,0.200736
243519ms,243519,186.448,0.200619
243551ms,243551,186.510,0.200911
243583ms,243583,186.515,0.201249
243615ms,243615,186.184,0.200538
243647ms,243647,185.748,0.200273
243679ms,243679,185.235,0.200053
243711ms,243711,184.544,0.199489
243758ms,243758,184.089,0.198151
243790ms,243790,183.414,0.198412
243822ms,243822,183.024,0.197857
243854ms,243854,182.965,0.197098
243886ms,243886,182.719,0.199824
243918ms,243918,182.197,0.197230
243951ms,243951,182.456,0.197150
243983ms,243983,182.342,0.196530
244015ms,244015,182.465,0.197291
244047ms,244047,182.427,0.197395
244079ms,244079,182.408,0.197770
244126ms,244126,182.791,0.196612
244158ms,244158,182.714,0.196779
244191ms,244191,182.659,0.196472
244222ms,244222,182.794,0.196716
244254ms,244254,183.104,0.196966
244286ms,244286,183.448,0.197413
244318ms,244318,183.570,0.198022
244350ms,244350,184.045,0.197415
244383ms,244383,184.235,0.197765
244415ms,244415,184.399,0.198778
244447ms,244447,184.880,0.198895
244479ms,244479,185.256,0.199534
244590ms,244590,186.011,0.200527
244622ms,244622,186.422,0.200506
244654ms,244654,186.433,0.200589
244687ms,244687,186.418,0.200463
244719ms,244719,186.406,0.200786
244750ms,244750,186.411,0.200495
244783ms,244783,186.498,0.200399
244815ms,244815,186.529,0.200357
244847ms,244847,186.508,0.200433
244894ms,244894,186.410,0.200320
244926ms,244926,186.555,0.200732
244990ms,244990,186.438,0.200473
245022ms,245022,186.438,0.200756
245055ms,245055,186.469,0.200811
245087ms,245087,186.642,0.200651
245119ms,245119,186.220,0.200441
245119ms,245119,186.220,0.200441
245151ms,245151,185.894,0.200174
245151ms,245151,185.894,0.200174
245183ms,245183,185.163,0.200210
245215ms,245215,184.557,0.199230
245262ms,245262,184.081,0.198153
245294ms,245294,183.389,0.198010
245326ms,245326,182.995,0.197108
245358ms,245358,182.894,0.198306
245390ms,245390,182.707,0.199250
245422ms,245422,182.401,0.197320
245455ms,245455,182.473,0.197164
245487ms,245487,182.357,0.197680
245519ms,245519,182.459,0.197174
245551ms,245551,182.502,0.196273
245583ms,245583,182.345,0.197034
245630ms,245630,182.716,0.197702
245662ms,245662,182.676,0.197263
245694ms,245694,182.751,0.196396
245726ms,245726,182.960,0.197004
245758ms,245758,183.160,0.196792
245791ms,245791,183.511,0.198155
245822ms,245822,183.778,0.197872
245855ms,245855,184.068,0.197846
245886ms,245886,184.333,0.198178
245919ms,245919,184.501,0.198387
245951ms,245951,184.896,0.199620
245983ms,245983,185.254,0.199174
246030ms,246030,185.611,0.199765
246062ms,246062,185.859,0.199627
246094ms,246094,186.190,0.200325
246126ms,246126,186.316,0.200718
246158ms,246158,186.484,0.200868
246191ms,246191,186.305,0.200697
246254ms,246254,186.405,0.200648
246287ms,246287,186.406,0.200535
246319ms,246319,186.491,0.200484
246351ms,246351,186.465,0.200455
246398ms,246398,186.472,0.200490
246430ms,246430,186.357,0.200339
246463ms,246463,186.578,0.200008
246494ms,246494,186.407,0.200526
246526ms,246526,186.450,0.200184
246558ms,246558,186.508,0.200333
246591ms,246591,186.509,0.200542
246623ms,246623,186.162,0.200594
246654ms,246654,185.927,0.200214
246687ms,246687,185.245,0.200637
246719ms,246719,184.533,0.199519
246751ms,246751,183.958,0.198410
246798ms,246798,183.381,0.198320
246830ms,246830,183.155,0.197887
246862ms,246862,182.825,0.197470
246894ms,246894,182.613,0.197817
246926ms,246926,182.268,0.197025
246958ms,246958,182.560,0.195953
246990ms,246990,182.382,0.198590
247023ms,247023,182.393,0.197025
247055ms,247055,182.592,0.197208
247087ms,247087,182.431,0.197215
247119ms,247119,182.666,0.197342
247166ms,247166,182.688,0.197954
247198ms,247198,182.649,0.196544
247230ms,247230,182.946,0.196485
247262ms,247262,183.153,0.197701
247294ms,247294,183.302,0.197790
247326ms,247326,183.585,0.197872
247358ms,247358,183.878,0.197526
247390ms,247390,184.219,0.197589
247423ms,247423,184.434,0.198064
247455ms,247455,184.766,0.198779
247487ms,247487,185.030,0.199147
247519ms,247519,185.288,0.199408
247598ms,247598,186.030,0.200130
247630ms,247630,186.428,0.200521
247662ms,247662,186.493,0.200450
247694ms,247694,186.448,0.200697
247726ms,247726,186.513,0.200547
247759ms,247759,186.403,0.200255
247790ms,247790,186.483,0.200484
247823ms,247823,186.440,0.200442
247855ms,247855,186.466,0.200354
247887ms,247887,186.439,0.200578
247934ms,247934,186.457,0.200677
247966ms,247966,186.476,0.200604
247998ms,247998,186.396,0.200457
248030ms,248030,186.480,0.200664
248062ms,248062,186.576,0.200670
248094ms,248094,186.515,0.200956
248127ms,248127,186.138,0.200631
248159ms,248159,185.862,0.200176
248191ms,248191,185.359,0.199865
248223ms,248223,184.577,0.199249
248255ms,248255,184.076,0.198566
248302ms,248302,183.431,0.198184
248334ms,248334,183.120,0.197669
248366ms,248366,182.813,0.197597
248398ms,248398,182.712,0.197781
248430ms,248430,182.402,0.196591
248463ms,248463,182.520,0.196021
248495ms,248495,182.337,0.196711
248527ms,248527,182.432,0.197136
248558ms,248558,182.430,0.196666
248591ms,248591,182.356,0.197630
248702ms,248702,182.818,0.196991
248734ms,248734,182.761,0.197393
248766ms,248766,183.067,0.197625
248798ms,248798,183.459,0.197218
248831ms,248831,183.805,0.197805
248863ms,248863,184.030,0.198087
248894ms,248894,184.302,0.198103
248927ms,248927,184.455,0.198407
248958ms,248958,184.717,0.198611
248990ms,248990,185.017,0.198936
249023ms,249023,185.178,0.199123
249070ms,249070,185.744,0.199940
249102ms,249102,185.902,0.200091
249134ms,249134,186.369,0.200873
249166ms,249166,186.528,0.200803
249199ms,249199,186.453,0.200750
249231ms,249231,186.444,0.200389
249262ms,249262,186.506,0.200456
249295ms,249295,186.499,0.200527
249327ms,249327,186.523,0.200393
249359ms,249359,186.451,0.200372
249391ms,249391,186.462,0.200332
249438ms,249438,186.433,0.200666
249470ms,249470,186.529,0.200570
249502ms,249502,186.412,0.200702
249534ms,249534,186.577,0.200436
249566ms,249566,186.538,0.200488
249630ms,249630,186.269,0.200667
249662ms,249662,185.907,0.201181
249695ms,249695,185.477,0.200787
249727ms,249727,184.689,0.200294
249759ms,249759,184.277,0.198063
249806ms,249806,183.639,0.197365
249838ms,249838,182.947,0.198086
249902ms,249902,182.669,0.197313
249934ms,249934,182.570,0.196744
249966ms,249966,182.672,0.196865
249998ms,249998,182.268,0.197748
250030ms,250030,182.231,0.197585
250063ms,250063,182.430,0.196938
250095ms,250095,182.370,0.197321
250126ms,250126,182.621,0.197041
250159ms,250159,182.714,0.196597
250206ms,250206,182.529,0.197132
250238ms,250238,182.898,0.196954
250270ms,250270,183.007,0.196813
250302ms,250302,183.286,0.197146
250335ms,250335,183.645,0.197930
250367ms,250367,183.905,0.198091
250399ms,250399,184.127,0.197680
250430ms,250430,184.506,0.198718
250463ms,250463,184.689,0.198287
250494ms,250494,184.892,0.199345
250527ms,250527,185.160,0.199176
250574ms,250574,185.667,0.200180
250606ms,250606,185.944,0.200221
250638ms,250638,186.234,0.200964
250670ms,250670,186.418,0.200599
250702ms,250702,186.466,0.200966
250734ms,250734,186.487,0.200730
250766ms,250766,186.475,0.200791
250798ms,250798,186.417,0.200192
250830ms,250830,186.466,0.200371
250862ms,250862,186.507,0.200273
250895ms,250895,186.448,0.200511
250942ms,250942,186.486,0.200606
250974ms,250974,186.502,0.200554
251006ms,251006,186.502,0.200383
251038ms,251038,186.496,0.200328
251070ms,251070,186.478,0.200821
251103ms,251103,186.433,0.200590
251135ms,251135,186.322,0.200898
251166ms,251166,185.909,0.201166
251198ms,251198,185.544,0.200438
251230ms,251230,184.727,0.198985
251262ms,251262,184.311,0.198590
251295ms,251295,183.639,0.198278
251342ms,251342,183.035,0.197871
251374ms,251374,182.781,0.197537
251406ms,251406,182.893,0.198658
251438ms,251438,182.402,0.196353
251470ms,251470,182.401,0.196583
251502ms,251502,182.322,0.196650
251534ms,251534,182.433,0.196757
251598ms,251598,182.430,0.197312
251631ms,251631,182.547,0.196884
251663ms,251663,182.749,0.196662
251710ms,251710,182.567,0.197619
251742ms,251742,182.829,0.196774
251774ms,251774,183.057,0.197724
251806ms,251806,183.351,0.197269
251838ms,251838,183.681,0.197180
251870ms,251870,184.050,0.197746
251902ms,251902,184.240,0.198001
251934ms,251934,184.327,0.197864
251966ms,251966,184.823,0.199102
251999ms,251999,185.223,0.199278
252031ms,252031,185.475,0.199349
252062ms,252062,185.726,0.200134
252110ms,252110,186.025,0.200203
252142ms,252142,186.314,0.200507
252174ms,252174,186.368,0.200717
252206ms,252206,186.419,0.200624
252238ms,252238,186.477,0.200622
252270ms,252270,186.335,0.200718
252303ms,252303,186.447,0.200669
252335ms,252335,186.481,0.200514
252367ms,252367,186.482,0.200508
252399ms,252399,186.380,0.200406
252431ms,252431,186.578,0.200192
252478ms,252478,186.522,0.200682
252510ms,252510,186.474,0.200419
252574ms,252574,186.610,0.200436
252606ms,252606,186.503,0.200852
252638ms,252638,186.288,0.200354
252670ms,252670,185.721,0.200605
252703ms,252703,185.238,0.199896
252735ms,252735,184.546,0.199028
252767ms,252767,183.995,0.198274
252846ms,252846,183.234,0.198230
252878ms,252878,182.925,0.198320
252910ms,252910,182.876,0.198959
252942ms,252942,182.471,0.197292
252974ms,252974,182.432,0.198042
253006ms,253006,182.246,0.197095
253038ms,253038,182.542,0.197203
253071ms,253071,182.551,0.195848
253103ms,253103,182.319,0.197362
253135ms,253135,182.556,0.196962
253167ms,253167,182.633,0.197442
253214ms,253214,182.716,0.196607
253246ms,253246,182.845,0.197583
253278ms,253278,183.037,0.197330
253310ms,253310,183.328,0.198166
253342ms,253342,183.824,0.197868
253374ms,253374,184.068,0.198085
253406ms,253406,184.401,0.197768
253439ms,253439,184.516,0.199096
253471ms,253471,184.903,0.199394
253503ms,253503,185.213,0.199493
253535ms,253535,185.530,0.199879
253567ms,253567,185.762,0.200172
253614ms,253614,186.075,0.200167
253646ms,253646,186.364,0.200561
253678ms,253678,186.461,0.200722
253710ms,253710,186.404,0.200709
253742ms,253742,186.382,0.200302
253774ms,253774,186.463,0.200628
253806ms,253806,186.439,0.200585
253838ms,253838,186.403,0.200110
253871ms,253871,186.426,0.200381
253903ms,253903,186.370,0.200613
253935ms,253935,186.407,0.200395
253982ms,253982,186.445,0.200739
254014ms,254014,186.440,0.200569
254046ms,254046,186.470,0.200379
254078ms,254078,186.537,0.200460
254110ms,254110,186.641,0.201045
254142ms,254142,186.203,0.201240
254174ms,254174,185.705,0.200571
254206ms,254206,185.312,0.199879
254238ms,254238,184.591,0.199007
254270ms,254270,184.102,0.198544
254303ms,254303,183.598,0.197966
254335ms,254335,183.181,0.197753
254382ms,254382,182.724,0.197528
254446ms,254446,182.262,0.196752
254478ms,254478,182.656,0.196894
254510ms,254510,182.213,0.197465
254542ms,254542,182.342,0.197127
254574ms,254574,182.426,0.196197
254606ms,254606,182.415,0.197794
254638ms,254638,182.673,0.197072
254670ms,254670,182.691,0.196450
254703ms,254703,182.673,0.197807
254750ms,254750,182.828,0.197076
254782ms,254782,183.163,0.197349
254814ms,254814,183.437,0.198196
254846ms,254846,183.775,0.197916
254878ms,254878,183.985,0.197308
254910ms,254910,184.268,0.197874
254942ms,254942,184.575,0.198645
254974ms,254974,184.934,0.198930
255006ms,255006,185.119,0.199146
255038ms,255038,185.386,0.199405
255071ms,255071,185.801,0.199902
255118ms,255118,186.041,0.200600
255150ms,255150,186.373,0.200816
255182ms,255182,186.487,0.201136
255214ms,255214,186.381,0.200855
255246ms,255246,186.440,0.200366
255278ms,255278,186.404,0.200556
255310ms,255310,186.456,0.200564
255342ms,255342,186.478,0.200430
255374ms,255374,186.462,0.200680
255407ms,255407,186.401,0.200438
255439ms,255439,186.467,0.200584
255471ms,255471,186.422,0.200406
255518ms,255518,186.463,0.200328
255550ms,255550,186.507,0.200518
255582ms,255582,186.510,0.200445
255614ms,255614,186.451,0.200716
255646ms,255646,186.029,0.200317
255678ms,255678,185.455,0.199940
255710ms,255710,185.010,0.199644
255742ms,255742,184.313,0.198951
255775ms,255775,183.972,0.198379
255886ms,255886,182.771,0.197314
255918ms,255918,182.768,0.196944
255950ms,255950,182.501,0.197410
255982ms,255982,182.570,0.197860
256014ms,256014,182.401,0.198133
256046ms,256046,182.484,0.196973
256078ms,256078,182.483,0.196383
256110ms,256110,182.533,0.197095
256142ms,256142,182.683,0.196936
256174ms,256174,182.623,0.197731
256206ms,256206,182.877,0.197240
256254ms,256254,183.070,0.197594
256286ms,256286,183.101,0.197102
256318ms,256318,183.452,0.197867
256350ms,256350,183.944,0.198239
256382ms,256382,184.179,0.198104
256414ms,256414,184.429,0.198267
256446ms,256446,184.640,0.198526
256478ms,256478,184.959,0.198767
256511ms,256511,185.183,0.199268
256543ms,256543,185.711,0.199441
256574ms,256574,185.934,0.200128
256607ms,256607,186.281,0.200371
256654ms,256654,186.383,0.200699
256686ms,256686,186.513,0.201113
256718ms,256718,186.418,0.200887
256750ms,256750,186.452,0.200247
256782ms,256782,186.453,0.200607
256814ms,256814,186.377,0.200546
256847ms,256847,186.449,0.200296
256878ms,256878,186.517,0.200592
256910ms,256910,186.508,0.200492
256943ms,256943,186.449,0.200571
256974ms,256974,186.465,0.200524
257022ms,257022,186.546,0.200710
257054ms,257054,186.576,0.200738
257086ms,257086,186.454,0.200903
257118ms,257118,186.180,0.200494
257150ms,257150,185.689,0.200626
257182ms,257182,185.136,0.199860
257278ms,257278,183.580,0.197618
257311ms,257311,183.009,0.197763
257343ms,257343,182.845,0.197933
257390ms,257390,182.797,0.198282
257422ms,257422,182.364,0.197817
257454ms,257454,182.590,0.196377
257486ms,257486,182.386,0.197587
257518ms,257518,182.501,0.197082
257550ms,257550,182.514,0.196557
257582ms,257582,182.413,0.197101
257614ms,257614,182.596,0.197065
257646ms,257646,182.629,0.197466
257678ms,257678,182.831,0.196996
257710ms,257710,182.911,0.197480
257742ms,257742,183.174,0.197398
257790ms,257790,183.466,0.197428
257822ms,257822,183.590,0.198014
257855ms,257855,183.945,0.197883
257886ms,257886,184.368,0.198807
257918ms,257918,184.668,0.198431
257950ms,257950,184.766,0.198875
257982ms,257982,185.260,0.198883
258014ms,258014,185.587,0.199951
258046ms,258046,185.927,0.199877
258078ms,258078,186.311,0.200468
258110ms,258110,186.426,0.200649
258158ms,258158,186.533,0.200520
258190ms,258190,186.277,0.200899
258222ms,258222,186.417,0.200215
258254ms,258254,186.524,0.200878
258286ms,258286,186.375,0.200676
258318ms,258318,186.497,0.200769
258350ms,258350,186.426,0.201240
258382ms,258382,186.475,0.200656
258414ms,258414,186.487,0.200740
258447ms,258447,186.471,0.200595
258478ms,258478,186.539,0.200478
258511ms,258511,186.480,0.200576
258558ms,258558,186.439,0.200766
258590ms,258590,186.573,0.200699
258622ms,258622,185.903,0.201091
258654ms,258654,185.521,0.200020
258686ms,258686,184.854,0.200570
258718ms,258718,184.424,0.198630
258750ms,258750,184.096,0.198158
258783ms,258783,183.369,0.198342
258814ms,258814,183.018,0.198328
258846ms,258846,182.917,0.196784
258879ms,258879,182.637,0.196467
258926ms,258926,182.472,0.197144
258958ms,258958,182.400,0.196040
258990ms,258990,182.310,0.196719
259022ms,259022,182.449,0.196955
259054ms,259054,182.511,0.196805
259086ms,259086,182.736,0.197726
259118ms,259118,182.696,0.197011
259151ms,259151,182.637,0.197557
259183ms,259183,182.878,0.196663
259215ms,259215,183.150,0.197766
259247ms,259247,183.277,0.196827
259279ms,259279,183.656,0.198435
259326ms,259326,183.798,0.197891
259358ms,259358,184.184,0.197693
259390ms,259390,184.420,0.198155
259422ms,259422,184.617,0.198762
259454ms,259454,184.975,0.199246
259486ms,259486,185.270,0.199369
259518ms,259518,185.776,0.199425
259550ms,259550,185.939,0.200359
259583ms,259583,186.226,0.200571
259615ms,259615,186.488,0.200412
259647ms,259647,186.372,0.200877
259694ms,259694,186.453,0.200532
259790ms,259790,186.334,0.200447
259822ms,259822,186.427,0.200398
259854ms,259854,186.384,0.200419
259886ms,259886,186.448,0.200764
259918ms,259918,186.359,0.200078
259950ms,259950,186.295,0.200829
259982ms,259982,186.388,0.200366
260014ms,260014,186.325,0.200893
260062ms,260062,186.226,0.200533
260094ms,260094,186.386,0.200976
260126ms,260126,185.894,0.200983
260159ms,260159,185.381,0.200084
260190ms,260190,184.689,0.199046
260223ms,260223,184.297,0.198867
260254ms,260254,183.644,0.198291
260286ms,260286,183.079,0.198566
260318ms,260318,182.715,0.197548
260351ms,260351,182.792,0.198047
260383ms,260383,182.664,0.196285
260430ms,260430,182.435,0.196301
260462ms,260462,182.473,0.196862
260494ms,260494,182.432,0.197081
260526ms,260526,182.462,0.197848
260558ms,260558,182.431,0.196978
260590ms,260590,182.543,0.197468
260622ms,260622,182.732,0.196898
260654ms,260654,182.780,0.196610
260686ms,260686,182.877,0.197081
260719ms,260719,183.157,0.197475
260751ms,260751,183.365,0.197446
260798ms,260798,183.764,0.197622
260830ms,260830,183.941,0.197921
260862ms,260862,184.258,0.197722
260894ms,260894,184.424,0.198163
260926ms,260926,184.889,0.199469
260958ms,260958,185.192,0.199019
260990ms,260990,185.395,0.199215
261022ms,261022,185.777,0.200257
261054ms,261054,185.964,0.199992
261086ms,261086,186.328,0.200399
261118ms,261118,186.498,0.200721
261150ms,261150,186.481,0.200698
261198ms,261198,186.421,0.201056
261262ms,261262,186.439,0.200635
261294ms,261294,186.339,0.200816
261326ms,261326,186.360,0.200566
261358ms,261358,186.382,0.200687
261390ms,261390,186.378,0.200741
261422ms,261422,186.377,0.200856
261454ms,261454,186.454,0.200513
261487ms,261487,186.461,0.200349
261518ms,261518,186.619,0.200724
261566ms,261566,186.446,0.200757
261598ms,261598,186.200,0.200659
261630ms,261630,185.768,0.199698
261662ms,261662,185.030,0.200433
261694ms,261694,184.384,0.199099
261726ms,261726,183.987,0.198497
261758ms,261758,183.302,0.197987
261790ms,261790,182.974,0.197653
261822ms,261822,182.935,0.198255
261854ms,261854,182.756,0.197286
261887ms,261887,182.395,0.197021
261919ms,261919,182.367,0.197441
261966ms,261966,182.263,0.198706
261998ms,261998,182.484,0.196746
262030ms,262030,182.436,0.196080
262062ms,262062,182.344,0.196682
262094ms,262094,182.682,0.196573
262126ms,262126,182.649,0.198205
262190ms,262190,183.026,0.197818
262222ms,262222,183.175,0.197315
262255ms,262255,183.481,0.197345
262286ms,262286,183.719,0.197536
262334ms,262334,184.068,0.197604
262366ms,262366,184.387,0.197918
262399ms,262399,184.666,0.198584
262430ms,262430,184.853,0.199345
262462ms,262462,185.275,0.199386
262494ms,262494,185.664,0.199759
262526ms,262526,185.830,0.200683
262558ms,262558,186.247,0.200414
262590ms,262590,186.485,0.200487
262623ms,262623,186.438,0.201100
262654ms,262654,186.553,0.200615
262702ms,262702,186.474,0.200228
262734ms,262734,186.519,0.200550
262766ms,262766,186.405,0.200335
262798ms,262798,186.424,0.200775
262830ms,262830,186.382,0.200674
262862ms,262862,186.428,0.200563
262894ms,262894,186.467,0.200623
262926ms,262926,186.461,0.200344
262958ms,262958,186.385,0.200784
262990ms,262990,186.439,0.200610
263022ms,263022,186.497,0.200622
263055ms,263055,186.378,0.200730
263102ms,263102,185.936,0.200559
263134ms,263134,185.639,0.200180
263166ms,263166,184.849,0.199434
263198ms,263198,184.318,0.198467
263230ms,263230,183.886,0.198430
263262ms,263262,183.194,0.198209
263294ms,263294,182.733,0.198054
263326ms,263326,182.953,0.197739
263358ms,263358,182.445,0.196503
263391ms,263391,182.647,0.196401
263423ms,263423,182.378,0.197244
263470ms,263470,182.395,0.197933
263502ms,263502,182.338,0.196400
263534ms,263534,182.435,0.196963
263566ms,263566,182.623,0.197152
263598ms,263598,182.690,0.196917
263630ms,263630,182.680,0.196958
263662ms,263662,182.784,0.196928
263726ms,263726,183.308,0.197727
263758ms,263758,183.739,0.197564
263791ms,263791,183.989,0.197682
263838ms,263838,184.157,0.197781
263902ms,263902,184.782,0.198816
263934ms,263934,185.145,0.198773
263966ms,263966,185.463,0.199192
263998ms,263998,185.667,0.199700
264030ms,264030,186.083,0.199952
264062ms,264062,186.295,0.200568
264094ms,264094,186.588,0.200660
264126ms,264126,186.385,0.200898
264158ms,264158,186.401,0.200233
264191ms,264191,186.491,0.200526
264238ms,264238,186.445,0.200510
264270ms,264270,186.400,0.200263
264302ms,264302,186.340,0.200478
264334ms,264334,186.450,0.200651
264366ms,264366,186.482,0.200402
264430ms,264430,186.412,0.200361
264463ms,264463,186.540,0.200445
264494ms,264494,186.495,0.200859
264526ms,264526,186.495,0.200577
264559ms,264559,186.249,0.200336
264606ms,264606,185.712,0.200460
264638ms,264638,185.313,0.200541
264670ms,264670,184.574,0.199295
264734ms,264734,183.538,0.197742
264766ms,264766,183.116,0.197371
264798ms,264798,182.796,0.198382
264830ms,264830,182.778,0.198324
264862ms,264862,182.363,0.197844
264894ms,264894,182.582,0.196977
264926ms,264926,182.329,0.197701
264974ms,264974,182.503,0.196826
265006ms,265006,182.377,0.196255
265038ms,265038,182.443,0.197037
265070ms,265070,182.604,0.197432
265102ms,265102,182.582,0.197611
265134ms,265134,182.655,0.197039
265166ms,265166,182.944,0.197444
265198ms,265198,183.146,0.197776
265230ms,265230,183.388,0.197270
265262ms,265262,183.816,0.197349
265294ms,265294,183.922,0.197853
265342ms,265342,184.361,0.197925
265374ms,265374,184.634,0.199043
265406ms,265406,184.969,0.199537
265438ms,265438,185.189,0.199183
265470ms,265470,185.607,0.200001
265502ms,265502,185.773,0.200345
265534ms,265534,186.167,0.200550
265566ms,265566,186.413,0.200541
265599ms,265599,186.424,0.200880
265631ms,265631,186.394,0.200828
265662ms,265662,186.535,0.200228
265694ms,265694,186.454,0.200177
265742ms,265742,186.477,0.200315
265774ms,265774,186.417,0.200543
265806ms,265806,186.411,0.200291
265838ms,265838,186.461,0.200189
265870ms,265870,186.425,0.200092
265902ms,265902,186.405,0.200463
265934ms,265934,186.450,0.200105
265966ms,265966,186.468,0.200353
265998ms,265998,186.438,0.200503
266031ms,266031,186.452,0.200726
266063ms,266063,185.886,0.200530
266174ms,266174,184.449,0.198540
266206ms,266206,184.077,0.198187
266238ms,266238,183.384,0.198040
266270ms,266270,182.906,0.198024
266303ms,266303,182.739,0.198979
266334ms,266334,182.664,0.196707
266366ms,266366,182.653,0.197136
266398ms,266398,182.277,0.198230
266430ms,266430,182.273,0.198072
266462ms,266462,182.466,0.196561
266510ms,266510,182.490,0.196592
266542ms,266542,182.627,0.197503
266574ms,266574,182.717,0.197092
266606ms,266606,182.526,0.196970
266638ms,266638,182.861,0.196464
266670ms,266670,183.052,0.197205
266702ms,266702,183.377,0.197468
266734ms,266734,183.686,0.198221
266766ms,266766,183.928,0.198303
266798ms,266798,184.212,0.197916
266831ms,266831,184.410,0.198146
266878ms,266878,184.772,0.198784
266910ms,266910,185.109,0.199110
266942ms,266942,185.503,0.199334
266974ms,266974,185.773,0.200051
267006ms,267006,186.053,0.200332
267038ms,267038,186.283,0.200751
267070ms,267070,186.411,0.200748
267102ms,267102,186.358,0.200845
267134ms,267134,186.425,0.201029
267166ms,267166,186.387,0.200185
267199ms,267199,186.453,0.200172
267246ms,267246,186.369,0.200277
267278ms,267278,186.331,0.200323
267310ms,267310,186.378,0.200436
267342ms,267342,186.415,0.200476
267342ms,267342,186.415,0.200476
267374ms,267374,186.396,0.200640
267374ms,267374,186.396,0.200640
267407ms,267407,186.405,0.200423
267438ms,267438,186.494,0.200432
267471ms,267471,186.576,0.200978
267502ms,267502,186.434,0.200547
267534ms,267534,186.300,0.200521
267598ms,267598,185.167,0.199819
267646ms,267646,184.484,0.198746
267678ms,267678,183.939,0.198481
267710ms,267710,183.371,0.197579
267742ms,267742,183.099,0.197430
267774ms,267774,182.899,0.197868
267806ms,267806,182.768,0.198590
267838ms,267838,182.350,0.197497
267871ms,267871,182.523,0.197422
267903ms,267903,182.275,0.198277
267934ms,267934,182.441,0.197205
267966ms,267966,182.580,0.196761
268014ms,268014,182.386,0.197813
268046ms,268046,182.646,0.197432
268078ms,268078,182.639,0.196969
268110ms,268110,182.803,0.196551
268142ms,268142,183.089,0.197967
268174ms,268174,183.150,0.197044
268206ms,268206,183.457,0.197663
268238ms,268238,183.865,0.198175
268271ms,268271,183.972,0.197882
268302ms,268302,184.448,0.198313
268334ms,268334,184.619,0.198345
268382ms,268382,184.924,0.199377
268414ms,268414,185.344,0.199244
268446ms,268446,185.524,0.199891
268478ms,268478,185.909,0.200124
268510ms,268510,186.110,0.200699
268542ms,268542,186.488,0.200416
268574ms,268574,186.384,0.200749
268607ms,268607,186.390,0.201017
268639ms,268639,186.523,0.200545
268702ms,268702,186.419,0.200388
268734ms,268734,186.270,0.200890
268782ms,268782,186.397,0.200027
268814ms,268814,186.364,0.200598
268878ms,268878,186.367,0.200534
268910ms,268910,186.442,0.200631
268942ms,268942,186.363,0.200509
268974ms,268974,186.457,0.200506
269006ms,269006,186.410,0.200653
269038ms,269038,185.943,0.200646
269070ms,269070,185.391,0.200217
269103ms,269103,184.690,0.199222
269150ms,269150,184.242,0.198437
269182ms,269182,183.773,0.198996
269214ms,269214,183.058,0.198409
269246ms,269246,182.927,0.198030
269278ms,269278,182.633,0.198342
269310ms,269310,182.393,0.197072
269342ms,269342,182.512,0.196984
269374ms,269374,182.256,0.197711
269406ms,269406,182.427,0.197156
269438ms,269438,182.501,0.196948
269471ms,269471,182.412,0.196903
269518ms,269518,182.551,0.196863
269550ms,269550,182.754,0.197194
269582ms,269582,182.753,0.196550
269614ms,269614,182.834,0.197056
269646ms,269646,183.049,0.198128
269678ms,269678,183.346,0.197808
269710ms,269710,183.772,0.197254
269743ms,269743,184.005,0.198012
269774ms,269774,184.163,0.197759
269806ms,269806,184.376,0.197968
269839ms,269839,184.842,0.198822
269870ms,269870,185.150,0.199317
269918ms,269918,185.603,0.199509
269950ms,269950,185.683,0.200723
269982ms,269982,186.105,0.200371
270014ms,270014,186.431,0.200651
270046ms,270046,186.456,0.200596
270078ms,270078,186.394,0.200771
270110ms,270110,186.345,0.200046
270142ms,270142,186.301,0.199975
270174ms,270174,186.369,0.200223
270206ms,270206,186.321,0.200083
270239ms,270239,186.250,0.200369
270271ms,270271,186.261,0.200344
270318ms,270318,186.391,0.200235
270350ms,270350,186.413,0.200192
270414ms,270414,186.511,0.200575
270446ms,270446,186.437,0.200524
270478ms,270478,186.584,0.200400
270510ms,270510,186.152,0.200337
270574ms,270574,184.978,0.199513
270606ms,270606,184.446,0.199513
270638ms,270638,183.928,0.198606
270686ms,270686,183.414,0.198389
270718ms,270718,183.083,0.197283
270750ms,270750,182.962,0.198353
270782ms,270782,182.740,0.196561
270814ms,270814,182.448,0.197723
270846ms,270846,182.417,0.196955
270878ms,270878,182.264,0.197331
270910ms,270910,182.534,0.196787
270942ms,270942,182.425,0.195664
270974ms,270974,182.376,0.196995
271007ms,271007,182.619,0.197004
271054ms,271054,182.625,0.197565
271086ms,271086,182.749,0.196340
271118ms,271118,182.972,0.197571
271150ms,271150,183.147,0.197332
271182ms,271182,183.416,0.197336
271214ms,271214,183.910,0.197964
271246ms,271246,184.118,0.197792
271278ms,271278,184.362,0.198072
271310ms,271310,184.636,0.198742
271342ms,271342,184.962,0.199167
271374ms,271374,185.386,0.199441
271422ms,271422,185.650,0.200597
271454ms,271454,186.015,0.200461
271486ms,271486,186.411,0.200569
271518ms,271518,186.552,0.200636
271550ms,271550,186.540,0.200717
271582ms,271582,186.436,0.200746
271614ms,271614,186.463,0.200949
271646ms,271646,186.565,0.200287
271678ms,271678,186.469,0.200576
271710ms,271710,186.484,0.200643
271774ms,271774,186.412,0.200469
271822ms,271822,186.417,0.200446
271854ms,271854,186.441,0.200781
271886ms,271886,186.480,0.200911
271918ms,271918,186.505,0.200978
271950ms,271950,186.615,0.200927
271982ms,271982,186.307,0.200908
272014ms,272014,185.962,0.200618
272046ms,272046,185.555,0.200747
272078ms,272078,184.884,0.199343
272110ms,272110,184.273,0.198455
272142ms,272142,183.625,0.198666
272190ms,272190,183.076,0.198488
272222ms,272222,182.612,0.197787
272254ms,272254,182.770,0.198210
272286ms,272286,182.243,0.196507
272318ms,272318,182.577,0.197000
272350ms,272350,182.407,0.198106
272382ms,272382,182.353,0.197217
272414ms,272414,182.304,0.196710
272446ms,272446,182.530,0.196782
272478ms,272478,182.606,0.197313
272510ms,272510,182.663,0.197848
272558ms,272558,182.700,0.197019
272590ms,272590,182.839,0.197083
272622ms,272622,183.049,0.198338
272654ms,272654,183.489,0.198431
272686ms,272686,183.825,0.197426
272718ms,272718,183.908,0.198236
272750ms,272750,184.269,0.198301
272782ms,272782,184.480,0.198208
272814ms,272814,184.789,0.198743
272846ms,272846,185.037,0.199131
272878ms,272878,185.462,0.199377
272958ms,272958,186.093,0.200927
272990ms,272990,186.396,0.200367
273022ms,273022,186.399,0.200767
273054ms,273054,186.376,0.200773
273086ms,273086,186.528,0.200836
273118ms,273118,186.490,0.200116
273182ms,273182,186.455,0.200343
273214ms,273214,186.531,0.200376
273246ms,273246,186.436,0.200498
273278ms,273278,186.484,0.200315
273326ms,273326,186.481,0.200378
273358ms,273358,186.479,0.200486
273390ms,273390,186.402,0.200619
273422ms,273422,186.377,0.200779
273454ms,273454,186.528,0.200628
273486ms,273486,186.084,0.200713
273518ms,273518,185.614,0.199743
273550ms,273550,185.138,0.200246
273582ms,273582,184.349,0.199464
273614ms,273614,183.907,0.198224
273646ms,273646,183.411,0.198983
273726ms,273726,182.864,0.197708
273758ms,273758,182.782,0.196926
273790ms,273790,182.447,0.196747
273822ms,273822,182.502,0.197134
273854ms,273854,182.278,0.196847
273886ms,273886,182.463,0.197170
273918ms,273918,182.323,0.196427
273950ms,273950,182.471,0.197735
273986ms,273986,182.699,0.196688
274014ms,274014,182.607,0.197335
274046ms,274046,182.717,0.197920
274094ms,274094,182.960,0.197478
274126ms,274126,183.224,0.196725
274190ms,274190,183.804,0.198089
274222ms,274222,184.061,0.197757
274254ms,274254,184.403,0.198146
274286ms,274286,184.642,0.198541
274318ms,274318,184.837,0.199438
274350ms,274350,185.210,0.199444
274382ms,274382,185.560,0.200676
274414ms,274414,185.917,0.200383
274462ms,274462,186.205,0.200385
274494ms,274494,186.439,0.200468
274526ms,274526,186.426,0.200943
274558ms,274558,186.507,0.201047
274590ms,274590,186.507,0.200340
274622ms,274622,186.484,0.200225
274654ms,274654,186.370,0.200519
274686ms,274686,186.484,0.200506
274718ms,274718,186.446,0.199930
274750ms,274750,186.335,0.199946
274782ms,274782,186.407,0.200216
274830ms,274830,186.457,0.200524
274862ms,274862,186.428,0.200394
274894ms,274894,186.464,0.200371
274926ms,274926,186.440,0.200425
274958ms,274958,186.371,0.200487
274990ms,274990,185.860,0.200876
275022ms,275022,185.551,0.199962
275054ms,275054,184.880,0.199383
275086ms,275086,184.264,0.198677
275118ms,275118,183.727,0.198563
275150ms,275150,183.384,0.198519
275182ms,275182,182.857,0.197568
275230ms,275230,182.802,0.198747
275262ms,275262,182.554,0.196368
275294ms,275294,182.682,0.196920
275326ms,275326,182.283,0.197111
275358ms,275358,182.300,0.197948
275390ms,275390,182.510,0.196838
275422ms,275422,182.528,0.196911
275454ms,275454,182.594,0.196938
275486ms,275486,182.687,0.196458
275518ms,275518,182.522,0.196902
275550ms,275550,182.835,0.196671
275582ms,275582,183.018,0.196795
275662ms,275662,183.703,0.197117
275694ms,275694,183.815,0.198350
275726ms,275726,184.103,0.197769
275758ms,275758,184.260,0.199010
275790ms,275790,184.666,0.198401
275822ms,275822,184.847,0.199072
275854ms,275854,185.307,0.199410
275886ms,275886,185.746,0.200011
275918ms,275918,186.034,0.200331
275966ms,275966,186.207,0.200696
275998ms,275998,186.417,0.200692
276030ms,276030,186.422,0.200902
276062ms,276062,186.358,0.200900
276094ms,276094,186.401,0.200500
276126ms,276126,186.437,0.200424
276158ms,276158,186.539,0.200362
276190ms,276190,186.485,0.200497
276222ms,276222,186.488,0.200460
276254ms,276254,186.513,0.200964
276286ms,276286,186.404,0.200384
276318ms,276318,186.485,0.200479
276366ms,276366,186.443,0.200586
276398ms,276398,186.476,0.200671
276430ms,276430,186.421,0.200846
276462ms,276462,186.209,0.200398
276526ms,276526,185.284,0.200159
276558ms,276558,184.726,0.199632
276590ms,276590,183.974,0.198434
276622ms,276622,183.486,0.198553
276686ms,276686,182.817,0.197675
276734ms,276734,182.692,0.198775
276766ms,276766,182.359,0.197280
276798ms,276798,182.489,0.196325
276830ms,276830,182.264,0.198212
276862ms,276862,182.483,0.196993
276894ms,276894,182.502,0.196085
276926ms,276926,182.229,0.196997
276958ms,276958,182.705,0.197457
276990ms,276990,182.730,0.197734
277023ms,277023,182.778,0.196580
277054ms,277054,183.013,0.197801
277102ms,277102,183.133,0.197908
277134ms,277134,183.561,0.197812
277166ms,277166,183.762,0.198128
277198ms,277198,184.117,0.197796
277230ms,277230,184.396,0.198605
277262ms,277262,184.668,0.198814
277294ms,277294,184.918,0.199438
277326ms,277326,185.193,0.199197
277358ms,277358,185.533,0.199963
277390ms,277390,185.898,0.200309
277422ms,277422,186.196,0.200452
277454ms,277454,186.534,0.200614
277502ms,277502,186.589,0.200957
277534ms,277534,186.529,0.201045
277566ms,277566,186.487,0.200717
277598ms,277598,186.490,0.200251
277630ms,277630,186.553,0.200633
277662ms,277662,186.430,0.200208
277694ms,277694,186.399,0.200708
277726ms,277726,186.553,0.200229
277758ms,277758,186.477,0.200321
277790ms,277790,186.461,0.200461
277822ms,277822,186.444,0.200478
277870ms,277870,186.639,0.200773
277934ms,277934,186.445,0.200463
277998ms,277998,185.575,0.200038
278030ms,278030,184.857,0.198922
278062ms,278062,184.286,0.198389
278094ms,278094,183.791,0.198535
278126ms,278126,183.305,0.198574
278158ms,278158,182.812,0.197460
278190ms,278190,182.852,0.197558
278222ms,278222,182.496,0.196480
278270ms,278270,182.519,0.196610
278302ms,278302,182.343,0.197787
278334ms,278334,182.366,0.197321
278366ms,278366,182.515,0.197195
278398ms,278398,182.417,0.196553
278430ms,278430,182.736,0.197453
278462ms,278462,182.613,0.196541
278526ms,278526,182.891,0.196808
278558ms,278558,183.081,0.197505
278590ms,278590,183.283,0.197524
278638ms,278638,183.671,0.197740
278670ms,278670,183.828,0.197879
278702ms,278702,184.214,0.197876
278734ms,278734,184.277,0.198574
278766ms,278766,184.691,0.198930
278830ms,278830,185.330,0.199124
278862ms,278862,185.731,0.200161
278894ms,278894,186.008,0.200394
278926ms,278926,186.318,0.200822
278958ms,278958,186.363,0.200703
279006ms,279006,186.532,0.200864
279038ms,279038,186.486,0.200595
279070ms,279070,186.466,0.200449
279102ms,279102,186.441,0.200558
279134ms,279134,186.483,0.200482
279166ms,279166,186.382,0.200409
279198ms,279198,186.441,0.200452
279230ms,279230,186.555,0.200047
279262ms,279262,186.463,0.200454
279294ms,279294,186.459,0.200569
279326ms,279326,186.526,0.200619
279374ms,279374,186.458,0.200922
279406ms,279406,186.529,0.200776
279438ms,279438,186.120,0.200844
279470ms,279470,185.786,0.200512
279502ms,279502,185.274,0.200311
279534ms,279534,184.552,0.199124
279566ms,279566,183.910,0.198692
279598ms,279598,183.580,0.198155
279630ms,279630,183.199,0.198531
279662ms,279662,182.847,0.197867
279694ms,279694,182.894,0.199192
279727ms,279727,182.451,0.197367
279774ms,279774,182.502,0.196964
279806ms,279806,182.227,0.197656
279839ms,279839,182.442,0.197091
279870ms,279870,182.542,0.196362
279902ms,279902,182.366,0.196913
279934ms,279934,182.705,0.196873
279966ms,279966,182.685,0.197434
279998ms,279998,182.662,0.196871
280030ms,280030,183.082,0.197334
280062ms,280062,183.076,0.197429
280095ms,280095,183.686,0.197691
280127ms,280127,183.896,0.197624
280174ms,280174,184.113,0.197769
280270ms,280270,184.980,0.199275
280302ms,280302,185.182,0.199173
280334ms,280334,185.578,0.199993
280366ms,280366,185.853,0.200000
280398ms,280398,186.226,0.200387
280430ms,280430,186.470,0.200975
280462ms,280462,186.402,0.200569
280494ms,280494,186.413,0.200848
280543ms,280543,186.475,0.200086
280574ms,280574,186.352,0.200182
280606ms,280606,186.454,0.200357
280638ms,280638,186.458,0.200557
280670ms,280670,186.247,0.200239
280735ms,280735,186.375,0.200618
280766ms,280766,186.358,0.200539
280798ms,280798,186.395,0.200648
280830ms,280830,186.397,0.200539
280862ms,280862,186.348,0.200632
280910ms,280910,186.490,0.200607
280942ms,280942,186.012,0.200855
280974ms,280974,185.651,0.199901
281006ms,281006,184.970,0.199694
281038ms,281038,184.325,0.198901
281070ms,281070,183.889,0.198036
281102ms,281102,183.315,0.197514
281134ms,281134,182.851,0.198784
281166ms,281166,182.848,0.196635
281198ms,281198,182.707,0.197374
281230ms,281230,182.477,0.196929
281278ms,281278,182.364,0.197193
281310ms,281310,182.472,0.197249
281342ms,281342,182.457,0.197021
281374ms,281374,182.411,0.196950
281406ms,281406,182.740,0.197183
281438ms,281438,182.682,0.196768
281470ms,281470,182.678,0.197835
281502ms,281502,182.884,0.196749
281534ms,281534,182.919,0.196811
281566ms,281566,183.343,0.197519
281598ms,281598,183.616,0.198320
281630ms,281630,183.863,0.198893
281678ms,281678,184.125,0.198246
281710ms,281710,184.341,0.198882
281742ms,281742,184.697,0.199077
281774ms,281774,184.970,0.198993
281806ms,281806,185.415,0.199271
281838ms,281838,185.634,0.200264
281870ms,281870,185.936,0.200618
281902ms,281902,186.407,0.200719
281966ms,281966,186.356,0.201081
281998ms,281998,186.488,0.200831
282046ms,282046,186.422,0.200556
282078ms,282078,186.340,0.201027
282110ms,282110,186.325,0.200595
282142ms,282142,186.411,0.200695
282174ms,282174,186.389,0.200669
282206ms,282206,186.358,0.201017
282238ms,282238,186.401,0.200555
282270ms,282270,186.407,0.200563
282302ms,282302,186.387,0.200364
282335ms,282335,186.405,0.200779
282366ms,282366,186.529,0.201107
282414ms,282414,186.191,0.200406
282446ms,282446,185.858,0.200291
282478ms,282478,185.276,0.199925
282510ms,282510,184.664,0.199114
282542ms,282542,183.928,0.198494
282574ms,282574,183.458,0.197682
282606ms,282606,183.058,0.198031
282638ms,282638,182.876,0.198345
282670ms,282670,182.801,0.197566
282702ms,282702,182.373,0.197861
282734ms,282734,182.468,0.196288
282766ms,282766,182.238,0.196664
282814ms,282814,182.522,0.197402
282846ms,282846,182.503,0.196401
282878ms,282878,182.334,0.197389
282910ms,282910,182.614,0.197582
282942ms,282942,182.753,0.196633
282974ms,282974,182.747,0.196632
283006ms,283006,183.071,0.197872
283038ms,283038,183.083,0.197740
283070ms,283070,183.421,0.197511
283102ms,283102,183.768,0.197946
283134ms,283134,184.099,0.197624
283167ms,283167,184.312,0.197816
283214ms,283214,184.602,0.198495
283246ms,283246,184.889,0.199434
283278ms,283278,185.171,0.199262
283310ms,283310,185.581,0.200048
283374ms,283374,186.307,0.200794
283406ms,283406,186.363,0.200533
283438ms,283438,186.455,0.201149
283470ms,283470,186.382,0.201149
283502ms,283502,186.494,0.200610
283550ms,283550,186.461,0.200249
283582ms,283582,186.344,0.200677
283614ms,283614,186.418,0.200555
283646ms,283646,186.419,0.200411
283678ms,283678,186.408,0.199954
283710ms,283710,186.448,0.200520
283742ms,283742,186.313,0.200807
283774ms,283774,186.357,0.200371
283806ms,283806,186.463,0.200290
283838ms,283838,186.520,0.200411
283870ms,283870,186.533,0.200521
283902ms,283902,185.920,0.201158
283950ms,283950,185.588,0.200257
283982ms,283982,184.993,0.199501
284014ms,284014,184.465,0.198372
284046ms,284046,183.952,0.198259
284078ms,284078,183.336,0.197532
284110ms,284110,182.948,0.197366
284142ms,284142,182.634,0.198017
284174ms,284174,182.732,0.196906
284206ms,284206,182.352,0.196660
284238ms,284238,182.382,0.196690
284270ms,284270,182.360,0.196905
284318ms,284318,182.458,0.197045
284350ms,284350,182.570,0.196499
284382ms,284382,182.740,0.197505
284414ms,284414,182.685,0.197217
284446ms,284446,182.612,0.197003
284510ms,284510,183.028,0.197568
284542ms,284542,183.320,0.197013
284575ms,284575,183.602,0.198382
284606ms,284606,183.811,0.198188
284686ms,284686,184.515,0.198740
284718ms,284718,184.756,0.198881
284750ms,284750,184.958,0.198671
284782ms,284782,185.304,0.199321
284814ms,284814,185.784,0.199877
284846ms,284846,185.801,0.200078
284878ms,284878,186.176,0.200587
284910ms,284910,186.457,0.200589
284942ms,284942,186.385,0.200920
284974ms,284974,186.526,0.200453
285006ms,285006,186.424,0.200421
285038ms,285038,186.416,0.200393
285086ms,285086,186.437,0.200408
285118ms,285118,186.385,0.200792
285150ms,285150,186.412,0.200552
285182ms,285182,186.375,0.200676
285214ms,285214,186.488,0.200294
285246ms,285246,186.355,0.200543
285278ms,285278,186.397,0.200168
285310ms,285310,186.518,0.200358
285342ms,285342,186.427,0.200734
285406ms,285406,185.756,0.200230
285454ms,285454,185.268,0.199970
285486ms,285486,184.587,0.200058
285518ms,285518,184.122,0.198166
285550ms,285550,183.667,0.198151
285582ms,285582,183.190,0.198495
285614ms,285614,182.829,0.197304
285646ms,285646,182.611,0.198100
285678ms,285678,182.234,0.196824
285710ms,285710,182.480,0.196172
285742ms,285742,182.206,0.196859
285774ms,285774,182.421,0.197123
285822ms,285822,182.537,0.195973
285854ms,285854,182.355,0.197264
285886ms,285886,182.653,0.197482
285918ms,285918,182.724,0.197049
285950ms,285950,182.647,0.197164
285982ms,285982,182.946,0.198297
286014ms,286014,183.141,0.198459
286046ms,286046,183.499,0.198117
286078ms,286078,183.763,0.197284
286110ms,286110,183.947,0.198066
286142ms,286142,184.395,0.198420
286174ms,286174,184.399,0.198952
286222ms,286222,184.849,0.198969
286254ms,286254,185.090,0.199279
286318ms,286318,185.856,0.199794
286350ms,286350,186.042,0.200192
286382ms,286382,186.464,0.200994
286414ms,286414,186.420,0.201062
286446ms,286446,186.394,0.200910
286478ms,286478,186.467,0.200946
286510ms,286510,186.387,0.200499
286542ms,286542,186.354,0.200237
286590ms,286590,186.461,0.200445
286622ms,286622,186.411,0.200658
286654ms,286654,186.330,0.200461
286686ms,286686,186.327,0.200679
286718ms,286718,186.367,0.200167
286750ms,286750,186.470,0.200309
286782ms,286782,186.437,0.200547
286814ms,286814,186.412,0.200891
286846ms,286846,186.486,0.200463
286878ms,286878,185.946,0.200591
286910ms,286910,185.659,0.199752
286958ms,286958,185.029,0.199569
286990ms,286990,184.310,0.198475
287022ms,287022,184.043,0.197911
287054ms,287054,183.366,0.198327
287086ms,287086,182.926,0.197633
287118ms,287118,182.629,0.198145
287150ms,287150,182.780,0.196948
287182ms,287182,182.328,0.196825
287214ms,287214,182.463,0.197553
287246ms,287246,182.339,0.197463
287278ms,287278,182.326,0.196547
287310ms,287310,182.428,0.196799
287358ms,287358,182.549,0.197739
287390ms,287390,182.685,0.197018
287422ms,287422,182.676,0.197260
287454ms,287454,182.668,0.197485
287486ms,287486,182.969,0.197839
287518ms,287518,183.025,0.197530
287550ms,287550,183.543,0.197706
287582ms,287582,183.791,0.197417
287614ms,287614,184.100,0.197860
287646ms,287646,184.340,0.198100
287678ms,287678,184.724,0.198943
287710ms,287710,184.934,0.198911
287790ms,287790,185.657,0.199920
287822ms,287822,186.038,0.200332
287854ms,287854,186.324,0.200472
287886ms,287886,186.461,0.200511
287918ms,287918,186.494,0.200546
287950ms,287950,186.451,0.200643
288014ms,288014,186.472,0.200831
288046ms,288046,186.487,0.200817
288078ms,288078,186.326,0.200402
288126ms,288126,186.408,0.200394
288158ms,288158,186.344,0.200197
288190ms,288190,186.436,0.200454
288222ms,288222,186.405,0.200506
288254ms,288254,186.473,0.200653
288286ms,288286,186.497,0.200620
288318ms,288318,186.477,0.200768
288350ms,288350,186.383,0.200890
288382ms,288382,185.771,0.200615
288414ms,288414,185.469,0.200165
288446ms,288446,184.813,0.199468
288494ms,288494,184.311,0.198564
288526ms,288526,183.612,0.198278
288558ms,288558,183.045,0.198641
288590ms,288590,182.797,0.197290
288622ms,288622,182.687,0.198153
288654ms,288654,182.295,0.197039
288686ms,288686,182.479,0.196413
288718ms,288718,182.237,0.197520
288750ms,288750,182.327,0.197270
288782ms,288782,182.469,0.196018
288814ms,288814,182.296,0.196339
288862ms,288862,182.591,0.198153
288894ms,288894,182.753,0.197111
288926ms,288926,182.796,0.196700
288958ms,288958,182.839,0.197780
288990ms,288990,183.031,0.197421
289022ms,289022,183.389,0.197514
289054ms,289054,183.695,0.197886
289086ms,289086,184.059,0.198183
289118ms,289118,184.276,0.198127
289150ms,289150,184.576,0.199027
289182ms,289182,184.945,0.199091
289214ms,289214,185.277,0.199055
289262ms,289262,185.628,0.199714
289294ms,289294,185.891,0.200106
289326ms,289326,186.123,0.200770
289358ms,289358,186.396,0.200648
289390ms,289390,186.360,0.200577
289422ms,289422,186.426,0.201009
289454ms,289454,186.489,0.200725
289486ms,289486,186.465,0.200322
289518ms,289518,186.444,0.200256
289550ms,289550,186.389,0.200656
289582ms,289582,186.415,0.200574
289582ms,289582,186.415,0.200574
289726ms,289726,186.398,0.200452
289726ms,289726,186.398,0.200452
289758ms,289758,186.424,0.200524
289758ms,289758,186.424,0.200524
289790ms,289790,186.455,0.200556
289790ms,289790,186.455,0.200556
289822ms,289822,186.500,0.200686
289822ms,289822,186.500,0.200686
289854ms,289854,186.076,0.200459
289886ms,289886,185.503,0.200358
289918ms,289918,184.873,0.199287
289950ms,289950,184.337,0.198298
289998ms,289998,184.116,0.197989
290030ms,290030,183.419,0.197577
290062ms,290062,183.002,0.198179
290094ms,290094,182.723,0.198277
290126ms,290126,182.644,0.196806
290158ms,290158,182.489,0.196816
290190ms,290190,182.460,0.197672
290222ms,290222,182.298,0.196909
290254ms,290254,182.512,0.197107
290286ms,290286,182.440,0.197724
290318ms,290318,182.645,0.196824
290351ms,290351,182.704,0.197511
290398ms,290398,182.631,0.197316
290430ms,290430,182.837,0.196737
290462ms,290462,182.963,0.196957
290494ms,290494,183.235,0.197237
290526ms,290526,183.540,0.199200
290558ms,290558,183.844,0.198069
290590ms,290590,184.233,0.197643
290622ms,290622,184.361,0.198633
290654ms,290654,184.685,0.199006
290686ms,290686,185.008,0.199215
290718ms,290718,185.336,0.199380
290766ms,290766,185.700,0.199587
290798ms,290798,185.923,0.200191
290830ms,290830,186.402,0.200625
290862ms,290862,186.377,0.200862
290926ms,290926,186.415,0.200552
290958ms,290958,186.531,0.200275
290990ms,290990,186.459,0.200203
291022ms,291022,186.451,0.200238
291054ms,291054,186.414,0.200804
291086ms,291086,186.472,0.200211
291134ms,291134,186.460,0.200522
291166ms,291166,186.355,0.199939
291198ms,291198,186.371,0.200406
291230ms,291230,186.460,0.200608
291262ms,291262,186.505,0.200377
291294ms,291294,186.408,0.201120
291326ms,291326,186.333,0.200875
291358ms,291358,185.882,0.200856
291390ms,291390,185.374,0.200368
291422ms,291422,184.839,0.199563
291454ms,291454,184.218,0.198457
291486ms,291486,183.644,0.198266
291534ms,291534,183.036,0.198540
291566ms,291566,182.928,0.198495
291598ms,291598,182.669,0.198071
291630ms,291630,182.187,0.198080
291662ms,291662,182.452,0.196448
291694ms,291694,182.091,0.196741
291726ms,291726,182.364,0.197103
291758ms,291758,182.416,0.196772
291790ms,291790,182.452,0.197392
291822ms,291822,182.569,0.196728
291854ms,291854,182.686,0.198547
291902ms,291902,182.741,0.197194
291934ms,291934,182.839,0.197623
291966ms,291966,183.025,0.197916
291998ms,291998,183.489,0.197465
292030ms,292030,183.601,0.196896
292062ms,292062,183.935,0.197772
292094ms,292094,184.272,0.197857
292126ms,292126,184.554,0.198722
292158ms,292158,184.785,0.198649
292190ms,292190,185.130,0.198905
292222ms,292222,185.466,0.199548
292254ms,292254,185.668,0.200186
292302ms,292302,186.123,0.200796
292334ms,292334,186.439,0.200670
292366ms,292366,186.527,0.200569
292398ms,292398,186.332,0.201019
292430ms,292430,186.450,0.200510
292462ms,292462,186.416,0.200559
292494ms,292494,186.486,0.200591
292526ms,292526,186.332,0.200549
292558ms,292558,186.451,0.200476
292590ms,292590,186.444,0.200297
292622ms,292622,186.411,0.200636
292670ms,292670,186.459,0.200308
292702ms,292702,186.521,0.200549
292734ms,292734,186.457,0.200580
292766ms,292766,186.470,0.200647
292798ms,292798,186.432,0.200697
292830ms,292830,186.003,0.200453
292862ms,292862,185.657,0.200379
292894ms,292894,184.897,0.199994
292926ms,292926,184.278,0.198425
292958ms,292958,183.885,0.198854
293022ms,293022,182.893,0.198145
293070ms,293070,182.623,0.199306
293102ms,293102,182.638,0.196816
293134ms,293134,182.571,0.196373
293166ms,293166,182.362,0.197183
293198ms,293198,182.351,0.197282
293230ms,293230,182.483,0.196790
293262ms,293262,182.549,0.196900
293294ms,293294,182.557,0.197125
293326ms,293326,182.698,0.197139
293358ms,293358,182.620,0.197348
293406ms,293406,182.841,0.197482
293438ms,293438,182.958,0.196877
293470ms,293470,183.177,0.197289
293502ms,293502,183.584,0.197684
293534ms,293534,183.818,0.197417
293566ms,293566,184.184,0.197499
293598ms,293598,184.461,0.198298
293630ms,293630,184.728,0.198653
293662ms,293662,184.881,0.198967
293694ms,293694,185.241,0.199029
293726ms,293726,185.570,0.199448
293758ms,293758,185.809,0.200340
293806ms,293806,186.193,0.200324
293838ms,293838,186.399,0.200530
293870ms,293870,186.347,0.201328
293902ms,293902,186.512,0.200784
293934ms,293934,186.351,0.200565
293966ms,293966,186.487,0.200511
293998ms,293998,186.431,0.200129
294030ms,294030,186.323,0.200131
294062ms,294062,186.397,0.200512
294126ms,294126,186.372,0.200376
294174ms,294174,186.425,0.200063
294206ms,294206,186.384,0.200463
294238ms,294238,186.550,0.200489
294302ms,294302,186.318,0.200520
294334ms,294334,185.930,0.200803
294366ms,294366,185.341,0.200340
294398ms,294398,184.680,0.199711
294430ms,294430,184.166,0.199203
294462ms,294462,183.631,0.198317
294494ms,294494,183.183,0.197748
294542ms,294542,182.968,0.197299
294574ms,294574,182.696,0.197517
294606ms,294606,182.354,0.197096
294638ms,294638,182.449,0.196300
294670ms,294670,182.294,0.197370
294702ms,294702,182.511,0.197961
294734ms,294734,182.421,0.196508
294766ms,294766,182.373,0.196810
294798ms,294798,182.729,0.196917
294830ms,294830,182.766,0.197446
294862ms,294862,182.675,0.196544
294894ms,294894,182.895,0.197465
294942ms,294942,183.111,0.197473
294974ms,294974,183.369,0.198137
295006ms,295006,183.709,0.197373
295038ms,295038,183.970,0.198152
295070ms,295070,184.362,0.198232
295102ms,295102,184.509,0.198763
295134ms,295134,184.791,0.199129
295166ms,295166,185.133,0.199273
295198ms,295198,185.454,0.199495
295230ms,295230,185.701,0.199652
295262ms,295262,185.863,0.200059
295310ms,295310,186.502,0.200408
295342ms,295342,186.559,0.200655
295374ms,295374,186.331,0.200680
295406ms,295406,186.427,0.200580
295438ms,295438,186.371,0.200251
295470ms,295470,186.422,0.200330
295502ms,295502,186.311,0.200364
295534ms,295534,186.449,0.200418
295566ms,295566,186.437,0.200264
295598ms,295598,186.535,0.200241
295630ms,295630,186.391,0.200377
295662ms,295662,186.366,0.200423
295710ms,295710,186.424,0.200595
295742ms,295742,186.522,0.200422
295774ms,295774,186.534,0.200749
295838ms,295838,185.780,0.200425
295870ms,295870,185.024,0.200545
295902ms,295902,184.393,0.198380
295934ms,295934,183.927,0.198271
295998ms,295998,182.935,0.197736
296030ms,296030,182.843,0.198688
296078ms,296078,182.749,0.198165
296110ms,296110,182.554,0.197043
296142ms,296142,182.464,0.197523
296174ms,296174,182.332,0.197323
296206ms,296206,182.502,0.197277
296238ms,296238,182.380,0.197251
296270ms,296270,182.440,0.196995
296302ms,296302,182.688,0.197164
296334ms,296334,182.694,0.197129
296366ms,296366,182.808,0.197854
296398ms,296398,182.995,0.197431
296446ms,296446,183.119,0.196946
296478ms,296478,183.699,0.197524
296510ms,296510,183.972,0.197538
296542ms,296542,184.233,0.197424
296574ms,296574,184.425,0.198299
296606ms,296606,184.589,0.198284
296638ms,296638,184.941,0.199068
296670ms,296670,185.280,0.199591
296702ms,296702,185.535,0.200622
296734ms,296734,186.016,0.200309
296766ms,296766,186.249,0.200035
296846ms,296846,186.493,0.200610
296878ms,296878,186.413,0.200751
296910ms,296910,186.336,0.200920
296942ms,296942,186.434,0.200413
296974ms,296974,186.470,0.200562
297006ms,297006,186.333,0.200298
297038ms,297038,186.381,0.200898
297070ms,297070,186.487,0.200168
297102ms,297102,186.475,0.200323
297134ms,297134,186.508,0.200309
297166ms,297166,186.392,0.201115
297214ms,297214,186.450,0.200478
297246ms,297246,186.431,0.200884
297278ms,297278,186.265,0.200764
297310ms,297310,185.867,0.201035
297342ms,297342,185.578,0.199904
297374ms,297374,184.610,0.199302
297406ms,297406,184.162,0.198323
297438ms,297438,183.618,0.198419
297470ms,297470,183.118,0.198652
297502ms,297502,182.832,0.198185
297534ms,297534,182.641,0.199062
297582ms,297582,182.259,0.196266
297614ms,297614,182.640,0.196751
297646ms,297646,182.379,0.197575
297678ms,297678,182.385,0.197688
297710ms,297710,182.649,0.196872
297742ms,297742,182.326,0.198254
297774ms,297774,182.609,0.197257
297806ms,297806,182.694,0.197684
297838ms,297838,182.698,0.196330
297870ms,297870,182.921,0.196768
297902ms,297902,182.985,0.196946
297934ms,297934,183.278,0.197480
297982ms,297982,183.667,0.197861
298014ms,298014,183.856,0.197878
298046ms,298046,184.179,0.197866
298078ms,298078,184.426,0.198270
298110ms,298110,184.809,0.198264
298142ms,298142,184.899,0.198769
298174ms,298174,185.298,0.199499
298206ms,298206,185.742,0.200024
298238ms,298238,185.915,0.200433
298270ms,298270,186.243,0.200479
298302ms,298302,186.544,0.200647
298350ms,298350,186.497,0.200759
298382ms,298382,186.614,0.200445
298414ms,298414,186.528,0.200638
298446ms,298446,186.451,0.200607
298478ms,298478,186.488,0.200784
298510ms,298510,186.503,0.200295
298542ms,298542,186.499,0.200591
298606ms,298606,186.415,0.200438
298638ms,298638,186.415,0.200371
298670ms,298670,186.539,0.200969
298718ms,298718,186.512,0.200812
298750ms,298750,186.546,0.200935
298782ms,298782,186.256,0.200591
298814ms,298814,185.840,0.199811
298846ms,298846,185.302,0.199987
298878ms,298878,184.358,0.199311
298910ms,298910,184.083,0.198104
298942ms,298942,183.462,0.197607
298974ms,298974,183.066,0.197872
299006ms,299006,182.943,0.197612
299038ms,299038,182.626,0.197324
299070ms,299070,182.490,0.197093
299118ms,299118,182.503,0.197093
299150ms,299150,182.470,0.197137
299182ms,299182,182.534,0.196667
299214ms,299214,182.423,0.196451
299246ms,299246,182.542,0.196951
299278ms,299278,182.809,0.196934
299310ms,299310,182.684,0.197586
299342ms,299342,182.743,0.197603
299374ms,299374,183.054,0.198115
299406ms,299406,183.182,0.197074
299438ms,299438,183.441,0.197575
299518ms,299518,184.124,0.198242
299550ms,299550,184.378,0.198157
299582ms,299582,184.653,0.198462
299614ms,299614,184.855,0.199490
299646ms,299646,185.224,0.199018
299678ms,299678,185.769,0.200208
299710ms,299710,185.854,0.200082
299742ms,299742,186.221,0.200474
299774ms,299774,186.367,0.200872
299806ms,299806,186.398,0.200437
299854ms,299854,186.456,0.200613
299886ms,299886,186.474,0.200339
299918ms,299918,186.482,0.200200
299950ms,299950,186.469,0.200483
299982ms,299982,186.545,0.200714
300014ms,300014,186.507,0.200647
300046ms,300046,186.498,0.200963
300078ms,300078,186.541,0.200456
300110ms,300110,186.493,0.200473
300142ms,300142,186.524,0.200711
300174ms,300174,186.372,0.200169
300206ms,300206,186.363,0.200977
300254ms,300254,186.389,0.200857
300286ms,300286,185.900,0.200223
300350ms,300350,184.592,0.199768
300382ms,300382,184.245,0.198812
300414ms,300414,183.640,0.198183
300446ms,300446,183.111,0.198821
300478ms,300478,182.861,0.197783
300510ms,300510,182.791,0.198003
300542ms,300542,182.360,0.197184
300574ms,300574,182.480,0.196693
300622ms,300622,182.405,0.196972
300654ms,300654,182.472,0.197005
300686ms,300686,182.500,0.196697
300718ms,300718,182.451,0.197817
300750ms,300750,182.549,0.198103
300782ms,300782,182.804,0.197972
300814ms,300814,182.749,0.196758
300878ms,300878,183.147,0.196886
300910ms,300910,183.390,0.197240
300942ms,300942,183.655,0.197253
300990ms,300990,183.976,0.197962
301022ms,301022,184.210,0.197958
301054ms,301054,184.439,0.198207
301086ms,301086,184.847,0.199152
301118ms,301118,185.008,0.199579
301150ms,301150,185.488,0.199441
301182ms,301182,185.905,0.199782
301214ms,301214,186.035,0.200857
301246ms,301246,186.319,0.200826
301278ms,301278,186.530,0.200601
301310ms,301310,186.313,0.200850
301358ms,301358,186.397,0.200507
301390ms,301390,186.416,0.200467
301422ms,301422,186.516,0.200624
301454ms,301454,186.472,0.200237
301486ms,301486,186.471,0.200717
301518ms,301518,186.499,0.200465
301550ms,301550,186.458,0.200986
301582ms,301582,186.445,0.200342
301614ms,301614,186.392,0.200129
301646ms,301646,186.562,0.200563
301678ms,301678,186.526,0.200384
301710ms,301710,186.517,0.200607
301758ms,301758,186.259,0.200495
301790ms,301790,185.609,0.200270
301822ms,301822,185.062,0.200137
301854ms,301854,184.442,0.198894
301886ms,301886,183.944,0.198970
301918ms,301918,183.375,0.197939
301950ms,301950,182.981,0.197156
301982ms,301982,182.965,0.197654
302014ms,302014,182.705,0.196458
302046ms,302046,182.536,0.197523
302078ms,302078,182.392,0.196911
302126ms,302126,182.308,0.197541
302158ms,302158,182.412,0.197139
302190ms,302190,182.589,0.196145
302222ms,302222,182.358,0.196765
302254ms,302254,182.520,0.196538
302286ms,302286,182.730,0.197851
302318ms,302318,182.750,0.196561
302350ms,302350,182.969,0.198088
302382ms,302382,183.128,0.196531
302414ms,302414,183.581,0.197535
302446ms,302446,183.926,0.197522
302526ms,302526,184.466,0.198272
302558ms,302558,184.705,0.198807
302590ms,302590,184.911,0.199116
302622ms,302622,185.319,0.199272
302654ms,302654,185.778,0.199765
302686ms,302686,185.951,0.200477
302718ms,302718,186.205,0.200337
302750ms,302750,186.465,0.200773
302782ms,302782,186.527,0.201053
302814ms,302814,186.523,0.200812
302846ms,302846,186.503,0.200356
302894ms,302894,186.447,0.200666
302926ms,302926,186.539,0.200546
302958ms,302958,186.421,0.200361
302990ms,302990,186.445,0.200319
303022ms,303022,186.438,0.200157
303054ms,303054,186.399,0.200079
303086ms,303086,186.389,0.200533
303118ms,303118,186.440,0.200331
303150ms,303150,186.442,0.200437
303182ms,303182,186.386,0.200955
303214ms,303214,186.210,0.200559
303262ms,303262,185.838,0.200535
303294ms,303294,185.160,0.200135
303326ms,303326,184.647,0.199393
303358ms,303358,184.129,0.198516
303390ms,303390,183.550,0.197552
303422ms,303422,183.242,0.197253
303454ms,303454,182.862,0.196922
303486ms,303486,182.655,0.198179
303518ms,303518,182.283,0.197549
303550ms,303550,182.564,0.196148
303614ms,303614,182.386,0.196827
303662ms,303662,182.478,0.196335
303694ms,303694,182.445,0.197298
303726ms,303726,182.699,0.196453
303758ms,303758,182.691,0.197309
303790ms,303790,182.772,0.197174
303822ms,303822,182.888,0.197873
303854ms,303854,183.001,0.198360
303886ms,303886,183.284,0.197943
303918ms,303918,183.655,0.197473
303950ms,303950,183.970,0.197643
303982ms,303982,184.172,0.197983
304030ms,304030,184.493,0.198247
304062ms,304062,184.743,0.198803
304094ms,304094,185.235,0.198629
304126ms,304126,185.408,0.199375
304158ms,304158,185.656,0.200211
304190ms,304190,185.976,0.200362
304222ms,304222,186.350,0.201037
304254ms,304254,186.578,0.200473
304286ms,304286,186.324,0.200862
304318ms,304318,186.358,0.200499
304350ms,304350,186.386,0.200279
304398ms,304398,186.389,0.200468
304430ms,304430,186.405,0.200721
304462ms,304462,186.391,0.200526
304494ms,304494,186.431,0.200597
304526ms,304526,186.325,0.200638
304558ms,304558,186.409,0.200311
304590ms,304590,186.465,0.200503
304622ms,304622,186.425,0.200371
304654ms,304654,186.508,0.200582
304686ms,304686,186.596,0.200671
304718ms,304718,186.049,0.200802
304750ms,304750,185.619,0.200058
304798ms,304798,185.150,0.199340
304830ms,304830,184.343,0.198788
304862ms,304862,184.008,0.198654
304926ms,304926,182.911,0.197236
304958ms,304958,183.019,0.198306
304990ms,304990,182.787,0.197779
305022ms,305022,182.360,0.197715
305054ms,305054,182.470,0.197060
305118ms,305118,182.472,0.196965
305166ms,305166,182.493,0.196452
305198ms,305198,182.469,0.196796
305230ms,305230,182.598,0.197068
305262ms,305262,182.726,0.197128
305294ms,305294,182.799,0.196213
305326ms,305326,182.918,0.197697
305390ms,305390,183.370,0.197559
305422ms,305422,183.776,0.197635
305454ms,305454,183.998,0.198098
305486ms,305486,184.344,0.197909
305534ms,305534,184.623,0.198300
305566ms,305566,184.916,0.199621
305598ms,305598,185.092,0.199616
305630ms,305630,185.551,0.199609
305662ms,305662,185.724,0.200392
305694ms,305694,186.062,0.200559
305726ms,305726,186.381,0.200469
305758ms,305758,186.436,0.200739
305790ms,305790,186.416,0.200931
305822ms,305822,186.504,0.200413
305854ms,305854,186.360,0.200346
305886ms,305886,186.330,0.200524
305934ms,305934,186.442,0.200438
305966ms,305966,186.532,0.200416
305998ms,305998,186.473,0.200176
306030ms,306030,186.455,0.200450
306062ms,306062,186.421,0.200448
306094ms,306094,186.447,0.200333
306126ms,306126,186.438,0.200293
306158ms,306158,186.462,0.200978
306190ms,306190,186.294,0.201026
306222ms,306222,185.985,0.200724
306254ms,306254,185.728,0.199833
306302ms,306302,184.863,0.199613
306334ms,306334,184.427,0.198155
306366ms,306366,183.814,0.198138
306398ms,306398,183.271,0.197546
306430ms,306430,182.855,0.197915
306462ms,306462,182.805,0.197983
306494ms,306494,182.613,0.196364
306526ms,306526,182.565,0.197005
306558ms,306558,182.423,0.197080
306590ms,306590,182.321,0.196612
306622ms,306622,182.475,0.196672
306654ms,306654,182.421,0.197058
306702ms,306702,182.430,0.197224
306734ms,306734,182.677,0.196826
306766ms,306766,182.662,0.197779
306798ms,306798,182.858,0.197365
306830ms,306830,182.958,0.197281
306862ms,306862,183.143,0.197916
306894ms,306894,183.740,0.197785
306926ms,306926,183.905,0.197919
306958ms,306958,184.242,0.197914
306990ms,306990,184.570,0.198532
307022ms,307022,184.772,0.198453
307102ms,307102,185.262,0.199153
307134ms,307134,185.757,0.200261
307166ms,307166,185.883,0.200476
307198ms,307198,186.420,0.200788
307230ms,307230,186.648,0.200798
307262ms,307262,186.427,0.200841
307294ms,307294,186.443,0.200731
307326ms,307326,186.411,0.200412
307358ms,307358,186.500,0.200565
307390ms,307390,186.516,0.200680
307438ms,307438,186.478,0.200259
307470ms,307470,186.515,0.200317
307502ms,307502,186.294,0.200532
307534ms,307534,186.485,0.200691
307566ms,307566,186.490,0.200495
307598ms,307598,186.377,0.200860
307630ms,307630,186.549,0.200554
307662ms,307662,186.555,0.200658
307694ms,307694,186.268,0.200668
307726ms,307726,185.867,0.200766
307758ms,307758,185.224,0.199858
307790ms,307790,184.556,0.199515
307838ms,307838,183.933,0.198698
307870ms,307870,183.593,0.198872
307902ms,307902,183.156,0.197857
307934ms,307934,182.840,0.197774
307966ms,307966,182.609,0.199491
307998ms,307998,182.289,0.197639
308030ms,308030,182.442,0.196603
308062ms,308062,182.236,0.197493
308094ms,308094,182.486,0.197183
308126ms,308126,182.426,0.196340
308158ms,308158,182.404,0.197327
308206ms,308206,182.658,0.196948
308238ms,308238,182.751,0.197379
308270ms,308270,182.820,0.196909
308302ms,308302,182.906,0.197249
308334ms,308334,183.101,0.197807
308366ms,308366,183.387,0.197419
308398ms,308398,183.784,0.197167
308430ms,308430,183.986,0.197432
308462ms,308462,184.303,0.198544
308494ms,308494,184.619,0.198871
308526ms,308526,184.748,0.199076
308558ms,308558,185.156,0.199281
308606ms,308606,185.367,0.199159
308638ms,308638,185.726,0.200040
308670ms,308670,186.113,0.200306
308702ms,308702,186.309,0.200612
308734ms,308734,186.522,0.200428
308766ms,308766,186.505,0.200577
308798ms,308798,186.370,0.200539
308830ms,308830,186.413,0.200823
308862ms,308862,186.369,0.200304
308894ms,308894,186.502,0.200789
308926ms,308926,186.426,0.200428
308974ms,308974,186.352,0.200495
309006ms,309006,186.414,0.200652
309038ms,309038,186.427,0.200691
309070ms,309070,186.396,0.200767
309102ms,309102,186.443,0.200579
309134ms,309134,186.469,0.200776
309166ms,309166,186.480,0.200506
309198ms,309198,186.239,0.200662
309230ms,309230,185.902,0.200323
309262ms,309262,185.112,0.200209
309294ms,309294,184.451,0.199478
309342ms,309342,183.954,0.198344
309374ms,309374,183.404,0.197864
309406ms,309406,182.943,0.197035
309470ms,309470,182.633,0.198022
309502ms,309502,182.468,0.197237
309534ms,309534,182.538,0.197358
309566ms,309566,182.336,0.197467
309598ms,309598,182.445,0.197095
309630ms,309630,182.540,0.195913
309662ms,309662,182.402,0.197031
309710ms,309710,182.707,0.196953
309742ms,309742,182.708,0.197683
309774ms,309774,182.792,0.196560
309806ms,309806,183.039,0.197201
309838ms,309838,183.211,0.197954
309870ms,309870,183.414,0.197601
309934ms,309934,184.166,0.197499
309966ms,309966,184.358,0.198432
309998ms,309998,184.661,0.198383
310030ms,310030,184.907,0.199439
310062ms,310062,185.236,0.199488
310110ms,310110,185.705,0.199581
310142ms,310142,185.907,0.200162
310174ms,310174,186.202,0.200722
310206ms,310206,186.428,0.200372
310238ms,310238,186.397,0.200987
310270ms,310270,186.366,0.200563
310302ms,310302,186.525,0.200545
310334ms,310334,186.539,0.200684
310366ms,310366,186.418,0.201033
310398ms,310398,186.408,0.200782
310430ms,310430,186.374,0.200519
310478ms,310478,186.485,0.200592
310510ms,310510,186.412,0.200757
310542ms,310542,186.367,0.200695
310574ms,310574,186.502,0.200453
310606ms,310606,186.642,0.200557
310638ms,310638,186.413,0.200858
310670ms,310670,186.371,0.200911
310702ms,310702,185.982,0.200573
310766ms,310766,184.771,0.200171
310798ms,310798,184.300,0.198931
310846ms,310846,183.624,0.198231
310878ms,310878,182.967,0.198207
310910ms,310910,182.927,0.197716
310942ms,310942,182.655,0.198417
310974ms,310974,182.253,0.197247
311006ms,311006,182.489,0.196598
311038ms,311038,182.344,0.198577
311070ms,311070,182.403,0.196715
311102ms,311102,182.581,0.196978
311134ms,311134,182.536,0.197450
311166ms,311166,182.614,0.197545
311198ms,311198,182.748,0.197864
311246ms,311246,182.647,0.197532
311278ms,311278,182.804,0.196779
311310ms,311310,183.060,0.198550
311342ms,311342,183.300,0.197811
311374ms,311374,183.794,0.197358
311406ms,311406,183.911,0.197874
311438ms,311438,184.164,0.197938
311470ms,311470,184.507,0.198278
311502ms,311502,184.634,0.198450
311534ms,311534,185.004,0.198965
311566ms,311566,185.329,0.199329
311614ms,311614,185.710,0.199590
311646ms,311646,186.017,0.200283
311678ms,311678,186.271,0.200646
311710ms,311710,186.449,0.200838
311742ms,311742,186.429,0.200944
311774ms,311774,186.299,0.200207
311806ms,311806,186.326,0.200512
311870ms,311870,186.444,0.200498
311902ms,311902,186.491,0.200683
311934ms,311934,186.445,0.200608
311966ms,311966,186.488,0.200455
312014ms,312014,186.490,0.200686
312046ms,312046,186.427,0.200700
312078ms,312078,186.514,0.200714
312110ms,312110,186.533,0.200895
312206ms,312206,185.711,0.199694
312238ms,312238,185.065,0.199749
312270ms,312270,184.425,0.198429
312302ms,312302,183.897,0.197657
312334ms,312334,183.323,0.197999
312382ms,312382,183.012,0.198216
312414ms,312414,182.758,0.198476
312446ms,312446,182.596,0.196956
312478ms,312478,182.561,0.197070
312510ms,312510,182.305,0.197194
312542ms,312542,182.316,0.196737
312574ms,312574,182.521,0.197621
312606ms,312606,182.501,0.197292
312638ms,312638,182.524,0.197239
312670ms,312670,182.844,0.197171
312702ms,312702,182.726,0.197253
312750ms,312750,182.738,0.197263
312782ms,312782,183.057,0.197094
312814ms,312814,183.280,0.197069
312846ms,312846,183.477,0.197379
312878ms,312878,183.797,0.197960
312910ms,312910,184.059,0.197744
312974ms,312974,184.670,0.198563
313006ms,313006,185.009,0.198788
313038ms,313038,185.305,0.199328
313070ms,313070,185.747,0.199978
313118ms,313118,185.864,0.200151
313150ms,313150,186.338,0.200807
313182ms,313182,186.456,0.200611
313214ms,313214,186.353,0.200933
313246ms,313246,186.445,0.200801
313278ms,313278,186.387,0.200659
313310ms,313310,186.466,0.200418
313342ms,313342,186.535,0.200733
313374ms,313374,186.474,0.200398
313406ms,313406,186.381,0.200378
313438ms,313438,186.467,0.200294
313470ms,313470,186.429,0.200328
313518ms,313518,186.448,0.200477
313550ms,313550,186.445,0.200629
313582ms,313582,186.498,0.200408
313614ms,313614,186.440,0.200789
313646ms,313646,186.334,0.200757
313678ms,313678,185.966,0.201020
313710ms,313710,185.414,0.200166
313742ms,313742,184.759,0.199760
313774ms,313774,184.146,0.198342
313806ms,313806,183.606,0.197785
313838ms,313838,183.082,0.198001
313886ms,313886,182.976,0.197790
313918ms,313918,182.696,0.198482
313950ms,313950,182.185,0.196593
313982ms,313982,182.613,0.196424
314014ms,314014,182.418,0.197374
314046ms,314046,182.497,0.197325
314078ms,314078,182.567,0.196532
314110ms,314110,182.460,0.196665
314142ms,314142,182.587,0.196824
314174ms,314174,182.717,0.197672
314206ms,314206,182.622,0.197140
314238ms,314238,182.859,0.196743
314286ms,314286,183.091,0.197387
314350ms,314350,183.530,0.197174
314414ms,314414,184.227,0.198065
314446ms,314446,184.416,0.198228
314478ms,314478,184.746,0.198875
314510ms,314510,185.108,0.198817
314542ms,314542,185.238,0.199267
314574ms,314574,185.693,0.199641
314606ms,314606,185.909,0.200072
314654ms,314654,186.331,0.201061
314686ms,314686,186.543,0.200512
314718ms,314718,186.491,0.200723
314750ms,314750,186.355,0.200437
314782ms,314782,186.358,0.200997
314814ms,314814,186.454,0.200501
314846ms,314846,186.435,0.200431
314878ms,314878,186.380,0.200383
314910ms,314910,186.469,0.200592
314942ms,314942,186.483,0.200417
314974ms,314974,186.432,0.200278
315022ms,315022,186.500,0.200206
315054ms,315054,186.446,0.200235
315086ms,315086,186.539,0.200736
315118ms,315118,186.547,0.200395
315150ms,315150,185.985,0.200807
315182ms,315182,185.642,0.200948
315214ms,315214,185.031,0.199761
315246ms,315246,184.378,0.198193
315278ms,315278,183.882,0.198000
315310ms,315310,183.295,0.198209
315342ms,315342,182.916,0.199032
315390ms,315390,182.690,0.198546
315422ms,315422,182.632,0.196707
315454ms,315454,182.518,0.196291
315486ms,315486,182.430,0.196977
315518ms,315518,182.357,0.197509
315550ms,315550,182.452,0.197267
315582ms,315582,182.457,0.196380
315614ms,315614,182.395,0.196663
315710ms,315710,182.810,0.197352
315742ms,315742,183.031,0.197798
315790ms,315790,183.134,0.197390
315822ms,315822,183.436,0.197737
315854ms,315854,183.786,0.198281
315886ms,315886,184.200,0.197938
315918ms,315918,184.476,0.197534
315950ms,315950,184.634,0.198672
315982ms,315982,184.936,0.199225
316014ms,316014,185.228,0.199464
316046ms,316046,185.666,0.199689
316078ms,316078,185.823,0.200711
316110ms,316110,186.093,0.200314
316158ms,316158,186.479,0.200519
316190ms,316190,186.381,0.200709
316222ms,316222,186.444,0.200887
316254ms,316254,186.461,0.200435
316286ms,316286,186.422,0.200618
316318ms,316318,186.396,0.200485
316350ms,316350,186.447,0.200486
316382ms,316382,186.392,0.200236
316414ms,316414,186.280,0.199984
316446ms,316446,186.401,0.200681
316478ms,316478,186.377,0.200556
316510ms,316510,186.545,0.200682
316558ms,316558,186.542,0.200486
316590ms,316590,186.560,0.200730
316622ms,316622,186.357,0.200739
316654ms,316654,185.899,0.200723
316686ms,316686,185.644,0.199875
316718ms,316718,184.801,0.199411
316750ms,316750,184.424,0.198545
316782ms,316782,183.840,0.198282
316814ms,316814,183.317,0.198036
316878ms,316878,182.904,0.197098
316926ms,316926,182.382,0.197402
316958ms,316958,182.628,0.197181
316990ms,316990,182.287,0.198206
317022ms,317022,182.396,0.197709
317054ms,317054,182.518,0.196962
317086ms,317086,182.499,0.196784
317118ms,317118,182.620,0.197823
317150ms,317150,182.545,0.196497
317182ms,317182,182.659,0.197047
317214ms,317214,182.811,0.197016
317246ms,317246,183.070,0.197678
317294ms,317294,183.291,0.197560
317326ms,317326,183.580,0.198124
317358ms,317358,183.804,0.198354
317390ms,317390,184.288,0.197971
317422ms,317422,184.411,0.198719
317454ms,317454,184.732,0.198740
317486ms,317486,185.057,0.199355
317518ms,317518,185.345,0.199377
317550ms,317550,185.757,0.199987
317582ms,317582,185.902,0.200316
317614ms,317614,186.229,0.200757
317646ms,317646,186.433,0.200546
317694ms,317694,186.354,0.200650
317758ms,317758,186.404,0.200502
317790ms,317790,186.400,0.200378
317822ms,317822,186.421,0.200499
317854ms,317854,186.519,0.200683
317918ms,317918,186.513,0.200507
317950ms,317950,186.442,0.200546
317982ms,317982,186.410,0.200723
318014ms,318014,186.448,0.200608
318062ms,318062,186.480,0.200844
318094ms,318094,186.419,0.200430
318126ms,318126,186.276,0.201025
318158ms,318158,185.699,0.200273
318190ms,318190,185.232,0.199837
318222ms,318222,184.615,0.199618
318254ms,318254,184.176,0.198599
318286ms,318286,183.714,0.198335
318318ms,318318,183.249,0.197599
318350ms,318350,182.919,0.197249
318382ms,318382,182.767,0.198134
318430ms,318430,182.298,0.196174
318462ms,318462,182.545,0.196359
318494ms,318494,182.520,0.197546
318526ms,318526,182.332,0.197443
318558ms,318558,182.432,0.196737
318590ms,318590,182.353,0.197670
318622ms,318622,182.615,0.196443
318654ms,318654,182.612,0.197699
318686ms,318686,182.703,0.196916
318718ms,318718,182.860,0.197190
318750ms,318750,183.083,0.197818
318782ms,318782,183.443,0.197454
318830ms,318830,183.537,0.197247
318862ms,318862,184.002,0.198128
318894ms,318894,184.297,0.197921
318926ms,318926,184.527,0.198381
318958ms,318958,184.859,0.199015
318990ms,318990,185.176,0.199347
319022ms,319022,185.459,0.199155
319054ms,319054,185.809,0.199730
319086ms,319086,186.050,0.200270
319118ms,319118,186.364,0.200530
319150ms,319150,186.489,0.200686
319230ms,319230,186.312,0.200360
319262ms,319262,186.335,0.200498
319294ms,319294,186.392,0.200420
319326ms,319326,186.449,0.200485
319390ms,319390,186.470,0.200477
319422ms,319422,186.459,0.200692
319454ms,319454,186.431,0.200545
319486ms,319486,186.445,0.200666
319518ms,319518,186.471,0.200462
319566ms,319566,186.520,0.200440
319598ms,319598,186.498,0.200728
319662ms,319662,185.864,0.200669
319694ms,319694,185.403,0.200013
319726ms,319726,184.755,0.199625
319758ms,319758,184.260,0.198373
319790ms,319790,183.727,0.198663
319822ms,319822,183.171,0.198451
319854ms,319854,182.832,0.197487
319886ms,319886,182.701,0.198130
319918ms,319918,182.235,0.196661
319966ms,319966,182.584,0.196683
319998ms,319998,182.236,0.197019
320030ms,320030,182.416,0.196864
320062ms,320062,182.506,0.196653
320094ms,320094,182.551,0.197164
320126ms,320126,182.602,0.197728
320158ms,320158,182.752,0.197104
320190ms,320190,182.636,0.198019
320222ms,320222,182.847,0.197045
320254ms,320254,183.076,0.197564
320286ms,320286,183.352,0.197321
320334ms,320334,183.537,0.197629
320366ms,320366,183.920,0.197735
320398ms,320398,184.169,0.197851
320430ms,320430,184.425,0.199060
320462ms,320462,184.711,0.198979
320494ms,320494,185.026,0.199099
320526ms,320526,185.270,0.199325
320558ms,320558,185.700,0.199531
320590ms,320590,185.826,0.199834
320622ms,320622,186.361,0.200648
320654ms,320654,186.523,0.200596
320702ms,320702,186.552,0.201244
320734ms,320734,186.529,0.200629
320766ms,320766,186.478,0.200146
320798ms,320798,186.473,0.200454
320830ms,320830,186.426,0.200249
320862ms,320862,186.397,0.200470
320926ms,320926,186.340,0.200287
320958ms,320958,186.434,0.200361
320990ms,320990,186.421,0.200672
321022ms,321022,186.556,0.200402
321054ms,321054,186.527,0.200322
321102ms,321102,186.407,0.200568
321134ms,321134,186.423,0.200591
321166ms,321166,185.831,0.200865
321198ms,321198,185.528,0.199620
321230ms,321230,184.819,0.199768
321262ms,321262,184.248,0.199017
321294ms,321294,183.699,0.197719
321326ms,321326,183.236,0.198395
321358ms,321358,182.983,0.198027
321390ms,321390,182.548,0.198284
321422ms,321422,182.238,0.196222
321470ms,321470,182.589,0.196312
321502ms,321502,182.211,0.197587
321534ms,321534,182.458,0.197241
321566ms,321566,182.483,0.197062
321598ms,321598,182.588,0.196467
321630ms,321630,182.404,0.197017
321662ms,321662,182.695,0.196450
321694ms,321694,182.652,0.197368
321726ms,321726,182.800,0.197833
321758ms,321758,182.845,0.197594
321790ms,321790,183.268,0.197073
321838ms,321838,183.548,0.197405
321870ms,321870,183.966,0.197867
321902ms,321902,184.199,0.197406
321934ms,321934,184.418,0.198088
321966ms,321966,184.674,0.199072
321998ms,321998,185.036,0.199187
322030ms,322030,185.196,0.199399
322062ms,322062,185.628,0.200025
322126ms,322126,186.212,0.200695
322158ms,322158,186.356,0.200735
322190ms,322190,186.374,0.200879
322238ms,322238,186.382,0.200314
322270ms,322270,186.395,0.200456
322302ms,322302,186.422,0.200391
322334ms,322334,186.472,0.200428
322366ms,322366,186.401,0.200311
322398ms,322398,186.423,0.200488
322430ms,322430,186.441,0.200887
322462ms,322462,186.503,0.200610
322494ms,322494,186.406,0.200434
322526ms,322526,186.399,0.200276
322558ms,322558,186.517,0.200552
322606ms,322606,186.588,0.200471
322638ms,322638,186.437,0.200789
322670ms,322670,185.914,0.201418
322734ms,322734,184.812,0.199966
322766ms,322766,184.261,0.197873
322798ms,322798,183.714,0.198167
322830ms,322830,183.068,0.197874
322862ms,322862,182.793,0.197501
322894ms,322894,182.699,0.198515
322926ms,322926,182.382,0.197239
323006ms,323006,182.387,0.197978
323038ms,323038,182.310,0.196981
323070ms,323070,182.479,0.196734
323102ms,323102,182.503,0.197336
323134ms,323134,182.530,0.198081
323166ms,323166,182.717,0.196944
323198ms,323198,182.599,0.197339
323230ms,323230,182.905,0.197197
323262ms,323262,183.186,0.197901
323294ms,323294,183.290,0.197486
323326ms,323326,183.559,0.197803
323374ms,323374,183.876,0.197523
323406ms,323406,184.208,0.197424
323438ms,323438,184.582,0.198190
323470ms,323470,184.638,0.198349
323502ms,323502,185.023,0.198908
323534ms,323534,185.358,0.199357
323566ms,323566,185.645,0.199728
323598ms,323598,185.894,0.200424
323630ms,323630,186.233,0.200914
323662ms,323662,186.453,0.200593
323694ms,323694,186.458,0.200370
323742ms,323742,186.416,0.200166
323774ms,323774,186.466,0.200393
323806ms,323806,186.491,0.200714
323838ms,323838,186.557,0.200774
323870ms,323870,186.471,0.200381
323902ms,323902,186.386,0.200562
323934ms,323934,186.266,0.200117
323966ms,323966,186.443,0.200179
323998ms,323998,186.461,0.200338
324030ms,324030,186.467,0.200646
324062ms,324062,186.469,0.201056
324110ms,324110,186.364,0.201278
324142ms,324142,186.313,0.200733
324174ms,324174,185.987,0.200631
324206ms,324206,185.470,0.199748
324238ms,324238,184.663,0.199729
324270ms,324270,184.089,0.198162
324302ms,324302,183.678,0.197725
324334ms,324334,183.067,0.197458
324366ms,324366,182.957,0.197312
324398ms,324398,182.786,0.198275
324430ms,324430,182.173,0.196938
324462ms,324462,182.632,0.197067
324510ms,324510,182.385,0.197586
324542ms,324542,182.497,0.197506
324574ms,324574,182.684,0.197143
324606ms,324606,182.499,0.197364
324638ms,324638,182.577,0.197009
324670ms,324670,182.736,0.196976
324702ms,324702,182.687,0.196795
324734ms,324734,182.795,0.197220
324766ms,324766,182.972,0.197948
324798ms,324798,183.251,0.197481
324830ms,324830,183.487,0.197700
324862ms,324862,183.734,0.198217
324910ms,324910,184.241,0.197467
324942ms,324942,184.349,0.198745
324974ms,324974,184.705,0.198896
325006ms,325006,185.028,0.199217
325038ms,325038,185.323,0.199554
325102ms,325102,185.932,0.200224
325166ms,325166,186.473,0.200464
325198ms,325198,186.531,0.200562
325246ms,325246,186.376,0.200843
325278ms,325278,186.400,0.200322
325310ms,325310,186.544,0.200766
325342ms,325342,186.338,0.200220
325374ms,325374,186.384,0.200606
325406ms,325406,186.435,0.200610
325438ms,325438,186.444,0.201034
325470ms,325470,186.474,0.200549
325502ms,325502,186.520,0.200596
325534ms,325534,186.543,0.200354
325566ms,325566,186.525,0.200745
325598ms,325598,186.502,0.200868
325646ms,325646,186.252,0.200482
325678ms,325678,185.789,0.200474
325710ms,325710,185.318,0.200260
325742ms,325742,184.507,0.199984
325774ms,325774,183.888,0.198229
325806ms,325806,183.595,0.198110
325838ms,325838,183.246,0.197506
325870ms,325870,182.821,0.197207
325902ms,325902,182.695,0.200396
325934ms,325934,182.451,0.198124
325966ms,325966,182.413,0.197445
326014ms,326014,182.340,0.196500
326046ms,326046,182.586,0.197359
326078ms,326078,182.486,0.197393
326110ms,326110,182.426,0.196987
326142ms,326142,182.680,0.196874
326174ms,326174,182.729,0.197898
326206ms,326206,182.868,0.196396
326238ms,326238,182.842,0.196974
326270ms,326270,183.133,0.197029
326302ms,326302,183.471,0.197886
326334ms,326334,183.715,0.197410
326366ms,326366,184.038,0.197844
326414ms,326414,184.269,0.197764
326446ms,326446,184.582,0.198389
326478ms,326478,184.823,0.198927
326510ms,326510,185.190,0.199164
326574ms,326574,185.696,0.200149
326606ms,326606,186.086,0.200390
326638ms,326638,186.317,0.200529
326670ms,326670,186.548,0.200739
326702ms,326702,186.379,0.200633
326734ms,326734,186.379,0.200295
326782ms,326782,186.465,0.200883
326814ms,326814,186.508,0.200617
326846ms,326846,186.561,0.200926
326878ms,326878,186.464,0.200619
326910ms,326910,186.425,0.200389
326942ms,326942,186.384,0.200743
326974ms,326974,186.521,0.201009
327006ms,327006,186.513,0.200929
327038ms,327038,186.548,0.200792
327070ms,327070,186.555,0.200986
327102ms,327102,186.487,0.200868
327150ms,327150,186.255,0.200779
327182ms,327182,185.866,0.200215
327214ms,327214,185.164,0.199955
327246ms,327246,184.491,0.199099
327278ms,327278,184.021,0.198195
327310ms,327310,183.471,0.197904
327342ms,327342,183.112,0.197866
327374ms,327374,182.947,0.198390
327406ms,327406,182.695,0.198408
327438ms,327438,182.455,0.197979
327470ms,327470,182.465,0.196940
327502ms,327502,182.410,0.197347
327550ms,327550,182.512,0.196934
327582ms,327582,182.458,0.197003
327614ms,327614,182.320,0.196905
327646ms,327646,182.488,0.196631
327678ms,327678,182.595,0.197880
327710ms,327710,182.837,0.196388
327742ms,327742,183.066,0.197427
327774ms,327774,183.258,0.197190
327806ms,327806,183.397,0.197084
327838ms,327838,183.896,0.197476
327870ms,327870,184.109,0.197929
327950ms,327950,184.674,0.198404
327982ms,327982,184.896,0.198917
328014ms,328014,185.292,0.199805
328046ms,328046,185.616,0.199642
328078ms,328078,185.828,0.199888
328110ms,328110,186.089,0.200861
328142ms,328142,186.444,0.200751
328174ms,328174,186.422,0.200861
328206ms,328206,186.440,0.201016
328238ms,328238,186.366,0.200618
328286ms,328286,186.277,0.200818
328318ms,328318,186.437,0.200611
328350ms,328350,186.400,0.200595
328382ms,328382,186.366,0.200664
328414ms,328414,186.424,0.200548
328446ms,328446,186.485,0.200571
328478ms,328478,186.523,0.200961
328510ms,328510,186.546,0.200661
328542ms,328542,186.526,0.200952
328574ms,328574,186.523,0.200504
328606ms,328606,186.394,0.200848
328638ms,328638,186.018,0.200521
328686ms,328686,185.594,0.199871
328718ms,328718,184.849,0.199399
328750ms,328750,184.392,0.198529
328782ms,328782,183.936,0.198173
328846ms,328846,182.794,0.197878
328878ms,328878,182.970,0.198366
328910ms,328910,182.448,0.196432
328942ms,328942,182.560,0.196546
328974ms,328974,182.448,0.197398
329006ms,329006,182.296,0.195724
329054ms,329054,182.558,0.196996
329086ms,329086,182.568,0.196353
329118ms,329118,182.555,0.196913
329150ms,329150,182.639,0.196999
329182ms,329182,182.811,0.197064
329214ms,329214,182.714,0.197324
329246ms,329246,182.928,0.197509
329278ms,329278,183.169,0.196801
329310ms,329310,183.548,0.197633
329342ms,329342,183.869,0.198026
329374ms,329374,184.163,0.198572
329422ms,329422,184.541,0.198661
329454ms,329454,184.716,0.199017
329486ms,329486,184.949,0.199027
329518ms,329518,185.393,0.199309
329550ms,329550,185.875,0.199760
329582ms,329582,185.874,0.200662
329614ms,329614,186.155,0.200650
329646ms,329646,186.510,0.201000
329678ms,329678,186.348,0.200730
329710ms,329710,186.426,0.200592
329742ms,329742,186.362,0.200795
329774ms,329774,186.394,0.200930
329822ms,329822,186.470,0.200887
329854ms,329854,186.506,0.200775
329886ms,329886,186.484,0.200749
329918ms,329918,186.382,0.200820
329950ms,329950,186.501,0.200542
329982ms,329982,186.374,0.200664
330014ms,330014,186.497,0.200713
330046ms,330046,186.522,0.201080
330110ms,330110,186.232,0.200706
330142ms,330142,185.745,0.200407
330190ms,330190,185.181,0.200227
330222ms,330222,184.547,0.199264
330254ms,330254,184.032,0.198206
330318ms,330318,183.137,0.197339
330350ms,330350,182.765,0.197419
330382ms,330382,182.673,0.198521
330414ms,330414,182.460,0.197527
330446ms,330446,182.545,0.197056
330478ms,330478,182.458,0.198219
330510ms,330510,182.356,0.196855
330558ms,330558,182.503,0.196805
330590ms,330590,182.482,0.197455
330622ms,330622,182.494,0.196746
330654ms,330654,182.776,0.196972
330686ms,330686,182.785,0.196265
330718ms,330718,182.822,0.197119
330750ms,330750,183.228,0.198362
330782ms,330782,183.326,0.197507
330814ms,330814,183.735,0.197239
330846ms,330846,183.953,0.197345
330878ms,330878,184.251,0.197538
330910ms,330910,184.588,0.198357
330958ms,330958,184.809,0.198933
330990ms,330990,185.158,0.199214
331054ms,331054,185.774,0.200315
331086ms,331086,186.028,0.200592
331118ms,331118,186.429,0.200452
331150ms,331150,186.618,0.200571
331182ms,331182,186.435,0.200817
331214ms,331214,186.393,0.200591
331246ms,331246,186.365,0.200684
331278ms,331278,186.412,0.200711
331326ms,331326,186.425,0.200260
331358ms,331358,186.432,0.200755
331390ms,331390,186.537,0.200452
331422ms,331422,186.428,0.200616
331454ms,331454,186.424,0.200672
331486ms,331486,186.451,0.200829
331518ms,331518,186.513,0.201323
331550ms,331550,186.651,0.200719
331582ms,331582,186.447,0.200843
331614ms,331614,186.238,0.200655
331646ms,331646,185.712,0.200603
331694ms,331694,185.074,0.200233
331726ms,331726,184.388,0.198840
331758ms,331758,184.001,0.198494
331790ms,331790,183.446,0.197663
331822ms,331822,183.174,0.197319
331854ms,331854,183.030,0.197871
331886ms,331886,182.801,0.198934
331918ms,331918,182.497,0.196832
331950ms,331950,182.563,0.197693
331982ms,331982,182.269,0.197332
332014ms,332014,182.502,0.197151
332046ms,332046,182.647,0.197280
332094ms,332094,182.398,0.197991
332126ms,332126,182.663,0.197294
332158ms,332158,182.698,0.196874
332190ms,332190,182.856,0.196825
332222ms,332222,182.925,0.197029
332254ms,332254,183.119,0.198376
332286ms,332286,183.433,0.197809
332318ms,332318,183.715,0.197870
332350ms,332350,183.939,0.197786
332382ms,332382,184.303,0.198127
332414ms,332414,184.627,0.198440
332446ms,332446,184.859,0.199153
332494ms,332494,185.272,0.199167
332526ms,332526,185.469,0.199136
332590ms,332590,185.997,0.200383
332622ms,332622,186.428,0.200517
332654ms,332654,186.474,0.200603
332686ms,332686,186.389,0.201428
332718ms,332718,186.269,0.200552
332750ms,332750,186.377,0.200807
332782ms,332782,186.364,0.200249
332814ms,332814,186.344,0.200703
332862ms,332862,186.401,0.200537
332894ms,332894,186.334,0.200372
332926ms,332926,186.477,0.200670
332958ms,332958,186.411,0.200684
332990ms,332990,186.339,0.200506
333022ms,333022,186.431,0.200342
333054ms,333054,186.517,0.200388
333086ms,333086,186.430,0.201113
333118ms,333118,186.096,0.200887
333150ms,333150,185.768,0.200956
333182ms,333182,184.943,0.199530
333230ms,333230,184.352,0.198273
333262ms,333262,183.741,0.197909
333294ms,333294,183.127,0.198276
333326ms,333326,182.917,0.197635
333358ms,333358,182.868,0.197979
333390ms,333390,182.392,0.196892
333422ms,333422,182.501,0.196168
333454ms,333454,182.239,0.197276
333486ms,333486,182.299,0.197503
333518ms,333518,182.546,0.196881
333550ms,333550,182.472,0.196778
333598ms,333598,182.549,0.197260
333630ms,333630,182.595,0.197923
333662ms,333662,182.699,0.197760
333694ms,333694,182.853,0.197218
333726ms,333726,183.040,0.197695
333758ms,333758,183.181,0.197153
333790ms,333790,183.590,0.197537
333822ms,333822,183.923,0.197629
333854ms,333854,184.163,0.197706
333886ms,333886,184.451,0.198064
333918ms,333918,184.745,0.198508
333950ms,333950,185.040,0.199032
333998ms,333998,185.216,0.199349
334030ms,334030,185.722,0.199617
334062ms,334062,185.971,0.200423
334126ms,334126,186.511,0.200707
334158ms,334158,186.401,0.200887
334190ms,334190,186.456,0.200689
334190ms,334190,186.456,0.200689
334222ms,334222,186.420,0.200621
334222ms,334222,186.420,0.200621
334254ms,334254,186.351,0.200346
334286ms,334286,186.289,0.200202
334318ms,334318,186.489,0.200471
334366ms,334366,186.340,0.200721
334398ms,334398,186.447,0.200499
334430ms,334430,186.330,0.200347
334462ms,334462,186.297,0.200267
334494ms,334494,186.437,0.200801
334526ms,334526,186.501,0.200469
334558ms,334558,186.557,0.200460
334590ms,334590,186.551,0.200936
334622ms,334622,185.897,0.200822
334654ms,334654,185.662,0.200828
334686ms,334686,184.968,0.200216
334734ms,334734,184.636,0.198188
334766ms,334766,183.885,0.198358
334798ms,334798,183.218,0.198654
334830ms,334830,182.900,0.197897
334862ms,334862,182.745,0.198272
334894ms,334894,182.570,0.196683
334926ms,334926,182.620,0.197411
334958ms,334958,182.383,0.197043
335022ms,335022,182.454,0.196897
335054ms,335054,182.559,0.196174
335086ms,335086,182.551,0.196640
335134ms,335134,182.735,0.197147
335198ms,335198,182.729,0.197952
335230ms,335230,182.898,0.197652
335262ms,335262,183.102,0.197141
335294ms,335294,183.580,0.197414
335326ms,335326,183.845,0.197369
335358ms,335358,184.125,0.197807
335390ms,335390,184.471,0.198130
335422ms,335422,184.721,0.198455
335454ms,335454,184.887,0.199577
335502ms,335502,185.364,0.199793
335534ms,335534,185.750,0.199718
335566ms,335566,185.691,0.199978
335598ms,335598,186.076,0.200359
335630ms,335630,186.524,0.200471
335662ms,335662,186.342,0.200765
335694ms,335694,186.435,0.200730
335726ms,335726,186.487,0.200670
335758ms,335758,186.429,0.200685
335790ms,335790,186.401,0.200171
335822ms,335822,186.519,0.200632
335870ms,335870,186.367,0.200387
335902ms,335902,186.301,0.200666
335934ms,335934,186.348,0.200498
335966ms,335966,186.436,0.200774
335998ms,335998,186.405,0.200667
336030ms,336030,186.491,0.200508
336062ms,336062,186.492,0.200776
336094ms,336094,186.496,0.200536
336126ms,336126,185.921,0.201099
336158ms,336158,185.595,0.200169
336190ms,336190,184.754,0.199461
336222ms,336222,184.416,0.198641
336270ms,336270,183.853,0.198997
336302ms,336302,183.134,0.197864
336334ms,336334,182.773,0.197774
336366ms,336366,182.948,0.198814
336430ms,336430,182.632,0.196901
336494ms,336494,182.420,0.197296
336526ms,336526,182.492,0.197047
336558ms,336558,182.479,0.196171
336590ms,336590,182.485,0.196669
336638ms,336638,182.744,0.196247
336670ms,336670,182.802,0.198048
336702ms,336702,182.925,0.197577
336734ms,336734,182.824,0.196712
336766ms,336766,183.262,0.196978
336798ms,336798,183.557,0.197264
336830ms,336830,183.883,0.197422
336862ms,336862,184.112,0.197861
336894ms,336894,184.480,0.198174
336926ms,336926,184.609,0.198417
336958ms,336958,184.812,0.198831
337006ms,337006,185.136,0.199486
337038ms,337038,185.582,0.199705
337070ms,337070,185.722,0.200087
337102ms,337102,186.174,0.200955
337134ms,337134,186.439,0.200317
337166ms,337166,186.317,0.200734
337198ms,337198,186.420,0.200597
337230ms,337230,186.240,0.200321
337262ms,337262,186.367,0.200736
337294ms,337294,186.350,0.200726
337326ms,337326,186.336,0.200594
337358ms,337358,186.363,0.200627
337406ms,337406,186.416,0.200395
337438ms,337438,186.278,0.200685
337502ms,337502,186.393,0.200424
337534ms,337534,186.395,0.200045
337598ms,337598,186.497,0.200819
337630ms,337630,186.167,0.200970
337662ms,337662,185.766,0.200636
337694ms,337694,185.058,0.199759
337726ms,337726,184.455,0.198660
337774ms,337774,183.891,0.198489
337806ms,337806,183.338,0.198489
337838ms,337838,182.944,0.198037
337870ms,337870,182.769,0.197909
337902ms,337902,182.732,0.196607
337934ms,337934,182.401,0.196975
337966ms,337966,182.351,0.197241
337998ms,337998,182.558,0.197395
338030ms,338030,182.534,0.197529
338062ms,338062,182.562,0.196054
338094ms,338094,182.386,0.197649
338142ms,338142,182.601,0.196829
338174ms,338174,182.714,0.197761
338206ms,338206,182.792,0.196698
338238ms,338238,183.018,0.197364
338270ms,338270,183.191,0.197569
338302ms,338302,183.515,0.197455
338334ms,338334,183.744,0.197693
338366ms,338366,184.083,0.197462
338398ms,338398,184.415,0.198131
338430ms,338430,184.733,0.198571
338462ms,338462,184.798,0.198901
338494ms,338494,185.244,0.199850
338542ms,338542,185.692,0.199795
338574ms,338574,185.809,0.200052
338606ms,338606,186.221,0.200699
338638ms,338638,186.411,0.200653
338670ms,338670,186.432,0.200690
338702ms,338702,186.311,0.200822
338734ms,338734,186.493,0.200695
338766ms,338766,186.345,0.200165
338798ms,338798,186.402,0.200817
338830ms,338830,186.299,0.200314
338862ms,338862,186.373,0.200235
338894ms,338894,186.364,0.200586
338942ms,338942,186.325,0.200375
338974ms,338974,186.364,0.200588
339006ms,339006,186.278,0.200311
339038ms,339038,186.533,0.200557
339070ms,339070,186.514,0.200527
339102ms,339102,186.339,0.200518
339134ms,339134,185.940,0.201313
339166ms,339166,185.513,0.200235
339198ms,339198,184.774,0.199258
339230ms,339230,184.054,0.198402
339262ms,339262,183.735,0.198907
339310ms,339310,183.071,0.197557
339342ms,339342,182.891,0.197653
339374ms,339374,182.673,0.199292
339406ms,339406,182.286,0.196750
339438ms,339438,182.529,0.196059
339470ms,339470,182.282,0.196971
339534ms,339534,182.562,0.197025
339566ms,339566,182.509,0.197024
339598ms,339598,182.412,0.197418
339630ms,339630,182.713,0.196875
339678ms,339678,182.675,0.198494
339710ms,339710,182.983,0.197414
339742ms,339742,182.940,0.196911
339774ms,339774,183.326,0.197540
339806ms,339806,183.517,0.197495
339838ms,339838,183.838,0.197931
339870ms,339870,184.243,0.197678
339902ms,339902,184.463,0.198380
339934ms,339934,184.778,0.198704
339966ms,339966,185.077,0.198855
339998ms,339998,185.451,0.199873
340046ms,340046,185.732,0.199950
340078ms,340078,185.888,0.200467
340110ms,340110,186.362,0.200568
340142ms,340142,186.451,0.200631
340174ms,340174,186.352,0.200386
340206ms,340206,186.426,0.200494
340238ms,340238,186.412,0.200691
340270ms,340270,186.323,0.200466
340302ms,340302,186.289,0.200477
340334ms,340334,186.307,0.200584
340414ms,340414,186.366,0.200290
340446ms,340446,186.173,0.200368
340478ms,340478,186.294,0.200276
340510ms,340510,186.326,0.200179
340542ms,340542,186.549,0.200836
340574ms,340574,186.498,0.200740
340606ms,340606,186.356,0.200774
340638ms,340638,185.756,0.200846
340670ms,340670,185.304,0.199848
340702ms,340702,184.760,0.199711
340734ms,340734,184.171,0.198550
340766ms,340766,183.814,0.198318
340846ms,340846,183.044,0.198187
340878ms,340878,182.830,0.199752
340910ms,340910,182.282,0.196844
340942ms,340942,182.561,0.196517
340974ms,340974,182.297,0.196429
341006ms,341006,182.459,0.197178
341038ms,341038,182.535,0.197437
341070ms,341070,182.571,0.196646
341102ms,341102,182.556,0.197377
341134ms,341134,182.673,0.196780
341182ms,341182,182.638,0.198246
341214ms,341214,182.896,0.196191
341246ms,341246,182.981,0.197725
341278ms,341278,183.358,0.197041
341310ms,341310,183.518,0.198021
341342ms,341342,183.829,0.197502
341374ms,341374,184.321,0.197598
341406ms,341406,184.555,0.199001
341438ms,341438,184.837,0.199055
341470ms,341470,185.058,0.199392
341502ms,341502,185.563,0.199645
341534ms,341534,185.600,0.199899
341582ms,341582,186.033,0.200542
341614ms,341614,186.387,0.200320
341646ms,341646,186.542,0.200990
341678ms,341678,186.315,0.200852
341710ms,341710,186.402,0.200628
341742ms,341742,186.301,0.200341
341774ms,341774,186.272,0.200227
341806ms,341806,186.443,0.200456
341838ms,341838,186.436,0.200814
341870ms,341870,186.347,0.200507
341902ms,341902,186.389,0.200667
341950ms,341950,186.387,0.200635
341982ms,341982,186.506,0.200492
342014ms,342014,186.533,0.200615
342046ms,342046,186.573,0.201130
342078ms,342078,186.582,0.200833
342110ms,342110,185.930,0.201010
342142ms,342142,185.724,0.200138
342174ms,342174,185.002,0.199703
342206ms,342206,184.468,0.198545
342238ms,342238,184.017,0.198391
342270ms,342270,183.396,0.198685
342302ms,342302,183.007,0.197274
342350ms,342350,182.871,0.197965
342382ms,342382,182.606,0.196777
342446ms,342446,182.414,0.197016
342478ms,342478,182.388,0.196783
342510ms,342510,182.553,0.197231
342542ms,342542,182.360,0.196820
342606ms,342606,182.693,0.196636
342638ms,342638,182.868,0.196922
342670ms,342670,182.848,0.196364
342718ms,342718,182.861,0.197124
342750ms,342750,183.075,0.197227
342782ms,342782,183.493,0.197676
342814ms,342814,183.738,0.197629
342846ms,342846,184.014,0.197614
342878ms,342878,184.426,0.198212
342910ms,342910,184.644,0.198575
342942ms,342942,184.857,0.199196
342974ms,342974,185.265,0.199522
343006ms,343006,185.658,0.200376
343038ms,343038,185.667,0.200794
343086ms,343086,186.146,0.200353
343118ms,343118,186.438,0.201032
343150ms,343150,186.653,0.200955
343182ms,343182,186.657,0.200520
343214ms,343214,186.547,0.200695
343246ms,343246,186.637,0.200420
343278ms,343278,186.602,0.200809
343310ms,343310,186.539,0.200613
343342ms,343342,186.502,0.200497
343374ms,343374,186.532,0.200432
343454ms,343454,186.473,0.200356
343486ms,343486,186.555,0.200170
343518ms,343518,186.610,0.200598
343550ms,343550,186.635,0.200701
343582ms,343582,186.522,0.200742
343614ms,343614,186.036,0.201071
343646ms,343646,185.579,0.200785
343678ms,343678,184.890,0.199241
343710ms,343710,184.488,0.198679
343742ms,343742,183.927,0.198281
343774ms,343774,183.262,0.197929
343822ms,343822,183.013,0.197498
343854ms,343854,182.753,0.198178
343886ms,343886,182.571,0.196349
343918ms,343918,182.670,0.197048
343950ms,343950,182.385,0.197784
343982ms,343982,182.367,0.197249
344014ms,344014,182.537,0.196374
344046ms,344046,182.479,0.197547
344078ms,344078,182.592,0.196957
344110ms,344110,182.779,0.196913
344142ms,344142,182.617,0.197923
344174ms,344174,182.789,0.197672
344222ms,344222,182.934,0.197179
344254ms,344254,183.266,0.198268
344286ms,344286,183.482,0.198002
344318ms,344318,183.911,0.197770
344350ms,344350,184.194,0.197728
344382ms,344382,184.427,0.198745
344414ms,344414,184.596,0.198732
344446ms,344446,185.041,0.199580
344478ms,344478,185.205,0.199568
344510ms,344510,185.533,0.200453
344542ms,344542,186.038,0.200812
344590ms,344590,186.249,0.200611
344622ms,344622,186.578,0.200819
344654ms,344654,186.447,0.201189
344686ms,344686,186.457,0.201016
344718ms,344718,186.425,0.200820
344750ms,344750,186.516,0.200673
344782ms,344782,186.492,0.200313
344814ms,344814,186.368,0.200310
344878ms,344878,186.356,0.200520
344910ms,344910,186.380,0.200315
344942ms,344942,186.417,0.200575
344990ms,344990,186.411,0.200301
345022ms,345022,186.520,0.200530
345054ms,345054,186.509,0.200398
345086ms,345086,186.480,0.200735
345118ms,345118,185.870,0.200758
345150ms,345150,185.485,0.200251
345182ms,345182,184.652,0.199921
345214ms,345214,184.402,0.198500
345246ms,345246,183.613,0.198654
345278ms,345278,183.164,0.198085
345310ms,345310,182.891,0.197645
345358ms,345358,182.877,0.197797
345390ms,345390,182.336,0.197337
345422ms,345422,182.620,0.196994
345454ms,345454,182.519,0.197864
345486ms,345486,182.363,0.196404
345518ms,345518,182.635,0.197042
345550ms,345550,182.490,0.197509
345582ms,345582,182.595,0.197133
345614ms,345614,182.822,0.196423
345646ms,345646,182.788,0.198478
345678ms,345678,182.984,0.196735
345726ms,345726,183.197,0.197208
345758ms,345758,183.171,0.197496
345790ms,345790,183.504,0.197719
345822ms,345822,183.766,0.197842
345854ms,345854,184.235,0.197760
345886ms,345886,184.397,0.198748
345918ms,345918,184.763,0.198833
345950ms,345950,185.053,0.198765
345982ms,345982,185.492,0.199117
346014ms,346014,185.586,0.200238
346046ms,346046,186.000,0.200136
346078ms,346078,186.354,0.200758
346126ms,346126,186.364,0.200810
346158ms,346158,186.489,0.200891
346190ms,346190,186.264,0.200465
346222ms,346222,186.343,0.201346
346254ms,346254,186.273,0.200569
346286ms,346286,186.304,0.200565
346318ms,346318,186.362,0.201204
346350ms,346350,186.422,0.200658
346382ms,346382,186.558,0.200428
346414ms,346414,186.298,0.200917
346526ms,346526,186.567,0.200862
346558ms,346558,186.441,0.201060
346590ms,346590,186.303,0.200704
346622ms,346622,185.690,0.200153
346654ms,346654,185.382,0.199723
346686ms,346686,184.518,0.199758
346718ms,346718,184.049,0.198735
346750ms,346750,183.578,0.198187
346782ms,346782,183.095,0.198562
346814ms,346814,182.958,0.197125
346862ms,346862,182.696,0.196762
346894ms,346894,182.311,0.196498
346926ms,346926,182.662,0.196015
346990ms,346990,182.527,0.197481
347022ms,347022,182.515,0.197283
347054ms,347054,182.386,0.197604
347086ms,347086,182.586,0.197653
347118ms,347118,182.723,0.196841
347150ms,347150,182.729,0.196805
347182ms,347182,182.950,0.197400
347214ms,347214,183.131,0.196870
347262ms,347262,183.513,0.198198
347294ms,347294,183.614,0.197968
347326ms,347326,184.089,0.197819
347358ms,347358,184.349,0.198276
347390ms,347390,184.417,0.198226
347422ms,347422,184.817,0.198753
347454ms,347454,185.118,0.199440
347486ms,347486,185.436,0.199332
347518ms,347518,185.781,0.199622
347550ms,347550,186.024,0.200643
347582ms,347582,186.300,0.200829
347630ms,347630,186.387,0.200591
347662ms,347662,186.424,0.200824
347694ms,347694,186.473,0.200549
347726ms,347726,186.502,0.200717
347758ms,347758,186.340,0.200531
347790ms,347790,186.484,0.200378
347822ms,347822,186.474,0.200372
347854ms,347854,186.368,0.200649
347886ms,347886,186.410,0.200757
347918ms,347918,186.471,0.200664
347950ms,347950,186.285,0.200093
347998ms,347998,186.471,0.200722
348030ms,348030,186.534,0.200954
348062ms,348062,186.570,0.200843
348094ms,348094,186.273,0.200639
348126ms,348126,185.881,0.200391
348158ms,348158,185.230,0.200409
348190ms,348190,184.721,0.199286
348222ms,348222,184.140,0.198077
348254ms,348254,183.534,0.197900
348286ms,348286,183.182,0.197531
348318ms,348318,182.852,0.197960
348350ms,348350,182.695,0.198896
348430ms,348430,182.447,0.197382
348462ms,348462,182.242,0.197207
348494ms,348494,182.436,0.197152
348526ms,348526,182.597,0.196815
348558ms,348558,182.504,0.196793
348590ms,348590,182.428,0.196889
348622ms,348622,182.756,0.196758
348654ms,348654,182.771,0.197797
348686ms,348686,182.808,0.196190
348718ms,348718,183.120,0.197485
348766ms,348766,183.352,0.197555
348798ms,348798,183.593,0.197419
348830ms,348830,183.974,0.197773
348862ms,348862,184.321,0.197903
348894ms,348894,184.490,0.198458
348926ms,348926,184.747,0.198930
348958ms,348958,184.971,0.198449
348990ms,348990,185.520,0.199414
349022ms,349022,185.715,0.199643
349054ms,349054,185.979,0.200555
349086ms,349086,186.434,0.200571
349134ms,349134,186.512,0.200505
349166ms,349166,186.381,0.200526
349198ms,349198,186.367,0.200552
349230ms,349230,186.348,0.200721
349262ms,349262,186.359,0.200648
349294ms,349294,186.293,0.200306
349326ms,349326,186.240,0.200241
349358ms,349358,186.367,0.200803
349390ms,349390,186.346,0.200554
349422ms,349422,186.397,0.200551
349454ms,349454,186.398,0.200493
349486ms,349486,186.520,0.200645
349534ms,349534,186.461,0.200400
349566ms,349566,186.429,0.200833
349598ms,349598,186.311,0.200658
349630ms,349630,185.854,0.200357
349662ms,349662,185.193,0.200154
349694ms,349694,184.556,0.199022
349726ms,349726,183.970,0.198409
349758ms,349758,183.491,0.197613
349822ms,349822,183.009,0.197741
349854ms,349854,182.900,0.198451
349902ms,349902,182.299,0.197233
349934ms,349934,182.640,0.196296
349966ms,349966,182.293,0.197681
349998ms,349998,182.416,0.196933
350030ms,350030,182.540,0.196944
350062ms,350062,182.400,0.197898
350094ms,350094,182.615,0.197287
350126ms,350126,182.645,0.196780
350158ms,350158,182.819,0.197746
350190ms,350190,182.848,0.197115
350222ms,350222,183.084,0.197704
350254ms,350254,183.262,0.197654
350302ms,350302,183.743,0.197304
350334ms,350334,183.957,0.197233
350366ms,350366,184.243,0.197876
350398ms,350398,184.508,0.198267
350430ms,350430,184.761,0.199025
350462ms,350462,185.184,0.199024
350494ms,350494,185.462,0.199338
350526ms,350526,185.894,0.199923
350558ms,350558,186.105,0.200806
350590ms,350590,186.419,0.200585
350622ms,350622,186.441,0.200531
350670ms,350670,186.496,0.200604
350702ms,350702,186.312,0.200502
350734ms,350734,186.349,0.200366
350766ms,350766,186.418,0.200520
350798ms,350798,186.394,0.200475
350830ms,350830,186.243,0.200578
350862ms,350862,186.455,0.200444
350926ms,350926,186.388,0.200704
350958ms,350958,186.403,0.200824
350990ms,350990,186.548,0.200691
351038ms,351038,186.590,0.200921
351102ms,351102,186.281,0.200519
351134ms,351134,185.838,0.200433
351166ms,351166,185.082,0.199821
351198ms,351198,184.558,0.199329
351230ms,351230,183.926,0.198432
351262ms,351262,183.524,0.198176
351294ms,351294,182.987,0.197464
351326ms,351326,182.990,0.198086
351358ms,351358,182.777,0.198395
351390ms,351390,182.666,0.197605
351438ms,351438,182.589,0.197262
351470ms,351470,182.420,0.197631
351502ms,351502,182.541,0.196973
351534ms,351534,182.430,0.196906
351566ms,351566,182.421,0.197218
351598ms,351598,182.579,0.197320
351630ms,351630,182.696,0.197559
351662ms,351662,182.849,0.196347
351694ms,351694,182.909,0.197116
351726ms,351726,183.156,0.197067
351758ms,351758,183.451,0.197707
351806ms,351806,183.760,0.197408
351838ms,351838,184.015,0.197526
351870ms,351870,184.329,0.198350
351902ms,351902,184.650,0.198467
351934ms,351934,184.867,0.198976
351966ms,351966,185.036,0.198914
351998ms,351998,185.469,0.199464
352030ms,352030,185.713,0.200903
352062ms,352062,185.986,0.200836
352094ms,352094,186.390,0.200621
352126ms,352126,186.482,0.200669
352174ms,352174,186.298,0.201069
352206ms,352206,186.389,0.200472
352238ms,352238,186.368,0.200649
352270ms,352270,186.495,0.200455
352302ms,352302,186.347,0.200315
352334ms,352334,186.391,0.200658
352366ms,352366,186.401,0.200758
352398ms,352398,186.400,0.200604
352430ms,352430,186.424,0.200673
352462ms,352462,186.534,0.200955
352494ms,352494,186.528,0.200991
352526ms,352526,186.551,0.200810
352574ms,352574,186.482,0.200853
352638ms,352638,185.662,0.199962
352670ms,352670,185.122,0.199521
352702ms,352702,184.353,0.198344
352734ms,352734,184.131,0.198515
352798ms,352798,183.037,0.197352
352830ms,352830,182.835,0.197870
352862ms,352862,182.638,0.196751
352894ms,352894,182.396,0.196758
352942ms,352942,182.457,0.197354
352974ms,352974,182.512,0.199145
353006ms,353006,182.518,0.196959
353038ms,353038,182.600,0.196853
353070ms,353070,182.437,0.196619
353102ms,353102,182.624,0.196585
353134ms,353134,182.784,0.197334
353166ms,353166,182.797,0.196807
353198ms,353198,182.988,0.197761
353230ms,353230,183.176,0.197056
353262ms,353262,183.540,0.197700
353310ms,353310,183.759,0.197701
353342ms,353342,184.138,0.197799
353374ms,353374,184.425,0.198262
353406ms,353406,184.570,0.198609
353438ms,353438,184.833,0.199132
353470ms,353470,185.305,0.199323
353502ms,353502,185.713,0.199393
353534ms,353534,185.803,0.200114
353566ms,353566,186.155,0.200560
353630ms,353630,186.388,0.200595
353678ms,353678,186.390,0.200641
353710ms,353710,186.466,0.200450
353742ms,353742,186.430,0.200587
353774ms,353774,186.356,0.200430
353806ms,353806,186.525,0.200846
353838ms,353838,186.471,0.200930
353870ms,353870,186.398,0.200670
353902ms,353902,186.425,0.200691
353934ms,353934,186.477,0.200529
353966ms,353966,186.384,0.200742
353998ms,353998,186.446,0.200816
354030ms,354030,186.441,0.200675
354078ms,354078,186.419,0.200980
354110ms,354110,185.962,0.201002
354142ms,354142,185.564,0.200553
354174ms,354174,184.678,0.199776
354206ms,354206,184.145,0.198840
354238ms,354238,183.663,0.198304
354270ms,354270,183.081,0.198071
354302ms,354302,182.974,0.197868
354334ms,354334,182.893,0.199565
354366ms,354366,182.298,0.196321
354398ms,354398,182.611,0.196581
354446ms,354446,182.208,0.197759
354478ms,354478,182.468,0.196133
354510ms,354510,182.512,0.196954
354542ms,354542,182.520,0.196639
354574ms,354574,182.455,0.197591
354606ms,354606,182.701,0.196753
354638ms,354638,182.729,0.197477
354670ms,354670,183.019,0.196777
354702ms,354702,183.136,0.198005
354734ms,354734,183.347,0.197682
354766ms,354766,183.516,0.198180
354798ms,354798,183.935,0.198284
354846ms,354846,184.210,0.197694
354878ms,354878,184.545,0.198590
354910ms,354910,184.808,0.198684
354942ms,354942,185.078,0.199650
354974ms,354974,185.482,0.199390
355006ms,355006,185.798,0.199621
355038ms,355038,185.957,0.200299
355070ms,355070,186.303,0.200601
355102ms,355102,186.406,0.200665
355134ms,355134,186.344,0.200771
355166ms,355166,186.312,0.201014
355198ms,355198,186.302,0.200715
355246ms,355246,186.439,0.200766
355278ms,355278,186.403,0.200813
355310ms,355310,186.461,0.200472
355342ms,355342,186.465,0.200819
355406ms,355406,186.475,0.200791
355438ms,355438,186.409,0.200347
355470ms,355470,186.360,0.200347
355502ms,355502,186.508,0.200951
355582ms,355582,186.423,0.200467
355614ms,355614,185.751,0.200785
355646ms,355646,185.190,0.200043
355678ms,355678,184.545,0.199205
355710ms,355710,183.994,0.198564
355742ms,355742,183.520,0.198093
355777ms,355777,183.182,0.197656
355806ms,355806,182.903,0.197887
355838ms,355838,182.702,0.198205
355870ms,355870,182.436,0.198189
355902ms,355902,182.518,0.197661
355934ms,355934,182.462,0.197349
355982ms,355982,182.608,0.197599
356014ms,356014,182.532,0.197628
356046ms,356046,182.525,0.197242
356078ms,356078,182.399,0.197530
