timestamp_ms,elapsed_ms,pix_dist,m_dist
0ms,0,250.869,0.200378
192ms,192,250.375,0.200468
240ms,240,249.546,0.199511
304ms,304,247.905,0.198270
335ms,335,247.152,0.197787
368ms,368,246.387,0.196828
432ms,432,245.315,0.195902
464ms,464,245.206,0.196607
496ms,496,244.565,0.195255
528ms,528,244.452,0.195424
560ms,560,244.435,0.195229
592ms,592,244.434,0.195479
640ms,640,244.397,0.195361
672ms,672,244.560,0.195593
704ms,704,244.471,0.195087
736ms,736,244.579,0.195300
768ms,768,244.821,0.195484
799ms,799,245.022,0.195677
832ms,832,245.201,0.195671
864ms,864,245.613,0.195969
896ms,896,246.003,0.196222
928ms,928,246.350,0.196328
960ms,960,246.738,0.196595
1008ms,1008,247.177,0.197085
1040ms,1040,247.599,0.197502
1072ms,1072,248.053,0.197816
1104ms,1104,248.600,0.198198
1168ms,1168,249.844,0.199314
1200ms,1200,250.227,0.199761
1232ms,1232,250.756,0.200182
1264ms,1264,250.856,0.200682
1296ms,1296,250.744,0.200152
1328ms,1328,250.807,0.200037
1375ms,1375,250.759,0.200254
1408ms,1408,250.796,0.200257
1439ms,1439,250.794,0.200474
1472ms,1472,250.762,0.200367
1504ms,1504,250.839,0.200455
1535ms,1535,250.798,0.200241
1568ms,1568,250.801,0.200189
1600ms,1600,250.808,0.200271
1632ms,1632,250.926,0.200270
1664ms,1664,250.836,0.200247
1696ms,1696,250.030,0.199980
1743ms,1743,249.150,0.199165
1776ms,1776,248.481,0.198523
1808ms,1808,247.641,0.197825
1839ms,1839,246.728,0.197447
1872ms,1872,246.138,0.196841
1903ms,1903,245.465,0.196411
1936ms,1936,245.318,0.196375
1968ms,1968,244.868,0.196011
2000ms,2000,244.494,0.195940
2032ms,2032,244.590,0.195554
2064ms,2064,244.501,0.195351
2096ms,2096,244.412,0.195435
2144ms,2144,244.485,0.195613
2176ms,2176,244.441,0.195140
2208ms,2208,244.670,0.195127
2239ms,2239,244.739,0.195608
2272ms,2272,244.966,0.195399
2304ms,2304,245.081,0.195167
2336ms,2336,245.334,0.195605
2368ms,2368,245.767,0.196277
2400ms,2400,246.037,0.196052
2432ms,2432,246.381,0.196582
2464ms,2464,246.813,0.196842
2512ms,2512,247.400,0.197073
2543ms,2543,247.777,0.197537
2575ms,2575,248.197,0.197925
2607ms,2607,248.737,0.198278
2640ms,2640,249.268,0.198994
2672ms,2672,249.887,0.199449
2704ms,2704,250.403,0.199754
2736ms,2736,250.819,0.200432
2768ms,2768,250.739,0.200413
2800ms,2800,250.799,0.200206
2832ms,2832,250.772,0.200038
2864ms,2864,250.760,0.200185
2912ms,2912,250.754,0.200216
2944ms,2944,250.835,0.200416
2976ms,2976,250.780,0.200292
3008ms,3008,250.852,0.200354
3040ms,3040,250.811,0.200311
3071ms,3071,250.807,0.200262
3104ms,3104,250.797,0.200222
3136ms,3136,250.929,0.200486
3168ms,3168,250.665,0.200197
3231ms,3231,249.040,0.199075
3280ms,3280,248.303,0.198444
3312ms,3312,247.487,0.198030
3376ms,3376,245.878,0.196607
3408ms,3408,245.276,0.196030
3439ms,3439,245.183,0.196300
3472ms,3472,244.737,0.196111
3504ms,3504,244.449,0.195689
3536ms,3536,244.475,0.195663
3568ms,3568,244.290,0.195296
3600ms,3600,244.468,0.195674
3647ms,3647,244.433,0.195476
3680ms,3680,244.609,0.195596
3711ms,3711,244.604,0.195259
3744ms,3744,244.674,0.195471
3776ms,3776,244.863,0.195336
3808ms,3808,245.107,0.195662
3840ms,3840,245.407,0.195647
3872ms,3872,245.913,0.196118
3904ms,3904,246.071,0.196417
3936ms,3936,246.548,0.196521
3968ms,3968,246.894,0.196692
4000ms,4000,247.473,0.197165
4080ms,4080,248.359,0.198160
4112ms,4112,248.874,0.198627
4144ms,4144,249.370,0.199057
4176ms,4176,249.997,0.199211
4208ms,4208,250.440,0.199917
4240ms,4240,250.848,0.200303
4272ms,4272,250.710,0.200555
4304ms,4304,250.743,0.200142
4336ms,4336,250.817,0.200205
4368ms,4368,250.879,0.200433
4415ms,4415,250.785,0.200370
4447ms,4447,250.821,0.200423
4480ms,4480,250.814,0.200178
4512ms,4512,250.824,0.200078
4544ms,4544,250.787,0.200373
4576ms,4576,250.857,0.200241
4608ms,4608,250.831,0.200199
4704ms,4704,249.934,0.199822
4736ms,4736,248.971,0.199077
4784ms,4784,248.107,0.198336
4816ms,4816,247.321,0.197686
4848ms,4848,246.575,0.197249
4880ms,4880,245.884,0.196637
4912ms,4912,245.290,0.196219
4943ms,4943,245.053,0.196456
4976ms,4976,244.738,0.195774
5008ms,5008,244.473,0.195456
5040ms,5040,244.329,0.195848
5072ms,5072,244.457,0.195376
5104ms,5104,244.503,0.195464
5152ms,5152,244.515,0.195253
5183ms,5183,244.743,0.195387
5216ms,5216,244.637,0.195339
5248ms,5248,244.594,0.195472
5280ms,5280,244.917,0.195479
5311ms,5311,245.177,0.195652
5344ms,5344,245.504,0.195902
5375ms,5375,245.931,0.195978
5408ms,5408,246.148,0.196233
5440ms,5440,246.558,0.196455
5472ms,5472,246.946,0.196666
5504ms,5504,247.424,0.197166
5551ms,5551,247.870,0.197481
5583ms,5583,248.340,0.198067
5615ms,5615,248.874,0.198580
5647ms,5647,249.458,0.199155
5679ms,5679,249.954,0.199316
5711ms,5711,250.521,0.199986
5743ms,5743,250.878,0.200264
5775ms,5775,250.621,0.200260
5808ms,5808,250.839,0.200361
5840ms,5840,250.775,0.200120
5872ms,5872,250.738,0.200289
5919ms,5919,250.733,0.200235
5952ms,5952,250.798,0.200370
5984ms,5984,250.770,0.200212
6016ms,6016,250.822,0.200272
6047ms,6047,250.749,0.200291
6079ms,6079,250.824,0.200322
6112ms,6112,250.748,0.200178
6144ms,6144,250.900,0.200381
6176ms,6176,250.557,0.200269
6208ms,6208,249.690,0.199728
6240ms,6240,248.678,0.198907
6272ms,6272,247.996,0.198278
6319ms,6319,247.151,0.197566
6351ms,6351,246.234,0.196920
6383ms,6383,245.691,0.196242
6448ms,6448,245.218,0.196230
6480ms,6480,244.542,0.195442
6512ms,6512,244.518,0.195563
6575ms,6575,244.416,0.195446
6639ms,6639,244.497,0.195558
6687ms,6687,244.582,0.195244
6719ms,6719,244.632,0.195116
6751ms,6751,244.818,0.195690
6784ms,6784,244.986,0.195714
6816ms,6816,245.234,0.195397
6911ms,6911,246.313,0.196271
6944ms,6944,246.761,0.196509
6976ms,6976,247.088,0.197078
7008ms,7008,247.660,0.197314
7056ms,7056,248.021,0.197664
7087ms,7087,248.476,0.198140
7119ms,7119,249.026,0.198597
7151ms,7151,249.547,0.198952
7183ms,7183,250.123,0.199717
7215ms,7215,250.658,0.199976
7247ms,7247,250.852,0.200196
7279ms,7279,250.726,0.200197
7312ms,7312,250.843,0.200267
7344ms,7344,250.772,0.200366
7376ms,7376,250.767,0.200384
7423ms,7423,250.836,0.200343
7456ms,7456,250.772,0.200313
7487ms,7487,250.782,0.200053
7519ms,7519,250.827,0.200253
7551ms,7551,250.779,0.200165
7584ms,7584,250.703,0.200148
7616ms,7616,250.830,0.200341
7648ms,7648,250.879,0.200305
7680ms,7680,250.285,0.200297
7712ms,7712,249.374,0.199350
7744ms,7744,248.700,0.198861
7776ms,7776,247.796,0.198181
7823ms,7823,247.046,0.197490
7855ms,7855,246.315,0.196869
7887ms,7887,245.443,0.196252
7919ms,7919,245.323,0.196185
7951ms,7951,245.122,0.196292
7983ms,7983,244.614,0.195418
8015ms,8015,244.455,0.195664
8047ms,8047,244.320,0.195422
8111ms,8111,244.470,0.195295
8144ms,8144,244.467,0.195315
8224ms,8224,244.594,0.195388
8255ms,8255,244.826,0.195413
8287ms,8287,245.148,0.195752
8320ms,8320,245.168,0.195798
8352ms,8352,245.575,0.196160
8384ms,8384,245.965,0.196118
8415ms,8415,246.315,0.196202
8447ms,8447,246.760,0.196614
8480ms,8480,247.158,0.197126
8512ms,8512,247.644,0.197613
8560ms,8560,248.031,0.197864
8592ms,8592,248.596,0.198384
8624ms,8624,249.126,0.198434
8655ms,8655,249.709,0.199251
8688ms,8688,250.106,0.199571
8720ms,8720,250.737,0.200209
8752ms,8752,250.794,0.200606
8784ms,8784,250.728,0.200235
8816ms,8816,250.772,0.200287
8848ms,8848,250.702,0.200287
8880ms,8880,250.767,0.200293
8912ms,8912,250.770,0.200364
8959ms,8959,250.685,0.200016
8991ms,8991,250.812,0.200478
9023ms,9023,250.715,0.200149
9055ms,9055,250.748,0.200237
9088ms,9088,250.799,0.200239
9120ms,9120,250.715,0.200268
9152ms,9152,250.887,0.200483
9184ms,9184,250.089,0.200037
9216ms,9216,249.429,0.199231
9248ms,9248,248.493,0.199057
9280ms,9280,247.752,0.198186
9327ms,9327,247.027,0.197452
9359ms,9359,246.079,0.197004
9391ms,9391,245.356,0.196441
9423ms,9423,245.211,0.195940
9455ms,9455,244.977,0.196006
9488ms,9488,244.474,0.195412
9520ms,9520,244.385,0.195563
9552ms,9552,244.428,0.195195
9584ms,9584,244.363,0.195560
9616ms,9616,244.392,0.195306
9648ms,9648,244.486,0.195551
9728ms,9728,244.510,0.195290
9759ms,9759,244.798,0.195156
9792ms,9792,245.044,0.195422
9824ms,9824,245.325,0.195642
9856ms,9856,245.637,0.196178
9887ms,9887,246.050,0.196216
9920ms,9920,246.332,0.196780
9952ms,9952,246.738,0.196800
9984ms,9984,247.171,0.197083
10016ms,10016,247.596,0.197339
10048ms,10048,248.059,0.197627
10096ms,10096,248.497,0.198271
10160ms,10160,249.595,0.199248
10223ms,10223,250.736,0.200319
10255ms,10255,250.761,0.200625
10288ms,10288,250.879,0.200471
10320ms,10320,250.805,0.200425
10352ms,10352,250.923,0.200572
10384ms,10384,250.875,0.200378
10416ms,10416,250.896,0.200382
10464ms,10464,250.920,0.200230
10495ms,10495,250.865,0.200493
10528ms,10528,250.865,0.200468
10559ms,10559,250.890,0.200309
10592ms,10592,250.853,0.200200
10624ms,10624,251.010,0.200387
10656ms,10656,250.924,0.200448
10688ms,10688,250.059,0.200062
10720ms,10720,249.192,0.199263
10752ms,10752,248.422,0.198765
10784ms,10784,247.427,0.198036
10816ms,10816,246.710,0.197428
10864ms,10864,246.058,0.196703
10896ms,10896,245.299,0.196491
10927ms,10927,245.088,0.196190
10959ms,10959,244.856,0.195958
10992ms,10992,244.520,0.195512
11023ms,11023,244.498,0.195219
11055ms,11055,244.330,0.195288
11087ms,11087,244.353,0.195228
11120ms,11120,244.326,0.195366
11152ms,11152,244.550,0.195559
11184ms,11184,244.552,0.195187
11231ms,11231,244.675,0.195702
11263ms,11263,244.814,0.195578
11295ms,11295,244.975,0.195476
11327ms,11327,245.392,0.195752
11360ms,11360,245.874,0.196209
11392ms,11392,246.070,0.196238
11424ms,11424,246.400,0.196561
11456ms,11456,246.759,0.196839
11488ms,11488,247.317,0.197269
11520ms,11520,247.719,0.197477
11552ms,11552,248.202,0.198146
11584ms,11584,248.650,0.198342
11632ms,11632,249.238,0.198875
11664ms,11664,249.844,0.199643
11696ms,11696,250.307,0.200010
11727ms,11727,250.806,0.200482
11759ms,11759,250.684,0.200628
11792ms,11792,250.643,0.200186
11823ms,11823,250.728,0.200120
11855ms,11855,250.738,0.200134
11888ms,11888,250.698,0.200269
11920ms,11920,250.675,0.200231
11952ms,11952,250.622,0.200018
12000ms,12000,250.679,0.200078
12032ms,12032,250.698,0.200445
12063ms,12063,250.731,0.200170
12096ms,12096,250.681,0.200073
12127ms,12127,250.717,0.200600
12160ms,12160,250.739,0.200371
12192ms,12192,249.871,0.199991
12224ms,12224,249.097,0.199379
12256ms,12256,248.250,0.198519
12288ms,12288,247.489,0.197849
12320ms,12320,246.631,0.197250
12368ms,12368,245.899,0.196780
12400ms,12400,245.224,0.196161
12432ms,12432,245.138,0.196589
12463ms,12463,244.807,0.196206
12495ms,12495,244.550,0.195786
12527ms,12527,244.375,0.195643
12559ms,12559,244.484,0.195211
12592ms,12592,244.441,0.195532
12624ms,12624,244.416,0.195652
12656ms,12656,244.522,0.195516
12688ms,12688,244.510,0.195178
12720ms,12720,244.612,0.195473
12768ms,12768,244.891,0.195505
12800ms,12800,245.076,0.195624
12832ms,12832,245.380,0.195838
12863ms,12863,245.792,0.196132
12896ms,12896,246.051,0.196314
12928ms,12928,246.459,0.196595
12960ms,12960,246.724,0.196796
12992ms,12992,247.362,0.197115
13023ms,13023,247.800,0.197534
13055ms,13055,248.197,0.197980
13088ms,13088,248.636,0.198350
13135ms,13135,249.295,0.198951
13167ms,13167,249.871,0.199461
13232ms,13232,250.854,0.200310
13263ms,13263,250.707,0.200540
13327ms,13327,250.775,0.200080
13360ms,13360,250.701,0.200180
13391ms,13391,250.736,0.200216
13424ms,13424,250.799,0.200201
13456ms,13456,250.798,0.200346
13503ms,13503,250.794,0.200282
13535ms,13535,250.733,0.200175
13567ms,13567,250.777,0.200178
13600ms,13600,250.713,0.200142
13632ms,13632,250.815,0.200524
13663ms,13663,250.631,0.200312
13695ms,13695,249.873,0.200062
13728ms,13728,248.998,0.199046
13760ms,13760,248.169,0.198272
13792ms,13792,247.443,0.197874
13824ms,13824,246.466,0.197433
13856ms,13856,245.815,0.196764
13904ms,13904,245.283,0.196267
13935ms,13935,245.198,0.196400
13967ms,13967,244.790,0.195963
14000ms,14000,244.448,0.195651
14031ms,14031,244.366,0.195523
14063ms,14063,244.490,0.195320
14095ms,14095,244.406,0.195726
14159ms,14159,244.503,0.195521
14192ms,14192,244.541,0.195085
14224ms,14224,244.681,0.195472
14272ms,14272,244.787,0.195330
14303ms,14303,245.083,0.195785
14335ms,14335,245.337,0.196059
14367ms,14367,245.815,0.196088
14400ms,14400,246.118,0.196158
14432ms,14432,246.423,0.196540
14464ms,14464,246.827,0.196785
14495ms,14495,247.390,0.197503
14528ms,14528,247.828,0.197589
14560ms,14560,248.250,0.198111
14592ms,14592,248.845,0.198653
14640ms,14640,249.398,0.198978
14672ms,14672,249.899,0.199423
14703ms,14703,250.429,0.199875
14735ms,14735,250.841,0.200470
14768ms,14768,250.572,0.200150
14799ms,14799,250.631,0.200091
14832ms,14832,250.611,0.200054
14863ms,14863,250.638,0.200189
14896ms,14896,250.650,0.199978
14928ms,14928,250.611,0.199956
14960ms,14960,250.671,0.200131
15008ms,15008,250.569,0.200148
15039ms,15039,250.674,0.200005
15071ms,15071,250.718,0.200097
15103ms,15103,250.662,0.200176
15135ms,15135,250.735,0.200497
15167ms,15167,250.433,0.200246
15200ms,15200,249.602,0.199689
15232ms,15232,248.748,0.198960
15264ms,15264,247.941,0.198487
15296ms,15296,247.080,0.197462
15327ms,15327,246.305,0.196660
15360ms,15360,245.687,0.196453
15407ms,15407,245.227,0.195933
15439ms,15439,245.155,0.196246
15503ms,15503,244.409,0.195563
15535ms,15535,244.309,0.195662
15568ms,15568,244.257,0.195742
15600ms,15600,244.316,0.195302
15632ms,15632,244.510,0.195546
15664ms,15664,244.501,0.195444
15696ms,15696,244.641,0.195450
15728ms,15728,244.761,0.195397
15775ms,15775,245.024,0.195606
15808ms,15808,245.129,0.195836
15840ms,15840,245.398,0.195845
15872ms,15872,245.954,0.196029
15904ms,15904,246.188,0.196215
15935ms,15935,246.534,0.196606
15968ms,15968,246.968,0.197193
16000ms,16000,247.441,0.197282
16032ms,16032,247.949,0.197672
16063ms,16063,248.456,0.198178
16096ms,16096,248.881,0.198573
16128ms,16128,249.517,0.199197
16207ms,16207,250.549,0.200126
16272ms,16272,250.671,0.200250
16304ms,16304,250.659,0.200367
16336ms,16336,250.534,0.200071
16368ms,16368,250.635,0.200089
16400ms,16400,250.616,0.200079
16432ms,16432,250.653,0.200182
16463ms,16463,250.569,0.200170
16496ms,16496,250.688,0.200245
16543ms,16543,250.680,0.200103
16575ms,16575,250.655,0.200266
16607ms,16607,250.646,0.200315
16640ms,16640,250.786,0.200195
16672ms,16672,250.241,0.200145
16704ms,16704,249.454,0.199332
16736ms,16736,248.647,0.198689
16768ms,16768,247.788,0.198293
16800ms,16800,246.949,0.197553
16832ms,16832,246.153,0.197120
16864ms,16864,245.471,0.196276
16911ms,16911,245.137,0.196064
16943ms,16943,244.786,0.196090
16975ms,16975,244.562,0.195658
17007ms,17007,244.494,0.195604
17039ms,17039,244.394,0.195491
17071ms,17071,244.406,0.195515
17103ms,17103,244.439,0.195448
17136ms,17136,244.468,0.195250
17167ms,17167,244.576,0.195479
17200ms,17200,244.709,0.195582
17232ms,17232,244.890,0.195412
17279ms,17279,245.124,0.195391
17311ms,17311,245.361,0.195551
17343ms,17343,245.729,0.196110
17439ms,17439,246.677,0.196870
17471ms,17471,247.238,0.197369
17504ms,17504,247.696,0.197354
17535ms,17535,248.170,0.197831
17599ms,17599,249.163,0.198873
17631ms,17631,249.855,0.199377
17679ms,17679,250.331,0.199939
17711ms,17711,250.852,0.200412
17743ms,17743,250.825,0.200560
17775ms,17775,250.802,0.200139
17808ms,17808,250.816,0.200299
17839ms,17839,250.841,0.200155
17872ms,17872,250.833,0.200288
17904ms,17904,250.842,0.200366
17935ms,17935,250.819,0.200371
17968ms,17968,250.835,0.200287
18000ms,18000,250.853,0.200330
18047ms,18047,250.814,0.200437
18079ms,18079,250.936,0.200439
18111ms,18111,250.902,0.200676
18143ms,18143,250.715,0.200311
18176ms,18176,249.843,0.200055
18208ms,18208,248.999,0.198837
18240ms,18240,248.180,0.198483
18272ms,18272,247.406,0.197959
18304ms,18304,246.634,0.197188
18336ms,18336,245.825,0.196659
18367ms,18367,245.329,0.196368
18415ms,18415,245.154,0.196655
18447ms,18447,244.763,0.195816
18479ms,18479,244.517,0.195606
18511ms,18511,244.389,0.196042
18543ms,18543,244.483,0.195552
18576ms,18576,244.386,0.195490
18607ms,18607,244.487,0.195384
18639ms,18639,244.512,0.195267
18672ms,18672,244.535,0.195394
18704ms,18704,244.727,0.195419
18735ms,18735,244.870,0.195554
18768ms,18768,245.192,0.195342
18847ms,18847,245.860,0.196151
18879ms,18879,246.036,0.196290
18911ms,18911,246.484,0.196490
18943ms,18943,246.958,0.196902
18975ms,18975,247.377,0.197097
19007ms,19007,247.765,0.197754
19040ms,19040,248.306,0.198013
19072ms,19072,248.794,0.198744
19104ms,19104,249.413,0.198817
19136ms,19136,249.947,0.199672
19168ms,19168,250.501,0.200089
19215ms,19215,250.731,0.200460
19247ms,19247,250.716,0.200195
19279ms,19279,250.659,0.199974
19311ms,19311,250.668,0.200210
19375ms,19375,250.711,0.200093
19408ms,19408,250.728,0.200132
19440ms,19440,250.733,0.200332
19472ms,19472,250.703,0.200209
19504ms,19504,250.601,0.200246
19536ms,19536,250.661,0.200119
19583ms,19583,250.599,0.200147
19615ms,19615,250.860,0.200577
19647ms,19647,250.513,0.200310
19679ms,19679,249.634,0.199631
19712ms,19712,248.705,0.199093
19744ms,19744,247.995,0.198173
19744ms,19744,247.995,0.198173
19775ms,19775,247.181,0.197666
19775ms,19775,247.181,0.197666
19808ms,19808,246.425,0.197018
19808ms,19808,246.425,0.197018
19840ms,19840,245.629,0.196595
19840ms,19840,245.629,0.196595
19872ms,19872,245.130,0.196209
19872ms,19872,245.130,0.196209
19904ms,19904,245.082,0.196545
19904ms,19904,245.082,0.196545
19951ms,19951,244.723,0.195633
19951ms,19951,244.723,0.195633
19983ms,19983,244.502,0.195820
19983ms,19983,244.502,0.195820
20015ms,20015,244.240,0.195572
20015ms,20015,244.240,0.195572
20047ms,20047,244.394,0.195563
20047ms,20047,244.394,0.195563
20112ms,20112,244.618,0.195907
20112ms,20112,244.618,0.195907
20144ms,20144,244.457,0.195431
20144ms,20144,244.457,0.195431
20175ms,20175,244.478,0.195052
20175ms,20175,244.478,0.195052
20207ms,20207,244.620,0.195512
20240ms,20240,244.869,0.196080
20272ms,20272,245.159,0.195529
20319ms,20319,245.500,0.195781
20351ms,20351,246.005,0.196241
20383ms,20383,246.249,0.196501
20415ms,20415,246.562,0.196555
20447ms,20447,246.970,0.197024
20479ms,20479,247.461,0.197471
20511ms,20511,247.912,0.197927
20543ms,20543,248.512,0.198289
20575ms,20575,249.029,0.198598
20607ms,20607,249.581,0.199269
20640ms,20640,250.181,0.199580
20672ms,20672,250.717,0.200298
20719ms,20719,250.712,0.200521
20751ms,20751,250.710,0.200065
20783ms,20783,250.764,0.200207
20815ms,20815,250.740,0.200044
20847ms,20847,250.753,0.200269
20879ms,20879,250.705,0.200215
20911ms,20911,250.724,0.200187
20943ms,20943,250.715,0.200196
20975ms,20975,250.785,0.200348
21008ms,21008,250.755,0.200043
21040ms,21040,250.743,0.200291
21087ms,21087,250.689,0.200233
21119ms,21119,250.894,0.200370
21151ms,21151,250.124,0.200144
21183ms,21183,249.239,0.199458
21216ms,21216,248.460,0.198865
21247ms,21247,247.667,0.198290
21280ms,21280,246.813,0.197641
21311ms,21311,246.186,0.196867
21344ms,21344,245.402,0.196389
21376ms,21376,245.094,0.196304
21408ms,21408,244.820,0.196205
21440ms,21440,244.490,0.195710
21519ms,21519,244.326,0.195418
21552ms,21552,244.394,0.195602
21583ms,21583,244.456,0.195286
21615ms,21615,244.522,0.195346
21648ms,21648,244.597,0.195404
21680ms,21680,244.650,0.195463
21712ms,21712,244.949,0.195584
21744ms,21744,244.940,0.195777
21807ms,21807,245.827,0.196035
21855ms,21855,246.119,0.196446
21887ms,21887,246.424,0.196732
21919ms,21919,246.710,0.196693
21951ms,21951,247.305,0.197198
21983ms,21983,247.719,0.197466
22016ms,22016,248.212,0.197585
22047ms,22047,248.637,0.198483
22080ms,22080,249.202,0.198853
22112ms,22112,249.898,0.199342
22143ms,22143,250.322,0.199725
22176ms,22176,250.725,0.200388
22223ms,22223,250.583,0.200620
22255ms,22255,250.533,0.200314
22287ms,22287,250.607,0.200133
22320ms,22320,250.622,0.200216
22352ms,22352,250.699,0.200171
22384ms,22384,250.587,0.200127
22416ms,22416,250.629,0.200046
22447ms,22447,250.534,0.199911
22480ms,22480,250.608,0.199957
22512ms,22512,250.624,0.200141
22544ms,22544,250.631,0.199934
22576ms,22576,250.731,0.200274
22623ms,22623,250.569,0.200153
22655ms,22655,249.728,0.199908
22687ms,22687,248.957,0.199066
22719ms,22719,248.109,0.198493
22751ms,22751,247.416,0.197797
22783ms,22783,246.486,0.197252
22816ms,22816,245.677,0.196613
22848ms,22848,245.330,0.196055
22880ms,22880,245.141,0.196329
22912ms,22912,244.585,0.195474
22944ms,22944,244.470,0.195806
22991ms,22991,244.336,0.195816
23023ms,23023,244.367,0.195240
23087ms,23087,244.401,0.195443
23119ms,23119,244.546,0.195444
23151ms,23151,244.583,0.195382
23183ms,23183,244.720,0.195717
23215ms,23215,244.980,0.195862
23248ms,23248,245.085,0.195791
23280ms,23280,245.510,0.195947
23311ms,23311,245.947,0.196014
23359ms,23359,246.258,0.196307
23391ms,23391,246.573,0.196555
23423ms,23423,246.966,0.197110
23455ms,23455,247.462,0.197279
23487ms,23487,248.003,0.197942
23519ms,23519,248.535,0.198380
23551ms,23551,248.909,0.198661
23583ms,23583,249.530,0.199119
23615ms,23615,250.096,0.199521
23647ms,23647,250.554,0.199897
23680ms,23680,250.791,0.200402
23712ms,23712,250.692,0.200324
23791ms,23791,250.690,0.200190
23855ms,23855,250.691,0.200215
23887ms,23887,250.711,0.200175
23919ms,23919,250.730,0.200253
23951ms,23951,250.708,0.200249
23983ms,23983,250.726,0.200226
24015ms,24015,250.746,0.200375
24048ms,24048,250.714,0.200381
24080ms,24080,250.837,0.200293
24127ms,24127,250.215,0.200176
24159ms,24159,249.361,0.199575
24191ms,24191,248.448,0.198758
24223ms,24223,247.789,0.198111
24255ms,24255,246.754,0.197608
24288ms,24288,246.102,0.196674
24319ms,24319,245.480,0.196215
24351ms,24351,245.166,0.195900
24383ms,24383,244.862,0.195945
24415ms,24415,244.545,0.195426
24448ms,24448,244.487,0.195734
24495ms,24495,244.516,0.195488
24527ms,24527,244.402,0.195470
24559ms,24559,244.450,0.195645
24591ms,24591,244.383,0.195007
24623ms,24623,244.537,0.195230
24655ms,24655,244.617,0.195764
24687ms,24687,244.856,0.195458
24719ms,24719,245.048,0.195488
24751ms,24751,245.457,0.195734
24783ms,24783,245.718,0.196131
24815ms,24815,246.018,0.196071
24863ms,24863,246.484,0.196889
24895ms,24895,246.816,0.196792
24927ms,24927,247.257,0.197083
25023ms,25023,248.577,0.198523
25055ms,25055,249.087,0.198911
25088ms,25088,249.697,0.199357
25120ms,25120,250.197,0.199752
25183ms,25183,250.775,0.200517
25216ms,25216,250.707,0.200093
25263ms,25263,250.773,0.200148
25295ms,25295,250.783,0.200109
25327ms,25327,250.773,0.200074
25359ms,25359,250.757,0.200082
25391ms,25391,250.773,0.200231
25423ms,25423,250.750,0.200264
25455ms,25455,250.742,0.200248
25487ms,25487,250.731,0.200306
25520ms,25520,250.781,0.200164
25552ms,25552,250.731,0.200187
25584ms,25584,250.907,0.200324
25631ms,25631,250.063,0.200021
25663ms,25663,249.185,0.199346
25695ms,25695,248.511,0.198803
25727ms,25727,247.607,0.197774
25759ms,25759,246.639,0.197168
25791ms,25791,246.104,0.196820
25823ms,25823,245.499,0.196445
25855ms,25855,245.094,0.196208
25887ms,25887,244.783,0.196088
25920ms,25920,244.578,0.195611
25952ms,25952,244.498,0.195494
26000ms,26000,244.401,0.195454
26031ms,26031,244.364,0.195636
26063ms,26063,244.408,0.195577
26095ms,26095,244.373,0.195395
26127ms,26127,244.581,0.194894
26159ms,26159,244.669,0.195251
26192ms,26192,244.815,0.195587
26224ms,26224,245.006,0.195593
26256ms,26256,245.299,0.195800
26288ms,26288,245.887,0.196383
26320ms,26320,246.141,0.196208
26352ms,26352,246.489,0.196382
26431ms,26431,247.361,0.197211
26463ms,26463,247.755,0.197675
26495ms,26495,248.304,0.197869
26527ms,26527,248.747,0.198500
26559ms,26559,249.364,0.199095
26592ms,26592,249.880,0.199457
26624ms,26624,250.379,0.200023
26656ms,26656,250.827,0.200368
26688ms,26688,250.525,0.200435
26720ms,26720,250.642,0.200177
26767ms,26767,250.581,0.200093
26799ms,26799,250.627,0.200059
26831ms,26831,250.695,0.200080
26863ms,26863,250.616,0.199885
26895ms,26895,250.613,0.200055
26928ms,26928,250.652,0.200219
26991ms,26991,250.624,0.200116
27024ms,27024,250.704,0.200189
27056ms,27056,250.758,0.200569
27088ms,27088,250.585,0.200336
27120ms,27120,249.654,0.199940
27167ms,27167,248.806,0.198926
27199ms,27199,247.984,0.198365
27231ms,27231,247.223,0.197675
27263ms,27263,246.555,0.197005
27295ms,27295,245.721,0.196471
27328ms,27328,245.280,0.196090
27391ms,27391,244.721,0.195780
27424ms,27424,244.459,0.195674
27455ms,27455,244.287,0.195565
27488ms,27488,244.243,0.195298
27536ms,27536,244.458,0.195426
27567ms,27567,244.407,0.195317
27599ms,27599,244.530,0.195097
27631ms,27631,244.733,0.195323
27663ms,27663,244.631,0.195451
27695ms,27695,244.914,0.195648
27728ms,27728,245.151,0.195481
27760ms,27760,245.539,0.196156
27792ms,27792,246.033,0.196245
27824ms,27824,246.209,0.196154
27855ms,27855,246.518,0.196438
27903ms,27903,246.967,0.197134
27935ms,27935,247.508,0.197245
27968ms,27968,247.938,0.197783
27999ms,27999,248.470,0.198065
28031ms,28031,248.882,0.198650
28063ms,28063,249.553,0.199019
28095ms,28095,250.046,0.199698
28128ms,28128,250.561,0.200025
28160ms,28160,250.785,0.200489
28192ms,28192,250.680,0.200263
28224ms,28224,250.727,0.200395
28256ms,28256,250.644,0.200178
28303ms,28303,250.636,0.200215
28335ms,28335,250.725,0.200217
28367ms,28367,250.714,0.200222
28399ms,28399,250.747,0.200327
28431ms,28431,250.767,0.200198
28463ms,28463,250.726,0.200188
28496ms,28496,250.749,0.200171
28528ms,28528,250.665,0.200452
28560ms,28560,250.866,0.200492
28592ms,28592,250.364,0.200170
28624ms,28624,249.443,0.199537
28703ms,28703,247.766,0.198294
28735ms,28735,246.948,0.197867
28767ms,28767,246.150,0.197033
28799ms,28799,245.418,0.196322
28831ms,28831,245.189,0.196190
28863ms,28863,244.949,0.196483
28896ms,28896,244.571,0.195603
28928ms,28928,244.407,0.195611
28959ms,28959,244.332,0.195353
28992ms,28992,244.332,0.195585
29024ms,29024,244.532,0.195611
29071ms,29071,244.475,0.195286
29103ms,29103,244.551,0.195588
29136ms,29136,244.547,0.195115
29167ms,29167,244.682,0.195140
29199ms,29199,245.095,0.195518
29232ms,29232,245.249,0.195643
29264ms,29264,245.589,0.195809
29295ms,29295,246.007,0.196148
29328ms,29328,246.339,0.196436
29360ms,29360,246.700,0.196787
29392ms,29392,247.129,0.197099
29471ms,29471,248.067,0.197788
29503ms,29503,248.576,0.198437
29535ms,29535,249.026,0.198763
29567ms,29567,249.769,0.199411
29600ms,29600,250.165,0.199752
29631ms,29631,250.727,0.200359
29663ms,29663,250.760,0.200480
29727ms,29727,250.722,0.200463
29760ms,29760,250.765,0.200240
29807ms,29807,250.709,0.200145
29839ms,29839,250.680,0.200228
29871ms,29871,250.733,0.200419
29903ms,29903,250.741,0.200232
29935ms,29935,250.764,0.200239
29967ms,29967,250.755,0.200376
30000ms,30000,250.692,0.200288
30031ms,30031,250.750,0.200340
30064ms,30064,250.838,0.200502
30096ms,30096,250.284,0.200243
30127ms,30127,249.551,0.199322
30175ms,30175,248.595,0.198874
30207ms,30207,247.778,0.198285
30239ms,30239,246.947,0.197683
30271ms,30271,246.251,0.196982
30303ms,30303,245.389,0.196377
30335ms,30335,245.164,0.196141
30368ms,30368,244.968,0.196336
30400ms,30400,244.450,0.195527
30432ms,30432,244.341,0.195599
30463ms,30463,244.368,0.195365
30495ms,30495,244.337,0.195637
30528ms,30528,244.369,0.195438
30575ms,30575,244.343,0.195175
30607ms,30607,244.605,0.195344
30639ms,30639,244.694,0.195478
30671ms,30671,244.815,0.195655
30703ms,30703,245.112,0.195581
30735ms,30735,245.428,0.195555
30768ms,30768,245.631,0.196218
30800ms,30800,245.989,0.196035
30863ms,30863,246.754,0.196975
30943ms,30943,247.609,0.197474
30975ms,30975,248.122,0.197840
31007ms,31007,248.620,0.198268
31039ms,31039,249.215,0.198903
31071ms,31071,249.792,0.199533
31103ms,31103,250.326,0.199800
31135ms,31135,250.803,0.200331
31168ms,31168,250.668,0.200488
31200ms,31200,250.668,0.200199
31232ms,31232,250.558,0.200106
31264ms,31264,250.612,0.200069
31311ms,31311,250.596,0.200208
31343ms,31343,250.532,0.200161
31375ms,31375,250.546,0.200172
31407ms,31407,250.616,0.200031
31439ms,31439,250.627,0.200083
31471ms,31471,250.624,0.200181
31503ms,31503,250.684,0.200093
31536ms,31536,250.707,0.200542
31568ms,31568,250.660,0.200260
31600ms,31600,249.727,0.200069
31632ms,31632,249.009,0.199489
31663ms,31663,248.184,0.198503
31711ms,31711,247.469,0.198081
31743ms,31743,246.543,0.197327
31775ms,31775,245.780,0.196889
31807ms,31807,245.393,0.196283
31839ms,31839,245.069,0.196608
31872ms,31872,244.597,0.196137
31903ms,31903,244.500,0.195607
31936ms,31936,244.389,0.195639
31968ms,31968,244.377,0.195533
32000ms,32000,244.439,0.195466
32032ms,32032,244.395,0.195130
32079ms,32079,244.612,0.195376
32111ms,32111,244.538,0.195459
32143ms,32143,244.767,0.195518
32175ms,32175,244.871,0.195690
32207ms,32207,245.128,0.195490
32240ms,32240,245.515,0.195730
32271ms,32271,245.849,0.196224
32304ms,32304,246.067,0.196087
32336ms,32336,246.560,0.196258
32368ms,32368,247.027,0.196944
32400ms,32400,247.562,0.197298
32432ms,32432,247.979,0.197643
32479ms,32479,248.387,0.198300
32511ms,32511,248.895,0.198681
32543ms,32543,249.406,0.199086
32607ms,32607,250.487,0.199978
32639ms,32639,250.710,0.200426
32672ms,32672,250.562,0.200179
32704ms,32704,250.658,0.200324
32735ms,32735,250.617,0.200214
32768ms,32768,250.602,0.200176
32800ms,32800,250.569,0.200199
32847ms,32847,250.615,0.199933
32879ms,32879,250.592,0.200088
32911ms,32911,250.691,0.200329
32943ms,32943,250.649,0.200017
32975ms,32975,250.669,0.200277
33007ms,33007,250.557,0.200414
33039ms,33039,250.779,0.200328
33071ms,33071,250.371,0.200151
33104ms,33104,249.506,0.199502
33135ms,33135,248.595,0.198931
33168ms,33168,247.843,0.198222
33215ms,33215,246.841,0.197538
33247ms,33247,246.176,0.196877
33279ms,33279,245.369,0.196197
33343ms,33343,244.909,0.196145
33407ms,33407,244.489,0.195774
33439ms,33439,244.451,0.195447
33472ms,33472,244.369,0.195457
33504ms,33504,244.498,0.195169
33536ms,33536,244.548,0.195408
33583ms,33583,244.597,0.195552
33615ms,33615,244.546,0.195102
33647ms,33647,244.784,0.195318
33679ms,33679,245.087,0.195302
33711ms,33711,245.360,0.195676
33743ms,33743,245.641,0.196105
33775ms,33775,246.039,0.196138
33807ms,33807,246.283,0.196458
33839ms,33839,246.717,0.196901
33872ms,33872,247.273,0.197062
33904ms,33904,247.628,0.197583
33935ms,33935,248.080,0.197907
33983ms,33983,248.573,0.198445
34015ms,34015,249.191,0.198902
34047ms,34047,249.740,0.199459
34079ms,34079,250.151,0.199741
34111ms,34111,250.723,0.200463
34143ms,34143,250.641,0.200494
34176ms,34176,250.655,0.200202
34207ms,34207,250.586,0.200022
34240ms,34240,250.663,0.200153
34272ms,34272,250.654,0.200197
34304ms,34304,250.616,0.200042
34351ms,34351,250.604,0.200173
34383ms,34383,250.608,0.200122
34415ms,34415,250.614,0.200199
34447ms,34447,250.581,0.200209
34479ms,34479,250.688,0.200047
34511ms,34511,250.679,0.200273
34544ms,34544,250.769,0.200359
34575ms,34575,250.053,0.200152
34608ms,34608,249.169,0.199272
34639ms,34639,248.419,0.198735
34672ms,34672,247.594,0.197893
34704ms,34704,246.626,0.197109
34783ms,34783,245.216,0.196533
34815ms,34815,245.213,0.196278
34847ms,34847,244.767,0.195787
34879ms,34879,244.534,0.195905
34911ms,34911,244.417,0.195521
34943ms,34943,244.367,0.195352
34975ms,34975,244.362,0.195491
35007ms,35007,244.449,0.195515
35040ms,35040,244.374,0.195410
35072ms,35072,244.692,0.194975
35119ms,35119,244.620,0.195406
35151ms,35151,244.920,0.195653
35183ms,35183,245.006,0.195681
35215ms,35215,245.392,0.195872
35247ms,35247,245.802,0.196316
35279ms,35279,246.170,0.196435
35343ms,35343,246.869,0.196639
35407ms,35407,247.806,0.197679
35440ms,35440,248.318,0.197811
35487ms,35487,248.838,0.198621
35519ms,35519,249.390,0.199169
35551ms,35551,249.969,0.199594
35583ms,35583,250.466,0.200023
35615ms,35615,250.815,0.200505
35647ms,35647,250.606,0.200452
35679ms,35679,250.676,0.200274
35712ms,35712,250.669,0.200223
35743ms,35743,250.663,0.200237
35776ms,35776,250.633,0.200175
35807ms,35807,250.609,0.200315
35855ms,35855,250.696,0.200069
35887ms,35887,250.676,0.200163
35919ms,35919,250.679,0.200154
35951ms,35951,250.707,0.200319
35983ms,35983,250.669,0.200264
36015ms,36015,250.802,0.200413
36047ms,36047,250.693,0.200186
36079ms,36079,249.869,0.199913
36111ms,36111,248.918,0.198937
36144ms,36144,248.074,0.198437
36176ms,36176,247.256,0.197820
36208ms,36208,246.508,0.197137
36255ms,36255,245.700,0.196623
36287ms,36287,245.233,0.196259
36319ms,36319,245.104,0.196412
36351ms,36351,244.697,0.195646
36383ms,36383,244.476,0.195593
36415ms,36415,244.481,0.195560
36447ms,36447,244.350,0.195417
36479ms,36479,244.339,0.195192
36512ms,36512,244.462,0.195432
36544ms,36544,244.429,0.195373
36576ms,36576,244.595,0.195415
36623ms,36623,244.582,0.195416
36655ms,36655,244.918,0.195789
36687ms,36687,245.119,0.195693
36719ms,36719,245.417,0.196008
36751ms,36751,245.919,0.196092
36783ms,36783,246.233,0.196459
36847ms,36847,247.120,0.196898
36880ms,36880,247.557,0.197581
36912ms,36912,248.016,0.197904
36944ms,36944,248.505,0.198331
36975ms,36975,248.921,0.198721
37055ms,37055,250.137,0.199690
37087ms,37087,250.545,0.200044
37119ms,37119,250.729,0.200545
37151ms,37151,250.587,0.200380
37183ms,37183,250.648,0.200432
37215ms,37215,250.596,0.200263
37247ms,37247,250.640,0.200304
37280ms,37280,250.721,0.200207
37312ms,37312,250.673,0.200329
37344ms,37344,250.622,0.200140
37391ms,37391,250.647,0.200144
37423ms,37423,250.680,0.200378
37455ms,37455,250.755,0.200342
37487ms,37487,250.669,0.200439
37519ms,37519,250.830,0.200481
37551ms,37551,250.061,0.200057
37583ms,37583,249.285,0.199334
37615ms,37615,248.442,0.198862
37647ms,37647,247.632,0.198055
37680ms,37680,246.776,0.197322
37712ms,37712,246.045,0.196680
37759ms,37759,245.351,0.196565
37791ms,37791,245.194,0.196221
37823ms,37823,244.699,0.196265
37855ms,37855,244.478,0.195840
37887ms,37887,244.450,0.195588
37919ms,37919,244.521,0.195423
37951ms,37951,244.419,0.195563
37983ms,37983,244.557,0.195518
38015ms,38015,244.455,0.195490
38048ms,38048,244.455,0.195253
38080ms,38080,244.621,0.195434
38112ms,38112,244.922,0.195621
38159ms,38159,244.910,0.195649
38191ms,38191,245.286,0.195784
38223ms,38223,245.689,0.196253
38287ms,38287,246.391,0.196664
38319ms,38319,246.753,0.196970
38352ms,38352,247.280,0.197408
38383ms,38383,247.696,0.197376
38416ms,38416,248.151,0.197756
38448ms,38448,248.702,0.198395
38480ms,38480,249.191,0.199015
38527ms,38527,249.768,0.199361
38559ms,38559,250.328,0.199989
38591ms,38591,250.710,0.200427
38623ms,38623,250.598,0.200517
38655ms,38655,250.665,0.200174
38688ms,38688,250.655,0.200327
38719ms,38719,250.646,0.200073
38752ms,38752,250.608,0.200302
38784ms,38784,250.670,0.200140
38816ms,38816,250.648,0.200103
38847ms,38847,250.671,0.200157
38880ms,38880,250.660,0.200182
38927ms,38927,250.696,0.200211
38959ms,38959,250.675,0.200162
38991ms,38991,250.702,0.200477
39023ms,39023,250.772,0.200261
39055ms,39055,249.961,0.199915
39087ms,39087,249.053,0.199189
39119ms,39119,248.242,0.198451
39151ms,39151,247.535,0.197789
39183ms,39183,246.648,0.197163
39215ms,39215,246.003,0.196664
39248ms,39248,245.321,0.196013
39295ms,39295,245.130,0.195969
39327ms,39327,244.705,0.196115
39359ms,39359,244.360,0.195689
39391ms,39391,244.378,0.195468
39423ms,39423,244.376,0.195462
39455ms,39455,244.275,0.195607
39455ms,39455,244.275,0.195607
39519ms,39519,244.539,0.195495
39519ms,39519,244.539,0.195495
39552ms,39552,244.594,0.195235
39552ms,39552,244.594,0.195235
39584ms,39584,244.650,0.195371
39584ms,39584,244.650,0.195371
39616ms,39616,244.915,0.195644
39616ms,39616,244.915,0.195644
39663ms,39663,245.068,0.195479
39663ms,39663,245.068,0.195479
39695ms,39695,245.386,0.195840
39727ms,39727,245.779,0.196083
39759ms,39759,246.107,0.196191
39791ms,39791,246.538,0.196622
39823ms,39823,246.818,0.196916
39855ms,39855,247.376,0.197362
39888ms,39888,247.851,0.197847
39920ms,39920,248.345,0.197974
39951ms,39951,248.753,0.198632
39984ms,39984,249.339,0.199042
40016ms,40016,249.980,0.199505
40063ms,40063,250.462,0.199911
40095ms,40095,250.807,0.200305
40127ms,40127,250.488,0.200310
40159ms,40159,250.497,0.199980
40191ms,40191,250.549,0.199762
40223ms,40223,250.576,0.200035
40255ms,40255,250.517,0.200042
40288ms,40288,250.608,0.200177
40319ms,40319,250.614,0.200111
40352ms,40352,250.534,0.200115
40384ms,40384,250.523,0.200046
40431ms,40431,250.637,0.200126
40463ms,40463,250.655,0.200280
40495ms,40495,250.715,0.200657
40527ms,40527,250.472,0.200278
40559ms,40559,249.690,0.199635
40591ms,40591,248.739,0.199006
40623ms,40623,247.861,0.198556
40655ms,40655,247.070,0.197726
40687ms,40687,246.255,0.196893
40720ms,40720,245.598,0.196573
40751ms,40751,245.203,0.196386
40799ms,40799,245.013,0.196294
40831ms,40831,244.721,0.195580
40863ms,40863,244.453,0.195503
40895ms,40895,244.276,0.195542
40928ms,40928,244.355,0.195539
40960ms,40960,244.442,0.195456
40992ms,40992,244.458,0.195633
41023ms,41023,244.516,0.195418
41055ms,41055,244.521,0.195326
41087ms,41087,244.775,0.195360
41119ms,41119,245.116,0.195763
41152ms,41152,245.251,0.195652
41199ms,41199,245.552,0.195786
41231ms,41231,246.015,0.195745
41263ms,41263,246.230,0.196479
41295ms,41295,246.579,0.196537
41327ms,41327,247.051,0.196980
41359ms,41359,247.503,0.197374
41391ms,41391,248.026,0.197915
41423ms,41423,248.519,0.198312
41456ms,41456,249.043,0.198787
41487ms,41487,249.642,0.199222
41520ms,41520,250.187,0.199691
41567ms,41567,250.705,0.200335
41599ms,41599,250.784,0.200675
41631ms,41631,250.784,0.200274
41663ms,41663,250.703,0.199949
41695ms,41695,250.740,0.200105
41727ms,41727,250.787,0.200160
41759ms,41759,250.801,0.200174
41792ms,41792,250.683,0.200392
41824ms,41824,250.725,0.200267
41855ms,41855,250.775,0.200241
41888ms,41888,250.728,0.200174
41935ms,41935,250.716,0.200179
41967ms,41967,250.764,0.200366
41999ms,41999,250.773,0.200266
42031ms,42031,250.037,0.200064
42063ms,42063,249.231,0.199286
42095ms,42095,248.415,0.198685
42127ms,42127,247.648,0.197926
42159ms,42159,246.735,0.197604
42192ms,42192,245.925,0.196945
42223ms,42223,245.419,0.196474
42256ms,42256,245.170,0.196292
42288ms,42288,244.694,0.196208
42335ms,42335,244.592,0.195476
42367ms,42367,244.450,0.195565
42399ms,42399,244.437,0.195119
42431ms,42431,244.272,0.195647
42463ms,42463,244.389,0.195440
42495ms,42495,244.430,0.195417
42528ms,42528,244.571,0.195111
42560ms,42560,244.751,0.195672
42592ms,42592,244.831,0.195539
42623ms,42623,244.875,0.195656
42656ms,42656,245.357,0.195825
42703ms,42703,245.789,0.196091
42767ms,42767,246.405,0.196399
42799ms,42799,246.756,0.196755
42831ms,42831,247.273,0.197209
42863ms,42863,247.714,0.197292
42895ms,42895,248.235,0.198068
42927ms,42927,248.785,0.198590
42960ms,42960,249.403,0.199018
42991ms,42991,249.841,0.199363
43023ms,43023,250.446,0.200100
43071ms,43071,250.787,0.200426
43103ms,43103,250.544,0.200455
43135ms,43135,250.646,0.200181
43167ms,43167,250.556,0.200399
43199ms,43199,250.554,0.200106
43231ms,43231,250.579,0.200142
43263ms,43263,250.624,0.200096
43295ms,43295,250.714,0.200223
43328ms,43328,250.640,0.200131
43360ms,43360,250.660,0.200240
43392ms,43392,250.697,0.200123
43424ms,43424,250.650,0.200114
43471ms,43471,250.655,0.200405
43503ms,43503,250.731,0.200274
43535ms,43535,249.853,0.199902
43567ms,43567,249.078,0.199184
43599ms,43599,248.181,0.198372
43631ms,43631,247.358,0.197885
43695ms,43695,245.743,0.196704
43728ms,43728,245.219,0.196239
43759ms,43759,245.105,0.196392
43792ms,43792,244.763,0.196120
43839ms,43839,244.503,0.195570
43871ms,43871,244.419,0.195676
43903ms,43903,244.532,0.195477
43935ms,43935,244.304,0.195532
43967ms,43967,244.364,0.195362
43999ms,43999,244.568,0.195523
44031ms,44031,244.552,0.195254
44063ms,44063,244.705,0.195631
44095ms,44095,244.905,0.195641
44128ms,44128,245.155,0.195341
44160ms,44160,245.366,0.195716
44207ms,44207,245.785,0.196150
44239ms,44239,246.127,0.196167
44271ms,44271,246.490,0.196129
44303ms,44303,246.927,0.196975
44335ms,44335,247.368,0.197449
44367ms,44367,247.956,0.197845
44399ms,44399,248.440,0.198049
44431ms,44431,248.852,0.198534
44464ms,44464,249.440,0.199143
44495ms,44495,249.924,0.199560
44528ms,44528,250.446,0.199962
44575ms,44575,250.778,0.200522
44607ms,44607,250.484,0.200241
44639ms,44639,250.608,0.200252
44671ms,44671,250.604,0.200229
44703ms,44703,250.604,0.200335
44735ms,44735,250.576,0.200033
44767ms,44767,250.606,0.200161
44799ms,44799,250.605,0.200129
44831ms,44831,250.619,0.199989
44863ms,44863,250.609,0.200116
44927ms,44927,250.635,0.200225
44975ms,44975,250.827,0.200564
45039ms,45039,249.533,0.199480
45071ms,45071,248.664,0.198896
45103ms,45103,247.793,0.198265
45135ms,45135,247.120,0.197737
45167ms,45167,246.274,0.196620
45199ms,45199,245.508,0.196431
45231ms,45231,245.228,0.196129
45264ms,45264,245.055,0.196239
45295ms,45295,244.433,0.195414
45343ms,45343,244.442,0.195462
45375ms,45375,244.390,0.195438
45407ms,45407,244.382,0.195588
45439ms,45439,244.366,0.195461
45471ms,45471,244.547,0.195128
45503ms,45503,244.596,0.195623
45535ms,45535,244.601,0.195414
45567ms,45567,244.734,0.195378
45599ms,45599,245.064,0.195313
45632ms,45632,245.358,0.195520
45663ms,45663,245.569,0.195896
45695ms,45695,245.911,0.196029
45743ms,45743,246.384,0.196563
45775ms,45775,246.733,0.196679
45807ms,45807,247.216,0.197131
45839ms,45839,247.651,0.197551
45871ms,45871,248.198,0.197760
45903ms,45903,248.538,0.198452
45935ms,45935,249.188,0.198877
45967ms,45967,249.837,0.199313
46000ms,46000,250.235,0.199673
46032ms,46032,250.758,0.200418
46064ms,46064,250.694,0.200460
46111ms,46111,250.702,0.200228
46143ms,46143,250.737,0.200132
46175ms,46175,250.699,0.199979
46207ms,46207,250.675,0.199984
46271ms,46271,250.679,0.200082
46303ms,46303,250.653,0.200074
46336ms,46336,250.694,0.200343
46367ms,46367,250.642,0.200182
46400ms,46400,250.586,0.200097
46432ms,46432,250.639,0.200234
46464ms,46464,250.787,0.200403
46511ms,46511,250.088,0.200139
46543ms,46543,249.202,0.199314
46575ms,46575,248.407,0.198749
46607ms,46607,247.583,0.198030
46639ms,46639,246.618,0.197245
46671ms,46671,245.932,0.196714
46703ms,46703,245.324,0.196344
46735ms,46735,245.146,0.196260
46767ms,46767,244.788,0.196136
46800ms,46800,244.454,0.195915
46832ms,46832,244.432,0.195481
46911ms,46911,244.370,0.195325
46943ms,46943,244.350,0.195529
46975ms,46975,244.529,0.195579
47007ms,47007,244.452,0.195180
47039ms,47039,244.597,0.195105
47071ms,47071,244.854,0.195596
47103ms,47103,244.984,0.195681
47135ms,47135,245.368,0.195881
47167ms,47167,245.774,0.196174
47199ms,47199,246.070,0.196122
47247ms,47247,246.510,0.196412
47279ms,47279,246.918,0.196758
47311ms,47311,247.431,0.197421
47343ms,47343,247.831,0.197892
47375ms,47375,248.339,0.198106
47407ms,47407,248.777,0.198678
47439ms,47439,249.366,0.199055
47471ms,47471,250.057,0.199580
47535ms,47535,250.786,0.200420
47567ms,47567,250.622,0.200355
47615ms,47615,250.735,0.200264
47647ms,47647,250.767,0.200187
47679ms,47679,250.734,0.200142
47711ms,47711,250.793,0.200191
47743ms,47743,250.798,0.199988
47775ms,47775,250.779,0.200138
47807ms,47807,250.752,0.200151
47839ms,47839,250.807,0.200165
47871ms,47871,250.744,0.200151
47903ms,47903,250.681,0.200165
47935ms,47935,250.746,0.200538
47983ms,47983,250.478,0.200212
48015ms,48015,249.707,0.199705
48047ms,48047,248.805,0.199098
48079ms,48079,248.000,0.198351
48111ms,48111,247.249,0.197612
48143ms,48143,246.431,0.196875
48175ms,48175,245.535,0.196451
48207ms,48207,245.256,0.196267
48239ms,48239,245.062,0.196233
48271ms,48271,244.571,0.195767
48303ms,48303,244.472,0.195508
48335ms,48335,244.367,0.195232
48383ms,48383,244.484,0.195347
48415ms,48415,244.366,0.195564
48447ms,48447,244.278,0.195269
48479ms,48479,244.576,0.195499
48511ms,48511,244.547,0.195192
48543ms,48543,244.722,0.195212
48575ms,48575,244.910,0.195687
48607ms,48607,245.138,0.195426
48639ms,48639,245.394,0.195786
48671ms,48671,245.804,0.196029
48703ms,48703,246.100,0.196153
48736ms,48736,246.526,0.196633
48783ms,48783,246.876,0.196938
48815ms,48815,247.408,0.197422
48847ms,48847,247.898,0.197756
48879ms,48879,248.468,0.198053
48911ms,48911,248.838,0.198552
48943ms,48943,249.408,0.199103
48975ms,48975,249.992,0.199648
49039ms,49039,250.811,0.200427
49071ms,49071,250.477,0.200369
49103ms,49103,250.625,0.200093
49183ms,49183,250.560,0.200070
49215ms,49215,250.614,0.200107
49247ms,49247,250.561,0.200184
49279ms,49279,250.569,0.200174
49311ms,49311,250.518,0.200208
49343ms,49343,250.561,0.200104
49375ms,49375,250.569,0.200144
49407ms,49407,250.612,0.200352
49439ms,49439,250.771,0.200543
49471ms,49471,250.458,0.200347
49519ms,49519,249.598,0.199710
49551ms,49551,248.612,0.199085
49583ms,49583,247.894,0.198275
49615ms,49615,247.065,0.197544
49647ms,49647,246.080,0.196767
49679ms,49679,245.551,0.196289
49711ms,49711,245.208,0.195929
49743ms,49743,245.012,0.196297
49775ms,49775,244.600,0.195515
49807ms,49807,244.262,0.195413
49839ms,49839,244.469,0.195470
49887ms,49887,244.356,0.195339
49919ms,49919,244.523,0.195145
49951ms,49951,244.634,0.195252
49983ms,49983,244.569,0.195429
50015ms,50015,244.533,0.195263
50047ms,50047,244.684,0.195120
50079ms,50079,245.056,0.195613
50111ms,50111,245.185,0.195744
50143ms,50143,245.544,0.196002
50175ms,50175,245.879,0.196048
50207ms,50207,246.206,0.196267
50287ms,50287,247.112,0.197158
50319ms,50319,247.560,0.197450
50351ms,50351,248.102,0.197921
50383ms,50383,248.495,0.198181
50415ms,50415,249.062,0.198792
50447ms,50447,249.694,0.199337
50479ms,50479,250.094,0.199524
50511ms,50511,250.703,0.200290
50543ms,50543,250.696,0.200479
50575ms,50575,250.712,0.200302
50607ms,50607,250.622,0.200163
50655ms,50655,250.572,0.200228
50687ms,50687,250.640,0.200144
50719ms,50719,250.644,0.200017
50751ms,50751,250.658,0.200224
50783ms,50783,250.680,0.200171
50815ms,50815,250.750,0.200118
50847ms,50847,250.660,0.200141
50879ms,50879,250.676,0.200108
50911ms,50911,250.673,0.200353
50943ms,50943,250.795,0.200428
50975ms,50975,250.264,0.200178
51023ms,51023,249.305,0.199248
51055ms,51055,248.463,0.199098
51087ms,51087,247.706,0.198193
51119ms,51119,246.822,0.197475
51151ms,51151,246.140,0.196958
51183ms,51183,245.390,0.196501
51215ms,51215,245.175,0.196115
51247ms,51247,244.952,0.196168
51279ms,51279,244.594,0.195648
51311ms,51311,244.432,0.195809
51343ms,51343,244.498,0.195424
51375ms,51375,244.313,0.195622
51423ms,51423,244.433,0.195350
51455ms,51455,244.327,0.195376
51519ms,51519,244.647,0.195691
51551ms,51551,244.830,0.195588
51583ms,51583,245.127,0.195466
51615ms,51615,245.321,0.195401
51647ms,51647,245.668,0.196285
51679ms,51679,245.989,0.196124
51711ms,51711,246.269,0.196540
51743ms,51743,246.764,0.197049
51791ms,51791,247.274,0.197110
51823ms,51823,247.756,0.197520
51887ms,51887,248.643,0.198368
51919ms,51919,249.217,0.199000
51951ms,51951,249.757,0.199447
51983ms,51983,250.347,0.199902
52015ms,52015,250.785,0.200543
52047ms,52047,250.625,0.200501
52079ms,52079,250.597,0.200199
52111ms,52111,250.569,0.200086
52159ms,52159,250.639,0.200020
52191ms,52191,250.565,0.200180
52223ms,52223,250.653,0.199977
52255ms,52255,250.607,0.200172
52287ms,52287,250.569,0.200272
52319ms,52319,250.644,0.200246
52351ms,52351,250.671,0.200280
52383ms,52383,250.623,0.200275
52415ms,52415,250.664,0.200512
52447ms,52447,250.754,0.200218
52479ms,52479,249.801,0.199960
52512ms,52512,249.050,0.199322
52559ms,52559,248.091,0.198450
52591ms,52591,247.417,0.197808
52623ms,52623,246.493,0.197086
52655ms,52655,245.758,0.196674
52687ms,52687,245.273,0.196260
52719ms,52719,245.029,0.196222
52751ms,52751,244.587,0.195833
52783ms,52783,244.450,0.195543
52815ms,52815,244.351,0.195863
52847ms,52847,244.358,0.195343
52879ms,52879,244.455,0.195488
52927ms,52927,244.448,0.195514
52959ms,52959,244.448,0.195188
52991ms,52991,244.540,0.195507
53023ms,53023,244.727,0.195347
53055ms,53055,244.866,0.195927
53119ms,53119,245.487,0.196001
53151ms,53151,245.835,0.195843
53183ms,53183,246.103,0.196195
53215ms,53215,246.540,0.196431
53247ms,53247,246.947,0.197162
53279ms,53279,247.512,0.197304
53327ms,53327,247.929,0.197651
53359ms,53359,248.399,0.198139
53391ms,53391,248.878,0.198514
53423ms,53423,249.432,0.199101
53455ms,53455,250.017,0.199510
53487ms,53487,250.499,0.200061
53519ms,53519,250.795,0.200431
53551ms,53551,250.575,0.200326
53583ms,53583,250.590,0.200021
53615ms,53615,250.586,0.200257
53647ms,53647,250.520,0.200030
53695ms,53695,250.596,0.200311
53727ms,53727,250.601,0.200322
53759ms,53759,250.564,0.200436
53791ms,53791,250.649,0.200150
53855ms,53855,250.698,0.200136
53887ms,53887,250.755,0.200183
53919ms,53919,250.872,0.200597
53951ms,53951,250.349,0.200231
53983ms,53983,249.533,0.199890
54015ms,54015,248.695,0.199029
54063ms,54063,247.848,0.198306
54095ms,54095,247.064,0.197719
54127ms,54127,246.144,0.196953
54159ms,54159,245.346,0.196214
54191ms,54191,245.284,0.196180
54223ms,54223,244.960,0.196535
54255ms,54255,244.504,0.195541
54287ms,54287,244.336,0.195558
54319ms,54319,244.465,0.195348
54351ms,54351,244.267,0.195128
54383ms,54383,244.344,0.195523
54431ms,54431,244.300,0.195545
54463ms,54463,244.488,0.195465
54495ms,54495,244.509,0.195282
54527ms,54527,244.759,0.195645
54559ms,54559,245.089,0.195492
54591ms,54591,245.315,0.195638
54623ms,54623,245.538,0.196092
54655ms,54655,246.049,0.196128
54687ms,54687,246.343,0.196419
54719ms,54719,246.785,0.196693
54751ms,54751,247.132,0.197147
54783ms,54783,247.580,0.197472
54831ms,54831,248.062,0.197945
54863ms,54863,248.585,0.198193
54895ms,54895,249.086,0.198960
54927ms,54927,249.516,0.199486
54959ms,54959,250.148,0.199601
54991ms,54991,250.660,0.200156
55023ms,55023,250.676,0.200490
55087ms,55087,250.577,0.200234
55151ms,55151,250.652,0.200041
55199ms,55199,250.594,0.200061
55231ms,55231,250.577,0.200061
55263ms,55263,250.656,0.199928
55295ms,55295,250.634,0.200205
55327ms,55327,250.566,0.199952
55359ms,55359,250.708,0.200431
55391ms,55391,250.701,0.200361
55423ms,55423,250.826,0.200267
55455ms,55455,250.045,0.199982
55487ms,55487,249.128,0.199281
55519ms,55519,248.284,0.198865
55551ms,55551,247.480,0.197879
55599ms,55599,246.527,0.197185
55631ms,55631,245.895,0.196659
55663ms,55663,245.210,0.196367
55695ms,55695,245.088,0.196174
55727ms,55727,244.617,0.195989
55759ms,55759,244.482,0.195560
55791ms,55791,244.407,0.195517
55823ms,55823,244.373,0.195583
55855ms,55855,244.236,0.195346
55887ms,55887,244.375,0.195541
55919ms,55919,244.507,0.195502
55967ms,55967,244.603,0.195098
55999ms,55999,244.605,0.195396
56063ms,56063,245.062,0.195698
56095ms,56095,245.354,0.195925
56127ms,56127,245.839,0.196263
56159ms,56159,246.131,0.196449
56191ms,56191,246.486,0.196450
56223ms,56223,246.861,0.196785
56255ms,56255,247.310,0.197181
56287ms,56287,247.833,0.197374
56335ms,56335,248.304,0.198037
56367ms,56367,248.787,0.198432
56399ms,56399,249.329,0.198934
56431ms,56431,249.879,0.199364
56463ms,56463,250.353,0.199920
56495ms,56495,250.708,0.200391
56527ms,56527,250.550,0.200371
56559ms,56559,250.518,0.200220
56591ms,56591,250.565,0.200232
56623ms,56623,250.526,0.200189
56655ms,56655,250.592,0.200005
56703ms,56703,250.517,0.200272
56735ms,56735,250.569,0.200058
56767ms,56767,250.577,0.200053
56799ms,56799,250.535,0.200069
56831ms,56831,250.605,0.200102
56863ms,56863,250.641,0.200171
56895ms,56895,250.691,0.200185
56927ms,56927,250.580,0.200204
56959ms,56959,249.833,0.199745
56991ms,56991,248.850,0.199196
57023ms,57023,248.056,0.198447
57055ms,57055,247.301,0.197598
57103ms,57103,246.463,0.197183
57135ms,57135,245.687,0.196536
57167ms,57167,245.253,0.196144
57199ms,57199,245.010,0.195935
57231ms,57231,244.572,0.195588
57263ms,57263,244.435,0.195918
57295ms,57295,244.272,0.195399
57327ms,57327,244.325,0.195299
57359ms,57359,244.421,0.195354
57392ms,57392,244.401,0.195255
57424ms,57424,244.542,0.195441
57455ms,57455,244.564,0.195473
57503ms,57503,244.687,0.195401
57535ms,57535,244.881,0.195746
57567ms,57567,245.077,0.195383
57599ms,57599,245.492,0.195873
57632ms,57632,245.953,0.195990
57695ms,57695,246.539,0.196826
57727ms,57727,246.990,0.196897
57759ms,57759,247.452,0.197456
57791ms,57791,247.956,0.197650
57823ms,57823,248.523,0.198149
57871ms,57871,248.915,0.198862
57903ms,57903,249.589,0.199180
57967ms,57967,250.646,0.200073
57999ms,57999,250.690,0.200413
58031ms,58031,250.636,0.200439
58063ms,58063,250.544,0.200032
58095ms,58095,250.581,0.200004
58127ms,58127,250.642,0.200078
58159ms,58159,250.609,0.200196
58191ms,58191,250.662,0.200107
58239ms,58239,250.570,0.200094
58271ms,58271,250.650,0.200040
58303ms,58303,250.631,0.200099
58335ms,58335,250.639,0.200110
58367ms,58367,250.652,0.200299
58399ms,58399,250.813,0.200531
58431ms,58431,250.231,0.200254
58463ms,58463,249.371,0.199350
58495ms,58495,248.533,0.198629
58527ms,58527,247.829,0.198378
58559ms,58559,246.966,0.197840
58607ms,58607,246.137,0.197083
58639ms,58639,245.433,0.196286
58671ms,58671,245.247,0.196202
58703ms,58703,244.873,0.196603
58735ms,58735,244.523,0.195537
58767ms,58767,244.314,0.195850
58799ms,58799,244.356,0.195319
58831ms,58831,244.360,0.195261
58863ms,58863,244.494,0.195182
58895ms,58895,244.518,0.195340
58928ms,58928,244.431,0.195234
58959ms,58959,244.529,0.195379
59007ms,59007,244.740,0.195492
59071ms,59071,245.367,0.195761
59103ms,59103,245.544,0.196016
59135ms,59135,245.983,0.196184
59167ms,59167,246.322,0.196421
59231ms,59231,247.082,0.197281
59263ms,59263,247.615,0.197487
59295ms,59295,248.097,0.197806
59327ms,59327,248.550,0.198511
59375ms,59375,249.115,0.198720
59407ms,59407,249.664,0.199384
59439ms,59439,250.230,0.199774
59471ms,59471,250.671,0.200325
59503ms,59503,250.592,0.200436
59535ms,59535,250.653,0.200261
59567ms,59567,250.591,0.200091
59599ms,59599,250.571,0.200141
59631ms,59631,250.596,0.199986
59663ms,59663,250.645,0.199997
59695ms,59695,250.578,0.200159
59743ms,59743,250.627,0.200157
59775ms,59775,250.605,0.200089
59807ms,59807,250.617,0.200103
59839ms,59839,250.618,0.200019
59871ms,59871,250.690,0.200276
59903ms,59903,250.700,0.200249
59935ms,59935,250.000,0.199987
59967ms,59967,249.236,0.198999
59999ms,59999,248.390,0.198579
60032ms,60032,247.585,0.197959
60063ms,60063,246.690,0.197416
60095ms,60095,245.972,0.196739
60143ms,60143,245.335,0.196321
60175ms,60175,245.109,0.196352
60207ms,60207,244.684,0.195963
60239ms,60239,244.386,0.195586
60303ms,60303,244.391,0.195309
60335ms,60335,244.332,0.195507
60367ms,60367,244.487,0.195537
60399ms,60399,244.356,0.195313
60431ms,60431,244.646,0.195140
60463ms,60463,244.601,0.195134
60511ms,60511,244.960,0.195707
60543ms,60543,244.933,0.195826
60575ms,60575,245.317,0.195915
60607ms,60607,245.764,0.196075
60639ms,60639,246.123,0.196360
60671ms,60671,246.407,0.196669
60703ms,60703,246.824,0.196671
60735ms,60735,247.324,0.197229
60767ms,60767,247.699,0.197668
60799ms,60799,248.148,0.198131
60831ms,60831,248.663,0.198503
60863ms,60863,249.249,0.198877
60911ms,60911,249.786,0.199482
60943ms,60943,250.326,0.199935
60975ms,60975,250.667,0.200272
61007ms,61007,250.599,0.200444
61039ms,61039,250.611,0.200089
61071ms,61071,250.583,0.200167
61103ms,61103,250.642,0.200141
61135ms,61135,250.623,0.200340
61167ms,61167,250.512,0.200168
61199ms,61199,250.515,0.200082
61231ms,61231,250.519,0.199977
61279ms,61279,250.568,0.199957
61311ms,61311,250.628,0.200486
61375ms,61375,250.709,0.200395
61407ms,61407,250.548,0.200283
61439ms,61439,249.750,0.200013
61471ms,61471,248.947,0.199082
61503ms,61503,248.056,0.198455
61535ms,61535,247.302,0.197753
61599ms,61599,245.789,0.196619
61647ms,61647,245.281,0.196094
61679ms,61679,245.109,0.196550
61711ms,61711,244.532,0.196135
61743ms,61743,244.588,0.195698
61775ms,61775,244.446,0.195813
61807ms,61807,244.370,0.195394
61839ms,61839,244.367,0.195465
61871ms,61871,244.356,0.195275
61903ms,61903,244.507,0.195248
61935ms,61935,244.558,0.195420
61967ms,61967,244.724,0.195303
62015ms,62015,244.926,0.195723
62047ms,62047,245.133,0.195574
62079ms,62079,245.452,0.195910
62111ms,62111,245.756,0.196237
62143ms,62143,246.065,0.196176
62175ms,62175,246.520,0.196426
62207ms,62207,246.918,0.196923
62239ms,62239,247.409,0.197262
62271ms,62271,247.770,0.197587
62303ms,62303,248.269,0.197861
62335ms,62335,248.805,0.198534
62367ms,62367,249.416,0.199094
62415ms,62415,249.985,0.199579
62447ms,62447,250.477,0.200049
62479ms,62479,250.775,0.200360
62511ms,62511,250.685,0.200166
62543ms,62543,250.721,0.200153
62575ms,62575,250.681,0.200218
62607ms,62607,250.716,0.200069
62639ms,62639,250.655,0.200121
62671ms,62671,250.728,0.200200
62703ms,62703,250.724,0.200179
62735ms,62735,250.723,0.200167
62783ms,62783,250.705,0.200120
62847ms,62847,250.642,0.200184
62879ms,62879,250.825,0.200543
62911ms,62911,250.578,0.200477
62943ms,62943,249.742,0.199874
62975ms,62975,248.810,0.199204
63007ms,63007,248.004,0.198459
63039ms,63039,247.214,0.197591
63071ms,63071,246.421,0.196810
63103ms,63103,245.628,0.196515
63135ms,63135,245.165,0.196134
63183ms,63183,244.974,0.196357
63215ms,63215,244.652,0.195557
63247ms,63247,244.433,0.195517
63279ms,63279,244.429,0.195447
63311ms,63311,244.343,0.195307
63343ms,63343,244.450,0.195412
63375ms,63375,244.486,0.195238
63407ms,63407,244.440,0.195383
63439ms,63439,244.556,0.195470
63471ms,63471,244.697,0.195507
63503ms,63503,244.913,0.195673
63551ms,63551,245.093,0.195741
63583ms,63583,245.427,0.195888
63615ms,63615,246.046,0.195951
63647ms,63647,246.196,0.196409
63679ms,63679,246.672,0.196502
63711ms,63711,247.031,0.197367
63743ms,63743,247.585,0.197233
63775ms,63775,248.070,0.197912
63807ms,63807,248.493,0.198341
63839ms,63839,249.123,0.198719
63871ms,63871,249.548,0.199215
63903ms,63903,250.076,0.199748
63951ms,63951,250.600,0.200152
63983ms,63983,250.693,0.200544
64015ms,64015,250.674,0.200420
64047ms,64047,250.543,0.199909
64079ms,64079,250.565,0.200083
64111ms,64111,250.582,0.200025
64143ms,64143,250.579,0.200026
64175ms,64175,250.617,0.200099
64207ms,64207,250.578,0.199994
64239ms,64239,250.620,0.200128
64271ms,64271,250.598,0.200055
64319ms,64319,250.657,0.199862
64351ms,64351,250.618,0.199935
64383ms,64383,250.842,0.200210
64415ms,64415,250.073,0.200207
64447ms,64447,249.217,0.199260
64479ms,64479,248.462,0.198990
64511ms,64511,247.687,0.198088
64543ms,64543,246.809,0.197510
64575ms,64575,245.949,0.196818
64607ms,64607,245.348,0.196418
64639ms,64639,245.087,0.195853
64687ms,64687,244.670,0.195893
64719ms,64719,244.464,0.195493
64751ms,64751,244.477,0.195729
64783ms,64783,244.333,0.195393
64815ms,64815,244.299,0.195566
64847ms,64847,244.481,0.195499
64879ms,64879,244.411,0.195375
64911ms,64911,244.600,0.195631
64943ms,64943,244.745,0.195513
64975ms,64975,244.877,0.195464
65007ms,65007,244.987,0.195824
65039ms,65039,245.340,0.195951
65087ms,65087,245.790,0.196046
65119ms,65119,246.031,0.196184
65151ms,65151,246.447,0.196617
65183ms,65183,246.769,0.196890
65215ms,65215,247.309,0.197190
65247ms,65247,247.679,0.197544
65279ms,65279,248.203,0.197954
65311ms,65311,248.735,0.198518
65343ms,65343,249.249,0.198766
65375ms,65375,249.855,0.199424
65407ms,65407,250.244,0.199769
65455ms,65455,250.791,0.200432
65487ms,65487,250.560,0.200365
65519ms,65519,250.621,0.200133
65583ms,65583,250.540,0.199981
65615ms,65615,250.596,0.199991
65647ms,65647,250.609,0.200275
65679ms,65679,250.586,0.200224
65711ms,65711,250.574,0.200156
65743ms,65743,250.596,0.200094
65775ms,65775,250.663,0.200250
65823ms,65823,250.596,0.200328
65855ms,65855,250.667,0.200324
65887ms,65887,250.634,0.200257
65919ms,65919,249.842,0.199925
65951ms,65951,248.991,0.199239
65983ms,65983,248.147,0.198548
66015ms,66015,247.376,0.197735
66047ms,66047,246.402,0.197104
66079ms,66079,245.804,0.196750
66111ms,66111,245.318,0.196229
66143ms,66143,245.069,0.196372
66175ms,66175,244.593,0.195865
66223ms,66223,244.423,0.195616
66255ms,66255,244.432,0.195805
66287ms,66287,244.381,0.195280
66319ms,66319,244.337,0.195617
66351ms,66351,244.346,0.195145
66383ms,66383,244.521,0.195962
66415ms,66415,244.455,0.195221
66447ms,66447,244.621,0.195244
66479ms,66479,244.905,0.195602
66511ms,66511,245.050,0.195487
66591ms,66591,245.904,0.196215
66623ms,66623,246.234,0.196379
66655ms,66655,246.555,0.196527
66687ms,66687,246.858,0.197072
66719ms,66719,247.398,0.197340
66751ms,66751,247.952,0.197838
66783ms,66783,248.416,0.198212
66815ms,66815,248.887,0.198577
66847ms,66847,249.440,0.199021
66879ms,66879,250.086,0.199626
66911ms,66911,250.551,0.200191
66959ms,66959,250.708,0.200215
66991ms,66991,250.635,0.200213
67023ms,67023,250.578,0.200242
67055ms,67055,250.573,0.199993
67087ms,67087,250.611,0.200076
67119ms,67119,250.568,0.200068
67151ms,67151,250.584,0.200172
67183ms,67183,250.595,0.200176
67215ms,67215,250.577,0.199995
67247ms,67247,250.595,0.200190
67279ms,67279,250.662,0.200057
67327ms,67327,250.667,0.200118
67359ms,67359,250.733,0.200495
67391ms,67391,250.520,0.200252
67423ms,67423,249.775,0.199980
67455ms,67455,248.792,0.199154
67487ms,67487,247.974,0.198252
67519ms,67519,247.223,0.197746
67551ms,67551,246.333,0.196886
67583ms,67583,245.600,0.196578
67615ms,67615,245.205,0.196059
67647ms,67647,244.991,0.196091
67679ms,67679,244.540,0.195272
67727ms,67727,244.378,0.195874
67759ms,67759,244.301,0.195832
67791ms,67791,244.367,0.195415
67823ms,67823,244.312,0.195275
67855ms,67855,244.394,0.195289
67887ms,67887,244.495,0.195565
67919ms,67919,244.537,0.195483
67951ms,67951,244.672,0.195563
67983ms,67983,244.860,0.195768
68015ms,68015,245.088,0.195714
68047ms,68047,245.429,0.195909
68095ms,68095,245.882,0.195951
68127ms,68127,246.114,0.196337
68159ms,68159,246.592,0.196822
68191ms,68191,246.943,0.197126
68223ms,68223,247.534,0.197290
68255ms,68255,247.889,0.197678
68319ms,68319,248.933,0.198798
68351ms,68351,249.518,0.199180
68383ms,68383,249.948,0.199447
68447ms,68447,250.686,0.200441
68495ms,68495,250.526,0.200199
68527ms,68527,250.616,0.200092
68559ms,68559,250.592,0.200014
68591ms,68591,250.540,0.199946
68623ms,68623,250.550,0.199891
68655ms,68655,250.630,0.200021
68687ms,68687,250.594,0.200044
68719ms,68719,250.608,0.200041
68751ms,68751,250.581,0.200040
68783ms,68783,250.607,0.200130
68815ms,68815,250.582,0.200377
68863ms,68863,250.791,0.200490
68895ms,68895,250.268,0.200162
68927ms,68927,249.528,0.199568
68959ms,68959,248.647,0.198935
68991ms,68991,247.818,0.198115
69023ms,69023,246.938,0.197752
69055ms,69055,246.239,0.197192
69087ms,69087,245.372,0.196249
69119ms,69119,245.298,0.196111
69151ms,69151,244.869,0.196468
69183ms,69183,244.558,0.195409
69231ms,69231,244.205,0.195408
69263ms,69263,244.246,0.195308
69295ms,69295,244.295,0.195546
69327ms,69327,244.404,0.195512
69359ms,69359,244.341,0.195379
69391ms,69391,244.602,0.195299
69423ms,69423,244.788,0.195426
69455ms,69455,244.873,0.195738
69487ms,69487,245.033,0.195529
69519ms,69519,245.334,0.195504
69551ms,69551,245.790,0.196064
69583ms,69583,246.014,0.196444
69631ms,69631,246.328,0.196575
69663ms,69663,246.693,0.196739
69695ms,69695,247.197,0.197306
69727ms,69727,247.694,0.197458
69759ms,69759,248.143,0.197838
69791ms,69791,248.796,0.198586
69823ms,69823,249.182,0.198822
69855ms,69855,249.777,0.199498
69887ms,69887,250.234,0.199864
69919ms,69919,250.708,0.200260
69951ms,69951,250.608,0.200585
69999ms,69999,250.643,0.200169
70031ms,70031,250.630,0.199849
70063ms,70063,250.561,0.200096
70095ms,70095,250.613,0.200300
70159ms,70159,250.606,0.200093
70191ms,70191,250.627,0.200132
70223ms,70223,250.659,0.200206
70255ms,70255,250.643,0.200221
70287ms,70287,250.720,0.200092
70319ms,70319,250.679,0.200476
70367ms,70367,250.567,0.200178
70399ms,70399,249.834,0.199901
70431ms,70431,248.918,0.199106
70463ms,70463,248.126,0.198597
70495ms,70495,247.386,0.197799
70527ms,70527,246.417,0.197321
70559ms,70559,245.670,0.196700
70591ms,70591,245.249,0.196198
70623ms,70623,244.948,0.196199
70655ms,70655,244.643,0.195623
70687ms,70687,244.408,0.195582
70719ms,70719,244.332,0.195970
70767ms,70767,244.439,0.195438
70799ms,70799,244.419,0.195067
70831ms,70831,244.490,0.195418
70863ms,70863,244.389,0.195297
70895ms,70895,244.479,0.195465
70927ms,70927,244.727,0.195526
70959ms,70959,244.863,0.195670
70991ms,70991,245.112,0.195514
71023ms,71023,245.351,0.195955
71055ms,71055,245.847,0.195998
71087ms,71087,246.129,0.196239
71167ms,71167,246.907,0.197036
71199ms,71199,247.299,0.197647
71231ms,71231,247.826,0.197858
71263ms,71263,248.217,0.198197
71295ms,71295,248.738,0.198594
71327ms,71327,249.391,0.198810
71359ms,71359,249.906,0.199595
71391ms,71391,250.445,0.200012
71423ms,71423,250.699,0.200272
71455ms,71455,250.531,0.200319
71503ms,71503,250.540,0.200232
71535ms,71535,250.568,0.200231
71567ms,71567,250.626,0.200126
71599ms,71599,250.498,0.200112
71631ms,71631,250.552,0.200032
71663ms,71663,250.627,0.200209
71695ms,71695,250.572,0.200399
71727ms,71727,250.598,0.200356
71759ms,71759,250.569,0.199994
71791ms,71791,250.552,0.200304
71823ms,71823,250.744,0.200578
71855ms,71855,250.448,0.200420
71903ms,71903,249.609,0.199894
71935ms,71935,248.805,0.198898
71967ms,71967,247.974,0.198521
71999ms,71999,247.103,0.197722
72031ms,72031,246.375,0.196912
72063ms,72063,245.587,0.196618
72095ms,72095,245.148,0.195939
72127ms,72127,245.074,0.196542
72159ms,72159,244.648,0.195788
72191ms,72191,244.532,0.195570
72223ms,72223,244.212,0.195467
72271ms,72271,244.268,0.195920
72303ms,72303,244.429,0.195441
72335ms,72335,244.466,0.195400
72367ms,72367,244.631,0.195083
72399ms,72399,244.581,0.195368
72431ms,72431,244.736,0.195288
72463ms,72463,245.087,0.195420
72495ms,72495,245.266,0.195467
72527ms,72527,245.628,0.196034
72559ms,72559,245.972,0.195924
72623ms,72623,246.649,0.196803
72671ms,72671,247.168,0.197100
72703ms,72703,247.677,0.197430
72735ms,72735,248.008,0.197941
72767ms,72767,248.539,0.198339
72799ms,72799,249.100,0.198722
72831ms,72831,249.668,0.199273
72863ms,72863,250.157,0.199621
72895ms,72895,250.686,0.200148
72927ms,72927,250.671,0.200520
72959ms,72959,250.614,0.200106
72991ms,72991,250.542,0.200179
73039ms,73039,250.511,0.200306
73071ms,73071,250.559,0.200106
73103ms,73103,250.600,0.199994
73135ms,73135,250.601,0.200147
73167ms,73167,250.586,0.200135
73231ms,73231,250.519,0.200063
73263ms,73263,250.625,0.199996
73295ms,73295,250.633,0.200368
73327ms,73327,250.836,0.200437
73359ms,73359,250.152,0.200375
73407ms,73407,249.382,0.199355
73439ms,73439,248.573,0.198790
73471ms,73471,247.689,0.198136
73507ms,73507,246.852,0.197465
73535ms,73535,246.124,0.196738
73567ms,73567,245.361,0.196253
73599ms,73599,245.121,0.196092
73631ms,73631,244.879,0.195897
73663ms,73663,244.475,0.195445
73695ms,73695,244.457,0.195959
73775ms,73775,244.352,0.195616
73807ms,73807,244.489,0.195716
73839ms,73839,244.383,0.195374
73871ms,73871,244.548,0.195152
73903ms,73903,244.647,0.195688
73935ms,73935,244.775,0.195403
73967ms,73967,245.043,0.195291
73999ms,73999,245.295,0.195609
74031ms,74031,245.673,0.196140
74063ms,74063,245.993,0.195978
74095ms,74095,246.336,0.196759
74143ms,74143,246.685,0.196800
74175ms,74175,247.293,0.197052
74207ms,74207,247.698,0.197553
74239ms,74239,248.172,0.197802
74271ms,74271,248.646,0.198416
74303ms,74303,249.165,0.198901
74335ms,74335,249.760,0.199361
74367ms,74367,250.273,0.199872
74399ms,74399,250.802,0.200355
74431ms,74431,250.618,0.200436
74463ms,74463,250.628,0.200195
74495ms,74495,250.636,0.200169
74543ms,74543,250.612,0.200132
74575ms,74575,250.625,0.200061
74607ms,74607,250.576,0.200108
74639ms,74639,250.662,0.200070
74671ms,74671,250.614,0.199892
74703ms,74703,250.557,0.200027
74735ms,74735,250.643,0.200142
74767ms,74767,250.592,0.200381
74799ms,74799,250.712,0.200363
74831ms,74831,250.684,0.200182
74863ms,74863,249.928,0.199974
74895ms,74895,249.059,0.199187
74943ms,74943,248.235,0.198848
74975ms,74975,247.450,0.197963
75007ms,75007,246.527,0.197083
75071ms,75071,245.211,0.196209
75103ms,75103,245.091,0.196210
75135ms,75135,244.657,0.195770
75167ms,75167,244.348,0.195604
75199ms,75199,244.414,0.195428
75231ms,75231,244.279,0.195349
75263ms,75263,244.469,0.195343
75311ms,75311,244.418,0.195168
75343ms,75343,244.494,0.195134
75375ms,75375,244.463,0.195292
75407ms,75407,244.726,0.195327
75439ms,75439,244.893,0.195673
75471ms,75471,245.107,0.195432
75503ms,75503,245.414,0.195651
75535ms,75535,245.787,0.196141
75567ms,75567,246.116,0.196523
75599ms,75599,246.459,0.196602
75632ms,75632,246.907,0.196909
75679ms,75679,247.346,0.197218
75711ms,75711,247.787,0.197647
75743ms,75743,248.298,0.198159
75775ms,75775,248.779,0.198720
75807ms,75807,249.341,0.198994
75839ms,75839,250.036,0.199627
75871ms,75871,250.511,0.200095
75903ms,75903,250.669,0.200378
75935ms,75935,250.581,0.200354
75967ms,75967,250.579,0.200195
75999ms,75999,250.556,0.200098
76031ms,76031,250.605,0.200127
76079ms,76079,250.610,0.200173
76111ms,76111,250.602,0.200087
76143ms,76143,250.568,0.200072
76175ms,76175,250.590,0.200122
76207ms,76207,250.567,0.200151
76239ms,76239,250.636,0.199944
76271ms,76271,250.626,0.200325
76303ms,76303,250.698,0.200462
76335ms,76335,250.406,0.200171
76367ms,76367,249.666,0.199675
76447ms,76447,248.015,0.198364
76511ms,76511,246.478,0.196972
76543ms,76543,245.712,0.196414
76575ms,76575,245.321,0.196279
76607ms,76607,244.970,0.196041
76639ms,76639,244.628,0.195568
76671ms,76671,244.409,0.195671
76703ms,76703,244.154,0.195690
76735ms,76735,244.233,0.195671
76767ms,76767,244.418,0.195410
76815ms,76815,244.551,0.195319
76847ms,76847,244.469,0.195281
76879ms,76879,244.452,0.195584
76911ms,76911,244.691,0.195408
76943ms,76943,245.021,0.195435
76975ms,76975,245.272,0.195507
77007ms,77007,245.558,0.195939
77039ms,77039,245.923,0.196116
77071ms,77071,246.229,0.196412
77103ms,77103,246.706,0.196625
77135ms,77135,247.199,0.197062
77183ms,77183,247.640,0.197433
77215ms,77215,248.035,0.197961
77247ms,77247,248.475,0.198405
77279ms,77279,248.966,0.198698
77311ms,77311,249.543,0.199185
77343ms,77343,250.070,0.199540
77375ms,77375,250.521,0.199989
77407ms,77407,250.702,0.200361
77439ms,77439,250.630,0.200349
77471ms,77471,250.521,0.200210
77503ms,77503,250.524,0.200174
77535ms,77535,250.547,0.200061
77583ms,77583,250.588,0.200118
77615ms,77615,250.576,0.200126
77647ms,77647,250.503,0.200248
77679ms,77679,250.532,0.200218
77711ms,77711,250.639,0.200030
77743ms,77743,250.636,0.200103
77775ms,77775,250.611,0.200162
77839ms,77839,250.392,0.200301
77871ms,77871,249.514,0.199644
77903ms,77903,248.781,0.198942
77951ms,77951,247.797,0.198185
77983ms,77983,247.104,0.197785
78015ms,78015,246.171,0.197024
78047ms,78047,245.380,0.196362
78079ms,78079,245.211,0.196200
78111ms,78111,244.954,0.196261
78143ms,78143,244.540,0.195450
78175ms,78175,244.415,0.195447
78207ms,78207,244.293,0.195390
78239ms,78239,244.234,0.195396
78271ms,78271,244.438,0.195317
78303ms,78303,244.411,0.195502
78351ms,78351,244.484,0.195513
78383ms,78383,244.505,0.195404
78415ms,78415,244.728,0.195427
78447ms,78447,245.018,0.195558
78479ms,78479,245.156,0.195661
78511ms,78511,245.589,0.196130
78543ms,78543,245.933,0.196204
78575ms,78575,246.202,0.196345
78607ms,78607,246.667,0.196706
78639ms,78639,247.112,0.197069
78671ms,78671,247.586,0.197288
78719ms,78719,248.031,0.197752
78751ms,78751,248.541,0.198419
78783ms,78783,249.073,0.198690
78815ms,78815,249.730,0.199270
78943ms,78943,250.634,0.200063
78975ms,78975,250.571,0.200360
79007ms,79007,250.533,0.199873
79039ms,79039,250.534,0.199879
79087ms,79087,250.584,0.200135
79151ms,79151,250.528,0.200135
79183ms,79183,250.489,0.200221
79215ms,79215,250.536,0.200063
79247ms,79247,250.598,0.200251
79279ms,79279,250.560,0.200321
79311ms,79311,250.726,0.200447
79343ms,79343,250.088,0.200108
79375ms,79375,249.292,0.199317
79407ms,79407,248.440,0.199002
79439ms,79439,247.634,0.198225
79487ms,79487,246.751,0.197521
79519ms,79519,245.999,0.196797
79551ms,79551,245.349,0.196331
79583ms,79583,245.258,0.195907
79615ms,79615,244.796,0.196052
79647ms,79647,244.510,0.195456
79679ms,79679,244.398,0.195425
79711ms,79711,244.363,0.195518
79743ms,79743,244.376,0.195503
79775ms,79775,244.418,0.195634
79807ms,79807,244.393,0.195392
79855ms,79855,244.551,0.195135
79887ms,79887,244.669,0.195624
79951ms,79951,245.112,0.195331
79983ms,79983,245.325,0.195633
80015ms,80015,245.646,0.196142
80047ms,80047,245.922,0.195975
80079ms,80079,246.304,0.196673
80111ms,80111,246.711,0.196812
80143ms,80143,247.145,0.197062
80175ms,80175,247.633,0.197498
80223ms,80223,248.051,0.197885
80255ms,80255,248.627,0.198424
80287ms,80287,249.204,0.198748
80319ms,80319,249.787,0.199373
80351ms,80351,250.162,0.199765
80383ms,80383,250.702,0.200378
80415ms,80415,250.608,0.200349
80447ms,80447,250.599,0.199884
80479ms,80479,250.525,0.200080
80511ms,80511,250.504,0.200088
80543ms,80543,250.570,0.200012
80591ms,80591,250.494,0.200090
80623ms,80623,250.549,0.199929
80655ms,80655,250.498,0.200054
80687ms,80687,250.504,0.200099
80719ms,80719,250.510,0.200156
80751ms,80751,250.576,0.200034
80783ms,80783,250.600,0.200367
80815ms,80815,250.693,0.200276
80847ms,80847,250.023,0.200111
80879ms,80879,249.227,0.199334
80911ms,80911,248.426,0.198816
80943ms,80943,247.565,0.197985
80991ms,80991,246.700,0.197432
81023ms,81023,245.962,0.196742
81055ms,81055,245.235,0.196332
81087ms,81087,245.094,0.196152
81119ms,81119,244.525,0.196296
81151ms,81151,244.412,0.196111
81183ms,81183,244.446,0.195532
81215ms,81215,244.321,0.195557
81247ms,81247,244.378,0.194987
81279ms,81279,244.393,0.195201
81311ms,81311,244.641,0.195552
81343ms,81343,244.447,0.195216
81391ms,81391,244.703,0.195304
81423ms,81423,244.805,0.195497
81455ms,81455,245.054,0.195438
81487ms,81487,245.387,0.195702
81519ms,81519,245.781,0.196171
81551ms,81551,246.008,0.196268
81615ms,81615,246.734,0.196844
81647ms,81647,247.412,0.197249
81711ms,81711,248.231,0.197918
81759ms,81759,248.843,0.198707
81791ms,81791,249.327,0.199099
81823ms,81823,249.945,0.199621
81855ms,81855,250.420,0.199899
81887ms,81887,250.759,0.200448
81919ms,81919,250.565,0.200554
81951ms,81951,250.522,0.200007
81983ms,81983,250.512,0.200064
82015ms,82015,250.569,0.200080
82047ms,82047,250.580,0.200062
82079ms,82079,250.499,0.200212
82127ms,82127,250.557,0.200114
82159ms,82159,250.547,0.200190
82191ms,82191,250.490,0.200153
82223ms,82223,250.576,0.200072
82255ms,82255,250.561,0.200057
82287ms,82287,250.706,0.200326
82319ms,82319,250.381,0.200291
82351ms,82351,249.630,0.199719
82383ms,82383,248.714,0.198930
82415ms,82415,247.946,0.198321
82447ms,82447,247.195,0.197706
82495ms,82495,246.391,0.197085
82527ms,82527,245.596,0.196525
82559ms,82559,245.269,0.196229
82591ms,82591,244.907,0.196122
82623ms,82623,244.485,0.195386
82655ms,82655,244.407,0.195899
82687ms,82687,244.229,0.195739
82719ms,82719,244.208,0.195705
82751ms,82751,244.370,0.195342
82783ms,82783,244.559,0.195585
82815ms,82815,244.420,0.195290
82847ms,82847,244.525,0.195487
82895ms,82895,244.678,0.195510
82927ms,82927,244.841,0.195879
82959ms,82959,245.007,0.195800
82991ms,82991,245.449,0.195913
83055ms,83055,246.172,0.196379
83087ms,83087,246.614,0.196614
83119ms,83119,247.046,0.197021
83151ms,83151,247.511,0.197284
83183ms,83183,247.934,0.197899
83215ms,83215,248.416,0.198348
83263ms,83263,248.908,0.198737
83295ms,83295,249.499,0.199242
83327ms,83327,249.989,0.199497
83359ms,83359,250.540,0.200125
83391ms,83391,250.665,0.200415
83423ms,83423,250.615,0.200119
83455ms,83455,250.599,0.200208
83487ms,83487,250.557,0.200042
83519ms,83519,250.560,0.200042
83551ms,83551,250.545,0.199999
83583ms,83583,250.562,0.200015
83615ms,83615,250.489,0.200089
83695ms,83695,250.567,0.200110
83727ms,83727,250.572,0.200216
83759ms,83759,250.572,0.200450
83791ms,83791,250.798,0.200503
83823ms,83823,250.300,0.200236
83855ms,83855,249.497,0.199677
83887ms,83887,248.617,0.198696
83919ms,83919,247.754,0.198401
83951ms,83951,246.879,0.197889
83983ms,83983,246.147,0.197022
84031ms,84031,245.437,0.196110
84063ms,84063,245.283,0.195889
84095ms,84095,245.083,0.196433
84127ms,84127,244.540,0.195694
84159ms,84159,244.255,0.195578
84191ms,84191,244.436,0.195404
84223ms,84223,244.255,0.195668
84255ms,84255,244.439,0.195415
84287ms,84287,244.327,0.195425
84319ms,84319,244.498,0.195357
84351ms,84351,244.607,0.195382
84399ms,84399,244.707,0.195237
84431ms,84431,245.115,0.195344
84463ms,84463,245.266,0.195513
84495ms,84495,245.609,0.196140
84527ms,84527,246.041,0.196055
84559ms,84559,246.278,0.196589
84591ms,84591,246.759,0.196679
84623ms,84623,247.156,0.197153
84655ms,84655,247.601,0.197458
84687ms,84687,248.155,0.197960
84719ms,84719,248.543,0.198434
84751ms,84751,249.208,0.198945
84799ms,84799,249.730,0.199352
84831ms,84831,250.236,0.199791
84863ms,84863,250.608,0.200335
84895ms,84895,250.593,0.200595
84927ms,84927,250.596,0.200125
84959ms,84959,250.675,0.200211
84991ms,84991,250.607,0.200156
85023ms,85023,250.569,0.200246
85055ms,85055,250.569,0.200093
85087ms,85087,250.572,0.200180
85120ms,85120,250.619,0.200189
85167ms,85167,250.614,0.200170
85199ms,85199,250.593,0.200240
85231ms,85231,250.597,0.200160
85263ms,85263,250.517,0.200230
85295ms,85295,250.732,0.200295
85327ms,85327,250.103,0.200282
85391ms,85391,248.447,0.198793
85455ms,85455,246.679,0.197449
85487ms,85487,245.975,0.196698
85535ms,85535,245.338,0.196311
85567ms,85567,245.134,0.196012
85599ms,85599,244.564,0.196218
85631ms,85631,244.415,0.195400
85663ms,85663,244.411,0.195573
85695ms,85695,244.268,0.195286
85727ms,85727,244.357,0.195711
85759ms,85759,244.447,0.195672
85791ms,85791,244.387,0.195755
85823ms,85823,244.486,0.195479
85855ms,85855,244.512,0.195574
85903ms,85903,244.795,0.195686
85935ms,85935,244.886,0.195613
85967ms,85967,245.265,0.195890
85999ms,85999,245.867,0.196069
86031ms,86031,245.961,0.196354
86063ms,86063,246.424,0.196400
86095ms,86095,246.737,0.196692
86127ms,86127,247.281,0.197192
86159ms,86159,247.722,0.197638
86191ms,86191,248.201,0.197954
86223ms,86223,248.703,0.198481
86255ms,86255,249.349,0.199101
86303ms,86303,249.828,0.199556
86335ms,86335,250.343,0.199964
86367ms,86367,250.757,0.200358
86399ms,86399,250.548,0.200834
86431ms,86431,250.637,0.200270
86463ms,86463,250.625,0.200142
86495ms,86495,250.618,0.200094
86527ms,86527,250.653,0.200018
86559ms,86559,250.696,0.200042
86591ms,86591,250.633,0.200210
86623ms,86623,250.629,0.200156
86671ms,86671,250.633,0.200084
86703ms,86703,250.680,0.200148
86735ms,86735,250.507,0.200331
86799ms,86799,250.506,0.200086
86831ms,86831,249.783,0.199899
86863ms,86863,248.929,0.199249
86895ms,86895,247.968,0.198821
86927ms,86927,247.177,0.197796
86959ms,86959,246.358,0.197314
86991ms,86991,245.634,0.196702
87023ms,87023,245.179,0.196163
87071ms,87071,244.997,0.196170
87103ms,87103,244.535,0.195484
87167ms,87167,244.139,0.195517
87199ms,87199,244.434,0.195346
87231ms,87231,244.308,0.195326
87263ms,87263,244.228,0.195174
87295ms,87295,244.395,0.195330
87327ms,87327,244.502,0.195569
87359ms,87359,244.656,0.195453
87391ms,87391,244.865,0.195704
87439ms,87439,245.051,0.195847
87471ms,87471,245.377,0.195802
87503ms,87503,245.738,0.195898
87535ms,87535,246.065,0.196239
87567ms,87567,246.470,0.196516
87599ms,87599,247.028,0.197096
87631ms,87631,247.401,0.197396
87663ms,87663,247.886,0.197795
87695ms,87695,248.290,0.198225
87727ms,87727,248.812,0.198677
87759ms,87759,249.400,0.199130
87807ms,87807,250.014,0.199477
87839ms,87839,250.494,0.200051
87871ms,87871,250.818,0.200318
87903ms,87903,250.551,0.200197
87935ms,87935,250.530,0.200199
87967ms,87967,250.574,0.200429
87999ms,87999,250.551,0.200160
88031ms,88031,250.545,0.200170
88063ms,88063,250.577,0.200083
88095ms,88095,250.569,0.200096
88127ms,88127,250.507,0.200027
88175ms,88175,250.544,0.200299
88207ms,88207,250.557,0.199941
88271ms,88271,250.694,0.200371
88303ms,88303,250.502,0.200286
88335ms,88335,249.623,0.199688
88367ms,88367,248.759,0.199160
88399ms,88399,248.037,0.198419
88431ms,88431,247.124,0.197675
88463ms,88463,246.333,0.196858
88495ms,88495,245.647,0.196479
88527ms,88527,245.274,0.196236
88575ms,88575,245.017,0.196752
88607ms,88607,244.541,0.195442
88639ms,88639,244.342,0.195711
88671ms,88671,244.228,0.195334
88703ms,88703,244.273,0.195642
88735ms,88735,244.455,0.195561
88767ms,88767,244.478,0.195615
88799ms,88799,244.420,0.195411
88831ms,88831,244.488,0.195315
88863ms,88863,244.626,0.195549
88895ms,88895,244.834,0.195840
88943ms,88943,245.104,0.195712
88975ms,88975,245.414,0.195728
89007ms,89007,245.940,0.196031
89039ms,89039,246.185,0.196161
89071ms,89071,246.499,0.196643
89103ms,89103,247.071,0.196876
89135ms,89135,247.574,0.197221
89167ms,89167,247.889,0.197956
89199ms,89199,248.365,0.198325
89231ms,89231,248.914,0.198696
89263ms,89263,249.444,0.199152
89311ms,89311,250.016,0.199537
89343ms,89343,250.557,0.200136
89375ms,89375,250.664,0.200258
89407ms,89407,250.618,0.200250
89439ms,89439,250.600,0.200133
89471ms,89471,250.654,0.200175
89503ms,89503,250.620,0.200143
89535ms,89535,250.666,0.200167
89567ms,89567,250.571,0.200141
89599ms,89599,250.517,0.200219
89631ms,89631,250.643,0.200159
89663ms,89663,250.637,0.200309
89711ms,89711,250.583,0.200026
89743ms,89743,250.621,0.200009
89775ms,89775,250.833,0.200446
89807ms,89807,250.326,0.200260
89839ms,89839,249.494,0.199627
89871ms,89871,248.669,0.199026
89903ms,89903,247.901,0.198212
89935ms,89935,247.070,0.197704
89967ms,89967,246.233,0.196647
90031ms,90031,245.175,0.196038
90063ms,90063,245.072,0.196173
90111ms,90111,244.646,0.195825
90143ms,90143,244.338,0.195695
90175ms,90175,244.263,0.195401
90207ms,90207,244.314,0.195881
90239ms,90239,244.475,0.195614
90271ms,90271,244.486,0.195380
90303ms,90303,244.565,0.195421
90335ms,90335,244.500,0.195326
90367ms,90367,244.630,0.195294
90399ms,90399,244.957,0.195567
90431ms,90431,245.231,0.195694
90479ms,90479,245.507,0.196003
90511ms,90511,245.974,0.195943
90543ms,90543,246.173,0.196613
90575ms,90575,246.705,0.196597
90639ms,90639,247.571,0.197437
90671ms,90671,248.007,0.197752
90703ms,90703,248.561,0.198290
90735ms,90735,249.191,0.198979
90767ms,90767,249.697,0.199363
90799ms,90799,250.182,0.199655
90847ms,90847,250.656,0.200220
90879ms,90879,250.689,0.200420
90911ms,90911,250.664,0.200179
90943ms,90943,250.522,0.200221
90975ms,90975,250.583,0.200233
91007ms,91007,250.581,0.200373
91039ms,91039,250.555,0.200318
91071ms,91071,250.529,0.200181
91103ms,91103,250.534,0.200106
91135ms,91135,250.574,0.200148
91167ms,91167,250.600,0.200109
91215ms,91215,250.599,0.200029
91247ms,91247,250.535,0.200287
91279ms,91279,250.741,0.200252
91311ms,91311,249.947,0.200054
91343ms,91343,249.185,0.199394
91375ms,91375,248.444,0.198885
91407ms,91407,247.537,0.197893
91439ms,91439,246.732,0.197471
91471ms,91471,246.009,0.196771
91503ms,91503,245.332,0.196218
91535ms,91535,245.078,0.196280
91567ms,91567,244.813,0.195881
91615ms,91615,244.520,0.195168
91647ms,91647,244.375,0.195848
91679ms,91679,244.332,0.195757
91711ms,91711,244.287,0.195394
91743ms,91743,244.362,0.195538
91775ms,91775,244.543,0.195497
91807ms,91807,244.476,0.195391
91839ms,91839,244.612,0.195355
91871ms,91871,244.745,0.195837
91903ms,91903,244.897,0.195848
91935ms,91935,245.258,0.196139
91983ms,91983,245.742,0.196194
92015ms,92015,245.998,0.196516
92079ms,92079,246.727,0.196931
92111ms,92111,247.332,0.197222
92143ms,92143,247.720,0.197705
92175ms,92175,248.181,0.197775
92207ms,92207,248.731,0.198650
92239ms,92239,249.269,0.198987
92271ms,92271,249.794,0.199511
92303ms,92303,250.372,0.199936
92335ms,92335,250.818,0.200275
92383ms,92383,250.653,0.200575
92415ms,92415,250.663,0.200211
92447ms,92447,250.662,0.200138
92479ms,92479,250.639,0.200106
92511ms,92511,250.597,0.200135
92543ms,92543,250.683,0.200059
92575ms,92575,250.632,0.199870
92607ms,92607,250.629,0.200209
92639ms,92639,250.646,0.200303
92671ms,92671,250.672,0.200265
92703ms,92703,250.635,0.200405
92751ms,92751,250.668,0.200386
92783ms,92783,250.492,0.200294
92815ms,92815,249.638,0.199945
92847ms,92847,248.846,0.199068
92879ms,92879,248.016,0.198491
92911ms,92911,247.272,0.197781
92943ms,92943,246.453,0.197101
92975ms,92975,245.700,0.196503
93007ms,93007,245.308,0.196186
93039ms,93039,244.985,0.196427
93071ms,93071,244.517,0.195487
93119ms,93119,244.407,0.195795
93151ms,93151,244.345,0.195725
93183ms,93183,244.226,0.195567
93215ms,93215,244.301,0.195446
93247ms,93247,244.484,0.195573
93279ms,93279,244.404,0.195315
93311ms,93311,244.452,0.195300
93343ms,93343,244.650,0.195594
93375ms,93375,244.929,0.195864
93407ms,93407,245.226,0.195770
93439ms,93439,245.539,0.195899
93471ms,93471,245.952,0.195993
93519ms,93519,246.185,0.196614
93551ms,93551,246.552,0.196952
93583ms,93583,247.066,0.197240
93615ms,93615,247.534,0.197461
93647ms,93647,247.982,0.197844
93679ms,93679,248.447,0.198381
93711ms,93711,249.030,0.198739
93743ms,93743,249.602,0.199186
93775ms,93775,250.063,0.199757
93807ms,93807,250.612,0.200206
93839ms,93839,250.644,0.200818
93887ms,93887,250.695,0.200147
93919ms,93919,250.616,0.200143
93951ms,93951,250.593,0.200189
93983ms,93983,250.592,0.200204
94015ms,94015,250.549,0.200116
94047ms,94047,250.604,0.200028
94079ms,94079,250.640,0.200158
94111ms,94111,250.581,0.200104
94143ms,94143,250.622,0.200152
94175ms,94175,250.689,0.200261
94207ms,94207,250.642,0.200118
94255ms,94255,250.825,0.200603
94287ms,94287,250.231,0.200329
94319ms,94319,249.294,0.199482
94351ms,94351,248.632,0.199065
94383ms,94383,247.635,0.198524
94415ms,94415,246.876,0.197642
94447ms,94447,246.016,0.196811
94479ms,94479,245.352,0.196470
94511ms,94511,245.077,0.195747
94543ms,94543,244.664,0.196007
94575ms,94575,244.517,0.195297
94607ms,94607,244.388,0.195607
94655ms,94655,244.267,0.195636
94687ms,94687,244.262,0.195416
94719ms,94719,244.403,0.195776
94751ms,94751,244.230,0.195487
94783ms,94783,244.487,0.195169
94815ms,94815,244.711,0.195554
94847ms,94847,244.822,0.195552
94879ms,94879,244.937,0.195782
94943ms,94943,245.737,0.196195
94975ms,94975,246.030,0.196233
95023ms,95023,246.372,0.196754
95055ms,95055,246.744,0.196989
95087ms,95087,247.233,0.197270
95119ms,95119,247.700,0.197425
95151ms,95151,248.195,0.197854
95183ms,95183,248.589,0.198429
95247ms,95247,249.786,0.199376
95279ms,95279,250.248,0.199899
95311ms,95311,250.671,0.200191
95343ms,95343,250.605,0.200448
95391ms,95391,250.560,0.200080
95423ms,95423,250.599,0.200157
95455ms,95455,250.618,0.200131
95487ms,95487,250.536,0.200202
95519ms,95519,250.578,0.200063
95551ms,95551,250.636,0.200067
95583ms,95583,250.656,0.200048
95615ms,95615,250.604,0.200123
95647ms,95647,250.637,0.200072
95679ms,95679,250.710,0.200065
95711ms,95711,250.617,0.200370
95759ms,95759,250.664,0.200297
95791ms,95791,249.807,0.200047
95823ms,95823,249.025,0.199341
95855ms,95855,248.128,0.198513
95887ms,95887,247.423,0.197806
95919ms,95919,246.562,0.197108
95951ms,95951,245.730,0.196831
95983ms,95983,245.228,0.196280
96015ms,96015,245.035,0.196398
96047ms,96047,244.594,0.195978
96079ms,96079,244.427,0.195511
96111ms,96111,244.315,0.195721
96159ms,96159,244.308,0.195147
96191ms,96191,244.444,0.195265
96223ms,96223,244.359,0.195276
96255ms,96255,244.408,0.195241
96287ms,96287,244.529,0.195448
96319ms,96319,244.708,0.195427
96351ms,96351,244.937,0.195759
96383ms,96383,245.140,0.195621
96415ms,96415,245.364,0.195735
96479ms,96479,246.112,0.196347
96527ms,96527,246.458,0.196506
96559ms,96559,246.800,0.196763
96591ms,96591,247.456,0.197209
96623ms,96623,247.736,0.197775
96655ms,96655,248.281,0.198036
96687ms,96687,248.792,0.198652
96719ms,96719,249.383,0.198953
96751ms,96751,249.945,0.199669
96783ms,96783,250.406,0.200101
96815ms,96815,250.634,0.200279
96847ms,96847,250.484,0.200203
96879ms,96879,250.484,0.200008
96927ms,96927,250.563,0.200253
96959ms,96959,250.569,0.200010
96991ms,96991,250.502,0.200052
97023ms,97023,250.542,0.200034
97055ms,97055,250.540,0.199977
97119ms,97119,250.485,0.199986
97151ms,97151,250.546,0.200187
97183ms,97183,250.625,0.200267
97215ms,97215,250.710,0.200503
97247ms,97247,250.483,0.200402
97295ms,97295,249.675,0.199960
97327ms,97327,248.761,0.199141
97359ms,97359,247.978,0.198339
97391ms,97391,247.117,0.197489
97423ms,97423,246.334,0.196874
97455ms,97455,245.515,0.196518
97487ms,97487,245.257,0.196215
97519ms,97519,245.045,0.196379
97551ms,97551,244.535,0.195505
97583ms,97583,244.441,0.195694
97615ms,97615,244.379,0.195576
97663ms,97663,244.297,0.195375
97695ms,97695,244.444,0.195305
97727ms,97727,244.534,0.195553
97759ms,97759,244.487,0.195296
97791ms,97791,244.344,0.195254
97823ms,97823,244.647,0.195365
97855ms,97855,244.989,0.195430
97887ms,97887,245.098,0.195615
97919ms,97919,245.498,0.195937
97952ms,97952,245.943,0.195924
97983ms,97983,246.173,0.196365
98031ms,98031,246.581,0.196629
98063ms,98063,247.100,0.196856
98095ms,98095,247.448,0.197591
98127ms,98127,247.970,0.197921
98159ms,98159,248.498,0.198111
98191ms,98191,248.996,0.198781
98223ms,98223,249.559,0.199332
98255ms,98255,250.096,0.199497
98287ms,98287,250.566,0.200097
98319ms,98319,250.648,0.200560
98351ms,98351,250.538,0.200200
98383ms,98383,250.566,0.200069
98431ms,98431,250.534,0.200014
98463ms,98463,250.630,0.200109
98495ms,98495,250.627,0.200326
98527ms,98527,250.535,0.200174
98591ms,98591,250.577,0.200214
98719ms,98719,250.743,0.200370
98751ms,98751,250.062,0.200089
98799ms,98799,249.220,0.199313
98831ms,98831,248.399,0.198819
98863ms,98863,247.595,0.197979
98895ms,98895,246.787,0.197688
98927ms,98927,245.927,0.196737
98959ms,98959,245.415,0.196421
98991ms,98991,245.149,0.196328
99023ms,99023,244.643,0.196354
99055ms,99055,244.364,0.195380
99092ms,99092,244.431,0.195487
99119ms,99119,244.344,0.195491
99151ms,99151,244.316,0.195501
99199ms,99199,244.382,0.195290
99231ms,99231,244.376,0.195227
99263ms,99263,244.560,0.195126
99295ms,99295,244.679,0.195232
99327ms,99327,244.840,0.195413
99359ms,99359,244.991,0.195606
99391ms,99391,245.270,0.195875
99423ms,99423,245.760,0.196102
99455ms,99455,246.027,0.196075
99487ms,99487,246.244,0.196502
99519ms,99519,246.779,0.196841
99567ms,99567,247.278,0.197231
99599ms,99599,247.685,0.197402
99663ms,99663,248.634,0.198408
99695ms,99695,249.234,0.198998
99759ms,99759,250.268,0.199809
99791ms,99791,250.777,0.200439
99823ms,99823,250.623,0.200589
99855ms,99855,250.667,0.200139
99887ms,99887,250.599,0.200141
99935ms,99935,250.653,0.200019
99967ms,99967,250.568,0.199973
99999ms,99999,250.569,0.199997
100031ms,100031,250.512,0.200092
100063ms,100063,250.547,0.199982
100095ms,100095,250.592,0.200183
100127ms,100127,250.602,0.200228
100159ms,100159,250.624,0.200174
100191ms,100191,250.698,0.200555
100223ms,100223,250.513,0.200257
100255ms,100255,249.723,0.199781
100287ms,100287,248.827,0.199016
100335ms,100335,247.978,0.198358
100367ms,100367,247.226,0.197778
100399ms,100399,246.363,0.196955
100431ms,100431,245.648,0.196621
100463ms,100463,245.240,0.196146
100495ms,100495,244.916,0.196324
100527ms,100527,244.542,0.195684
100559ms,100559,244.371,0.195483
100591ms,100591,244.306,0.195822
100623ms,100623,244.304,0.195343
100655ms,100655,244.331,0.195540
100703ms,100703,244.455,0.195510
100735ms,100735,244.453,0.195382
100767ms,100767,244.372,0.195690
100799ms,100799,244.661,0.195544
100831ms,100831,244.873,0.195777
100863ms,100863,245.112,0.195785
100895ms,100895,245.478,0.195850
100927ms,100927,245.986,0.195920
100959ms,100959,246.172,0.196388
101023ms,101023,247.030,0.197046
101055ms,101055,247.572,0.197357
101103ms,101103,248.029,0.197649
101135ms,101135,248.483,0.198372
101167ms,101167,249.049,0.198748
101199ms,101199,249.635,0.199335
101231ms,101231,250.072,0.199668
101263ms,101263,250.653,0.200330
101295ms,101295,250.687,0.200477
101359ms,101359,250.550,0.200173
101391ms,101391,250.577,0.200074
101423ms,101423,250.603,0.200194
101471ms,101471,250.589,0.200128
101503ms,101503,250.595,0.200242
101535ms,101535,250.531,0.200139
101567ms,101567,250.512,0.200130
101599ms,101599,250.512,0.200209
101631ms,101631,250.561,0.200290
101663ms,101663,250.503,0.200080
101695ms,101695,250.717,0.200458
101727ms,101727,250.163,0.200136
101759ms,101759,249.275,0.199294
101791ms,101791,248.412,0.198886
101839ms,101839,247.673,0.197914
101871ms,101871,246.771,0.197449
101903ms,101903,246.047,0.196818
101935ms,101935,245.411,0.196566
101967ms,101967,245.161,0.196182
101999ms,101999,244.896,0.196283
102031ms,102031,244.533,0.195356
102063ms,102063,244.338,0.195629
102095ms,102095,244.423,0.195349
102127ms,102127,244.372,0.195306
102159ms,102159,244.413,0.195597
102207ms,102207,244.317,0.195409
102239ms,102239,244.519,0.195182
102271ms,102271,244.624,0.195618
102303ms,102303,244.762,0.195617
102335ms,102335,244.963,0.195506
102367ms,102367,245.317,0.196092
102399ms,102399,245.763,0.195944
102431ms,102431,246.038,0.196504
102463ms,102463,246.327,0.196604
102495ms,102495,246.739,0.196878
102527ms,102527,247.214,0.197382
102559ms,102559,247.662,0.197593
102607ms,102607,248.196,0.198028
102639ms,102639,248.672,0.198358
102671ms,102671,249.187,0.198827
102703ms,102703,249.804,0.199609
102735ms,102735,250.270,0.199849
102767ms,102767,250.716,0.200385
102799ms,102799,250.589,0.200480
102863ms,102863,250.544,0.200022
102895ms,102895,250.569,0.200094
102927ms,102927,250.535,0.200039
102975ms,102975,250.598,0.199969
103007ms,103007,250.523,0.200186
103039ms,103039,250.579,0.200261
103071ms,103071,250.615,0.200538
103103ms,103103,250.626,0.200280
103135ms,103135,250.595,0.200180
103167ms,103167,250.679,0.200321
103199ms,103199,250.712,0.200277
103231ms,103231,249.902,0.200102
103263ms,103263,249.057,0.199158
103295ms,103295,248.082,0.198577
103327ms,103327,247.329,0.198138
103375ms,103375,246.573,0.197110
103407ms,103407,245.708,0.196693
103439ms,103439,245.260,0.196468
103471ms,103471,244.923,0.196676
103503ms,103503,244.665,0.195934
103535ms,103535,244.444,0.195501
103567ms,103567,244.404,0.195877
103599ms,103599,244.338,0.195277
103631ms,103631,244.289,0.195750
103663ms,103663,244.375,0.195204
103695ms,103695,244.534,0.195347
103743ms,103743,244.574,0.195263
103775ms,103775,244.637,0.195668
103807ms,103807,244.849,0.195637
103839ms,103839,245.156,0.195697
103871ms,103871,245.423,0.195765
103903ms,103903,245.850,0.195973
103935ms,103935,246.180,0.196241
103967ms,103967,246.564,0.196620
103999ms,103999,246.852,0.196999
104063ms,104063,247.801,0.197761
104143ms,104143,248.885,0.198683
104175ms,104175,249.488,0.199007
104207ms,104207,250.017,0.199586
104239ms,104239,250.430,0.199949
104271ms,104271,250.698,0.200404
104303ms,104303,250.583,0.200214
104335ms,104335,250.651,0.200208
104367ms,104367,250.459,0.200175
104399ms,104399,250.523,0.200140
104431ms,104431,250.586,0.200312
104479ms,104479,250.606,0.200251
104511ms,104511,250.523,0.200288
104545ms,104545,250.574,0.200063
104575ms,104575,250.582,0.200088
104607ms,104607,250.692,0.200199
104639ms,104639,250.617,0.200138
104671ms,104671,250.821,0.200469
104703ms,104703,250.477,0.200228
104735ms,104735,249.589,0.199695
104767ms,104767,248.724,0.198964
104799ms,104799,247.887,0.198248
104831ms,104831,247.114,0.197397
104879ms,104879,246.271,0.196871
104911ms,104911,245.399,0.196514
104943ms,104943,245.289,0.196133
104975ms,104975,244.974,0.196362
105007ms,105007,244.583,0.195409
105039ms,105039,244.426,0.195707
105071ms,105071,244.247,0.195265
105103ms,105103,244.260,0.195454
105135ms,105135,244.322,0.195375
105167ms,105167,244.500,0.195503
105199ms,105199,244.393,0.195210
105247ms,105247,244.445,0.195269
105279ms,105279,244.578,0.195326
105311ms,105311,245.098,0.195690
105343ms,105343,245.286,0.195627
105375ms,105375,245.578,0.196080
105407ms,105407,245.909,0.196096
105439ms,105439,246.198,0.196382
105471ms,105471,246.713,0.196764
105503ms,105503,247.061,0.197314
105535ms,105535,247.530,0.197387
105567ms,105567,248.111,0.197930
105599ms,105599,248.514,0.198367
105679ms,105679,249.632,0.199339
105711ms,105711,250.092,0.199783
105743ms,105743,250.634,0.200361
105775ms,105775,250.714,0.200517
105807ms,105807,250.667,0.200444
105839ms,105839,250.627,0.200371
105871ms,105871,250.595,0.200211
105903ms,105903,250.687,0.200208
105935ms,105935,250.614,0.200214
105967ms,105967,250.626,0.200268
106015ms,106015,250.668,0.200081
106047ms,106047,250.656,0.200178
106079ms,106079,250.696,0.200158
106111ms,106111,250.694,0.200143
106143ms,106143,250.618,0.200218
106175ms,106175,250.784,0.200363
106207ms,106207,250.111,0.200098
106271ms,106271,248.422,0.198889
106303ms,106303,247.551,0.198095
106335ms,106335,246.643,0.197423
106383ms,106383,245.851,0.196985
106415ms,106415,245.257,0.196241
106447ms,106447,245.074,0.196388
106479ms,106479,244.616,0.195917
106511ms,106511,244.342,0.195902
106543ms,106543,244.390,0.195796
106575ms,106575,244.283,0.195403
106607ms,106607,244.363,0.195550
106639ms,106639,244.316,0.195485
106671ms,106671,244.464,0.195586
106703ms,106703,244.471,0.195203
106751ms,106751,244.542,0.195250
106783ms,106783,244.907,0.195566
106815ms,106815,245.108,0.195585
106847ms,106847,245.473,0.195684
106879ms,106879,245.756,0.196148
106911ms,106911,246.027,0.196167
106943ms,106943,246.454,0.196399
106975ms,106975,246.854,0.196765
107007ms,107007,247.335,0.197258
107039ms,107039,247.753,0.198022
107103ms,107103,248.847,0.198615
107151ms,107151,249.345,0.199170
107183ms,107183,249.909,0.199690
107215ms,107215,250.390,0.199984
107247ms,107247,250.759,0.200393
107279ms,107279,250.540,0.200341
107311ms,107311,250.554,0.200123
107343ms,107343,250.578,0.200204
107375ms,107375,250.576,0.200373
107407ms,107407,250.543,0.200231
107439ms,107439,250.546,0.200031
107471ms,107471,250.606,0.200301
107519ms,107519,250.568,0.200260
107551ms,107551,250.566,0.200324
107583ms,107583,250.642,0.200113
107615ms,107615,250.542,0.200308
107647ms,107647,250.757,0.200393
107679ms,107679,250.457,0.200288
107711ms,107711,249.613,0.199754
107743ms,107743,248.781,0.199210
107775ms,107775,247.956,0.198745
107807ms,107807,247.161,0.197617
107839ms,107839,246.377,0.196778
107887ms,107887,245.663,0.196417
107919ms,107919,245.143,0.196279
107951ms,107951,245.146,0.196587
107983ms,107983,244.499,0.195440
108015ms,108015,244.399,0.195600
108047ms,108047,244.327,0.195467
108079ms,108079,244.293,0.195249
108111ms,108111,244.356,0.195505
108143ms,108143,244.447,0.195454
108175ms,108175,244.426,0.195167
108207ms,108207,244.343,0.195064
108239ms,108239,244.721,0.195303
108319ms,108319,245.204,0.195930
108351ms,108351,245.571,0.195902
108383ms,108383,245.978,0.196110
108415ms,108415,246.238,0.196371
108447ms,108447,246.626,0.196837
108479ms,108479,247.024,0.197150
108511ms,108511,247.435,0.197646
108543ms,108543,247.903,0.198042
108575ms,108575,248.331,0.198176
108607ms,108607,248.992,0.198820
108639ms,108639,249.510,0.199212
108687ms,108687,249.937,0.199632
108719ms,108719,250.494,0.200049
108751ms,108751,250.711,0.200546
108783ms,108783,250.641,0.200232
108815ms,108815,250.601,0.200266
108847ms,108847,250.603,0.200180
108879ms,108879,250.562,0.199995
108911ms,108911,250.604,0.200010
108943ms,108943,250.601,0.200049
108975ms,108975,250.628,0.200333
109007ms,109007,250.571,0.200231
109055ms,109055,250.646,0.200307
109087ms,109087,250.655,0.200207
109119ms,109119,250.654,0.200262
109183ms,109183,250.187,0.200391
109215ms,109215,249.349,0.199532
109247ms,109247,248.572,0.198922
109279ms,109279,247.730,0.198257
109311ms,109311,246.950,0.197790
109343ms,109343,246.181,0.196642
109375ms,109375,245.354,0.196278
109423ms,109423,245.111,0.196254
109455ms,109455,244.868,0.196345
109487ms,109487,244.532,0.195578
109519ms,109519,244.324,0.195496
109551ms,109551,244.303,0.195404
109583ms,109583,244.301,0.195404
109615ms,109615,244.435,0.195591
109647ms,109647,244.247,0.195332
109679ms,109679,244.490,0.195414
109711ms,109711,244.585,0.195500
109743ms,109743,244.843,0.195347
109791ms,109791,245.109,0.195391
109823ms,109823,245.316,0.195683
109855ms,109855,245.654,0.196337
109887ms,109887,246.030,0.196204
109919ms,109919,246.323,0.196657
109951ms,109951,246.667,0.196721
109983ms,109983,247.162,0.197291
110015ms,110015,247.667,0.197547
110047ms,110047,248.125,0.197970
110079ms,110079,248.581,0.198389
110111ms,110111,249.080,0.198860
110143ms,110143,249.592,0.199359
110191ms,110191,250.182,0.199827
110223ms,110223,250.665,0.200442
110255ms,110255,250.626,0.200572
110287ms,110287,250.600,0.200382
110319ms,110319,250.563,0.200246
110351ms,110351,250.559,0.200228
110383ms,110383,250.631,0.200184
110415ms,110415,250.639,0.200217
110447ms,110447,250.582,0.200261
110511ms,110511,250.677,0.200295
110591ms,110591,250.629,0.200191
110623ms,110623,250.523,0.200139
110655ms,110655,250.740,0.200365
110687ms,110687,250.066,0.200245
110719ms,110719,249.207,0.199569
110751ms,110751,248.361,0.198831
110783ms,110783,247.546,0.198297
110815ms,110815,246.667,0.197239
110847ms,110847,245.867,0.196622
110879ms,110879,245.340,0.196326
110927ms,110927,245.198,0.196354
110959ms,110959,244.580,0.195891
110991ms,110991,244.403,0.195434
111023ms,111023,244.391,0.195511
111055ms,111055,244.310,0.195484
111087ms,111087,244.345,0.195540
111119ms,111119,244.408,0.195649
111151ms,111151,244.463,0.195423
111183ms,111183,244.501,0.195157
111215ms,111215,244.486,0.195636
111247ms,111247,244.845,0.195529
111279ms,111279,245.053,0.195659
111327ms,111327,245.329,0.195872
111359ms,111359,245.688,0.196064
111391ms,111391,246.053,0.196392
111423ms,111423,246.464,0.196516
111455ms,111455,246.770,0.196929
111487ms,111487,247.231,0.197289
111519ms,111519,247.677,0.197747
111551ms,111551,248.238,0.198074
111583ms,111583,248.719,0.198660
111615ms,111615,249.262,0.199039
111647ms,111647,249.791,0.199619
111727ms,111727,250.649,0.200326
111791ms,111791,250.557,0.200219
111823ms,111823,250.531,0.200170
111855ms,111855,250.569,0.200204
111887ms,111887,250.451,0.200120
111919ms,111919,250.480,0.200175
111951ms,111951,250.516,0.200329
111983ms,111983,250.555,0.200210
112015ms,112015,250.534,0.200119
112063ms,112063,250.554,0.200145
112095ms,112095,250.543,0.200195
112127ms,112127,250.559,0.200508
112159ms,112159,250.679,0.200320
112191ms,112191,249.918,0.199767
112223ms,112223,249.026,0.199439
112255ms,112255,248.214,0.198459
112287ms,112287,247.383,0.198052
112319ms,112319,246.400,0.197049
112351ms,112351,245.648,0.196640
112383ms,112383,245.134,0.196323
112415ms,112415,245.125,0.196271
112463ms,112463,244.580,0.196135
112495ms,112495,244.309,0.195636
112527ms,112527,244.345,0.195337
112559ms,112559,244.246,0.195562
112591ms,112591,244.333,0.195439
112623ms,112623,244.405,0.195619
112655ms,112655,244.603,0.195607
112687ms,112687,244.544,0.195258
112719ms,112719,244.535,0.195213
112751ms,112751,244.818,0.195515
112783ms,112783,245.048,0.195503
112831ms,112831,245.402,0.195756
112863ms,112863,245.670,0.196006
112927ms,112927,246.415,0.196499
112991ms,112991,247.273,0.197527
113023ms,113023,247.847,0.197666
113055ms,113055,248.219,0.198156
113087ms,113087,248.814,0.198677
113119ms,113119,249.352,0.198941
113151ms,113151,250.017,0.199580
113199ms,113199,250.429,0.200092
113231ms,113231,250.722,0.200488
113263ms,113263,250.513,0.200278
113295ms,113295,250.657,0.200198
113327ms,113327,250.577,0.200391
113359ms,113359,250.555,0.200286
113391ms,113391,250.673,0.200295
113423ms,113423,250.646,0.200253
113455ms,113455,250.598,0.200268
113487ms,113487,250.590,0.200310
113519ms,113519,250.591,0.200134
113551ms,113551,250.665,0.200157
113599ms,113599,250.545,0.200294
113631ms,113631,250.662,0.200420
113663ms,113663,250.593,0.200245
113695ms,113695,249.735,0.200171
113727ms,113727,248.959,0.199234
113759ms,113759,248.080,0.198387
113791ms,113791,247.341,0.197781
113823ms,113823,246.343,0.197253
113855ms,113855,245.672,0.196650
113887ms,113887,245.239,0.195851
113919ms,113919,245.068,0.196631
113967ms,113967,244.560,0.196077
113999ms,113999,244.311,0.195671
114031ms,114031,244.407,0.195385
114063ms,114063,244.264,0.195314
114095ms,114095,244.376,0.195452
114127ms,114127,244.397,0.195432
114159ms,114159,244.498,0.195466
114191ms,114191,244.466,0.195457
114223ms,114223,244.607,0.195208
114255ms,114255,244.864,0.195496
114287ms,114287,245.081,0.195571
114319ms,114319,245.512,0.195984
114367ms,114367,245.780,0.195938
114399ms,114399,246.110,0.196204
114431ms,114431,246.479,0.196547
114463ms,114463,246.891,0.196894
114495ms,114495,247.387,0.197447
114527ms,114527,247.924,0.197645
114559ms,114559,248.334,0.198229
114591ms,114591,248.775,0.198731
114623ms,114623,249.341,0.199091
114655ms,114655,249.907,0.199552
114687ms,114687,250.386,0.199969
114735ms,114735,250.788,0.200519
114767ms,114767,250.511,0.200214
114799ms,114799,250.518,0.200271
114831ms,114831,250.512,0.200174
114863ms,114863,250.570,0.200246
114895ms,114895,250.595,0.200232
114927ms,114927,250.611,0.200307
114959ms,114959,250.616,0.200260
114991ms,114991,250.595,0.200336
115023ms,115023,250.512,0.199930
115103ms,115103,250.562,0.200204
115135ms,115135,250.750,0.200594
115167ms,115167,250.443,0.200284
115199ms,115199,249.668,0.199709
115231ms,115231,248.727,0.199153
115263ms,115263,247.978,0.198358
115295ms,115295,247.103,0.197823
115327ms,115327,246.380,0.196903
115359ms,115359,245.538,0.196508
115391ms,115391,245.206,0.195992
115423ms,115423,245.149,0.196326
115455ms,115455,244.544,0.195526
115503ms,115503,244.480,0.195509
115535ms,115535,244.207,0.195677
115567ms,115567,244.143,0.195391
115599ms,115599,244.366,0.195495
115631ms,115631,244.414,0.195325
115663ms,115663,244.429,0.195291
115695ms,115695,244.429,0.195272
115727ms,115727,244.725,0.195345
115759ms,115759,244.995,0.195556
115791ms,115791,245.301,0.195735
115823ms,115823,245.644,0.196192
115871ms,115871,245.956,0.196043
115903ms,115903,246.250,0.196326
115935ms,115935,246.608,0.196594
115967ms,115967,247.150,0.197277
115999ms,115999,247.599,0.197479
116031ms,116031,247.999,0.197889
116063ms,116063,248.498,0.198250
116095ms,116095,248.981,0.198717
116127ms,116127,249.666,0.199405
116159ms,116159,250.072,0.199631
116191ms,116191,250.610,0.200296
116239ms,116239,250.692,0.200267
116271ms,116271,250.509,0.200333
116303ms,116303,250.567,0.200393
116335ms,116335,250.549,0.200346
116399ms,116399,250.513,0.200080
116431ms,116431,250.533,0.200285
116463ms,116463,250.534,0.200103
116495ms,116495,250.506,0.200113
116527ms,116527,250.471,0.200219
116559ms,116559,250.532,0.200030
116591ms,116591,250.528,0.200127
116639ms,116639,250.723,0.200199
116671ms,116671,250.008,0.200306
116703ms,116703,249.226,0.199275
116735ms,116735,248.423,0.198818
116767ms,116767,247.692,0.198035
116799ms,116799,246.746,0.197352
116831ms,116831,246.022,0.196719
116863ms,116863,245.372,0.196536
116895ms,116895,245.269,0.196117
116927ms,116927,244.727,0.195866
116959ms,116959,244.446,0.195480
117007ms,117007,244.394,0.195557
117039ms,117039,244.425,0.195317
117071ms,117071,244.357,0.195642
117103ms,117103,244.512,0.195559
117135ms,117135,244.368,0.195301
117167ms,117167,244.495,0.195397
117199ms,117199,244.705,0.195207
117263ms,117263,244.887,0.195626
117295ms,117295,245.329,0.195790
117327ms,117327,245.774,0.196051
117375ms,117375,245.979,0.196555
117407ms,117407,246.442,0.196591
117439ms,117439,246.706,0.196892
117471ms,117471,247.272,0.197223
117503ms,117503,247.778,0.197496
117535ms,117535,248.184,0.198105
117567ms,117567,248.659,0.198427
117599ms,117599,249.221,0.199130
117631ms,117631,249.725,0.199402
117663ms,117663,250.319,0.199909
117695ms,117695,250.747,0.200396
117727ms,117727,250.534,0.200506
117775ms,117775,250.700,0.200344
117807ms,117807,250.625,0.200272
117839ms,117839,250.656,0.200302
117871ms,117871,250.690,0.200238
117903ms,117903,250.674,0.200244
117935ms,117935,250.654,0.200350
117967ms,117967,250.680,0.200385
117999ms,117999,250.644,0.200044
118031ms,118031,250.628,0.200052
118063ms,118063,250.631,0.200316
118095ms,118095,250.650,0.200375
118143ms,118143,250.602,0.200202
118176ms,118176,249.732,0.199859
118207ms,118207,249.001,0.199304
118239ms,118239,248.145,0.198461
118271ms,118271,247.470,0.197882
118303ms,118303,246.436,0.197247
118335ms,118335,245.674,0.196808
118367ms,118367,245.275,0.195984
118399ms,118399,245.093,0.196657
118431ms,118431,244.540,0.195981
118431ms,118431,244.540,0.195981
118463ms,118463,244.424,0.195404
118495ms,118495,244.403,0.195493
118543ms,118543,244.209,0.195647
118607ms,118607,244.363,0.195462
118639ms,118639,244.452,0.195323
118671ms,118671,244.493,0.195366
118703ms,118703,244.624,0.195436
118735ms,118735,244.832,0.195539
118767ms,118767,245.010,0.195636
118799ms,118799,245.423,0.195973
118831ms,118831,245.785,0.195925
118863ms,118863,246.085,0.196381
118911ms,118911,246.479,0.196623
118943ms,118943,246.927,0.197038
118975ms,118975,247.461,0.197141
119007ms,119007,247.932,0.197784
119039ms,119039,248.370,0.198200
119071ms,119071,248.823,0.198702
119103ms,119103,249.418,0.199204
119135ms,119135,250.004,0.199497
119167ms,119167,250.449,0.200120
119199ms,119199,250.663,0.200580
119231ms,119231,250.463,0.200331
119279ms,119279,250.470,0.200380
119311ms,119311,250.461,0.200056
119343ms,119343,250.438,0.199971
119375ms,119375,250.453,0.199917
119407ms,119407,250.435,0.200070
119439ms,119439,250.540,0.200089
119471ms,119471,250.526,0.200272
119503ms,119503,250.494,0.200130
119535ms,119535,250.562,0.200192
119567ms,119567,250.611,0.200131
119599ms,119599,250.706,0.200424
119631ms,119631,250.493,0.200006
119679ms,119679,249.554,0.199677
119711ms,119711,248.723,0.198818
119743ms,119743,247.914,0.198520
119775ms,119775,246.928,0.197547
119807ms,119807,246.238,0.196856
119839ms,119839,245.530,0.196586
119871ms,119871,245.032,0.196041
119903ms,119903,244.935,0.196499
119935ms,119935,244.479,0.195829
119967ms,119967,244.466,0.195422
119999ms,119999,244.225,0.195436
120047ms,120047,244.257,0.195488
120079ms,120079,244.460,0.195377
120111ms,120111,244.379,0.195417
120143ms,120143,244.393,0.195399
120175ms,120175,244.459,0.195313
120207ms,120207,244.791,0.195506
120239ms,120239,244.994,0.195559
120271ms,120271,245.245,0.195711
120303ms,120303,245.513,0.196078
120367ms,120367,246.234,0.196567
120415ms,120415,246.624,0.196852
120447ms,120447,247.160,0.197211
120479ms,120479,247.604,0.197620
120511ms,120511,248.099,0.197842
120543ms,120543,248.555,0.198499
120575ms,120575,249.020,0.198862
120607ms,120607,249.639,0.199323
120639ms,120639,250.149,0.199595
120671ms,120671,250.671,0.200324
120703ms,120703,250.559,0.200493
120735ms,120735,250.603,0.200388
120767ms,120767,250.478,0.200143
120815ms,120815,250.542,0.200325
120847ms,120847,250.561,0.200330
120879ms,120879,250.543,0.200274
120911ms,120911,250.567,0.200193
120943ms,120943,250.520,0.200335
120975ms,120975,250.637,0.200199
121007ms,121007,250.630,0.200388
121071ms,121071,250.582,0.200458
121103ms,121103,250.740,0.200175
121135ms,121135,250.155,0.200148
121183ms,121183,249.261,0.199513
121215ms,121215,248.420,0.198868
121247ms,121247,247.777,0.198196
121279ms,121279,246.821,0.197555
121311ms,121311,246.123,0.196984
121343ms,121343,245.338,0.196369
121375ms,121375,245.085,0.196178
121407ms,121407,244.874,0.196125
121439ms,121439,244.296,0.195371
121471ms,121471,244.442,0.195749
121503ms,121503,244.303,0.195317
121551ms,121551,244.342,0.195441
121583ms,121583,244.406,0.195345
121615ms,121615,244.265,0.195354
121647ms,121647,244.486,0.195340
121679ms,121679,244.593,0.195445
121711ms,121711,244.808,0.195564
121743ms,121743,244.914,0.195530
121775ms,121775,245.268,0.195473
121807ms,121807,245.710,0.196107
121839ms,121839,245.938,0.196298
121871ms,121871,246.307,0.196453
121919ms,121919,246.711,0.196896
121951ms,121951,247.227,0.197075
121983ms,121983,247.655,0.197353
122015ms,122015,248.150,0.198064
122047ms,122047,248.578,0.198489
122079ms,122079,249.148,0.198887
122111ms,122111,249.727,0.199386
122143ms,122143,250.267,0.199891
122175ms,122175,250.710,0.200366
122207ms,122207,250.597,0.200425
122239ms,122239,250.644,0.200341
122271ms,122271,250.550,0.200250
122319ms,122319,250.614,0.200298
122351ms,122351,250.465,0.200325
122415ms,122415,250.514,0.200279
122447ms,122447,250.594,0.200249
122479ms,122479,250.531,0.200273
122511ms,122511,250.557,0.200295
122543ms,122543,250.578,0.200244
122575ms,122575,250.544,0.200358
122607ms,122607,250.806,0.200249
122639ms,122639,249.945,0.200069
122687ms,122687,249.264,0.199396
122719ms,122719,248.458,0.198823
122751ms,122751,247.656,0.198097
122783ms,122783,246.724,0.197644
122815ms,122815,245.945,0.196633
122847ms,122847,245.340,0.196245
122879ms,122879,245.154,0.195961
122911ms,122911,244.883,0.196039
122943ms,122943,244.329,0.195518
122975ms,122975,244.163,0.195960
123007ms,123007,244.379,0.195377
123087ms,123087,244.446,0.195670
123119ms,123119,244.407,0.195059
123151ms,123151,244.489,0.195414
123183ms,123183,244.624,0.195671
123215ms,123215,244.784,0.195433
123247ms,123247,245.005,0.195588
123279ms,123279,245.303,0.195565
123311ms,123311,245.662,0.196188
123343ms,123343,245.948,0.196154
123375ms,123375,246.346,0.196588
123407ms,123407,246.636,0.196771
123455ms,123455,247.242,0.197322
123487ms,123487,247.590,0.197499
123519ms,123519,248.034,0.197896
123551ms,123551,248.556,0.198321
123583ms,123583,249.093,0.198902
123615ms,123615,249.630,0.199293
123647ms,123647,250.091,0.199520
123679ms,123679,250.640,0.200368
123711ms,123711,250.592,0.200620
123743ms,123743,250.541,0.200348
123775ms,123775,250.482,0.200337
123823ms,123823,250.442,0.200173
123855ms,123855,250.464,0.200236
123887ms,123887,250.543,0.200266
123919ms,123919,250.545,0.200186
123951ms,123951,250.558,0.200448
123983ms,123983,250.567,0.200247
124015ms,124015,250.559,0.200150
124047ms,124047,250.568,0.200156
124079ms,124079,250.583,0.200310
124111ms,124111,250.643,0.200305
124143ms,124143,249.911,0.200178
124175ms,124175,249.079,0.199178
124223ms,124223,248.361,0.198697
124255ms,124255,247.426,0.197792
124287ms,124287,246.500,0.197261
124319ms,124319,245.814,0.196658
124351ms,124351,245.245,0.196277
124383ms,124383,244.974,0.196620
124415ms,124415,244.671,0.196005
124447ms,124447,244.326,0.195765
124511ms,124511,244.307,0.195481
124543ms,124543,244.395,0.195456
124591ms,124591,244.320,0.195325
124623ms,124623,244.511,0.195688
124655ms,124655,244.469,0.195271
124687ms,124687,244.612,0.195118
124719ms,124719,244.747,0.195365
124751ms,124751,245.090,0.195460
124783ms,124783,245.429,0.195887
124815ms,124815,245.721,0.196084
124847ms,124847,246.056,0.196401
124879ms,124879,246.442,0.196328
124911ms,124911,246.807,0.196793
124959ms,124959,247.354,0.197106
124991ms,124991,247.847,0.197656
125023ms,125023,248.273,0.198234
125055ms,125055,248.832,0.198561
125087ms,125087,249.355,0.199011
125119ms,125119,249.941,0.199564
125151ms,125151,250.472,0.199934
125183ms,125183,250.708,0.200495
125215ms,125215,250.652,0.200276
125247ms,125247,250.628,0.200116
125279ms,125279,250.638,0.200389
125311ms,125311,250.679,0.200298
125359ms,125359,250.591,0.200253
125391ms,125391,250.654,0.200269
125423ms,125423,250.598,0.200379
125455ms,125455,250.538,0.200258
125487ms,125487,250.619,0.200339
125519ms,125519,250.599,0.200351
125551ms,125551,250.537,0.200325
125583ms,125583,250.714,0.200443
125615ms,125615,250.359,0.200400
125647ms,125647,249.637,0.199794
125679ms,125679,248.700,0.199192
125759ms,125759,247.065,0.197620
125791ms,125791,246.355,0.196918
125823ms,125823,245.620,0.196561
125855ms,125855,245.267,0.196100
125887ms,125887,245.074,0.196370
125919ms,125919,244.534,0.195570
125951ms,125951,244.429,0.195773
125983ms,125983,244.265,0.195768
126015ms,126015,244.124,0.195710
126047ms,126047,244.411,0.195387
126079ms,126079,244.466,0.195310
126127ms,126127,244.397,0.195241
126159ms,126159,244.518,0.195297
126191ms,126191,244.594,0.195459
126223ms,126223,244.944,0.195581
126255ms,126255,245.299,0.195884
126287ms,126287,245.587,0.196047
126319ms,126319,245.914,0.196063
126353ms,126353,246.218,0.196328
126383ms,126383,246.691,0.196651
126415ms,126415,247.128,0.197339
126447ms,126447,247.519,0.197433
126495ms,126495,248.062,0.198019
126527ms,126527,248.484,0.198295
126559ms,126559,249.043,0.198757
126591ms,126591,249.690,0.199250
126623ms,126623,250.078,0.199530
126655ms,126655,250.566,0.200155
126687ms,126687,250.721,0.200278
126719ms,126719,250.515,0.200252
126751ms,126751,250.435,0.200095
126783ms,126783,250.540,0.200311
126815ms,126815,250.517,0.200238
126863ms,126863,250.536,0.200138
126895ms,126895,250.493,0.200127
126927ms,126927,250.528,0.200158
126959ms,126959,250.466,0.200256
126991ms,126991,250.558,0.200301
127023ms,127023,250.546,0.200317
127055ms,127055,250.491,0.200215
127087ms,127087,250.587,0.200432
127119ms,127119,250.341,0.200474
127183ms,127183,248.676,0.198962
127215ms,127215,247.731,0.198397
127263ms,127263,246.957,0.197685
127295ms,127295,246.078,0.197078
127327ms,127327,245.327,0.196445
127359ms,127359,245.111,0.196218
127391ms,127391,245.033,0.196355
127423ms,127423,244.355,0.195418
127455ms,127455,244.277,0.195922
127487ms,127487,244.431,0.195580
127519ms,127519,244.220,0.195802
127551ms,127551,244.461,0.195574
127583ms,127583,244.389,0.195183
127631ms,127631,244.504,0.195436
127663ms,127663,244.599,0.195567
127695ms,127695,244.738,0.195391
127727ms,127727,245.029,0.195517
127759ms,127759,245.288,0.195576
127791ms,127791,245.557,0.196244
127823ms,127823,245.944,0.196262
127855ms,127855,246.365,0.196691
127887ms,127887,246.659,0.196921
127919ms,127919,247.222,0.197231
127951ms,127951,247.585,0.197472
128031ms,128031,248.542,0.198392
128063ms,128063,249.056,0.198968
128095ms,128095,249.763,0.199391
128127ms,128127,250.182,0.199826
128159ms,128159,250.711,0.200252
128191ms,128191,250.607,0.200443
128223ms,128223,250.482,0.200144
128255ms,128255,250.430,0.200046
128287ms,128287,250.467,0.200099
128319ms,128319,250.493,0.200174
128367ms,128367,250.515,0.200357
128399ms,128399,250.459,0.200110
128431ms,128431,250.431,0.200176
128463ms,128463,250.444,0.200132
128495ms,128495,250.456,0.200209
128527ms,128527,250.490,0.200208
128559ms,128559,250.533,0.200431
128591ms,128591,250.663,0.200152
128623ms,128623,249.928,0.199970
128655ms,128655,249.056,0.199293
128687ms,128687,248.365,0.198643
128719ms,128719,247.503,0.197979
128767ms,128767,246.639,0.197247
128799ms,128799,245.894,0.196504
128831ms,128831,245.274,0.196356
128863ms,128863,245.183,0.196322
128895ms,128895,244.654,0.196324
128927ms,128927,244.422,0.195591
128959ms,128959,244.327,0.195661
128991ms,128991,244.174,0.195743
129023ms,129023,244.224,0.195420
129055ms,129055,244.330,0.195544
129087ms,129087,244.449,0.195405
129135ms,129135,244.541,0.195602
129167ms,129167,244.510,0.195485
129199ms,129199,244.815,0.195491
129263ms,129263,245.324,0.196061
129295ms,129295,245.669,0.196014
129327ms,129327,246.054,0.196450
129359ms,129359,246.446,0.196652
129391ms,129391,246.761,0.196740
129423ms,129423,247.255,0.197364
129455ms,129455,247.692,0.197674
129487ms,129487,248.154,0.198013
129535ms,129535,248.728,0.198579
129567ms,129567,249.265,0.199111
129599ms,129599,249.742,0.199404
129631ms,129631,250.291,0.200062
129663ms,129663,250.761,0.200447
129695ms,129695,250.488,0.200424
129727ms,129727,250.506,0.200157
129759ms,129759,250.544,0.200282
129791ms,129791,250.515,0.200359
129823ms,129823,250.509,0.200185
129855ms,129855,250.476,0.200213
129903ms,129903,250.500,0.200130
129935ms,129935,250.458,0.200166
129967ms,129967,250.463,0.200141
129999ms,129999,250.497,0.200263
130031ms,130031,250.591,0.200239
130063ms,130063,250.623,0.200631
130127ms,130127,249.674,0.199890
130159ms,130159,248.873,0.199169
130191ms,130191,247.929,0.198372
130223ms,130223,247.107,0.197507
130271ms,130271,246.304,0.196835
130303ms,130303,245.582,0.196694
130335ms,130335,245.202,0.195888
130367ms,130367,244.922,0.196131
130399ms,130399,244.527,0.195503
130431ms,130431,244.455,0.195541
130463ms,130463,244.195,0.195762
130495ms,130495,244.228,0.195497
130527ms,130527,244.440,0.195207
130559ms,130559,244.422,0.195567
130591ms,130591,244.410,0.195305
130639ms,130639,244.600,0.195245
130671ms,130671,244.672,0.195510
130703ms,130703,244.923,0.195310
130735ms,130735,245.057,0.195636
130767ms,130767,245.425,0.195866
130799ms,130799,245.852,0.195954
130831ms,130831,246.192,0.196390
130863ms,130863,246.493,0.196493
130895ms,130895,246.967,0.197021
130927ms,130927,247.551,0.197404
130959ms,130959,248.006,0.197821
130991ms,130991,248.437,0.198376
131039ms,131039,249.064,0.198707
131071ms,131071,249.594,0.199245
131103ms,131103,250.018,0.199413
131135ms,131135,250.493,0.200165
131167ms,131167,250.587,0.200372
131199ms,131199,250.551,0.200170
131231ms,131231,250.452,0.200293
131263ms,131263,250.458,0.200086
131295ms,131295,250.438,0.200022
131327ms,131327,250.429,0.199933
131359ms,131359,250.429,0.199994
131407ms,131407,250.503,0.200211
131439ms,131439,250.531,0.200314
131471ms,131471,250.460,0.200322
131535ms,131535,250.505,0.200285
131567ms,131567,250.718,0.200485
131599ms,131599,250.310,0.200168
131631ms,131631,249.476,0.199652
131663ms,131663,248.620,0.198710
131695ms,131695,247.750,0.198336
131727ms,131727,246.988,0.197623
131759ms,131759,246.144,0.197038
131807ms,131807,245.358,0.196207
131839ms,131839,245.205,0.196151
131871ms,131871,244.858,0.196463
131903ms,131903,244.450,0.195529
131935ms,131935,244.407,0.195610
131967ms,131967,244.320,0.195477
131999ms,131999,244.347,0.195651
132031ms,132031,244.399,0.195481
132063ms,132063,244.415,0.195370
132095ms,132095,244.447,0.195472
132127ms,132127,244.510,0.195772
132175ms,132175,244.765,0.195575
132207ms,132207,244.918,0.195424
132239ms,132239,245.271,0.196003
132271ms,132271,245.663,0.196348
132303ms,132303,245.871,0.196423
132335ms,132335,246.304,0.196523
132367ms,132367,246.683,0.196879
132399ms,132399,247.220,0.197281
132431ms,132431,247.688,0.197547
132463ms,132463,248.163,0.198006
132495ms,132495,248.548,0.198290
132543ms,132543,249.090,0.198915
132575ms,132575,249.743,0.199520
132607ms,132607,250.224,0.199771
132639ms,132639,250.729,0.200314
132671ms,132671,250.598,0.200235
132703ms,132703,250.491,0.200359
132735ms,132735,250.452,0.200290
132767ms,132767,250.479,0.200313
132799ms,132799,250.509,0.200078
132831ms,132831,250.452,0.200160
132863ms,132863,250.506,0.200072
132895ms,132895,250.487,0.200164
132943ms,132943,250.483,0.200268
132975ms,132975,250.426,0.199939
133007ms,133007,250.544,0.200016
133039ms,133039,250.602,0.200338
133071ms,133071,250.606,0.200115
133103ms,133103,249.850,0.200173
133135ms,133135,249.115,0.199183
133167ms,133167,248.435,0.198662
133231ms,133231,246.618,0.197188
133263ms,133263,245.931,0.196850
133311ms,133311,245.333,0.196511
133343ms,133343,245.193,0.196081
133375ms,133375,244.506,0.195787
133407ms,133407,244.413,0.195780
133439ms,133439,244.362,0.195950
133471ms,133471,244.378,0.195333
133503ms,133503,244.494,0.195403
133535ms,133535,244.415,0.195703
133567ms,133567,244.488,0.195550
133599ms,133599,244.458,0.195242
133631ms,133631,244.570,0.195370
133679ms,133679,244.833,0.195429
133711ms,133711,244.959,0.195554
133743ms,133743,245.322,0.196003
133775ms,133775,245.719,0.196250
133807ms,133807,245.988,0.196417
133839ms,133839,246.336,0.196595
133871ms,133871,246.727,0.196913
133903ms,133903,247.297,0.197430
133935ms,133935,247.665,0.197658
133967ms,133967,248.160,0.198187
133999ms,133999,248.634,0.198528
134031ms,134031,249.214,0.199065
134079ms,134079,249.823,0.199448
134111ms,134111,250.310,0.199879
134143ms,134143,250.818,0.200549
134175ms,134175,250.580,0.200465
134207ms,134207,250.621,0.200150
134239ms,134239,250.677,0.200249
134271ms,134271,250.685,0.200180
134303ms,134303,250.693,0.200261
134335ms,134335,250.644,0.200254
134367ms,134367,250.627,0.200353
134399ms,134399,250.689,0.200237
134447ms,134447,250.631,0.200215
134479ms,134479,250.665,0.200305
134511ms,134511,250.590,0.200399
134543ms,134543,250.757,0.200576
134575ms,134575,250.602,0.200146
134607ms,134607,249.831,0.199953
134639ms,134639,249.047,0.199137
134671ms,134671,248.319,0.198347
134703ms,134703,247.401,0.197833
134735ms,134735,246.494,0.197229
134767ms,134767,245.728,0.196621
134799ms,134799,245.192,0.196251
134847ms,134847,245.073,0.196435
134879ms,134879,244.518,0.196281
134943ms,134943,244.357,0.195612
135007ms,135007,244.348,0.195271
135039ms,135039,244.354,0.195116
135071ms,135071,244.360,0.195222
135103ms,135103,244.578,0.195654
135135ms,135135,244.599,0.195692
135167ms,135167,244.797,0.195700
135215ms,135215,245.003,0.195695
135247ms,135247,245.417,0.195909
135279ms,135279,245.844,0.196016
135311ms,135311,246.027,0.196309
135343ms,135343,246.496,0.196424
135375ms,135375,246.802,0.196930
135407ms,135407,247.437,0.197238
135439ms,135439,247.852,0.197794
135471ms,135471,248.211,0.198402
135503ms,135503,248.790,0.198559
135535ms,135535,249.318,0.199009
135583ms,135583,249.858,0.199565
135615ms,135615,250.335,0.199957
135647ms,135647,250.664,0.200412
135679ms,135679,250.547,0.200366
135711ms,135711,250.473,0.200229
135743ms,135743,250.461,0.200158
135775ms,135775,250.443,0.200194
135807ms,135807,250.475,0.200240
135839ms,135839,250.491,0.200096
135871ms,135871,250.459,0.200189
135903ms,135903,250.476,0.200032
135951ms,135951,250.474,0.200160
135983ms,135983,250.546,0.200100
136015ms,136015,250.508,0.200246
136047ms,136047,250.704,0.200458
136079ms,136079,250.497,0.200246
136111ms,136111,249.740,0.199894
136143ms,136143,248.901,0.199154
136175ms,136175,248.050,0.198275
136207ms,136207,247.201,0.197718
136271ms,136271,245.766,0.196598
136303ms,136303,245.105,0.195878
136351ms,136351,244.921,0.196295
136383ms,136383,244.505,0.195880
136415ms,136415,244.507,0.195595
136479ms,136479,244.334,0.195704
136511ms,136511,244.376,0.195162
136543ms,136543,244.336,0.195145
136575ms,136575,244.393,0.195350
136607ms,136607,244.533,0.195368
136639ms,136639,244.679,0.195617
136671ms,136671,244.740,0.195883
136719ms,136719,245.048,0.195608
136751ms,136751,245.356,0.195750
136783ms,136783,245.774,0.195904
136815ms,136815,246.119,0.196326
136847ms,136847,246.442,0.196637
136879ms,136879,246.989,0.196845
136911ms,136911,247.382,0.197515
136943ms,136943,247.911,0.197687
136975ms,136975,248.378,0.198336
137008ms,137008,248.898,0.198735
137039ms,137039,249.539,0.199237
137087ms,137087,249.970,0.199590
137119ms,137119,250.627,0.200125
137151ms,137151,250.707,0.200357
137183ms,137183,250.481,0.200265
137215ms,137215,250.525,0.200315
137247ms,137247,250.443,0.200263
137279ms,137279,250.535,0.200283
137311ms,137311,250.548,0.200173
137343ms,137343,250.509,0.200320
137375ms,137375,250.546,0.200367
137407ms,137407,250.526,0.200384
137439ms,137439,250.549,0.200215
137487ms,137487,250.583,0.200149
137519ms,137519,250.610,0.200170
137551ms,137551,250.704,0.200322
137583ms,137583,250.241,0.200203
137615ms,137615,249.419,0.199602
137647ms,137647,248.578,0.198669
137679ms,137679,247.818,0.198268
137711ms,137711,246.987,0.197913
137743ms,137743,246.150,0.196719
137775ms,137775,245.511,0.196203
137807ms,137807,245.133,0.195986
137855ms,137855,245.085,0.196235
137887ms,137887,244.569,0.195577
137919ms,137919,244.311,0.195383
137951ms,137951,244.188,0.195413
137983ms,137983,244.275,0.195547
138015ms,138015,244.291,0.195423
138175ms,138175,244.979,0.195406
138207ms,138207,245.212,0.195562
138255ms,138255,245.587,0.196243
138287ms,138287,245.979,0.196152
138319ms,138319,246.207,0.196325
138351ms,138351,246.628,0.196620
138415ms,138415,247.581,0.197393
138447ms,138447,248.051,0.197826
138479ms,138479,248.536,0.198212
138511ms,138511,249.039,0.198655
138543ms,138543,249.606,0.199368
138575ms,138575,250.124,0.199615
138623ms,138623,250.645,0.200332
138655ms,138655,250.559,0.200590
138687ms,138687,250.487,0.200186
138719ms,138719,250.516,0.200162
138751ms,138751,250.523,0.200185
138783ms,138783,250.559,0.200139
138815ms,138815,250.489,0.200172
138847ms,138847,250.521,0.200095
138879ms,138879,250.462,0.200311
138911ms,138911,250.520,0.200110
138943ms,138943,250.563,0.200219
138991ms,138991,250.505,0.200260
139023ms,139023,250.530,0.200433
139055ms,139055,250.678,0.200266
139087ms,139087,250.140,0.200246
139119ms,139119,249.420,0.199474
139151ms,139151,248.597,0.198924
139183ms,139183,247.725,0.198411
139215ms,139215,246.841,0.197688
139247ms,139247,246.047,0.197054
139279ms,139279,245.316,0.196214
139311ms,139311,245.163,0.196053
139359ms,139359,244.804,0.196475
139391ms,139391,244.451,0.195547
139423ms,139423,244.259,0.195598
139455ms,139455,244.304,0.195236
139487ms,139487,244.397,0.195537
139519ms,139519,244.408,0.195613
139583ms,139583,244.416,0.195481
139615ms,139615,244.527,0.195445
139647ms,139647,244.677,0.195595
139679ms,139679,244.889,0.195453
139711ms,139711,245.318,0.195865
139759ms,139759,245.577,0.196232
139791ms,139791,245.894,0.196257
139823ms,139823,246.354,0.196863
139887ms,139887,247.210,0.197365
139919ms,139919,247.565,0.197531
139951ms,139951,248.038,0.197880
139983ms,139983,248.464,0.198430
140015ms,140015,249.069,0.198923
140047ms,140047,249.702,0.199353
140079ms,140079,250.111,0.199714
140127ms,140127,250.639,0.200226
140159ms,140159,250.514,0.200405
140191ms,140191,250.506,0.200191
140223ms,140223,250.494,0.200141
140255ms,140255,250.473,0.200262
140287ms,140287,250.507,0.200229
140319ms,140319,250.484,0.200167
140351ms,140351,250.459,0.200039
140383ms,140383,250.430,0.200155
140415ms,140415,250.462,0.200107
140447ms,140447,250.498,0.200267
140495ms,140495,250.506,0.200341
140527ms,140527,250.559,0.200583
140559ms,140559,250.642,0.200064
140591ms,140591,249.915,0.199986
140623ms,140623,249.038,0.199027
140655ms,140655,248.223,0.198718
140687ms,140687,247.400,0.197953
140719ms,140719,246.384,0.197226
140751ms,140751,245.880,0.196551
140783ms,140783,245.174,0.196154
140815ms,140815,245.053,0.196262
140847ms,140847,244.643,0.196047
140895ms,140895,244.401,0.195984
140927ms,140927,244.451,0.195482
140959ms,140959,244.253,0.195404
140991ms,140991,244.395,0.195339
141055ms,141055,244.522,0.195731
141087ms,141087,244.458,0.195290
141119ms,141119,244.540,0.195165
141151ms,141151,244.869,0.195877
141183ms,141183,245.036,0.195491
141215ms,141215,245.475,0.195887
141263ms,141263,245.753,0.196090
141295ms,141295,246.031,0.195944
141327ms,141327,246.426,0.196537
141359ms,141359,246.842,0.196873
141391ms,141391,247.408,0.197419
141423ms,141423,247.808,0.197924
141455ms,141455,248.300,0.198289
141487ms,141487,248.763,0.198636
141519ms,141519,249.354,0.199055
141551ms,141551,249.902,0.199644
141583ms,141583,250.326,0.199916
141631ms,141631,250.674,0.200384
141663ms,141663,250.406,0.200566
141695ms,141695,250.465,0.200365
141727ms,141727,250.408,0.200207
141759ms,141759,250.470,0.200278
141791ms,141791,250.527,0.200312
141823ms,141823,250.431,0.200231
141855ms,141855,250.447,0.200217
141887ms,141887,250.495,0.200160
141919ms,141919,250.425,0.200324
141951ms,141951,250.482,0.200267
141983ms,141983,250.491,0.200349
142031ms,142031,250.593,0.200701
142063ms,142063,250.520,0.200237
142095ms,142095,249.593,0.199833
142127ms,142127,248.740,0.199003
142159ms,142159,248.150,0.198495
142191ms,142191,247.320,0.197668
142223ms,142223,246.430,0.197293
142255ms,142255,245.708,0.196661
142287ms,142287,245.120,0.195978
142319ms,142319,244.991,0.196778
142351ms,142351,244.384,0.196038
142399ms,142399,244.320,0.195654
142431ms,142431,244.445,0.195490
142463ms,142463,244.326,0.195614
142495ms,142495,244.339,0.195389
142527ms,142527,244.416,0.195043
142559ms,142559,244.327,0.195299
142591ms,142591,244.501,0.195232
142623ms,142623,244.593,0.195475
142655ms,142655,244.721,0.196013
142687ms,142687,244.988,0.195721
142719ms,142719,245.378,0.195880
142751ms,142751,245.720,0.196072
142799ms,142799,246.092,0.196202
142831ms,142831,246.408,0.196480
142863ms,142863,246.810,0.197036
142895ms,142895,247.427,0.197055
142927ms,142927,247.779,0.197628
142959ms,142959,248.256,0.198093
142991ms,142991,248.887,0.198596
143023ms,143023,249.355,0.198939
143055ms,143055,249.894,0.199663
143087ms,143087,250.344,0.199951
143119ms,143119,250.708,0.200365
143199ms,143199,250.505,0.200287
143231ms,143231,250.483,0.200347
143263ms,143263,250.532,0.200382
143295ms,143295,250.475,0.200253
143327ms,143327,250.416,0.200203
143359ms,143359,250.512,0.200093
143391ms,143391,250.483,0.200078
143423ms,143423,250.491,0.200171
143455ms,143455,250.541,0.200208
143487ms,143487,250.522,0.200344
143519ms,143519,250.679,0.200495
143567ms,143567,250.313,0.200211
143599ms,143599,249.632,0.199693
143631ms,143631,248.605,0.198899
143663ms,143663,247.771,0.198482
143695ms,143695,247.018,0.197560
143727ms,143727,246.063,0.196995
143759ms,143759,245.322,0.196446
143791ms,143791,245.103,0.196078
143823ms,143823,244.868,0.196621
143887ms,143887,244.296,0.195421
143935ms,143935,244.313,0.195440
143967ms,143967,244.396,0.195710
143999ms,143999,244.346,0.195684
144031ms,144031,244.362,0.195339
144063ms,144063,244.493,0.195511
144095ms,144095,244.594,0.195607
144127ms,144127,244.694,0.195763
144159ms,144159,244.889,0.195335
144191ms,144191,245.316,0.195735
144223ms,144223,245.626,0.196086
144255ms,144255,245.960,0.196219
144303ms,144303,246.275,0.196680
144335ms,144335,246.690,0.196724
144367ms,144367,247.233,0.197290
144399ms,144399,247.605,0.197626
144431ms,144431,248.090,0.197874
144463ms,144463,248.596,0.198405
144495ms,144495,249.090,0.198966
144527ms,144527,249.726,0.199445
144559ms,144559,250.093,0.199964
144591ms,144591,250.694,0.200537
144623ms,144623,250.594,0.200640
144671ms,144671,250.544,0.200356
144703ms,144703,250.499,0.200381
144735ms,144735,250.430,0.200055
144767ms,144767,250.465,0.199990
144799ms,144799,250.446,0.200255
144831ms,144831,250.524,0.200265
144863ms,144863,250.491,0.200382
144895ms,144895,250.485,0.200215
144927ms,144927,250.506,0.200223
144959ms,144959,250.545,0.200390
144991ms,144991,250.519,0.200520
145023ms,145023,250.631,0.200321
145071ms,145071,249.986,0.200076
145103ms,145103,249.240,0.199394
145135ms,145135,248.464,0.198762
145167ms,145167,247.603,0.198153
145231ms,145231,246.106,0.196528
145263ms,145263,245.285,0.196214
145295ms,145295,245.129,0.196170
145327ms,145327,244.732,0.196031
145359ms,145359,244.370,0.195672
145391ms,145391,244.367,0.195722
145439ms,145439,244.270,0.195310
145471ms,145471,244.312,0.195480
145503ms,145503,244.466,0.195937
145535ms,145535,244.477,0.195507
145567ms,145567,244.487,0.195393
145599ms,145599,244.469,0.195511
145631ms,145631,244.773,0.195795
145663ms,145663,245.068,0.195439
145695ms,145695,245.423,0.195749
145727ms,145727,245.698,0.196039
145759ms,145759,245.986,0.196164
145791ms,145791,246.376,0.196629
145839ms,145839,246.771,0.196873
145871ms,145871,247.316,0.197115
145903ms,145903,247.673,0.197506
145935ms,145935,248.171,0.198096
145967ms,145967,248.747,0.198510
145999ms,145999,249.295,0.199077
146031ms,146031,249.867,0.199449
146063ms,146063,250.252,0.200014
146095ms,146095,250.753,0.200377
146127ms,146127,250.477,0.200294
146159ms,146159,250.569,0.200397
146207ms,146207,250.543,0.200210
146239ms,146239,250.499,0.200304
146271ms,146271,250.507,0.200286
146303ms,146303,250.458,0.200219
146335ms,146335,250.505,0.200232
146367ms,146367,250.524,0.200192
146399ms,146399,250.570,0.200066
146431ms,146431,250.563,0.200214
146463ms,146463,250.556,0.200361
146527ms,146527,250.589,0.200254
146575ms,146575,249.837,0.200142
146607ms,146607,248.883,0.199373
146639ms,146639,248.220,0.198524
146671ms,146671,247.331,0.197755
146703ms,146703,246.494,0.197132
146735ms,146735,245.773,0.196722
146767ms,146767,245.093,0.196129
146799ms,146799,245.141,0.196476
146831ms,146831,244.593,0.196015
146863ms,146863,244.299,0.195529
146895ms,146895,244.419,0.195562
146927ms,146927,244.329,0.195453
146975ms,146975,244.385,0.195443
147007ms,147007,244.371,0.195427
147039ms,147039,244.395,0.195382
147071ms,147071,244.501,0.195262
147103ms,147103,244.677,0.195447
147135ms,147135,244.812,0.195633
147167ms,147167,244.987,0.195698
147199ms,147199,245.422,0.195926
147231ms,147231,245.893,0.196127
147263ms,147263,246.171,0.196512
147295ms,147295,246.462,0.196719
147343ms,147343,247.023,0.197090
147407ms,147407,247.919,0.197868
147439ms,147439,248.366,0.198399
147471ms,147471,248.919,0.198698
147503ms,147503,249.461,0.199052
147535ms,147535,249.929,0.199496
147567ms,147567,250.510,0.200157
147599ms,147599,250.574,0.200290
147631ms,147631,250.561,0.200421
147663ms,147663,250.520,0.200215
147711ms,147711,250.536,0.200207
147743ms,147743,250.504,0.200328
147775ms,147775,250.498,0.200154
147807ms,147807,250.444,0.200199
147839ms,147839,250.487,0.200244
147871ms,147871,250.553,0.200382
147903ms,147903,250.531,0.200097
147935ms,147935,250.547,0.200448
147967ms,147967,250.524,0.200368
147999ms,147999,250.725,0.200460
148031ms,148031,250.233,0.200258
148079ms,148079,249.384,0.199649
148111ms,148111,248.607,0.198925
148143ms,148143,247.779,0.197983
148175ms,148175,246.914,0.197607
148207ms,148207,246.064,0.196938
148239ms,148239,245.314,0.196315
148271ms,148271,245.262,0.196431
148303ms,148303,244.998,0.196270
148335ms,148335,244.567,0.195634
148367ms,148367,244.381,0.195556
148399ms,148399,244.352,0.195388
148431ms,148431,244.355,0.195481
148479ms,148479,244.355,0.195828
148511ms,148511,244.293,0.195383
148543ms,148543,244.422,0.195322
148575ms,148575,244.550,0.195529
148607ms,148607,244.731,0.195512
148639ms,148639,244.996,0.195538
148671ms,148671,245.299,0.195746
148703ms,148703,245.704,0.196217
148735ms,148735,245.914,0.196520
148799ms,148799,246.691,0.196976
148847ms,148847,247.234,0.197252
148879ms,148879,247.640,0.197604
148911ms,148911,248.085,0.198051
148943ms,148943,248.624,0.198445
148975ms,148975,249.045,0.198931
149007ms,149007,249.721,0.199414
149039ms,149039,250.185,0.199871
149071ms,149071,250.771,0.200263
149103ms,149103,250.501,0.200341
149135ms,149135,250.486,0.200147
149167ms,149167,250.464,0.200299
149199ms,149199,250.478,0.200370
149247ms,149247,250.474,0.200358
149279ms,149279,250.449,0.200157
149311ms,149311,250.497,0.200224
149343ms,149343,250.523,0.200204
149375ms,149375,250.542,0.200205
149407ms,149407,250.475,0.200217
149439ms,149439,250.565,0.200369
149471ms,149471,250.527,0.200298
149503ms,149503,250.685,0.200317
149535ms,149535,249.901,0.200194
149567ms,149567,249.031,0.199252
149615ms,149615,248.373,0.198710
149647ms,149647,247.472,0.198074
149679ms,149679,246.490,0.197157
149711ms,149711,245.943,0.196653
149743ms,149743,245.254,0.196403
149775ms,149775,245.159,0.196214
149807ms,149807,244.650,0.195995
149839ms,149839,244.432,0.195973
149871ms,149871,244.403,0.195477
149903ms,149903,244.303,0.195391
149935ms,149935,244.365,0.195674
149983ms,149983,244.312,0.195295
150047ms,150047,244.372,0.195245
150079ms,150079,244.470,0.195539
150111ms,150111,244.791,0.195694
150143ms,150143,245.004,0.195527
150175ms,150175,245.385,0.195893
150207ms,150207,245.681,0.195941
150239ms,150239,246.046,0.196092
150271ms,150271,246.414,0.196430
150303ms,150303,246.836,0.196757
150335ms,150335,247.286,0.197352
150383ms,150383,247.826,0.197839
150415ms,150415,248.169,0.198131
150447ms,150447,248.724,0.198613
150479ms,150479,249.298,0.198957
150511ms,150511,249.891,0.199517
150543ms,150543,250.281,0.199920
150575ms,150575,250.713,0.200299
150607ms,150607,250.399,0.200314
150639ms,150639,250.419,0.200303
150671ms,150671,250.442,0.200100
150703ms,150703,250.433,0.200129
150751ms,150751,250.412,0.200242
150783ms,150783,250.454,0.200302
150815ms,150815,250.469,0.200311
150847ms,150847,250.360,0.200025
150879ms,150879,250.440,0.200397
150911ms,150911,250.465,0.200125
150975ms,150975,250.588,0.200464
151007ms,151007,250.431,0.200215
151039ms,151039,249.579,0.199894
151071ms,151071,248.674,0.199052
151119ms,151119,247.930,0.198481
151151ms,151151,247.124,0.197645
151183ms,151183,246.281,0.197081
151215ms,151215,245.612,0.196598
151247ms,151247,245.239,0.195987
151279ms,151279,245.063,0.196212
151311ms,151311,244.409,0.195443
151343ms,151343,244.390,0.195627
151375ms,151375,244.293,0.195961
151407ms,151407,244.359,0.195870
151439ms,151439,244.302,0.195360
151487ms,151487,244.479,0.195323
151519ms,151519,244.371,0.195218
151551ms,151551,244.490,0.195427
151583ms,151583,244.651,0.195507
151615ms,151615,244.721,0.195832
151647ms,151647,244.948,0.195765
151679ms,151679,245.370,0.195793
151711ms,151711,245.870,0.196186
151743ms,151743,246.152,0.196484
151775ms,151775,246.508,0.196586
151807ms,151807,246.967,0.197294
151839ms,151839,247.503,0.197640
151887ms,151887,247.903,0.197921
151919ms,151919,248.404,0.198174
151951ms,151951,248.966,0.198896
151983ms,151983,249.528,0.199251
152015ms,152015,250.044,0.199609
152047ms,152047,250.520,0.200137
152079ms,152079,250.657,0.200294
152111ms,152111,250.547,0.200380
152143ms,152143,250.499,0.200169
152175ms,152175,250.514,0.200125
152207ms,152207,250.451,0.200149
152255ms,152255,250.440,0.200119
152319ms,152319,250.457,0.200290
152351ms,152351,250.515,0.200176
152383ms,152383,250.466,0.200341
152415ms,152415,250.545,0.200148
152447ms,152447,250.423,0.200464
152479ms,152479,250.672,0.200436
152511ms,152511,250.337,0.200198
152543ms,152543,249.518,0.199665
152575ms,152575,248.594,0.198822
152607ms,152607,247.821,0.198275
152655ms,152655,246.914,0.197483
152687ms,152687,246.268,0.196629
152719ms,152719,245.618,0.196329
152751ms,152751,245.232,0.195994
152783ms,152783,244.918,0.196088
152815ms,152815,244.451,0.195427
152847ms,152847,244.431,0.195688
152879ms,152879,244.342,0.195844
152911ms,152911,244.295,0.195666
152943ms,152943,244.304,0.195483
152975ms,152975,244.502,0.195454
153023ms,153023,244.403,0.195371
153055ms,153055,244.466,0.195343
153087ms,153087,244.668,0.195261
153119ms,153119,245.031,0.195396
153151ms,153151,245.236,0.195661
153183ms,153183,245.532,0.195931
153215ms,153215,245.908,0.196105
153247ms,153247,246.274,0.196651
153279ms,153279,246.528,0.196871
153311ms,153311,247.130,0.197285
153343ms,153343,247.533,0.197542
153375ms,153375,248.009,0.197911
153423ms,153423,248.587,0.198312
153455ms,153455,249.120,0.198722
153487ms,153487,249.731,0.199373
153519ms,153519,250.174,0.199729
153551ms,153551,250.643,0.200238
153583ms,153583,250.634,0.200596
153615ms,153615,250.474,0.200256
153647ms,153647,250.415,0.200206
153679ms,153679,250.505,0.200511
153711ms,153711,250.450,0.200260
153743ms,153743,250.424,0.200254
153791ms,153791,250.430,0.200233
153823ms,153823,250.461,0.200296
153855ms,153855,250.393,0.200186
153887ms,153887,250.416,0.200176
153919ms,153919,250.439,0.200282
153951ms,153951,250.446,0.200423
154015ms,154015,249.932,0.200034
154047ms,154047,249.117,0.199392
154079ms,154079,248.299,0.198691
154111ms,154111,247.470,0.198159
154159ms,154159,246.428,0.197111
154191ms,154191,245.984,0.196772
154223ms,154223,245.172,0.196386
154255ms,154255,245.157,0.196256
154287ms,154287,244.682,0.196158
154319ms,154319,244.413,0.196072
154383ms,154383,244.250,0.195433
154415ms,154415,244.393,0.195247
154447ms,154447,244.323,0.195379
154479ms,154479,244.535,0.195711
154527ms,154527,244.415,0.195286
154559ms,154559,244.511,0.195400
154591ms,154591,244.810,0.195532
154623ms,154623,244.993,0.195605
154655ms,154655,245.351,0.195755
154687ms,154687,245.679,0.196096
154719ms,154719,246.038,0.196266
154751ms,154751,246.385,0.196478
154783ms,154783,246.845,0.196879
154815ms,154815,247.363,0.197337
154847ms,154847,247.810,0.197686
154879ms,154879,248.194,0.198006
154927ms,154927,248.787,0.198475
154959ms,154959,249.285,0.199062
154991ms,154991,249.891,0.199562
155023ms,155023,250.338,0.199988
155055ms,155055,250.672,0.200328
155087ms,155087,250.430,0.200466
155119ms,155119,250.602,0.200355
155151ms,155151,250.498,0.200290
155183ms,155183,250.507,0.200275
155215ms,155215,250.509,0.200354
155247ms,155247,250.443,0.200131
155295ms,155295,250.455,0.200259
155327ms,155327,250.476,0.200328
155359ms,155359,250.484,0.200226
155391ms,155391,250.467,0.200300
155423ms,155423,250.404,0.200350
155455ms,155455,250.548,0.200473
155487ms,155487,250.533,0.200231
155551ms,155551,248.936,0.199087
155583ms,155583,248.119,0.198467
155615ms,155615,247.369,0.197777
155647ms,155647,246.447,0.196984
155695ms,155695,245.723,0.196369
155727ms,155727,245.250,0.196084
155759ms,155759,245.022,0.196341
155791ms,155791,244.592,0.195589
155855ms,155855,244.430,0.195192
155887ms,155887,244.228,0.195518
155919ms,155919,244.363,0.195401
155951ms,155951,244.298,0.195226
155983ms,155983,244.491,0.195598
156015ms,156015,244.402,0.195355
156063ms,156063,244.580,0.195287
156095ms,156095,244.821,0.195608
156127ms,156127,245.050,0.195514
156159ms,156159,245.342,0.195672
156191ms,156191,245.820,0.196044
156223ms,156223,246.045,0.196268
156255ms,156255,246.438,0.196651
156287ms,156287,246.850,0.196850
156319ms,156319,247.367,0.197228
156351ms,156351,247.897,0.197891
156383ms,156383,248.277,0.198194
156431ms,156431,248.816,0.198871
156463ms,156463,249.374,0.199002
156495ms,156495,249.981,0.199405
156527ms,156527,250.431,0.200003
156559ms,156559,250.659,0.200428
156591ms,156591,250.506,0.200417
156623ms,156623,250.467,0.200123
156655ms,156655,250.465,0.200127
156687ms,156687,250.554,0.200147
156719ms,156719,250.510,0.200336
156751ms,156751,250.435,0.200247
156799ms,156799,250.579,0.200207
156831ms,156831,250.539,0.200243
156863ms,156863,250.492,0.200129
156895ms,156895,250.544,0.200306
156927ms,156927,250.447,0.200364
156959ms,156959,250.746,0.200634
157023ms,157023,249.502,0.199640
157087ms,157087,247.669,0.198422
157119ms,157119,247.034,0.197503
157151ms,157151,246.027,0.196948
157199ms,157199,245.189,0.196149
157231ms,157231,245.103,0.196066
157263ms,157263,244.816,0.196496
157295ms,157295,244.513,0.195580
157327ms,157327,244.298,0.195597
157359ms,157359,244.236,0.195438
157391ms,157391,244.293,0.195467
157423ms,157423,244.338,0.195429
157455ms,157455,244.430,0.195376
157487ms,157487,244.516,0.195333
157519ms,157519,244.545,0.195319
157567ms,157567,244.692,0.195489
157599ms,157599,244.982,0.195481
157631ms,157631,245.261,0.195596
157663ms,157663,245.711,0.196122
157695ms,157695,245.963,0.196236
157727ms,157727,246.273,0.196632
157759ms,157759,246.679,0.196759
157791ms,157791,247.196,0.197383
157823ms,157823,247.607,0.197514
157887ms,157887,248.553,0.198258
157935ms,157935,249.099,0.198865
157967ms,157967,249.696,0.199402
157999ms,157999,250.242,0.199873
158031ms,158031,250.680,0.200343
158063ms,158063,250.595,0.200402
158095ms,158095,250.542,0.200302
158127ms,158127,250.444,0.200077
158159ms,158159,250.506,0.200301
158191ms,158191,250.495,0.200197
158223ms,158223,250.456,0.200055
158255ms,158255,250.492,0.199996
158287ms,158287,250.471,0.200162
158335ms,158335,250.454,0.200213
158367ms,158367,250.514,0.200151
158399ms,158399,250.588,0.200322
158431ms,158431,250.509,0.200338
158463ms,158463,250.688,0.200105
158495ms,158495,249.970,0.200087
158527ms,158527,249.147,0.199415
158559ms,158559,248.428,0.198769
158591ms,158591,247.592,0.198166
158623ms,158623,246.527,0.197274
158655ms,158655,245.972,0.196694
158703ms,158703,245.251,0.196431
158767ms,158767,244.507,0.196216
158799ms,158799,244.371,0.195834
158831ms,158831,244.432,0.195724
158863ms,158863,244.365,0.195351
158895ms,158895,244.393,0.195434
158927ms,158927,244.370,0.195451
158959ms,158959,244.469,0.195471
158991ms,158991,244.416,0.195521
159023ms,159023,244.534,0.195442
159055ms,159055,244.782,0.195567
159103ms,159103,244.925,0.195505
159135ms,159135,245.444,0.195931
159167ms,159167,245.657,0.196276
159199ms,159199,246.068,0.196283
159231ms,159231,246.364,0.196490
159263ms,159263,246.760,0.196842
159295ms,159295,247.329,0.197378
159327ms,159327,247.761,0.197644
159359ms,159359,248.196,0.198039
159391ms,159391,248.764,0.198560
159423ms,159423,249.263,0.199272
159471ms,159471,249.930,0.199414
159503ms,159503,250.394,0.200104
159535ms,159535,250.723,0.200439
159567ms,159567,250.522,0.200280
159631ms,159631,250.606,0.200228
159663ms,159663,250.527,0.200211
159695ms,159695,250.542,0.200136
159727ms,159727,250.542,0.200284
159759ms,159759,250.591,0.200295
159791ms,159791,250.492,0.200140
159839ms,159839,250.511,0.200031
159871ms,159871,250.543,0.200391
159903ms,159903,250.537,0.200127
159935ms,159935,250.563,0.200240
159967ms,159967,250.666,0.200208
159999ms,159999,249.756,0.200214
160031ms,160031,248.971,0.199378
160063ms,160063,248.046,0.198489
160095ms,160095,247.370,0.197655
160127ms,160127,246.377,0.197294
160159ms,160159,245.636,0.196706
160207ms,160207,245.169,0.196167
160239ms,160239,244.919,0.196642
160271ms,160271,244.460,0.195845
160303ms,160303,244.250,0.195557
160335ms,160335,244.311,0.195543
160367ms,160367,244.170,0.195649
160399ms,160399,244.384,0.195281
160431ms,160431,244.411,0.195128
160463ms,160463,244.434,0.195161
160495ms,160495,244.445,0.195340
160527ms,160527,244.571,0.195656
160559ms,160559,244.751,0.195569
160607ms,160607,244.967,0.195811
160639ms,160639,245.412,0.195989
160671ms,160671,245.743,0.195880
160703ms,160703,246.106,0.196416
160735ms,160735,246.390,0.196671
160767ms,160767,246.832,0.196810
160799ms,160799,247.373,0.197213
160831ms,160831,247.926,0.197732
160863ms,160863,248.318,0.198274
160895ms,160895,248.844,0.198758
160927ms,160927,249.526,0.199321
160959ms,160959,250.022,0.199478
161039ms,161039,250.636,0.200325
161071ms,161071,250.510,0.200331
161103ms,161103,250.466,0.200306
161135ms,161135,250.455,0.200164
161167ms,161167,250.478,0.200134
161199ms,161199,250.498,0.200166
161231ms,161231,250.448,0.200251
161263ms,161263,250.473,0.200266
161295ms,161295,250.456,0.200157
161327ms,161327,250.509,0.200325
161375ms,161375,250.453,0.200244
161407ms,161407,250.489,0.200177
161439ms,161439,250.624,0.200298
161471ms,161471,250.331,0.200340
161503ms,161503,249.525,0.199722
161535ms,161535,248.649,0.198927
161567ms,161567,247.654,0.198410
161599ms,161599,247.023,0.197703
161663ms,161663,245.377,0.196394
161695ms,161695,245.214,0.195948
161743ms,161743,244.961,0.196571
161775ms,161775,244.382,0.195548
161807ms,161807,244.285,0.195744
161839ms,161839,244.299,0.195814
161871ms,161871,244.313,0.195847
161903ms,161903,244.484,0.195587
161935ms,161935,244.356,0.195329
161967ms,161967,244.489,0.195338
161999ms,161999,244.487,0.195010
162031ms,162031,244.626,0.195346
162063ms,162063,244.946,0.195436
162111ms,162111,245.266,0.195688
162143ms,162143,245.598,0.196069
162175ms,162175,245.906,0.196199
162207ms,162207,246.313,0.196532
162239ms,162239,246.615,0.196745
162271ms,162271,247.068,0.197203
162303ms,162303,247.577,0.197645
162335ms,162335,247.984,0.197873
162367ms,162367,248.435,0.198286
162399ms,162399,248.949,0.198722
162431ms,162431,249.554,0.199247
162463ms,162463,250.018,0.199552
162511ms,162511,250.581,0.200183
162543ms,162543,250.707,0.200359
162575ms,162575,250.608,0.200285
162607ms,162607,250.552,0.200261
162639ms,162639,250.532,0.200326
162671ms,162671,250.552,0.200268
162703ms,162703,250.445,0.200288
162735ms,162735,250.525,0.200324
162767ms,162767,250.496,0.200332
162799ms,162799,250.553,0.200422
162831ms,162831,250.523,0.200306
162879ms,162879,250.495,0.200193
162911ms,162911,250.502,0.200181
162943ms,162943,250.701,0.200337
162975ms,162975,250.266,0.200107
163007ms,163007,249.372,0.199441
163039ms,163039,248.522,0.198829
163071ms,163071,247.724,0.198241
163135ms,163135,246.049,0.196716
163199ms,163199,245.217,0.196127
163247ms,163247,244.876,0.196377
163279ms,163279,244.513,0.195590
163311ms,163311,244.408,0.195419
163343ms,163343,244.375,0.195489
163375ms,163375,244.269,0.195785
163407ms,163407,244.345,0.195707
163439ms,163439,244.436,0.195139
163471ms,163471,244.442,0.195321
163503ms,163503,244.555,0.195377
163535ms,163535,244.734,0.195421
163567ms,163567,245.002,0.195204
163599ms,163599,245.334,0.195428
163647ms,163647,245.668,0.196146
163679ms,163679,245.932,0.196247
163711ms,163711,246.251,0.196489
163743ms,163743,246.621,0.196653
163775ms,163775,247.149,0.197068
163807ms,163807,247.568,0.197365
163839ms,163839,248.044,0.197729
163871ms,163871,248.521,0.198336
163903ms,163903,249.058,0.198866
163935ms,163935,249.723,0.199398
163967ms,163967,250.140,0.199727
164015ms,164015,250.670,0.200297
164047ms,164047,250.655,0.200484
164079ms,164079,250.622,0.200242
164111ms,164111,250.439,0.200236
164143ms,164143,250.498,0.200069
164175ms,164175,250.473,0.200124
164207ms,164207,250.483,0.200298
164239ms,164239,250.464,0.200190
164271ms,164271,250.570,0.200383
164303ms,164303,250.581,0.200259
164335ms,164335,250.566,0.200254
164367ms,164367,250.519,0.200305
164415ms,164415,250.487,0.200188
164447ms,164447,250.725,0.200237
164479ms,164479,249.949,0.200086
164543ms,164543,248.359,0.198773
164575ms,164575,247.548,0.198011
164607ms,164607,246.568,0.197325
164639ms,164639,245.922,0.196528
164671ms,164671,245.270,0.196355
164703ms,164703,245.119,0.196241
164735ms,164735,244.538,0.195916
164783ms,164783,244.384,0.195679
164815ms,164815,244.419,0.195627
164847ms,164847,244.276,0.195459
164879ms,164879,244.205,0.195590
164911ms,164911,244.356,0.195728
164943ms,164943,244.449,0.195407
164975ms,164975,244.455,0.195352
165007ms,165007,244.426,0.195333
165039ms,165039,244.788,0.195548
165071ms,165071,244.953,0.195638
165103ms,165103,245.351,0.195845
165151ms,165151,245.786,0.196294
165183ms,165183,246.005,0.196460
165215ms,165215,246.330,0.196549
165247ms,165247,246.741,0.196559
165279ms,165279,247.338,0.197403
165311ms,165311,247.674,0.197753
165343ms,165343,248.120,0.198006
165375ms,165375,248.674,0.198564
165407ms,165407,249.276,0.199044
165439ms,165439,249.850,0.199585
165471ms,165471,250.307,0.200107
165503ms,165503,250.745,0.200524
165551ms,165551,250.391,0.200402
165583ms,165583,250.627,0.200259
165615ms,165615,250.558,0.200364
165647ms,165647,250.565,0.200265
165679ms,165679,250.565,0.200358
165711ms,165711,250.534,0.200259
165743ms,165743,250.487,0.200313
165775ms,165775,250.480,0.200199
165839ms,165839,250.542,0.200242
165871ms,165871,250.585,0.200352
165919ms,165919,250.658,0.200458
165951ms,165951,250.562,0.200091
165983ms,165983,249.607,0.199978
166015ms,166015,248.811,0.199120
166047ms,166047,248.062,0.198443
166079ms,166079,247.133,0.197705
166111ms,166111,246.277,0.197128
166143ms,166143,245.636,0.196812
166175ms,166175,245.312,0.196148
166207ms,166207,244.886,0.195831
166239ms,166239,244.415,0.195313
166287ms,166287,244.322,0.195381
166319ms,166319,244.265,0.195641
166351ms,166351,244.188,0.195306
166383ms,166383,244.423,0.195068
166415ms,166415,244.344,0.195380
166447ms,166447,244.393,0.195356
166479ms,166479,244.555,0.195358
166511ms,166511,244.622,0.195682
166543ms,166543,244.752,0.195882
166575ms,166575,244.999,0.195773
166639ms,166639,245.856,0.195763
166687ms,166687,246.179,0.196271
166719ms,166719,246.515,0.196582
166751ms,166751,246.902,0.197152
166783ms,166783,247.513,0.197534
166815ms,166815,247.979,0.198060
166847ms,166847,248.346,0.198369
166879ms,166879,248.952,0.198751
166911ms,166911,249.495,0.199035
166943ms,166943,249.986,0.199510
166975ms,166975,250.547,0.200182
167007ms,167007,250.683,0.200195
167055ms,167055,250.597,0.200307
167087ms,167087,250.518,0.200127
167119ms,167119,250.540,0.200276
167151ms,167151,250.601,0.200302
167183ms,167183,250.617,0.200262
167215ms,167215,250.668,0.200311
167247ms,167247,250.607,0.200284
167279ms,167279,250.546,0.200334
167311ms,167311,250.620,0.200124
167343ms,167343,250.600,0.200260
167375ms,167375,250.553,0.200283
167423ms,167423,250.787,0.200459
167455ms,167455,250.283,0.200338
167487ms,167487,249.461,0.199682
167519ms,167519,248.623,0.198798
167551ms,167551,247.815,0.198260
167583ms,167583,246.965,0.197775
167615ms,167615,246.061,0.197000
167647ms,167647,245.397,0.196535
167679ms,167679,245.163,0.195982
167711ms,167711,244.987,0.196142
167743ms,167743,244.598,0.195524
167775ms,167775,244.347,0.195420
167823ms,167823,244.263,0.195384
167855ms,167855,244.152,0.195319
167887ms,167887,244.245,0.195435
167919ms,167919,244.371,0.195562
167951ms,167951,244.422,0.195251
167983ms,167983,244.474,0.195373
168015ms,168015,244.626,0.195460
168047ms,168047,245.073,0.195651
168079ms,168079,245.251,0.195709
168111ms,168111,245.522,0.196157
168143ms,168143,245.847,0.196049
168191ms,168191,246.210,0.196341
168223ms,168223,246.655,0.196714
168255ms,168255,247.121,0.197251
168351ms,168351,248.477,0.198338
168415ms,168415,249.595,0.199432
168447ms,168447,250.120,0.199768
168479ms,168479,250.590,0.200247
168511ms,168511,250.607,0.200579
168559ms,168559,250.511,0.200241
168591ms,168591,250.510,0.200342
168623ms,168623,250.527,0.200257
168655ms,168655,250.526,0.200098
168687ms,168687,250.534,0.200343
168719ms,168719,250.482,0.200368
168751ms,168751,250.502,0.200026
168783ms,168783,250.498,0.200015
168815ms,168815,250.487,0.200293
168847ms,168847,250.608,0.200382
168879ms,168879,250.593,0.200547
168927ms,168927,250.794,0.200408
168959ms,168959,250.228,0.200246
168991ms,168991,249.313,0.199530
169023ms,169023,248.509,0.198852
169055ms,169055,247.739,0.198389
169087ms,169087,246.771,0.197623
169119ms,169119,246.049,0.196676
169151ms,169151,245.252,0.196311
169183ms,169183,245.018,0.196108
169215ms,169215,244.972,0.195937
169247ms,169247,244.457,0.195483
169279ms,169279,244.278,0.195931
169327ms,169327,244.347,0.195435
169359ms,169359,244.314,0.195459
169391ms,169391,244.287,0.195865
169423ms,169423,244.449,0.195161
169455ms,169455,244.508,0.195614
169487ms,169487,244.496,0.195501
169519ms,169519,244.706,0.195459
169551ms,169551,244.851,0.195403
169583ms,169583,245.284,0.195569
169615ms,169615,245.678,0.196168
169647ms,169647,245.951,0.196319
169695ms,169695,246.413,0.196522
169727ms,169727,246.768,0.196831
169759ms,169759,247.204,0.197111
169791ms,169791,247.641,0.197460
169823ms,169823,248.109,0.197995
169855ms,169855,248.498,0.198348
169887ms,169887,249.073,0.198913
169919ms,169919,249.717,0.199524
169983ms,169983,250.576,0.200175
170047ms,170047,250.484,0.200454
170095ms,170095,250.444,0.200192
170127ms,170127,250.462,0.200268
170159ms,170159,250.492,0.199978
170191ms,170191,250.435,0.200031
170223ms,170223,250.534,0.200246
170255ms,170255,250.450,0.200107
170287ms,170287,250.407,0.200300
170319ms,170319,250.501,0.200235
170351ms,170351,250.584,0.200288
170383ms,170383,250.580,0.200401
170415ms,170415,250.597,0.200147
170463ms,170463,249.693,0.200020
170495ms,170495,248.984,0.199057
170527ms,170527,248.186,0.198638
170559ms,170559,247.391,0.197901
170591ms,170591,246.476,0.197350
170623ms,170623,245.735,0.196484
170655ms,170655,245.140,0.196126
170687ms,170687,245.171,0.196161
170719ms,170719,244.605,0.195632
170751ms,170751,244.289,0.195417
170783ms,170783,244.413,0.195408
170831ms,170831,244.314,0.195472
170863ms,170863,244.396,0.195229
170895ms,170895,244.338,0.195516
170927ms,170927,244.466,0.195479
170959ms,170959,244.476,0.195425
170991ms,170991,244.642,0.195239
171023ms,171023,244.821,0.195694
171055ms,171055,245.102,0.195526
171087ms,171087,245.420,0.195796
171119ms,171119,245.677,0.196163
171151ms,171151,245.990,0.196292
171183ms,171183,246.452,0.196755
171231ms,171231,246.728,0.196919
171263ms,171263,247.349,0.197612
171295ms,171295,247.682,0.197682
171327ms,171327,248.136,0.198049
171391ms,171391,249.231,0.198933
171423ms,171423,249.782,0.199420
171455ms,171455,250.312,0.199820
171487ms,171487,250.795,0.200353
171519ms,171519,250.598,0.200675
171551ms,171551,250.707,0.200293
171599ms,171599,250.758,0.200367
171631ms,171631,250.706,0.200271
171663ms,171663,250.751,0.200283
171695ms,171695,250.713,0.200455
171727ms,171727,250.704,0.200263
171759ms,171759,250.716,0.200327
171791ms,171791,250.717,0.200300
171823ms,171823,250.684,0.200116
171855ms,171855,250.699,0.200451
171887ms,171887,250.782,0.200575
171919ms,171919,250.786,0.200378
171951ms,171951,250.001,0.199917
171999ms,171999,249.114,0.199031
172031ms,172031,248.328,0.198888
172063ms,172063,247.349,0.197964
172095ms,172095,246.379,0.197174
172127ms,172127,245.781,0.196440
172159ms,172159,245.088,0.196458
172191ms,172191,245.039,0.196369
172223ms,172223,244.598,0.196233
172255ms,172255,244.420,0.195711
172287ms,172287,244.366,0.195429
172319ms,172319,244.258,0.195559
172367ms,172367,244.322,0.195162
172399ms,172399,244.450,0.195194
172431ms,172431,244.576,0.195517
172463ms,172463,244.604,0.195325
172495ms,172495,244.631,0.195615
172527ms,172527,244.810,0.195793
172559ms,172559,245.006,0.195844
172591ms,172591,245.412,0.195754
172623ms,172623,245.851,0.196048
172687ms,172687,246.481,0.196590
172735ms,172735,247.017,0.197085
172767ms,172767,247.399,0.197496
172799ms,172799,247.948,0.197699
172831ms,172831,248.333,0.198228
172863ms,172863,248.768,0.198699
172895ms,172895,249.381,0.199075
172927ms,172927,249.890,0.199650
172959ms,172959,250.487,0.200081
172991ms,172991,250.657,0.200350
173023ms,173023,250.573,0.200341
173055ms,173055,250.504,0.200286
173087ms,173087,250.489,0.200174
173135ms,173135,250.507,0.200242
173167ms,173167,250.454,0.200169
173199ms,173199,250.563,0.200365
173231ms,173231,250.551,0.200255
173263ms,173263,250.478,0.200106
173295ms,173295,250.470,0.200047
173327ms,173327,250.545,0.200215
173359ms,173359,250.531,0.200360
173391ms,173391,250.660,0.200420
173423ms,173423,250.458,0.200340
173503ms,173503,248.733,0.198864
173535ms,173535,247.770,0.198455
173567ms,173567,246.868,0.197688
173599ms,173599,246.180,0.196930
173631ms,173631,245.546,0.196578
173663ms,173663,245.049,0.196466
173695ms,173695,244.902,0.195988
173727ms,173727,244.428,0.195735
173759ms,173759,244.454,0.195518
173791ms,173791,244.305,0.195819
173823ms,173823,244.333,0.195836
173871ms,173871,244.269,0.195388
173903ms,173903,244.454,0.195377
173935ms,173935,244.373,0.195323
173967ms,173967,244.471,0.195378
173999ms,173999,244.574,0.195462
174031ms,174031,244.784,0.195738
174063ms,174063,245.111,0.195687
174095ms,174095,245.447,0.195903
174127ms,174127,245.855,0.196124
174159ms,174159,246.164,0.196475
174191ms,174191,246.552,0.196781
174239ms,174239,247.074,0.197208
174271ms,174271,247.523,0.197357
174303ms,174303,247.966,0.197889
174335ms,174335,248.546,0.198346
174367ms,174367,249.000,0.198814
174399ms,174399,249.580,0.199362
174431ms,174431,249.982,0.199734
174463ms,174463,250.579,0.200253
174495ms,174495,250.591,0.200517
174527ms,174527,250.420,0.200287
174559ms,174559,250.484,0.200242
174591ms,174591,250.518,0.200342
174639ms,174639,250.466,0.200203
174671ms,174671,250.470,0.200166
174703ms,174703,250.540,0.200195
174735ms,174735,250.492,0.200016
174767ms,174767,250.532,0.200254
174799ms,174799,250.495,0.200158
174831ms,174831,250.557,0.200277
174863ms,174863,250.586,0.200147
174895ms,174895,250.698,0.200239
174927ms,174927,250.137,0.200354
174959ms,174959,249.292,0.199521
175007ms,175007,248.418,0.198702
175039ms,175039,247.611,0.198350
175071ms,175071,246.650,0.197261
175103ms,175103,246.005,0.196601
175135ms,175135,245.313,0.196284
175167ms,175167,245.148,0.196026
175199ms,175199,244.798,0.195992
175263ms,175263,244.282,0.195689
175295ms,175295,244.332,0.195463
175327ms,175327,244.342,0.195776
175359ms,175359,244.398,0.195419
175407ms,175407,244.283,0.195359
175439ms,175439,244.409,0.195543
175471ms,175471,244.591,0.195609
175503ms,175503,244.670,0.195478
175535ms,175535,245.020,0.195377
175567ms,175567,245.199,0.195591
175599ms,175599,245.620,0.196101
175631ms,175631,245.896,0.196166
175663ms,175663,246.343,0.196430
175695ms,175695,246.648,0.196892
175727ms,175727,247.182,0.197213
175775ms,175775,247.541,0.197498
175807ms,175807,248.071,0.198037
175839ms,175839,248.513,0.198508
175871ms,175871,249.112,0.199004
175903ms,175903,249.689,0.199420
175935ms,175935,250.197,0.199845
175967ms,175967,250.711,0.200279
175999ms,175999,250.559,0.200526
176031ms,176031,250.559,0.200381
176095ms,176095,250.487,0.200128
176143ms,176143,250.460,0.200103
176175ms,176175,250.504,0.200180
176207ms,176207,250.449,0.200169
176239ms,176239,250.467,0.200148
176271ms,176271,250.478,0.200176
176303ms,176303,250.512,0.200364
176335ms,176335,250.551,0.200168
176367ms,176367,250.551,0.200191
176399ms,176399,250.667,0.200349
176431ms,176431,249.964,0.199961
176463ms,176463,249.110,0.199345
176511ms,176511,248.421,0.198906
176543ms,176543,247.531,0.197920
176575ms,176575,246.662,0.197236
176607ms,176607,245.913,0.196557
176639ms,176639,245.381,0.196705
176671ms,176671,245.210,0.196243
176703ms,176703,244.710,0.196163
176735ms,176735,244.501,0.195587
176767ms,176767,244.217,0.195570
176799ms,176799,244.355,0.195537
176831ms,176831,244.339,0.195751
176863ms,176863,244.466,0.195439
176911ms,176911,244.403,0.195154
176943ms,176943,244.438,0.195337
176975ms,176975,244.591,0.195438
177007ms,177007,244.714,0.195646
177039ms,177039,244.865,0.195528
177071ms,177071,245.218,0.195806
177103ms,177103,245.663,0.196159
177135ms,177135,245.978,0.196505
177167ms,177167,246.403,0.196656
177199ms,177199,246.739,0.196744
177231ms,177231,247.330,0.197299
177279ms,177279,247.694,0.197672
177311ms,177311,248.220,0.198162
177343ms,177343,248.754,0.198707
177375ms,177375,249.248,0.198990
177407ms,177407,249.835,0.199423
177439ms,177439,250.359,0.199894
177471ms,177471,250.785,0.200337
177503ms,177503,250.474,0.200406
177535ms,177535,250.523,0.200344
177631ms,177631,250.545,0.200194
177679ms,177679,250.549,0.200178
177711ms,177711,250.495,0.200082
177743ms,177743,250.526,0.200187
177807ms,177807,250.592,0.200332
177839ms,177839,250.587,0.200278
177871ms,177871,250.570,0.200207
177903ms,177903,250.573,0.200339
177935ms,177935,249.701,0.199906
177967ms,177967,248.968,0.199435
177999ms,177999,248.140,0.198658
178047ms,178047,247.371,0.197726
178111ms,178111,245.761,0.196801
178143ms,178143,245.202,0.196114
178175ms,178175,245.050,0.196525
178207ms,178207,244.538,0.195993
178239ms,178239,244.380,0.195662
178271ms,178271,244.302,0.195561
178303ms,178303,244.283,0.195325
178335ms,178335,244.294,0.195824
178367ms,178367,244.375,0.195191
178415ms,178415,244.492,0.195593
178447ms,178447,244.373,0.195408
178479ms,178479,244.564,0.195402
178511ms,178511,244.734,0.195577
178543ms,178543,245.004,0.195755
178575ms,178575,245.395,0.195835
178607ms,178607,245.696,0.196136
178639ms,178639,246.188,0.196414
178671ms,178671,246.465,0.196565
178703ms,178703,246.807,0.196854
178735ms,178735,247.383,0.197542
178767ms,178767,247.806,0.197740
178815ms,178815,248.257,0.198076
178847ms,178847,248.843,0.198574
178879ms,178879,249.387,0.198976
178911ms,178911,249.886,0.199633
178943ms,178943,250.396,0.200035
178975ms,178975,250.719,0.200537
179007ms,179007,250.506,0.200551
179039ms,179039,250.594,0.200275
179071ms,179071,250.568,0.200262
179103ms,179103,250.638,0.200283
179135ms,179135,250.542,0.200408
179183ms,179183,250.646,0.200283
179215ms,179215,250.614,0.200239
179247ms,179247,250.613,0.200380
179279ms,179279,250.509,0.200121
179343ms,179343,250.551,0.200360
179375ms,179375,250.682,0.200346
179407ms,179407,250.512,0.200363
179439ms,179439,249.619,0.199858
179471ms,179471,248.850,0.199141
179503ms,179503,248.025,0.198317
179551ms,179551,247.115,0.197504
179583ms,179583,246.298,0.197083
179615ms,179615,245.592,0.196697
179647ms,179647,245.091,0.195885
179679ms,179679,244.898,0.196011
179711ms,179711,244.411,0.195256
179743ms,179743,244.331,0.195757
179775ms,179775,244.315,0.195631
179807ms,179807,244.262,0.195470
179839ms,179839,244.330,0.195369
179871ms,179871,244.513,0.195280
179903ms,179903,244.439,0.195261
179951ms,179951,244.482,0.195326
179983ms,179983,244.647,0.195480
180015ms,180015,244.924,0.195716
180047ms,180047,244.975,0.195670
180079ms,180079,245.353,0.195918
180111ms,180111,245.841,0.196000
180143ms,180143,246.192,0.196572
180175ms,180175,246.490,0.196856
180207ms,180207,246.957,0.197022
180239ms,180239,247.492,0.197571
180271ms,180271,247.930,0.197894
180319ms,180319,248.477,0.198449
180351ms,180351,248.926,0.198683
180383ms,180383,249.544,0.199288
180415ms,180415,250.070,0.199560
180447ms,180447,250.561,0.200046
180479ms,180479,250.624,0.200415
180511ms,180511,250.560,0.200300
180543ms,180543,250.460,0.200301
180575ms,180575,250.438,0.200370
180607ms,180607,250.467,0.200231
180671ms,180671,250.472,0.200268
180719ms,180719,250.467,0.200350
180751ms,180751,250.492,0.200207
180783ms,180783,250.456,0.200242
180815ms,180815,250.554,0.200288
180847ms,180847,250.563,0.200143
180879ms,180879,250.631,0.200637
180911ms,180911,250.336,0.200448
180943ms,180943,249.497,0.199698
180975ms,180975,248.613,0.198758
181007ms,181007,247.703,0.198557
181039ms,181039,246.965,0.197854
181087ms,181087,246.102,0.196849
181119ms,181119,245.354,0.196311
181151ms,181151,245.139,0.196055
181183ms,181183,245.001,0.196262
181215ms,181215,244.434,0.195638
181247ms,181247,244.235,0.195578
181279ms,181279,244.337,0.195612
181311ms,181311,244.309,0.195508
181343ms,181343,244.444,0.195565
181375ms,181375,244.282,0.195356
181407ms,181407,244.435,0.195458
181455ms,181455,244.581,0.195569
181487ms,181487,244.715,0.195624
181519ms,181519,245.052,0.195481
181551ms,181551,245.320,0.195770
181583ms,181583,245.622,0.196258
181615ms,181615,245.927,0.196250
181647ms,181647,246.282,0.196697
181679ms,181679,246.646,0.196665
181711ms,181711,247.157,0.197229
181743ms,181743,247.530,0.197557
181775ms,181775,248.010,0.197957
181807ms,181807,248.444,0.198440
181855ms,181855,249.039,0.198739
181887ms,181887,249.575,0.199313
181919ms,181919,250.042,0.199604
181983ms,181983,250.603,0.200540
182015ms,182015,250.596,0.200276
182047ms,182047,250.651,0.200149
182079ms,182079,250.595,0.200454
182111ms,182111,250.635,0.200308
182143ms,182143,250.666,0.200298
182175ms,182175,250.583,0.200366
182223ms,182223,250.595,0.200352
182255ms,182255,250.636,0.200293
182287ms,182287,250.671,0.200227
182319ms,182319,250.574,0.200110
182351ms,182351,250.578,0.200154
182383ms,182383,250.769,0.200266
182415ms,182415,250.124,0.200170
182447ms,182447,249.311,0.199475
182479ms,182479,248.472,0.198921
182511ms,182511,247.554,0.198171
182543ms,182543,246.718,0.197444
182591ms,182591,246.109,0.196644
182623ms,182623,245.373,0.196222
182655ms,182655,244.979,0.196066
182687ms,182687,244.716,0.196138
182719ms,182719,244.410,0.195507
182751ms,182751,244.313,0.195514
182783ms,182783,244.227,0.195377
182847ms,182847,244.425,0.195620
182879ms,182879,244.258,0.195248
182911ms,182911,244.579,0.195307
182959ms,182959,244.597,0.195325
182991ms,182991,244.778,0.195514
183023ms,183023,244.893,0.195646
183055ms,183055,245.280,0.195741
183087ms,183087,245.748,0.196272
183119ms,183119,245.962,0.196318
183151ms,183151,246.347,0.196552
183183ms,183183,246.622,0.196844
183215ms,183215,247.224,0.197334
183247ms,183247,247.636,0.197422
183279ms,183279,248.090,0.197958
183311ms,183311,248.521,0.198344
183359ms,183359,249.126,0.199027
183391ms,183391,249.750,0.199298
183423ms,183423,250.244,0.199922
183455ms,183455,250.768,0.200514
183487ms,183487,250.543,0.200454
183519ms,183519,250.610,0.200430
183551ms,183551,250.561,0.200079
183583ms,183583,250.569,0.200232
183615ms,183615,250.542,0.200309
183647ms,183647,250.598,0.200342
183679ms,183679,250.510,0.200408
183727ms,183727,250.561,0.200197
183759ms,183759,250.541,0.200097
183791ms,183791,250.601,0.200201
183823ms,183823,250.581,0.200329
183855ms,183855,250.587,0.200366
183887ms,183887,250.738,0.200267
183919ms,183919,249.965,0.199965
183951ms,183951,249.109,0.199100
183983ms,183983,248.367,0.198615
184015ms,184015,247.463,0.197806
184047ms,184047,246.652,0.197430
184079ms,184079,246.009,0.196737
184127ms,184127,245.234,0.196409
184191ms,184191,244.568,0.196157
184223ms,184223,244.375,0.195515
184255ms,184255,244.426,0.195678
184319ms,184319,244.317,0.195798
184351ms,184351,244.422,0.196154
184383ms,184383,244.359,0.195529
184415ms,184415,244.493,0.195105
184447ms,184447,244.562,0.195520
184495ms,184495,244.680,0.195821
184527ms,184527,244.941,0.195818
184559ms,184559,245.229,0.195735
184591ms,184591,245.675,0.196118
184623ms,184623,245.999,0.196357
184655ms,184655,246.416,0.196664
184687ms,184687,246.676,0.196788
184719ms,184719,247.297,0.197343
184751ms,184751,247.630,0.197740
184783ms,184783,248.252,0.198207
184815ms,184815,248.708,0.198570
184863ms,184863,249.190,0.199309
184895ms,184895,249.779,0.199598
184927ms,184927,250.290,0.199981
184959ms,184959,250.705,0.200338
184991ms,184991,250.478,0.200474
185023ms,185023,250.505,0.200223
185055ms,185055,250.460,0.200116
185087ms,185087,250.504,0.200342
185119ms,185119,250.502,0.200229
185151ms,185151,250.420,0.200269
185183ms,185183,250.539,0.200277
185231ms,185231,250.437,0.200227
185263ms,185263,250.441,0.200081
185295ms,185295,250.544,0.200188
185327ms,185327,250.572,0.200172
185359ms,185359,250.623,0.200394
185391ms,185391,250.658,0.200325
185423ms,185423,249.946,0.199962
185455ms,185455,249.114,0.199221
185487ms,185487,248.297,0.198719
185519ms,185519,247.463,0.197942
185551ms,185551,246.661,0.197211
185583ms,185583,246.038,0.196783
185631ms,185631,245.308,0.196389
185663ms,185663,245.160,0.196497
185695ms,185695,244.723,0.195924
185727ms,185727,244.409,0.195560
185759ms,185759,244.397,0.195647
185791ms,185791,244.315,0.195408
185823ms,185823,244.388,0.195484
185855ms,185855,244.443,0.195668
185887ms,185887,244.300,0.195342
185919ms,185919,244.518,0.195254
185951ms,185951,244.642,0.195456
186031ms,186031,244.857,0.195296
186063ms,186063,245.228,0.195558
186095ms,186095,245.592,0.196278
186127ms,186127,245.890,0.196327
186159ms,186159,246.313,0.196716
186191ms,186191,246.677,0.196843
186255ms,186255,247.622,0.197486
186287ms,186287,248.140,0.198032
186319ms,186319,248.567,0.198433
186367ms,186367,249.098,0.199053
186399ms,186399,249.750,0.199387
186431ms,186431,250.243,0.199836
186463ms,186463,250.762,0.200427
186495ms,186495,250.494,0.200591
186527ms,186527,250.584,0.200318
186559ms,186559,250.636,0.200309
186591ms,186591,250.577,0.200170
186623ms,186623,250.676,0.200283
186655ms,186655,250.593,0.200327
186687ms,186687,250.588,0.200246
186719ms,186719,250.570,0.200066
186767ms,186767,250.625,0.200055
186799ms,186799,250.659,0.200248
186831ms,186831,250.547,0.200492
186863ms,186863,250.703,0.200533
186895ms,186895,250.577,0.200342
186927ms,186927,249.747,0.200020
186959ms,186959,248.925,0.199239
186991ms,186991,248.118,0.198385
187023ms,187023,247.323,0.197879
187055ms,187055,246.353,0.197315
187087ms,187087,245.749,0.196613
187135ms,187135,245.174,0.196126
187167ms,187167,244.968,0.196336
187199ms,187199,244.572,0.195704
187231ms,187231,244.344,0.195572
187263ms,187263,244.377,0.195570
187295ms,187295,244.203,0.195527
187327ms,187327,244.334,0.195265
187359ms,187359,244.409,0.195162
187391ms,187391,244.564,0.195356
187423ms,187423,244.505,0.195441
187487ms,187487,244.968,0.195592
187535ms,187535,245.019,0.195701
187567ms,187567,245.357,0.195859
187599ms,187599,245.876,0.196041
187631ms,187631,246.074,0.196546
187663ms,187663,246.433,0.196700
187727ms,187727,247.467,0.197568
187759ms,187759,247.955,0.197927
187791ms,187791,248.430,0.198293
187823ms,187823,248.968,0.198668
187855ms,187855,249.569,0.199130
187903ms,187903,249.997,0.199777
187935ms,187935,250.580,0.200275
187967ms,187967,250.657,0.200473
187999ms,187999,250.539,0.200348
188031ms,188031,250.530,0.200283
188063ms,188063,250.525,0.200326
188095ms,188095,250.475,0.200278
188127ms,188127,250.657,0.200352
188159ms,188159,250.625,0.200214
188191ms,188191,250.601,0.200301
188223ms,188223,250.595,0.200365
188271ms,188271,250.630,0.200337
188303ms,188303,250.532,0.200300
188335ms,188335,250.504,0.200403
188367ms,188367,250.733,0.200443
188399ms,188399,250.341,0.200220
188431ms,188431,249.446,0.199602
188463ms,188463,248.638,0.198693
188495ms,188495,247.766,0.198394
188527ms,188527,246.896,0.197680
188559ms,188559,246.108,0.197114
188591ms,188591,245.293,0.196339
188623ms,188623,245.128,0.196080
188671ms,188671,244.885,0.196258
188703ms,188703,244.387,0.195443
188735ms,188735,244.320,0.195885
188767ms,188767,244.249,0.195328
188799ms,188799,244.331,0.195802
188831ms,188831,244.423,0.195569
188863ms,188863,244.272,0.195330
188895ms,188895,244.428,0.195280
188959ms,188959,244.710,0.195470
188991ms,188991,244.904,0.195611
189039ms,189039,245.247,0.195505
189071ms,189071,245.714,0.196179
189103ms,189103,245.875,0.196248
189135ms,189135,246.371,0.196529
189167ms,189167,246.654,0.196681
189199ms,189199,247.180,0.197216
189263ms,189263,248.052,0.197968
189295ms,189295,248.486,0.198365
189327ms,189327,249.058,0.198711
189359ms,189359,249.639,0.199331
189407ms,189407,250.036,0.199798
189439ms,189439,250.643,0.200264
189471ms,189471,250.526,0.200462
189503ms,189503,250.561,0.200321
189535ms,189535,250.565,0.200118
189567ms,189567,250.590,0.200082
189599ms,189599,250.591,0.200193
189631ms,189631,250.621,0.200266
189663ms,189663,250.554,0.200100
189695ms,189695,250.571,0.200316
189727ms,189727,250.572,0.200359
189759ms,189759,250.600,0.200316
189807ms,189807,250.576,0.200316
189839ms,189839,250.657,0.200358
189871ms,189871,250.669,0.200219
189903ms,189903,249.921,0.200051
189935ms,189935,249.092,0.199343
189967ms,189967,248.411,0.198765
189999ms,189999,247.591,0.198039
190031ms,190031,246.667,0.197427
190063ms,190063,245.937,0.196775
190095ms,190095,245.338,0.196460
190127ms,190127,245.088,0.196191
190175ms,190175,244.606,0.196215
190207ms,190207,244.313,0.195681
190239ms,190239,244.420,0.195600
190271ms,190271,244.258,0.195431
190303ms,190303,244.200,0.195386
190335ms,190335,244.361,0.195575
190367ms,190367,244.545,0.195543
190431ms,190431,244.495,0.195521
190495ms,190495,244.949,0.195727
190543ms,190543,245.239,0.195978
190575ms,190575,245.798,0.196116
190607ms,190607,245.958,0.196589
190639ms,190639,246.331,0.196627
190671ms,190671,246.763,0.197034
190703ms,190703,247.290,0.197288
190735ms,190735,247.662,0.197485
190767ms,190767,248.096,0.197961
190799ms,190799,248.615,0.198362
190831ms,190831,249.098,0.198851
190863ms,190863,249.788,0.199537
190895ms,190895,250.268,0.199826
190943ms,190943,250.724,0.200339
190975ms,190975,250.481,0.200417
191007ms,191007,250.471,0.200238
191039ms,191039,250.394,0.200215
191071ms,191071,250.434,0.200181
191103ms,191103,250.538,0.200325
191135ms,191135,250.522,0.200289
191167ms,191167,250.486,0.200170
191199ms,191199,250.460,0.200005
191231ms,191231,250.404,0.200137
191263ms,191263,250.405,0.200061
191311ms,191311,250.524,0.200322
191343ms,191343,250.585,0.200225
191375ms,191375,250.570,0.200216
191407ms,191407,249.736,0.199887
191439ms,191439,248.899,0.199386
191471ms,191471,248.263,0.198397
191503ms,191503,247.366,0.198094
191535ms,191535,246.475,0.197306
191567ms,191567,245.797,0.196492
191599ms,191599,245.124,0.196258
191631ms,191631,245.167,0.196300
191663ms,191663,244.634,0.196133
191711ms,191711,244.265,0.195906
191775ms,191775,244.289,0.195604
191807ms,191807,244.332,0.195461
191839ms,191839,244.394,0.195531
191871ms,191871,244.515,0.195593
191903ms,191903,244.505,0.195272
191935ms,191935,244.511,0.195339
191967ms,191967,244.793,0.195488
191999ms,191999,244.864,0.195606
192031ms,192031,245.272,0.195779
192079ms,192079,245.750,0.195873
192111ms,192111,246.026,0.196465
192143ms,192143,246.368,0.196610
192175ms,192175,246.837,0.196892
192207ms,192207,247.268,0.197428
192239ms,192239,247.678,0.197713
192271ms,192271,248.219,0.198233
192303ms,192303,248.725,0.198545
192335ms,192335,249.425,0.198945
192367ms,192367,249.901,0.199625
192399ms,192399,250.439,0.200129
192447ms,192447,250.737,0.200415
192479ms,192479,250.490,0.200379
192511ms,192511,250.619,0.200305
192543ms,192543,250.565,0.200270
192575ms,192575,250.543,0.200011
192607ms,192607,250.616,0.200087
192639ms,192639,250.598,0.200215
192671ms,192671,250.580,0.200206
192703ms,192703,250.617,0.200349
192735ms,192735,250.679,0.200364
192767ms,192767,250.598,0.200289
192799ms,192799,250.515,0.200286
192847ms,192847,250.629,0.200515
192879ms,192879,250.644,0.200308
192911ms,192911,249.593,0.199968
192943ms,192943,248.921,0.199128
192975ms,192975,248.102,0.198486
193007ms,193007,247.280,0.197655
193071ms,193071,245.688,0.196843
193103ms,193103,245.215,0.196147
193135ms,193135,245.132,0.196479
193167ms,193167,244.559,0.196071
193215ms,193215,244.328,0.195507
193247ms,193247,244.428,0.195932
193279ms,193279,244.229,0.195451
193311ms,193311,244.405,0.195312
193343ms,193343,244.391,0.195243
193375ms,193375,244.511,0.195926
193407ms,193407,244.435,0.195406
193439ms,193439,244.599,0.195410
193471ms,193471,244.818,0.195773
193503ms,193503,245.025,0.195587
193535ms,193535,245.416,0.196024
193583ms,193583,245.779,0.195966
193615ms,193615,246.108,0.196189
193647ms,193647,246.499,0.196420
193679ms,193679,246.985,0.197018
193711ms,193711,247.410,0.197714
193743ms,193743,247.865,0.197868
193775ms,193775,248.273,0.198343
193807ms,193807,248.886,0.198629
193839ms,193839,249.494,0.199195
193871ms,193871,250.008,0.199562
193903ms,193903,250.489,0.200192
193935ms,193935,250.693,0.200429
193983ms,193983,250.545,0.200231
194015ms,194015,250.480,0.200244
194047ms,194047,250.434,0.200314
194079ms,194079,250.477,0.200260
194111ms,194111,250.508,0.200235
194143ms,194143,250.507,0.200308
194175ms,194175,250.550,0.200284
194207ms,194207,250.499,0.200249
194239ms,194239,250.429,0.200264
194271ms,194271,250.549,0.200330
194303ms,194303,250.524,0.200185
194351ms,194351,250.663,0.200244
194383ms,194383,250.470,0.200426
194415ms,194415,249.615,0.199956
194447ms,194447,248.739,0.198837
194511ms,194511,246.979,0.197722
194543ms,194543,246.187,0.197027
194575ms,194575,245.522,0.196541
194607ms,194607,245.035,0.196109
194639ms,194639,244.994,0.196296
194671ms,194671,244.467,0.195662
194719ms,194719,244.423,0.195770
194751ms,194751,244.211,0.195781
194783ms,194783,244.209,0.195097
194815ms,194815,244.331,0.195406
194847ms,194847,244.373,0.195410
194879ms,194879,244.360,0.195391
194911ms,194911,244.422,0.195285
194943ms,194943,244.549,0.195523
194975ms,194975,244.793,0.195702
195007ms,195007,245.064,0.195593
195039ms,195039,245.402,0.195805
195119ms,195119,246.246,0.196481
195151ms,195151,246.582,0.196662
195183ms,195183,246.986,0.197250
195215ms,195215,247.547,0.197437
195247ms,195247,247.869,0.197900
195279ms,195279,248.391,0.198210
195311ms,195311,248.847,0.198710
195343ms,195343,249.430,0.199041
195375ms,195375,250.037,0.199606
195407ms,195407,250.543,0.200221
195439ms,195439,250.763,0.200361
195487ms,195487,250.593,0.200238
195519ms,195519,250.608,0.200289
195551ms,195551,250.554,0.200290
195583ms,195583,250.556,0.200413
195615ms,195615,250.472,0.200383
195647ms,195647,250.615,0.200306
195679ms,195679,250.490,0.200365
195711ms,195711,250.518,0.200207
195743ms,195743,250.515,0.200084
195775ms,195775,250.594,0.200287
195807ms,195807,250.562,0.200307
195855ms,195855,250.666,0.200408
195887ms,195887,250.173,0.200274
195919ms,195919,249.482,0.199512
195951ms,195951,248.588,0.198756
195983ms,195983,247.760,0.198408
196015ms,196015,246.984,0.197742
196047ms,196047,246.063,0.197118
196079ms,196079,245.371,0.196372
196111ms,196111,245.092,0.195948
196143ms,196143,244.919,0.196214
196175ms,196175,244.396,0.195652
196207ms,196207,244.212,0.195766
196255ms,196255,244.331,0.195445
196287ms,196287,244.367,0.195785
196319ms,196319,244.374,0.195613
196351ms,196351,244.338,0.195469
196383ms,196383,244.474,0.195360
196415ms,196415,244.528,0.195310
196447ms,196447,244.716,0.195335
196479ms,196479,244.880,0.195406
196543ms,196543,245.666,0.196347
196575ms,196575,246.003,0.196316
196623ms,196623,246.286,0.196789
196655ms,196655,246.603,0.196872
196687ms,196687,247.202,0.197342
196719ms,196719,247.608,0.197552
196751ms,196751,248.196,0.198167
196783ms,196783,248.581,0.198366
196815ms,196815,249.085,0.199046
196847ms,196847,249.680,0.199527
196879ms,196879,250.192,0.199802
196911ms,196911,250.701,0.200308
196943ms,196943,250.561,0.200418
196975ms,196975,250.610,0.200232
197023ms,197023,250.565,0.200375
197055ms,197055,250.513,0.200157
197087ms,197087,250.527,0.200247
197119ms,197119,250.544,0.200270
197151ms,197151,250.537,0.200400
197215ms,197215,250.490,0.200297
197247ms,197247,250.567,0.200150
197279ms,197279,250.532,0.200176
197311ms,197311,250.621,0.200349
197343ms,197343,250.697,0.200321
197391ms,197391,249.982,0.200057
197423ms,197423,249.095,0.199284
197455ms,197455,248.229,0.198842
197487ms,197487,247.384,0.197810
197519ms,197519,246.537,0.197226
197551ms,197551,245.673,0.196659
197583ms,197583,245.191,0.196272
197615ms,197615,245.102,0.196054
197647ms,197647,244.549,0.195831
197679ms,197679,244.310,0.195796
197711ms,197711,244.329,0.195430
197759ms,197759,244.294,0.195524
197791ms,197791,244.344,0.195790
197823ms,197823,244.443,0.195612
197855ms,197855,244.467,0.195625
197887ms,197887,244.482,0.195371
197919ms,197919,244.520,0.195076
197951ms,197951,244.723,0.195725
197983ms,197983,245.071,0.195522
198015ms,198015,245.328,0.195870
198047ms,198047,245.717,0.195954
198079ms,198079,246.047,0.196297
198127ms,198127,246.421,0.196337
198159ms,198159,246.786,0.196906
198191ms,198191,247.377,0.197368
198223ms,198223,247.726,0.197488
198255ms,198255,248.107,0.197985
198287ms,198287,248.747,0.198470
198319ms,198319,249.292,0.199083
198351ms,198351,249.852,0.199505
198383ms,198383,250.299,0.200190
198415ms,198415,250.724,0.200640
198447ms,198447,250.514,0.200387
198479ms,198479,250.525,0.200203
198559ms,198559,250.534,0.200340
198591ms,198591,250.501,0.200259
198655ms,198655,250.503,0.200219
198687ms,198687,250.573,0.200278
198719ms,198719,250.478,0.200391
198751ms,198751,250.574,0.200290
198783ms,198783,250.600,0.200364
198815ms,198815,250.708,0.200444
198847ms,198847,250.624,0.200284
198895ms,198895,249.700,0.200177
198927ms,198927,248.999,0.199135
198959ms,198959,248.111,0.198543
198991ms,198991,247.292,0.197812
199023ms,199023,246.420,0.197314
199055ms,199055,245.635,0.196689
199087ms,199087,245.168,0.196112
199119ms,199119,245.040,0.196590
199151ms,199151,244.600,0.196061
199183ms,199183,244.269,0.195725
199215ms,199215,244.275,0.195669
199263ms,199263,244.263,0.195389
199295ms,199295,244.353,0.195215
199327ms,199327,244.373,0.195357
199359ms,199359,244.502,0.195702
199391ms,199391,244.429,0.195199
199423ms,199423,244.587,0.195282
199455ms,199455,244.758,0.195693
199487ms,199487,245.084,0.195602
199519ms,199519,245.438,0.195922
199551ms,199551,245.670,0.195853
199583ms,199583,246.049,0.196255
199615ms,199615,246.420,0.196394
199663ms,199663,246.912,0.196943
199695ms,199695,247.323,0.197400
199727ms,199727,247.832,0.197658
199759ms,199759,248.161,0.198169
199791ms,199791,248.773,0.198591
199823ms,199823,249.265,0.199104
199855ms,199855,249.907,0.199581
199887ms,199887,250.371,0.200117
199919ms,199919,250.770,0.200498
199983ms,199983,250.557,0.200230
200031ms,200031,250.505,0.200359
200063ms,200063,250.520,0.200344
200095ms,200095,250.500,0.200265
200127ms,200127,250.519,0.200207
200159ms,200159,250.567,0.200282
200191ms,200191,250.541,0.200239
200223ms,200223,250.580,0.200151
200255ms,200255,250.541,0.200412
200287ms,200287,250.472,0.200194
200319ms,200319,250.743,0.200484
200351ms,200351,250.488,0.200223
200383ms,200383,249.556,0.199635
200431ms,200431,248.577,0.198775
200463ms,200463,247.817,0.198332
200495ms,200495,246.983,0.197498
200527ms,200527,246.122,0.196714
200559ms,200559,245.508,0.196371
200591ms,200591,245.071,0.196039
200623ms,200623,244.989,0.196357
200687ms,200687,244.351,0.195391
200719ms,200719,244.286,0.195595
200751ms,200751,244.323,0.195606
200799ms,200799,244.357,0.195452
200831ms,200831,244.408,0.195093
200863ms,200863,244.519,0.195439
200895ms,200895,244.532,0.195385
200927ms,200927,244.788,0.195420
200959ms,200959,244.903,0.195308
200991ms,200991,245.318,0.195737
201023ms,201023,245.672,0.196337
201055ms,201055,245.826,0.196341
201087ms,201087,246.210,0.196627
201119ms,201119,246.686,0.197019
201167ms,201167,247.232,0.197072
201199ms,201199,247.562,0.197398
201231ms,201231,248.062,0.197941
201263ms,201263,248.518,0.198371
201295ms,201295,249.132,0.198893
201327ms,201327,249.604,0.199540
201359ms,201359,250.092,0.199832
201391ms,201391,250.601,0.200335
201423ms,201423,250.539,0.200502
201455ms,201455,250.468,0.200339
201487ms,201487,250.491,0.200398
201535ms,201535,250.524,0.200189
201567ms,201567,250.538,0.200282
201599ms,201599,250.542,0.200136
201631ms,201631,250.519,0.200180
201663ms,201663,250.515,0.200398
201695ms,201695,250.496,0.200306
201727ms,201727,250.447,0.200315
201759ms,201759,250.556,0.200264
201791ms,201791,250.469,0.200312
201823ms,201823,250.730,0.200372
201855ms,201855,250.327,0.200313
201887ms,201887,249.393,0.199602
201935ms,201935,248.583,0.198752
201967ms,201967,247.828,0.198542
201999ms,201999,246.983,0.197573
202031ms,202031,246.076,0.196974
202095ms,202095,244.985,0.195998
202127ms,202127,244.914,0.196108
202159ms,202159,244.588,0.195663
202191ms,202191,244.416,0.195515
202223ms,202223,244.423,0.195683
202255ms,202255,244.358,0.195517
202303ms,202303,244.441,0.195730
202335ms,202335,244.323,0.195293
202367ms,202367,244.469,0.195368
202399ms,202399,244.623,0.195610
202431ms,202431,244.763,0.195474
202463ms,202463,244.956,0.195403
202495ms,202495,245.255,0.195612
202527ms,202527,245.613,0.196098
202559ms,202559,245.961,0.196030
202591ms,202591,246.309,0.196661
202623ms,202623,246.651,0.196814
202655ms,202655,247.165,0.197038
202703ms,202703,247.497,0.197525
202735ms,202735,248.072,0.197917
202767ms,202767,248.526,0.198379
202799ms,202799,249.057,0.198770
202831ms,202831,249.664,0.199483
202863ms,202863,250.118,0.199786
202895ms,202895,250.646,0.200335
202927ms,202927,250.542,0.200289
202959ms,202959,250.460,0.200254
202991ms,202991,250.559,0.200138
203023ms,203023,250.458,0.200140
203071ms,203071,250.429,0.200104
203103ms,203103,250.452,0.200201
203135ms,203135,250.532,0.200271
203167ms,203167,250.434,0.200298
203199ms,203199,250.528,0.200296
203231ms,203231,250.569,0.200225
203263ms,203263,250.516,0.200167
203295ms,203295,250.626,0.200229
203327ms,203327,250.684,0.200282
203359ms,203359,249.910,0.200062
203391ms,203391,249.072,0.199366
203439ms,203439,248.316,0.198656
203471ms,203471,247.448,0.197925
203503ms,203503,246.523,0.196991
203535ms,203535,245.751,0.196388
203567ms,203567,245.090,0.196322
203599ms,203599,245.059,0.196448
203631ms,203631,244.579,0.196017
203663ms,203663,244.343,0.195620
203695ms,203695,244.381,0.195628
203759ms,203759,244.302,0.195536
203791ms,203791,244.369,0.195452
203871ms,203871,244.370,0.195299
203903ms,203903,244.493,0.195439
203935ms,203935,244.774,0.195651
203967ms,203967,244.983,0.195545
203999ms,203999,245.350,0.196155
204031ms,204031,245.668,0.195951
204063ms,204063,246.002,0.196127
204095ms,204095,246.507,0.196540
204127ms,204127,246.770,0.196774
204159ms,204159,247.189,0.197146
204207ms,204207,247.724,0.197805
204239ms,204239,248.046,0.198073
204271ms,204271,248.782,0.198533
204303ms,204303,249.311,0.198908
204335ms,204335,249.830,0.199460
204367ms,204367,250.423,0.200160
204399ms,204399,250.751,0.200550
204431ms,204431,250.479,0.200361
204463ms,204463,250.448,0.200269
204495ms,204495,250.449,0.200183
204527ms,204527,250.430,0.200185
204575ms,204575,250.485,0.200241
204607ms,204607,250.511,0.200329
204639ms,204639,250.453,0.200253
204671ms,204671,250.450,0.200236
204703ms,204703,250.457,0.200191
204735ms,204735,250.539,0.200160
204767ms,204767,250.449,0.200133
204799ms,204799,250.677,0.200460
204831ms,204831,250.479,0.200253
204863ms,204863,249.687,0.199649
204895ms,204895,248.695,0.199119
204927ms,204927,247.970,0.198358
204975ms,204975,247.108,0.197623
205007ms,205007,246.265,0.196901
205039ms,205039,245.581,0.196586
205071ms,205071,245.137,0.195974
205103ms,205103,244.934,0.195858
205135ms,205135,244.531,0.195466
205199ms,205199,244.251,0.195478
205231ms,205231,244.172,0.195834
205263ms,205263,244.329,0.195530
205295ms,205295,244.457,0.195405
205343ms,205343,244.386,0.195067
205375ms,205375,244.406,0.195264
205407ms,205407,244.606,0.195563
205439ms,205439,244.804,0.195757
205471ms,205471,245.031,0.195614
205503ms,205503,245.464,0.195789
205535ms,205535,245.871,0.195660
205567ms,205567,246.122,0.196280
205599ms,205599,246.499,0.196551
205631ms,205631,246.985,0.196874
205663ms,205663,247.491,0.197440
205711ms,205711,247.891,0.197984
205743ms,205743,248.330,0.198324
205775ms,205775,248.769,0.198783
205807ms,205807,249.523,0.199292
205839ms,205839,249.938,0.199287
205903ms,205903,250.672,0.200423
205935ms,205935,250.531,0.200132
205967ms,205967,250.480,0.200395
205999ms,205999,250.497,0.200410
206031ms,206031,250.434,0.200068
206063ms,206063,250.486,0.200312
206111ms,206111,250.478,0.200495
206143ms,206143,250.536,0.200302
206175ms,206175,250.535,0.200244
206207ms,206207,250.544,0.200276
206239ms,206239,250.529,0.200470
206271ms,206271,250.406,0.200382
206303ms,206303,250.742,0.200647
206335ms,206335,250.381,0.200206
206367ms,206367,249.411,0.199720
206399ms,206399,248.588,0.198876
206431ms,206431,247.752,0.198381
206479ms,206479,246.933,0.197675
206511ms,206511,246.144,0.197074
206543ms,206543,245.282,0.196296
206575ms,206575,245.139,0.196072
206607ms,206607,244.887,0.196316
206639ms,206639,244.453,0.195655
206671ms,206671,244.318,0.195317
206703ms,206703,244.293,0.195629
206735ms,206735,244.356,0.195734
206767ms,206767,244.417,0.195553
206799ms,206799,244.271,0.195462
206847ms,206847,244.398,0.195481
206879ms,206879,244.582,0.195463
206911ms,206911,244.709,0.195535
206943ms,206943,244.964,0.195799
206975ms,206975,245.193,0.195541
207007ms,207007,245.728,0.196227
207039ms,207039,245.887,0.196481
207071ms,207071,246.298,0.196716
207103ms,207103,246.633,0.196744
207135ms,207135,247.235,0.197292
207167ms,207167,247.525,0.197406
207247ms,207247,248.496,0.198333
207279ms,207279,249.033,0.198862
207311ms,207311,249.722,0.199368
207343ms,207343,250.178,0.199939
207375ms,207375,250.668,0.200369
207407ms,207407,250.511,0.200579
207439ms,207439,250.601,0.200200
207471ms,207471,250.561,0.200160
207503ms,207503,250.592,0.200155
207535ms,207535,250.500,0.200120
207567ms,207567,250.571,0.200035
207615ms,207615,250.461,0.200168
207647ms,207647,250.573,0.200277
207679ms,207679,250.543,0.200258
207711ms,207711,250.545,0.200182
207743ms,207743,250.522,0.200296
207775ms,207775,250.512,0.200184
207807ms,207807,250.666,0.200406
207839ms,207839,249.861,0.199937
207871ms,207871,249.175,0.199399
207935ms,207935,247.381,0.197887
207983ms,207983,246.403,0.197107
208015ms,208015,245.830,0.196712
208046ms,208046,245.148,0.196043
208079ms,208079,244.954,0.196295
208111ms,208111,244.557,0.195947
208143ms,208143,244.345,0.196165
208175ms,208175,244.416,0.195484
208207ms,208207,244.239,0.195224
208239ms,208239,244.391,0.195426
208271ms,208271,244.347,0.195449
208303ms,208303,244.504,0.195259
208335ms,208335,244.441,0.195272
208383ms,208383,244.562,0.195259
208415ms,208415,244.841,0.195406
208447ms,208447,244.978,0.195723
208479ms,208479,245.434,0.195653
208511ms,208511,245.731,0.196066
208543ms,208543,245.981,0.196376
208575ms,208575,246.361,0.196362
208607ms,208607,246.726,0.196777
208639ms,208639,247.311,0.197577
208671ms,208671,247.709,0.197502
208703ms,208703,248.133,0.197971
208751ms,208751,248.576,0.198427
208783ms,208783,249.204,0.199090
208815ms,208815,249.753,0.199539
208847ms,208847,250.245,0.199912
208879ms,208879,250.670,0.200519
208911ms,208911,250.446,0.200623
208943ms,208943,250.531,0.200232
208975ms,208975,250.513,0.200336
209007ms,209007,250.553,0.200201
209039ms,209039,250.514,0.200359
209071ms,209071,250.537,0.200328
209103ms,209103,250.525,0.200183
209150ms,209150,250.506,0.200190
209182ms,209182,250.532,0.200325
209214ms,209214,250.567,0.200380
209279ms,209279,250.545,0.200495
209311ms,209311,250.694,0.200440
209343ms,209343,249.787,0.200181
209375ms,209375,249.081,0.199336
209407ms,209407,248.375,0.198714
209439ms,209439,247.455,0.197987
209471ms,209471,246.527,0.197090
209519ms,209519,245.939,0.196778
209551ms,209551,245.153,0.196446
209583ms,209583,245.097,0.196331
209615ms,209615,244.520,0.196083
209647ms,209647,244.345,0.195546
209679ms,209679,244.415,0.195669
209711ms,209711,244.325,0.195411
209743ms,209743,244.370,0.195309
209775ms,209775,244.299,0.195390
209807ms,209807,244.554,0.195651
209839ms,209839,244.394,0.195290
209887ms,209887,244.614,0.195187
209919ms,209919,244.750,0.195560
209951ms,209951,244.949,0.195531
209983ms,209983,245.364,0.195854
210015ms,210015,245.626,0.196058
210047ms,210047,246.056,0.196138
210079ms,210079,246.496,0.196655
210111ms,210111,246.944,0.196717
210143ms,210143,247.397,0.197306
210175ms,210175,247.798,0.197717
210207ms,210207,248.245,0.198279
210239ms,210239,248.739,0.198769
210287ms,210287,249.308,0.199085
210319ms,210319,249.910,0.199536
210351ms,210351,250.444,0.200052
210383ms,210383,250.694,0.200238
210415ms,210415,250.495,0.200136
210447ms,210447,250.523,0.200227
210479ms,210479,250.536,0.200169
210511ms,210511,250.546,0.200243
210575ms,210575,250.523,0.200175
210607ms,210607,250.495,0.200306
210655ms,210655,250.522,0.200262
210687ms,210687,250.514,0.200231
210719ms,210719,250.570,0.200156
210751ms,210751,250.510,0.200365
210783ms,210783,250.677,0.200465
210815ms,210815,250.413,0.200313
210847ms,210847,249.392,0.199791
210879ms,210879,248.643,0.198920
210911ms,210911,247.867,0.198379
210943ms,210943,246.840,0.197823
210975ms,210975,246.092,0.196850
211023ms,211023,245.431,0.196271
211055ms,211055,245.072,0.196033
211087ms,211087,244.954,0.196204
211119ms,211119,244.472,0.195786
211151ms,211151,244.339,0.195715
211183ms,211183,244.193,0.195289
211215ms,211215,244.398,0.195601
211247ms,211247,244.482,0.195577
211279ms,211279,244.445,0.195347
211311ms,211311,244.452,0.195491
211375ms,211375,244.703,0.195393
211423ms,211423,244.940,0.195262
211455ms,211455,245.254,0.195615
211487ms,211487,245.568,0.196116
211519ms,211519,245.853,0.195991
211551ms,211551,246.171,0.196282
211583ms,211583,246.538,0.196623
211615ms,211615,247.052,0.197325
211647ms,211647,247.497,0.197521
211679ms,211679,247.959,0.197828
211711ms,211711,248.476,0.198330
211743ms,211743,249.048,0.198774
211791ms,211791,249.617,0.199298
211823ms,211823,249.979,0.199540
211855ms,211855,250.537,0.200265
211887ms,211887,250.604,0.200452
211919ms,211919,250.541,0.200326
211951ms,211951,250.526,0.200202
211983ms,211983,250.445,0.200168
212015ms,212015,250.507,0.200312
212047ms,212047,250.488,0.200243
212079ms,212079,250.506,0.200193
212111ms,212111,250.514,0.200441
212159ms,212159,250.513,0.200372
212191ms,212191,250.471,0.200210
212223ms,212223,250.586,0.200313
212255ms,212255,250.487,0.199978
212287ms,212287,250.709,0.200368
212319ms,212319,250.014,0.200291
212351ms,212351,249.266,0.199413
212383ms,212383,248.493,0.198984
212415ms,212415,247.673,0.197994
212447ms,212447,246.643,0.197340
212479ms,212479,245.957,0.196497
212511ms,212511,245.372,0.196453
212559ms,212559,245.210,0.195944
212591ms,212591,244.766,0.195948
212623ms,212623,244.457,0.195534
212655ms,212655,244.245,0.195894
212687ms,212687,244.281,0.195730
212719ms,212719,244.297,0.195553
212751ms,212751,244.374,0.195695
212783ms,212783,244.348,0.195263
212815ms,212815,244.509,0.195276
212847ms,212847,244.502,0.195224
212879ms,212879,244.693,0.195641
212927ms,212927,244.891,0.195700
212959ms,212959,245.272,0.195808
212991ms,212991,245.696,0.196013
213023ms,213023,245.918,0.196201
213055ms,213055,246.362,0.196672
213087ms,213087,246.621,0.196868
213119ms,213119,247.195,0.197228
213151ms,213151,247.570,0.197566
213183ms,213183,248.033,0.197913
213215ms,213215,248.639,0.198562
213247ms,213247,249.162,0.198941
213295ms,213295,249.751,0.199446
213327ms,213327,250.183,0.199833
213359ms,213359,250.696,0.200440
213391ms,213391,250.536,0.200574
213423ms,213423,250.534,0.200104
213455ms,213455,250.503,0.200114
213487ms,213487,250.517,0.200271
213519ms,213519,250.493,0.200411
213551ms,213551,250.455,0.200239
213583ms,213583,250.499,0.200244
213615ms,213615,250.507,0.200375
213647ms,213647,250.502,0.200100
213695ms,213695,250.493,0.200300
213727ms,213727,250.450,0.200348
213759ms,213759,250.605,0.200532
213791ms,213791,250.632,0.200242
213823ms,213823,249.729,0.200028
213887ms,213887,248.215,0.198706
213919ms,213919,247.386,0.197952
213951ms,213951,246.418,0.197013
213983ms,213983,245.831,0.196440
214015ms,214015,245.203,0.196245
214063ms,214063,245.100,0.196093
214127ms,214127,244.340,0.195572
214159ms,214159,244.310,0.195822
214191ms,214191,244.210,0.195466
214223ms,214223,244.213,0.195592
214255ms,214255,244.336,0.195419
214287ms,214287,244.565,0.195648
214319ms,214319,244.423,0.195352
214351ms,214351,244.471,0.195384
214383ms,214383,244.766,0.195396
214431ms,214431,244.981,0.195698
214463ms,214463,245.406,0.195821
214495ms,214495,245.664,0.196092
214527ms,214527,245.977,0.196183
214559ms,214559,246.386,0.196506
214591ms,214591,246.830,0.196837
214623ms,214623,247.280,0.197313
214655ms,214655,247.777,0.197963
214687ms,214687,248.230,0.198223
214719ms,214719,248.769,0.198694
214751ms,214751,249.256,0.199123
214783ms,214783,249.907,0.199610
214831ms,214831,250.372,0.200157
214863ms,214863,250.701,0.200511
214895ms,214895,250.463,0.200624
214927ms,214927,250.584,0.200432
214959ms,214959,250.588,0.200402
214991ms,214991,250.499,0.200115
215023ms,215023,250.505,0.200190
215055ms,215055,250.462,0.200330
215087ms,215087,250.566,0.200303
215119ms,215119,250.528,0.200190
215151ms,215151,250.542,0.200410
215198ms,215198,250.562,0.200314
215231ms,215231,250.485,0.200451
215295ms,215295,250.611,0.200272
215327ms,215327,249.677,0.199908
215359ms,215359,248.821,0.199107
215391ms,215391,248.063,0.198428
215423ms,215423,247.252,0.197657
215455ms,215455,246.389,0.197043
215487ms,215487,245.536,0.196652
215519ms,215519,245.149,0.196019
215567ms,215567,245.145,0.196044
215599ms,215599,244.561,0.195797
215631ms,215631,244.293,0.195600
215663ms,215663,244.436,0.195386
215695ms,215695,244.253,0.195597
215727ms,215727,244.256,0.195794
215759ms,215759,244.332,0.195191
215791ms,215791,244.485,0.195321
215823ms,215823,244.456,0.195287
215855ms,215855,244.610,0.195449
215887ms,215887,244.761,0.195901
215919ms,215919,244.921,0.195772
215967ms,215967,245.400,0.196001
215999ms,215999,245.892,0.195834
216031ms,216031,246.096,0.196272
216063ms,216063,246.433,0.196520
216095ms,216095,246.971,0.197071
216127ms,216127,247.538,0.197486
216159ms,216159,247.903,0.197881
216191ms,216191,248.368,0.198447
216223ms,216223,248.835,0.198792
216255ms,216255,249.502,0.199367
216287ms,216287,249.926,0.199441
216335ms,216335,250.550,0.200128
216367ms,216367,250.661,0.200495
216399ms,216399,250.463,0.200203
216431ms,216431,250.528,0.200419
216463ms,216463,250.516,0.200299
216495ms,216495,250.462,0.200309
216527ms,216527,250.513,0.200233
216559ms,216559,250.533,0.200189
216591ms,216591,250.514,0.200105
216623ms,216623,250.509,0.200033
216687ms,216687,250.540,0.200206
216735ms,216735,250.507,0.200318
216767ms,216767,250.700,0.200359
216799ms,216799,250.348,0.200193
216831ms,216831,249.460,0.199548
216863ms,216863,248.672,0.199012
216895ms,216895,247.753,0.198298
216927ms,216927,247.022,0.197561
216959ms,216959,246.057,0.197013
216991ms,216991,245.249,0.196163
217023ms,217023,245.074,0.196009
217167ms,217167,244.246,0.195399
217199ms,217199,244.311,0.195426
217231ms,217231,244.455,0.195557
217263ms,217263,244.335,0.195266
217295ms,217295,244.477,0.195274
217327ms,217327,244.509,0.195601
217359ms,217359,244.701,0.195633
217391ms,217391,244.851,0.195460
217423ms,217423,245.275,0.195727
217471ms,217471,245.629,0.195956
217503ms,217503,245.973,0.196451
217535ms,217535,246.338,0.196622
217567ms,217567,246.640,0.197025
217599ms,217599,247.160,0.197237
217631ms,217631,247.628,0.197495
217663ms,217663,248.051,0.198008
217695ms,217695,248.532,0.198388
217727ms,217727,249.150,0.198896
217759ms,217759,249.648,0.199336
217791ms,217791,250.216,0.199910
217823ms,217823,250.660,0.200466
217871ms,217871,250.585,0.200470
217903ms,217903,250.551,0.200383
217935ms,217935,250.439,0.200425
217999ms,217999,250.460,0.200184
218031ms,218031,250.501,0.200224
218063ms,218063,250.468,0.200251
218095ms,218095,250.557,0.200279
218127ms,218127,250.468,0.200505
218159ms,218159,250.492,0.200244
218191ms,218191,250.392,0.200384
218239ms,218239,250.575,0.200384
218271ms,218271,250.615,0.200256
218302ms,218302,249.767,0.199901
218334ms,218334,248.994,0.199112
218367ms,218367,248.221,0.198707
218399ms,218399,247.387,0.198028
218431ms,218431,246.437,0.197021
218463ms,218463,245.690,0.196287
218495ms,218495,245.074,0.196278
218527ms,218527,244.992,0.196132
218559ms,218559,244.479,0.195944
218606ms,218606,244.313,0.195657
218639ms,218639,244.337,0.195658
218671ms,218671,244.206,0.195543
218703ms,218703,244.347,0.195476
218735ms,218735,244.378,0.195530
218767ms,218767,244.222,0.195243
218799ms,218799,244.518,0.195286
218831ms,218831,244.550,0.195589
218863ms,218863,244.835,0.195988
218895ms,218895,245.196,0.195706
218927ms,218927,245.373,0.195947
218959ms,218959,245.789,0.196235
219007ms,219007,246.154,0.196411
219039ms,219039,246.469,0.196492
219071ms,219071,246.948,0.196884
219103ms,219103,247.426,0.197355
219135ms,219135,247.810,0.197673
219167ms,219167,248.291,0.197991
219199ms,219199,248.788,0.198613
219231ms,219231,249.282,0.199001
219263ms,219263,249.948,0.199632
219295ms,219295,250.455,0.200083
219327ms,219327,250.639,0.200434
219375ms,219375,250.469,0.200238
219407ms,219407,250.515,0.200364
219439ms,219439,250.532,0.200231
219471ms,219471,250.496,0.200170
219503ms,219503,250.549,0.200190
219535ms,219535,250.554,0.200079
219567ms,219567,250.476,0.200316
219599ms,219599,250.478,0.200161
219631ms,219631,250.469,0.200035
219695ms,219695,250.562,0.200551
219743ms,219743,250.623,0.200335
219775ms,219775,250.323,0.200092
219807ms,219807,249.384,0.199986
219839ms,219839,248.600,0.198903
219871ms,219871,248.003,0.198353
219935ms,219935,246.005,0.197606
219967ms,219967,245.339,0.196260
219999ms,219999,245.069,0.196115
220031ms,220031,244.893,0.197378
220063ms,220063,244.530,0.195763
220095ms,220095,244.356,0.195748
220143ms,220143,244.244,0.195607
220175ms,220175,244.452,0.195703
220207ms,220207,244.357,0.195469
220239ms,220239,244.333,0.195375
220271ms,220271,244.474,0.195504
220303ms,220303,244.627,0.195217
220335ms,220335,244.677,0.195623
220367ms,220367,244.928,0.195439
220399ms,220399,245.162,0.195509
220431ms,220431,245.316,0.196464
220463ms,220463,245.844,0.196169
220511ms,220511,246.229,0.196659
220543ms,220543,246.701,0.196844
220575ms,220575,247.176,0.197222
220607ms,220607,247.546,0.197691
220639ms,220639,248.104,0.197702
220671ms,220671,248.447,0.198442
220703ms,220703,249.040,0.198944
220735ms,220735,249.726,0.199411
220767ms,220767,250.160,0.199743
220799ms,220799,250.600,0.200139
220831ms,220831,250.436,0.200747
220879ms,220879,250.470,0.200216
220911ms,220911,250.523,0.199994
220943ms,220943,250.442,0.200169
220975ms,220975,250.584,0.200166
221007ms,221007,250.523,0.200096
221039ms,221039,250.481,0.200035
221071ms,221071,250.493,0.200328
221103ms,221103,250.537,0.200259
221135ms,221135,250.521,0.200105
221167ms,221167,250.510,0.200230
221199ms,221199,250.628,0.200338
221231ms,221231,250.624,0.200231
221278ms,221278,249.947,0.200089
221311ms,221311,249.207,0.199564
221343ms,221343,248.406,0.198713
221374ms,221374,247.624,0.197821
221407ms,221407,246.546,0.197440
221439ms,221439,245.852,0.196711
221471ms,221471,245.355,0.196086
221503ms,221503,245.070,0.196619
221535ms,221535,244.697,0.195959
221567ms,221567,244.415,0.195297
221599ms,221599,244.320,0.195448
221647ms,221647,244.364,0.195468
221679ms,221679,244.360,0.195598
221711ms,221711,244.397,0.195105
221743ms,221743,244.499,0.195652
221807ms,221807,244.370,0.195470
221839ms,221839,244.711,0.195677
221871ms,221871,244.926,0.195735
221903ms,221903,245.272,0.195865
221935ms,221935,245.577,0.196031
221967ms,221967,245.957,0.196426
222014ms,222014,246.297,0.196691
222046ms,222046,246.640,0.196839
222078ms,222078,247.241,0.197319
222111ms,222111,247.689,0.197495
222143ms,222143,248.134,0.197969
222207ms,222207,249.160,0.198914
222239ms,222239,249.832,0.199507
222271ms,222271,250.213,0.199880
222303ms,222303,250.746,0.200514
222335ms,222335,250.430,0.200283
222382ms,222382,250.502,0.200239
222414ms,222414,250.438,0.200081
222447ms,222447,250.488,0.200008
222479ms,222479,250.482,0.200195
222511ms,222511,250.499,0.200156
222543ms,222543,250.498,0.200123
222575ms,222575,250.458,0.200282
222607ms,222607,250.396,0.200393
222639ms,222639,250.491,0.200423
222671ms,222671,250.569,0.200416
222703ms,222703,250.581,0.200452
222735ms,222735,250.539,0.200348
222783ms,222783,249.712,0.200006
222815ms,222815,248.880,0.199203
222847ms,222847,248.063,0.198463
222878ms,222878,247.204,0.197807
222910ms,222910,246.426,0.196904
222942ms,222942,245.499,0.196637
222975ms,222975,245.110,0.196226
223007ms,223007,244.905,0.196221
223039ms,223039,244.491,0.195410
223071ms,223071,244.290,0.195368
223103ms,223103,244.298,0.195801
223150ms,223150,244.272,0.195489
223182ms,223182,244.389,0.195410
223215ms,223215,244.408,0.195118
223247ms,223247,244.458,0.195635
223279ms,223279,244.438,0.195290
223311ms,223311,244.594,0.195563
223343ms,223343,244.792,0.195816
223375ms,223375,244.919,0.195727
223407ms,223407,245.355,0.195813
223439ms,223439,245.833,0.195943
223471ms,223471,246.118,0.196337
223503ms,223503,246.468,0.196569
223551ms,223551,247.007,0.196885
223583ms,223583,247.419,0.197283
223615ms,223615,247.795,0.197670
223647ms,223647,248.283,0.198365
223679ms,223679,248.778,0.198674
223711ms,223711,249.292,0.198975
223743ms,223743,249.831,0.199366
223807ms,223807,250.626,0.200512
223839ms,223839,250.473,0.200200
223919ms,223919,250.521,0.200426
223951ms,223951,250.452,0.200251
223983ms,223983,250.461,0.200166
224015ms,224015,250.461,0.200035
224046ms,224046,250.463,0.200244
224079ms,224079,250.504,0.200241
224111ms,224111,250.492,0.200148
224143ms,224143,250.480,0.200331
224175ms,224175,250.553,0.200324
224207ms,224207,250.659,0.200552
224239ms,224239,250.468,0.200296
224287ms,224287,249.681,0.199852
224318ms,224318,248.770,0.199148
224351ms,224351,247.991,0.198406
224383ms,224383,247.221,0.197792
224415ms,224415,246.263,0.197312
224447ms,224447,245.532,0.196377
224479ms,224479,245.258,0.196311
224511ms,224511,244.929,0.196021
224543ms,224543,244.340,0.195698
224575ms,224575,244.394,0.195854
224607ms,224607,244.346,0.196015
224639ms,224639,244.238,0.195886
224687ms,224687,244.384,0.195444
224719ms,224719,244.438,0.195509
224751ms,224751,244.304,0.195051
224783ms,224783,244.422,0.195424
224815ms,224815,244.528,0.195626
224847ms,224847,244.904,0.195596
224879ms,224879,245.068,0.195919
224911ms,224911,245.498,0.195871
224943ms,224943,245.907,0.195969
224975ms,224975,246.051,0.196426
225007ms,225007,246.484,0.196578
225054ms,225054,247.001,0.196912
225086ms,225086,247.465,0.197279
225119ms,225119,247.941,0.197999
225151ms,225151,248.359,0.198394
225183ms,225183,248.954,0.198830
225215ms,225215,249.549,0.199202
225247ms,225247,249.907,0.199528
225279ms,225279,250.509,0.200110
225311ms,225311,250.688,0.200518
225343ms,225343,250.534,0.200371
225375ms,225375,250.568,0.200238
225407ms,225407,250.543,0.200167
225487ms,225487,250.551,0.200080
225551ms,225551,250.559,0.200251
225583ms,225583,250.542,0.200305
225615ms,225615,250.515,0.200073
225647ms,225647,250.540,0.200274
225679ms,225679,250.572,0.200343
225711ms,225711,250.677,0.200487
225743ms,225743,250.357,0.200218
225775ms,225775,249.489,0.199638
225822ms,225822,248.662,0.198978
225855ms,225855,247.875,0.198287
225887ms,225887,246.978,0.197606
225919ms,225919,246.085,0.196641
225951ms,225951,245.438,0.196502
225983ms,225983,245.148,0.196191
226015ms,226015,244.996,0.196231
226047ms,226047,244.403,0.196018
226079ms,226079,244.249,0.195473
226111ms,226111,244.148,0.195488
226143ms,226143,244.267,0.195763
226191ms,226191,244.311,0.195517
226223ms,226223,244.380,0.195251
226255ms,226255,244.302,0.195218
226287ms,226287,244.523,0.195348
226319ms,226319,244.447,0.195342
226351ms,226351,244.815,0.195877
226383ms,226383,245.007,0.195661
226415ms,226415,245.518,0.196278
226447ms,226447,245.861,0.196335
226479ms,226479,246.294,0.196769
226511ms,226511,246.691,0.196840
226558ms,226558,247.226,0.197418
226591ms,226591,247.580,0.197488
226623ms,226623,248.013,0.197937
226655ms,226655,248.500,0.198363
226718ms,226718,249.644,0.199266
226751ms,226751,250.067,0.199670
226783ms,226783,250.613,0.200352
226815ms,226815,250.574,0.200506
226847ms,226847,250.529,0.200236
226879ms,226879,250.474,0.200180
226911ms,226911,250.484,0.200199
226959ms,226959,250.485,0.200440
226991ms,226991,250.482,0.200383
227023ms,227023,250.468,0.200419
227055ms,227055,250.520,0.200405
227087ms,227087,250.445,0.200184
227119ms,227119,250.448,0.200288
227151ms,227151,250.560,0.200280
227183ms,227183,250.462,0.200242
227215ms,227215,250.719,0.200381
227279ms,227279,249.171,0.199353
227326ms,227326,248.385,0.198961
227359ms,227359,247.508,0.197911
227391ms,227391,246.714,0.197441
227423ms,227423,246.011,0.196444
227454ms,227454,245.370,0.196479
227487ms,227487,245.021,0.196187
227519ms,227519,244.698,0.195988
227551ms,227551,244.347,0.195473
227583ms,227583,244.249,0.195660
227615ms,227615,244.268,0.195227
227647ms,227647,244.372,0.195802
227695ms,227695,244.461,0.195746
227727ms,227727,244.333,0.195351
227759ms,227759,244.544,0.195247
227791ms,227791,244.586,0.195510
227822ms,227822,244.726,0.195541
227855ms,227855,244.826,0.195775
227887ms,227887,245.231,0.195787
227919ms,227919,245.689,0.196180
227951ms,227951,245.992,0.196407
227982ms,227982,246.294,0.196742
228015ms,228015,246.648,0.196844
228047ms,228047,247.146,0.197196
228094ms,228094,247.547,0.197391
228127ms,228127,248.045,0.197757
228158ms,228158,248.444,0.198369
228191ms,228191,249.101,0.198946
228223ms,228223,249.728,0.199384
228254ms,228254,250.043,0.199520
228287ms,228287,250.518,0.200246
228319ms,228319,250.533,0.200427
228351ms,228351,250.393,0.200283
228383ms,228383,250.409,0.200108
228415ms,228415,250.441,0.200186
228463ms,228463,250.484,0.200119
228495ms,228495,250.440,0.200023
228527ms,228527,250.423,0.200072
228559ms,228559,250.416,0.200226
228591ms,228591,250.431,0.199986
228655ms,228655,250.503,0.200139
228687ms,228687,250.507,0.200081
228719ms,228719,250.656,0.200311
228751ms,228751,250.071,0.200105
228783ms,228783,249.159,0.199354
228831ms,228831,248.426,0.198957
228863ms,228863,247.579,0.198127
228894ms,228894,246.711,0.197503
228926ms,228926,246.057,0.196704
228959ms,228959,245.254,0.196466
228991ms,228991,245.073,0.196323
229023ms,229023,244.761,0.196150
229055ms,229055,244.313,0.195525
229087ms,229087,244.290,0.195763
229119ms,229119,244.320,0.195493
229151ms,229151,244.350,0.195569
229183ms,229183,244.515,0.195534
229230ms,229230,244.345,0.195266
229263ms,229263,244.498,0.195567
229294ms,229294,244.572,0.195512
229327ms,229327,244.717,0.195759
229359ms,229359,244.852,0.195680
229391ms,229391,245.231,0.195769
229423ms,229423,245.702,0.196162
229455ms,229455,246.002,0.196526
229487ms,229487,246.345,0.196672
229519ms,229519,246.633,0.196887
229551ms,229551,247.193,0.197199
229599ms,229599,247.580,0.197663
229631ms,229631,248.041,0.197941
229662ms,229662,248.622,0.198733
229695ms,229695,249.176,0.199072
229727ms,229727,249.759,0.199442
229759ms,229759,250.323,0.199788
229791ms,229791,250.766,0.200328
229823ms,229823,250.508,0.200519
229855ms,229855,250.388,0.200311
229887ms,229887,250.409,0.200336
229919ms,229919,250.441,0.200304
229951ms,229951,250.487,0.200272
229999ms,229999,250.447,0.200146
230031ms,230031,250.479,0.200335
230062ms,230062,250.481,0.200320
230095ms,230095,250.428,0.200221
230127ms,230127,250.437,0.200248
230159ms,230159,250.540,0.200323
230191ms,230191,250.541,0.200530
230223ms,230223,250.565,0.200214
230286ms,230286,248.920,0.199295
230319ms,230319,248.116,0.198508
230366ms,230366,247.303,0.197955
230399ms,230399,246.307,0.197238
230431ms,230431,245.590,0.196690
230463ms,230463,244.965,0.195947
230495ms,230495,245.044,0.196253
230527ms,230527,244.489,0.195900
230559ms,230559,244.143,0.195489
230591ms,230591,244.360,0.195322
230623ms,230623,244.199,0.195364
230655ms,230655,244.313,0.195354
230687ms,230687,244.308,0.195269
230735ms,230735,244.458,0.195651
230767ms,230767,244.405,0.195316
230799ms,230799,244.624,0.195456
230862ms,230862,245.092,0.195589
230895ms,230895,245.330,0.195821
230927ms,230927,245.768,0.195895
230959ms,230959,246.080,0.196232
230991ms,230991,246.416,0.196490
231023ms,231023,246.844,0.196785
231055ms,231055,247.434,0.197472
231102ms,231102,247.914,0.197704
231135ms,231135,248.350,0.198218
231166ms,231166,248.825,0.198703
231199ms,231199,249.394,0.199130
231231ms,231231,249.951,0.199498
231263ms,231263,250.512,0.200309
231294ms,231294,250.700,0.200599
231327ms,231327,250.550,0.200379
231359ms,231359,250.503,0.200330
231391ms,231391,250.530,0.200314
231423ms,231423,250.512,0.200380
231455ms,231455,250.497,0.200319
231503ms,231503,250.498,0.200255
231535ms,231535,250.524,0.200349
231566ms,231566,250.577,0.200288
231599ms,231599,250.455,0.200122
231631ms,231631,250.589,0.200311
231662ms,231662,250.436,0.200198
231695ms,231695,250.684,0.200404
231727ms,231727,250.379,0.200432
231759ms,231759,249.518,0.199813
231791ms,231791,248.661,0.198693
231823ms,231823,247.750,0.198270
231871ms,231871,246.969,0.197689
231902ms,231902,246.065,0.196816
231934ms,231934,245.267,0.196031
231967ms,231967,245.111,0.196007
231999ms,231999,244.842,0.196348
232031ms,232031,244.444,0.195734
232095ms,232095,244.306,0.195517
232127ms,232127,244.326,0.195376
232159ms,232159,244.328,0.195562
232191ms,232191,244.397,0.195453
232223ms,232223,244.329,0.195406
232271ms,232271,244.516,0.195265
232303ms,232303,244.691,0.195392
232335ms,232335,244.926,0.195444
232367ms,232367,245.209,0.195646
232399ms,232399,245.541,0.196202
232431ms,232431,245.886,0.196374
232463ms,232463,246.258,0.196700
232495ms,232495,246.572,0.196758
232527ms,232527,247.223,0.197173
232559ms,232559,247.558,0.197478
232591ms,232591,248.080,0.197972
232671ms,232671,249.070,0.198892
232703ms,232703,249.676,0.199466
232735ms,232735,250.188,0.199742
232767ms,232767,250.677,0.200418
232799ms,232799,250.569,0.200330
232831ms,232831,250.594,0.200237
232863ms,232863,250.504,0.200245
232895ms,232895,250.433,0.200066
232927ms,232927,250.480,0.200146
232959ms,232959,250.450,0.200269
233006ms,233006,250.465,0.200210
233039ms,233039,250.465,0.200117
233071ms,233071,250.452,0.200053
233103ms,233103,250.503,0.200148
233135ms,233135,250.493,0.200319
233167ms,233167,250.538,0.200477
233199ms,233199,250.731,0.200227
233231ms,233231,250.001,0.200309
233263ms,233263,249.226,0.199352
233295ms,233295,248.296,0.198911
233327ms,233327,247.545,0.197980
233359ms,233359,246.649,0.197590
233406ms,233406,245.831,0.196740
233439ms,233439,245.383,0.196442
233470ms,233470,245.167,0.196221
233503ms,233503,244.567,0.196203
233535ms,233535,244.351,0.195681
233567ms,233567,244.316,0.195668
233599ms,233599,244.279,0.195341
233631ms,233631,244.338,0.195535
233663ms,233663,244.315,0.195641
233695ms,233695,244.439,0.195552
233727ms,233727,244.437,0.195382
233774ms,233774,244.487,0.195707
233807ms,233807,244.795,0.195742
233839ms,233839,244.881,0.195630
233871ms,233871,245.232,0.195917
233903ms,233903,245.700,0.196251
233935ms,233935,246.073,0.196315
233967ms,233967,246.419,0.196558
234030ms,234030,247.216,0.197139
234063ms,234063,247.718,0.197706
234095ms,234095,248.094,0.198148
234127ms,234127,248.693,0.198503
234174ms,234174,249.222,0.199305
234207ms,234207,249.838,0.199574
234239ms,234239,250.212,0.199849
234271ms,234271,250.695,0.200479
234303ms,234303,250.497,0.200590
234335ms,234335,250.530,0.200284
234367ms,234367,250.548,0.200230
234399ms,234399,250.508,0.200183
234431ms,234431,250.577,0.200165
234463ms,234463,250.569,0.200411
234495ms,234495,250.567,0.200250
234542ms,234542,250.496,0.200115
234606ms,234606,250.518,0.200133
234639ms,234639,250.486,0.200363
234671ms,234671,250.569,0.200442
234703ms,234703,250.560,0.200213
234735ms,234735,249.791,0.199934
234767ms,234767,248.927,0.199260
234799ms,234799,248.171,0.198646
234831ms,234831,247.431,0.197926
234863ms,234863,246.400,0.197166
234910ms,234910,245.668,0.196542
234942ms,234942,245.164,0.196260
234974ms,234974,245.140,0.196186
235006ms,235006,244.560,0.195856
235039ms,235039,244.357,0.195797
235071ms,235071,244.365,0.195532
235103ms,235103,244.297,0.195458
235135ms,235135,244.367,0.195237
235167ms,235167,244.476,0.195579
235199ms,235199,244.576,0.195687
235231ms,235231,244.559,0.195369
235278ms,235278,244.472,0.195253
235311ms,235311,244.793,0.195606
235343ms,235343,244.994,0.195320
235374ms,235374,245.411,0.195951
235407ms,235407,245.671,0.196025
235439ms,235439,245.989,0.196456
235471ms,235471,246.399,0.196498
235502ms,235502,246.833,0.197100
235535ms,235535,247.385,0.197206
235567ms,235567,247.677,0.197569
235599ms,235599,248.170,0.198311
235631ms,235631,248.715,0.198677
235678ms,235678,249.317,0.199126
235710ms,235710,249.952,0.199486
235742ms,235742,250.368,0.200188
235775ms,235775,250.640,0.200542
235807ms,235807,250.427,0.200318
235839ms,235839,250.412,0.200162
235871ms,235871,250.524,0.200245
235903ms,235903,250.462,0.200321
235935ms,235935,250.435,0.199958
235967ms,235967,250.498,0.200098
235999ms,235999,250.467,0.200180
236046ms,236046,250.499,0.200244
236078ms,236078,250.541,0.200339
236110ms,236110,250.469,0.200230
236174ms,236174,250.599,0.200516
236207ms,236207,250.442,0.200207
236239ms,236239,249.646,0.199584
236271ms,236271,248.631,0.199041
236303ms,236303,247.927,0.198267
236335ms,236335,247.005,0.197509
236367ms,236367,246.180,0.196810
236399ms,236399,245.504,0.196607
236446ms,236446,245.094,0.196107
236479ms,236479,244.885,0.196317
236510ms,236510,244.435,0.195379
236543ms,236543,244.391,0.195660
236575ms,236575,244.283,0.195477
236607ms,236607,244.189,0.195302
236638ms,236638,244.432,0.195313
236671ms,236671,244.397,0.195616
236703ms,236703,244.329,0.195336
236735ms,236735,244.452,0.195180
236815ms,236815,244.955,0.195698
236846ms,236846,245.288,0.195704
236943ms,236943,246.194,0.196528
236975ms,236975,246.586,0.196639
237007ms,237007,247.127,0.197068
237039ms,237039,247.523,0.197470
237071ms,237071,247.990,0.197848
237102ms,237102,248.336,0.198298
237135ms,237135,249.043,0.198680
237182ms,237182,249.632,0.199320
237214ms,237214,250.089,0.199776
237246ms,237246,250.593,0.200316
237279ms,237279,250.718,0.200411
237311ms,237311,250.515,0.200399
237342ms,237342,250.439,0.200311
237375ms,237375,250.470,0.200295
237407ms,237407,250.442,0.200349
237439ms,237439,250.490,0.200181
237471ms,237471,250.514,0.200201
237503ms,237503,250.432,0.200113
237551ms,237551,250.544,0.200482
237582ms,237582,250.443,0.200349
237614ms,237614,250.541,0.200319
237647ms,237647,250.535,0.200376
237678ms,237678,250.711,0.200300
237711ms,237711,250.013,0.200199
237742ms,237742,249.258,0.199470
237774ms,237774,248.545,0.198825
237806ms,237806,247.608,0.198131
237839ms,237839,246.719,0.197469
237871ms,237871,245.996,0.196755
237903ms,237903,245.310,0.196170
237950ms,237950,244.939,0.196324
237982ms,237982,244.642,0.196016
238046ms,238046,244.415,0.195493
238078ms,238078,244.320,0.195285
238110ms,238110,244.364,0.195510
238142ms,238142,244.381,0.195821
238175ms,238175,244.424,0.195549
238207ms,238207,244.394,0.195337
238239ms,238239,244.556,0.195346
238271ms,238271,244.699,0.195719
238318ms,238318,244.920,0.195723
238351ms,238351,245.219,0.195947
238382ms,238382,245.724,0.196035
238415ms,238415,245.958,0.196363
238447ms,238447,246.267,0.196610
238479ms,238479,246.690,0.196821
238511ms,238511,247.235,0.197092
238542ms,238542,247.591,0.197610
238575ms,238575,248.050,0.198142
238607ms,238607,248.601,0.198513
238639ms,238639,249.105,0.198852
238671ms,238671,249.776,0.199383
238718ms,238718,250.228,0.200030
238782ms,238782,250.580,0.200503
238815ms,238815,250.563,0.200210
238846ms,238846,250.522,0.200143
238879ms,238879,250.493,0.200337
238911ms,238911,250.537,0.200225
238942ms,238942,250.457,0.200142
238975ms,238975,250.455,0.200123
239007ms,239007,250.499,0.200207
239039ms,239039,250.492,0.200208
239086ms,239086,250.491,0.200155
239118ms,239118,250.475,0.200212
239150ms,239150,250.561,0.200331
239182ms,239182,250.689,0.200275
239214ms,239214,249.846,0.199943
239247ms,239247,249.096,0.199201
239279ms,239279,248.129,0.198686
239311ms,239311,247.302,0.198074
239343ms,239343,246.474,0.197172
239375ms,239375,245.619,0.196584
239407ms,239407,245.157,0.196410
239454ms,239454,244.965,0.196170
239486ms,239486,244.577,0.195894
239518ms,239518,244.221,0.195777
239550ms,239550,244.280,0.195382
239582ms,239582,244.266,0.195291
239615ms,239615,244.382,0.195581
239647ms,239647,244.352,0.195297
239679ms,239679,244.457,0.195781
239711ms,239711,244.414,0.195157
239742ms,239742,244.594,0.195469
239775ms,239775,244.738,0.195709
239822ms,239822,245.011,0.195675
239854ms,239854,245.278,0.195798
239886ms,239886,245.717,0.196106
239918ms,239918,246.066,0.196426
239951ms,239951,246.341,0.196498
240046ms,240046,247.834,0.197773
240079ms,240079,248.214,0.198174
240111ms,240111,248.780,0.198741
240143ms,240143,249.315,0.199380
240175ms,240175,249.970,0.199577
240222ms,240222,250.419,0.200209
240254ms,240254,250.735,0.200584
240286ms,240286,250.454,0.200235
240318ms,240318,250.503,0.200100
240351ms,240351,250.463,0.200147
240383ms,240383,250.453,0.200178
240415ms,240415,250.444,0.200416
240446ms,240446,250.482,0.200418
240479ms,240479,250.557,0.200399
240511ms,240511,250.547,0.200308
240543ms,240543,250.558,0.200165
240590ms,240590,250.563,0.200302
240622ms,240622,250.601,0.200409
240654ms,240654,250.635,0.200608
240686ms,240686,250.411,0.200271
240718ms,240718,249.698,0.199790
240751ms,240751,248.703,0.199088
240783ms,240783,247.931,0.198357
240815ms,240815,247.022,0.197726
240846ms,240846,246.217,0.196879
240879ms,240879,245.533,0.196635
240911ms,240911,245.140,0.196212
240958ms,240958,245.037,0.196227
240990ms,240990,244.328,0.195444
241022ms,241022,244.348,0.195583
241054ms,241054,244.195,0.195782
241086ms,241086,244.199,0.195382
241119ms,241119,244.367,0.195330
241151ms,241151,244.353,0.195249
241183ms,241183,244.279,0.195176
241215ms,241215,244.435,0.195450
241247ms,241247,244.592,0.195557
241279ms,241279,244.892,0.195693
241311ms,241311,245.077,0.195755
241358ms,241358,245.414,0.195893
241390ms,241390,245.853,0.196094
241422ms,241422,246.122,0.196450
241486ms,241486,247.043,0.197185
241519ms,241519,247.526,0.197537
241551ms,241551,247.972,0.197887
241583ms,241583,248.524,0.198363
241614ms,241614,248.865,0.198782
241647ms,241647,249.538,0.199267
241679ms,241679,249.970,0.199606
241711ms,241711,250.523,0.200328
241758ms,241758,250.583,0.200426
241790ms,241790,250.495,0.200371
241822ms,241822,250.465,0.200284
241854ms,241854,250.495,0.200289
241887ms,241887,250.438,0.200282
241919ms,241919,250.532,0.200495
241951ms,241951,250.525,0.200370
241982ms,241982,250.464,0.200199
242015ms,242015,250.489,0.200138
242046ms,242046,250.481,0.200262
242126ms,242126,250.471,0.200385
242158ms,242158,250.766,0.200540
242190ms,242190,250.255,0.200280
242222ms,242222,249.426,0.199428
242254ms,242254,248.617,0.198987
242287ms,242287,247.713,0.198301
242318ms,242318,246.893,0.197685
242351ms,242351,246.073,0.197062
242382ms,242382,245.357,0.196347
242414ms,242414,245.067,0.196069
242446ms,242446,244.841,0.196188
242494ms,242494,244.439,0.195436
242526ms,242526,244.275,0.195421
242558ms,242558,244.259,0.195436
242590ms,242590,244.338,0.195750
242623ms,242623,244.318,0.195363
242655ms,242655,244.403,0.195033
242687ms,242687,244.434,0.195201
242718ms,242718,244.529,0.195519
242751ms,242751,244.741,0.195569
242782ms,242782,244.988,0.195587
242814ms,242814,245.282,0.195788
242862ms,242862,245.635,0.196019
242894ms,242894,245.967,0.196235
242926ms,242926,246.281,0.196740
242958ms,242958,246.624,0.196891
242990ms,242990,247.188,0.197353
243022ms,243022,247.668,0.197691
243054ms,243054,248.074,0.197931
243086ms,243086,248.541,0.198404
243118ms,243118,249.062,0.198764
243150ms,243150,249.695,0.199402
243182ms,243182,250.198,0.199784
243215ms,243215,250.595,0.200340
243262ms,243262,250.455,0.200448
243294ms,243294,250.428,0.200370
243390ms,243390,250.431,0.200344
243423ms,243423,250.428,0.200021
243454ms,243454,250.392,0.200268
243487ms,243487,250.347,0.200333
243519ms,243519,250.388,0.200155
243550ms,243550,250.383,0.200192
243583ms,243583,250.518,0.200293
243630ms,243630,250.439,0.200399
243662ms,243662,250.586,0.200292
243694ms,243694,249.928,0.200126
243726ms,243726,249.067,0.199540
243758ms,243758,248.219,0.198647
243791ms,243791,247.418,0.197913
243823ms,243823,246.456,0.197144
243855ms,243855,245.766,0.196548
243887ms,243887,245.176,0.196104
243918ms,243918,244.981,0.196198
243950ms,243950,244.600,0.195987
243998ms,243998,244.343,0.195885
244030ms,244030,244.295,0.195600
244062ms,244062,244.227,0.195540
244094ms,244094,244.322,0.195299
244126ms,244126,244.378,0.195429
244158ms,244158,244.445,0.195432
244190ms,244190,244.378,0.195413
244222ms,244222,244.564,0.195525
244254ms,244254,244.842,0.195828
244286ms,244286,245.028,0.195405
244318ms,244318,245.300,0.195916
244351ms,244351,245.642,0.196155
244398ms,244398,245.967,0.196355
244430ms,244430,246.353,0.196426
244462ms,244462,246.746,0.196938
244494ms,244494,247.335,0.197373
244526ms,244526,247.762,0.197891
244558ms,244558,248.178,0.198283
244591ms,244591,248.774,0.198579
244622ms,244622,249.223,0.199199
244654ms,244654,249.806,0.199435
244718ms,244718,250.744,0.200497
244766ms,244766,250.455,0.200345
244798ms,244798,250.507,0.200180
244830ms,244830,250.496,0.200291
244862ms,244862,250.489,0.200091
244894ms,244894,250.529,0.200090
244926ms,244926,250.507,0.200227
244958ms,244958,250.492,0.200370
244990ms,244990,250.527,0.200212
245022ms,245022,250.577,0.200171
245054ms,245054,250.593,0.200382
245087ms,245087,250.544,0.200303
245119ms,245119,250.719,0.200584
245166ms,245166,250.489,0.200323
245230ms,245230,248.827,0.199111
245262ms,245262,248.069,0.198510
245294ms,245294,247.193,0.197958
245326ms,245326,246.355,0.197161
245359ms,245359,245.578,0.196673
245391ms,245391,245.235,0.196158
245423ms,245423,244.912,0.196159
245455ms,245455,244.528,0.195837
245487ms,245487,244.327,0.195753
245534ms,245534,244.399,0.195333
245566ms,245566,244.217,0.195290
245598ms,245598,244.312,0.195381
245630ms,245630,244.299,0.195252
245662ms,245662,244.270,0.195150
245694ms,245694,244.438,0.195506
245727ms,245727,244.580,0.195323
245759ms,245759,244.871,0.195922
245791ms,245791,245.061,0.195705
245823ms,245823,245.414,0.195720
245854ms,245854,245.881,0.196176
245902ms,245902,246.102,0.196421
245934ms,245934,246.550,0.196658
245966ms,245966,246.952,0.196820
245998ms,245998,247.385,0.197387
246030ms,246030,247.865,0.198024
246062ms,246062,248.350,0.198242
246094ms,246094,248.793,0.198731
246126ms,246126,249.412,0.199405
246158ms,246158,249.972,0.199590
246191ms,246191,250.483,0.200099
246223ms,246223,250.655,0.200308
246270ms,246270,250.534,0.200363
246302ms,246302,250.514,0.200352
246334ms,246334,250.525,0.200251
246366ms,246366,250.545,0.200169
246398ms,246398,250.509,0.200303
246430ms,246430,250.627,0.200183
246462ms,246462,250.584,0.200076
246495ms,246495,250.569,0.200222
246526ms,246526,250.567,0.200163
246558ms,246558,250.585,0.200301
246591ms,246591,250.502,0.200514
246670ms,246670,250.241,0.200409
246702ms,246702,249.446,0.199359
246734ms,246734,248.646,0.198919
246766ms,246766,247.801,0.198101
246798ms,246798,246.986,0.197878
246830ms,246830,246.136,0.197145
246862ms,246862,245.318,0.196152
246895ms,246895,245.055,0.196014
246926ms,246926,244.983,0.196367
246958ms,246958,244.542,0.195577
246990ms,246990,244.315,0.195542
247038ms,247038,244.238,0.195549
247070ms,247070,244.228,0.195593
247102ms,247102,244.283,0.195377
247134ms,247134,244.414,0.195076
247166ms,247166,244.433,0.195372
247198ms,247198,244.470,0.195378
247230ms,247230,244.781,0.195586
247263ms,247263,244.939,0.195627
247295ms,247295,245.212,0.195775
247327ms,247327,245.650,0.196200
247359ms,247359,245.937,0.196221
247406ms,247406,246.275,0.196632
247438ms,247438,246.598,0.196724
247471ms,247471,247.121,0.197127
247502ms,247502,247.554,0.197532
247534ms,247534,248.010,0.197789
247567ms,247567,248.467,0.198354
247599ms,247599,249.014,0.198778
247631ms,247631,249.585,0.199244
247662ms,247662,250.080,0.199721
247694ms,247694,250.554,0.200369
247726ms,247726,250.540,0.200516
247759ms,247759,250.488,0.200453
247806ms,247806,250.498,0.200273
247838ms,247838,250.425,0.200272
247870ms,247870,250.426,0.200062
247902ms,247902,250.519,0.200148
247934ms,247934,250.387,0.200132
247998ms,247998,250.476,0.200139
248031ms,248031,250.459,0.200154
248062ms,248062,250.562,0.200095
248094ms,248094,250.482,0.200214
248126ms,248126,250.685,0.200282
248174ms,248174,250.165,0.200324
248206ms,248206,249.402,0.199461
248238ms,248238,248.552,0.198814
248270ms,248270,247.654,0.198184
248302ms,248302,246.725,0.197308
248334ms,248334,246.045,0.196661
248366ms,248366,245.330,0.196545
248398ms,248398,245.129,0.196219
248430ms,248430,244.618,0.196069
248463ms,248463,244.345,0.195598
248495ms,248495,244.335,0.195632
248542ms,248542,244.250,0.195494
248574ms,248574,244.330,0.195577
248606ms,248606,244.355,0.195604
248638ms,248638,244.480,0.195392
248670ms,248670,244.464,0.195073
248702ms,248702,244.468,0.195493
248734ms,248734,244.774,0.195684
248767ms,248767,245.019,0.195638
248799ms,248799,245.233,0.195729
248831ms,248831,245.710,0.196138
248863ms,248863,245.969,0.196474
248894ms,248894,246.375,0.196718
248942ms,248942,246.686,0.196766
248974ms,248974,247.304,0.197214
249006ms,249006,247.680,0.197497
249038ms,249038,248.119,0.198062
249070ms,249070,248.645,0.198466
249102ms,249102,249.128,0.198908
249134ms,249134,249.758,0.199459
249166ms,249166,250.271,0.199917
249198ms,249198,250.723,0.200543
249262ms,249262,250.498,0.200519
249342ms,249342,250.449,0.200115
249374ms,249374,250.427,0.200106
249406ms,249406,250.494,0.200225
249438ms,249438,250.509,0.200409
249471ms,249471,250.556,0.200321
249502ms,249502,250.446,0.200094
249534ms,249534,250.455,0.200258
249566ms,249566,250.470,0.200265
249598ms,249598,250.645,0.200616
249631ms,249631,250.399,0.200166
249678ms,249678,249.640,0.199900
249710ms,249710,248.629,0.198990
249742ms,249742,247.851,0.198646
249774ms,249774,247.075,0.197806
249806ms,249806,246.355,0.197213
249838ms,249838,245.560,0.196767
249870ms,249870,245.016,0.196036
249902ms,249902,245.038,0.196279
249934ms,249934,244.516,0.195561
249967ms,249967,244.324,0.195569
249999ms,249999,244.289,0.195818
250031ms,250031,244.268,0.195616
250078ms,250078,244.391,0.195550
250110ms,250110,244.309,0.195768
250142ms,250142,244.438,0.195536
250174ms,250174,244.441,0.195418
250206ms,250206,244.719,0.195330
250238ms,250238,245.006,0.195464
250271ms,250271,245.269,0.195626
250303ms,250303,245.597,0.196105
250335ms,250335,245.873,0.196127
250366ms,250366,246.253,0.196619
250399ms,250399,246.636,0.197007
250431ms,250431,247.158,0.197171
250479ms,250479,247.519,0.197527
250510ms,250510,247.950,0.197643
250542ms,250542,248.420,0.198296
250574ms,250574,249.095,0.198825
250606ms,250606,249.647,0.199188
250639ms,250639,250.089,0.199662
250671ms,250671,250.647,0.200322
250702ms,250702,250.587,0.200360
250734ms,250734,250.546,0.200470
250767ms,250767,250.524,0.200492
250799ms,250799,250.470,0.200359
250846ms,250846,250.483,0.200356
250910ms,250910,250.458,0.200208
250942ms,250942,250.526,0.200239
250975ms,250975,250.477,0.200065
251007ms,251007,250.543,0.200266
251038ms,251038,250.540,0.200184
251071ms,251071,250.513,0.200467
251103ms,251103,250.672,0.200175
251135ms,251135,249.809,0.199972
251167ms,251167,249.125,0.199284
251214ms,251214,248.491,0.198590
251246ms,251246,247.539,0.197913
251278ms,251278,246.680,0.197335
251310ms,251310,245.869,0.196660
251342ms,251342,245.218,0.196447
251375ms,251375,245.062,0.196316
251407ms,251407,244.559,0.196055
251470ms,251470,244.284,0.195441
251503ms,251503,244.303,0.195372
251535ms,251535,244.241,0.195737
251582ms,251582,244.533,0.195807
251614ms,251614,244.395,0.195509
251646ms,251646,244.424,0.195148
251678ms,251678,244.495,0.195575
251710ms,251710,244.821,0.195756
251742ms,251742,244.802,0.195702
251775ms,251775,245.211,0.195707
251806ms,251806,245.726,0.196217
251838ms,251838,245.954,0.196528
251871ms,251871,246.389,0.196642
251902ms,251902,246.710,0.196870
251935ms,251935,247.225,0.197366
251982ms,251982,247.574,0.197582
252014ms,252014,248.005,0.197858
252046ms,252046,248.485,0.198377
252078ms,252078,249.092,0.198707
252110ms,252110,249.640,0.199429
252142ms,252142,250.042,0.199696
252174ms,252174,250.658,0.200394
252206ms,252206,250.536,0.200458
252238ms,252238,250.523,0.200127
252271ms,252271,250.491,0.200235
252302ms,252302,250.458,0.200172
252350ms,252350,250.389,0.200106
252382ms,252382,250.498,0.200104
252414ms,252414,250.537,0.200319
252446ms,252446,250.565,0.200325
252478ms,252478,250.546,0.200228
252510ms,252510,250.475,0.200270
252542ms,252542,250.531,0.200227
252574ms,252574,250.500,0.200300
252606ms,252606,250.626,0.200223
252670ms,252670,249.047,0.199224
252718ms,252718,248.180,0.198782
252750ms,252750,247.439,0.198046
252782ms,252782,246.442,0.197336
252815ms,252815,245.660,0.196818
252846ms,252846,245.101,0.196146
252878ms,252878,244.936,0.196358
252910ms,252910,244.597,0.195800
252942ms,252942,244.359,0.195562
252974ms,252974,244.366,0.195584
253006ms,253006,244.262,0.195341
253039ms,253039,244.387,0.195416
253071ms,253071,244.298,0.195348
253118ms,253118,244.426,0.195561
253150ms,253150,244.389,0.195273
253182ms,253182,244.511,0.195473
253214ms,253214,244.789,0.195770
253246ms,253246,244.947,0.195839
253278ms,253278,245.316,0.195770
253310ms,253310,245.758,0.196050
253342ms,253342,246.047,0.196318
253375ms,253375,246.476,0.196740
253407ms,253407,246.854,0.196976
253438ms,253438,247.434,0.197228
253486ms,253486,247.898,0.197869
253518ms,253518,248.331,0.198234
253550ms,253550,248.853,0.198833
253582ms,253582,249.531,0.199274
253614ms,253614,250.056,0.199766
253646ms,253646,250.575,0.200374
253678ms,253678,250.657,0.200357
253710ms,253710,250.494,0.200269
253743ms,253743,250.439,0.200124
253774ms,253774,250.458,0.200188
253806ms,253806,250.484,0.200036
253838ms,253838,250.523,0.200158
253886ms,253886,250.483,0.200214
253918ms,253918,250.515,0.200291
253950ms,253950,250.540,0.200212
254014ms,254014,250.615,0.200283
254046ms,254046,250.556,0.200384
254079ms,254079,250.729,0.200413
254111ms,254111,250.276,0.200180
254142ms,254142,249.436,0.199522
254174ms,254174,248.575,0.199082
254207ms,254207,247.730,0.198221
254254ms,254254,246.847,0.197885
254286ms,254286,246.057,0.196960
254318ms,254318,245.279,0.196400
254350ms,254350,245.108,0.196119
254382ms,254382,244.909,0.196105
254415ms,254415,244.419,0.195543
254447ms,254447,244.314,0.195735
254479ms,254479,244.327,0.195685
254510ms,254510,244.329,0.195755
254542ms,254542,244.427,0.195448
254574ms,254574,244.369,0.195359
254654ms,254654,244.433,0.195327
254686ms,254686,244.760,0.195425
254718ms,254718,244.956,0.195372
254750ms,254750,245.209,0.195803
254782ms,254782,245.700,0.196119
254814ms,254814,245.874,0.196110
254846ms,254846,246.289,0.196732
254879ms,254879,246.713,0.196942
254910ms,254910,247.269,0.197206
254942ms,254942,247.577,0.197462
254990ms,254990,248.112,0.197987
255022ms,255022,248.587,0.198279
255054ms,255054,249.060,0.198975
255086ms,255086,249.691,0.199442
255118ms,255118,250.268,0.200001
255151ms,255151,250.814,0.200484
255182ms,255182,250.741,0.200592
255215ms,255215,250.697,0.200534
255246ms,255246,250.731,0.200301
255278ms,255278,250.717,0.200273
255310ms,255310,250.646,0.200375
255342ms,255342,250.668,0.200377
255390ms,255390,250.678,0.200315
255422ms,255422,250.692,0.200304
255454ms,255454,250.667,0.200295
255486ms,255486,250.656,0.200378
255518ms,255518,250.601,0.200298
255551ms,255551,250.712,0.200530
255582ms,255582,250.721,0.200360
255615ms,255615,249.891,0.199940
255646ms,255646,249.049,0.199226
255678ms,255678,248.131,0.198523
255710ms,255710,247.388,0.197963
255758ms,255758,246.365,0.197191
255790ms,255790,245.712,0.196616
255822ms,255822,245.121,0.196128
255854ms,255854,245.030,0.196177
255886ms,255886,244.690,0.195850
255918ms,255918,244.240,0.195666
255950ms,255950,244.322,0.195573
255982ms,255982,244.215,0.195526
256014ms,256014,244.340,0.195517
256046ms,256046,244.283,0.195225
256079ms,256079,244.465,0.195553
256111ms,256111,244.423,0.195311
256158ms,256158,244.608,0.195558
256190ms,256190,244.750,0.195514
256222ms,256222,244.999,0.195615
256286ms,256286,245.734,0.195935
256319ms,256319,246.037,0.196184
256350ms,256350,246.429,0.196756
256382ms,256382,246.780,0.196953
256415ms,256415,247.431,0.197170
256446ms,256446,247.937,0.197584
256478ms,256478,248.323,0.198377
256526ms,256526,248.730,0.198583
256558ms,256558,249.355,0.199019
256590ms,256590,249.855,0.199577
256622ms,256622,250.408,0.200025
256654ms,256654,250.756,0.200680
256686ms,256686,250.557,0.200373
256718ms,256718,250.542,0.200185
256751ms,256751,250.531,0.200405
256782ms,256782,250.493,0.200109
256846ms,256846,250.454,0.200193
256894ms,256894,250.557,0.200133
256926ms,256926,250.584,0.200258
256958ms,256958,250.502,0.200130
256990ms,256990,250.576,0.200313
257022ms,257022,250.591,0.200324
257054ms,257054,250.686,0.200607
257086ms,257086,250.400,0.200244
257119ms,257119,249.570,0.199887
257151ms,257151,248.697,0.198929
257183ms,257183,247.913,0.198415
257214ms,257214,247.042,0.197513
257262ms,257262,246.134,0.196710
257294ms,257294,245.557,0.196437
257326ms,257326,245.114,0.195938
257358ms,257358,244.891,0.196167
257390ms,257390,244.392,0.195815
257422ms,257422,244.436,0.195417
257454ms,257454,244.201,0.195588
257486ms,257486,244.295,0.195310
257518ms,257518,244.231,0.195540
257550ms,257550,244.459,0.195333
257582ms,257582,244.359,0.195330
257615ms,257615,244.415,0.195443
257662ms,257662,244.644,0.195509
257694ms,257694,244.963,0.195528
257726ms,257726,245.180,0.195924
257758ms,257758,245.507,0.195965
257790ms,257790,245.903,0.196183
257822ms,257822,246.209,0.196400
257854ms,257854,246.640,0.196766
257887ms,257887,247.108,0.197175
257918ms,257918,247.521,0.197439
257950ms,257950,247.997,0.197938
258030ms,258030,249.115,0.198829
258062ms,258062,249.584,0.199409
258094ms,258094,250.059,0.199806
258126ms,258126,250.564,0.200222
258158ms,258158,250.665,0.200533
258190ms,258190,250.478,0.200434
258222ms,258222,250.447,0.200063
258254ms,258254,250.562,0.200208
258287ms,258287,250.545,0.200208
258319ms,258319,250.450,0.200129
258351ms,258351,250.565,0.200258
258382ms,258382,250.481,0.200324
258430ms,258430,250.510,0.200212
258462ms,258462,250.557,0.200182
258494ms,258494,250.637,0.200190
258526ms,258526,250.546,0.200402
258558ms,258558,250.709,0.200322
258591ms,258591,250.161,0.200225
258654ms,258654,248.462,0.198870
258687ms,258687,247.556,0.198096
258718ms,258718,246.639,0.197297
258750ms,258750,246.083,0.196793
258798ms,258798,245.432,0.196604
258830ms,258830,245.074,0.196080
258862ms,258862,244.754,0.196084
258894ms,258894,244.336,0.195524
258926ms,258926,244.279,0.195668
258958ms,258958,244.267,0.195587
258991ms,258991,244.262,0.195640
259022ms,259022,244.300,0.195673
259054ms,259054,244.298,0.195386
259086ms,259086,244.467,0.195161
259118ms,259118,244.564,0.195854
259166ms,259166,244.724,0.195518
259198ms,259198,244.949,0.195729
259230ms,259230,245.256,0.195544
259262ms,259262,245.551,0.196056
259294ms,259294,245.946,0.196273
259326ms,259326,246.335,0.196845
259358ms,259358,246.592,0.196764
259390ms,259390,247.168,0.197321
259422ms,259422,247.611,0.197518
259454ms,259454,247.975,0.197916
259486ms,259486,248.551,0.198281
259518ms,259518,249.042,0.198837
259566ms,259566,249.722,0.199451
259598ms,259598,250.177,0.199715
259630ms,259630,250.658,0.200346
259662ms,259662,250.511,0.200340
259694ms,259694,250.615,0.200277
259726ms,259726,250.511,0.200380
259758ms,259758,250.581,0.200138
259790ms,259790,250.555,0.200335
259822ms,259822,250.507,0.200344
259854ms,259854,250.615,0.200266
259886ms,259886,250.511,0.200252
259934ms,259934,250.550,0.200130
259966ms,259966,250.523,0.200444
259998ms,259998,250.590,0.200323
260030ms,260030,250.500,0.200258
260094ms,260094,250.120,0.200271
260126ms,260126,249.275,0.199290
260158ms,260158,248.484,0.199011
260191ms,260191,247.516,0.198189
260223ms,260223,246.629,0.197346
260254ms,260254,245.909,0.196553
260302ms,260302,245.158,0.196340
260334ms,260334,245.065,0.196337
260366ms,260366,244.501,0.196397
260398ms,260398,244.345,0.195576
260430ms,260430,244.218,0.195788
260462ms,260462,244.229,0.195845
260494ms,260494,244.387,0.195499
260526ms,260526,244.278,0.195424
260558ms,260558,244.461,0.195781
260591ms,260591,244.407,0.195325
260622ms,260622,244.495,0.195297
260654ms,260654,244.736,0.195672
260702ms,260702,244.984,0.195495
260734ms,260734,245.347,0.195649
260766ms,260766,245.649,0.196213
260798ms,260798,245.967,0.196435
260830ms,260830,246.338,0.196548
260862ms,260862,246.766,0.196843
260894ms,260894,247.259,0.197159
260926ms,260926,247.680,0.197679
260958ms,260958,248.205,0.198035
260991ms,260991,248.772,0.198607
261022ms,261022,249.266,0.199318
261070ms,261070,249.864,0.199599
261102ms,261102,250.335,0.199974
261134ms,261134,250.735,0.200508
261166ms,261166,250.529,0.200462
261198ms,261198,250.532,0.200086
261230ms,261230,250.495,0.200250
261262ms,261262,250.534,0.200204
261294ms,261294,250.526,0.200320
261326ms,261326,250.589,0.200396
261358ms,261358,250.615,0.200348
261422ms,261422,250.523,0.200238
261470ms,261470,250.578,0.200350
261502ms,261502,250.471,0.200542
261534ms,261534,250.657,0.200519
261566ms,261566,250.492,0.200292
261598ms,261598,249.733,0.199933
261630ms,261630,248.770,0.199217
261662ms,261662,247.974,0.198382
261694ms,261694,247.178,0.197757
261726ms,261726,246.286,0.197069
261758ms,261758,245.640,0.196574
261790ms,261790,245.115,0.196149
261838ms,261838,244.863,0.196179
261870ms,261870,244.456,0.195500
261902ms,261902,244.419,0.195474
261934ms,261934,244.189,0.195832
261966ms,261966,244.244,0.195464
261998ms,261998,244.386,0.195177
262030ms,262030,244.366,0.195292
262062ms,262062,244.298,0.195379
262094ms,262094,244.454,0.195594
262126ms,262126,244.560,0.195709
262158ms,262158,244.773,0.195695
262206ms,262206,244.989,0.195765
262238ms,262238,245.363,0.195940
262270ms,262270,245.846,0.195927
262302ms,262302,246.153,0.196209
262334ms,262334,246.386,0.196654
262366ms,262366,246.861,0.197034
262398ms,262398,247.322,0.197429
262430ms,262430,247.812,0.197627
262462ms,262462,248.278,0.198387
262495ms,262495,248.794,0.198642
262526ms,262526,249.321,0.198928
262558ms,262558,249.916,0.199422
262606ms,262606,250.467,0.200034
262638ms,262638,250.703,0.200476
262702ms,262702,250.441,0.200136
262734ms,262734,250.401,0.200334
262766ms,262766,250.431,0.200156
262798ms,262798,250.474,0.200153
262830ms,262830,250.440,0.200148
262862ms,262862,250.450,0.200192
262895ms,262895,250.432,0.200118
262926ms,262926,250.442,0.200216
262974ms,262974,250.492,0.200433
263006ms,263006,250.491,0.200458
263038ms,263038,250.635,0.200451
263070ms,263070,250.375,0.200206
263102ms,263102,249.538,0.199838
263134ms,263134,248.608,0.198958
263166ms,263166,247.804,0.198149
263198ms,263198,247.053,0.197714
263262ms,263262,245.342,0.196110
263294ms,263294,245.064,0.195968
263342ms,263342,244.866,0.196336
263374ms,263374,244.556,0.195556
263406ms,263406,244.382,0.195372
263438ms,263438,244.290,0.195502
263470ms,263470,244.322,0.195753
263502ms,263502,244.409,0.195682
263534ms,263534,244.368,0.195337
263566ms,263566,244.509,0.195215
263598ms,263598,244.501,0.195608
263630ms,263630,244.724,0.195478
263662ms,263662,244.855,0.195446
263710ms,263710,245.218,0.195555
263742ms,263742,245.573,0.196365
263774ms,263774,245.897,0.196344
263806ms,263806,246.260,0.196605
263838ms,263838,246.587,0.196754
263870ms,263870,247.111,0.197338
263902ms,263902,247.552,0.197419
263934ms,263934,248.054,0.197736
263966ms,263966,248.475,0.198379
263999ms,263999,249.002,0.198754
264030ms,264030,249.653,0.199400
264062ms,264062,249.943,0.199534
264110ms,264110,250.534,0.200274
264142ms,264142,250.602,0.200448
264174ms,264174,250.484,0.200285
264206ms,264206,250.459,0.200204
264238ms,264238,250.470,0.200143
264270ms,264270,250.473,0.200194
264302ms,264302,250.454,0.200238
264334ms,264334,250.488,0.200328
264367ms,264367,250.503,0.200225
264399ms,264399,250.464,0.200306
264431ms,264431,250.453,0.200166
264478ms,264478,250.556,0.200162
264510ms,264510,250.428,0.200175
264542ms,264542,250.664,0.200243
264574ms,264574,250.228,0.200288
264606ms,264606,249.473,0.199676
264638ms,264638,248.608,0.198849
264670ms,264670,247.745,0.198335
264734ms,264734,246.116,0.197017
264766ms,264766,245.394,0.196302
264799ms,264799,245.086,0.195940
264831ms,264831,244.820,0.196353
264878ms,264878,244.533,0.195508
264910ms,264910,244.276,0.195507
264942ms,264942,244.181,0.195498
264974ms,264974,244.346,0.195701
265006ms,265006,244.329,0.195250
265038ms,265038,244.322,0.195167
265070ms,265070,244.380,0.195361
265102ms,265102,244.633,0.195439
265166ms,265166,244.841,0.195524
265198ms,265198,245.256,0.195792
265246ms,265246,245.633,0.196046
265278ms,265278,245.934,0.196172
265310ms,265310,246.230,0.196749
265342ms,265342,246.694,0.197031
265374ms,265374,247.198,0.197365
265406ms,265406,247.672,0.197556
265438ms,265438,248.090,0.197862
265470ms,265470,248.523,0.198535
265502ms,265502,249.083,0.198953
265534ms,265534,249.720,0.199503
265566ms,265566,250.193,0.199981
265614ms,265614,250.650,0.200389
265646ms,265646,250.512,0.200518
265678ms,265678,250.527,0.200213
265710ms,265710,250.413,0.200172
265742ms,265742,250.436,0.200190
265774ms,265774,250.489,0.200186
265806ms,265806,250.447,0.200159
265838ms,265838,250.417,0.200219
265870ms,265870,250.475,0.200026
265902ms,265902,250.487,0.200123
265934ms,265934,250.514,0.200080
265982ms,265982,250.516,0.200293
266014ms,266014,250.481,0.200374
266046ms,266046,250.701,0.200311
266078ms,266078,249.918,0.200110
266110ms,266110,249.177,0.199344
266142ms,266142,248.399,0.198953
266174ms,266174,247.550,0.198054
266206ms,266206,246.682,0.197645
266238ms,266238,246.024,0.196683
266270ms,266270,245.309,0.196496
266302ms,266302,245.172,0.196285
266335ms,266335,244.788,0.195971
266414ms,266414,244.352,0.195618
266446ms,266446,244.215,0.195564
266478ms,266478,244.372,0.195590
266510ms,266510,244.339,0.195666
266542ms,266542,244.486,0.195436
266574ms,266574,244.332,0.195084
266606ms,266606,244.455,0.195739
266670ms,266670,244.985,0.195683
266703ms,266703,245.286,0.195752
266750ms,266750,245.636,0.196125
266782ms,266782,246.022,0.196506
266814ms,266814,246.478,0.196776
266846ms,266846,246.722,0.196860
266878ms,266878,247.241,0.197187
266910ms,266910,247.617,0.197680
266942ms,266942,248.025,0.197981
266974ms,266974,248.625,0.198645
267006ms,267006,249.103,0.198979
267039ms,267039,249.764,0.199419
267070ms,267070,250.256,0.199999
267118ms,267118,250.762,0.200678
267150ms,267150,250.400,0.200453
267182ms,267182,250.536,0.200275
267214ms,267214,250.449,0.200117
267246ms,267246,250.515,0.200247
267278ms,267278,250.496,0.200363
267310ms,267310,250.465,0.200258
267342ms,267342,250.451,0.200204
267374ms,267374,250.475,0.200295
267406ms,267406,250.421,0.200169
267438ms,267438,250.499,0.200305
267471ms,267471,250.548,0.200371
267518ms,267518,250.603,0.200367
267550ms,267550,250.529,0.200349
267582ms,267582,249.694,0.200041
267614ms,267614,248.853,0.199060
267646ms,267646,248.037,0.198328
267678ms,267678,247.213,0.197907
267710ms,267710,246.317,0.197136
267742ms,267742,245.521,0.196605
267774ms,267774,245.187,0.196125
267838ms,267838,244.435,0.195715
267886ms,267886,244.461,0.195609
267918ms,267918,244.339,0.195504
267950ms,267950,244.220,0.195767
267982ms,267982,244.336,0.195433
268014ms,268014,244.333,0.195144
268046ms,268046,244.279,0.195161
268078ms,268078,244.466,0.195440
268110ms,268110,244.616,0.195546
268142ms,268142,244.949,0.195670
268174ms,268174,244.924,0.195722
268206ms,268206,245.399,0.195814
268238ms,268238,245.801,0.196203
268286ms,268286,246.146,0.196441
268350ms,268350,247.005,0.197081
268382ms,268382,247.490,0.197653
268414ms,268414,247.919,0.197977
268446ms,268446,248.404,0.198262
268478ms,268478,248.870,0.198757
268510ms,268510,249.531,0.199289
268542ms,268542,250.003,0.199380
268575ms,268575,250.473,0.200255
268607ms,268607,250.593,0.200374
268654ms,268654,250.521,0.200287
268686ms,268686,250.574,0.200165
268718ms,268718,250.468,0.200094
268750ms,268750,250.498,0.200219
268782ms,268782,250.485,0.200278
268814ms,268814,250.516,0.200315
268847ms,268847,250.467,0.200247
268878ms,268878,250.481,0.200380
268910ms,268910,250.543,0.200210
268942ms,268942,250.394,0.200005
268974ms,268974,250.485,0.200422
269022ms,269022,250.694,0.200531
269054ms,269054,250.431,0.200363
269086ms,269086,249.535,0.199605
269118ms,269118,248.652,0.198945
269150ms,269150,247.829,0.198369
269182ms,269182,247.048,0.197601
269214ms,269214,246.142,0.196688
269246ms,269246,245.558,0.196388
269278ms,269278,245.103,0.196129
269311ms,269311,244.988,0.196098
269342ms,269342,244.534,0.195634
269375ms,269375,244.348,0.195536
269422ms,269422,244.202,0.195284
269454ms,269454,244.215,0.195912
269486ms,269486,244.295,0.195530
269518ms,269518,244.405,0.195287
269582ms,269582,244.455,0.195193
269614ms,269614,244.618,0.195366
269646ms,269646,244.927,0.195367
269678ms,269678,245.288,0.195787
269711ms,269711,245.607,0.196148
269742ms,269742,245.851,0.196251
269790ms,269790,246.178,0.196521
269822ms,269822,246.583,0.196529
269854ms,269854,247.114,0.197263
269886ms,269886,247.544,0.197547
269918ms,269918,247.923,0.197699
269950ms,269950,248.491,0.198273
269982ms,269982,249.010,0.198846
270015ms,270015,249.606,0.199387
270047ms,270047,250.036,0.199686
270079ms,270079,250.595,0.200276
270111ms,270111,250.628,0.200443
270143ms,270143,250.434,0.200327
270190ms,270190,250.503,0.200498
270222ms,270222,250.451,0.200183
270254ms,270254,250.537,0.200180
270318ms,270318,250.400,0.200213
270350ms,270350,250.426,0.200279
270382ms,270382,250.404,0.200200
270415ms,270415,250.459,0.200279
270446ms,270446,250.525,0.200398
270478ms,270478,250.536,0.200321
270511ms,270511,250.661,0.200260
270558ms,270558,249.920,0.200113
270590ms,270590,249.085,0.199251
270622ms,270622,248.340,0.198744
270654ms,270654,247.392,0.197917
270686ms,270686,246.569,0.197274
270718ms,270718,245.829,0.196603
270750ms,270750,245.079,0.196335
270782ms,270782,245.131,0.196136
270814ms,270814,244.555,0.195678
270846ms,270846,244.413,0.195666
270879ms,270879,244.345,0.195562
270926ms,270926,244.270,0.195428
270958ms,270958,244.265,0.195499
270990ms,270990,244.370,0.195398
271022ms,271022,244.457,0.195608
271054ms,271054,244.382,0.195417
271086ms,271086,244.497,0.195469
271118ms,271118,244.715,0.195512
271150ms,271150,244.964,0.195664
271182ms,271182,245.455,0.196033
271215ms,271215,245.602,0.196070
271246ms,271246,246.034,0.196094
271294ms,271294,246.323,0.196740
271326ms,271326,246.899,0.196866
271358ms,271358,247.434,0.197485
271390ms,271390,247.823,0.197783
271422ms,271422,248.287,0.198242
271454ms,271454,248.761,0.198574
271487ms,271487,249.303,0.199054
271550ms,271550,250.421,0.200088
271582ms,271582,250.636,0.200565
271615ms,271615,250.472,0.200177
271647ms,271647,250.479,0.200308
271694ms,271694,250.490,0.200313
271726ms,271726,250.483,0.200260
271758ms,271758,250.471,0.200258
271790ms,271790,250.520,0.200392
271822ms,271822,250.505,0.200286
271854ms,271854,250.457,0.200374
271886ms,271886,250.444,0.200190
271919ms,271919,250.453,0.200358
271950ms,271950,250.548,0.200230
271982ms,271982,250.592,0.200533
272014ms,272014,250.344,0.200340
272062ms,272062,249.529,0.199768
272094ms,272094,248.623,0.198878
272126ms,272126,247.795,0.198378
272190ms,272190,246.100,0.197108
272222ms,272222,245.388,0.196380
272254ms,272254,245.115,0.196332
272286ms,272286,244.866,0.196091
272318ms,272318,244.609,0.195782
272351ms,272351,244.368,0.195538
272383ms,272383,244.318,0.195411
272430ms,272430,244.346,0.195589
272462ms,272462,244.323,0.195576
272494ms,272494,244.370,0.195504
272526ms,272526,244.459,0.195223
272558ms,272558,244.481,0.195515
272590ms,272590,244.638,0.195396
272622ms,272622,244.883,0.195432
272654ms,272654,245.292,0.195710
272686ms,272686,245.567,0.196176
272718ms,272718,245.870,0.196250
272750ms,272750,246.354,0.196461
272783ms,272783,246.591,0.196647
272830ms,272830,247.201,0.197296
272862ms,272862,247.526,0.197388
272894ms,272894,248.050,0.198012
272926ms,272926,248.539,0.198355
272958ms,272958,249.127,0.198918
272990ms,272990,249.663,0.199270
273022ms,273022,250.187,0.199964
273054ms,273054,250.665,0.200488
273086ms,273086,250.592,0.200468
273118ms,273118,250.735,0.200512
273151ms,273151,250.649,0.200336
273198ms,273198,250.661,0.200242
273230ms,273230,250.705,0.200311
273262ms,273262,250.681,0.200365
273294ms,273294,250.667,0.200429
273327ms,273327,250.684,0.200261
273358ms,273358,250.648,0.200481
273390ms,273390,250.683,0.200413
273422ms,273422,250.576,0.200307
273454ms,273454,250.640,0.200243
273486ms,273486,250.784,0.200437
273550ms,273550,249.182,0.199478
273598ms,273598,248.421,0.198713
273630ms,273630,247.381,0.198027
273662ms,273662,246.464,0.197320
273694ms,273694,245.862,0.196779
273726ms,273726,245.125,0.196168
273758ms,273758,245.068,0.196179
273790ms,273790,244.599,0.195821
273822ms,273822,244.375,0.195986
273855ms,273855,244.364,0.195625
273886ms,273886,244.246,0.195674
273919ms,273919,244.302,0.195531
273966ms,273966,244.363,0.195696
273998ms,273998,244.383,0.195401
274030ms,274030,244.487,0.195397
274062ms,274062,244.550,0.195513
274094ms,274094,244.688,0.195595
274126ms,274126,244.953,0.195514
274158ms,274158,245.257,0.195941
274190ms,274190,245.656,0.195972
274222ms,274222,245.999,0.196382
274255ms,274255,246.368,0.196823
274287ms,274287,246.700,0.196685
274334ms,274334,247.182,0.197070
274366ms,274366,247.587,0.197653
274398ms,274398,248.138,0.197839
274430ms,274430,248.582,0.198477
274462ms,274462,249.132,0.198984
274494ms,274494,249.817,0.199564
274526ms,274526,250.237,0.199792
274558ms,274558,250.705,0.200301
274591ms,274591,250.511,0.200464
274623ms,274623,250.433,0.200138
274654ms,274654,250.446,0.200050
274686ms,274686,250.420,0.200035
274734ms,274734,250.464,0.200348
274798ms,274798,250.463,0.200178
274830ms,274830,250.461,0.200225
274862ms,274862,250.408,0.200140
274894ms,274894,250.486,0.200068
274926ms,274926,250.549,0.200167
274958ms,274958,250.528,0.200559
274990ms,274990,250.584,0.200141
275022ms,275022,249.713,0.199969
275054ms,275054,248.881,0.199153
275102ms,275102,248.111,0.198476
275134ms,275134,247.203,0.197862
275166ms,275166,246.291,0.197128
275198ms,275198,245.553,0.196986
275230ms,275230,245.217,0.196050
275262ms,275262,244.928,0.196354
275294ms,275294,244.527,0.195790
275326ms,275326,244.269,0.195610
275358ms,275358,244.265,0.195517
275390ms,275390,244.234,0.195603
275422ms,275422,244.318,0.195275
275470ms,275470,244.343,0.195174
275502ms,275502,244.492,0.195515
275534ms,275534,244.472,0.195321
275566ms,275566,244.482,0.195426
275598ms,275598,244.746,0.195782
275630ms,275630,244.971,0.195930
275662ms,275662,245.346,0.195954
275694ms,275694,245.866,0.195869
275726ms,275726,246.102,0.196334
275758ms,275758,246.443,0.196689
275790ms,275790,246.944,0.197010
275838ms,275838,247.431,0.197205
275870ms,275870,247.939,0.197757
275902ms,275902,248.317,0.198292
275934ms,275934,248.881,0.198735
275966ms,275966,249.438,0.199106
275998ms,275998,249.959,0.199472
276030ms,276030,250.460,0.200141
276094ms,276094,250.473,0.200291
276126ms,276126,250.408,0.200284
276158ms,276158,250.426,0.200108
276191ms,276191,250.479,0.200413
276238ms,276238,250.460,0.200324
276270ms,276270,250.388,0.200093
276304ms,276304,250.480,0.200179
276334ms,276334,250.498,0.200325
276398ms,276398,250.447,0.200232
276431ms,276431,250.544,0.200344
276462ms,276462,250.556,0.200443
276494ms,276494,250.484,0.200472
276526ms,276526,249.568,0.199863
276559ms,276559,248.674,0.198820
276606ms,276606,247.876,0.198514
276638ms,276638,246.908,0.197514
276670ms,276670,246.134,0.196860
276734ms,276734,245.062,0.195718
276766ms,276766,244.943,0.196297
276798ms,276798,244.350,0.195610
276830ms,276830,244.389,0.195479
276862ms,276862,244.241,0.195408
276894ms,276894,244.227,0.195471
276926ms,276926,244.290,0.195396
276958ms,276958,244.427,0.195464
277006ms,277006,244.327,0.195274
277038ms,277038,244.379,0.195274
277070ms,277070,244.616,0.195569
277102ms,277102,244.937,0.195815
277134ms,277134,245.001,0.195674
277166ms,277166,245.398,0.195938
277198ms,277198,245.818,0.196011
277230ms,277230,246.127,0.196315
277262ms,277262,246.534,0.196725
277294ms,277294,247.097,0.197087
277326ms,277326,247.441,0.197456
277374ms,277374,247.909,0.198015
277406ms,277406,248.363,0.198207
277438ms,277438,248.828,0.198819
277470ms,277470,249.444,0.199148
277502ms,277502,250.010,0.199626
277534ms,277534,250.478,0.200219
277566ms,277566,250.580,0.200477
277598ms,277598,250.488,0.200320
277630ms,277630,250.429,0.200264
277662ms,277662,250.421,0.200271
277694ms,277694,250.480,0.200210
277742ms,277742,250.514,0.200393
277774ms,277774,250.443,0.200302
277806ms,277806,250.459,0.200124
277838ms,277838,250.448,0.199979
277902ms,277902,250.542,0.200347
277934ms,277934,250.580,0.200244
277966ms,277966,250.690,0.200368
277998ms,277998,250.198,0.200299
278030ms,278030,249.380,0.199611
278062ms,278062,248.531,0.198665
278094ms,278094,247.781,0.198470
278142ms,278142,246.986,0.197651
278174ms,278174,246.154,0.196986
278206ms,278206,245.342,0.196083
278238ms,278238,245.100,0.196056
278270ms,278270,244.762,0.196425
278302ms,278302,244.367,0.195636
278334ms,278334,244.349,0.195619
278366ms,278366,244.199,0.195238
278398ms,278398,244.234,0.195654
278430ms,278430,244.436,0.195506
278462ms,278462,244.218,0.195290
278510ms,278510,244.518,0.195100
278542ms,278542,244.611,0.195597
278574ms,278574,244.814,0.195579
278606ms,278606,244.890,0.195554
278638ms,278638,245.150,0.195738
278670ms,278670,245.643,0.196051
278702ms,278702,245.896,0.196000
278734ms,278734,246.271,0.196602
278766ms,278766,246.602,0.196971
278798ms,278798,247.157,0.197400
278830ms,278830,247.629,0.197482
278878ms,278878,248.100,0.198021
278910ms,278910,248.586,0.198457
278942ms,278942,249.109,0.198939
278974ms,278974,249.771,0.199456
279006ms,279006,250.249,0.199858
279038ms,279038,250.661,0.200415
279070ms,279070,250.539,0.200592
279102ms,279102,250.573,0.200330
279134ms,279134,250.522,0.200249
279166ms,279166,250.510,0.200269
279198ms,279198,250.536,0.200333
279230ms,279230,250.507,0.200241
279278ms,279278,250.415,0.200320
279310ms,279310,250.412,0.200317
279342ms,279342,250.518,0.200244
279374ms,279374,250.515,0.200184
279406ms,279406,250.486,0.200243
279438ms,279438,250.485,0.200327
279470ms,279470,250.661,0.200300
279502ms,279502,249.910,0.200063
279566ms,279566,248.342,0.198802
279598ms,279598,247.610,0.198071
279646ms,279646,246.555,0.197435
279678ms,279678,245.910,0.196479
279710ms,279710,245.237,0.196461
279742ms,279742,245.154,0.196107
279774ms,279774,244.397,0.196187
279806ms,279806,244.236,0.195667
279838ms,279838,244.343,0.195699
279870ms,279870,244.283,0.195402
279902ms,279902,244.298,0.195686
279934ms,279934,244.408,0.195875
279966ms,279966,244.465,0.195518
279998ms,279998,244.477,0.195440
280046ms,280046,244.523,0.195328
280078ms,280078,244.808,0.195447
280110ms,280110,245.001,0.195667
280174ms,280174,245.729,0.196165
280206ms,280206,245.968,0.196206
280238ms,280238,246.413,0.196494
280270ms,280270,246.729,0.197135
280302ms,280302,247.302,0.197223
280334ms,280334,247.753,0.197858
280366ms,280366,248.059,0.198263
280414ms,280414,248.722,0.198435
280446ms,280446,249.266,0.199166
280478ms,280478,249.831,0.199597
280510ms,280510,250.338,0.199998
280542ms,280542,250.703,0.200479
280574ms,280574,250.371,0.200178
280606ms,280606,250.443,0.200272
280639ms,280639,250.432,0.200301
280670ms,280670,250.518,0.200197
280702ms,280702,250.462,0.200012
280750ms,280750,250.457,0.200015
280782ms,280782,250.507,0.200104
280814ms,280814,250.465,0.200317
280846ms,280846,250.465,0.200318
280878ms,280878,250.492,0.200120
280910ms,280910,250.506,0.200175
280942ms,280942,250.614,0.200588
280974ms,280974,250.601,0.200309
281006ms,281006,249.691,0.200116
281038ms,281038,248.833,0.199405
281070ms,281070,247.949,0.198606
281102ms,281102,247.188,0.197763
281150ms,281150,246.354,0.196845
281182ms,281182,245.577,0.196704
281214ms,281214,245.202,0.196151
281246ms,281246,245.012,0.196273
281278ms,281278,244.424,0.195616
281310ms,281310,244.407,0.195560
281342ms,281342,244.165,0.195843
281374ms,281374,244.262,0.195288
281406ms,281406,244.391,0.195576
281470ms,281470,244.349,0.195395
281518ms,281518,244.443,0.195473
281550ms,281550,244.629,0.195633
281582ms,281582,244.756,0.195967
281614ms,281614,244.971,0.195815
281646ms,281646,245.413,0.195760
281678ms,281678,245.859,0.195981
281710ms,281710,246.124,0.196352
281742ms,281742,246.449,0.196545
281774ms,281774,246.858,0.196912
281806ms,281806,247.387,0.197313
281838ms,281838,247.886,0.197869
281870ms,281870,248.369,0.198212
281918ms,281918,248.705,0.198884
281950ms,281950,249.423,0.198998
281982ms,281982,249.937,0.199487
282014ms,282014,250.429,0.200183
282046ms,282046,250.667,0.200432
282110ms,282110,250.444,0.200236
282142ms,282142,250.368,0.200090
282174ms,282174,250.410,0.200263
282206ms,282206,250.442,0.200208
282238ms,282238,250.414,0.200001
282286ms,282286,250.397,0.200124
282318ms,282318,250.411,0.200251
282350ms,282350,250.491,0.200449
282382ms,282382,250.513,0.200396
282414ms,282414,250.493,0.200216
282446ms,282446,250.573,0.200331
282478ms,282478,250.289,0.200158
282510ms,282510,249.391,0.199569
282542ms,282542,248.543,0.198641
282574ms,282574,247.768,0.198114
282606ms,282606,246.809,0.197672
282654ms,282654,246.021,0.196989
282686ms,282686,245.197,0.196093
282718ms,282718,245.098,0.196014
282750ms,282750,244.847,0.196337
282782ms,282782,244.400,0.195435
282814ms,282814,244.157,0.195640
282846ms,282846,244.239,0.195420
282878ms,282878,244.323,0.195671
282910ms,282910,244.350,0.195465
282942ms,282942,244.384,0.195219
282974ms,282974,244.510,0.195288
283006ms,283006,244.500,0.195225
283054ms,283054,244.666,0.195399
283086ms,283086,244.884,0.195476
283118ms,283118,245.294,0.195656
283150ms,283150,245.559,0.196053
283182ms,283182,245.900,0.196423
283214ms,283214,246.285,0.196440
283278ms,283278,247.125,0.197172
283310ms,283310,247.560,0.197489
283342ms,283342,247.933,0.197888
283374ms,283374,248.484,0.198376
283422ms,283422,249.112,0.199045
283454ms,283454,249.645,0.199441
283486ms,283486,250.131,0.199678
283518ms,283518,250.595,0.200315
283550ms,283550,250.561,0.200630
283582ms,283582,250.605,0.200372
283614ms,283614,250.527,0.200172
283646ms,283646,250.518,0.200233
283678ms,283678,250.537,0.200382
283710ms,283710,250.631,0.200399
283742ms,283742,250.550,0.200142
283790ms,283790,250.617,0.200370
283854ms,283854,250.520,0.200123
283918ms,283918,250.545,0.200329
283950ms,283950,250.739,0.200422
283982ms,283982,250.179,0.200170
284014ms,284014,249.301,0.199431
284046ms,284046,248.551,0.198828
284078ms,284078,247.660,0.198123
284110ms,284110,246.778,0.197455
284142ms,284142,246.099,0.196573
284190ms,284190,245.192,0.196200
284222ms,284222,245.069,0.196027
284254ms,284254,244.837,0.196046
284286ms,284286,244.514,0.195576
284318ms,284318,244.296,0.195587
284350ms,284350,244.301,0.195707
284382ms,284382,244.306,0.195531
284414ms,284414,244.337,0.195577
284446ms,284446,244.459,0.195464
284478ms,284478,244.356,0.195294
284511ms,284511,244.508,0.195410
284558ms,284558,244.667,0.195558
284590ms,284590,244.879,0.195364
284622ms,284622,245.201,0.195748
284654ms,284654,245.481,0.195887
284686ms,284686,245.838,0.196115
284718ms,284718,246.230,0.196403
284750ms,284750,246.620,0.196594
284782ms,284782,247.105,0.197333
284814ms,284814,247.561,0.197424
284846ms,284846,247.969,0.197903
284878ms,284878,248.412,0.198513
284926ms,284926,248.966,0.198705
284958ms,284958,249.648,0.199419
284990ms,284990,250.030,0.199599
285022ms,285022,250.484,0.200125
285054ms,285054,250.685,0.200533
285086ms,285086,250.489,0.200299
285118ms,285118,250.516,0.200301
285150ms,285150,250.454,0.200078
285182ms,285182,250.485,0.200161
285214ms,285214,250.422,0.200355
285246ms,285246,250.456,0.200287
285278ms,285278,250.482,0.200011
285326ms,285326,250.505,0.200197
285358ms,285358,250.426,0.200101
285390ms,285390,250.559,0.200307
285422ms,285422,250.511,0.200315
285454ms,285454,250.737,0.200515
285486ms,285486,250.205,0.200269
285518ms,285518,249.307,0.199689
285550ms,285550,248.485,0.198758
285582ms,285582,247.631,0.198346
285614ms,285614,246.754,0.197563
285646ms,285646,246.037,0.196945
285694ms,285694,245.269,0.196391
285726ms,285726,245.085,0.195725
285758ms,285758,244.728,0.196082
285790ms,285790,244.269,0.195405
285886ms,285886,244.351,0.195187
285918ms,285918,244.455,0.195832
285950ms,285950,244.266,0.195475
285982ms,285982,244.491,0.195271
286014ms,286014,244.501,0.195538
286046ms,286046,244.770,0.195721
286094ms,286094,244.918,0.195516
286126ms,286126,245.199,0.195561
286158ms,286158,245.657,0.196034
286190ms,286190,245.977,0.196485
286222ms,286222,246.353,0.196760
286254ms,286254,246.629,0.196778
286286ms,286286,247.259,0.197521
286318ms,286318,247.635,0.197413
286350ms,286350,248.019,0.197863
286382ms,286382,248.529,0.198512
286430ms,286430,249.118,0.198886
286462ms,286462,249.716,0.199474
286494ms,286494,250.258,0.199904
286526ms,286526,250.686,0.200322
286558ms,286558,250.534,0.200558
286590ms,286590,250.468,0.200389
286622ms,286622,250.478,0.200235
286654ms,286654,250.513,0.200349
286686ms,286686,250.518,0.200152
286718ms,286718,250.512,0.200184
286750ms,286750,250.518,0.200299
286782ms,286782,250.437,0.200226
286830ms,286830,250.469,0.199954
286862ms,286862,250.555,0.200224
286894ms,286894,250.507,0.200254
286926ms,286926,250.542,0.200169
286958ms,286958,250.698,0.200396
286990ms,286990,249.851,0.200077
287022ms,287022,249.152,0.199334
287054ms,287054,248.331,0.198782
287086ms,287086,247.436,0.198145
287118ms,287118,246.488,0.197196
287150ms,287150,245.745,0.196619
287182ms,287182,245.199,0.196474
287230ms,287230,244.979,0.196167
287262ms,287262,244.504,0.195949
287294ms,287294,244.340,0.195744
287326ms,287326,244.369,0.195547
287358ms,287358,244.235,0.195510
287390ms,287390,244.282,0.195438
287422ms,287422,244.357,0.195714
287454ms,287454,244.495,0.195751
287486ms,287486,244.571,0.195415
287518ms,287518,244.528,0.195417
287550ms,287550,244.806,0.195651
287582ms,287582,244.999,0.195517
287662ms,287662,245.640,0.195998
287726ms,287726,246.443,0.196623
287758ms,287758,246.818,0.197128
287790ms,287790,247.346,0.197344
287822ms,287822,247.862,0.197859
287854ms,287854,248.310,0.198485
287886ms,287886,248.754,0.198418
287918ms,287918,249.265,0.199017
287966ms,287966,249.796,0.199580
287998ms,287998,250.267,0.199910
288030ms,288030,250.675,0.200313
288062ms,288062,250.457,0.200261
288094ms,288094,250.473,0.200291
288126ms,288126,250.391,0.200146
288158ms,288158,250.393,0.200189
288190ms,288190,250.450,0.200232
288222ms,288222,250.486,0.200309
288254ms,288254,250.429,0.199929
288286ms,288286,250.422,0.200065
288318ms,288318,250.508,0.200283
288366ms,288366,250.516,0.200357
288398ms,288398,250.519,0.200218
288430ms,288430,250.609,0.200204
288462ms,288462,250.509,0.200201
288494ms,288494,249.809,0.199830
288526ms,288526,248.941,0.198909
288558ms,288558,248.182,0.198362
288590ms,288590,247.437,0.197886
288622ms,288622,246.391,0.197225
288654ms,288654,245.669,0.196669
288686ms,288686,245.128,0.196510
288734ms,288734,245.117,0.196201
288766ms,288766,244.544,0.196008
288830ms,288830,244.325,0.195349
288862ms,288862,244.214,0.195288
288894ms,288894,244.388,0.195341
288926ms,288926,244.289,0.195306
288958ms,288958,244.514,0.195717
288990ms,288990,244.377,0.195396
289022ms,289022,244.506,0.195373
289054ms,289054,244.845,0.195817
289102ms,289102,244.966,0.195968
289134ms,289134,245.409,0.195826
289166ms,289166,245.714,0.196050
289198ms,289198,246.056,0.196131
289230ms,289230,246.364,0.196492
289262ms,289262,246.796,0.196804
289294ms,289294,247.410,0.197465
289326ms,289326,247.865,0.197693
289358ms,289358,248.199,0.198251
289390ms,289390,248.709,0.198662
289422ms,289422,249.323,0.199171
289470ms,289470,249.870,0.199539
289502ms,289502,250.350,0.200024
289534ms,289534,250.723,0.200467
289566ms,289566,250.500,0.200402
289598ms,289598,250.487,0.200383
289630ms,289630,250.506,0.200206
289662ms,289662,250.458,0.200182
289694ms,289694,250.508,0.200107
289726ms,289726,250.474,0.200167
289758ms,289758,250.513,0.200047
289790ms,289790,250.423,0.200248
289822ms,289822,250.508,0.200165
289870ms,289870,250.463,0.200163
289902ms,289902,250.482,0.200409
289934ms,289934,250.517,0.200569
289966ms,289966,250.662,0.200334
289998ms,289998,249.758,0.200005
290030ms,290030,249.026,0.199444
290062ms,290062,248.189,0.198525
290126ms,290126,246.350,0.197266
290158ms,290158,245.783,0.196879
290190ms,290190,245.183,0.196329
290238ms,290238,245.019,0.196643
290270ms,290270,244.445,0.196100
290302ms,290302,244.352,0.195568
290334ms,290334,244.344,0.195597
290366ms,290366,244.165,0.195374
290398ms,290398,244.371,0.195341
290430ms,290430,244.329,0.195243
290462ms,290462,244.526,0.195674
290494ms,290494,244.419,0.195303
290527ms,290527,244.527,0.195444
290558ms,290558,244.738,0.195574
290590ms,290590,244.972,0.195594
290638ms,290638,245.363,0.195937
290670ms,290670,245.663,0.196040
290702ms,290702,246.016,0.196089
290734ms,290734,246.406,0.196719
290766ms,290766,246.762,0.196891
290830ms,290830,247.860,0.198046
290862ms,290862,248.325,0.198259
290894ms,290894,248.818,0.198745
290926ms,290926,249.437,0.199165
290958ms,290958,249.909,0.199523
291006ms,291006,250.447,0.200207
291038ms,291038,250.692,0.200531
291070ms,291070,250.476,0.200302
291102ms,291102,250.505,0.200339
291134ms,291134,250.447,0.200258
291166ms,291166,250.423,0.200287
291198ms,291198,250.507,0.200472
291230ms,291230,250.468,0.200324
291262ms,291262,250.453,0.200121
291294ms,291294,250.456,0.200133
291326ms,291326,250.524,0.200324
291374ms,291374,250.498,0.200275
291406ms,291406,250.504,0.200410
291438ms,291438,250.593,0.200589
291470ms,291470,250.458,0.200381
291502ms,291502,249.686,0.200003
291534ms,291534,248.922,0.199086
291566ms,291566,248.030,0.198435
291598ms,291598,247.227,0.197634
291630ms,291630,246.369,0.197172
291662ms,291662,245.514,0.196464
291694ms,291694,245.218,0.196351
291742ms,291742,245.012,0.196280
291774ms,291774,244.507,0.195887
291806ms,291806,244.311,0.195318
291838ms,291838,244.310,0.195589
291870ms,291870,244.226,0.196023
291902ms,291902,244.367,0.195558
291934ms,291934,244.359,0.195202
291998ms,291998,244.394,0.195477
292030ms,292030,244.594,0.195319
292062ms,292062,244.818,0.195773
292094ms,292094,244.938,0.195775
292142ms,292142,245.425,0.195922
292174ms,292174,245.764,0.196043
292206ms,292206,246.173,0.196351
292238ms,292238,246.426,0.196563
292270ms,292270,246.964,0.197074
292302ms,292302,247.495,0.197420
292334ms,292334,247.894,0.197903
292366ms,292366,248.418,0.198294
292398ms,292398,248.914,0.198787
292430ms,292430,249.534,0.199173
292462ms,292462,249.987,0.199461
292510ms,292510,250.582,0.200053
292542ms,292542,250.622,0.200511
292574ms,292574,250.506,0.200324
292606ms,292606,250.541,0.200182
292638ms,292638,250.472,0.200254
292670ms,292670,250.431,0.200237
292702ms,292702,250.455,0.200145
292734ms,292734,250.425,0.200152
292766ms,292766,250.435,0.200224
292798ms,292798,250.481,0.200058
292830ms,292830,250.384,0.200010
292862ms,292862,250.473,0.200166
292910ms,292910,250.481,0.200084
292942ms,292942,250.710,0.200350
292974ms,292974,250.361,0.200231
293006ms,293006,249.472,0.199511
293038ms,293038,248.679,0.198800
293070ms,293070,247.746,0.198210
293102ms,293102,246.908,0.197620
293134ms,293134,246.148,0.197186
293166ms,293166,245.323,0.196381
293198ms,293198,245.181,0.196254
293230ms,293230,244.986,0.196328
293310ms,293310,244.413,0.195574
293342ms,293342,244.251,0.195611
293374ms,293374,244.263,0.195484
293406ms,293406,244.368,0.195468
293438ms,293438,244.276,0.195500
293470ms,293470,244.461,0.195347
293502ms,293502,244.623,0.195620
293534ms,293534,244.677,0.195442
293566ms,293566,244.956,0.195515
293598ms,293598,245.226,0.195398
293646ms,293646,245.518,0.196172
293678ms,293678,245.911,0.196230
293710ms,293710,246.223,0.196870
293742ms,293742,246.661,0.196778
293774ms,293774,247.127,0.197227
293806ms,293806,247.593,0.197563
293838ms,293838,248.027,0.197916
293870ms,293870,248.547,0.198363
293934ms,293934,249.708,0.199670
293966ms,293966,250.217,0.199971
294014ms,294014,250.675,0.200385
294046ms,294046,250.484,0.200416
294078ms,294078,250.425,0.200265
294110ms,294110,250.449,0.200481
294142ms,294142,250.448,0.200333
294174ms,294174,250.452,0.200221
294206ms,294206,250.394,0.200279
294238ms,294238,250.385,0.200177
294270ms,294270,250.409,0.200248
294302ms,294302,250.397,0.200246
294334ms,294334,250.405,0.200208
294366ms,294366,250.506,0.200261
294414ms,294414,250.376,0.200277
294446ms,294446,250.668,0.200278
294478ms,294478,249.904,0.200034
294510ms,294510,249.071,0.199450
294542ms,294542,248.221,0.198814
294574ms,294574,247.263,0.197832
294606ms,294606,246.372,0.197309
294638ms,294638,245.633,0.196643
294670ms,294670,245.178,0.196174
294702ms,294702,245.077,0.196141
294734ms,294734,244.586,0.195953
294782ms,294782,244.337,0.195559
294814ms,294814,244.317,0.195261
294846ms,294846,244.238,0.195416
294878ms,294878,244.267,0.195292
294910ms,294910,244.359,0.195333
294942ms,294942,244.439,0.195696
294974ms,294974,244.391,0.195089
295006ms,295006,244.567,0.195522
295038ms,295038,244.863,0.195731
295070ms,295070,245.038,0.195595
295102ms,295102,245.378,0.196191
295182ms,295182,245.972,0.196282
295214ms,295214,246.364,0.196463
295246ms,295246,246.840,0.197018
295278ms,295278,247.294,0.197347
295310ms,295310,247.794,0.197801
295342ms,295342,248.218,0.198198
295374ms,295374,248.731,0.198762
295406ms,295406,249.296,0.199032
295438ms,295438,249.844,0.199501
295470ms,295470,250.324,0.200010
295502ms,295502,250.746,0.200587
295550ms,295550,250.472,0.200497
295582ms,295582,250.412,0.200400
295614ms,295614,250.411,0.200009
295646ms,295646,250.446,0.200071
295678ms,295678,250.455,0.200218
295742ms,295742,250.436,0.200164
295774ms,295774,250.508,0.200146
295806ms,295806,250.559,0.200364
295838ms,295838,250.551,0.200262
295870ms,295870,250.537,0.200245
295918ms,295918,250.690,0.200473
295950ms,295950,250.470,0.200348
295982ms,295982,249.549,0.199986
296014ms,296014,248.711,0.198896
296046ms,296046,247.935,0.198291
296078ms,296078,247.069,0.198086
296110ms,296110,246.261,0.196775
296174ms,296174,245.179,0.196254
296206ms,296206,244.939,0.196347
296238ms,296238,244.498,0.195573
296270ms,296270,244.355,0.195795
296318ms,296318,244.260,0.195790
296350ms,296350,244.244,0.195639
296382ms,296382,244.361,0.195518
296414ms,296414,244.345,0.195422
296446ms,296446,244.335,0.195317
296478ms,296478,244.453,0.195205
296510ms,296510,244.656,0.195466
296542ms,296542,244.955,0.195623
296574ms,296574,245.088,0.195687
296606ms,296606,245.422,0.195989
296638ms,296638,245.825,0.196125
296686ms,296686,246.196,0.196470
296718ms,296718,246.556,0.196516
296750ms,296750,247.059,0.196928
296782ms,296782,247.391,0.197434
296814ms,296814,248.048,0.197906
296846ms,296846,248.462,0.198463
296878ms,296878,249.023,0.198661
296910ms,296910,249.515,0.199341
296942ms,296942,249.987,0.199692
296974ms,296974,250.556,0.200208
297038ms,297038,250.449,0.200318
297086ms,297086,250.483,0.200137
297118ms,297118,250.452,0.200176
297150ms,297150,250.500,0.200268
297182ms,297182,250.452,0.200458
297214ms,297214,250.434,0.200183
297246ms,297246,250.422,0.200163
297278ms,297278,250.385,0.200279
297310ms,297310,250.465,0.200163
297342ms,297342,250.495,0.200189
297374ms,297374,250.523,0.200261
297406ms,297406,250.708,0.200110
297454ms,297454,250.037,0.200213
297486ms,297486,249.210,0.199316
297518ms,297518,248.440,0.198775
297550ms,297550,247.575,0.198202
297614ms,297614,245.935,0.196806
297646ms,297646,245.297,0.196091
297678ms,297678,245.065,0.196254
297710ms,297710,244.501,0.195862
297742ms,297742,244.322,0.195882
297774ms,297774,244.387,0.195842
297822ms,297822,244.295,0.195377
297854ms,297854,244.284,0.195567
297886ms,297886,244.370,0.195561
297918ms,297918,244.384,0.195755
297950ms,297950,244.321,0.195227
297982ms,297982,244.451,0.195643
298014ms,298014,244.667,0.195490
298046ms,298046,244.880,0.195648
298078ms,298078,245.256,0.195879
298110ms,298110,245.669,0.196066
298142ms,298142,246.001,0.196342
298190ms,298190,246.454,0.196659
298222ms,298222,246.855,0.196737
298254ms,298254,247.240,0.197516
298286ms,298286,247.640,0.197524
298318ms,298318,248.170,0.198055
298350ms,298350,248.677,0.198566
298382ms,298382,249.186,0.199030
298414ms,298414,249.742,0.199592
298446ms,298446,250.221,0.199912
298478ms,298478,250.724,0.200396
298510ms,298510,250.435,0.200412
298542ms,298542,250.485,0.200259
298590ms,298590,250.496,0.200297
298622ms,298622,250.448,0.200323
298654ms,298654,250.466,0.200374
298686ms,298686,250.464,0.200341
298718ms,298718,250.511,0.200156
298750ms,298750,250.484,0.200280
298782ms,298782,250.528,0.200293
298814ms,298814,250.476,0.200307
298846ms,298846,250.441,0.200401
298878ms,298878,250.576,0.200506
298910ms,298910,250.586,0.200278
298958ms,298958,249.745,0.199847
298990ms,298990,249.043,0.199261
299022ms,299022,248.221,0.198666
299054ms,299054,247.403,0.197940
299086ms,299086,246.456,0.197154
299118ms,299118,245.623,0.196695
299150ms,299150,245.196,0.196262
299182ms,299182,245.005,0.196289
299214ms,299214,244.583,0.195908
299246ms,299246,244.240,0.195812
299278ms,299278,244.387,0.195622
299310ms,299310,244.291,0.195393
299390ms,299390,244.331,0.195242
299422ms,299422,244.422,0.195536
299454ms,299454,244.422,0.195148
299486ms,299486,244.500,0.195227
299518ms,299518,244.678,0.195597
299550ms,299550,244.992,0.195317
299582ms,299582,245.437,0.195939
299614ms,299614,245.718,0.195889
299646ms,299646,245.978,0.196633
299678ms,299678,246.283,0.196747
299726ms,299726,246.760,0.196952
299758ms,299758,247.273,0.197482
299790ms,299790,247.684,0.197711
299822ms,299822,248.206,0.198244
299854ms,299854,248.705,0.198687
299886ms,299886,249.361,0.199050
299950ms,299950,250.369,0.199994
299982ms,299982,250.686,0.200553
300014ms,300014,250.476,0.200376
300046ms,300046,250.437,0.200221
300078ms,300078,250.440,0.200176
300126ms,300126,250.479,0.200235
300158ms,300158,250.415,0.200114
300190ms,300190,250.467,0.200212
300222ms,300222,250.393,0.200161
300254ms,300254,250.495,0.200133
300286ms,300286,250.443,0.200126
300318ms,300318,250.481,0.200383
300350ms,300350,250.548,0.200343
300382ms,300382,250.626,0.200311
300414ms,300414,250.405,0.200390
300462ms,300462,249.533,0.200024
300494ms,300494,248.752,0.199216
300526ms,300526,248.030,0.198377
300558ms,300558,247.128,0.197824
300590ms,300590,246.261,0.196823
300622ms,300622,245.485,0.196611
300654ms,300654,245.162,0.196222
300686ms,300686,244.943,0.196042
300718ms,300718,244.488,0.195627
300750ms,300750,244.306,0.195495
300782ms,300782,244.098,0.195693
300814ms,300814,244.248,0.195742
300862ms,300862,244.322,0.195299
300894ms,300894,244.358,0.195105
300926ms,300926,244.361,0.195382
300958ms,300958,244.450,0.195586
300990ms,300990,244.550,0.195720
301022ms,301022,244.835,0.195705
301054ms,301054,244.978,0.195784
301118ms,301118,245.912,0.195950
301150ms,301150,246.140,0.196356
301182ms,301182,246.462,0.196427
301230ms,301230,246.932,0.197008
301262ms,301262,247.333,0.197505
301294ms,301294,247.880,0.198013
301326ms,301326,248.312,0.198443
301358ms,301358,248.872,0.198785
301390ms,301390,249.458,0.199293
301422ms,301422,250.040,0.199463
301454ms,301454,250.576,0.200022
301486ms,301486,250.615,0.200514
301518ms,301518,250.493,0.200425
301550ms,301550,250.450,0.200178
301598ms,301598,250.476,0.200023
301630ms,301630,250.438,0.199971
301662ms,301662,250.459,0.200036
301694ms,301694,250.434,0.199979
301726ms,301726,250.443,0.200008
301758ms,301758,250.443,0.200118
301790ms,301790,250.502,0.200346
301822ms,301822,250.590,0.200341
301854ms,301854,250.513,0.200232
301886ms,301886,250.664,0.200390
301918ms,301918,250.104,0.200384
301950ms,301950,249.239,0.199402
301998ms,301998,248.410,0.198906
302030ms,302030,247.586,0.198240
302062ms,302062,246.626,0.197598
302094ms,302094,245.986,0.196693
302126ms,302126,245.324,0.196250
302158ms,302158,245.146,0.196174
302190ms,302190,244.637,0.196244
302222ms,302222,244.321,0.195610
302254ms,302254,244.247,0.195935
302286ms,302286,244.253,0.195493
302318ms,302318,244.329,0.195685
302366ms,302366,244.461,0.195680
302398ms,302398,244.427,0.195376
302430ms,302430,244.517,0.195320
302462ms,302462,244.476,0.195384
302494ms,302494,244.670,0.195532
302526ms,302526,244.796,0.195615
302558ms,302558,245.255,0.195817
302590ms,302590,245.703,0.195941
302622ms,302622,245.952,0.196401
302654ms,302654,246.272,0.196788
302718ms,302718,247.206,0.197313
302798ms,302798,248.033,0.198274
302830ms,302830,248.597,0.198353
302862ms,302862,249.116,0.199031
302894ms,302894,249.698,0.199417
302926ms,302926,250.200,0.199775
302958ms,302958,250.734,0.200380
302990ms,302990,250.509,0.200485
303022ms,303022,250.348,0.200284
303054ms,303054,250.412,0.200160
303086ms,303086,250.466,0.200111
303134ms,303134,250.371,0.200066
303166ms,303166,250.489,0.200190
303198ms,303198,250.423,0.200101
303230ms,303230,250.478,0.200313
303262ms,303262,250.473,0.200260
303294ms,303294,250.418,0.200184
303326ms,303326,250.535,0.200098
303358ms,303358,250.554,0.200376
303390ms,303390,250.539,0.200375
303422ms,303422,249.586,0.200000
303454ms,303454,248.864,0.199264
303502ms,303502,248.048,0.198566
303534ms,303534,247.250,0.197773
303566ms,303566,246.371,0.197166
303598ms,303598,245.497,0.196739
303630ms,303630,245.066,0.195923
303662ms,303662,244.835,0.196333
303726ms,303726,244.453,0.195930
303758ms,303758,244.380,0.195563
303790ms,303790,244.248,0.195772
303822ms,303822,244.316,0.195505
303870ms,303870,244.354,0.195512
303902ms,303902,244.304,0.195164
303934ms,303934,244.400,0.195266
303966ms,303966,244.608,0.195392
303998ms,303998,244.946,0.195839
304030ms,304030,245.204,0.195728
304062ms,304062,245.464,0.195903
304094ms,304094,245.863,0.196192
304126ms,304126,246.109,0.196484
304158ms,304158,246.541,0.196667
304190ms,304190,247.039,0.197270
304222ms,304222,247.558,0.197455
304270ms,304270,247.970,0.197867
304302ms,304302,248.445,0.198339
304334ms,304334,248.964,0.198802
304366ms,304366,249.597,0.199311
304398ms,304398,250.018,0.199720
304430ms,304430,250.545,0.200458
304462ms,304462,250.629,0.200602
304494ms,304494,250.450,0.200384
304526ms,304526,250.405,0.200110
304558ms,304558,250.456,0.200277
304590ms,304590,250.449,0.200367
304622ms,304622,250.489,0.200323
304670ms,304670,250.469,0.200253
304702ms,304702,250.420,0.200088
304734ms,304734,250.433,0.200226
304766ms,304766,250.514,0.200268
304798ms,304798,250.536,0.200271
304862ms,304862,250.672,0.200378
304894ms,304894,249.921,0.200299
304926ms,304926,249.238,0.199384
304958ms,304958,248.443,0.198831
304990ms,304990,247.582,0.197915
305038ms,305038,246.635,0.197427
305070ms,305070,245.901,0.196661
305102ms,305102,245.309,0.196664
305134ms,305134,245.156,0.196113
305166ms,305166,244.567,0.196192
305198ms,305198,244.356,0.195706
305230ms,305230,244.369,0.195521
305262ms,305262,244.211,0.195506
305294ms,305294,244.314,0.195435
305326ms,305326,244.373,0.195721
305358ms,305358,244.459,0.195378
305406ms,305406,244.471,0.195149
305438ms,305438,244.275,0.195384
305470ms,305470,244.716,0.195669
305502ms,305502,244.982,0.195426
305534ms,305534,245.289,0.195795
305566ms,305566,245.658,0.196089
305598ms,305598,245.984,0.196416
305630ms,305630,246.344,0.196326
305662ms,305662,246.752,0.196897
305694ms,305694,247.157,0.197494
305726ms,305726,247.640,0.197607
305774ms,305774,248.127,0.198171
305806ms,305806,248.724,0.198574
305838ms,305838,249.259,0.198903
305870ms,305870,249.834,0.199573
305902ms,305902,250.322,0.200047
305934ms,305934,250.749,0.200359
305966ms,305966,250.508,0.200468
305998ms,305998,250.531,0.200314
306030ms,306030,250.475,0.200124
306062ms,306062,250.434,0.200134
306094ms,306094,250.446,0.200047
306126ms,306126,250.530,0.200234
306174ms,306174,250.455,0.200171
306206ms,306206,250.476,0.200152
306238ms,306238,250.466,0.200223
306302ms,306302,250.493,0.200425
306334ms,306334,250.628,0.200442
306366ms,306366,250.494,0.200308
306398ms,306398,249.573,0.199937
306430ms,306430,248.766,0.199162
306462ms,306462,247.967,0.198522
306494ms,306494,247.111,0.198027
306542ms,306542,246.337,0.196944
306574ms,306574,245.555,0.196671
306606ms,306606,245.131,0.196015
306638ms,306638,245.025,0.196275
306670ms,306670,244.409,0.195378
306702ms,306702,244.291,0.195414
306734ms,306734,244.165,0.195786
306766ms,306766,244.201,0.195314
306798ms,306798,244.400,0.195224
306830ms,306830,244.361,0.195416
306862ms,306862,244.263,0.195480
306910ms,306910,244.361,0.195524
306942ms,306942,244.540,0.195549
306974ms,306974,244.892,0.195479
307006ms,307006,245.093,0.195789
307038ms,307038,245.457,0.195972
307070ms,307070,245.896,0.196122
307102ms,307102,246.192,0.196384
307134ms,307134,246.611,0.196797
307166ms,307166,247.037,0.197241
307198ms,307198,247.444,0.197369
307230ms,307230,247.954,0.197808
307262ms,307262,248.406,0.198267
307310ms,307310,248.864,0.198787
307342ms,307342,249.525,0.199151
307374ms,307374,250.060,0.199567
307406ms,307406,250.567,0.200047
307438ms,307438,250.679,0.200344
307470ms,307470,250.409,0.200406
307502ms,307502,250.462,0.200274
307534ms,307534,250.435,0.200171
307566ms,307566,250.466,0.200237
307630ms,307630,250.450,0.200316
307678ms,307678,250.492,0.200319
307710ms,307710,250.491,0.200201
307742ms,307742,250.424,0.200342
307774ms,307774,250.458,0.200175
307806ms,307806,250.481,0.200261
307838ms,307838,250.615,0.200379
307870ms,307870,250.436,0.200340
307902ms,307902,249.501,0.199816
307934ms,307934,248.666,0.199185
307966ms,307966,247.826,0.198384
307998ms,307998,247.009,0.197577
308046ms,308046,246.254,0.196866
308078ms,308078,245.568,0.196590
308110ms,308110,244.961,0.196068
308142ms,308142,245.055,0.196427
308174ms,308174,244.370,0.195262
308206ms,308206,244.321,0.195600
308238ms,308238,244.317,0.195329
308270ms,308270,244.223,0.195310
308302ms,308302,244.397,0.195466
308334ms,308334,244.363,0.195243
308366ms,308366,244.421,0.195374
308398ms,308398,244.391,0.195091
308446ms,308446,244.551,0.195485
308478ms,308478,244.771,0.195611
308510ms,308510,245.036,0.195595
308542ms,308542,245.389,0.195966
308574ms,308574,245.724,0.195956
308606ms,308606,246.110,0.196363
308638ms,308638,246.384,0.196491
308670ms,308670,246.837,0.197014
308702ms,308702,247.452,0.197419
308734ms,308734,247.865,0.197612
308814ms,308814,248.839,0.198836
308846ms,308846,249.517,0.199311
308910ms,308910,250.514,0.200317
308942ms,308942,250.671,0.200414
308974ms,308974,250.422,0.200300
309006ms,309006,250.465,0.200163
309038ms,309038,250.408,0.200303
309070ms,309070,250.434,0.200213
309102ms,309102,250.447,0.200145
309134ms,309134,250.532,0.200303
309182ms,309182,250.426,0.200356
309214ms,309214,250.471,0.200257
309246ms,309246,250.509,0.200311
309278ms,309278,250.461,0.200454
309310ms,309310,250.522,0.200388
309342ms,309342,250.549,0.200456
309374ms,309374,250.445,0.200318
309406ms,309406,249.452,0.199860
309438ms,309438,248.571,0.198966
309470ms,309470,247.806,0.198597
309502ms,309502,246.870,0.197679
309534ms,309534,246.106,0.196744
309582ms,309582,245.523,0.196583
309614ms,309614,245.110,0.195854
309646ms,309646,244.901,0.196485
309678ms,309678,244.421,0.195260
309710ms,309710,244.388,0.195828
309742ms,309742,244.114,0.195782
309774ms,309774,244.159,0.195581
309806ms,309806,244.409,0.195175
309838ms,309838,244.299,0.195262
309870ms,309870,244.428,0.195311
309902ms,309902,244.451,0.195357
309950ms,309950,244.620,0.195638
310014ms,310014,244.960,0.195677
310046ms,310046,245.403,0.195802
310078ms,310078,245.860,0.196019
310110ms,310110,246.158,0.196443
310142ms,310142,246.511,0.196850
310174ms,310174,247.046,0.197043
310206ms,310206,247.464,0.197531
310238ms,310238,247.927,0.197898
310270ms,310270,248.448,0.198269
310318ms,310318,248.894,0.198937
310350ms,310350,249.567,0.199222
310382ms,310382,250.025,0.199629
310414ms,310414,250.547,0.200235
310446ms,310446,250.578,0.200295
310478ms,310478,250.462,0.200239
310510ms,310510,250.475,0.200299
310542ms,310542,250.399,0.200318
310574ms,310574,250.462,0.200362
310606ms,310606,250.460,0.200387
310638ms,310638,250.472,0.200015
310670ms,310670,250.411,0.200227
310718ms,310718,250.458,0.200147
310750ms,310750,250.464,0.200334
310782ms,310782,250.530,0.200258
310814ms,310814,250.497,0.200200
310846ms,310846,250.661,0.200388
310878ms,310878,250.233,0.200487
310910ms,310910,249.340,0.199672
310942ms,310942,248.549,0.198796
310974ms,310974,247.716,0.198102
311006ms,311006,246.773,0.197472
311038ms,311038,246.045,0.196663
311086ms,311086,245.183,0.196419
311118ms,311118,245.178,0.195996
311150ms,311150,244.743,0.196126
311182ms,311182,244.300,0.195438
311214ms,311214,244.128,0.195805
311246ms,311246,244.351,0.195561
311310ms,311310,244.407,0.195944
311342ms,311342,244.372,0.195484
311374ms,311374,244.406,0.195512
311406ms,311406,244.486,0.195585
311438ms,311438,244.713,0.195798
311486ms,311486,244.976,0.195707
311518ms,311518,245.251,0.195989
311550ms,311550,245.757,0.196092
311582ms,311582,245.955,0.196262
311614ms,311614,246.315,0.196578
311646ms,311646,246.711,0.196890
311678ms,311678,247.256,0.197342
311710ms,311710,247.676,0.197697
311742ms,311742,248.220,0.198091
311774ms,311774,248.683,0.198745
311806ms,311806,249.286,0.199002
311854ms,311854,249.839,0.199591
311886ms,311886,250.313,0.199918
311918ms,311918,250.730,0.200438
311950ms,311950,250.435,0.200322
312014ms,312014,250.368,0.200284
312046ms,312046,250.436,0.200495
312078ms,312078,250.444,0.200439
312110ms,312110,250.457,0.200300
312142ms,312142,250.442,0.200072
312174ms,312174,250.395,0.200127
312222ms,312222,250.383,0.200241
312254ms,312254,250.484,0.200179
312286ms,312286,250.481,0.200469
312318ms,312318,250.584,0.200388
312350ms,312350,250.430,0.200270
312382ms,312382,249.576,0.199719
312414ms,312414,248.660,0.199008
312446ms,312446,247.923,0.198320
312478ms,312478,247.004,0.197630
312510ms,312510,246.193,0.196735
312542ms,312542,245.549,0.196615
312590ms,312590,245.218,0.196250
312622ms,312622,244.774,0.196296
312654ms,312654,244.428,0.195749
312686ms,312686,244.392,0.195455
312718ms,312718,244.165,0.195765
312750ms,312750,244.237,0.195899
312782ms,312782,244.237,0.195229
312814ms,312814,244.429,0.195706
312846ms,312846,244.327,0.195217
312878ms,312878,244.415,0.195318
312910ms,312910,244.608,0.195690
312942ms,312942,244.980,0.195725
312990ms,312990,245.230,0.195571
313022ms,313022,245.480,0.195859
313054ms,313054,245.892,0.196247
313086ms,313086,246.136,0.196634
313118ms,313118,246.521,0.196469
313182ms,313182,247.451,0.197578
313214ms,313214,247.957,0.197795
313246ms,313246,248.476,0.198256
313278ms,313278,248.970,0.198883
313310ms,313310,249.570,0.199432
313358ms,313358,250.075,0.199856
313390ms,313390,250.618,0.200373
313422ms,313422,250.537,0.200622
313486ms,313486,250.426,0.200043
313518ms,313518,250.486,0.199988
313550ms,313550,250.404,0.200027
313582ms,313582,250.426,0.200223
313614ms,313614,250.451,0.200217
313646ms,313646,250.465,0.200050
313678ms,313678,250.428,0.199979
313726ms,313726,250.559,0.200073
313758ms,313758,250.579,0.200084
313790ms,313790,250.552,0.200363
313822ms,313822,250.688,0.200787
313854ms,313854,250.106,0.200138
313886ms,313886,249.144,0.199433
313918ms,313918,248.269,0.199215
313950ms,313950,247.587,0.197951
313982ms,313982,246.669,0.197380
314014ms,314014,245.963,0.197143
314046ms,314046,245.263,0.196580
314078ms,314078,245.077,0.196064
314126ms,314126,244.710,0.196234
314158ms,314158,244.378,0.195875
314190ms,314190,244.397,0.195816
314222ms,314222,244.261,0.195490
314254ms,314254,244.182,0.195621
314286ms,314286,244.345,0.195217
314318ms,314318,244.353,0.195797
314350ms,314350,244.582,0.195734
314382ms,314382,244.598,0.195215
314414ms,314414,244.768,0.196744
314446ms,314446,245.022,0.195449
314494ms,314494,245.384,0.195985
314526ms,314526,245.571,0.196618
314590ms,314590,246.381,0.196939
314622ms,314622,246.749,0.196999
314654ms,314654,247.213,0.197732
314686ms,314686,247.881,0.197929
314718ms,314718,248.363,0.198256
314750ms,314750,248.680,0.198864
314782ms,314782,249.274,0.199508
314814ms,314814,250.148,0.200214
314846ms,314846,250.429,0.200031
314894ms,314894,250.780,0.200503
314926ms,314926,250.267,0.200676
314958ms,314958,250.448,0.200276
314990ms,314990,250.476,0.200122
315022ms,315022,250.452,0.200133
315054ms,315054,250.479,0.200263
315086ms,315086,250.551,0.200017
315118ms,315118,250.389,0.200064
315150ms,315150,250.413,0.200464
315182ms,315182,250.364,0.200121
315214ms,315214,250.486,0.200070
315262ms,315262,250.440,0.200205
315294ms,315294,250.714,0.200499
315326ms,315326,250.458,0.200414
315358ms,315358,249.539,0.199800
315390ms,315390,248.425,0.199963
315422ms,315422,247.807,0.198157
315454ms,315454,247.063,0.197409
315486ms,315486,246.085,0.197872
315518ms,315518,245.421,0.196425
315550ms,315550,245.171,0.195638
315582ms,315582,244.925,0.196831
315630ms,315630,244.387,0.195879
315662ms,315662,244.273,0.195320
315694ms,315694,244.388,0.195544
