timestamp_ms,elapsed_ms,pix_dist,m_dist
0ms,0,227.468,0.196775
63ms,63,227.858,0.198596
96ms,96,228.584,0.200915
128ms,128,229.312,0.200431
175ms,175,229.772,0.200183
207ms,207,230.126,0.201666
239ms,239,230.465,0.201397
271ms,271,230.565,0.201312
304ms,304,230.465,0.201389
367ms,367,230.553,0.201486
399ms,399,230.516,0.201075
431ms,431,230.575,0.201256
463ms,463,230.492,0.201147
496ms,496,230.305,0.201120
543ms,543,230.112,0.202508
575ms,575,229.849,0.199951
607ms,607,229.977,0.200206
639ms,639,229.459,0.200755
672ms,672,229.298,0.199220
703ms,703,229.101,0.200343
736ms,736,229.143,0.199257
768ms,768,229.057,0.199753
799ms,799,228.957,0.200339
831ms,831,228.921,0.198360
864ms,864,228.840,0.197858
911ms,911,228.745,0.197181
943ms,943,228.844,0.198224
975ms,975,228.729,0.198526
1007ms,1007,228.859,0.198421
1039ms,1039,228.441,0.200795
1071ms,1071,228.419,0.198605
1103ms,1103,228.176,0.199159
1135ms,1135,228.321,0.200364
1167ms,1167,228.283,0.200517
1199ms,1199,227.952,0.200660
1232ms,1232,227.823,0.197921
1264ms,1264,227.722,0.199098
1311ms,1311,227.848,0.199707
1343ms,1343,227.536,0.198005
1375ms,1375,227.345,0.198362
1408ms,1408,227.574,0.196958
1440ms,1440,227.355,0.197468
1471ms,1471,227.563,0.199087
1503ms,1503,227.633,0.199516
1536ms,1536,228.218,0.200025
1567ms,1567,229.079,0.200709
1599ms,1599,229.592,0.200510
1632ms,1632,229.918,0.201165
1711ms,1711,230.559,0.201885
1743ms,1743,230.563,0.201480
1775ms,1775,230.517,0.201691
1807ms,1807,230.523,0.202072
1839ms,1839,230.564,0.201679
1871ms,1871,230.542,0.201936
1904ms,1904,230.492,0.201537
1935ms,1935,230.400,0.201592
1967ms,1967,230.325,0.201779
1999ms,1999,229.842,0.202165
2031ms,2031,229.833,0.199519
2079ms,2079,229.959,0.199860
2111ms,2111,229.378,0.202000
2143ms,2143,229.298,0.199641
2175ms,2175,229.013,0.200016
2207ms,2207,229.095,0.199996
2239ms,2239,229.210,0.200052
2271ms,2271,228.935,0.200745
2303ms,2303,228.946,0.198647
2335ms,2335,228.781,0.197895
2367ms,2367,228.758,0.198849
2399ms,2399,228.799,0.198103
2447ms,2447,228.835,0.198057
2479ms,2479,228.919,0.198219
2511ms,2511,228.485,0.200242
2543ms,2543,228.384,0.199266
2575ms,2575,228.422,0.199376
2639ms,2639,228.010,0.198708
2703ms,2703,227.944,0.199351
2815ms,2815,227.717,0.198666
2847ms,2847,227.426,0.196847
2879ms,2879,227.630,0.197530
2911ms,2911,227.534,0.197223
2943ms,2943,227.610,0.198482
2975ms,2975,227.635,0.199830
3007ms,3007,227.818,0.199735
3039ms,3039,228.764,0.199117
3071ms,3071,229.334,0.200934
3103ms,3103,229.731,0.200532
3135ms,3135,230.156,0.202256
3183ms,3183,230.587,0.201811
3215ms,3215,230.633,0.201570
3247ms,3247,230.613,0.201402
3279ms,3279,230.602,0.201506
3311ms,3311,230.620,0.201045
3343ms,3343,230.636,0.201540
3375ms,3375,230.617,0.201484
3407ms,3407,230.583,0.201267
3439ms,3439,230.495,0.201362
3471ms,3471,230.249,0.203141
3503ms,3503,229.781,0.200406
3535ms,3535,229.910,0.199659
3583ms,3583,229.514,0.198845
3615ms,3615,229.597,0.200971
3647ms,3647,229.283,0.201727
3679ms,3679,229.353,0.201568
3711ms,3711,228.966,0.199612
3743ms,3743,228.744,0.199657
3775ms,3775,228.734,0.198149
3807ms,3807,228.671,0.198177
3839ms,3839,228.947,0.199082
3871ms,3871,228.769,0.198251
3903ms,3903,228.848,0.197785
3951ms,3951,228.979,0.198963
3983ms,3983,228.641,0.198055
4015ms,4015,228.664,0.200073
4047ms,4047,228.384,0.201803
4079ms,4079,228.192,0.198965
4111ms,4111,228.255,0.200137
4143ms,4143,228.157,0.200295
4175ms,4175,228.064,0.200676
4239ms,4239,227.610,0.199329
4271ms,4271,227.883,0.199418
4303ms,4303,227.658,0.197551
4351ms,4351,227.524,0.198434
4383ms,4383,227.504,0.197718
4415ms,4415,227.407,0.198351
4447ms,4447,227.473,0.199389
4479ms,4479,227.559,0.201608
4511ms,4511,228.442,0.199859
4543ms,4543,229.118,0.200268
4575ms,4575,229.439,0.200809
4607ms,4607,230.018,0.201542
4639ms,4639,230.219,0.203152
4671ms,4671,230.502,0.201533
4719ms,4719,230.503,0.201499
4751ms,4751,230.482,0.201515
4783ms,4783,230.521,0.201853
4815ms,4815,230.510,0.201803
4847ms,4847,230.533,0.201559
4879ms,4879,230.566,0.202115
4911ms,4911,230.442,0.201880
4943ms,4943,230.282,0.203014
4975ms,4975,229.926,0.203284
5007ms,5007,229.785,0.200221
5039ms,5039,230.000,0.199796
5071ms,5071,229.410,0.200551
5119ms,5119,229.253,0.199682
5151ms,5151,229.063,0.200266
5183ms,5183,229.159,0.199602
5215ms,5215,229.099,0.199419
5247ms,5247,228.954,0.200193
5279ms,5279,228.832,0.198744
5343ms,5343,229.014,0.199628
5375ms,5375,228.818,0.198439
5407ms,5407,228.776,0.199564
5439ms,5439,228.859,0.198410
5487ms,5487,228.722,0.200727
5519ms,5519,228.434,0.198471
5551ms,5551,228.340,0.200420
5583ms,5583,228.391,0.200515
5615ms,5615,228.098,0.198924
5647ms,5647,228.032,0.198731
5679ms,5679,227.897,0.200182
5711ms,5711,228.003,0.200720
5743ms,5743,227.565,0.198450
5775ms,5775,227.683,0.199096
5807ms,5807,227.616,0.198750
5855ms,5855,227.691,0.197953
5887ms,5887,227.443,0.197899
5919ms,5919,227.432,0.199707
5951ms,5951,227.462,0.201652
5983ms,5983,227.810,0.200538
6015ms,6015,228.686,0.199622
6047ms,6047,229.354,0.201322
6079ms,6079,229.836,0.201177
6111ms,6111,230.279,0.201491
6143ms,6143,230.540,0.201449
6175ms,6175,230.550,0.202020
6255ms,6255,230.460,0.202133
6287ms,6287,230.517,0.202004
6319ms,6319,230.601,0.202198
6351ms,6351,230.545,0.201725
6383ms,6383,230.549,0.201396
6447ms,6447,230.443,0.202944
6479ms,6479,229.782,0.200903
6511ms,6511,229.993,0.200618
6543ms,6543,229.719,0.200121
6575ms,6575,229.571,0.201902
6623ms,6623,229.311,0.201996
6655ms,6655,229.266,0.202011
6687ms,6687,229.271,0.200426
6719ms,6719,228.807,0.200499
6751ms,6751,228.649,0.198324
6783ms,6783,228.775,0.199883
6815ms,6815,228.928,0.198700
6847ms,6847,228.785,0.197815
6879ms,6879,228.787,0.198114
6911ms,6911,229.023,0.199445
6943ms,6943,228.844,0.197911
6991ms,6991,228.780,0.200171
7023ms,7023,228.216,0.200806
7087ms,7087,228.234,0.199992
7119ms,7119,228.273,0.200068
7151ms,7151,228.101,0.200919
7183ms,7183,227.785,0.199312
7215ms,7215,227.662,0.199604
7247ms,7247,227.813,0.200070
7279ms,7279,227.686,0.198169
7311ms,7311,227.562,0.199137
7359ms,7359,227.723,0.198572
7391ms,7391,227.558,0.198374
7423ms,7423,227.535,0.201008
7455ms,7455,227.707,0.201079
7487ms,7487,228.268,0.200052
7519ms,7519,229.083,0.200153
7551ms,7551,229.664,0.201124
7583ms,7583,230.072,0.200335
7615ms,7615,230.254,0.203181
7647ms,7647,230.516,0.200960
7679ms,7679,230.489,0.200631
7711ms,7711,230.453,0.201173
7759ms,7759,230.553,0.201290
7791ms,7791,230.515,0.201650
7823ms,7823,230.465,0.202438
7855ms,7855,230.520,0.201575
7887ms,7887,230.505,0.201645
7919ms,7919,230.429,0.203269
7951ms,7951,230.125,0.204281
7983ms,7983,229.877,0.200193
8015ms,8015,230.032,0.200566
8047ms,8047,229.580,0.200446
8079ms,8079,229.343,0.200854
8127ms,8127,229.322,0.203313
8159ms,8159,229.058,0.199559
8191ms,8191,229.039,0.199202
8223ms,8223,228.830,0.200280
8287ms,8287,228.721,0.197863
8319ms,8319,228.883,0.200140
8351ms,8351,228.800,0.198504
8383ms,8383,228.795,0.198375
8415ms,8415,228.977,0.198894
8447ms,8447,228.629,0.198202
8495ms,8495,228.664,0.199166
8527ms,8527,228.359,0.200173
8559ms,8559,228.480,0.200799
8591ms,8591,228.114,0.198824
8623ms,8623,228.160,0.198989
8655ms,8655,227.973,0.200127
8687ms,8687,228.014,0.200764
8719ms,8719,227.612,0.198599
8751ms,8751,227.680,0.199707
8783ms,8783,227.604,0.197826
8815ms,8815,227.728,0.198141
8847ms,8847,227.661,0.198668
8895ms,8895,227.513,0.199978
8927ms,8927,227.572,0.200524
8959ms,8959,227.764,0.201079
8991ms,8991,228.675,0.199526
9023ms,9023,229.392,0.201293
9055ms,9055,229.802,0.200949
9087ms,9087,230.190,0.201647
9119ms,9119,230.525,0.201543
9151ms,9151,230.551,0.201172
9183ms,9183,230.585,0.200681
9215ms,9215,230.536,0.200698
9263ms,9263,230.424,0.201378
9295ms,9295,230.559,0.200521
9327ms,9327,230.568,0.200868
9359ms,9359,230.491,0.202097
9391ms,9391,230.447,0.202784
9455ms,9455,229.865,0.202107
9487ms,9487,230.015,0.200897
9519ms,9519,229.676,0.199219
9551ms,9551,229.533,0.201319
9583ms,9583,229.253,0.202574
9631ms,9631,229.282,0.202125
9663ms,9663,229.216,0.201079
9695ms,9695,228.731,0.199869
9727ms,9727,228.702,0.198711
9759ms,9759,228.668,0.198451
9791ms,9791,228.905,0.199177
9823ms,9823,228.757,0.197916
9855ms,9855,228.758,0.198378
9887ms,9887,228.985,0.199457
9919ms,9919,228.679,0.197735
9951ms,9951,228.636,0.199758
9999ms,9999,228.455,0.200872
10031ms,10031,228.208,0.200944
10063ms,10063,228.132,0.199066
10095ms,10095,228.279,0.199548
10127ms,10127,228.095,0.200758
10159ms,10159,228.055,0.201178
10191ms,10191,227.694,0.199013
10223ms,10223,227.720,0.199607
10255ms,10255,227.589,0.197505
10287ms,10287,227.684,0.199042
10319ms,10319,227.602,0.199004
10351ms,10351,227.421,0.199687
10399ms,10399,227.532,0.200555
10431ms,10431,227.705,0.201431
10463ms,10463,228.497,0.199812
10495ms,10495,229.297,0.200601
10527ms,10527,229.753,0.200630
10559ms,10559,230.088,0.200729
10591ms,10591,230.427,0.201573
10623ms,10623,230.539,0.200576
10655ms,10655,230.478,0.200685
10687ms,10687,230.455,0.201380
10719ms,10719,230.446,0.200924
10767ms,10767,230.452,0.200980
10831ms,10831,230.494,0.201356
10863ms,10863,230.481,0.201547
10895ms,10895,230.408,0.202010
10927ms,10927,229.965,0.204398
10959ms,10959,229.884,0.200569
10991ms,10991,230.174,0.201544
11023ms,11023,229.571,0.201577
11055ms,11055,229.414,0.199469
11087ms,11087,229.048,0.200929
11135ms,11135,229.258,0.200774
11167ms,11167,229.208,0.200192
11199ms,11199,228.848,0.200612
11231ms,11231,228.839,0.198525
11263ms,11263,228.872,0.198468
11295ms,11295,229.028,0.201057
11327ms,11327,228.834,0.198442
11359ms,11359,228.992,0.200040
11391ms,11391,228.776,0.198360
11423ms,11423,228.828,0.199282
11487ms,11487,228.201,0.199417
11567ms,11567,228.231,0.200658
11599ms,11599,228.032,0.200391
11663ms,11663,227.684,0.199633
11695ms,11695,227.853,0.200063
11727ms,11727,227.634,0.197385
11759ms,11759,227.557,0.200244
11791ms,11791,227.552,0.199286
11823ms,11823,227.387,0.199402
11855ms,11855,227.493,0.200375
11903ms,11903,227.561,0.201101
11935ms,11935,228.091,0.200596
11967ms,11967,229.040,0.199629
11999ms,11999,229.639,0.200145
12031ms,12031,229.923,0.199990
12063ms,12063,230.277,0.201670
12127ms,12127,230.391,0.200708
12159ms,12159,230.427,0.200643
12191ms,12191,230.366,0.200524
12223ms,12223,230.394,0.200828
12271ms,12271,230.329,0.200742
12303ms,12303,230.449,0.200851
12335ms,12335,230.459,0.201823
12367ms,12367,230.300,0.202810
12399ms,12399,230.042,0.205157
12431ms,12431,229.895,0.200183
12463ms,12463,229.978,0.200897
12495ms,12495,229.448,0.201803
12527ms,12527,229.147,0.199474
12559ms,12559,229.191,0.202834
12591ms,12591,229.188,0.199949
12639ms,12639,229.119,0.199447
12671ms,12671,228.842,0.200789
12703ms,12703,228.890,0.198898
12735ms,12735,228.740,0.198293
12767ms,12767,228.937,0.199602
12799ms,12799,228.866,0.198465
12831ms,12831,228.973,0.200364
12863ms,12863,228.857,0.198722
12895ms,12895,228.779,0.199128
12927ms,12927,228.522,0.198182
12959ms,12959,228.390,0.198691
12991ms,12991,228.422,0.200637
13039ms,13039,228.319,0.200923
13071ms,13071,227.926,0.199393
13103ms,13103,227.840,0.198840
13135ms,13135,227.788,0.199866
13167ms,13167,227.833,0.200289
13199ms,13199,227.688,0.197808
13231ms,13231,227.494,0.200008
13263ms,13263,227.564,0.199133
13295ms,13295,227.589,0.199169
13327ms,13327,227.458,0.200447
13359ms,13359,227.518,0.200333
13407ms,13407,227.972,0.200358
13439ms,13439,228.894,0.200287
13471ms,13471,229.526,0.200542
13503ms,13503,229.842,0.200122
13535ms,13535,230.147,0.201533
13567ms,13567,230.429,0.200235
13599ms,13599,230.484,0.200900
13631ms,13631,230.465,0.200652
13663ms,13663,230.431,0.200475
13695ms,13695,230.443,0.200192
13727ms,13727,230.482,0.199908
13759ms,13759,230.507,0.200629
13807ms,13807,230.510,0.201455
13839ms,13839,230.454,0.201818
13871ms,13871,230.340,0.201817
13935ms,13935,229.982,0.201022
13967ms,13967,229.641,0.199635
13999ms,13999,229.586,0.200982
14031ms,14031,229.433,0.201735
14063ms,14063,229.260,0.201558
14095ms,14095,228.986,0.199122
14127ms,14127,228.860,0.199860
14175ms,14175,228.665,0.198646
14207ms,14207,228.652,0.198119
14239ms,14239,228.964,0.199607
14271ms,14271,228.846,0.198563
14303ms,14303,228.802,0.200264
14367ms,14367,228.638,0.197514
14399ms,14399,228.697,0.198176
14431ms,14431,228.590,0.199531
14463ms,14463,228.397,0.201978
14495ms,14495,228.089,0.199313
14527ms,14527,227.966,0.198621
14575ms,14575,227.987,0.199400
14607ms,14607,227.896,0.200708
14639ms,14639,227.563,0.198541
14671ms,14671,227.788,0.198749
14703ms,14703,227.432,0.197480
14735ms,14735,227.501,0.199002
14767ms,14767,227.498,0.199517
14799ms,14799,227.425,0.200211
14831ms,14831,227.431,0.200964
14863ms,14863,227.620,0.200535
14895ms,14895,228.569,0.199151
14943ms,14943,229.230,0.199862
14975ms,14975,229.662,0.200764
15007ms,15007,230.069,0.200695
15039ms,15039,230.384,0.200460
15103ms,15103,230.587,0.201444
15167ms,15167,230.567,0.201213
15199ms,15199,230.631,0.201074
15231ms,15231,230.623,0.201113
15263ms,15263,230.662,0.201171
15311ms,15311,230.607,0.201352
15343ms,15343,230.387,0.201750
15375ms,15375,230.019,0.204204
15407ms,15407,229.964,0.200578
15439ms,15439,230.115,0.201631
15471ms,15471,229.573,0.201466
15503ms,15503,229.293,0.199232
15535ms,15535,229.157,0.201109
15567ms,15567,229.384,0.200819
15599ms,15599,229.248,0.200046
15631ms,15631,228.940,0.201448
15663ms,15663,228.858,0.198949
15711ms,15711,228.824,0.198589
15743ms,15743,228.896,0.199930
15775ms,15775,228.831,0.198547
15807ms,15807,229.027,0.199654
15839ms,15839,228.859,0.198359
15871ms,15871,228.790,0.198452
15903ms,15903,228.345,0.197933
15935ms,15935,228.308,0.197837
15967ms,15967,228.266,0.199148
16031ms,16031,228.068,0.200670
16079ms,16079,227.904,0.201367
16111ms,16111,227.655,0.198790
16143ms,16143,227.755,0.200197
16175ms,16175,227.549,0.197842
16207ms,16207,227.548,0.199422
16239ms,16239,227.478,0.199053
16271ms,16271,227.566,0.200437
16303ms,16303,227.504,0.201263
16335ms,16335,227.674,0.199980
16367ms,16367,228.555,0.199360
16399ms,16399,229.242,0.199160
16447ms,16447,229.650,0.200558
16479ms,16479,229.996,0.200403
16511ms,16511,230.353,0.201071
16543ms,16543,230.378,0.200560
16575ms,16575,230.363,0.200717
16607ms,16607,230.403,0.200378
16639ms,16639,230.398,0.200415
16671ms,16671,230.391,0.200657
16703ms,16703,230.404,0.200772
16735ms,16735,230.384,0.200602
16767ms,16767,230.397,0.201684
16815ms,16815,230.399,0.202077
16847ms,16847,230.045,0.204995
16879ms,16879,229.794,0.200694
16911ms,16911,230.039,0.201410
16943ms,16943,229.611,0.200603
16975ms,16975,229.134,0.199154
17007ms,17007,229.203,0.202481
17039ms,17039,229.215,0.200155
17071ms,17071,229.076,0.199455
17103ms,17103,228.879,0.200452
17135ms,17135,228.885,0.199346
17167ms,17167,228.702,0.198289
17215ms,17215,228.981,0.200074
17247ms,17247,228.831,0.200491
17279ms,17279,229.065,0.199842
17311ms,17311,228.853,0.198376
17343ms,17343,228.871,0.198559
17375ms,17375,228.505,0.197587
17407ms,17407,228.452,0.197876
17439ms,17439,228.412,0.199411
17471ms,17471,228.307,0.200634
17503ms,17503,227.901,0.200443
17535ms,17535,227.705,0.199129
17583ms,17583,227.838,0.199162
17615ms,17615,227.810,0.200884
17647ms,17647,227.588,0.197614
17679ms,17679,227.523,0.199322
17711ms,17711,227.398,0.198599
17743ms,17743,227.415,0.198510
17775ms,17775,227.465,0.201501
17807ms,17807,227.556,0.201080
17903ms,17903,229.508,0.199694
17935ms,17935,229.892,0.200154
17983ms,17983,230.168,0.201796
18015ms,18015,230.498,0.200749
18079ms,18079,230.481,0.200777
18111ms,18111,230.490,0.200774
18143ms,18143,230.458,0.200694
18207ms,18207,230.465,0.200800
18239ms,18239,230.498,0.200315
18271ms,18271,230.496,0.201394
18303ms,18303,230.427,0.201803
18383ms,18383,229.996,0.200971
18415ms,18415,229.674,0.199855
18447ms,18447,229.743,0.201215
18479ms,18479,229.417,0.201272
18511ms,18511,229.339,0.201810
18543ms,18543,229.047,0.199246
18575ms,18575,228.897,0.199337
18607ms,18607,228.644,0.198485
18639ms,18639,228.543,0.198663
18671ms,18671,228.989,0.199449
18719ms,18719,228.973,0.200658
18751ms,18751,229.060,0.200522
18783ms,18783,228.866,0.199004
18815ms,18815,228.711,0.199002
18847ms,18847,228.589,0.197530
18879ms,18879,228.527,0.197851
18911ms,18911,228.525,0.199735
18943ms,18943,228.286,0.202291
18975ms,18975,227.934,0.199138
19007ms,19007,227.888,0.199224
19039ms,19039,227.766,0.199910
19087ms,19087,227.695,0.201453
19119ms,19119,227.703,0.198229
19151ms,19151,227.384,0.200304
19183ms,19183,227.420,0.199356
19215ms,19215,227.367,0.198604
19247ms,19247,227.403,0.200922
19279ms,19279,227.368,0.201781
19311ms,19311,227.879,0.199483
19343ms,19343,228.687,0.199268
19375ms,19375,229.423,0.199936
19407ms,19407,229.737,0.200057
19439ms,19439,230.089,0.201168
19487ms,19487,230.462,0.201303
19519ms,19519,230.503,0.201005
19551ms,19551,230.504,0.200938
19583ms,19583,230.509,0.201037
19615ms,19615,230.522,0.200770
19647ms,19647,230.503,0.200765
19679ms,19679,230.468,0.200949
19711ms,19711,230.517,0.200991
19743ms,19743,230.604,0.201052
19775ms,19775,230.377,0.201301
19807ms,19807,230.021,0.204401
19855ms,19855,229.866,0.200489
19887ms,19887,230.092,0.201423
19919ms,19919,229.590,0.201583
19951ms,19951,229.352,0.200374
20015ms,20015,229.172,0.201798
20047ms,20047,228.835,0.199983
20079ms,20079,228.662,0.198592
20111ms,20111,228.611,0.198869
20143ms,20143,229.016,0.199952
20175ms,20175,228.807,0.198547
20207ms,20207,228.936,0.200356
20255ms,20255,228.867,0.198918
20287ms,20287,228.645,0.197324
20319ms,20319,228.685,0.198158
20351ms,20351,228.537,0.198628
20383ms,20383,228.584,0.200614
20415ms,20415,228.137,0.199408
20447ms,20447,227.931,0.198652
20479ms,20479,227.868,0.199671
20511ms,20511,227.827,0.200293
20511ms,20511,227.827,0.200293
20543ms,20543,227.740,0.201260
20543ms,20543,227.740,0.201260
20575ms,20575,227.685,0.197880
20575ms,20575,227.685,0.197880
20623ms,20623,227.432,0.200542
20623ms,20623,227.432,0.200542
20655ms,20655,227.379,0.199471
20655ms,20655,227.379,0.199471
20687ms,20687,227.403,0.199537
20687ms,20687,227.403,0.199537
20719ms,20719,227.306,0.200765
20751ms,20751,227.354,0.201820
20815ms,20815,228.545,0.199136
20847ms,20847,229.253,0.201051
20879ms,20879,229.725,0.200666
20911ms,20911,229.939,0.200716
20943ms,20943,230.346,0.200305
20991ms,20991,230.385,0.200283
21023ms,21023,230.361,0.200427
21055ms,21055,230.400,0.200881
21087ms,21087,230.360,0.200925
21119ms,21119,230.379,0.200829
21151ms,21151,230.358,0.200779
21183ms,21183,230.426,0.200754
21215ms,21215,230.440,0.200392
21247ms,21247,230.397,0.201414
21279ms,21279,230.260,0.202975
21311ms,21311,229.885,0.201605
21343ms,21343,229.998,0.201720
21391ms,21391,229.542,0.201081
21423ms,21423,229.362,0.200352
21455ms,21455,229.384,0.202479
21487ms,21487,229.229,0.200448
21519ms,21519,229.145,0.199468
21551ms,21551,228.898,0.200657
21583ms,21583,228.785,0.199210
21647ms,21647,229.018,0.200310
21679ms,21679,229.077,0.200293
21759ms,21759,228.828,0.198248
21791ms,21791,228.746,0.198111
21823ms,21823,228.517,0.198248
21855ms,21855,228.370,0.197892
21887ms,21887,228.345,0.198642
21919ms,21919,228.386,0.200333
21951ms,21951,228.195,0.201610
21983ms,21983,227.885,0.201052
22015ms,22015,227.793,0.199045
22047ms,22047,227.837,0.200293
22079ms,22079,227.571,0.198240
22127ms,22127,227.481,0.199723
22159ms,22159,227.454,0.199107
22191ms,22191,227.387,0.199407
22223ms,22223,227.567,0.201555
22255ms,22255,227.520,0.200291
22287ms,22287,228.021,0.199035
22319ms,22319,229.008,0.199522
22351ms,22351,229.462,0.200703
22383ms,22383,229.872,0.199811
22415ms,22415,230.167,0.201673
22447ms,22447,230.432,0.200695
22479ms,22479,230.531,0.200844
22527ms,22527,230.465,0.200910
22559ms,22559,230.467,0.200585
22591ms,22591,230.406,0.200485
22623ms,22623,230.445,0.200949
22655ms,22655,230.391,0.200928
22687ms,22687,230.453,0.200468
22719ms,22719,230.402,0.200283
22751ms,22751,230.347,0.202181
22783ms,22783,229.943,0.202377
22815ms,22815,230.003,0.201603
22847ms,22847,229.618,0.199858
22895ms,22895,229.718,0.201650
22927ms,22927,229.370,0.202522
22959ms,22959,229.107,0.200880
22991ms,22991,229.040,0.199410
23023ms,23023,228.840,0.200529
23055ms,23055,228.584,0.198580
23087ms,23087,228.643,0.198167
23119ms,23119,229.001,0.200350
23183ms,23183,228.988,0.199993
23263ms,23263,228.875,0.198692
23295ms,23295,228.533,0.197445
23327ms,23327,228.469,0.198333
23359ms,23359,228.400,0.199278
23391ms,23391,228.388,0.200608
23423ms,23423,228.146,0.201640
23455ms,23455,227.702,0.199355
23487ms,23487,227.729,0.200643
23551ms,23551,227.581,0.197878
23583ms,23583,227.451,0.199995
23615ms,23615,227.502,0.199602
23663ms,23663,227.446,0.199357
23695ms,23695,227.432,0.201534
23727ms,23727,227.627,0.200469
23759ms,23759,227.905,0.198398
23791ms,23791,228.781,0.200758
23823ms,23823,229.434,0.200181
23855ms,23855,229.813,0.200288
23887ms,23887,230.072,0.201122
23919ms,23919,230.346,0.200999
23951ms,23951,230.441,0.200901
23983ms,23983,230.437,0.201069
24031ms,24031,230.426,0.200987
24063ms,24063,230.373,0.201099
24095ms,24095,230.392,0.201004
24127ms,24127,230.399,0.201016
24159ms,24159,230.517,0.201287
24191ms,24191,230.495,0.200456
24223ms,24223,230.431,0.202268
24255ms,24255,229.979,0.203472
24287ms,24287,229.954,0.201611
24319ms,24319,229.859,0.201523
24351ms,24351,229.710,0.201847
24399ms,24399,229.406,0.200870
24431ms,24431,229.242,0.202198
24462ms,24462,228.951,0.199669
24494ms,24494,228.723,0.199526
24527ms,24527,228.685,0.198614
24559ms,24559,228.791,0.199780
24591ms,24591,228.888,0.199975
24623ms,24623,229.029,0.200506
24686ms,24686,228.865,0.198946
24719ms,24719,228.750,0.199416
24751ms,24751,228.568,0.197369
24798ms,24798,228.583,0.197994
24831ms,24831,228.441,0.199042
24863ms,24863,228.483,0.200248
24895ms,24895,227.877,0.198957
24927ms,24927,227.865,0.199545
24959ms,24959,227.779,0.200284
24991ms,24991,227.843,0.200910
25023ms,25023,227.490,0.197638
25055ms,25055,227.505,0.201544
25087ms,25087,227.500,0.200043
25119ms,25119,227.482,0.198437
25166ms,25166,227.552,0.201471
25198ms,25198,227.485,0.200739
25231ms,25231,227.875,0.198331
25263ms,25263,228.609,0.199927
25295ms,25295,229.284,0.199709
25327ms,25327,229.669,0.200046
25359ms,25359,229.954,0.200930
25391ms,25391,230.352,0.200998
25423ms,25423,230.392,0.200827
25455ms,25455,230.369,0.200560
25487ms,25487,230.438,0.201004
25519ms,25519,230.386,0.200859
25566ms,25566,230.383,0.200855
25630ms,25630,230.420,0.200883
25663ms,25663,230.521,0.201046
25695ms,25695,230.439,0.202231
25727ms,25727,230.145,0.202892
25759ms,25759,229.846,0.201208
25791ms,25791,230.102,0.202204
25823ms,25823,229.590,0.202127
25855ms,25855,229.383,0.199907
25887ms,25887,229.259,0.200966
25935ms,25935,229.315,0.200955
25967ms,25967,229.192,0.199757
25998ms,25998,228.881,0.200649
26030ms,26030,228.895,0.199870
26063ms,26063,228.874,0.198878
26094ms,26094,229.024,0.200895
26127ms,26127,229.052,0.200689
26159ms,26159,228.930,0.199499
26190ms,26190,228.623,0.197971
26222ms,26222,228.693,0.197948
26255ms,26255,228.689,0.198128
26302ms,26302,228.640,0.200074
26334ms,26334,228.127,0.199338
26366ms,26366,228.004,0.199409
26398ms,26398,227.961,0.199096
26431ms,26431,227.877,0.201135
26462ms,26462,227.675,0.201132
26494ms,26494,227.675,0.198215
26527ms,26527,227.409,0.200845
26558ms,26558,227.452,0.199551
26590ms,26590,227.503,0.198058
26622ms,26622,227.479,0.201361
26670ms,26670,227.540,0.199898
26702ms,26702,227.794,0.197900
26734ms,26734,228.553,0.199534
26766ms,26766,229.162,0.200307
26798ms,26798,229.687,0.200144
26831ms,26831,229.939,0.201201
26862ms,26862,230.283,0.200871
26894ms,26894,230.369,0.200931
26926ms,26926,230.377,0.200802
26958ms,26958,230.353,0.200644
26990ms,26990,230.355,0.200609
27022ms,27022,230.347,0.200516
27070ms,27070,230.357,0.200805
27102ms,27102,230.328,0.200914
27134ms,27134,230.371,0.200399
27166ms,27166,230.381,0.200111
27199ms,27199,230.325,0.201610
27230ms,27230,229.966,0.203051
27262ms,27262,229.986,0.201793
27295ms,27295,229.535,0.200501
27326ms,27326,229.669,0.201061
27358ms,27358,229.343,0.201572
27438ms,27438,229.128,0.199031
27470ms,27470,228.753,0.199962
27502ms,27502,228.629,0.198523
27534ms,27534,228.539,0.198956
27566ms,27566,228.963,0.199921
27598ms,27598,229.024,0.200927
27630ms,27630,229.008,0.200603
27662ms,27662,228.834,0.198559
27694ms,27694,228.779,0.198413
27726ms,27726,228.423,0.198132
27758ms,27758,228.505,0.197324
27790ms,27790,228.449,0.198539
27838ms,27838,228.415,0.198910
27870ms,27870,228.207,0.201085
27902ms,27902,227.872,0.201719
27934ms,27934,227.828,0.199288
27966ms,27966,227.778,0.200165
27998ms,27998,227.437,0.198413
28030ms,28030,227.427,0.200153
28062ms,28062,227.547,0.199056
28126ms,28126,227.462,0.200873
28158ms,28158,227.475,0.200091
28206ms,28206,227.992,0.198198
28238ms,28238,228.890,0.200378
28270ms,28270,229.433,0.201075
28302ms,28302,229.632,0.202534
28334ms,28334,230.065,0.202843
28366ms,28366,230.348,0.202573
28398ms,28398,230.365,0.201569
28430ms,28430,230.356,0.202461
28462ms,28462,230.367,0.202721
28494ms,28494,230.350,0.202093
28526ms,28526,230.377,0.202416
28606ms,28606,230.350,0.201566
28638ms,28638,230.303,0.201719
28670ms,28670,230.385,0.202163
28702ms,28702,230.005,0.202826
28734ms,28734,229.697,0.201232
28766ms,28766,230.027,0.201623
28830ms,28830,229.408,0.200854
28862ms,28862,229.152,0.202490
28894ms,28894,229.028,0.199458
28926ms,28926,228.814,0.199688
28974ms,28974,228.686,0.198628
29006ms,29006,228.610,0.198803
29038ms,29038,228.999,0.200751
29070ms,29070,229.033,0.200861
29102ms,29102,229.078,0.200633
29134ms,29134,228.847,0.198832
29166ms,29166,228.847,0.198470
29198ms,29198,228.414,0.197363
29230ms,29230,228.487,0.197493
29262ms,29262,228.457,0.197846
29294ms,29294,228.507,0.198812
29342ms,29342,228.214,0.199913
29374ms,29374,227.899,0.199457
29406ms,29406,228.057,0.198374
29438ms,29438,227.959,0.201224
29470ms,29470,227.548,0.198375
29502ms,29502,227.628,0.200577
29534ms,29534,227.579,0.198916
29566ms,29566,227.532,0.201705
29598ms,29598,227.553,0.200513
29630ms,29630,227.617,0.198383
29662ms,29662,228.188,0.200075
29710ms,29710,228.993,0.199385
29742ms,29742,229.587,0.200332
29774ms,29774,229.781,0.201259
29806ms,29806,230.267,0.200716
29838ms,29838,230.382,0.200847
29870ms,29870,230.378,0.201029
29902ms,29902,230.391,0.201145
29934ms,29934,230.416,0.201226
29966ms,29966,230.394,0.201126
29998ms,29998,230.346,0.201143
30030ms,30030,230.372,0.200974
30062ms,30062,230.404,0.201087
30110ms,30110,230.448,0.200756
30142ms,30142,230.447,0.201923
30174ms,30174,229.984,0.203123
30206ms,30206,229.946,0.201853
30238ms,30238,229.731,0.199854
30270ms,30270,229.686,0.201880
30302ms,30302,229.542,0.200682
30334ms,30334,228.897,0.199841
30366ms,30366,229.110,0.199777
30398ms,30398,228.870,0.200043
30430ms,30430,228.815,0.198910
30478ms,30478,228.595,0.198299
30510ms,30510,229.026,0.200562
30542ms,30542,229.075,0.201312
30574ms,30574,229.029,0.200502
30606ms,30606,228.780,0.198480
30638ms,30638,228.811,0.198352
30670ms,30670,228.469,0.199560
30702ms,30702,228.510,0.197327
30734ms,30734,228.403,0.197699
30766ms,30766,228.191,0.198034
30798ms,30798,228.279,0.198586
30846ms,30846,228.079,0.199999
30878ms,30878,227.840,0.199256
30910ms,30910,227.919,0.199735
30942ms,30942,227.373,0.198510
31006ms,31006,227.497,0.199332
31038ms,31038,227.645,0.199553
31070ms,31070,227.557,0.198771
31102ms,31102,227.573,0.198095
31134ms,31134,228.168,0.198746
31166ms,31166,229.016,0.199106
31198ms,31198,229.609,0.200347
31246ms,31246,229.862,0.200842
31278ms,31278,230.103,0.201648
31310ms,31310,230.333,0.201143
31374ms,31374,230.357,0.201243
31406ms,31406,230.393,0.201493
31438ms,31438,230.326,0.201014
31470ms,31470,230.316,0.200838
31502ms,31502,230.390,0.201068
31534ms,31534,230.300,0.200379
31614ms,31614,230.447,0.201232
31646ms,31646,229.964,0.202812
31678ms,31678,229.947,0.201814
31710ms,31710,229.679,0.199729
31742ms,31742,229.770,0.201491
31774ms,31774,229.487,0.201191
31806ms,31806,229.129,0.201384
31838ms,31838,229.071,0.199695
31870ms,31870,228.813,0.199725
31902ms,31902,228.842,0.199246
31934ms,31934,228.580,0.198595
31982ms,31982,228.986,0.200253
32014ms,32014,229.037,0.200749
32046ms,32046,228.987,0.200496
32078ms,32078,228.733,0.198318
32110ms,32110,228.806,0.198494
32142ms,32142,228.580,0.199311
32174ms,32174,228.480,0.197445
32206ms,32206,228.448,0.197837
32238ms,32238,228.395,0.198556
32270ms,32270,228.181,0.199189
32302ms,32302,228.127,0.199656
32334ms,32334,228.032,0.199177
32382ms,32382,227.915,0.199757
32414ms,32414,227.539,0.198417
32446ms,32446,227.519,0.200076
32478ms,32478,227.612,0.198670
32510ms,32510,227.619,0.200181
32542ms,32542,227.624,0.199141
32574ms,32574,227.619,0.198096
32606ms,32606,228.135,0.199211
32638ms,32638,229.013,0.199550
32670ms,32670,229.531,0.200935
32702ms,32702,229.830,0.200789
32750ms,32750,229.967,0.201917
32782ms,32782,230.390,0.201765
32814ms,32814,230.351,0.201784
32846ms,32846,230.312,0.201394
32878ms,32878,230.323,0.201240
32910ms,32910,230.377,0.202556
32942ms,32942,230.376,0.202063
32974ms,32974,230.317,0.201299
33006ms,33006,230.310,0.201236
33038ms,33038,230.314,0.199626
33070ms,33070,230.356,0.200620
33118ms,33118,229.945,0.202264
33150ms,33150,229.810,0.201132
33214ms,33214,229.549,0.201998
33246ms,33246,229.183,0.199776
33278ms,33278,229.254,0.201989
33342ms,33342,228.933,0.198706
33374ms,33374,228.618,0.198402
33406ms,33406,228.895,0.200078
33438ms,33438,228.936,0.199471
33486ms,33486,229.053,0.200538
33518ms,33518,228.976,0.200779
33550ms,33550,228.885,0.198934
33582ms,33582,228.823,0.198842
33646ms,33646,228.521,0.197484
33678ms,33678,228.465,0.198028
33710ms,33710,228.557,0.198370
33742ms,33742,228.232,0.199642
33774ms,33774,227.981,0.199267
33806ms,33806,228.006,0.199355
33854ms,33854,227.960,0.199929
33886ms,33886,227.498,0.198755
33918ms,33918,227.524,0.199441
33950ms,33950,227.496,0.198682
33982ms,33982,227.595,0.199642
34014ms,34014,227.581,0.199123
34046ms,34046,227.595,0.198356
34078ms,34078,227.869,0.198258
34110ms,34110,228.548,0.201177
34142ms,34142,229.262,0.201102
34174ms,34174,229.710,0.201078
34206ms,34206,230.001,0.201305
34254ms,34254,230.339,0.201068
34286ms,34286,230.371,0.201098
34318ms,34318,230.395,0.201184
34350ms,34350,230.413,0.200918
34382ms,34382,230.334,0.201030
34414ms,34414,230.371,0.201007
34446ms,34446,230.291,0.201184
34478ms,34478,230.308,0.201181
34510ms,34510,230.362,0.201246
34542ms,34542,230.492,0.201504
34574ms,34574,230.109,0.202958
34622ms,34622,229.869,0.201401
34654ms,34654,230.123,0.201792
34686ms,34686,229.563,0.202559
34718ms,34718,229.347,0.199491
34750ms,34750,229.197,0.201789
34782ms,34782,229.357,0.201592
34814ms,34814,229.092,0.200733
34846ms,34846,228.754,0.201051
34878ms,34878,228.946,0.199785
34910ms,34910,228.919,0.199292
34942ms,34942,229.050,0.200542
34974ms,34974,229.002,0.200585
35022ms,35022,228.954,0.199027
35054ms,35054,228.843,0.199772
35086ms,35086,228.536,0.197546
35150ms,35150,228.520,0.198554
35182ms,35182,228.560,0.200380
35214ms,35214,228.130,0.197971
35246ms,35246,228.008,0.197860
35278ms,35278,228.049,0.199893
35310ms,35310,227.995,0.201241
35342ms,35342,227.640,0.198441
35390ms,35390,227.499,0.202233
35422ms,35422,227.547,0.199283
35454ms,35454,227.696,0.199018
35486ms,35486,227.666,0.199347
35518ms,35518,227.665,0.197969
35550ms,35550,227.714,0.197125
35582ms,35582,228.462,0.200587
35614ms,35614,229.253,0.202008
35646ms,35646,229.630,0.200713
35678ms,35678,229.823,0.202878
35710ms,35710,230.210,0.201400
35758ms,35758,230.265,0.201441
35790ms,35790,230.289,0.201824
35822ms,35822,230.303,0.202439
35854ms,35854,230.332,0.201849
35886ms,35886,230.310,0.202033
35918ms,35918,230.323,0.201966
35950ms,35950,230.294,0.201199
35982ms,35982,230.242,0.200382
36014ms,36014,230.255,0.200747
36046ms,36046,230.163,0.201979
36078ms,36078,229.905,0.202594
36110ms,36110,230.011,0.201979
36158ms,36158,229.596,0.201605
36190ms,36190,229.249,0.199057
36222ms,36222,229.306,0.200696
36254ms,36254,229.256,0.200684
36286ms,36286,229.165,0.199558
36318ms,36318,228.887,0.200468
36350ms,36350,228.913,0.199662
36382ms,36382,228.694,0.198775
36414ms,36414,229.039,0.200009
36446ms,36446,228.965,0.200781
36478ms,36478,228.972,0.199682
36558ms,36558,228.732,0.198103
36622ms,36622,228.817,0.199395
36654ms,36654,228.446,0.197192
36686ms,36686,228.283,0.197921
36718ms,36718,228.129,0.197392
36750ms,36750,228.143,0.199440
36782ms,36782,227.778,0.198146
36814ms,36814,227.809,0.198711
36846ms,36846,227.570,0.202106
36894ms,36894,227.566,0.199388
36926ms,36926,227.718,0.198956
36958ms,36958,227.675,0.200052
36990ms,36990,227.644,0.198672
37022ms,37022,227.547,0.198278
37054ms,37054,228.346,0.198819
37086ms,37086,228.993,0.199372
37118ms,37118,229.592,0.201370
37150ms,37150,229.854,0.201043
37182ms,37182,230.130,0.202656
37214ms,37214,230.347,0.202684
37262ms,37262,230.349,0.202455
37294ms,37294,230.322,0.202040
37326ms,37326,230.293,0.201389
37358ms,37358,230.344,0.201788
37390ms,37390,230.352,0.202174
37422ms,37422,230.303,0.202209
37454ms,37454,230.297,0.201414
37486ms,37486,230.295,0.200553
37518ms,37518,230.301,0.200675
37550ms,37550,229.912,0.203158
37582ms,37582,229.909,0.200743
37614ms,37614,229.794,0.201777
37662ms,37662,229.663,0.201269
37694ms,37694,229.478,0.200802
37726ms,37726,229.070,0.200924
37758ms,37758,229.090,0.199383
37790ms,37790,228.849,0.199956
37822ms,37822,228.861,0.198943
37854ms,37854,228.620,0.200100
37886ms,37886,228.969,0.200005
37918ms,37918,229.085,0.200515
37950ms,37950,228.928,0.200361
37982ms,37982,228.634,0.198829
38030ms,38030,228.774,0.198645
38062ms,38062,228.710,0.198679
38094ms,38094,228.609,0.200032
38126ms,38126,228.395,0.197885
38158ms,38158,228.297,0.197982
38190ms,38190,228.121,0.198254
38222ms,38222,228.186,0.200045
38254ms,38254,227.831,0.198180
38286ms,38286,227.813,0.199193
38318ms,38318,227.417,0.200177
38350ms,38350,227.690,0.199505
38382ms,38382,227.655,0.197645
38430ms,38430,227.709,0.199138
38462ms,38462,227.578,0.198862
38494ms,38494,227.525,0.197870
38526ms,38526,228.183,0.198970
38558ms,38558,228.986,0.200062
38590ms,38590,229.551,0.201122
38622ms,38622,229.848,0.201124
38654ms,38654,230.114,0.202800
38686ms,38686,230.356,0.202565
38718ms,38718,230.373,0.202126
38750ms,38750,230.376,0.202447
38798ms,38798,230.361,0.201984
38830ms,38830,230.334,0.201752
38862ms,38862,230.349,0.201743
38894ms,38894,230.351,0.202309
38926ms,38926,230.397,0.201701
38958ms,38958,230.251,0.201461
38990ms,38990,230.364,0.201244
39022ms,39022,229.974,0.202511
39054ms,39054,229.809,0.201571
39086ms,39086,230.037,0.201365
39118ms,39118,229.613,0.202428
39166ms,39166,229.306,0.200010
39198ms,39198,229.260,0.202239
39230ms,39230,229.031,0.199697
39262ms,39262,228.896,0.200136
39294ms,39294,228.601,0.199008
39326ms,39326,229.068,0.200462
39358ms,39358,229.020,0.199588
39390ms,39390,228.968,0.200664
39422ms,39422,229.000,0.200228
39454ms,39454,228.800,0.198812
39486ms,39486,228.812,0.198942
39566ms,39566,228.432,0.197452
39598ms,39598,228.430,0.198148
39630ms,39630,228.364,0.197665
39662ms,39662,228.232,0.198235
39694ms,39694,228.220,0.199496
39726ms,39726,227.899,0.198443
39758ms,39758,227.885,0.198391
39790ms,39790,227.514,0.200741
39822ms,39822,227.587,0.199339
39854ms,39854,227.624,0.197472
39886ms,39886,227.588,0.199918
39934ms,39934,227.724,0.198702
39998ms,39998,228.066,0.198620
40030ms,40030,228.949,0.200152
40062ms,40062,229.539,0.201018
40094ms,40094,229.714,0.201626
40126ms,40126,229.943,0.204167
40158ms,40158,230.372,0.203104
40190ms,40190,230.355,0.203265
40222ms,40222,230.348,0.203232
40254ms,40254,230.372,0.203102
40302ms,40302,230.354,0.203410
40334ms,40334,230.368,0.202837
40366ms,40366,230.370,0.202927
40398ms,40398,230.324,0.202773
40430ms,40430,230.334,0.201006
40462ms,40462,230.338,0.201519
40494ms,40494,230.224,0.201667
40526ms,40526,229.720,0.201520
40558ms,40558,229.996,0.202358
40590ms,40590,229.616,0.201948
40622ms,40622,229.331,0.200131
40654ms,40654,229.337,0.200988
40734ms,40734,229.112,0.199539
40766ms,40766,228.918,0.200325
40798ms,40798,229.034,0.200073
40830ms,40830,229.019,0.199458
40862ms,40862,229.024,0.200605
40894ms,40894,229.020,0.200708
40926ms,40926,228.943,0.199185
40958ms,40958,228.883,0.199497
40990ms,40990,228.561,0.199274
41070ms,41070,228.521,0.198185
41102ms,41102,228.429,0.197873
41134ms,41134,228.338,0.199363
41166ms,41166,228.152,0.199071
41230ms,41230,228.024,0.197697
41262ms,41262,227.450,0.198832
41294ms,41294,227.638,0.199623
41326ms,41326,227.652,0.197448
41358ms,41358,227.645,0.199664
41390ms,41390,227.605,0.199286
41438ms,41438,227.568,0.198159
41470ms,41470,227.829,0.198011
41502ms,41502,228.842,0.200664
41534ms,41534,229.399,0.200945
41566ms,41566,229.832,0.200922
41598ms,41598,230.067,0.201778
41630ms,41630,230.314,0.201155
41662ms,41662,230.326,0.201774
41694ms,41694,230.372,0.201380
41726ms,41726,230.390,0.201468
41758ms,41758,230.387,0.201651
41790ms,41790,230.392,0.201504
41838ms,41838,230.376,0.201628
41870ms,41870,230.379,0.201077
41902ms,41902,230.342,0.201191
41934ms,41934,230.236,0.201343
41966ms,41966,230.167,0.201219
41998ms,41998,229.708,0.201473
42030ms,42030,229.934,0.201839
42062ms,42062,229.682,0.201882
42094ms,42094,229.389,0.200379
42126ms,42126,229.352,0.200861
42158ms,42158,229.346,0.201427
42206ms,42206,228.973,0.197790
42238ms,42238,228.679,0.200834
42270ms,42270,229.014,0.200471
42302ms,42302,228.979,0.199748
42334ms,42334,229.037,0.200301
42366ms,42366,228.999,0.200120
42398ms,42398,228.903,0.199101
42430ms,42430,228.945,0.199549
42462ms,42462,228.608,0.198944
42494ms,42494,228.529,0.198163
42526ms,42526,228.480,0.198250
42558ms,42558,228.502,0.198246
42606ms,42606,228.283,0.199227
42638ms,42638,228.160,0.198516
42670ms,42670,227.997,0.197360
42702ms,42702,228.019,0.197569
42734ms,42734,227.591,0.198960
42766ms,42766,227.801,0.199025
42830ms,42830,227.723,0.199206
42862ms,42862,227.706,0.198635
42894ms,42894,227.545,0.198058
42926ms,42926,227.891,0.198718
42974ms,42974,228.744,0.200349
43006ms,43006,229.531,0.201714
43038ms,43038,229.826,0.201564
43070ms,43070,230.140,0.202766
43102ms,43102,230.396,0.203378
43134ms,43134,230.367,0.202495
43166ms,43166,230.492,0.202950
43198ms,43198,230.404,0.202984
43230ms,43230,230.401,0.203151
43262ms,43262,230.465,0.203544
43294ms,43294,230.438,0.203079
43342ms,43342,230.377,0.202422
43374ms,43374,230.377,0.201714
43406ms,43406,230.236,0.201423
43438ms,43438,230.109,0.201479
43470ms,43470,229.768,0.200737
43502ms,43502,229.955,0.201851
43534ms,43534,229.593,0.202779
43566ms,43566,229.326,0.200534
43598ms,43598,229.323,0.201465
43630ms,43630,229.283,0.202097
43662ms,43662,229.089,0.200095
43694ms,43694,228.719,0.201243
43742ms,43742,228.996,0.201074
43774ms,43774,228.906,0.199682
43806ms,43806,229.059,0.200471
43838ms,43838,229.024,0.200104
43870ms,43870,228.779,0.199027
43902ms,43902,228.912,0.199366
43934ms,43934,228.700,0.200129
43966ms,43966,228.522,0.197775
43998ms,43998,228.500,0.198145
44030ms,44030,228.396,0.197893
44062ms,44062,228.332,0.198050
44110ms,44110,228.235,0.199133
44142ms,44142,227.991,0.198014
44174ms,44174,228.034,0.198068
44238ms,44238,227.690,0.198949
44270ms,44270,227.699,0.197044
44302ms,44302,227.806,0.199137
44334ms,44334,227.850,0.198037
44366ms,44366,227.572,0.197751
44398ms,44398,228.183,0.199477
44430ms,44430,228.958,0.201952
44478ms,44478,229.520,0.202227
44510ms,44510,229.740,0.201761
44542ms,44542,230.220,0.201714
44574ms,44574,230.466,0.203491
44606ms,44606,230.430,0.203006
44638ms,44638,230.368,0.202864
44670ms,44670,230.424,0.203056
44702ms,44702,230.399,0.202423
44734ms,44734,230.386,0.202636
44766ms,44766,230.442,0.202865
44798ms,44798,230.327,0.201627
44830ms,44830,230.350,0.201890
44878ms,44878,230.250,0.201006
44910ms,44910,230.000,0.202294
44942ms,44942,229.749,0.200469
44974ms,44974,230.088,0.202185
45006ms,45006,229.687,0.202555
45070ms,45070,229.402,0.201314
45102ms,45102,229.161,0.199275
45134ms,45134,229.010,0.198148
45166ms,45166,228.637,0.198773
45198ms,45198,229.014,0.200956
45246ms,45246,228.883,0.199386
45278ms,45278,229.047,0.200266
45310ms,45310,229.026,0.200187
45342ms,45342,228.754,0.199189
45374ms,45374,228.829,0.199072
45406ms,45406,228.756,0.198955
45438ms,45438,228.588,0.199927
45470ms,45470,228.444,0.198084
45502ms,45502,228.345,0.198264
45534ms,45534,228.195,0.197438
45566ms,45566,228.115,0.198651
45614ms,45614,227.851,0.197472
45646ms,45646,227.910,0.198021
45678ms,45678,227.677,0.200897
45710ms,45710,227.743,0.198773
45742ms,45742,227.687,0.197673
45774ms,45774,227.766,0.199500
45806ms,45806,227.791,0.198127
45838ms,45838,227.522,0.197952
45870ms,45870,227.999,0.199050
45902ms,45902,228.863,0.200732
45934ms,45934,229.496,0.203040
45982ms,45982,229.732,0.202045
46014ms,46014,230.175,0.202269
46046ms,46046,230.359,0.201912
46078ms,46078,230.372,0.202139
46110ms,46110,230.396,0.202731
46142ms,46142,230.441,0.202789
46174ms,46174,230.493,0.202830
46206ms,46206,230.465,0.202732
46238ms,46238,230.471,0.203407
46270ms,46270,230.350,0.202120
46302ms,46302,230.347,0.201227
46334ms,46334,230.243,0.201175
46382ms,46382,230.083,0.202065
46414ms,46414,229.787,0.201053
46446ms,46446,230.000,0.201925
46478ms,46478,229.587,0.203563
46510ms,46510,229.339,0.200431
46542ms,46542,229.302,0.201567
46574ms,46574,229.342,0.203016
46606ms,46606,229.026,0.200042
46638ms,46638,228.674,0.201271
46670ms,46670,228.954,0.200984
46702ms,46702,228.947,0.199438
46750ms,46750,229.007,0.200006
46782ms,46782,228.957,0.200011
46814ms,46814,228.780,0.198841
46846ms,46846,228.903,0.199519
46878ms,46878,228.590,0.199499
46910ms,46910,228.495,0.198080
46942ms,46942,228.468,0.198189
46974ms,46974,228.435,0.198392
47006ms,47006,228.289,0.198535
47038ms,47038,228.354,0.200009
47070ms,47070,227.942,0.197500
47102ms,47102,227.976,0.198210
47150ms,47150,227.644,0.200249
47214ms,47214,227.829,0.196955
47246ms,47246,227.784,0.199079
47278ms,47278,227.793,0.198437
47310ms,47310,227.547,0.198362
47342ms,47342,227.923,0.199259
47374ms,47374,228.812,0.200279
47406ms,47406,229.447,0.201827
47438ms,47438,229.750,0.201964
47470ms,47470,230.183,0.203472
47518ms,47518,230.311,0.203255
47550ms,47550,230.352,0.202957
47582ms,47582,230.304,0.203203
47614ms,47614,230.383,0.203222
47646ms,47646,230.313,0.202933
47678ms,47678,230.426,0.202735
47710ms,47710,230.260,0.202854
47742ms,47742,230.372,0.203687
47774ms,47774,230.320,0.202685
47806ms,47806,230.221,0.201333
47838ms,47838,230.069,0.201544
47886ms,47886,229.811,0.203337
47918ms,47918,229.795,0.201817
47950ms,47950,229.778,0.200186
47982ms,47982,229.387,0.199440
48014ms,48014,229.323,0.199244
48046ms,48046,229.269,0.202009
48078ms,48078,229.228,0.200059
48142ms,48142,228.954,0.200179
48174ms,48174,228.772,0.198835
48206ms,48206,228.955,0.200200
48238ms,48238,229.014,0.199729
48286ms,48286,228.857,0.199417
48350ms,48350,228.641,0.198712
48382ms,48382,228.566,0.198236
48414ms,48414,228.501,0.198402
48446ms,48446,228.664,0.199121
48478ms,48478,228.209,0.199706
48510ms,48510,227.887,0.196879
48542ms,48542,228.164,0.197729
48574ms,48574,228.128,0.198435
48606ms,48606,227.835,0.198066
48654ms,48654,227.827,0.200486
48686ms,48686,227.912,0.197363
48750ms,48750,227.723,0.198364
48782ms,48782,227.581,0.198310
48814ms,48814,227.704,0.198544
48846ms,48846,228.522,0.200609
48878ms,48878,229.400,0.202455
48910ms,48910,229.684,0.201929
48942ms,48942,230.053,0.202949
48974ms,48974,230.388,0.203041
49022ms,49022,230.463,0.203459
49054ms,49054,230.416,0.202989
49086ms,49086,230.478,0.202654
49118ms,49118,230.366,0.202803
49150ms,49150,230.362,0.202733
49182ms,49182,230.429,0.202080
49214ms,49214,230.350,0.202639
49246ms,49246,230.300,0.201997
49278ms,49278,230.153,0.200818
49310ms,49310,230.305,0.201370
49342ms,49342,229.989,0.202795
49374ms,49374,229.880,0.201220
49422ms,49422,229.629,0.199840
49454ms,49454,229.706,0.202237
49486ms,49486,229.465,0.200333
49518ms,49518,229.085,0.200172
49550ms,49550,229.181,0.199567
49582ms,49582,229.101,0.199075
49614ms,49614,228.725,0.199317
49646ms,49646,228.940,0.200698
49678ms,49678,229.071,0.199581
49710ms,49710,228.921,0.200650
49742ms,49742,228.910,0.199398
49790ms,49790,228.956,0.199923
49822ms,49822,228.711,0.198771
49854ms,49854,228.709,0.198811
49886ms,49886,228.672,0.199262
49918ms,49918,228.632,0.199231
49950ms,49950,228.231,0.197813
49982ms,49982,228.028,0.197288
50014ms,50014,228.250,0.198362
50046ms,50046,228.143,0.198682
50078ms,50078,227.986,0.197475
50110ms,50110,227.866,0.200548
50158ms,50158,227.784,0.197585
50190ms,50190,227.907,0.198253
50222ms,50222,227.818,0.198763
50254ms,50254,227.620,0.198235
50286ms,50286,227.592,0.198888
50318ms,50318,228.502,0.197975
50350ms,50350,229.268,0.202422
50382ms,50382,229.690,0.202607
50414ms,50414,229.938,0.202576
50446ms,50446,230.464,0.204139
50478ms,50478,230.314,0.203374
50510ms,50510,230.410,0.204027
50557ms,50557,230.425,0.204025
50590ms,50590,230.397,0.203880
50622ms,50622,230.416,0.203849
50654ms,50654,230.422,0.203636
50686ms,50686,230.400,0.203631
50718ms,50718,230.353,0.203222
50750ms,50750,230.197,0.200794
50782ms,50782,230.256,0.201412
50814ms,50814,230.112,0.201765
50846ms,50846,229.788,0.200766
50878ms,50878,229.603,0.201382
50925ms,50925,229.714,0.201739
50957ms,50957,229.528,0.201034
50990ms,50990,229.019,0.199893
51022ms,51022,229.214,0.199772
51054ms,51054,228.966,0.199597
51086ms,51086,228.749,0.199471
51118ms,51118,228.817,0.201107
51182ms,51182,229.116,0.200450
51214ms,51214,228.976,0.199838
51294ms,51294,228.808,0.198720
51325ms,51325,228.682,0.198486
51358ms,51358,228.774,0.199239
51389ms,51389,228.423,0.198443
51421ms,51421,228.244,0.197898
51454ms,51454,228.095,0.197503
51485ms,51485,228.285,0.198944
51518ms,51518,228.207,0.199005
51550ms,51550,228.044,0.196950
51582ms,51582,227.803,0.200775
51614ms,51614,227.847,0.197127
51646ms,51646,227.903,0.198661
51693ms,51693,227.801,0.198857
51725ms,51725,227.726,0.198055
51757ms,51757,227.563,0.198998
51821ms,51821,229.015,0.202484
51853ms,51853,229.519,0.202650
51885ms,51885,229.794,0.202409
51918ms,51918,230.323,0.202926
51949ms,51949,230.432,0.203681
51981ms,51981,230.478,0.203754
52014ms,52014,230.410,0.203408
52061ms,52061,230.460,0.203279
52093ms,52093,230.457,0.203587
52125ms,52125,230.452,0.203678
52157ms,52157,230.472,0.203801
52189ms,52189,230.425,0.203446
52221ms,52221,230.298,0.202312
52253ms,52253,230.258,0.201334
52285ms,52285,230.169,0.201015
52317ms,52317,229.798,0.202824
52349ms,52349,229.901,0.202076
52382ms,52382,229.742,0.201718
52414ms,52414,229.440,0.200496
52461ms,52461,229.357,0.199719
52493ms,52493,229.422,0.201980
52525ms,52525,229.280,0.200091
52557ms,52557,228.907,0.201030
52590ms,52590,228.992,0.200656
52621ms,52621,228.885,0.199521
52653ms,52653,229.029,0.200522
52685ms,52685,228.980,0.200293
52717ms,52717,228.797,0.199310
52749ms,52749,228.935,0.199758
52781ms,52781,228.764,0.200153
52829ms,52829,228.573,0.198918
52861ms,52861,228.456,0.198306
52893ms,52893,228.420,0.198404
52957ms,52957,228.310,0.199547
52989ms,52989,227.983,0.197158
53021ms,53021,228.071,0.197650
53053ms,53053,227.679,0.199015
53085ms,53085,227.780,0.198350
53117ms,53117,227.774,0.197085
53149ms,53149,227.757,0.199543
53197ms,53197,227.783,0.198125
53261ms,53261,227.932,0.199693
53293ms,53293,228.867,0.200902
53325ms,53325,229.590,0.202528
53357ms,53357,229.824,0.202664
53389ms,53389,230.249,0.203236
53421ms,53421,230.408,0.203859
53453ms,53453,230.442,0.203815
53485ms,53485,230.471,0.203255
53517ms,53517,230.460,0.203961
53565ms,53565,230.487,0.203825
53597ms,53597,230.422,0.202793
53629ms,53629,230.430,0.203346
53661ms,53661,230.315,0.202166
53693ms,53693,230.303,0.202548
53725ms,53725,230.240,0.201331
53757ms,53757,230.177,0.201020
53789ms,53789,229.829,0.202419
53821ms,53821,229.874,0.201834
53853ms,53853,229.698,0.200987
53885ms,53885,229.422,0.200643
53917ms,53917,229.367,0.200378
53965ms,53965,229.359,0.202462
53997ms,53997,229.143,0.200022
54029ms,54029,228.974,0.201166
54061ms,54061,229.000,0.200489
54093ms,54093,228.891,0.199847
54125ms,54125,229.013,0.200538
54157ms,54157,229.030,0.199988
54189ms,54189,228.734,0.198944
54221ms,54221,228.833,0.199127
54253ms,54253,228.778,0.200011
54285ms,54285,228.457,0.197841
54333ms,54333,228.519,0.198376
54365ms,54365,228.446,0.198303
54397ms,54397,228.322,0.197938
54429ms,54429,228.230,0.199021
54461ms,54461,228.080,0.197276
54493ms,54493,228.125,0.197370
54525ms,54525,227.693,0.201778
54557ms,54557,227.928,0.198291
54589ms,54589,227.832,0.197362
54621ms,54621,227.741,0.199492
54653ms,54653,227.835,0.198194
54685ms,54685,227.611,0.198486
54733ms,54733,228.165,0.198848
54797ms,54797,229.561,0.202052
54829ms,54829,229.783,0.202297
54861ms,54861,230.284,0.202445
54893ms,54893,230.426,0.203431
54925ms,54925,230.429,0.203528
54957ms,54957,230.402,0.203755
54989ms,54989,230.436,0.203319
55021ms,55021,230.411,0.202986
55053ms,55053,230.466,0.203708
55101ms,55101,230.379,0.203813
55133ms,55133,230.342,0.203190
55165ms,55165,230.244,0.202420
55197ms,55197,230.227,0.201391
55229ms,55229,230.122,0.202495
55261ms,55261,229.733,0.201157
55293ms,55293,229.955,0.201735
55325ms,55325,229.588,0.202434
55389ms,55389,229.348,0.200620
55421ms,55421,229.334,0.201520
55469ms,55469,229.042,0.198760
55501ms,55501,228.876,0.200822
55533ms,55533,229.031,0.200187
55565ms,55565,228.905,0.198727
55597ms,55597,228.973,0.200333
55629ms,55629,228.982,0.199634
55661ms,55661,228.805,0.199008
55693ms,55693,228.882,0.199064
55725ms,55725,228.831,0.200748
55757ms,55757,228.485,0.198390
55789ms,55789,228.514,0.198458
55821ms,55821,228.413,0.198673
55869ms,55869,228.249,0.197745
55901ms,55901,228.304,0.199698
55933ms,55933,228.030,0.197237
55965ms,55965,228.111,0.197430
55997ms,55997,227.722,0.202140
56029ms,56029,227.779,0.198451
56061ms,56061,227.742,0.197002
56125ms,56125,227.839,0.198189
56157ms,56157,227.598,0.198819
56189ms,56189,227.978,0.199415
56237ms,56237,228.791,0.201907
56269ms,56269,229.539,0.202404
56301ms,56301,229.762,0.202818
56333ms,56333,230.258,0.202356
56365ms,56365,230.545,0.203013
56397ms,56397,230.504,0.203810
56429ms,56429,230.487,0.203634
56461ms,56461,230.513,0.203591
56493ms,56493,230.395,0.203002
56525ms,56525,230.466,0.203403
56557ms,56557,230.432,0.203244
56605ms,56605,230.405,0.203874
56637ms,56637,230.364,0.202947
56669ms,56669,230.182,0.201262
56701ms,56701,230.123,0.201294
56733ms,56733,229.787,0.203087
56765ms,56765,229.811,0.201254
56797ms,56797,229.700,0.200229
56829ms,56829,229.446,0.200298
56861ms,56861,229.391,0.199179
56893ms,56893,229.295,0.202297
56925ms,56925,229.297,0.200341
56957ms,56957,228.949,0.200904
57005ms,57005,228.943,0.200131
57037ms,57037,228.798,0.199097
57069ms,57069,228.946,0.200246
57101ms,57101,229.001,0.200292
57133ms,57133,228.757,0.198837
57165ms,57165,228.927,0.199486
57197ms,57197,228.706,0.200383
57229ms,57229,228.610,0.198282
57261ms,57261,228.547,0.198561
57293ms,57293,228.437,0.198784
57325ms,57325,228.314,0.198981
57373ms,57373,228.238,0.200153
57405ms,57405,228.132,0.197856
57437ms,57437,228.092,0.197524
57469ms,57469,227.589,0.198089
57533ms,57533,227.883,0.197047
57565ms,57565,227.795,0.199387
57597ms,57597,227.791,0.198246
57629ms,57629,227.649,0.197929
57661ms,57661,227.734,0.199152
57693ms,57693,228.705,0.201422
57741ms,57741,229.435,0.202106
57773ms,57773,229.806,0.202042
57805ms,57805,230.178,0.202006
57837ms,57837,230.412,0.204120
57869ms,57869,230.516,0.203940
57901ms,57901,230.447,0.204021
57933ms,57933,230.445,0.204157
57965ms,57965,230.453,0.204222
57997ms,57997,230.446,0.204141
58029ms,58029,230.420,0.204001
58061ms,58061,230.389,0.203587
58109ms,58109,230.393,0.203336
58141ms,58141,230.182,0.201077
58173ms,58173,230.199,0.200338
58205ms,58205,229.950,0.203247
58237ms,58237,229.867,0.201222
58269ms,58269,229.769,0.199676
58301ms,58301,229.368,0.200135
58333ms,58333,229.328,0.199255
58397ms,58397,229.221,0.199848
58429ms,58429,228.964,0.200919
58509ms,58509,228.870,0.198809
58541ms,58541,229.051,0.200363
58573ms,58573,228.952,0.200072
58605ms,58605,228.823,0.199247
58637ms,58637,228.914,0.199850
58669ms,58669,228.623,0.200162
58701ms,58701,228.513,0.198064
58733ms,58733,228.552,0.198595
58765ms,58765,228.486,0.198579
58797ms,58797,228.435,0.198417
58829ms,58829,228.341,0.199977
58877ms,58877,228.054,0.197540
58909ms,58909,228.184,0.197072
58941ms,58941,227.718,0.198672
58973ms,58973,227.810,0.199441
59037ms,59037,227.797,0.199456
59069ms,59069,227.784,0.198533
59101ms,59101,227.635,0.197826
59133ms,59133,228.012,0.199392
59165ms,59165,228.840,0.202493
59197ms,59197,229.439,0.202545
59245ms,59245,229.781,0.202692
59277ms,59277,230.166,0.202153
59309ms,59309,230.450,0.203078
59341ms,59341,230.450,0.203849
59373ms,59373,230.463,0.204205
59405ms,59405,230.471,0.203460
59437ms,59437,230.478,0.203582
59469ms,59469,230.388,0.203565
59501ms,59501,230.480,0.204105
59533ms,59533,230.409,0.203795
59565ms,59565,230.336,0.202540
59613ms,59613,230.204,0.201206
59645ms,59645,230.184,0.200994
59677ms,59677,229.995,0.203383
59709ms,59709,229.773,0.201755
59741ms,59741,229.793,0.199317
59773ms,59773,229.455,0.199837
59805ms,59805,229.262,0.198817
59869ms,59869,229.280,0.200208
59901ms,59901,229.011,0.200534
59933ms,59933,228.792,0.199657
59981ms,59981,228.814,0.199160
60013ms,60013,228.998,0.200117
60045ms,60045,228.992,0.200338
60077ms,60077,228.863,0.199418
60109ms,60109,228.906,0.199459
60141ms,60141,228.586,0.198599
60173ms,60173,228.673,0.198715
60205ms,60205,228.619,0.199195
60237ms,60237,228.588,0.198717
60269ms,60269,228.250,0.199675
60301ms,60301,228.078,0.197861
60333ms,60333,228.092,0.197713
60381ms,60381,228.120,0.197210
60413ms,60413,227.747,0.197865
60445ms,60445,227.885,0.198630
60477ms,60477,227.934,0.196919
60509ms,60509,227.833,0.199230
60541ms,60541,227.856,0.198277
60573ms,60573,227.564,0.198474
60605ms,60605,227.726,0.198223
60637ms,60637,228.502,0.199776
60669ms,60669,229.486,0.202603
60701ms,60701,229.625,0.202949
60749ms,60749,230.190,0.202772
60781ms,60781,230.407,0.204427
60813ms,60813,230.421,0.203454
60845ms,60845,230.458,0.204416
60877ms,60877,230.397,0.204514
60909ms,60909,230.419,0.204202
60941ms,60941,230.467,0.204281
60973ms,60973,230.386,0.203485
61005ms,61005,230.401,0.204050
61037ms,61037,230.387,0.203865
61069ms,61069,230.191,0.201241
61101ms,61101,230.337,0.200685
61149ms,61149,230.135,0.201877
61181ms,61181,229.782,0.200709
61213ms,61213,229.739,0.202201
61245ms,61245,229.722,0.202542
61277ms,61277,229.481,0.201213
61309ms,61309,228.976,0.199842
61341ms,61341,229.153,0.200156
61373ms,61373,228.970,0.199412
61405ms,61405,228.719,0.199305
61437ms,61437,228.878,0.201362
61549ms,61549,228.897,0.199440
61581ms,61581,229.000,0.200302
61645ms,61645,228.735,0.198973
61709ms,61709,228.608,0.199812
61741ms,61741,228.173,0.197959
61773ms,61773,228.034,0.197313
61805ms,61805,228.223,0.197981
61837ms,61837,228.229,0.197768
61885ms,61885,227.781,0.197459
61917ms,61917,227.940,0.199611
61949ms,61949,227.902,0.197359
61981ms,61981,227.869,0.199193
62013ms,62013,227.829,0.198493
62045ms,62045,227.661,0.198249
62077ms,62077,227.721,0.198303
62109ms,62109,228.508,0.199192
62141ms,62141,229.185,0.203043
62173ms,62173,229.643,0.202867
62205ms,62205,229.973,0.202416
62237ms,62237,230.587,0.203687
62285ms,62285,230.445,0.203989
62317ms,62317,230.451,0.204050
62349ms,62349,230.446,0.204010
62381ms,62381,230.500,0.204374
62413ms,62413,230.432,0.203915
62445ms,62445,230.550,0.204059
62477ms,62477,230.405,0.204041
62509ms,62509,230.415,0.203377
62541ms,62541,230.288,0.202977
62573ms,62573,230.166,0.201185
62605ms,62605,230.178,0.200975
62653ms,62653,229.773,0.201388
62685ms,62685,229.914,0.201750
62717ms,62717,229.630,0.202855
62749ms,62749,229.382,0.200679
62781ms,62781,229.447,0.200753
62813ms,62813,229.120,0.199449
62845ms,62845,228.945,0.197985
62877ms,62877,228.621,0.198751
62909ms,62909,229.007,0.200560
62941ms,62941,228.935,0.199447
62973ms,62973,228.991,0.200293
63005ms,63005,228.961,0.199738
63053ms,63053,228.798,0.200653
63085ms,63085,228.755,0.198944
63117ms,63117,228.756,0.199042
63149ms,63149,228.673,0.200471
63181ms,63181,228.432,0.197862
63213ms,63213,228.253,0.198559
63245ms,63245,228.162,0.197801
63277ms,63277,228.366,0.198976
63309ms,63309,228.120,0.198963
63341ms,63341,228.067,0.196904
63373ms,63373,227.815,0.200816
63421ms,63421,227.913,0.197375
63453ms,63453,227.831,0.197803
63485ms,63485,227.863,0.198523
63517ms,63517,227.677,0.198327
63549ms,63549,227.622,0.197570
63581ms,63581,228.232,0.199917
63613ms,63613,228.934,0.202800
63645ms,63645,229.564,0.201589
63677ms,63677,229.829,0.201702
63709ms,63709,230.340,0.201042
63741ms,63741,230.594,0.202179
63789ms,63789,230.736,0.203250
63821ms,63821,230.730,0.202781
63853ms,63853,230.722,0.202658
63885ms,63885,230.663,0.202688
63917ms,63917,230.612,0.203417
63949ms,63949,230.602,0.203687
63981ms,63981,230.376,0.203215
64013ms,64013,230.302,0.203315
64045ms,64045,230.211,0.201214
64077ms,64077,230.126,0.201350
64109ms,64109,229.918,0.202995
64141ms,64141,229.784,0.201385
64189ms,64189,229.477,0.202416
64253ms,64253,229.343,0.200664
64285ms,64285,229.325,0.201702
64317ms,64317,229.109,0.200239
64349ms,64349,228.917,0.200807
64381ms,64381,228.991,0.200636
64413ms,64413,228.867,0.199358
64445ms,64445,228.948,0.200688
64477ms,64477,228.964,0.199618
64509ms,64509,228.731,0.198387
64557ms,64557,228.884,0.199158
64589ms,64589,228.865,0.199407
64621ms,64621,228.686,0.200506
64653ms,64653,228.440,0.198354
64685ms,64685,228.363,0.198505
64749ms,64749,228.390,0.199114
64813ms,64813,228.005,0.197394
64845ms,64845,227.709,0.200383
64877ms,64877,227.951,0.197162
64925ms,64925,227.936,0.198402
64957ms,64957,227.905,0.198485
64989ms,64989,227.771,0.198040
65021ms,65021,227.662,0.197816
65053ms,65053,228.343,0.198831
65085ms,65085,228.882,0.201620
65117ms,65117,229.599,0.201347
65149ms,65149,230.080,0.203767
65213ms,65213,230.553,0.203545
65245ms,65245,230.543,0.204248
65293ms,65293,230.573,0.203461
65325ms,65325,230.590,0.203086
65357ms,65357,230.587,0.203360
65421ms,65421,230.584,0.203096
65453ms,65453,230.396,0.203461
65485ms,65485,230.362,0.202837
65517ms,65517,230.246,0.201626
65549ms,65549,230.167,0.200360
65581ms,65581,229.807,0.201135
65613ms,65613,229.867,0.202011
65645ms,65645,229.635,0.202614
65693ms,65693,229.393,0.200454
65725ms,65725,229.430,0.200334
65757ms,65757,229.118,0.202488
65789ms,65789,228.991,0.198411
65821ms,65821,228.633,0.199469
65853ms,65853,228.961,0.200364
65885ms,65885,228.843,0.199741
65917ms,65917,228.947,0.200609
65949ms,65949,228.930,0.199877
65981ms,65981,228.648,0.199276
66013ms,66013,228.850,0.198988
66061ms,66061,228.831,0.199582
66093ms,66093,228.574,0.200587
66125ms,66125,228.493,0.197973
66157ms,66157,228.315,0.198625
66189ms,66189,228.192,0.197622
66221ms,66221,228.288,0.198798
66253ms,66253,228.045,0.197843
66285ms,66285,227.913,0.197666
66317ms,66317,227.821,0.200129
66349ms,66349,227.805,0.197312
66381ms,66381,227.851,0.198772
66413ms,66413,227.881,0.198366
66461ms,66461,227.759,0.198632
66493ms,66493,227.664,0.197904
66525ms,66525,228.162,0.199515
66557ms,66557,228.978,0.201564
66589ms,66589,229.567,0.202417
66621ms,66621,229.811,0.202543
66685ms,66685,230.575,0.203153
66749ms,66749,230.557,0.203103
66781ms,66781,230.581,0.202879
66829ms,66829,230.481,0.203513
66861ms,66861,230.544,0.202514
66893ms,66893,230.488,0.203929
66925ms,66925,230.515,0.203322
66957ms,66957,230.409,0.203620
66989ms,66989,230.163,0.201290
67021ms,67021,230.260,0.200668
67053ms,67053,230.111,0.202742
67085ms,67085,229.875,0.200769
67117ms,67117,229.701,0.199429
67149ms,67149,229.494,0.200865
67197ms,67197,229.212,0.199900
67229ms,67229,229.242,0.201026
67261ms,67261,229.214,0.199979
67293ms,67293,228.917,0.200278
67325ms,67325,228.763,0.199364
67357ms,67357,228.909,0.201455
67389ms,67389,228.946,0.200241
67421ms,67421,228.908,0.199946
67453ms,67453,228.844,0.199260
67517ms,67517,228.596,0.198208
67549ms,67549,228.630,0.198613
67597ms,67597,228.612,0.199094
67629ms,67629,228.605,0.198894
67661ms,67661,228.231,0.199210
67693ms,67693,228.108,0.198027
67725ms,67725,228.191,0.198420
67757ms,67757,228.237,0.197805
67789ms,67789,227.902,0.197283
67821ms,67821,228.054,0.198489
67853ms,67853,227.963,0.197043
67885ms,67885,227.809,0.199376
67917ms,67917,227.864,0.198305
67965ms,67965,227.692,0.197802
67997ms,67997,227.724,0.197873
68029ms,68029,228.501,0.199573
68061ms,68061,229.437,0.202251
68093ms,68093,229.664,0.202343
68125ms,68125,230.151,0.201905
68157ms,68157,230.409,0.203662
68189ms,68189,230.450,0.203835
68221ms,68221,230.463,0.203670
68253ms,68253,230.494,0.202996
68285ms,68285,230.447,0.203436
68333ms,68333,230.463,0.203788
68365ms,68365,230.429,0.203145
68397ms,68397,230.412,0.203727
68429ms,68429,230.323,0.203325
68461ms,68461,230.168,0.200913
68493ms,68493,230.233,0.201049
68525ms,68525,230.186,0.202056
68557ms,68557,229.784,0.201671
68589ms,68589,229.616,0.199368
68621ms,68621,229.460,0.202848
68653ms,68653,229.480,0.200813
68685ms,68685,229.024,0.200710
68733ms,68733,229.215,0.199916
68765ms,68765,228.960,0.200337
68797ms,68797,228.737,0.199615
68829ms,68829,228.944,0.201007
68861ms,68861,228.899,0.199692
68893ms,68893,228.927,0.199733
68925ms,68925,228.705,0.199413
68957ms,68957,228.926,0.200207
68989ms,68989,228.514,0.198314
69021ms,69021,228.669,0.198604
69053ms,69053,228.651,0.199033
69101ms,69101,228.684,0.199394
69133ms,69133,228.173,0.197649
69165ms,69165,228.023,0.197701
69197ms,69197,228.194,0.198183
69229ms,69229,228.234,0.197896
69261ms,69261,227.835,0.197706
69293ms,69293,227.949,0.198177
69325ms,69325,227.927,0.197274
69357ms,69357,227.830,0.199459
69389ms,69389,227.859,0.198272
69421ms,69421,227.685,0.197800
69469ms,69469,227.681,0.198133
69533ms,69533,229.259,0.203220
69565ms,69565,229.761,0.201553
69597ms,69597,230.114,0.200834
69629ms,69629,230.570,0.203198
69661ms,69661,230.929,0.202861
69693ms,69693,230.901,0.202483
69725ms,69725,230.893,0.202413
69757ms,69757,230.922,0.203069
69789ms,69789,230.922,0.202875
69821ms,69821,230.925,0.202646
69869ms,69869,230.930,0.203263
69901ms,69901,230.704,0.202883
69933ms,69933,230.455,0.202926
69965ms,69965,230.269,0.201406
69997ms,69997,230.297,0.200365
70029ms,70029,229.908,0.199763
70093ms,70093,229.685,0.202403
70157ms,70157,229.609,0.199900
70189ms,70189,229.163,0.199862
70237ms,70237,229.082,0.197856
70269ms,70269,228.666,0.198803
70301ms,70301,229.014,0.200820
70333ms,70333,228.919,0.199740
70365ms,70365,228.911,0.200219
70397ms,70397,228.851,0.199678
70429ms,70429,229.033,0.200532
70493ms,70493,228.761,0.199002
70525ms,70525,228.616,0.200178
70557ms,70557,228.414,0.199457
70605ms,70605,228.224,0.197863
70637ms,70637,228.189,0.197683
70669ms,70669,228.225,0.198751
70701ms,70701,228.137,0.198674
70733ms,70733,227.943,0.197340
70765ms,70765,228.018,0.198679
70797ms,70797,227.881,0.197119
70829ms,70829,227.891,0.199567
70861ms,70861,227.890,0.198526
70893ms,70893,227.719,0.197956
70925ms,70925,227.654,0.198052
70957ms,70957,228.484,0.200169
71005ms,71005,229.287,0.203499
71037ms,71037,229.720,0.201456
71069ms,71069,230.087,0.203018
71101ms,71101,230.368,0.204136
71133ms,71133,230.508,0.203169
71165ms,71165,230.521,0.204238
71197ms,71197,230.519,0.204077
71229ms,71229,230.433,0.204082
71261ms,71261,230.547,0.204478
71293ms,71293,230.514,0.204533
71373ms,71373,230.393,0.204130
71405ms,71405,230.252,0.202565
71437ms,71437,230.203,0.201521
71469ms,71469,230.276,0.201125
71501ms,71501,229.855,0.201209
71533ms,71533,229.949,0.201939
71565ms,71565,229.628,0.202642
71597ms,71597,229.419,0.200883
71629ms,71629,229.206,0.200903
71661ms,71661,229.058,0.200100
71693ms,71693,228.911,0.198534
71741ms,71741,228.720,0.199482
71773ms,71773,229.044,0.201007
71805ms,71805,228.929,0.200351
71837ms,71837,228.906,0.200335
71869ms,71869,228.874,0.199343
71901ms,71901,229.049,0.200665
71933ms,71933,228.597,0.198440
71965ms,71965,228.735,0.199050
71997ms,71997,228.728,0.199614
72029ms,72029,228.614,0.199465
72061ms,72061,228.199,0.198217
72093ms,72093,228.144,0.197742
72141ms,72141,228.288,0.198096
72173ms,72173,228.155,0.198627
72205ms,72205,228.004,0.196976
72237ms,72237,228.063,0.198731
72269ms,72269,227.949,0.197531
72301ms,72301,227.952,0.199525
72333ms,72333,227.858,0.198473
72365ms,72365,227.657,0.198445
72397ms,72397,227.622,0.198167
72429ms,72429,228.400,0.199189
72461ms,72461,229.156,0.203369
72509ms,72509,229.705,0.201578
72541ms,72541,230.036,0.203200
72573ms,72573,230.442,0.203624
72605ms,72605,230.439,0.204020
72637ms,72637,230.430,0.204126
72669ms,72669,230.363,0.204176
72701ms,72701,230.399,0.204590
72733ms,72733,230.448,0.204383
72797ms,72797,230.476,0.204637
72829ms,72829,230.426,0.203836
72861ms,72861,230.321,0.202847
72909ms,72909,230.245,0.201359
72941ms,72941,230.245,0.200511
72973ms,72973,229.980,0.201093
73005ms,73005,229.941,0.201064
73037ms,73037,229.756,0.199978
73069ms,73069,229.493,0.200563
73101ms,73101,229.483,0.199166
73133ms,73133,229.419,0.202155
73165ms,73165,229.264,0.199950
73197ms,73197,229.013,0.200961
73229ms,73229,229.011,0.200247
73277ms,73277,228.924,0.199723
73309ms,73309,229.011,0.200768
73373ms,73373,228.759,0.200031
73405ms,73405,228.789,0.199298
73437ms,73437,228.794,0.199729
73469ms,73469,228.656,0.200607
73501ms,73501,228.504,0.198101
73533ms,73533,228.434,0.198240
73565ms,73565,228.175,0.197727
73597ms,73597,228.337,0.198992
73645ms,73645,227.927,0.199180
73677ms,73677,228.022,0.197264
73709ms,73709,227.821,0.199847
73741ms,73741,227.926,0.197099
73773ms,73773,227.865,0.199072
73805ms,73805,227.923,0.198641
73837ms,73837,227.755,0.198368
73869ms,73869,227.633,0.197877
73901ms,73901,228.069,0.199975
73933ms,73933,228.996,0.200803
73965ms,73965,229.664,0.201226
73997ms,73997,229.730,0.202617
74045ms,74045,230.507,0.202666
74077ms,74077,230.542,0.203008
74109ms,74109,230.615,0.203755
74141ms,74141,230.557,0.203165
74173ms,74173,230.547,0.203385
74205ms,74205,230.513,0.203613
74237ms,74237,230.550,0.202651
74269ms,74269,230.466,0.203742
74301ms,74301,230.416,0.203607
74333ms,74333,230.307,0.203513
74365ms,74365,230.194,0.201239
74413ms,74413,230.148,0.200906
74445ms,74445,229.842,0.203534
74477ms,74477,229.885,0.200300
74509ms,74509,229.687,0.199723
74541ms,74541,229.431,0.200637
74605ms,74605,229.322,0.202444
74669ms,74669,228.915,0.200594
74701ms,74701,228.850,0.199886
74733ms,74733,228.818,0.199137
74781ms,74781,228.902,0.200517
74813ms,74813,228.847,0.200336
74845ms,74845,228.774,0.198776
74877ms,74877,228.861,0.199150
74909ms,74909,228.906,0.200132
74941ms,74941,228.386,0.198527
74973ms,74973,228.449,0.198456
75005ms,75005,228.383,0.198909
75037ms,75037,228.271,0.197669
75069ms,75069,228.380,0.198805
75101ms,75101,228.087,0.197992
75133ms,75133,228.052,0.197122
75181ms,75181,227.840,0.200119
75213ms,75213,227.882,0.197255
75245ms,75245,227.809,0.197558
75277ms,75277,227.708,0.198761
75309ms,75309,227.761,0.198474
75341ms,75341,227.636,0.197932
75373ms,75373,228.177,0.199642
75405ms,75405,229.035,0.201361
75437ms,75437,229.665,0.200624
75469ms,75469,229.861,0.202143
75501ms,75501,230.516,0.202920
75549ms,75549,230.583,0.202622
75581ms,75581,230.552,0.202886
75613ms,75613,230.596,0.203112
75645ms,75645,230.608,0.203129
75677ms,75677,230.558,0.202763
75709ms,75709,230.580,0.203000
75741ms,75741,230.527,0.203297
75773ms,75773,230.440,0.203559
75805ms,75805,230.308,0.203447
75837ms,75837,230.164,0.201311
75869ms,75869,230.108,0.201252
75916ms,75916,229.873,0.202761
75948ms,75948,229.831,0.201130
75981ms,75981,229.583,0.201180
76013ms,76013,229.475,0.200548
76045ms,76045,229.415,0.199116
76077ms,76077,229.392,0.202419
76109ms,76109,229.245,0.200179
76141ms,76141,229.018,0.200894
76173ms,76173,228.847,0.199742
76237ms,76237,228.878,0.200349
76269ms,76269,228.851,0.200306
76316ms,76316,228.879,0.200709
76349ms,76349,228.752,0.199125
76380ms,76380,228.866,0.199879
76413ms,76413,228.662,0.200728
76445ms,76445,228.409,0.198437
76477ms,76477,228.297,0.198738
76509ms,76509,228.233,0.197683
76541ms,76541,228.347,0.198879
76604ms,76604,228.078,0.197166
76637ms,76637,227.796,0.200337
76685ms,76685,227.906,0.196905
76717ms,76717,227.790,0.199276
76748ms,76748,227.896,0.198633
76780ms,76780,227.756,0.198434
76813ms,76813,227.621,0.197923
76844ms,76844,227.971,0.199347
76877ms,76877,228.968,0.200515
76909ms,76909,229.487,0.201104
76940ms,76940,229.789,0.202134
76973ms,76973,230.489,0.202601
77005ms,77005,230.599,0.203129
77052ms,77052,230.584,0.203291
77084ms,77084,230.492,0.203773
77116ms,77116,230.517,0.203594
77148ms,77148,230.542,0.203368
77181ms,77181,230.486,0.203274
77212ms,77212,230.539,0.203568
77244ms,77244,230.481,0.203580
77277ms,77277,230.380,0.203566
77308ms,77308,230.139,0.201184
77340ms,77340,230.203,0.200743
77373ms,77373,229.950,0.202751
77405ms,77405,229.811,0.200963
77453ms,77453,229.667,0.199819
77484ms,77484,229.390,0.200649
77516ms,77516,229.239,0.199251
77549ms,77549,229.248,0.201495
77581ms,77581,229.204,0.200036
77612ms,77612,228.952,0.200800
77645ms,77645,228.753,0.199350
77677ms,77677,228.830,0.200888
77708ms,77708,228.901,0.200528
77740ms,77740,228.962,0.200329
77773ms,77773,228.740,0.199029
77820ms,77820,228.903,0.200012
77852ms,77852,228.827,0.199850
77884ms,77884,228.541,0.198732
77916ms,77916,228.522,0.198877
77949ms,77949,228.472,0.198751
77981ms,77981,228.383,0.198998
78013ms,78013,228.352,0.199846
78076ms,78076,228.059,0.197394
78108ms,78108,227.784,0.197865
78141ms,78141,227.893,0.197950
78188ms,78188,227.931,0.197145
78220ms,78220,227.748,0.199717
78252ms,78252,227.746,0.198449
78284ms,78284,227.625,0.198026
78316ms,78316,227.760,0.198412
78349ms,78349,228.791,0.200784
78380ms,78380,229.472,0.202491
78413ms,78413,229.732,0.202449
78445ms,78445,230.515,0.202118
78476ms,78476,230.541,0.203572
78509ms,78509,230.544,0.203716
78540ms,78540,230.536,0.203742
78588ms,78588,230.440,0.203626
78652ms,78652,230.499,0.202778
78716ms,78716,230.420,0.203585
78748ms,78748,230.404,0.202668
78780ms,78780,230.237,0.201612
78812ms,78812,230.259,0.200992
78844ms,78844,230.015,0.202103
78876ms,78876,229.814,0.200921
78909ms,78909,229.540,0.199215
78956ms,78956,229.522,0.201931
78988ms,78988,229.299,0.200432
79020ms,79020,229.156,0.200352
79052ms,79052,229.262,0.200253
79084ms,79084,228.926,0.200978
79116ms,79116,228.791,0.199513
79148ms,79148,228.773,0.201543
79180ms,79180,228.892,0.200684
79212ms,79212,228.872,0.200757
79244ms,79244,228.811,0.199078
79276ms,79276,228.916,0.200263
79324ms,79324,228.650,0.200351
79356ms,79356,228.568,0.198212
79388ms,79388,228.511,0.198880
79420ms,79420,228.457,0.198781
79452ms,79452,228.414,0.198527
79484ms,79484,228.291,0.199130
79516ms,79516,228.042,0.197718
79548ms,79548,228.157,0.197803
79580ms,79580,227.659,0.197950
79612ms,79612,227.989,0.197812
79644ms,79644,227.846,0.197159
79676ms,79676,227.747,0.200257
79724ms,79724,227.875,0.197875
79756ms,79756,227.709,0.197943
79788ms,79788,227.647,0.198828
79820ms,79820,228.592,0.200341
79852ms,79852,229.358,0.202516
79884ms,79884,229.779,0.201493
79916ms,79916,230.276,0.202146
79948ms,79948,230.458,0.203360
79980ms,79980,230.490,0.203778
80044ms,80044,230.496,0.204161
80092ms,80092,230.503,0.203482
80124ms,80124,230.532,0.203557
80156ms,80156,230.489,0.203852
80188ms,80188,230.442,0.204431
80220ms,80220,230.400,0.204086
80284ms,80284,230.231,0.200954
80316ms,80316,230.286,0.203080
80348ms,80348,229.878,0.201630
80380ms,80380,229.439,0.201288
80412ms,80412,229.644,0.202435
80460ms,80460,229.503,0.201252
80492ms,80492,229.218,0.200241
80524ms,80524,229.237,0.199743
80556ms,80556,229.004,0.199365
80588ms,80588,228.793,0.199428
80620ms,80620,228.897,0.201002
80652ms,80652,228.778,0.199949
80684ms,80684,228.839,0.199745
80716ms,80716,228.781,0.198987
80748ms,80748,229.005,0.200258
80780ms,80780,228.519,0.198391
80812ms,80812,228.623,0.198751
80860ms,80860,228.579,0.199271
80892ms,80892,228.611,0.199236
80924ms,80924,228.387,0.198675
80956ms,80956,228.127,0.197678
80988ms,80988,228.139,0.197680
81020ms,81020,228.123,0.197095
81052ms,81052,227.774,0.198007
81084ms,81084,227.985,0.197964
81116ms,81116,227.881,0.196954
81148ms,81148,227.812,0.200191
81180ms,81180,227.899,0.198117
81228ms,81228,227.688,0.197920
81260ms,81260,227.757,0.198272
81292ms,81292,228.736,0.199177
81324ms,81324,229.371,0.202039
81356ms,81356,229.788,0.201630
81388ms,81388,230.425,0.202274
81420ms,81420,230.495,0.203825
81452ms,81452,230.520,0.203673
81484ms,81484,230.536,0.203537
81516ms,81516,230.615,0.203769
81548ms,81548,230.529,0.202991
81580ms,81580,230.649,0.203332
81628ms,81628,230.578,0.202992
81660ms,81660,230.543,0.203628
81692ms,81692,230.429,0.203644
81724ms,81724,230.190,0.201150
81756ms,81756,230.257,0.200738
81788ms,81788,230.248,0.201208
81852ms,81852,229.483,0.200622
81916ms,81916,229.487,0.201084
81964ms,81964,229.203,0.199980
81996ms,81996,229.184,0.199844
82028ms,82028,228.863,0.200099
82060ms,82060,228.752,0.199314
82092ms,82092,228.942,0.201034
82092ms,82092,228.942,0.201034
82124ms,82124,228.932,0.199977
82124ms,82124,228.932,0.199977
82156ms,82156,228.917,0.200477
82156ms,82156,228.917,0.200477
82188ms,82188,228.902,0.199198
82220ms,82220,228.908,0.200084
82252ms,82252,228.567,0.198189
82284ms,82284,228.726,0.198588
82316ms,82316,228.613,0.199284
82396ms,82396,228.189,0.199995
82428ms,82428,228.081,0.197558
82460ms,82460,228.123,0.197995
82492ms,82492,228.089,0.197733
82524ms,82524,227.768,0.197266
82556ms,82556,227.940,0.198364
82588ms,82588,227.800,0.197010
82620ms,82620,227.850,0.199858
82652ms,82652,227.822,0.198590
82684ms,82684,227.689,0.198231
82732ms,82732,227.681,0.198669
82764ms,82764,228.465,0.199113
82796ms,82796,229.326,0.202215
82828ms,82828,229.705,0.202138
82860ms,82860,230.257,0.202506
82892ms,82892,230.571,0.203342
82924ms,82924,230.543,0.203629
82956ms,82956,230.573,0.203779
82988ms,82988,230.604,0.203530
83020ms,83020,230.556,0.203601
83052ms,83052,230.565,0.203580
83100ms,83100,230.570,0.202857
83132ms,83132,230.484,0.203801
83164ms,83164,230.415,0.203675
83196ms,83196,230.214,0.202061
83228ms,83228,230.264,0.200922
83292ms,83292,229.727,0.200541
83324ms,83324,229.602,0.201395
83356ms,83356,229.681,0.202646
83388ms,83388,229.465,0.200327
83420ms,83420,229.139,0.199601
83468ms,83468,229.266,0.199937
83500ms,83500,228.987,0.198564
83532ms,83532,228.747,0.199446
83564ms,83564,228.993,0.201176
83596ms,83596,228.838,0.199812
83628ms,83628,228.903,0.200012
83660ms,83660,228.814,0.199040
83692ms,83692,228.942,0.200721
83724ms,83724,228.560,0.198557
83756ms,83756,228.686,0.198357
83788ms,83788,228.602,0.199425
83820ms,83820,228.533,0.198572
83868ms,83868,228.399,0.199008
83900ms,83900,228.042,0.198302
83932ms,83932,228.125,0.198462
83964ms,83964,228.115,0.197382
83996ms,83996,227.699,0.197858
84028ms,84028,227.971,0.197884
84060ms,84060,227.911,0.196574
84092ms,84092,227.799,0.199652
84124ms,84124,227.824,0.198577
84156ms,84156,227.647,0.198040
84188ms,84188,227.628,0.198703
84236ms,84236,228.430,0.200399
84268ms,84268,229.280,0.202051
84300ms,84300,229.736,0.201768
84332ms,84332,230.300,0.201855
84364ms,84364,230.626,0.202727
84396ms,84396,230.574,0.203089
84428ms,84428,230.621,0.202989
84460ms,84460,230.571,0.202901
84492ms,84492,230.522,0.203484
84524ms,84524,230.504,0.203681
84556ms,84556,230.536,0.203681
84636ms,84636,230.382,0.203946
84668ms,84668,230.281,0.203484
84700ms,84700,230.203,0.201215
84732ms,84732,230.230,0.201524
84764ms,84764,229.779,0.201083
84796ms,84796,229.934,0.201891
84828ms,84828,229.558,0.202554
84860ms,84860,229.389,0.200380
84892ms,84892,229.457,0.200506
84924ms,84924,229.169,0.201726
84956ms,84956,228.966,0.199115
85004ms,85004,228.735,0.201069
85036ms,85036,228.956,0.200106
85068ms,85068,228.829,0.199505
85100ms,85100,228.940,0.200574
85132ms,85132,228.850,0.199609
85164ms,85164,229.004,0.200660
85196ms,85196,228.688,0.198382
85228ms,85228,228.783,0.199195
85260ms,85260,228.686,0.199290
85292ms,85292,228.593,0.199246
85324ms,85324,228.135,0.198073
85372ms,85372,228.113,0.197538
85404ms,85404,228.176,0.197925
85436ms,85436,228.210,0.198277
85468ms,85468,227.821,0.197236
85500ms,85500,227.941,0.198754
85532ms,85532,227.894,0.196788
85564ms,85564,227.820,0.200376
85596ms,85596,227.797,0.198536
85660ms,85660,227.534,0.197801
85692ms,85692,228.306,0.199746
85724ms,85724,228.945,0.202603
85772ms,85772,229.647,0.201123
85804ms,85804,230.021,0.202607
85836ms,85836,230.514,0.203105
85868ms,85868,230.492,0.204715
85900ms,85900,230.624,0.205023
85932ms,85932,230.559,0.204910
85964ms,85964,230.556,0.204705
85996ms,85996,230.504,0.204326
86028ms,86028,230.477,0.204197
86060ms,86060,230.496,0.204454
86140ms,86140,230.280,0.203113
86172ms,86172,230.261,0.201261
86204ms,86204,230.270,0.200649
86236ms,86236,229.980,0.201019
86268ms,86268,229.987,0.200920
86300ms,86300,229.680,0.201082
86332ms,86332,229.431,0.201067
86364ms,86364,229.413,0.200146
86396ms,86396,229.447,0.202107
86428ms,86428,229.227,0.199880
86460ms,86460,229.001,0.201110
86508ms,86508,228.863,0.199879
86540ms,86540,228.669,0.198911
86572ms,86572,228.863,0.200298
86604ms,86604,228.781,0.200246
86636ms,86636,228.939,0.201067
86668ms,86668,228.727,0.198719
86700ms,86700,228.836,0.199859
86732ms,86732,228.731,0.199878
86764ms,86764,228.432,0.199486
86796ms,86796,228.259,0.198134
86828ms,86828,228.157,0.197454
86860ms,86860,228.248,0.198309
86908ms,86908,228.198,0.197724
86940ms,86940,227.899,0.197939
86972ms,86972,227.976,0.198495
87004ms,87004,227.899,0.197202
87036ms,87036,227.878,0.200235
87068ms,87068,227.761,0.198955
87100ms,87100,227.675,0.197968
87132ms,87132,227.627,0.198043
87164ms,87164,228.253,0.200142
87196ms,87196,229.026,0.201878
87228ms,87228,229.645,0.200805
87308ms,87308,230.531,0.203359
87340ms,87340,230.505,0.203852
87372ms,87372,230.507,0.203826
87404ms,87404,230.490,0.203236
87436ms,87436,230.539,0.204028
87468ms,87468,230.486,0.203621
87500ms,87500,230.518,0.203394
87532ms,87532,230.564,0.203610
87564ms,87564,230.476,0.204107
87596ms,87596,230.374,0.203778
87644ms,87644,230.213,0.201112
87676ms,87676,230.183,0.201105
87708ms,87708,229.992,0.203013
87772ms,87772,229.636,0.202404
87804ms,87804,229.391,0.200478
87836ms,87836,229.420,0.199547
87868ms,87868,229.400,0.202127
87900ms,87900,229.098,0.200185
87932ms,87932,228.900,0.201238
87964ms,87964,228.976,0.200379
87996ms,87996,228.866,0.199304
88044ms,88044,228.952,0.200068
88076ms,88076,228.741,0.199500
88108ms,88108,228.961,0.201106
88140ms,88140,228.799,0.198740
88172ms,88172,228.808,0.199591
88204ms,88204,228.736,0.200056
88236ms,88236,228.483,0.198330
88268ms,88268,228.338,0.198497
88300ms,88300,228.138,0.197532
88332ms,88332,228.305,0.198878
88364ms,88364,228.092,0.199004
88412ms,88412,227.826,0.197639
88444ms,88444,227.942,0.198781
88476ms,88476,227.931,0.197083
88508ms,88508,227.892,0.199828
88540ms,88540,227.916,0.198515
88572ms,88572,227.739,0.197967
88604ms,88604,227.645,0.197878
88636ms,88636,228.237,0.199830
88668ms,88668,229.082,0.202248
88700ms,88700,229.585,0.201320
88732ms,88732,229.917,0.203219
88780ms,88780,230.487,0.203292
88812ms,88812,230.556,0.203669
88844ms,88844,230.597,0.203380
88876ms,88876,230.610,0.204094
88908ms,88908,230.605,0.203957
88940ms,88940,230.588,0.203973
89004ms,89004,230.552,0.203189
89036ms,89036,230.414,0.204047
89068ms,89068,230.282,0.203570
89100ms,89100,230.161,0.201588
89132ms,89132,230.199,0.201060
89180ms,89180,229.836,0.200829
89212ms,89212,229.892,0.201696
89244ms,89244,229.624,0.202318
89276ms,89276,229.426,0.200745
89308ms,89308,229.490,0.200161
89340ms,89340,229.177,0.200908
89372ms,89372,228.938,0.198473
89404ms,89404,228.710,0.200702
89436ms,89436,228.941,0.200344
89468ms,89468,228.828,0.199528
89500ms,89500,228.881,0.200459
89548ms,89548,228.874,0.199127
89580ms,89580,229.029,0.200832
89612ms,89612,228.712,0.198552
89644ms,89644,228.723,0.199115
89676ms,89676,228.645,0.200321
89708ms,89708,228.394,0.198356
89740ms,89740,228.227,0.198228
89772ms,89772,228.118,0.197333
89804ms,89804,228.233,0.197957
89836ms,89836,228.179,0.197896
89868ms,89868,227.860,0.197021
89900ms,89900,227.912,0.198593
89980ms,89980,227.840,0.200126
90012ms,90012,227.767,0.198745
90044ms,90044,227.708,0.197851
90076ms,90076,227.533,0.198132
90108ms,90108,228.177,0.199342
90140ms,90140,228.946,0.202114
90172ms,90172,229.673,0.201448
90204ms,90204,230.024,0.202700
90236ms,90236,230.512,0.202824
90268ms,90268,230.527,0.203363
90316ms,90316,230.573,0.203917
90348ms,90348,230.565,0.203437
90380ms,90380,230.505,0.202901
90412ms,90412,230.488,0.203683
90444ms,90444,230.573,0.203451
90476ms,90476,230.544,0.203746
90508ms,90508,230.470,0.203891
90540ms,90540,230.362,0.203577
90572ms,90572,230.244,0.202481
90604ms,90604,230.158,0.201703
90636ms,90636,229.959,0.203001
90684ms,90684,229.978,0.201116
90716ms,90716,229.501,0.202406
90748ms,90748,229.478,0.200854
90780ms,90780,229.414,0.200718
90812ms,90812,229.213,0.202310
90844ms,90844,228.913,0.198532
90876ms,90876,228.710,0.200863
90908ms,90908,228.858,0.200278
90940ms,90940,228.838,0.199594
90972ms,90972,228.839,0.200344
91004ms,91004,228.779,0.199547
91036ms,91036,229.006,0.200530
91084ms,91084,228.786,0.198469
91116ms,91116,228.773,0.199223
91212ms,91212,228.331,0.197711
91276ms,91276,228.227,0.198118
91308ms,91308,228.219,0.197753
91340ms,91340,227.896,0.197020
91372ms,91372,228.015,0.198360
91404ms,91404,228.020,0.196978
91452ms,91452,227.907,0.199838
91484ms,91484,227.815,0.198655
91516ms,91516,227.658,0.197984
91548ms,91548,227.546,0.197922
91580ms,91580,228.313,0.199042
91612ms,91612,229.036,0.202830
91644ms,91644,229.713,0.201076
91708ms,91708,230.570,0.202678
91740ms,91740,230.542,0.202946
91772ms,91772,230.574,0.203459
91852ms,91852,230.537,0.203106
91884ms,91884,230.578,0.203212
91916ms,91916,230.578,0.203209
91948ms,91948,230.518,0.203320
91980ms,91980,230.535,0.203287
92012ms,92012,230.396,0.203944
92044ms,92044,230.187,0.201577
92076ms,92076,230.186,0.201638
92108ms,92108,229.994,0.203406
92140ms,92140,229.897,0.201501
92188ms,92188,229.587,0.201909
92220ms,92220,229.487,0.200701
92252ms,92252,229.457,0.199779
92284ms,92284,229.287,0.201542
92316ms,92316,228.989,0.199091
92348ms,92348,228.922,0.201045
92380ms,92380,228.928,0.200071
92412ms,92412,228.849,0.199498
92444ms,92444,228.943,0.200228
92476ms,92476,228.719,0.199490
92508ms,92508,229.010,0.200694
92556ms,92556,228.653,0.198451
92588ms,92588,228.851,0.199043
92620ms,92620,228.690,0.199682
92652ms,92652,228.400,0.198064
92684ms,92684,228.316,0.197866
92716ms,92716,228.211,0.197618
92748ms,92748,228.224,0.198565
92780ms,92780,228.220,0.198463
92812ms,92812,227.877,0.197421
92844ms,92844,227.986,0.198690
92876ms,92876,227.923,0.197439
92908ms,92908,227.807,0.200112
92956ms,92956,227.806,0.198249
92988ms,92988,227.709,0.197980
93020ms,93020,227.548,0.197725
93052ms,93052,228.160,0.200004
93084ms,93084,228.908,0.201402
93116ms,93116,229.694,0.201002
93148ms,93148,230.180,0.204201
93180ms,93180,230.534,0.202834
93212ms,93212,230.528,0.203140
93244ms,93244,230.506,0.202668
93276ms,93276,230.461,0.203701
93308ms,93308,230.442,0.203425
93356ms,93356,230.504,0.203895
93388ms,93388,230.483,0.203437
93420ms,93420,230.550,0.203372
93452ms,93452,230.531,0.203279
93484ms,93484,230.287,0.203541
93516ms,93516,230.192,0.201633
93548ms,93548,230.192,0.200467
93580ms,93580,229.843,0.201310
93612ms,93612,229.939,0.201144
93644ms,93644,229.631,0.201199
93676ms,93676,229.517,0.200876
93724ms,93724,229.386,0.200550
93756ms,93756,229.366,0.201931
93788ms,93788,229.254,0.199804
93820ms,93820,228.903,0.200496
93852ms,93852,228.938,0.200276
93916ms,93916,228.901,0.199930
93980ms,93980,228.996,0.200786
94012ms,94012,228.599,0.198648
94044ms,94044,228.789,0.199280
94092ms,94092,228.662,0.199615
94124ms,94124,228.480,0.197910
94156ms,94156,228.256,0.198173
94188ms,94188,228.126,0.197632
94220ms,94220,228.232,0.198253
94252ms,94252,228.202,0.198063
94284ms,94284,227.833,0.197192
94316ms,94316,228.020,0.198150
94348ms,94348,227.911,0.196978
94380ms,94380,227.891,0.199703
94412ms,94412,227.801,0.198540
94444ms,94444,227.651,0.197957
94524ms,94524,228.267,0.199642
94556ms,94556,229.023,0.202531
94588ms,94588,229.681,0.201306
94620ms,94620,230.043,0.203404
94652ms,94652,230.522,0.203515
94684ms,94684,230.517,0.203302
94716ms,94716,230.507,0.203376
94748ms,94748,230.516,0.203330
94780ms,94780,230.523,0.202735
94812ms,94812,230.496,0.203172
94860ms,94860,230.575,0.203310
94892ms,94892,230.552,0.203095
94924ms,94924,230.533,0.202836
94956ms,94956,230.364,0.203578
94988ms,94988,230.174,0.201445
95020ms,95020,230.145,0.201275
95052ms,95052,229.990,0.204840
95084ms,95084,229.861,0.200485
95116ms,95116,229.461,0.200329
95148ms,95148,229.446,0.200405
95180ms,95180,229.376,0.199300
95228ms,95228,229.291,0.202296
95260ms,95260,229.240,0.200397
95292ms,95292,229.015,0.200681
95324ms,95324,228.784,0.199850
95356ms,95356,228.667,0.199394
95388ms,95388,228.854,0.200104
95420ms,95420,228.851,0.199642
95452ms,95452,228.848,0.201494
95484ms,95484,228.794,0.199153
95516ms,95516,228.888,0.199831
95548ms,95548,228.656,0.200488
95580ms,95580,228.421,0.198202
95628ms,95628,228.290,0.198446
95660ms,95660,228.141,0.197670
95692ms,95692,228.313,0.198566
95724ms,95724,227.868,0.199131
95788ms,95788,227.925,0.198735
95820ms,95820,227.857,0.196977
95852ms,95852,227.774,0.199675
95884ms,95884,227.791,0.198932
95916ms,95916,227.689,0.198060
95948ms,95948,227.523,0.197993
95996ms,95996,227.962,0.199181
96028ms,96028,228.934,0.200238
96060ms,96060,229.620,0.200906
96092ms,96092,229.777,0.203049
96124ms,96124,230.496,0.203060
96156ms,96156,230.494,0.203156
96188ms,96188,230.520,0.203270
96220ms,96220,230.479,0.203451
96252ms,96252,230.487,0.203550
96284ms,96284,230.492,0.203857
96316ms,96316,230.504,0.202971
96364ms,96364,230.464,0.203112
96396ms,96396,230.590,0.202724
96428ms,96428,230.456,0.203671
96460ms,96460,230.214,0.201440
96492ms,96492,230.131,0.200724
96524ms,96524,230.026,0.203411
96556ms,96556,229.842,0.200353
96588ms,96588,229.604,0.199290
96620ms,96620,229.443,0.199993
96652ms,96652,229.428,0.198848
96684ms,96684,229.338,0.202431
96716ms,96716,229.209,0.199713
96764ms,96764,228.980,0.200845
96796ms,96796,228.800,0.199932
96828ms,96828,228.769,0.199551
96860ms,96860,228.831,0.200170
96892ms,96892,228.834,0.199703
96924ms,96924,228.633,0.200395
96956ms,96956,228.796,0.199436
96988ms,96988,228.848,0.200191
97020ms,97020,228.550,0.200779
97052ms,97052,228.553,0.198604
97084ms,97084,228.438,0.198453
97132ms,97132,228.249,0.198078
97164ms,97164,228.390,0.199595
97196ms,97196,227.860,0.196936
97228ms,97228,228.060,0.197468
97260ms,97260,227.711,0.199916
97292ms,97292,227.921,0.197869
97324ms,97324,227.849,0.197308
97356ms,97356,227.722,0.200151
97420ms,97420,227.514,0.198223
97452ms,97452,227.838,0.197886
97500ms,97500,228.758,0.200415
97532ms,97532,229.172,0.202996
97564ms,97564,229.878,0.202498
97596ms,97596,230.276,0.203027
97628ms,97628,230.504,0.202986
97660ms,97660,230.505,0.202418
97692ms,97692,230.542,0.202976
97724ms,97724,230.516,0.202932
97756ms,97756,230.547,0.202407
97788ms,97788,230.513,0.203519
97820ms,97820,230.576,0.202757
97852ms,97852,230.520,0.203057
97900ms,97900,230.383,0.203533
97932ms,97932,230.289,0.201721
97964ms,97964,230.273,0.200776
97996ms,97996,230.037,0.203818
98028ms,98028,229.787,0.200945
98060ms,98060,229.482,0.198981
98092ms,98092,229.570,0.202709
98124ms,98124,229.418,0.200786
98156ms,98156,229.154,0.200811
98188ms,98188,229.188,0.199826
98220ms,98220,228.903,0.200562
98268ms,98268,228.759,0.198996
98300ms,98300,228.865,0.201128
98332ms,98332,228.887,0.200259
98364ms,98364,228.867,0.200700
98396ms,98396,228.808,0.199233
98428ms,98428,228.927,0.199607
98460ms,98460,228.803,0.199610
98524ms,98524,228.545,0.198864
98556ms,98556,228.511,0.198859
98620ms,98620,228.223,0.199944
98668ms,98668,227.985,0.197422
98700ms,98700,228.063,0.197347
98732ms,98732,227.823,0.196619
98764ms,98764,227.887,0.197496
98796ms,98796,227.817,0.197223
98828ms,98828,227.728,0.200336
98860ms,98860,227.675,0.198262
98892ms,98892,227.555,0.197964
98924ms,98924,227.618,0.198291
98956ms,98956,228.642,0.200267
98988ms,98988,229.339,0.201723
99036ms,99036,229.764,0.201268
99068ms,99068,230.371,0.202296
99100ms,99100,230.603,0.202964
99132ms,99132,230.463,0.203021
99164ms,99164,230.528,0.202806
99196ms,99196,230.436,0.203472
99228ms,99228,230.498,0.203169
99260ms,99260,230.488,0.203430
99292ms,99292,230.513,0.203025
99324ms,99324,230.576,0.203850
99356ms,99356,230.406,0.204399
99404ms,99404,230.211,0.203263
99436ms,99436,230.263,0.201254
99468ms,99468,230.256,0.202097
99500ms,99500,229.752,0.200411
99532ms,99532,229.659,0.201132
99564ms,99564,229.636,0.202341
99596ms,99596,229.517,0.200498
99628ms,99628,229.128,0.199831
99660ms,99660,229.238,0.199873
99692ms,99692,229.030,0.199069
99724ms,99724,228.753,0.198773
99756ms,99756,228.971,0.200724
99804ms,99804,228.840,0.199756
99836ms,99836,228.861,0.200304
99868ms,99868,228.720,0.198974
99900ms,99900,228.936,0.200249
99932ms,99932,228.514,0.198284
99964ms,99964,228.717,0.198922
99996ms,99996,228.598,0.199327
100028ms,100028,228.463,0.198786
100060ms,100060,228.039,0.198181
100092ms,100092,228.126,0.197841
100124ms,100124,228.167,0.197583
100172ms,100172,228.200,0.198366
100204ms,100204,227.824,0.197566
100268ms,100268,227.764,0.197345
100332ms,100332,227.713,0.198601
100364ms,100364,227.646,0.197852
100396ms,100396,227.611,0.198836
100428ms,100428,228.370,0.199663
100460ms,100460,229.153,0.202435
100492ms,100492,229.736,0.201502
100540ms,100540,230.267,0.202334
100572ms,100572,230.587,0.203374
100636ms,100636,230.516,0.202822
100668ms,100668,230.517,0.203055
100700ms,100700,230.523,0.203336
100732ms,100732,230.541,0.202882
100764ms,100764,230.571,0.203023
100796ms,100796,230.512,0.202688
100828ms,100828,230.547,0.203067
100860ms,100860,230.496,0.203390
100908ms,100908,230.130,0.201543
100940ms,100940,230.233,0.200849
100972ms,100972,229.887,0.203727
101004ms,101004,229.884,0.200695
101036ms,101036,229.491,0.200345
101068ms,101068,229.464,0.200336
101100ms,101100,229.378,0.199262
101132ms,101132,229.283,0.201850
101164ms,101164,229.190,0.200013
101196ms,101196,229.024,0.200887
101228ms,101228,228.814,0.199755
101260ms,101260,228.829,0.199648
101308ms,101308,228.836,0.200417
101340ms,101340,228.847,0.200218
101372ms,101372,228.963,0.200703
101404ms,101404,228.746,0.199114
101436ms,101436,228.817,0.199846
101468ms,101468,228.706,0.200166
101500ms,101500,228.475,0.198181
101532ms,101532,228.295,0.198543
101564ms,101564,228.190,0.197551
101596ms,101596,228.349,0.198928
101628ms,101628,228.201,0.198308
101675ms,101675,227.924,0.197489
101708ms,101708,228.065,0.198519
101739ms,101739,227.876,0.197101
101771ms,101771,227.808,0.199276
101804ms,101804,227.854,0.198930
101836ms,101836,227.574,0.198658
101868ms,101868,227.486,0.197785
101932ms,101932,229.022,0.201094
101964ms,101964,229.656,0.201117
101996ms,101996,229.938,0.202573
102028ms,102028,230.431,0.201354
102076ms,102076,230.693,0.202794
102108ms,102108,230.777,0.202734
102139ms,102139,230.653,0.203722
102172ms,102172,230.690,0.203645
102204ms,102204,230.709,0.203018
102236ms,102236,230.627,0.204421
102300ms,102300,230.819,0.203553
102332ms,102332,230.473,0.204198
102364ms,102364,230.240,0.202123
102396ms,102396,230.278,0.200757
102443ms,102443,230.387,0.201326
102475ms,102475,229.837,0.201130
102507ms,102507,229.574,0.199048
102540ms,102540,229.421,0.200594
102572ms,102572,229.326,0.198694
102604ms,102604,229.231,0.201937
102636ms,102636,229.149,0.200040
102636ms,102636,229.149,0.200040
102668ms,102668,228.988,0.200400
102732ms,102732,228.748,0.201578
102764ms,102764,228.825,0.199819
102811ms,102811,228.830,0.199593
102843ms,102843,228.816,0.200732
102875ms,102875,228.825,0.199498
102907ms,102907,228.864,0.199909
102940ms,102940,228.565,0.201139
102971ms,102971,228.577,0.198436
103003ms,103003,228.343,0.198837
103036ms,103036,228.231,0.197737
103067ms,103067,228.304,0.198530
103099ms,103099,228.170,0.198343
103132ms,103132,227.889,0.197379
103164ms,103164,228.050,0.197674
103211ms,103211,227.917,0.197385
103243ms,103243,227.868,0.199811
103275ms,103275,227.794,0.198143
103307ms,103307,227.605,0.198034
103340ms,103340,227.618,0.197689
103371ms,103371,228.184,0.201242
103404ms,103404,229.022,0.201395
103435ms,103435,229.722,0.200658
103467ms,103467,229.986,0.203195
103500ms,103500,230.543,0.202646
103532ms,103532,230.611,0.202573
103579ms,103579,230.588,0.203715
103611ms,103611,230.471,0.203448
103643ms,103643,230.593,0.203109
103675ms,103675,230.610,0.203153
103707ms,103707,230.535,0.202826
103739ms,103739,230.468,0.203065
103771ms,103771,230.592,0.203170
103804ms,103804,230.404,0.204401
103835ms,103835,230.204,0.201770
103867ms,103867,230.318,0.200883
103899ms,103899,230.337,0.202283
103947ms,103947,229.902,0.200669
103979ms,103979,229.508,0.199572
104011ms,104011,229.460,0.200823
104043ms,104043,229.379,0.199018
104075ms,104075,229.259,0.202046
104139ms,104139,229.053,0.201013
104203ms,104203,228.642,0.199485
104235ms,104235,228.895,0.200321
104267ms,104267,228.841,0.199801
104299ms,104299,228.902,0.200896
104347ms,104347,228.733,0.199032
104379ms,104379,228.825,0.199045
104411ms,104411,228.773,0.200872
104443ms,104443,228.484,0.198425
104475ms,104475,228.264,0.197774
104507ms,104507,228.237,0.197761
104539ms,104539,228.213,0.198153
104571ms,104571,228.171,0.197887
104603ms,104603,227.841,0.197392
104635ms,104635,228.005,0.197949
104667ms,104667,227.782,0.196960
104715ms,104715,227.847,0.199978
104747ms,104747,227.760,0.199032
104779ms,104779,227.715,0.198042
104811ms,104811,227.539,0.197726
104843ms,104843,228.027,0.200482
104875ms,104875,229.046,0.200417
104907ms,104907,229.649,0.200911
104939ms,104939,230.015,0.202333
104971ms,104971,230.577,0.202981
105003ms,105003,230.563,0.203404
105035ms,105035,230.627,0.203239
105083ms,105083,230.594,0.203673
105115ms,105115,230.702,0.203918
105147ms,105147,230.600,0.203456
105179ms,105179,230.575,0.203127
105211ms,105211,230.594,0.203417
105243ms,105243,230.628,0.202827
105275ms,105275,230.394,0.204262
105307ms,105307,230.201,0.201508
105339ms,105339,230.233,0.200563
105371ms,105371,230.210,0.202150
105403ms,105403,229.865,0.201248
105435ms,105435,229.651,0.200347
105483ms,105483,229.448,0.200689
105515ms,105515,229.396,0.199423
105579ms,105579,229.188,0.199617
105611ms,105611,228.917,0.200685
105643ms,105643,228.808,0.199537
105675ms,105675,228.826,0.200415
105707ms,105707,228.943,0.199616
105739ms,105739,228.936,0.199642
105771ms,105771,228.877,0.201699
105803ms,105803,228.859,0.199238
105851ms,105851,228.869,0.199593
105883ms,105883,228.609,0.200668
105915ms,105915,228.501,0.198364
105947ms,105947,228.423,0.198048
105979ms,105979,228.293,0.198025
106011ms,106011,228.292,0.198807
106043ms,106043,227.993,0.199364
106107ms,106107,227.968,0.198634
106139ms,106139,227.813,0.196917
106171ms,106171,227.828,0.199684
106219ms,106219,227.831,0.198921
106251ms,106251,227.716,0.198374
106283ms,106283,227.491,0.198237
106315ms,106315,227.858,0.200391
106347ms,106347,228.870,0.201897
106379ms,106379,229.483,0.201090
106411ms,106411,229.878,0.201658
106443ms,106443,230.376,0.201717
106475ms,106475,230.633,0.202343
106507ms,106507,230.672,0.203362
106539ms,106539,230.660,0.202853
106587ms,106587,230.676,0.202895
106619ms,106619,230.683,0.203406
106651ms,106651,230.654,0.203775
106683ms,106683,230.688,0.203352
106715ms,106715,230.624,0.203508
106747ms,106747,230.574,0.204229
106779ms,106779,230.286,0.202651
106811ms,106811,230.282,0.201219
106875ms,106875,229.862,0.200974
106907ms,106907,229.505,0.198739
106955ms,106955,229.533,0.201908
106987ms,106987,229.202,0.199559
107019ms,107019,229.211,0.200549
107051ms,107051,229.186,0.199694
107083ms,107083,228.962,0.199940
107115ms,107115,228.767,0.199488
107147ms,107147,228.775,0.201771
107179ms,107179,228.845,0.200006
107211ms,107211,228.847,0.199937
107243ms,107243,228.815,0.200553
107275ms,107275,228.863,0.199532
107307ms,107307,228.832,0.200004
107355ms,107355,228.418,0.199751
107387ms,107387,228.531,0.198914
107419ms,107419,228.336,0.198980
107451ms,107451,228.276,0.198048
107483ms,107483,228.328,0.199593
107547ms,107547,228.021,0.197714
107579ms,107579,227.874,0.198795
107611ms,107611,227.836,0.197164
107643ms,107643,227.757,0.198126
107675ms,107675,227.819,0.199497
107723ms,107723,227.661,0.198237
107755ms,107755,227.531,0.197967
107787ms,107787,227.675,0.198844
107851ms,107851,229.511,0.200825
107883ms,107883,229.785,0.201963
107915ms,107915,230.499,0.202182
107947ms,107947,230.572,0.202633
107979ms,107979,230.579,0.202908
108011ms,108011,230.573,0.202870
108043ms,108043,230.556,0.203527
108091ms,108091,230.555,0.203102
108123ms,108123,230.552,0.203149
108155ms,108155,230.606,0.202681
108187ms,108187,230.547,0.203006
108219ms,108219,230.522,0.203015
108283ms,108283,230.200,0.201190
108315ms,108315,230.252,0.202240
108347ms,108347,229.799,0.201763
108379ms,108379,229.872,0.201005
108411ms,108411,229.635,0.202215
108443ms,108443,229.451,0.200279
108491ms,108491,229.225,0.199350
108523ms,108523,229.228,0.200004
108555ms,108555,228.993,0.198905
108587ms,108587,228.720,0.198765
108619ms,108619,228.919,0.201167
108651ms,108651,228.741,0.199053
108683ms,108683,228.772,0.199389
108715ms,108715,228.760,0.199472
108747ms,108747,228.900,0.200275
108779ms,108779,228.473,0.198549
108811ms,108811,228.714,0.198599
108859ms,108859,228.736,0.199483
108891ms,108891,228.567,0.199121
108923ms,108923,228.345,0.198668
108955ms,108955,228.073,0.198212
108987ms,108987,228.001,0.197538
109019ms,109019,228.171,0.198253
109051ms,109051,227.788,0.197513
109083ms,109083,227.986,0.196774
109115ms,109115,227.774,0.197666
109147ms,109147,227.825,0.199544
109179ms,109179,227.678,0.198001
109227ms,109227,227.464,0.198300
109259ms,109259,227.590,0.199278
109291ms,109291,228.487,0.200463
109323ms,109323,229.357,0.200792
109355ms,109355,229.744,0.201116
109387ms,109387,230.402,0.201124
109419ms,109419,230.626,0.202793
109451ms,109451,230.643,0.202543
109483ms,109483,230.578,0.202911
109515ms,109515,230.599,0.202757
109547ms,109547,230.529,0.203332
109579ms,109579,230.496,0.203189
109627ms,109627,230.562,0.202867
109659ms,109659,230.606,0.202519
109691ms,109691,230.526,0.203261
109723ms,109723,230.356,0.203674
109755ms,109755,230.304,0.201282
109787ms,109787,230.251,0.200824
109819ms,109819,229.928,0.201563
109851ms,109851,229.888,0.200718
109883ms,109883,229.558,0.202315
109915ms,109915,229.476,0.200311
109947ms,109947,229.183,0.199630
110027ms,110027,228.923,0.199156
110059ms,110059,228.646,0.198763
110091ms,110091,228.957,0.200534
110123ms,110123,228.795,0.199254
110155ms,110155,228.855,0.199877
110187ms,110187,228.785,0.199252
110219ms,110219,228.967,0.200042
110251ms,110251,228.641,0.199856
110283ms,110283,228.669,0.198796
110315ms,110315,228.613,0.199502
110347ms,110347,228.471,0.199022
110395ms,110395,228.358,0.198471
110427ms,110427,228.350,0.199807
110459ms,110459,228.010,0.197557
110491ms,110491,228.033,0.197633
110523ms,110523,227.823,0.197059
110555ms,110555,227.948,0.197125
110587ms,110587,227.632,0.197833
110619ms,110619,227.714,0.200456
110651ms,110651,227.641,0.198026
110683ms,110683,227.441,0.198312
110715ms,110715,227.420,0.198784
110763ms,110763,228.483,0.200484
110795ms,110795,229.265,0.201778
110827ms,110827,229.717,0.201189
110859ms,110859,230.366,0.202332
110891ms,110891,230.469,0.202564
110923ms,110923,230.611,0.202494
110955ms,110955,230.557,0.202869
110987ms,110987,230.639,0.202340
111019ms,111019,230.630,0.202594
111051ms,111051,230.589,0.202484
111083ms,111083,230.569,0.202728
111131ms,111131,230.675,0.202406
111163ms,111163,230.563,0.203370
111195ms,111195,230.349,0.203741
111259ms,111259,230.281,0.200612
111291ms,111291,230.136,0.203231
111323ms,111323,229.916,0.201249
111387ms,111387,229.399,0.200339
111419ms,111419,229.494,0.199983
111451ms,111451,229.185,0.199726
111499ms,111499,228.954,0.197987
111531ms,111531,228.712,0.199162
111563ms,111563,228.982,0.200716
111595ms,111595,228.916,0.199585
111627ms,111627,228.916,0.200225
111659ms,111659,228.813,0.198788
111691ms,111691,228.945,0.199945
111723ms,111723,228.498,0.199146
111755ms,111755,228.679,0.199294
111787ms,111787,228.672,0.199095
111819ms,111819,228.554,0.198979
111851ms,111851,228.372,0.198703
111899ms,111899,228.230,0.199209
111931ms,111931,227.913,0.197525
111963ms,111963,228.100,0.197498
111995ms,111995,227.697,0.197374
112027ms,112027,227.916,0.197317
112059ms,112059,227.748,0.197323
112091ms,112091,227.694,0.199887
112123ms,112123,227.614,0.198270
112155ms,112155,227.419,0.198462
112187ms,112187,227.523,0.199218
112219ms,112219,228.422,0.200656
112267ms,112267,229.285,0.201841
112299ms,112299,229.787,0.202251
112331ms,112331,230.325,0.201593
112363ms,112363,230.586,0.202158
112395ms,112395,230.581,0.202980
112427ms,112427,230.545,0.202453
112459ms,112459,230.565,0.202497
112491ms,112491,230.517,0.202821
112523ms,112523,230.580,0.203140
112555ms,112555,230.594,0.203146
112587ms,112587,230.627,0.202953
112667ms,112667,230.344,0.204175
112699ms,112699,230.253,0.201427
112731ms,112731,230.253,0.200634
112763ms,112763,229.973,0.202500
112795ms,112795,229.936,0.200604
112827ms,112827,229.562,0.202438
112859ms,112859,229.454,0.200303
112891ms,112891,229.484,0.200715
112923ms,112923,229.137,0.199403
112955ms,112955,228.954,0.198835
113035ms,113035,228.851,0.200221
113067ms,113067,228.725,0.199544
113099ms,113099,228.819,0.200208
113131ms,113131,228.829,0.199563
113163ms,113163,228.968,0.200142
113195ms,113195,228.523,0.198581
113227ms,113227,228.593,0.198697
113259ms,113259,228.531,0.199306
113291ms,113291,228.499,0.199169
113323ms,113323,228.350,0.198428
113355ms,113355,228.433,0.199592
113403ms,113403,227.938,0.197642
113435ms,113435,227.947,0.197577
113499ms,113499,227.901,0.196775
113531ms,113531,227.741,0.198507
113563ms,113563,227.819,0.198803
113595ms,113595,227.624,0.197851
113627ms,113627,227.430,0.197968
113659ms,113659,227.566,0.199110
113691ms,113691,228.497,0.201142
113723ms,113723,229.330,0.200633
113755ms,113755,229.767,0.201033
113803ms,113803,230.480,0.201791
113835ms,113835,230.585,0.202275
113867ms,113867,230.573,0.203407
113899ms,113899,230.620,0.203052
113931ms,113931,230.611,0.203162
113963ms,113963,230.526,0.203255
113995ms,113995,230.562,0.203394
114027ms,114027,230.558,0.203331
114059ms,114059,230.525,0.203119
114091ms,114091,230.451,0.203212
114123ms,114123,230.352,0.203879
114171ms,114171,230.230,0.201165
114203ms,114203,230.256,0.201312
114235ms,114235,229.850,0.201135
114267ms,114267,229.841,0.200405
114299ms,114299,229.585,0.201833
114331ms,114331,229.498,0.200165
114363ms,114363,229.312,0.200739
114395ms,114395,229.225,0.199660
114427ms,114427,228.993,0.198446
114459ms,114459,228.691,0.198519
114491ms,114491,228.879,0.200496
114539ms,114539,228.687,0.199189
114571ms,114571,228.835,0.199699
114603ms,114603,228.703,0.199823
114635ms,114635,228.981,0.200166
114667ms,114667,228.468,0.199076
114699ms,114699,228.665,0.199071
114763ms,114763,228.551,0.199182
114795ms,114795,228.394,0.198722
114827ms,114827,228.055,0.197821
114859ms,114859,228.011,0.197761
114891ms,114891,228.130,0.198043
114939ms,114939,227.791,0.197736
115003ms,115003,227.741,0.197469
115035ms,115035,227.719,0.200406
115067ms,115067,227.709,0.197829
115099ms,115099,227.503,0.198122
115131ms,115131,227.566,0.198500
115163ms,115163,228.418,0.200731
115195ms,115195,229.221,0.201886
115227ms,115227,229.773,0.200823
115259ms,115259,230.445,0.202504
115307ms,115307,230.688,0.202097
115339ms,115339,230.565,0.202971
115371ms,115371,230.587,0.203291
115403ms,115403,230.566,0.202781
115435ms,115435,230.590,0.203370
115467ms,115467,230.503,0.203293
115499ms,115499,230.604,0.203282
115531ms,115531,230.603,0.203775
115563ms,115563,230.545,0.203559
115595ms,115595,230.395,0.203740
115627ms,115627,230.222,0.201597
115675ms,115675,230.197,0.201644
115707ms,115707,229.844,0.201422
115739ms,115739,229.839,0.200597
115771ms,115771,229.592,0.201948
115803ms,115803,229.499,0.200530
115835ms,115835,229.454,0.201279
115867ms,115867,229.184,0.199620
115899ms,115899,228.897,0.198539
115931ms,115931,228.645,0.198853
115963ms,115963,228.810,0.200071
115995ms,115995,228.816,0.199937
116027ms,116027,228.842,0.199898
116075ms,116075,228.669,0.199288
116107ms,116107,228.914,0.200095
116139ms,116139,228.570,0.199128
116171ms,116171,228.604,0.198455
116203ms,116203,228.656,0.198859
116235ms,116235,228.511,0.199450
116267ms,116267,228.333,0.198529
116331ms,116331,228.042,0.197961
116363ms,116363,228.186,0.198014
116395ms,116395,227.733,0.197541
116443ms,116443,228.002,0.197438
116475ms,116475,227.644,0.197081
116507ms,116507,227.737,0.200191
116539ms,116539,227.671,0.198390
116571ms,116571,227.456,0.197950
116603ms,116603,227.436,0.198497
116635ms,116635,228.387,0.201493
116667ms,116667,229.155,0.202151
116699ms,116699,229.776,0.200156
116731ms,116731,230.490,0.202114
116763ms,116763,230.502,0.203406
116811ms,116811,230.572,0.204039
116843ms,116843,230.583,0.203421
116875ms,116875,230.538,0.203350
116907ms,116907,230.564,0.203369
116939ms,116939,230.632,0.203429
116971ms,116971,230.615,0.203442
117003ms,117003,230.638,0.203966
117035ms,117035,230.623,0.203114
117067ms,117067,230.309,0.202712
117099ms,117099,230.205,0.202126
117131ms,117131,230.228,0.202033
117163ms,117163,229.839,0.201251
117211ms,117211,229.871,0.200577
117243ms,117243,229.508,0.201763
117275ms,117275,229.485,0.200478
117307ms,117307,229.474,0.200847
117339ms,117339,229.114,0.199545
117371ms,117371,228.893,0.198684
117403ms,117403,228.692,0.199007
117435ms,117435,228.822,0.200172
117467ms,117467,228.814,0.199823
117499ms,117499,228.822,0.199615
117531ms,117531,228.830,0.200858
117579ms,117579,228.923,0.200109
117643ms,117643,228.618,0.198567
117675ms,117675,228.645,0.199711
117707ms,117707,228.605,0.199514
117739ms,117739,228.360,0.198841
117771ms,117771,228.139,0.197509
117803ms,117803,228.054,0.197662
117835ms,117835,228.169,0.198090
117867ms,117867,227.879,0.196755
117899ms,117899,227.902,0.197135
117931ms,117931,227.660,0.196983
117979ms,117979,227.736,0.199777
118011ms,118011,227.630,0.198072
118043ms,118043,227.459,0.197920
118075ms,118075,227.505,0.197914
118107ms,118107,228.396,0.200794
118139ms,118139,229.190,0.201647
118171ms,118171,229.740,0.200815
118203ms,118203,230.487,0.202642
118235ms,118235,230.587,0.202762
118267ms,118267,230.576,0.203145
118299ms,118299,230.585,0.203729
118347ms,118347,230.558,0.203634
118379ms,118379,230.574,0.203777
118411ms,118411,230.589,0.203209
118443ms,118443,230.556,0.203432
118475ms,118475,230.572,0.203282
118507ms,118507,230.579,0.203052
118539ms,118539,230.329,0.203498
118571ms,118571,230.272,0.201979
118603ms,118603,230.278,0.201357
118635ms,118635,229.915,0.201554
118667ms,118667,229.894,0.201071
118715ms,118715,229.565,0.202311
118747ms,118747,229.545,0.200816
118779ms,118779,229.341,0.199702
118811ms,118811,229.211,0.199667
118843ms,118843,228.975,0.198532
118875ms,118875,228.665,0.198505
118939ms,118939,228.747,0.199158
118971ms,118971,228.833,0.199984
119003ms,119003,228.753,0.199475
119035ms,119035,228.930,0.199942
119067ms,119067,228.471,0.197949
119115ms,119115,228.617,0.198451
119147ms,119147,228.569,0.199419
119179ms,119179,228.504,0.199093
119211ms,119211,228.308,0.198440
119243ms,119243,228.199,0.199980
119275ms,119275,227.986,0.197599
119307ms,119307,228.026,0.197437
119339ms,119339,227.782,0.198312
119371ms,119371,227.934,0.197036
119403ms,119403,227.579,0.197436
119435ms,119435,227.720,0.199384
119483ms,119483,227.553,0.197709
119515ms,119515,227.420,0.197948
119547ms,119547,227.454,0.198548
119579ms,119579,228.411,0.200192
119611ms,119611,229.408,0.200308
119643ms,119643,229.747,0.201050
119675ms,119675,230.455,0.201328
119707ms,119707,230.638,0.202068
119739ms,119739,230.675,0.201919
119771ms,119771,230.694,0.202651
119803ms,119803,230.564,0.202033
119851ms,119851,230.569,0.201949
119883ms,119883,230.558,0.202132
119915ms,119915,230.610,0.201870
119947ms,119947,230.582,0.202195
119979ms,119979,230.600,0.202549
120011ms,120011,230.536,0.203331
120043ms,120043,230.248,0.201569
120075ms,120075,230.209,0.200878
120107ms,120107,229.976,0.203759
120139ms,120139,229.861,0.200352
120171ms,120171,229.422,0.202086
120251ms,120251,229.427,0.198882
120283ms,120283,229.324,0.202124
120315ms,120315,229.225,0.200120
120347ms,120347,228.926,0.200924
120379ms,120379,228.804,0.199722
120411ms,120411,228.766,0.199308
120443ms,120443,228.804,0.200012
120475ms,120475,228.786,0.199294
120507ms,120507,228.958,0.199942
120539ms,120539,228.503,0.198200
120571ms,120571,228.702,0.198460
120619ms,120619,228.653,0.199546
120651ms,120651,228.602,0.199071
120683ms,120683,228.264,0.198288
120715ms,120715,228.070,0.198068
120747ms,120747,228.035,0.197852
120779ms,120779,228.192,0.197570
120811ms,120811,227.746,0.197807
120843ms,120843,227.952,0.196913
120875ms,120875,227.676,0.197222
120907ms,120907,227.789,0.200045
120939ms,120939,227.546,0.198253
120987ms,120987,227.398,0.197766
121019ms,121019,227.520,0.198541
121051ms,121051,228.352,0.200656
121083ms,121083,229.254,0.201710
121115ms,121115,229.700,0.200830
121147ms,121147,230.070,0.202391
121179ms,121179,230.532,0.202316
121211ms,121211,230.597,0.203134
121243ms,121243,230.605,0.203299
121275ms,121275,230.665,0.202842
121307ms,121307,230.623,0.202448
121339ms,121339,230.500,0.203134
121387ms,121387,230.649,0.202332
121419ms,121419,230.708,0.202831
121451ms,121451,230.617,0.202395
121483ms,121483,230.372,0.204350
121515ms,121515,230.206,0.201349
121547ms,121547,230.246,0.201037
121579ms,121579,229.853,0.202396
121611ms,121611,229.905,0.200484
121643ms,121643,229.570,0.202168
121675ms,121675,229.484,0.200707
121707ms,121707,229.432,0.201195
121755ms,121755,229.198,0.199645
121787ms,121787,228.958,0.198761
121819ms,121819,228.689,0.199824
121851ms,121851,228.903,0.200843
121883ms,121883,228.774,0.199694
121915ms,121915,228.816,0.199909
121947ms,121947,228.722,0.199293
122011ms,122011,228.484,0.198610
122043ms,122043,228.659,0.198669
122075ms,122075,228.618,0.199493
122123ms,122123,228.696,0.199761
122155ms,122155,228.259,0.198828
122187ms,122187,228.106,0.198305
122219ms,122219,228.031,0.197510
122251ms,122251,228.109,0.197991
122283ms,122283,227.775,0.196866
122315ms,122315,227.893,0.197072
122347ms,122347,227.559,0.196860
122379ms,122379,227.754,0.199217
122411ms,122411,227.544,0.198473
122443ms,122443,227.336,0.198057
122475ms,122475,227.481,0.199441
122523ms,122523,228.355,0.201423
122555ms,122555,229.125,0.202214
122587ms,122587,229.736,0.200287
122619ms,122619,230.178,0.201112
122651ms,122651,230.612,0.202758
122683ms,122683,230.541,0.202108
122715ms,122715,230.629,0.202599
122747ms,122747,230.533,0.202974
122779ms,122779,230.555,0.202551
122811ms,122811,230.609,0.202701
122843ms,122843,230.593,0.202711
122891ms,122891,230.674,0.202570
122923ms,122923,230.673,0.202763
122955ms,122955,230.500,0.203240
122987ms,122987,230.225,0.201080
123019ms,123019,230.176,0.201538
123051ms,123051,229.956,0.203724
123083ms,123083,229.933,0.200080
123115ms,123115,229.271,0.201551
123147ms,123147,229.522,0.200680
123179ms,123179,229.415,0.199940
123211ms,123211,229.412,0.202057
123259ms,123259,228.990,0.199603
123323ms,123323,228.830,0.200306
123355ms,123355,228.730,0.199713
123387ms,123387,228.844,0.199785
123419ms,123419,228.737,0.199364
123451ms,123451,228.919,0.200246
123483ms,123483,228.531,0.198608
123515ms,123515,228.636,0.198549
123547ms,123547,228.729,0.199314
123579ms,123579,228.650,0.199554
123611ms,123611,228.332,0.198587
123659ms,123659,228.086,0.197493
123691ms,123691,228.078,0.197590
123723ms,123723,228.180,0.198242
123755ms,123755,227.847,0.197245
123787ms,123787,227.892,0.196891
123819ms,123819,227.590,0.197063
123851ms,123851,227.789,0.198874
123883ms,123883,227.589,0.198262
123915ms,123915,227.410,0.197887
123947ms,123947,227.419,0.198477
123979ms,123979,228.330,0.201448
124027ms,124027,229.154,0.201613
124059ms,124059,229.682,0.200030
124091ms,124091,230.031,0.202258
124123ms,124123,230.553,0.202036
124155ms,124155,230.629,0.201846
124187ms,124187,230.592,0.201811
124219ms,124219,230.600,0.202005
124251ms,124251,230.618,0.202170
124283ms,124283,230.591,0.201871
124315ms,124315,230.564,0.202004
124347ms,124347,230.552,0.202063
124395ms,124395,230.617,0.201906
124427ms,124427,230.449,0.203037
124459ms,124459,230.230,0.200864
124491ms,124491,230.200,0.201056
124523ms,124523,230.001,0.204224
124555ms,124555,229.845,0.200072
124619ms,124619,229.411,0.200585
124651ms,124651,229.425,0.198846
124683ms,124683,229.367,0.202454
124715ms,124715,229.125,0.199836
124747ms,124747,228.975,0.200978
124795ms,124795,228.756,0.200063
124827ms,124827,228.778,0.199396
124859ms,124859,228.741,0.199746
124891ms,124891,228.769,0.199208
124923ms,124923,228.946,0.200103
124955ms,124955,228.507,0.198146
124987ms,124987,228.728,0.198751
125019ms,125019,228.636,0.199181
125051ms,125051,228.657,0.199218
125083ms,125083,228.281,0.198408
125115ms,125115,228.176,0.197497
125163ms,125163,228.018,0.197972
125195ms,125195,228.103,0.197618
125227ms,125227,227.849,0.198172
125259ms,125259,227.959,0.197422
125291ms,125291,227.800,0.197094
125323ms,125323,227.731,0.200651
125355ms,125355,227.655,0.197922
125387ms,125387,227.455,0.197596
125419ms,125419,227.446,0.198901
125451ms,125451,228.221,0.201406
125483ms,125483,229.041,0.202605
125531ms,125531,229.702,0.200163
125563ms,125563,230.015,0.202915
125595ms,125595,230.591,0.201891
125627ms,125627,230.660,0.201890
125659ms,125659,230.611,0.202446
125691ms,125691,230.620,0.202798
125723ms,125723,230.587,0.202461
125755ms,125755,230.592,0.202450
125787ms,125787,230.667,0.202320
125819ms,125819,230.674,0.202056
125851ms,125851,230.632,0.202418
125931ms,125931,230.231,0.201599
125963ms,125963,230.195,0.200971
125995ms,125995,229.998,0.204238
126027ms,126027,229.934,0.200414
126059ms,126059,229.300,0.201788
126091ms,126091,229.393,0.199852
126123ms,126123,229.373,0.199704
126155ms,126155,229.343,0.201654
126187ms,126187,229.262,0.200581
126219ms,126219,228.977,0.201538
126251ms,126251,228.819,0.200164
126299ms,126299,228.609,0.199216
126331ms,126331,228.776,0.199967
126363ms,126363,228.592,0.199497
126395ms,126395,228.927,0.200462
126427ms,126427,228.481,0.198641
126459ms,126459,228.696,0.198640
126491ms,126491,228.714,0.199840
126523ms,126523,228.632,0.199353
126555ms,126555,228.234,0.199204
126587ms,126587,228.175,0.198533
126619ms,126619,228.021,0.197632
126651ms,126651,228.121,0.198072
126699ms,126699,227.784,0.197494
126731ms,126731,227.950,0.197082
126763ms,126763,227.663,0.197004
126795ms,126795,227.721,0.199328
126827ms,126827,227.613,0.198222
126859ms,126859,227.377,0.198410
126891ms,126891,227.469,0.198062
126923ms,126923,228.314,0.200267
126955ms,126955,229.198,0.201563
126987ms,126987,229.678,0.200802
127019ms,127019,230.243,0.202413
127066ms,127066,230.624,0.202203
127099ms,127099,230.603,0.202672
127131ms,127131,230.607,0.202478
127163ms,127163,230.631,0.202363
127195ms,127195,230.643,0.202572
127227ms,127227,230.667,0.202845
127259ms,127259,230.577,0.202807
127291ms,127291,230.576,0.202823
127323ms,127323,230.659,0.202445
127355ms,127355,230.406,0.203944
127387ms,127387,230.155,0.201306
127434ms,127434,230.273,0.200933
127467ms,127467,230.000,0.203934
127499ms,127499,229.927,0.200885
127563ms,127563,229.523,0.200999
127595ms,127595,229.460,0.200213
127626ms,127626,229.187,0.201535
127659ms,127659,228.883,0.198757
127691ms,127691,228.843,0.200683
127723ms,127723,228.938,0.200451
127755ms,127755,228.778,0.199595
127787ms,127787,228.826,0.200257
127834ms,127834,228.781,0.198951
127867ms,127867,228.895,0.200313
127899ms,127899,228.492,0.198309
127931ms,127931,228.668,0.198750
127963ms,127963,228.676,0.199408
127994ms,127994,228.558,0.199100
128027ms,128027,228.305,0.198678
128059ms,128059,228.030,0.197753
128090ms,128090,228.069,0.197966
128123ms,128123,228.095,0.197501
128155ms,128155,227.825,0.196499
128202ms,128202,227.957,0.196914
128234ms,128234,227.628,0.197091
128266ms,128266,227.681,0.200382
128298ms,128298,227.518,0.198500
128331ms,128331,227.438,0.197684
128362ms,128362,227.473,0.198961
128394ms,128394,228.365,0.200688
128426ms,128426,229.269,0.200855
128458ms,128458,229.709,0.200831
128490ms,128490,230.347,0.201664
128523ms,128523,230.577,0.202167
128570ms,128570,230.631,0.201958
128602ms,128602,230.583,0.202767
128634ms,128634,230.569,0.202735
128666ms,128666,230.544,0.202686
128730ms,128730,230.572,0.202602
128762ms,128762,230.690,0.202367
128826ms,128826,230.472,0.202858
128858ms,128858,230.225,0.201053
128891ms,128891,230.205,0.201570
128938ms,128938,229.921,0.203003
128970ms,128970,229.891,0.200146
129002ms,129002,229.394,0.202294
129066ms,129066,229.449,0.200723
129099ms,129099,229.147,0.201308
129131ms,129131,228.853,0.198248
129163ms,129163,228.652,0.198709
129195ms,129195,228.818,0.200713
129226ms,129226,228.753,0.199807
129259ms,129259,228.801,0.199790
129291ms,129291,228.732,0.199127
129338ms,129338,228.925,0.200244
129370ms,129370,228.544,0.199234
129402ms,129402,228.629,0.198633
129434ms,129434,228.646,0.199380
129466ms,129466,228.565,0.199551
129498ms,129498,228.294,0.198264
129530ms,129530,228.388,0.200116
129562ms,129562,227.979,0.197593
129594ms,129594,228.060,0.197450
129626ms,129626,227.812,0.197177
129658ms,129658,227.901,0.197040
129706ms,129706,227.576,0.197194
129738ms,129738,227.855,0.198861
129770ms,129770,227.526,0.198444
129802ms,129802,227.371,0.198111
129834ms,129834,227.571,0.198911
129866ms,129866,228.295,0.200738
129898ms,129898,229.245,0.202039
129930ms,129930,229.730,0.200356
129962ms,129962,230.287,0.201644
129994ms,129994,230.582,0.202120
130026ms,130026,230.620,0.202889
130074ms,130074,230.618,0.202834
130106ms,130106,230.593,0.202531
130138ms,130138,230.578,0.203144
130170ms,130170,230.651,0.203041
130234ms,130234,230.681,0.202871
130266ms,130266,230.554,0.202526
130298ms,130298,230.371,0.203739
130330ms,130330,230.237,0.201660
130362ms,130362,230.168,0.200980
130394ms,130394,229.825,0.201769
130426ms,130426,229.894,0.200659
130474ms,130474,229.554,0.201843
130506ms,130506,229.495,0.200264
130538ms,130538,229.484,0.200975
130570ms,130570,229.218,0.199574
130602ms,130602,228.870,0.198615
130634ms,130634,228.788,0.198896
130666ms,130666,228.914,0.200402
130698ms,130698,228.856,0.199809
130730ms,130730,228.826,0.199910
130762ms,130762,228.746,0.199617
130794ms,130794,228.911,0.200263
130842ms,130842,228.558,0.200097
130874ms,130874,228.564,0.198697
130906ms,130906,228.619,0.199938
130938ms,130938,228.550,0.199449
130970ms,130970,228.357,0.198239
131002ms,131002,228.115,0.199947
131034ms,131034,228.080,0.197436
131066ms,131066,228.091,0.198000
131098ms,131098,227.768,0.197104
131130ms,131130,227.896,0.196972
131162ms,131162,227.646,0.197237
131210ms,131210,227.717,0.199146
131242ms,131242,227.545,0.198422
131274ms,131274,227.424,0.198083
131306ms,131306,227.486,0.198642
131338ms,131338,228.250,0.200516
131370ms,131370,229.163,0.201226
131402ms,131402,229.619,0.200908
131466ms,131466,230.487,0.201764
131498ms,131498,230.711,0.203525
131530ms,131530,230.720,0.202930
131578ms,131578,230.713,0.203246
131610ms,131610,230.742,0.203050
131642ms,131642,230.752,0.202789
131674ms,131674,230.748,0.203036
131706ms,131706,230.780,0.203731
131738ms,131738,230.651,0.202734
131770ms,131770,230.297,0.204289
131802ms,131802,230.267,0.201527
131834ms,131834,230.230,0.200477
131866ms,131866,230.041,0.202821
131898ms,131898,229.957,0.200374
131930ms,131930,229.411,0.202074
131978ms,131978,229.463,0.200819
132010ms,132010,229.441,0.199877
132042ms,132042,229.238,0.202470
132074ms,132074,228.941,0.198553
132106ms,132106,228.961,0.200700
132170ms,132170,228.769,0.199227
132202ms,132202,228.818,0.199626
132234ms,132234,228.648,0.199251
132266ms,132266,228.926,0.200012
132298ms,132298,228.622,0.199127
132346ms,132346,228.619,0.198789
132378ms,132378,228.652,0.199646
132410ms,132410,228.570,0.199416
132442ms,132442,228.432,0.199103
132474ms,132474,228.162,0.197638
132506ms,132506,228.042,0.198039
132538ms,132538,228.104,0.197467
132570ms,132570,227.765,0.197222
132602ms,132602,227.889,0.197151
132634ms,132634,227.683,0.197127
132666ms,132666,227.718,0.200162
132714ms,132714,227.600,0.198096
132746ms,132746,227.337,0.198229
132778ms,132778,227.513,0.198188
132810ms,132810,228.270,0.199972
132842ms,132842,229.315,0.200525
132874ms,132874,229.730,0.200280
132906ms,132906,230.233,0.201502
132938ms,132938,230.565,0.201663
132970ms,132970,230.550,0.202474
133002ms,133002,230.638,0.202405
133034ms,133034,230.530,0.201915
133066ms,133066,230.539,0.201742
133114ms,133114,230.585,0.202461
133146ms,133146,230.571,0.202511
133178ms,133178,230.633,0.202055
133210ms,133210,230.645,0.202123
133242ms,133242,230.307,0.204193
133274ms,133274,230.243,0.200489
133306ms,133306,230.148,0.201205
133338ms,133338,229.846,0.202951
133370ms,133370,229.779,0.200324
133402ms,133402,229.446,0.202082
133434ms,133434,229.472,0.200214
133482ms,133482,229.438,0.200005
133514ms,133514,229.118,0.200257
133546ms,133546,228.925,0.199182
133578ms,133578,228.828,0.200475
133610ms,133610,228.915,0.200533
133642ms,133642,228.646,0.199086
133674ms,133674,228.668,0.199391
133706ms,133706,228.782,0.200539
133738ms,133738,228.955,0.200071
133770ms,133770,228.584,0.200795
133802ms,133802,228.502,0.198872
133850ms,133850,228.635,0.199231
133882ms,133882,228.606,0.199586
133914ms,133914,228.292,0.198676
134010ms,134010,228.058,0.197643
134074ms,134074,227.868,0.196751
134106ms,134106,227.661,0.198371
134138ms,134138,227.815,0.198744
134170ms,134170,227.468,0.198415
134202ms,134202,227.268,0.198123
134250ms,134250,227.556,0.199737
134282ms,134282,228.273,0.200609
134314ms,134314,229.159,0.201301
134346ms,134346,229.657,0.201345
134378ms,134378,230.275,0.201236
134410ms,134410,230.478,0.201743
134442ms,134442,230.792,0.202719
134474ms,134474,230.742,0.203058
134506ms,134506,230.736,0.203135
134538ms,134538,230.591,0.202328
134570ms,134570,230.746,0.202728
134618ms,134618,230.747,0.202327
134650ms,134650,230.740,0.202812
134682ms,134682,230.572,0.202427
134714ms,134714,230.219,0.203631
134746ms,134746,230.310,0.201258
134778ms,134778,230.271,0.201134
134810ms,134810,229.827,0.203140
134842ms,134842,229.880,0.201111
134874ms,134874,229.551,0.202573
134906ms,134906,229.495,0.200910
134938ms,134938,229.506,0.200532
134986ms,134986,229.242,0.199666
135018ms,135018,228.932,0.198407
135050ms,135050,228.617,0.198915
135082ms,135082,228.898,0.200928
135114ms,135114,228.832,0.199548
135146ms,135146,228.877,0.199593
135178ms,135178,228.818,0.199232
135210ms,135210,228.909,0.199940
135242ms,135242,228.579,0.199937
135274ms,135274,228.627,0.198896
135306ms,135306,228.604,0.199420
135338ms,135338,228.558,0.199016
135386ms,135386,228.385,0.198801
135418ms,135418,228.067,0.198656
135450ms,135450,228.091,0.197889
135482ms,135482,228.141,0.197458
135514ms,135514,227.795,0.197642
135546ms,135546,227.912,0.197069
135610ms,135610,227.754,0.199185
135642ms,135642,227.504,0.198674
135674ms,135674,227.387,0.197911
135706ms,135706,227.467,0.199526
135754ms,135754,228.335,0.200587
135786ms,135786,229.287,0.200613
135818ms,135818,229.572,0.200873
135850ms,135850,230.003,0.201815
135882ms,135882,230.448,0.201629
135914ms,135914,230.680,0.202112
135946ms,135946,230.770,0.203016
135978ms,135978,230.734,0.203489
136010ms,136010,230.698,0.203330
136042ms,136042,230.762,0.203313
136074ms,136074,230.646,0.203063
136106ms,136106,230.678,0.202947
136154ms,136154,230.623,0.201909
136186ms,136186,230.368,0.203986
136218ms,136218,230.331,0.201388
136250ms,136250,230.272,0.200703
136282ms,136282,230.341,0.203070
136314ms,136314,229.867,0.200483
136346ms,136346,229.454,0.202623
136378ms,136378,229.438,0.200521
136410ms,136410,229.432,0.199950
136442ms,136442,229.367,0.202046
136522ms,136522,228.949,0.201285
136554ms,136554,228.856,0.199839
136586ms,136586,228.768,0.199366
136618ms,136618,228.907,0.199850
136650ms,136650,228.750,0.199507
136682ms,136682,228.939,0.200351
136714ms,136714,228.566,0.198083
136746ms,136746,228.728,0.198652
136778ms,136778,228.689,0.198869
136810ms,136810,228.650,0.199249
136842ms,136842,228.402,0.198982
136890ms,136890,228.064,0.198616
136922ms,136922,228.070,0.197547
136954ms,136954,228.128,0.197709
136986ms,136986,227.812,0.197572
137018ms,137018,227.954,0.197142
137050ms,137050,227.718,0.197061
137082ms,137082,227.819,0.200513
137114ms,137114,227.582,0.198254
137146ms,137146,227.481,0.197753
137178ms,137178,227.469,0.198911
137210ms,137210,228.343,0.201052
137258ms,137258,229.221,0.200560
137290ms,137290,229.653,0.200099
137322ms,137322,230.195,0.201058
137354ms,137354,230.485,0.202495
137386ms,137386,230.548,0.202158
137418ms,137418,230.625,0.201842
137450ms,137450,230.573,0.202406
137482ms,137482,230.633,0.202118
137514ms,137514,230.602,0.201840
137546ms,137546,230.592,0.202039
137578ms,137578,230.592,0.201863
137610ms,137610,230.596,0.202550
137658ms,137658,230.548,0.201719
137690ms,137690,230.207,0.202126
137754ms,137754,230.086,0.203757
137786ms,137786,229.901,0.200545
137818ms,137818,229.339,0.201769
137850ms,137850,229.430,0.200364
137882ms,137882,229.407,0.199233
137914ms,137914,229.356,0.202380
137946ms,137946,228.921,0.198685
137978ms,137978,228.990,0.201113
138026ms,138026,228.873,0.200004
138058ms,138058,228.685,0.199519
138090ms,138090,228.840,0.199651
138122ms,138122,228.804,0.200065
138154ms,138154,228.918,0.200389
138186ms,138186,228.492,0.198656
138218ms,138218,228.581,0.198874
138250ms,138250,228.523,0.199637
138282ms,138282,228.650,0.199494
138314ms,138314,228.318,0.198628
138346ms,138346,228.167,0.199492
138378ms,138378,228.014,0.197488
138426ms,138426,228.156,0.198113
138490ms,138490,227.834,0.196931
138522ms,138522,227.632,0.197167
138554ms,138554,227.746,0.199043
138586ms,138586,227.526,0.198551
138618ms,138618,227.366,0.198430
138650ms,138650,227.426,0.199185
138682ms,138682,228.392,0.201245
138714ms,138714,229.176,0.201294
138746ms,138746,229.651,0.200718
138794ms,138794,230.091,0.202067
138826ms,138826,230.505,0.201881
138858ms,138858,230.579,0.202188
138890ms,138890,230.622,0.202176
138922ms,138922,230.597,0.202212
138954ms,138954,230.637,0.201943
139018ms,139018,230.651,0.202132
139050ms,139050,230.623,0.202257
139082ms,139082,230.564,0.202044
139114ms,139114,230.344,0.203361
139162ms,139162,230.209,0.201952
139194ms,139194,230.261,0.200853
139226ms,139226,230.072,0.203277
139258ms,139258,229.899,0.200376
139290ms,139290,229.499,0.202349
139322ms,139322,229.526,0.200760
139354ms,139354,229.454,0.200053
139386ms,139386,229.221,0.201846
139418ms,139418,228.969,0.198920
139450ms,139450,228.954,0.200472
139482ms,139482,228.873,0.199993
139562ms,139562,228.833,0.199794
139594ms,139594,228.828,0.198668
139626ms,139626,228.914,0.200175
139658ms,139658,228.479,0.198553
139690ms,139690,228.661,0.198968
139722ms,139722,228.567,0.199340
139786ms,139786,228.408,0.199119
139818ms,139818,228.094,0.198633
139850ms,139850,228.144,0.197661
139882ms,139882,228.110,0.197848
139930ms,139930,227.701,0.197588
139962ms,139962,227.923,0.197101
139994ms,139994,227.583,0.197019
140026ms,140026,227.769,0.199727
140058ms,140058,227.600,0.198200
140090ms,140090,227.473,0.197988
140122ms,140122,227.487,0.199573
140154ms,140154,228.305,0.200144
140186ms,140186,229.368,0.201048
140218ms,140218,229.756,0.199931
140250ms,140250,230.322,0.201138
140298ms,140298,230.533,0.201597
140330ms,140330,230.667,0.202911
140362ms,140362,230.727,0.202669
140394ms,140394,230.694,0.202406
140426ms,140426,230.657,0.202197
140458ms,140458,230.710,0.202369
140490ms,140490,230.731,0.202835
140522ms,140522,230.726,0.203694
140554ms,140554,230.657,0.202670
140586ms,140586,230.436,0.204330
140618ms,140618,230.334,0.200650
140666ms,140666,230.277,0.200638
140698ms,140698,229.992,0.204081
140730ms,140730,229.897,0.200564
140762ms,140762,229.435,0.201669
140794ms,140794,229.478,0.200493
140826ms,140826,229.441,0.199531
140858ms,140858,229.341,0.202401
140890ms,140890,228.992,0.199592
140922ms,140922,228.985,0.201004
140954ms,140954,228.853,0.199870
140986ms,140986,228.709,0.199641
141066ms,141066,228.737,0.199238
141098ms,141098,228.944,0.200090
141130ms,141130,228.552,0.198131
141162ms,141162,228.581,0.198459
141194ms,141194,228.603,0.199627
141226ms,141226,228.606,0.199496
141258ms,141258,228.371,0.198712
141290ms,141290,228.187,0.198209
141322ms,141322,228.068,0.197952
141354ms,141354,228.201,0.198165
141386ms,141386,227.750,0.197734
141434ms,141434,227.907,0.197087
141466ms,141466,227.635,0.197065
141498ms,141498,227.834,0.199098
141530ms,141530,227.558,0.198269
141562ms,141562,227.383,0.198083
141594ms,141594,227.538,0.198657
141626ms,141626,228.371,0.200792
141658ms,141658,229.349,0.200800
141690ms,141690,229.596,0.200994
141722ms,141722,230.116,0.201494
141754ms,141754,230.480,0.201649
141786ms,141786,230.660,0.202886
141834ms,141834,230.687,0.202773
141866ms,141866,230.780,0.202956
141898ms,141898,230.808,0.203375
141930ms,141930,230.679,0.203204
141962ms,141962,230.885,0.202331
141994ms,141994,230.773,0.202107
142026ms,142026,230.601,0.202321
142058ms,142058,230.402,0.203499
142090ms,142090,230.233,0.201466
142122ms,142122,230.242,0.200524
142154ms,142154,230.060,0.202372
142202ms,142202,229.785,0.200842
142234ms,142234,229.562,0.202243
142266ms,142266,229.417,0.200240
142298ms,142298,229.484,0.200079
142330ms,142330,229.161,0.201737
142362ms,142362,229.007,0.197687
142394ms,142394,228.704,0.200319
142426ms,142426,228.869,0.199728
142458ms,142458,228.761,0.199172
142490ms,142490,228.845,0.199376
142522ms,142522,228.786,0.199628
142570ms,142570,228.918,0.200232
142602ms,142602,228.495,0.198871
142634ms,142634,228.714,0.199059
142666ms,142666,228.564,0.199276
142698ms,142698,228.579,0.198916
142730ms,142730,228.451,0.199263
142762ms,142762,228.118,0.198352
142794ms,142794,228.104,0.197762
142826ms,142826,228.150,0.197708
142858ms,142858,227.751,0.197571
142890ms,142890,228.072,0.197289
142922ms,142922,227.622,0.196885
142970ms,142970,227.709,0.200011
143002ms,143002,227.547,0.198110
143034ms,143034,227.504,0.197729
143066ms,143066,227.506,0.198938
143130ms,143130,229.132,0.200924
143162ms,143162,229.651,0.200678
143194ms,143194,230.111,0.200887
143226ms,143226,230.604,0.201835
143258ms,143258,230.623,0.202148
143290ms,143290,230.627,0.202293
143338ms,143338,230.546,0.202653
143370ms,143370,230.612,0.202116
143402ms,143402,230.617,0.202023
143434ms,143434,230.626,0.202052
143466ms,143466,230.604,0.202239
143498ms,143498,230.632,0.202549
143658ms,143658,229.858,0.200522
143706ms,143706,229.322,0.201309
143738ms,143738,229.397,0.200379
143770ms,143770,229.434,0.199107
143802ms,143802,229.397,0.201695
143834ms,143834,229.252,0.200164
143866ms,143866,229.023,0.201368
143898ms,143898,228.806,0.200245
143930ms,143930,228.715,0.199732
143962ms,143962,228.824,0.199551
143994ms,143994,228.797,0.199461
144026ms,144026,229.015,0.200439
144106ms,144106,228.727,0.199154
144138ms,144138,228.713,0.200301
144170ms,144170,228.538,0.199605
144202ms,144202,228.086,0.198311
144234ms,144234,228.056,0.198288
144266ms,144266,228.175,0.198268
144298ms,144298,228.220,0.198314
144330ms,144330,227.752,0.197229
144362ms,144362,227.945,0.197023
144394ms,144394,227.654,0.197306
144426ms,144426,227.708,0.200333
144474ms,144474,227.625,0.198942
144506ms,144506,227.404,0.198071
144538ms,144538,227.422,0.198312
144570ms,144570,228.134,0.200536
144602ms,144602,229.058,0.201287
144634ms,144634,229.638,0.199884
144666ms,144666,230.109,0.201693
144698ms,144698,230.577,0.201912
144730ms,144730,230.632,0.202189
144762ms,144762,230.592,0.202642
144794ms,144794,230.663,0.202922
144842ms,144842,230.643,0.202542
144874ms,144874,230.605,0.202846
144906ms,144906,230.608,0.202768
144938ms,144938,230.694,0.202865
145002ms,145002,230.574,0.202985
145034ms,145034,230.211,0.202411
145066ms,145066,230.342,0.200298
145098ms,145098,230.244,0.203128
145130ms,145130,229.760,0.200463
145162ms,145162,229.411,0.200054
145194ms,145194,229.423,0.200620
145242ms,145242,229.414,0.199173
145274ms,145274,229.293,0.202221
145306ms,145306,229.268,0.200532
145338ms,145338,229.000,0.200479
145370ms,145370,228.811,0.199562
145402ms,145402,228.638,0.199631
145434ms,145434,228.802,0.200092
145466ms,145466,228.753,0.199251
145498ms,145498,228.989,0.200481
145530ms,145530,228.626,0.198480
145562ms,145562,228.804,0.198963
145610ms,145610,228.733,0.200181
145642ms,145642,228.427,0.199606
145674ms,145674,228.143,0.197753
145706ms,145706,228.178,0.197869
145738ms,145738,228.137,0.198140
145770ms,145770,228.219,0.198735
145802ms,145802,227.902,0.197571
145834ms,145834,228.025,0.197442
145866ms,145866,227.742,0.196578
145898ms,145898,227.723,0.199819
145930ms,145930,227.635,0.198696
145978ms,145978,227.513,0.197303
146010ms,146010,227.384,0.197889
146042ms,146042,228.095,0.200914
146074ms,146074,229.021,0.200431
146106ms,146106,229.609,0.200480
146138ms,146138,230.105,0.202641
146170ms,146170,230.527,0.202843
146202ms,146202,230.568,0.202395
146266ms,146266,230.584,0.203042
146298ms,146298,230.700,0.202834
146330ms,146330,230.642,0.203045
146378ms,146378,230.688,0.202869
146410ms,146410,230.695,0.202842
146442ms,146442,230.641,0.202789
146474ms,146474,230.631,0.202487
146506ms,146506,230.218,0.203437
146538ms,146538,230.160,0.200114
146570ms,146570,230.166,0.203440
146602ms,146602,229.817,0.200443
146634ms,146634,229.330,0.200580
146666ms,146666,229.363,0.200593
146698ms,146698,229.244,0.198798
146746ms,146746,229.201,0.201779
146778ms,146778,229.154,0.199426
146810ms,146810,228.981,0.200762
146842ms,146842,228.746,0.199594
146874ms,146874,228.750,0.201795
146906ms,146906,228.769,0.199827
146938ms,146938,228.736,0.199530
146970ms,146970,229.005,0.200364
147002ms,147002,228.677,0.198607
147034ms,147034,228.780,0.199488
147066ms,147066,228.781,0.200469
147098ms,147098,228.463,0.198404
147146ms,147146,228.291,0.198107
147178ms,147178,228.190,0.198103
147210ms,147210,228.142,0.198532
147242ms,147242,228.261,0.198611
147274ms,147274,227.854,0.197785
147306ms,147306,227.925,0.197286
147338ms,147338,227.703,0.197271
147370ms,147370,227.687,0.200244
147402ms,147402,227.648,0.198672
147434ms,147434,227.407,0.197916
147466ms,147466,227.478,0.197596
147514ms,147514,228.050,0.201790
147546ms,147546,228.992,0.200836
147578ms,147578,229.576,0.200064
147610ms,147610,230.047,0.202134
147674ms,147674,230.672,0.202535
147706ms,147706,230.719,0.202870
147738ms,147738,230.696,0.202305
147770ms,147770,230.745,0.202579
147802ms,147802,230.727,0.202662
147834ms,147834,230.697,0.202656
147882ms,147882,230.729,0.202440
147914ms,147914,230.657,0.203006
147946ms,147946,230.635,0.202524
147978ms,147978,230.284,0.203800
148010ms,148010,230.295,0.200241
148042ms,148042,230.221,0.202391
148074ms,148074,229.841,0.200485
148106ms,148106,229.444,0.199225
148138ms,148138,229.373,0.199991
148170ms,148170,229.240,0.198765
148202ms,148202,229.226,0.201647
148234ms,148234,229.269,0.200329
148282ms,148282,228.971,0.200765
148346ms,148346,228.738,0.201928
148410ms,148410,228.767,0.199069
148442ms,148442,228.902,0.200891
148474ms,148474,228.601,0.198480
148506ms,148506,228.757,0.199391
148538ms,148538,228.717,0.200054
148570ms,148570,228.565,0.201199
148602ms,148602,228.091,0.198363
148650ms,148650,228.129,0.197837
148682ms,148682,228.119,0.198330
148714ms,148714,228.256,0.198624
148746ms,148746,227.818,0.197325
148778ms,148778,227.905,0.197108
148810ms,148810,227.657,0.197183
148842ms,148842,227.667,0.201070
148874ms,148874,227.557,0.198518
148906ms,148906,227.346,0.197997
148938ms,148938,227.414,0.197713
148970ms,148970,228.068,0.200875
149018ms,149018,228.981,0.201153
149050ms,149050,229.680,0.199933
149082ms,149082,230.033,0.202213
149114ms,149114,230.562,0.201932
149146ms,149146,230.688,0.202664
149178ms,149178,230.682,0.202759
149210ms,149210,230.672,0.202883
149242ms,149242,230.724,0.202604
149274ms,149274,230.725,0.202473
149306ms,149306,230.704,0.202575
149338ms,149338,230.667,0.202711
149386ms,149386,230.702,0.202348
149418ms,149418,230.661,0.202185
149450ms,149450,230.257,0.203494
149482ms,149482,230.250,0.201495
149514ms,149514,230.174,0.200941
149546ms,149546,229.728,0.201134
149610ms,149610,229.617,0.202277
149642ms,149642,229.406,0.200626
149674ms,149674,229.104,0.200446
149706ms,149706,229.184,0.200247
149738ms,149738,228.883,0.199439
149786ms,149786,228.754,0.199374
149818ms,149818,228.988,0.201075
149850ms,149850,228.848,0.199605
149882ms,149882,228.818,0.199469
149914ms,149914,228.964,0.201014
149946ms,149946,228.815,0.199331
149978ms,149978,228.857,0.199482
150010ms,150010,228.640,0.200491
150042ms,150042,228.583,0.198698
150074ms,150074,228.365,0.198191
150154ms,150154,228.317,0.199194
150186ms,150186,228.113,0.199252
150218ms,150218,227.980,0.197459
150282ms,150282,227.806,0.196710
150314ms,150314,227.701,0.199958
150346ms,150346,227.706,0.198391
150378ms,150378,227.493,0.198280
150410ms,150410,227.355,0.197544
150442ms,150442,227.565,0.199624
150474ms,150474,228.727,0.202251
150506ms,150506,229.588,0.199931
150554ms,150554,229.631,0.201151
150586ms,150586,230.365,0.201651
150618ms,150618,230.524,0.202103
150650ms,150650,230.555,0.202863
150682ms,150682,230.615,0.202130
150714ms,150714,230.611,0.202337
150746ms,150746,230.629,0.202177
150778ms,150778,230.577,0.202851
150810ms,150810,230.572,0.202510
150842ms,150842,230.654,0.201932
150874ms,150874,230.524,0.202191
150922ms,150922,230.340,0.204147
150954ms,150954,230.182,0.201405
150986ms,150986,230.215,0.200817
151018ms,151018,229.780,0.202036
151050ms,151050,229.851,0.200626
151082ms,151082,229.441,0.202104
151114ms,151114,229.454,0.199931
151146ms,151146,229.496,0.200079
151178ms,151178,229.039,0.199743
151210ms,151210,228.874,0.197976
151242ms,151242,228.957,0.201328
151290ms,151290,228.821,0.200068
151322ms,151322,228.740,0.199511
151354ms,151354,228.850,0.198833
151386ms,151386,228.705,0.200559
151418ms,151418,228.928,0.200115
151450ms,151450,228.526,0.198659
151482ms,151482,228.567,0.198927
151514ms,151514,228.570,0.199787
151546ms,151546,228.605,0.199929
151578ms,151578,228.344,0.199001
151610ms,151610,228.071,0.197731
151690ms,151690,228.130,0.198221
151722ms,151722,227.854,0.198636
151754ms,151754,227.774,0.196789
151786ms,151786,227.649,0.197481
151818ms,151818,227.869,0.199101
151850ms,151850,227.541,0.198349
151882ms,151882,227.390,0.198304
151914ms,151914,227.405,0.198591
151946ms,151946,228.095,0.201371
151978ms,151978,229.126,0.201042
152010ms,152010,229.641,0.199993
152058ms,152058,230.075,0.202212
152090ms,152090,230.481,0.202292
152122ms,152122,230.572,0.201922
152154ms,152154,230.620,0.201651
152186ms,152186,230.640,0.202297
152218ms,152218,230.635,0.202598
152250ms,152250,230.646,0.202663
152282ms,152282,230.628,0.201961
152314ms,152314,230.644,0.202759
152346ms,152346,230.603,0.202571
152378ms,152378,230.463,0.202661
152425ms,152425,230.145,0.202668
152490ms,152490,230.248,0.202928
152521ms,152521,229.826,0.200667
152554ms,152554,229.576,0.199937
152617ms,152617,229.386,0.198829
152650ms,152650,229.213,0.201342
152682ms,152682,229.157,0.199576
152714ms,152714,228.930,0.200528
152746ms,152746,228.755,0.199438
152778ms,152778,228.982,0.201078
152826ms,152826,228.761,0.199691
152858ms,152858,228.753,0.200012
152889ms,152889,228.980,0.200925
152922ms,152922,228.639,0.198913
152954ms,152954,228.802,0.199918
152985ms,152985,228.758,0.200434
153018ms,153018,228.505,0.198752
153050ms,153050,228.261,0.198585
153081ms,153081,228.214,0.198118
153114ms,153114,228.251,0.198699
153145ms,153145,228.236,0.198384
153193ms,153193,227.869,0.197584
153226ms,153226,228.056,0.197517
153257ms,153257,227.894,0.196815
153290ms,153290,227.750,0.200548
153322ms,153322,227.736,0.198624
153353ms,153353,227.491,0.198023
153385ms,153385,227.330,0.198546
153418ms,153418,227.789,0.200710
153449ms,153449,228.913,0.200634
153481ms,153481,229.648,0.199889
153514ms,153514,229.921,0.202162
153561ms,153561,230.497,0.201924
153594ms,153594,230.611,0.201965
153625ms,153625,230.709,0.202264
153658ms,153658,230.667,0.202573
153690ms,153690,230.633,0.202457
153722ms,153722,230.670,0.202455
153753ms,153753,230.641,0.202160
153786ms,153786,230.665,0.202697
153818ms,153818,230.613,0.202443
153849ms,153849,230.656,0.202056
153882ms,153882,230.314,0.203566
153914ms,153914,230.380,0.200220
153961ms,153961,230.158,0.202414
153994ms,153994,229.718,0.200971
154026ms,154026,229.404,0.198742
154058ms,154058,229.523,0.202274
154090ms,154090,229.316,0.200764
154121ms,154121,229.179,0.200718
154154ms,154154,229.167,0.199573
154186ms,154186,228.929,0.200439
154217ms,154217,228.734,0.199522
154249ms,154249,228.968,0.200849
154282ms,154282,228.763,0.199766
154329ms,154329,228.765,0.199781
154361ms,154361,228.951,0.200658
154393ms,154393,228.652,0.198898
154425ms,154425,228.821,0.200004
154458ms,154458,228.737,0.200930
154521ms,154521,228.362,0.198019
154554ms,154554,228.148,0.197915
154585ms,154585,228.317,0.199064
154617ms,154617,228.159,0.198922
154649ms,154649,227.909,0.197426
154681ms,154681,228.059,0.197873
154729ms,154729,227.689,0.196977
154761ms,154761,227.759,0.199696
154793ms,154793,227.742,0.198621
154825ms,154825,227.531,0.198339
154857ms,154857,227.308,0.197488
154889ms,154889,227.565,0.199465
154921ms,154921,228.564,0.201135
154953ms,154953,229.505,0.199911
154985ms,154985,229.774,0.201693
155017ms,155017,230.480,0.201553
155049ms,155049,230.613,0.202023
155097ms,155097,230.695,0.202573
155129ms,155129,230.675,0.202739
155161ms,155161,230.678,0.202812
155193ms,155193,230.673,0.202967
155225ms,155225,230.694,0.202802
155257ms,155257,230.671,0.202553
155289ms,155289,230.746,0.202664
155321ms,155321,230.577,0.202324
155353ms,155353,230.436,0.203847
155385ms,155385,230.244,0.200578
155417ms,155417,230.206,0.201725
155465ms,155465,229.853,0.202724
155497ms,155497,229.866,0.200257
155529ms,155529,229.504,0.202149
155561ms,155561,229.406,0.200428
155625ms,155625,229.130,0.200138
155657ms,155657,228.884,0.198586
155689ms,155689,228.874,0.200489
155753ms,155753,228.703,0.199520
155785ms,155785,228.787,0.199732
155833ms,155833,228.768,0.199730
155865ms,155865,228.958,0.200081
155897ms,155897,228.516,0.199811
155929ms,155929,228.577,0.198612
155961ms,155961,228.635,0.199472
155993ms,155993,228.539,0.199518
156057ms,156057,228.210,0.198668
156089ms,156089,228.046,0.197825
156121ms,156121,228.079,0.198079
156153ms,156153,227.779,0.197058
156201ms,156201,227.711,0.197029
156233ms,156233,227.640,0.197567
156265ms,156265,227.847,0.199120
156297ms,156297,227.590,0.198633
156329ms,156329,227.362,0.198096
156361ms,156361,227.433,0.198947
156393ms,156393,228.182,0.201213
156425ms,156425,229.093,0.201234
156457ms,156457,229.688,0.200094
156489ms,156489,230.061,0.201704
156521ms,156521,230.443,0.201644
156569ms,156569,230.647,0.202535
156601ms,156601,230.818,0.202782
156633ms,156633,230.788,0.202158
156665ms,156665,230.812,0.202450
156697ms,156697,230.760,0.202559
156729ms,156729,230.738,0.202465
156761ms,156761,230.748,0.202739
156793ms,156793,230.564,0.202734
156825ms,156825,230.533,0.202203
156857ms,156857,230.293,0.202481
156889ms,156889,230.305,0.201160
156921ms,156921,230.325,0.202012
156969ms,156969,229.763,0.200097
157001ms,157001,229.472,0.198964
157033ms,157033,229.475,0.200536
157065ms,157065,229.382,0.198817
157097ms,157097,229.183,0.202262
157129ms,157129,229.209,0.199910
157161ms,157161,228.971,0.200161
157193ms,157193,228.776,0.199404
157225ms,157225,228.885,0.201163
157257ms,157257,228.780,0.199483
157289ms,157289,228.785,0.199455
157337ms,157337,228.956,0.200480
157369ms,157369,228.567,0.198485
157401ms,157401,228.750,0.199192
157433ms,157433,228.722,0.200731
157465ms,157465,228.530,0.199977
157497ms,157497,228.179,0.198053
157529ms,157529,228.206,0.197906
157593ms,157593,228.221,0.198985
157625ms,157625,227.857,0.197396
157657ms,157657,228.024,0.197323
157689ms,157689,227.628,0.196702
157737ms,157737,227.827,0.199957
157769ms,157769,227.652,0.198476
157801ms,157801,227.443,0.198098
157833ms,157833,227.340,0.197966
157865ms,157865,227.826,0.201301
157897ms,157897,228.928,0.200560
157929ms,157929,229.548,0.199614
157961ms,157961,229.766,0.201842
157993ms,157993,230.380,0.201083
158025ms,158025,230.466,0.201600
158057ms,158057,230.502,0.201983
158105ms,158105,230.498,0.202079
158137ms,158137,230.548,0.202253
158169ms,158169,230.538,0.202182
158201ms,158201,230.529,0.202326
158233ms,158233,230.518,0.202288
158265ms,158265,230.468,0.201863
158297ms,158297,230.524,0.202081
158329ms,158329,230.253,0.203623
158361ms,158361,230.338,0.200686
158425ms,158425,229.800,0.201057
158473ms,158473,229.479,0.200216
158505ms,158505,229.572,0.202150
158537ms,158537,229.501,0.200793
158569ms,158569,229.170,0.200250
158601ms,158601,229.238,0.199561
158633ms,158633,228.935,0.199600
158665ms,158665,228.781,0.199444
158697ms,158697,228.958,0.200751
158729ms,158729,228.595,0.199073
158761ms,158761,228.648,0.198917
158793ms,158793,228.947,0.200915
158825ms,158825,228.775,0.199200
158873ms,158873,228.859,0.200037
158905ms,158905,228.566,0.201188
158937ms,158937,228.567,0.199022
158969ms,158969,228.485,0.199166
159001ms,159001,228.294,0.198628
159033ms,159033,228.297,0.199484
159065ms,159065,228.078,0.196719
159097ms,159097,228.018,0.197931
159129ms,159129,227.928,0.199253
159161ms,159161,227.783,0.196794
159193ms,159193,227.706,0.199121
159241ms,159241,227.739,0.198860
159273ms,159273,227.511,0.198354
159337ms,159337,227.523,0.199174
159369ms,159369,228.534,0.201422
159401ms,159401,229.383,0.200126
159465ms,159465,230.463,0.201398
159497ms,159497,230.570,0.202156
159529ms,159529,230.654,0.202746
159561ms,159561,230.714,0.202623
159609ms,159609,230.655,0.202680
159641ms,159641,230.718,0.203023
159673ms,159673,230.693,0.202837
159705ms,159705,230.689,0.202463
159737ms,159737,230.700,0.202906
159769ms,159769,230.650,0.202796
159801ms,159801,230.361,0.202797
159833ms,159833,230.237,0.201431
159865ms,159865,230.241,0.201683
159897ms,159897,229.867,0.203634
159929ms,159929,229.901,0.200310
159961ms,159961,229.409,0.202044
160009ms,160009,229.419,0.200649
160041ms,160041,229.376,0.199620
160073ms,160073,229.175,0.202136
160105ms,160105,228.976,0.198865
160137ms,160137,228.995,0.201069
160169ms,160169,228.829,0.199713
160201ms,160201,228.707,0.199420
160233ms,160233,228.840,0.199172
160265ms,160265,228.816,0.199735
160297ms,160297,228.904,0.200557
160329ms,160329,228.533,0.198954
160377ms,160377,228.533,0.198962
160409ms,160409,228.627,0.200029
160441ms,160441,228.693,0.200061
160473ms,160473,228.399,0.198462
160505ms,160505,228.122,0.197673
160537ms,160537,228.078,0.197578
160569ms,160569,228.166,0.198175
160601ms,160601,227.815,0.197382
160633ms,160633,228.013,0.197140
160665ms,160665,227.726,0.197271
160697ms,160697,227.856,0.199094
160745ms,160745,227.557,0.198412
160777ms,160777,227.398,0.197835
160809ms,160809,227.445,0.197215
160841ms,160841,228.149,0.200429
160873ms,160873,229.033,0.200462
160905ms,160905,229.596,0.200327
160937ms,160937,230.042,0.202017
160969ms,160969,230.553,0.201936
161001ms,161001,230.619,0.202770
161033ms,161033,230.736,0.202700
161065ms,161065,230.701,0.202675
161145ms,161145,230.728,0.202500
161177ms,161177,230.673,0.202718
161209ms,161209,230.684,0.203053
161241ms,161241,230.675,0.201733
161273ms,161273,230.549,0.203207
161305ms,161305,230.267,0.203283
161337ms,161337,230.299,0.201465
161369ms,161369,230.193,0.202010
161401ms,161401,229.761,0.200985
161433ms,161433,229.484,0.198682
161465ms,161465,229.508,0.201753
161513ms,161513,229.338,0.200126
161545ms,161545,229.218,0.200284
161577ms,161577,229.257,0.200317
161609ms,161609,228.959,0.199184
161641ms,161641,228.701,0.199381
161673ms,161673,228.978,0.200829
161705ms,161705,228.638,0.199215
161769ms,161769,229.018,0.200729
161833ms,161833,228.802,0.199793
161881ms,161881,228.736,0.200886
161913ms,161913,228.507,0.198476
161945ms,161945,228.331,0.198948
161977ms,161977,228.186,0.197844
162009ms,162009,228.246,0.198583
162041ms,162041,228.188,0.198376
162073ms,162073,227.946,0.197888
162105ms,162105,228.031,0.197499
162137ms,162137,227.617,0.196732
162169ms,162169,227.674,0.200794
162233ms,162233,227.455,0.197974
162281ms,162281,227.263,0.198048
162313ms,162313,227.655,0.199763
162345ms,162345,228.813,0.201134
162377ms,162377,229.489,0.200448
162409ms,162409,229.681,0.200885
162441ms,162441,230.404,0.201488
162473ms,162473,230.518,0.201615
162505ms,162505,230.590,0.201812
162537ms,162537,230.634,0.201836
162569ms,162569,230.601,0.201907
162601ms,162601,230.645,0.202440
162649ms,162649,230.603,0.202016
162681ms,162681,230.596,0.201875
162713ms,162713,230.609,0.202153
162745ms,162745,230.524,0.202367
162777ms,162777,230.418,0.203663
162809ms,162809,230.245,0.201091
162873ms,162873,229.734,0.202390
162905ms,162905,229.838,0.200609
162937ms,162937,229.523,0.202586
162969ms,162969,229.538,0.200969
163017ms,163017,229.272,0.201232
163049ms,163049,229.224,0.199769
163081ms,163081,228.905,0.198773
163113ms,163113,228.695,0.199059
163145ms,163145,228.827,0.200237
163177ms,163177,228.815,0.199159
163209ms,163209,228.756,0.199639
163241ms,163241,228.809,0.200245
163273ms,163273,228.986,0.200234
163305ms,163305,228.886,0.200026
163337ms,163337,228.600,0.198851
163369ms,163369,228.539,0.199347
163417ms,163417,228.562,0.199472
163449ms,163449,228.346,0.198385
163481ms,163481,228.247,0.199823
163513ms,163513,228.031,0.197560
163545ms,163545,228.088,0.197643
163577ms,163577,227.695,0.197323
163609ms,163609,227.870,0.197482
163673ms,163673,227.736,0.199508
163705ms,163705,227.572,0.198832
163737ms,163737,227.409,0.198350
163785ms,163785,227.408,0.198187
163817ms,163817,228.335,0.199250
163849ms,163849,228.923,0.201352
163881ms,163881,229.744,0.200289
163913ms,163913,230.022,0.202260
163945ms,163945,230.495,0.202035
163977ms,163977,230.460,0.202086
164009ms,164009,230.394,0.202752
164041ms,164041,230.482,0.202243
164073ms,164073,230.592,0.202904
164105ms,164105,230.521,0.203064
164153ms,164153,230.534,0.202432
164153ms,164153,230.534,0.202432
164185ms,164185,230.557,0.202207
164185ms,164185,230.557,0.202207
164217ms,164217,230.591,0.202401
164217ms,164217,230.591,0.202401
164249ms,164249,230.490,0.202776
164281ms,164281,230.288,0.202380
164313ms,164313,230.193,0.200750
164345ms,164345,230.143,0.202971
164377ms,164377,229.797,0.200216
164409ms,164409,229.325,0.200699
164441ms,164441,229.403,0.200369
164473ms,164473,229.232,0.198874
164505ms,164505,229.195,0.202468
164553ms,164553,229.253,0.200336
164585ms,164585,228.950,0.200441
164617ms,164617,228.782,0.199836
164681ms,164681,228.812,0.199520
164713ms,164713,228.817,0.199403
164745ms,164745,228.973,0.201012
164777ms,164777,228.528,0.198531
164809ms,164809,228.765,0.198799
164873ms,164873,228.562,0.198616
164921ms,164921,228.024,0.197965
164953ms,164953,228.167,0.197949
164985ms,164985,228.181,0.198261
165017ms,165017,228.289,0.198543
165049ms,165049,227.866,0.197518
165081ms,165081,227.990,0.197297
165113ms,165113,227.652,0.196625
165145ms,165145,227.731,0.200994
165177ms,165177,227.646,0.198527
165209ms,165209,227.423,0.197810
165241ms,165241,227.324,0.197697
165289ms,165289,227.923,0.201093
165321ms,165321,228.924,0.200527
165353ms,165353,229.588,0.200625
165385ms,165385,229.878,0.202407
165417ms,165417,230.396,0.201994
165449ms,165449,230.422,0.201470
165481ms,165481,230.489,0.201297
165513ms,165513,230.517,0.202522
165545ms,165545,230.430,0.201962
165577ms,165577,230.448,0.201904
165609ms,165609,230.484,0.202135
165657ms,165657,230.510,0.202163
165689ms,165689,230.556,0.202674
165721ms,165721,230.503,0.203134
165753ms,165753,230.288,0.203112
165785ms,165785,230.259,0.200335
165817ms,165817,230.088,0.201987
165849ms,165849,229.848,0.200352
165881ms,165881,229.757,0.199966
165913ms,165913,229.621,0.202446
165945ms,165945,229.585,0.201021
165977ms,165977,229.224,0.199705
166009ms,166009,229.210,0.199524
166057ms,166057,228.918,0.199381
166089ms,166089,228.767,0.199017
166121ms,166121,228.786,0.200879
166153ms,166153,228.710,0.199505
166185ms,166185,228.783,0.198755
166217ms,166217,228.962,0.201005
166249ms,166249,228.752,0.199495
166281ms,166281,228.839,0.200496
166313ms,166313,228.605,0.200977
166345ms,166345,228.490,0.199039
166377ms,166377,228.393,0.198652
166409ms,166409,228.268,0.198353
166457ms,166457,228.250,0.198602
166489ms,166489,228.034,0.197499
166521ms,166521,227.921,0.197840
166553ms,166553,227.938,0.198820
166585ms,166585,227.779,0.197176
166617ms,166617,227.564,0.199349
166649ms,166649,227.708,0.199238
166681ms,166681,227.509,0.197974
166713ms,166713,227.300,0.197721
166745ms,166745,227.474,0.197300
166777ms,166777,228.312,0.200964
166825ms,166825,229.090,0.201463
166857ms,166857,229.724,0.200922
166889ms,166889,230.458,0.202331
166921ms,166921,230.443,0.203290
166953ms,166953,230.513,0.202309
166985ms,166985,230.445,0.202550
167017ms,167017,230.485,0.202598
167049ms,167049,230.490,0.203137
167081ms,167081,230.589,0.202518
167113ms,167113,230.580,0.202738
167145ms,167145,230.501,0.202842
167193ms,167193,230.570,0.202713
167257ms,167257,230.285,0.200507
167289ms,167289,230.138,0.202968
167321ms,167321,229.808,0.201015
167353ms,167353,229.829,0.200524
167385ms,167385,229.520,0.201715
167417ms,167417,229.462,0.200570
167449ms,167449,229.248,0.199737
167481ms,167481,229.201,0.199485
167513ms,167513,228.864,0.198560
167545ms,167545,228.772,0.200553
167593ms,167593,228.805,0.200551
167625ms,167625,228.695,0.199360
167657ms,167657,228.844,0.198206
167689ms,167689,228.866,0.201447
167721ms,167721,228.895,0.199940
167753ms,167753,228.906,0.200735
167785ms,167785,228.402,0.198776
167817ms,167817,228.518,0.199489
167849ms,167849,228.605,0.198655
167913ms,167913,228.298,0.200015
167961ms,167961,227.922,0.197954
167993ms,167993,228.074,0.198141
168057ms,168057,227.745,0.197353
168089ms,168089,227.540,0.197102
168121ms,168121,227.733,0.199562
168153ms,168153,227.448,0.198708
168185ms,168185,227.302,0.197890
168217ms,168217,227.440,0.197213
168249ms,168249,228.192,0.200839
168281ms,168281,228.897,0.201565
168329ms,168329,229.736,0.200272
168361ms,168361,230.312,0.201402
168393ms,168393,230.568,0.202631
168425ms,168425,230.536,0.203325
168457ms,168457,230.556,0.202856
168489ms,168489,230.580,0.202760
168521ms,168521,230.452,0.202720
168553ms,168553,230.525,0.202828
168585ms,168585,230.376,0.202668
168617ms,168617,230.497,0.202945
168649ms,168649,230.537,0.201981
168697ms,168697,230.485,0.202852
168761ms,168761,230.015,0.201619
168793ms,168793,229.950,0.203828
168825ms,168825,229.809,0.200369
168889ms,168889,229.412,0.200279
168921ms,168921,229.262,0.199191
168953ms,168953,229.251,0.201766
168985ms,168985,229.159,0.200360
169017ms,169017,228.944,0.200670
169049ms,169049,228.808,0.199273
169097ms,169097,228.788,0.201297
169129ms,169129,228.844,0.198679
169161ms,169161,228.745,0.199336
169193ms,169193,228.931,0.201184
169225ms,169225,228.549,0.198603
169257ms,169257,228.702,0.199007
169289ms,169289,228.727,0.200359
169321ms,169321,228.641,0.200004
169353ms,169353,228.220,0.197715
169417ms,169417,228.034,0.198285
169465ms,169465,228.219,0.198451
169497ms,169497,227.897,0.197829
169529ms,169529,227.936,0.197473
169561ms,169561,227.622,0.197310
169593ms,169593,227.644,0.199866
169625ms,169625,227.456,0.198548
169657ms,169657,227.343,0.197555
169689ms,169689,227.278,0.198405
169721ms,169721,227.890,0.201262
169753ms,169753,228.901,0.201121
169785ms,169785,229.640,0.200332
169833ms,169833,229.985,0.202299
169865ms,169865,230.404,0.201374
169897ms,169897,230.451,0.202229
169929ms,169929,230.539,0.202312
169961ms,169961,230.525,0.202479
169993ms,169993,230.510,0.202770
170025ms,170025,230.529,0.202362
170057ms,170057,230.480,0.202209
170089ms,170089,230.503,0.202368
170121ms,170121,230.507,0.202313
170153ms,170153,230.547,0.202412
170185ms,170185,230.249,0.202917
170233ms,170233,230.337,0.201245
170265ms,170265,230.264,0.202889
170297ms,170297,229.748,0.200549
170329ms,170329,229.509,0.198801
170361ms,170361,229.526,0.202125
170393ms,170393,229.383,0.199666
170425ms,170425,229.258,0.199849
170457ms,170457,229.225,0.200051
170489ms,170489,228.900,0.199797
170521ms,170521,228.742,0.198974
170553ms,170553,228.912,0.200721
170601ms,170601,228.614,0.199077
170633ms,170633,228.772,0.199158
170665ms,170665,228.980,0.200569
170729ms,170729,228.793,0.199813
170761ms,170761,228.647,0.201223
170793ms,170793,228.458,0.199048
170825ms,170825,228.428,0.198552
170857ms,170857,228.217,0.198301
170889ms,170889,228.371,0.199176
170921ms,170921,228.215,0.199084
170953ms,170953,227.889,0.198085
171001ms,171001,228.130,0.197179
171033ms,171033,227.679,0.197233
171065ms,171065,227.644,0.200511
171097ms,171097,227.607,0.198811
171129ms,171129,227.406,0.198463
171161ms,171161,227.255,0.197578
171193ms,171193,227.558,0.198795
171225ms,171225,228.475,0.200069
171257ms,171257,229.298,0.200557
171289ms,171289,229.771,0.201727
171321ms,171321,230.465,0.201963
171369ms,171369,230.505,0.201979
171401ms,171401,230.425,0.202689
171433ms,171433,230.459,0.202229
171465ms,171465,230.383,0.202964
171497ms,171497,230.515,0.202570
171529ms,171529,230.399,0.202640
171561ms,171561,230.560,0.202673
171593ms,171593,230.591,0.203042
171625ms,171625,230.589,0.202194
171657ms,171657,230.411,0.203189
171689ms,171689,230.257,0.200705
171737ms,171737,230.125,0.202148
171769ms,171769,229.717,0.201218
171801ms,171801,229.896,0.200333
171833ms,171833,229.307,0.201577
171865ms,171865,229.462,0.200388
171897ms,171897,229.460,0.200482
171929ms,171929,229.178,0.199386
171961ms,171961,228.836,0.198350
171993ms,171993,228.804,0.200713
172025ms,172025,228.769,0.200575
172057ms,172057,228.713,0.199536
172089ms,172089,228.827,0.198873
172137ms,172137,228.858,0.201087
172169ms,172169,228.775,0.199352
172201ms,172201,228.869,0.200202
172233ms,172233,228.460,0.198860
172265ms,172265,228.558,0.199459
172297ms,172297,228.563,0.199541
172329ms,172329,228.383,0.198633
172361ms,172361,228.380,0.199909
172393ms,172393,227.858,0.198003
172425ms,172425,228.087,0.198407
172457ms,172457,227.891,0.197390
172505ms,172505,227.810,0.197111
172537ms,172537,227.592,0.198133
172569ms,172569,227.825,0.198957
172601ms,172601,227.443,0.198729
172633ms,172633,227.347,0.197657
172665ms,172665,227.403,0.199206
172697ms,172697,228.186,0.200200
172729ms,172729,229.088,0.201475
172761ms,172761,229.611,0.199669
172793ms,172793,230.170,0.201274
172825ms,172825,230.337,0.201648
172857ms,172857,230.690,0.201884
172905ms,172905,230.715,0.201743
172937ms,172937,230.736,0.202600
172969ms,172969,230.738,0.202088
173001ms,173001,230.652,0.202345
173033ms,173033,230.743,0.202610
173065ms,173065,230.699,0.202704
173097ms,173097,230.531,0.203224
173129ms,173129,230.444,0.203892
173161ms,173161,230.309,0.203513
173193ms,173193,230.236,0.200901
173225ms,173225,230.334,0.201206
173273ms,173273,229.824,0.200703
173305ms,173305,229.353,0.199396
173337ms,173337,229.397,0.200456
173369ms,173369,229.191,0.198835
173401ms,173401,229.156,0.201559
173433ms,173433,229.279,0.199881
173465ms,173465,228.992,0.200753
173497ms,173497,228.825,0.199176
173529ms,173529,228.865,0.202168
173593ms,173593,228.935,0.198973
173641ms,173641,228.905,0.200526
173673ms,173673,228.563,0.198629
173705ms,173705,228.729,0.198948
173737ms,173737,228.715,0.200273
173769ms,173769,228.573,0.200433
173801ms,173801,228.092,0.197786
173833ms,173833,228.164,0.198104
173865ms,173865,228.081,0.197890
173897ms,173897,228.210,0.198203
173929ms,173929,227.842,0.197222
173961ms,173961,227.868,0.197158
173993ms,173993,227.654,0.197298
174041ms,174041,227.677,0.200031
174073ms,174073,227.687,0.198754
174105ms,174105,227.453,0.198207
174169ms,174169,227.766,0.201460
174233ms,174233,229.539,0.199976
174265ms,174265,229.825,0.201927
174297ms,174297,230.325,0.201256
174329ms,174329,230.813,0.202091
174361ms,174361,230.913,0.201895
174409ms,174409,230.858,0.202007
174441ms,174441,230.860,0.201809
174473ms,174473,230.891,0.201911
174505ms,174505,230.773,0.202543
174537ms,174537,230.863,0.201739
174569ms,174569,230.793,0.202216
174601ms,174601,230.684,0.202378
174633ms,174633,230.367,0.204228
174665ms,174665,230.325,0.201676
174697ms,174697,230.326,0.200670
174729ms,174729,229.904,0.201116
174777ms,174777,229.578,0.198942
174809ms,174809,229.665,0.202267
174841ms,174841,229.586,0.201354
174873ms,174873,229.234,0.199552
174905ms,174905,229.179,0.199815
174937ms,174937,228.985,0.198746
174969ms,174969,228.607,0.199109
175001ms,175001,228.927,0.201219
175033ms,175033,228.774,0.197845
175065ms,175065,228.793,0.199166
175097ms,175097,228.958,0.201177
175145ms,175145,228.720,0.198870
175177ms,175177,228.879,0.199521
175209ms,175209,228.668,0.201012
175241ms,175241,228.494,0.198574
175273ms,175273,228.392,0.199354
175305ms,175305,228.278,0.198304
175337ms,175337,228.336,0.199580
175369ms,175369,228.017,0.197136
175401ms,175401,227.982,0.198138
175433ms,175433,227.964,0.198521
175465ms,175465,227.832,0.196863
175545ms,175545,227.710,0.198864
175609ms,175609,227.354,0.197740
175641ms,175641,227.481,0.200069
175673ms,175673,228.392,0.201960
175705ms,175705,229.178,0.200190
175737ms,175737,229.767,0.201380
175769ms,175769,230.447,0.201716
175801ms,175801,230.570,0.202603
175833ms,175833,230.641,0.202621
175865ms,175865,230.573,0.202240
175913ms,175913,230.571,0.202476
175945ms,175945,230.522,0.202374
175977ms,175977,230.553,0.202498
176009ms,176009,230.596,0.202602
176041ms,176041,230.604,0.202292
176073ms,176073,230.609,0.202162
176105ms,176105,230.533,0.202937
176137ms,176137,230.235,0.200606
176169ms,176169,230.296,0.200716
176201ms,176201,230.073,0.204728
176233ms,176233,229.865,0.200530
176281ms,176281,229.482,0.202050
176313ms,176313,229.434,0.200626
176345ms,176345,229.456,0.200119
176377ms,176377,229.161,0.202196
176409ms,176409,228.914,0.199491
176441ms,176441,229.015,0.201294
176473ms,176473,228.797,0.200146
176505ms,176505,228.726,0.201154
176537ms,176537,228.744,0.198393
176569ms,176569,228.620,0.199182
176601ms,176601,228.949,0.200699
176633ms,176633,228.530,0.198584
176713ms,176713,228.702,0.200124
176745ms,176745,228.698,0.199716
176777ms,176777,228.356,0.199317
176809ms,176809,228.058,0.198921
176841ms,176841,227.979,0.198329
176873ms,176873,228.131,0.198058
176905ms,176905,227.757,0.197371
176937ms,176937,227.800,0.196835
176969ms,176969,227.589,0.197267
177001ms,177001,227.895,0.198978
177049ms,177049,227.593,0.198633
177081ms,177081,227.322,0.197435
177113ms,177113,227.403,0.198941
177145ms,177145,228.091,0.200527
177177ms,177177,229.194,0.200215
177209ms,177209,229.606,0.199989
177241ms,177241,230.013,0.201605
177273ms,177273,230.418,0.201809
177305ms,177305,230.498,0.202240
177337ms,177337,230.546,0.201671
177369ms,177369,230.563,0.202090
177417ms,177417,230.584,0.202190
177449ms,177449,230.584,0.203230
177481ms,177481,230.567,0.202292
177513ms,177513,230.596,0.202378
177545ms,177545,230.502,0.202888
177577ms,177577,230.472,0.202099
177609ms,177609,230.266,0.202699
177641ms,177641,230.306,0.199915
177673ms,177673,230.289,0.202907
177705ms,177705,229.821,0.200826
177737ms,177737,229.364,0.199456
177769ms,177769,229.412,0.200284
177817ms,177817,229.278,0.199165
177849ms,177849,229.128,0.201567
177881ms,177881,229.247,0.199920
177913ms,177913,228.878,0.200184
177945ms,177945,228.735,0.199372
177977ms,177977,228.886,0.201903
178009ms,178009,228.754,0.198040
178041ms,178041,228.702,0.198193
178073ms,178073,228.945,0.201104
178105ms,178105,228.597,0.198720
178137ms,178137,228.775,0.199074
178185ms,178185,228.713,0.200464
178217ms,178217,228.437,0.199138
178249ms,178249,228.146,0.198106
178280ms,178280,228.248,0.198198
178313ms,178313,228.204,0.198448
178345ms,178345,228.302,0.198688
178377ms,178377,227.920,0.197988
178409ms,178409,227.810,0.197141
178441ms,178441,227.621,0.197505
178473ms,178473,227.719,0.200330
178505ms,178505,227.640,0.198880
178537ms,178537,227.467,0.198144
178584ms,178584,227.282,0.197519
178617ms,178617,227.738,0.200293
178649ms,178649,228.824,0.201386
178681ms,178681,229.465,0.200438
178713ms,178713,229.719,0.201519
178745ms,178745,230.475,0.201251
178777ms,178777,230.600,0.202366
178809ms,178809,230.545,0.202471
178841ms,178841,230.568,0.202405
178873ms,178873,230.584,0.202374
178905ms,178905,230.564,0.202410
178952ms,178952,230.549,0.202389
178984ms,178984,230.578,0.202498
179017ms,179017,230.567,0.202291
179049ms,179049,230.593,0.201863
179081ms,179081,230.452,0.203301
179113ms,179113,230.291,0.200964
179145ms,179145,230.277,0.201328
179208ms,179208,229.873,0.200860
179240ms,179240,229.562,0.201933
179273ms,179273,229.482,0.200878
179320ms,179320,229.315,0.198827
179353ms,179353,229.218,0.199874
179385ms,179385,228.924,0.198312
179416ms,179416,228.711,0.199313
179448ms,179448,228.940,0.200424
179481ms,179481,228.685,0.199419
179512ms,179512,228.848,0.198839
179545ms,179545,229.021,0.201121
179577ms,179577,228.848,0.199566
179608ms,179608,228.859,0.199700
179641ms,179641,228.451,0.199294
179673ms,179673,228.569,0.198878
179720ms,179720,228.467,0.199657
179785ms,179785,228.300,0.199551
179817ms,179817,227.861,0.197920
179849ms,179849,228.013,0.198076
179880ms,179880,227.902,0.198973
179913ms,179913,227.801,0.196963
179944ms,179944,227.616,0.199471
179976ms,179976,227.643,0.199547
180009ms,180009,227.549,0.197756
180056ms,180056,227.382,0.197495
180088ms,180088,227.505,0.199283
180120ms,180120,228.332,0.200751
180152ms,180152,229.505,0.199892
180184ms,180184,229.706,0.200407
180248ms,180248,230.711,0.201846
180280ms,180280,230.741,0.202653
180312ms,180312,230.754,0.202691
180344ms,180344,230.730,0.202734
180376ms,180376,230.766,0.202762
180408ms,180408,230.692,0.202398
180456ms,180456,230.707,0.202833
180488ms,180488,230.736,0.202883
180520ms,180520,230.658,0.202614
180552ms,180552,230.471,0.203025
180584ms,180584,230.213,0.202127
180616ms,180616,230.252,0.200929
180648ms,180648,229.955,0.203654
180680ms,180680,229.934,0.200306
180712ms,180712,229.446,0.202045
180744ms,180744,229.519,0.201163
180776ms,180776,229.407,0.200054
180824ms,180824,229.193,0.202268
180856ms,180856,228.950,0.197979
180888ms,180888,229.003,0.201427
180920ms,180920,228.792,0.200136
180952ms,180952,228.659,0.200766
180984ms,180984,228.820,0.198881
181016ms,181016,228.816,0.201907
181048ms,181048,228.916,0.200029
181080ms,181080,228.660,0.200448
181112ms,181112,228.499,0.198851
181144ms,181144,228.659,0.200063
181192ms,181192,228.499,0.199566
181224ms,181224,228.320,0.198773
181256ms,181256,228.179,0.199014
181288ms,181288,227.984,0.198050
181320ms,181320,228.095,0.197892
181352ms,181352,227.850,0.198032
181384ms,181384,227.777,0.197170
181416ms,181416,227.502,0.197624
181448ms,181448,227.763,0.198862
181480ms,181480,227.458,0.198570
181512ms,181512,227.276,0.197263
181544ms,181544,227.379,0.198958
181592ms,181592,228.195,0.200871
181624ms,181624,229.212,0.200009
181656ms,181656,229.610,0.200201
181688ms,181688,230.089,0.201563
181720ms,181720,230.433,0.201588
181752ms,181752,230.714,0.202705
181784ms,181784,230.792,0.202162
181816ms,181816,230.708,0.201784
181848ms,181848,230.731,0.201354
181880ms,181880,230.826,0.201507
181960ms,181960,230.671,0.201898
181992ms,181992,230.553,0.202549
182024ms,182024,230.458,0.203231
182056ms,182056,230.304,0.203131
182088ms,182088,230.294,0.200723
182152ms,182152,229.805,0.200336
182184ms,182184,229.551,0.199662
182216ms,182216,229.447,0.200628
182280ms,182280,229.336,0.202302
182328ms,182328,229.244,0.199789
182360ms,182360,229.032,0.200465
182392ms,182392,228.804,0.199596
182424ms,182424,228.848,0.201044
182456ms,182456,228.778,0.198104
182488ms,182488,228.872,0.199763
182520ms,182520,228.945,0.200569
182552ms,182552,228.512,0.198635
182584ms,182584,228.696,0.198753
182616ms,182616,228.653,0.199798
182648ms,182648,228.645,0.199563
182680ms,182680,228.076,0.198813
182728ms,182728,228.184,0.197799
182760ms,182760,228.050,0.198640
182824ms,182824,227.821,0.196990
182856ms,182856,227.777,0.197041
182888ms,182888,227.582,0.196990
182920ms,182920,227.814,0.199006
182952ms,182952,227.541,0.198602
183016ms,183016,227.344,0.199072
183048ms,183048,228.111,0.202506
183096ms,183096,229.090,0.201142
183128ms,183128,229.614,0.199607
183160ms,183160,230.036,0.202326
183192ms,183192,230.554,0.201974
183224ms,183224,230.646,0.202328
183256ms,183256,230.661,0.202617
183288ms,183288,230.621,0.202396
183320ms,183320,230.607,0.202599
183352ms,183352,230.583,0.202258
183384ms,183384,230.673,0.202668
183416ms,183416,230.649,0.202595
183464ms,183464,230.593,0.202222
183496ms,183496,230.541,0.202003
183528ms,183528,230.209,0.202982
183560ms,183560,230.159,0.200555
183592ms,183592,230.137,0.203364
183624ms,183624,229.798,0.200960
183656ms,183656,229.435,0.199402
183688ms,183688,229.328,0.200320
183720ms,183720,229.342,0.199213
183752ms,183752,229.107,0.201639
183784ms,183784,229.259,0.200581
183816ms,183816,228.860,0.200206
183864ms,183864,228.729,0.199353
183896ms,183896,228.918,0.201351
183928ms,183928,228.819,0.198578
183960ms,183960,228.818,0.199696
183992ms,183992,228.908,0.200386
184024ms,184024,228.573,0.198298
184056ms,184056,228.640,0.198688
184088ms,184088,228.757,0.199816
184120ms,184120,228.648,0.201047
184152ms,184152,228.242,0.197427
184232ms,184232,228.047,0.198018
184264ms,184264,228.169,0.198801
184296ms,184296,227.746,0.198070
184328ms,184328,227.813,0.196856
184360ms,184360,227.642,0.197410
184392ms,184392,227.782,0.199194
184424ms,184424,227.525,0.199062
184456ms,184456,227.353,0.197443
184488ms,184488,227.332,0.198218
184520ms,184520,228.061,0.201327
184552ms,184552,228.970,0.200785
184600ms,184600,229.567,0.199827
184632ms,184632,230.032,0.202377
184696ms,184696,230.639,0.202354
184728ms,184728,230.744,0.202822
184760ms,184760,230.771,0.202852
184792ms,184792,230.737,0.202958
184824ms,184824,230.795,0.203164
184856ms,184856,230.692,0.202429
184888ms,184888,230.710,0.202612
184920ms,184920,230.706,0.201767
184952ms,184952,230.543,0.202585
185000ms,185000,230.269,0.203469
185032ms,185032,230.279,0.200072
185064ms,185064,230.257,0.202083
185096ms,185096,229.808,0.201070
185128ms,185128,229.411,0.199503
185160ms,185160,229.391,0.200047
185192ms,185192,229.256,0.199427
185224ms,185224,229.098,0.201454
185256ms,185256,229.142,0.199853
185288ms,185288,228.906,0.200006
185320ms,185320,228.736,0.199382
185368ms,185368,228.902,0.201495
185400ms,185400,228.804,0.198672
185432ms,185432,228.773,0.198511
185464ms,185464,228.905,0.200719
185496ms,185496,228.688,0.199037
185528ms,185528,228.737,0.198853
185560ms,185560,228.740,0.200713
185592ms,185592,228.520,0.198837
185624ms,185624,228.141,0.197767
185656ms,185656,228.186,0.197865
185688ms,185688,228.189,0.198579
185720ms,185720,228.215,0.198561
185768ms,185768,227.873,0.198147
185800ms,185800,228.037,0.197263
185832ms,185832,227.624,0.197400
185864ms,185864,227.665,0.200185
185896ms,185896,227.526,0.198646
185928ms,185928,227.384,0.197216
185960ms,185960,227.331,0.197949
186024ms,186024,228.893,0.200399
186056ms,186056,229.469,0.199842
186136ms,186136,230.386,0.201607
186200ms,186200,230.574,0.202236
186232ms,186232,230.545,0.202583
186264ms,186264,230.589,0.202677
186296ms,186296,230.539,0.202718
186328ms,186328,230.576,0.202242
186360ms,186360,230.675,0.203245
186392ms,186392,230.534,0.201950
186424ms,186424,230.491,0.202346
186456ms,186456,230.326,0.203673
186504ms,186504,230.286,0.201071
186536ms,186536,230.230,0.201342
186568ms,186568,229.795,0.201405
186600ms,186600,229.521,0.201045
186632ms,186632,229.666,0.202379
186664ms,186664,229.505,0.200773
186696ms,186696,229.290,0.198108
186728ms,186728,229.223,0.199477
186760ms,186760,228.941,0.199493
186792ms,186792,228.618,0.198698
186824ms,186824,228.980,0.200566
186872ms,186872,228.686,0.198974
186904ms,186904,228.739,0.198538
186936ms,186936,228.914,0.200646
186968ms,186968,228.761,0.199164
187000ms,187000,228.775,0.199640
187032ms,187032,228.546,0.201368
187064ms,187064,228.486,0.199015
187096ms,187096,228.428,0.199493
187128ms,187128,228.261,0.198235
187160ms,187160,228.337,0.199381
187192ms,187192,227.881,0.198263
187224ms,187224,228.006,0.198060
187272ms,187272,227.933,0.198719
187304ms,187304,227.778,0.196632
187336ms,187336,227.700,0.199705
187368ms,187368,227.660,0.198862
187400ms,187400,227.433,0.198414
187432ms,187432,227.281,0.197896
187464ms,187464,227.441,0.199597
187496ms,187496,228.284,0.201038
187528ms,187528,229.229,0.200674
187560ms,187560,229.602,0.200377
187592ms,187592,230.302,0.201784
187640ms,187640,230.482,0.201663
187672ms,187672,230.649,0.202706
187704ms,187704,230.618,0.202257
187736ms,187736,230.597,0.202560
187768ms,187768,230.704,0.202463
187800ms,187800,230.681,0.202255
187832ms,187832,230.660,0.202551
187864ms,187864,230.673,0.202448
187896ms,187896,230.531,0.202456
187928ms,187928,230.536,0.202066
187960ms,187960,230.234,0.201197
188040ms,188040,230.067,0.204450
188072ms,188072,229.825,0.200141
188104ms,188104,229.194,0.201194
188136ms,188136,229.380,0.200783
188168ms,188168,229.484,0.200052
188200ms,188200,229.156,0.201622
188232ms,188232,228.985,0.199256
188264ms,188264,229.019,0.201078
188296ms,188296,228.820,0.200253
188328ms,188328,228.824,0.201678
188360ms,188360,228.806,0.199110
188408ms,188408,228.908,0.201330
188472ms,188472,228.881,0.200324
188504ms,188504,228.490,0.198835
188536ms,188536,228.681,0.199761
188568ms,188568,228.555,0.199498
188600ms,188600,228.359,0.198722
188632ms,188632,228.371,0.199676
188664ms,188664,227.954,0.197438
188696ms,188696,227.954,0.198004
188776ms,188776,227.694,0.197424
188808ms,188808,227.556,0.198372
188840ms,188840,227.765,0.198800
188872ms,188872,227.467,0.198240
188904ms,188904,227.314,0.197198
188936ms,188936,227.404,0.198979
188968ms,188968,228.193,0.199860
189000ms,189000,229.269,0.199854
189032ms,189032,229.611,0.199789
189064ms,189064,230.273,0.200661
189096ms,189096,230.485,0.201858
189128ms,189128,230.640,0.202184
189176ms,189176,230.710,0.202739
189208ms,189208,230.633,0.202387
189240ms,189240,230.608,0.202400
189272ms,189272,230.587,0.202503
189304ms,189304,230.597,0.202125
189336ms,189336,230.641,0.202816
189368ms,189368,230.536,0.201586
189400ms,189400,230.500,0.202284
189432ms,189432,230.246,0.201920
189464ms,189464,230.228,0.200166
189496ms,189496,230.187,0.203614
189544ms,189544,229.790,0.200094
189576ms,189576,229.172,0.201276
189608ms,189608,229.411,0.200372
189640ms,189640,229.420,0.199563
189704ms,189704,229.187,0.199795
189736ms,189736,228.921,0.199876
189768ms,189768,228.759,0.199381
189800ms,189800,228.826,0.201627
189832ms,189832,228.803,0.197865
189864ms,189864,228.876,0.200275
189912ms,189912,228.883,0.200732
189944ms,189944,228.649,0.200353
189976ms,189976,228.493,0.198841
190008ms,190008,228.640,0.200018
190040ms,190040,228.633,0.199813
190072ms,190072,228.455,0.199510
190104ms,190104,228.379,0.200571
190136ms,190136,227.862,0.198067
190168ms,190168,228.036,0.198565
190200ms,190200,227.928,0.199085
190232ms,190232,227.719,0.196964
190264ms,190264,227.589,0.200000
190312ms,190312,227.725,0.199209
190344ms,190344,227.422,0.198887
190376ms,190376,227.314,0.197120
190408ms,190408,227.439,0.198881
190440ms,190440,228.209,0.201100
190472ms,190472,229.284,0.200110
190504ms,190504,229.714,0.200668
190536ms,190536,230.301,0.201163
190568ms,190568,230.444,0.202010
190600ms,190600,230.569,0.203062
190632ms,190632,230.547,0.202889
190680ms,190680,230.581,0.202666
190712ms,190712,230.564,0.202957
190744ms,190744,230.538,0.202326
190776ms,190776,230.501,0.202159
190808ms,190808,230.571,0.202580
190840ms,190840,230.526,0.202769
190872ms,190872,230.502,0.202134
190904ms,190904,230.306,0.200528
190936ms,190936,230.336,0.199882
190968ms,190968,230.102,0.204552
191000ms,191000,229.872,0.200315
191048ms,191048,229.233,0.201463
191080ms,191080,229.457,0.200134
191112ms,191112,229.507,0.199861
191144ms,191144,229.438,0.201976
191176ms,191176,229.186,0.199737
191208ms,191208,228.910,0.201016
191240ms,191240,228.771,0.199973
191272ms,191272,228.844,0.201426
191304ms,191304,228.755,0.198680
191336ms,191336,228.973,0.201354
191368ms,191368,228.914,0.200008
191400ms,191400,228.517,0.199488
191448ms,191448,228.634,0.199163
191480ms,191480,228.648,0.199899
191512ms,191512,228.671,0.199894
191544ms,191544,228.262,0.199090
191576ms,191576,228.120,0.198211
191608ms,191608,228.029,0.197891
191640ms,191640,228.176,0.198208
191672ms,191672,227.821,0.197937
191704ms,191704,227.870,0.196894
191736ms,191736,227.569,0.197580
191768ms,191768,227.775,0.198989
191816ms,191816,227.554,0.198319
191848ms,191848,227.355,0.197593
191912ms,191912,228.087,0.200466
191944ms,191944,228.922,0.200787
191976ms,191976,229.574,0.199462
192008ms,192008,230.035,0.201714
192040ms,192040,230.401,0.201995
192072ms,192072,230.739,0.202327
192104ms,192104,230.726,0.201512
192136ms,192136,230.624,0.200794
192168ms,192168,230.681,0.201752
192216ms,192216,230.713,0.202260
192248ms,192248,230.649,0.201898
192280ms,192280,230.667,0.201986
192312ms,192312,230.666,0.202440
192344ms,192344,230.582,0.202900
192376ms,192376,230.282,0.204224
192408ms,192408,230.302,0.201697
192440ms,192440,230.238,0.200880
192472ms,192472,229.762,0.201077
192504ms,192504,229.531,0.200081
192536ms,192536,229.628,0.202955
192584ms,192584,229.555,0.200789
192616ms,192616,229.210,0.200469
192648ms,192648,229.179,0.199621
192712ms,192712,228.647,0.199232
192744ms,192744,228.922,0.201006
192776ms,192776,228.656,0.199788
192808ms,192808,228.887,0.198345
192840ms,192840,228.930,0.200586
192872ms,192872,228.680,0.198837
192904ms,192904,228.850,0.199899
192952ms,192952,228.769,0.201571
192984ms,192984,228.458,0.198991
193016ms,193016,228.232,0.198306
193048ms,193048,228.289,0.198257
193080ms,193080,228.294,0.199068
193112ms,193112,228.266,0.199369
193144ms,193144,227.953,0.197898
193176ms,193176,228.132,0.198200
193208ms,193208,227.708,0.196874
193240ms,193240,227.617,0.199595
193272ms,193272,227.721,0.198617
193320ms,193320,227.436,0.198348
193352ms,193352,227.261,0.197267
193384ms,193384,227.532,0.199031
193416ms,193416,228.527,0.201862
193448ms,193448,229.474,0.199528
193480ms,193480,229.752,0.201357
193512ms,193512,230.372,0.201392
193544ms,193544,230.470,0.201610
193576ms,193576,230.464,0.201813
193608ms,193608,230.531,0.202045
193640ms,193640,230.522,0.202179
193672ms,193672,230.525,0.202203
193720ms,193720,230.593,0.201923
193752ms,193752,230.531,0.201740
193784ms,193784,230.493,0.201925
193816ms,193816,230.526,0.201523
193848ms,193848,230.423,0.203774
193880ms,193880,230.338,0.200843
193912ms,193912,230.187,0.201062
193944ms,193944,229.796,0.201700
193976ms,193976,229.772,0.200430
194008ms,194008,229.493,0.201824
194040ms,194040,229.460,0.201449
194088ms,194088,229.302,0.199269
194152ms,194152,228.804,0.199204
194184ms,194184,228.741,0.199807
194216ms,194216,228.880,0.200879
194248ms,194248,228.786,0.199760
194280ms,194280,228.904,0.199630
194312ms,194312,228.962,0.201025
194344ms,194344,228.729,0.199613
194376ms,194376,228.848,0.200035
194408ms,194408,228.604,0.201636
194440ms,194440,228.548,0.198901
194488ms,194488,228.442,0.199776
194520ms,194520,228.426,0.199101
194552ms,194552,228.332,0.199662
194584ms,194584,228.070,0.198390
194648ms,194648,228.150,0.198410
194680ms,194680,227.752,0.196938
194712ms,194712,227.637,0.200625
194744ms,194744,227.700,0.199002
194776ms,194776,227.388,0.198298
194856ms,194856,227.442,0.199018
194888ms,194888,228.325,0.201518
194920ms,194920,229.296,0.199649
194952ms,194952,229.782,0.201061
194984ms,194984,230.407,0.201351
195016ms,195016,230.513,0.202365
195048ms,195048,230.587,0.202436
195080ms,195080,230.586,0.202562
195112ms,195112,230.612,0.202708
195144ms,195144,230.599,0.202640
195176ms,195176,230.576,0.202388
195224ms,195224,230.634,0.202621
195256ms,195256,230.603,0.202154
195288ms,195288,230.638,0.202107
195320ms,195320,230.529,0.202754
195352ms,195352,230.274,0.202099
195384ms,195384,230.220,0.200888
195416ms,195416,230.072,0.202650
195448ms,195448,229.875,0.200604
195480ms,195480,229.387,0.201574
195512ms,195512,229.433,0.200534
195544ms,195544,229.472,0.199256
195592ms,195592,229.364,0.201994
195624ms,195624,229.194,0.200035
195656ms,195656,229.028,0.200274
195688ms,195688,228.813,0.199729
195720ms,195720,228.940,0.201528
195752ms,195752,228.911,0.198820
195784ms,195784,228.751,0.199936
195816ms,195816,228.953,0.200267
195848ms,195848,228.503,0.199122
195880ms,195880,228.601,0.199412
195912ms,195912,228.718,0.200292
195944ms,195944,228.663,0.200116
195992ms,195992,228.146,0.198957
196024ms,196024,228.185,0.198112
196056ms,196056,227.958,0.198939
196120ms,196120,227.784,0.198087
196152ms,196152,227.808,0.197009
196184ms,196184,227.593,0.197776
196248ms,196248,227.529,0.198839
196280ms,196280,227.306,0.197312
196312ms,196312,227.310,0.199605
196360ms,196360,228.063,0.200873
196392ms,196392,228.936,0.200781
196424ms,196424,229.575,0.199772
196456ms,196456,230.035,0.201258
196488ms,196488,230.384,0.201610
196520ms,196520,230.440,0.202035
196552ms,196552,230.568,0.201988
196584ms,196584,230.589,0.202093
196616ms,196616,230.631,0.202080
196648ms,196648,230.625,0.202185
196680ms,196680,230.608,0.202171
196712ms,196712,230.675,0.202636
196760ms,196760,230.495,0.202009
196792ms,196792,230.468,0.202231
196824ms,196824,230.398,0.203464
196856ms,196856,230.185,0.200388
196888ms,196888,230.254,0.201417
196920ms,196920,229.800,0.201538
196952ms,196952,229.489,0.198348
196984ms,196984,229.468,0.201392
197016ms,197016,229.346,0.199063
197048ms,197048,229.223,0.200824
197080ms,197080,229.160,0.199346
197128ms,197128,228.817,0.199100
197160ms,197160,228.719,0.199574
197192ms,197192,228.977,0.201825
197224ms,197224,228.756,0.198597
197256ms,197256,228.841,0.198287
197288ms,197288,228.889,0.200643
197320ms,197320,228.554,0.198720
197352ms,197352,228.738,0.198821
197384ms,197384,228.705,0.200199
197416ms,197416,228.622,0.200168
197448ms,197448,228.041,0.197725
197496ms,197496,228.232,0.198377
197560ms,197560,228.264,0.198728
197592ms,197592,227.868,0.198023
197624ms,197624,227.888,0.196864
197688ms,197688,227.629,0.200106
197720ms,197720,227.518,0.199041
197752ms,197752,227.387,0.198168
197784ms,197784,227.382,0.198935
197816ms,197816,227.761,0.200627
197848ms,197848,229.005,0.200362
197896ms,197896,229.568,0.199737
197928ms,197928,229.789,0.201419
197960ms,197960,230.240,0.201066
197992ms,197992,230.583,0.202627
198024ms,198024,230.826,0.201585
198056ms,198056,230.769,0.201861
198088ms,198088,230.890,0.201973
198120ms,198120,230.737,0.201988
198152ms,198152,230.751,0.202367
198184ms,198184,230.699,0.202066
198216ms,198216,230.760,0.201568
198264ms,198264,230.650,0.202202
198296ms,198296,230.351,0.203712
198328ms,198328,230.337,0.201255
198360ms,198360,230.274,0.201596
198392ms,198392,229.830,0.201787
198424ms,198424,229.438,0.199096
198456ms,198456,229.363,0.200592
198488ms,198488,229.194,0.199334
198520ms,198520,229.108,0.201271
198552ms,198552,229.192,0.199822
198584ms,198584,228.872,0.199404
198632ms,198632,228.782,0.199336
198664ms,198664,228.917,0.200716
198696ms,198696,228.722,0.199108
198728ms,198728,228.779,0.200072
198760ms,198760,228.944,0.200312
198792ms,198792,228.616,0.198652
198824ms,198824,228.743,0.199030
198856ms,198856,228.757,0.200247
198888ms,198888,228.451,0.199532
198920ms,198920,228.243,0.198689
198952ms,198952,228.253,0.198346
198984ms,198984,228.113,0.198220
199032ms,199032,228.235,0.198777
199064ms,199064,227.918,0.197001
199128ms,199128,227.652,0.197099
199160ms,199160,227.702,0.200044
199192ms,199192,227.612,0.198774
199224ms,199224,227.472,0.198091
199256ms,199256,227.333,0.197298
199288ms,199288,227.659,0.200488
199320ms,199320,228.831,0.201078
199352ms,199352,229.457,0.199811
199400ms,199400,229.817,0.201167
199432ms,199432,230.330,0.201810
199464ms,199464,230.473,0.202076
199496ms,199496,230.506,0.202811
199528ms,199528,230.587,0.202355
199560ms,199560,230.425,0.202848
199592ms,199592,230.566,0.203265
199624ms,199624,230.526,0.203140
199656ms,199656,230.435,0.202663
199688ms,199688,230.453,0.202045
199720ms,199720,230.441,0.202396
199768ms,199768,230.258,0.204005
199800ms,199800,230.285,0.200529
199832ms,199832,230.293,0.201069
199864ms,199864,229.812,0.201600
199896ms,199896,229.580,0.200232
199928ms,199928,229.633,0.202029
199960ms,199960,229.391,0.200951
199992ms,199992,229.162,0.200703
200024ms,200024,229.246,0.199610
200056ms,200056,228.910,0.198697
200088ms,200088,228.631,0.198674
200120ms,200120,228.925,0.200802
200168ms,200168,228.636,0.199431
200200ms,200200,228.692,0.198565
200232ms,200232,228.961,0.201356
200264ms,200264,228.741,0.199398
200296ms,200296,228.790,0.199691
200328ms,200328,228.770,0.200826
200360ms,200360,228.546,0.198848
200424ms,200424,228.317,0.198362
200456ms,200456,228.305,0.199427
200488ms,200488,228.094,0.198243
200568ms,200568,227.909,0.197650
200600ms,200600,227.786,0.196951
200632ms,200632,227.650,0.199433
200664ms,200664,227.699,0.199019
200696ms,200696,227.455,0.198184
200728ms,200728,227.308,0.197420
200760ms,200760,227.559,0.199036
200792ms,200792,228.311,0.201870
200824ms,200824,229.275,0.200123
200856ms,200856,229.558,0.199779
200904ms,200904,229.918,0.200771
200936ms,200936,230.256,0.200965
200968ms,200968,230.738,0.201661
201000ms,201000,230.723,0.201653
201032ms,201032,230.696,0.201953
201064ms,201064,230.746,0.201215
201096ms,201096,230.752,0.201229
201128ms,201128,230.646,0.201523
201160ms,201160,230.679,0.201713
201192ms,201192,230.696,0.201922
201224ms,201224,230.475,0.203648
201256ms,201256,230.270,0.203282
201304ms,201304,230.313,0.201083
201336ms,201336,230.380,0.201546
201368ms,201368,229.812,0.200394
201400ms,201400,229.480,0.199642
201432ms,201432,229.416,0.200354
201464ms,201464,229.426,0.198819
201496ms,201496,229.328,0.202405
201528ms,201528,229.148,0.199991
201560ms,201560,229.036,0.200000
201592ms,201592,228.804,0.199688
201672ms,201672,228.889,0.198946
201704ms,201704,228.985,0.198375
201736ms,201736,228.942,0.200594
201768ms,201768,228.446,0.198408
201800ms,201800,228.641,0.199254
201832ms,201832,228.732,0.199963
201864ms,201864,228.617,0.200481
201896ms,201896,227.944,0.197882
201928ms,201928,228.245,0.198770
201960ms,201960,228.076,0.198255
201992ms,201992,228.213,0.198564
202040ms,202040,227.789,0.197626
202072ms,202072,227.874,0.196834
202104ms,202104,227.557,0.197150
202136ms,202136,227.758,0.199698
202168ms,202168,227.442,0.197989
202200ms,202200,227.287,0.197237
202232ms,202232,227.399,0.198716
202264ms,202264,227.860,0.201149
202296ms,202296,229.113,0.200206
202328ms,202328,229.549,0.199612
202360ms,202360,229.817,0.201717
202392ms,202392,230.362,0.201458
202440ms,202440,230.401,0.201641
202472ms,202472,230.453,0.201954
202504ms,202504,230.467,0.201750
202536ms,202536,230.451,0.201789
202568ms,202568,230.476,0.201918
202600ms,202600,230.432,0.201916
202632ms,202632,230.490,0.202430
202664ms,202664,230.458,0.201715
202696ms,202696,230.451,0.201931
202728ms,202728,230.322,0.202896
202760ms,202760,230.308,0.200175
202808ms,202808,230.169,0.202648
202840ms,202840,229.804,0.201218
202872ms,202872,229.541,0.200872
202904ms,202904,229.609,0.202296
202936ms,202936,229.524,0.201015
202968ms,202968,229.201,0.198870
203000ms,203000,229.250,0.199340
203032ms,203032,228.973,0.198278
203064ms,203064,228.742,0.198968
203096ms,203096,228.904,0.200996
203128ms,203128,228.735,0.200483
203160ms,203160,228.930,0.200047
203208ms,203208,228.933,0.201149
203240ms,203240,228.703,0.199276
203272ms,203272,228.807,0.199342
203304ms,203304,228.770,0.200865
203336ms,203336,228.575,0.198957
203368ms,203368,228.409,0.198704
203400ms,203400,228.335,0.198500
203432ms,203432,228.325,0.198925
203495ms,203495,227.955,0.198281
203528ms,203528,228.027,0.198276
203575ms,203575,227.701,0.197143
203608ms,203608,227.701,0.201178
203640ms,203640,227.624,0.199041
203672ms,203672,227.437,0.197681
203704ms,203704,227.316,0.197390
203736ms,203736,227.567,0.199309
203768ms,203768,228.631,0.200723
203800ms,203800,229.454,0.199912
203832ms,203832,229.765,0.200629
203864ms,203864,230.343,0.201597
203896ms,203896,230.441,0.201763
203943ms,203943,230.531,0.202120
203976ms,203976,230.527,0.202381
204008ms,204008,230.508,0.202361
204072ms,204072,230.448,0.202238
204136ms,204136,230.506,0.202216
204168ms,204168,230.534,0.201711
204200ms,204200,230.356,0.203294
204232ms,204232,230.269,0.200570
204264ms,204264,230.254,0.201241
204312ms,204312,229.809,0.202215
204344ms,204344,229.896,0.200707
204376ms,204376,229.541,0.202253
204407ms,204407,229.478,0.200842
204440ms,204440,229.338,0.200788
204472ms,204472,229.168,0.199634
204504ms,204504,228.986,0.197973
204536ms,204536,228.782,0.200810
204568ms,204568,228.806,0.200323
204600ms,204600,228.636,0.198927
204632ms,204632,228.830,0.197715
204679ms,204679,228.948,0.200725
204712ms,204712,228.918,0.200013
204744ms,204744,228.834,0.200177
204775ms,204775,228.494,0.199033
204808ms,204808,228.587,0.199367
204839ms,204839,228.526,0.199635
204871ms,204871,228.330,0.198664
204904ms,204904,228.433,0.201282
204935ms,204935,228.059,0.197671
204967ms,204967,228.085,0.198373
205000ms,205000,227.990,0.199879
205047ms,205047,227.878,0.197292
205080ms,205080,227.645,0.199988
205112ms,205112,227.755,0.198540
205143ms,205143,227.467,0.198953
205208ms,205208,227.499,0.198808
205239ms,205239,228.179,0.201475
205303ms,205303,229.619,0.200647
205336ms,205336,230.255,0.201087
205367ms,205367,230.467,0.201973
205400ms,205400,230.490,0.202133
205447ms,205447,230.527,0.202438
205479ms,205479,230.575,0.202449
205543ms,205543,230.593,0.202410
205576ms,205576,230.606,0.202251
205607ms,205607,230.574,0.202190
205639ms,205639,230.590,0.202113
205671ms,205671,230.524,0.201847
205703ms,205703,230.309,0.202779
205735ms,205735,230.289,0.200319
205768ms,205768,230.191,0.203571
205815ms,205815,229.846,0.200621
205847ms,205847,229.350,0.199963
205911ms,205911,229.463,0.199534
205943ms,205943,229.157,0.201517
205975ms,205975,229.253,0.199377
206007ms,206007,228.948,0.199948
206039ms,206039,228.775,0.199965
206071ms,206071,228.882,0.201667
206103ms,206103,228.843,0.198380
206135ms,206135,228.871,0.198135
206183ms,206183,228.962,0.200774
206215ms,206215,228.546,0.198621
206247ms,206247,228.698,0.198949
206279ms,206279,228.667,0.200308
206311ms,206311,228.525,0.200338
206343ms,206343,228.164,0.198317
206375ms,206375,228.207,0.198155
206407ms,206407,228.111,0.198124
206439ms,206439,228.212,0.198521
206471ms,206471,227.891,0.197459
206503ms,206503,227.891,0.197356
206535ms,206535,227.550,0.197557
206583ms,206583,227.729,0.198721
206615ms,206615,227.570,0.198760
206647ms,206647,227.407,0.197682
206679ms,206679,227.355,0.198225
206711ms,206711,227.691,0.200704
206743ms,206743,228.986,0.200677
206775ms,206775,229.493,0.199779
206807ms,206807,229.916,0.201466
206839ms,206839,230.388,0.201793
206871ms,206871,230.493,0.202376
206903ms,206903,230.551,0.203260
206951ms,206951,230.571,0.202477
206983ms,206983,230.668,0.202596
207015ms,207015,230.620,0.202356
207047ms,207047,230.639,0.202424
207079ms,207079,230.595,0.202328
207111ms,207111,230.668,0.202288
207143ms,207143,230.496,0.202115
207175ms,207175,230.414,0.203544
207207ms,207207,230.266,0.200259
207239ms,207239,230.201,0.201676
207271ms,207271,229.840,0.201491
207303ms,207303,229.786,0.200241
207351ms,207351,229.538,0.202225
207383ms,207383,229.488,0.200988
207415ms,207415,229.232,0.198738
207447ms,207447,229.215,0.199989
207479ms,207479,228.974,0.198149
207543ms,207543,228.826,0.200865
207575ms,207575,228.758,0.199482
207607ms,207607,228.829,0.199244
207639ms,207639,228.882,0.200706
207671ms,207671,228.789,0.199654
207719ms,207719,228.860,0.200188
207751ms,207751,228.695,0.201217
207783ms,207783,228.492,0.198826
207847ms,207847,228.338,0.198498
207879ms,207879,228.277,0.199619
207911ms,207911,228.088,0.197298
207943ms,207943,227.958,0.198321
207975ms,207975,228.044,0.198292
208007ms,208007,227.732,0.196963
208039ms,208039,227.625,0.199491
208087ms,208087,227.737,0.199009
208119ms,208119,227.463,0.197743
208151ms,208151,227.348,0.197120
208183ms,208183,227.486,0.199080
208215ms,208215,228.430,0.201714
208247ms,208247,229.279,0.199458
208279ms,208279,229.650,0.200102
208311ms,208311,230.267,0.201018
208343ms,208343,230.390,0.202117
208375ms,208375,230.494,0.201803
208407ms,208407,230.451,0.202032
208439ms,208439,230.454,0.202177
208487ms,208487,230.400,0.201933
208519ms,208519,230.380,0.202109
208551ms,208551,230.346,0.201840
208583ms,208583,230.401,0.201609
208615ms,208615,230.435,0.201744
208647ms,208647,230.434,0.202264
208679ms,208679,230.165,0.201281
208711ms,208711,230.066,0.201777
208743ms,208743,229.733,0.203206
208775ms,208775,229.755,0.199732
208807ms,208807,229.463,0.201868
208855ms,208855,229.383,0.199821
208887ms,208887,229.501,0.199997
208919ms,208919,229.255,0.202497
208951ms,208951,228.975,0.199632
208983ms,208983,228.957,0.201091
209015ms,209015,228.851,0.200077
209047ms,209047,228.831,0.199468
209079ms,209079,228.803,0.198785
209111ms,209111,228.921,0.201499
209143ms,209143,228.806,0.199989
209175ms,209175,228.918,0.200585
209223ms,209223,228.531,0.198571
209287ms,209287,228.585,0.199243
209319ms,209319,228.343,0.198421
209351ms,209351,228.307,0.200135
209383ms,209383,227.977,0.197814
209415ms,209415,228.052,0.197892
209447ms,209447,227.822,0.198714
209479ms,209479,227.821,0.196894
209511ms,209511,227.605,0.199312
209543ms,209543,227.810,0.198907
209575ms,209575,227.561,0.198093
209623ms,209623,227.389,0.197321
209655ms,209655,227.509,0.198715
209687ms,209687,228.234,0.200932
209751ms,209751,229.581,0.200324
209783ms,209783,230.222,0.201064
209815ms,209815,230.423,0.202009
209847ms,209847,230.498,0.202304
209879ms,209879,230.512,0.203033
209911ms,209911,230.593,0.202322
209943ms,209943,230.636,0.202661
209991ms,209991,230.530,0.202025
210023ms,210023,230.624,0.202306
210055ms,210055,230.615,0.202229
210087ms,210087,230.494,0.202033
210119ms,210119,230.435,0.202001
210151ms,210151,230.238,0.203340
210183ms,210183,230.173,0.200299
210215ms,210215,230.152,0.203273
210247ms,210247,229.832,0.200591
210279ms,210279,229.297,0.200527
210311ms,210311,229.382,0.200237
210359ms,210359,229.136,0.198401
210391ms,210391,229.154,0.201408
210423ms,210423,229.234,0.199308
210455ms,210455,228.969,0.200014
210487ms,210487,228.747,0.199618
210519ms,210519,228.940,0.201587
210551ms,210551,228.689,0.199707
210583ms,210583,228.824,0.199684
210615ms,210615,228.925,0.200511
210647ms,210647,228.529,0.198658
210679ms,210679,228.670,0.199176
210711ms,210711,228.669,0.200272
210759ms,210759,228.602,0.199791
210791ms,210791,228.025,0.198036
210855ms,210855,228.056,0.198115
210887ms,210887,228.193,0.198595
210919ms,210919,227.820,0.198151
210951ms,210951,227.859,0.197282
210983ms,210983,227.548,0.197392
211015ms,211015,227.790,0.198960
211047ms,211047,227.623,0.198146
211079ms,211079,227.414,0.197719
211127ms,211127,227.355,0.198242
211159ms,211159,227.715,0.201799
211191ms,211191,228.865,0.200364
211223ms,211223,229.528,0.199516
211287ms,211287,230.389,0.201595
211319ms,211319,230.429,0.202217
211351ms,211351,230.482,0.202609
211383ms,211383,230.478,0.202270
211415ms,211415,230.467,0.202519
211447ms,211447,230.482,0.202258
211495ms,211495,230.543,0.201913
211527ms,211527,230.522,0.201772
211559ms,211559,230.480,0.201887
211591ms,211591,230.452,0.201753
211623ms,211623,230.297,0.203079
211655ms,211655,230.275,0.200586
211687ms,211687,230.093,0.203176
211719ms,211719,229.738,0.201446
211751ms,211751,229.769,0.200542
211783ms,211783,229.499,0.201812
211815ms,211815,229.412,0.200620
211847ms,211847,229.247,0.200779
211895ms,211895,229.184,0.199511
211927ms,211927,228.912,0.198393
211959ms,211959,228.678,0.198945
211991ms,211991,228.842,0.200296
212023ms,212023,228.708,0.200202
212055ms,212055,228.798,0.198625
212087ms,212087,229.045,0.201024
212119ms,212119,228.711,0.198999
212151ms,212151,228.832,0.199802
212183ms,212183,228.736,0.201050
212215ms,212215,228.499,0.199074
212263ms,212263,228.397,0.199188
212295ms,212295,228.297,0.198460
212327ms,212327,228.308,0.198481
212359ms,212359,228.127,0.199440
212391ms,212391,227.972,0.198334
212455ms,212455,227.586,0.197100
212487ms,212487,227.622,0.201115
212519ms,212519,227.681,0.198726
212551ms,212551,227.458,0.198235
212583ms,212583,227.284,0.197380
212631ms,212631,227.551,0.199162
212663ms,212663,228.527,0.201299
212695ms,212695,229.420,0.199535
212727ms,212727,229.770,0.200750
212759ms,212759,230.247,0.201571
212791ms,212791,230.469,0.201750
212823ms,212823,230.465,0.202302
212855ms,212855,230.493,0.202060
212887ms,212887,230.563,0.202637
212919ms,212919,230.557,0.202549
212951ms,212951,230.475,0.201917
212983ms,212983,230.557,0.202394
213031ms,213031,230.524,0.202560
213063ms,213063,230.479,0.202499
213095ms,213095,230.406,0.202376
213127ms,213127,230.213,0.202373
213159ms,213159,230.142,0.200274
213191ms,213191,230.062,0.203810
213223ms,213223,229.817,0.200585
213255ms,213255,229.278,0.201686
213287ms,213287,229.409,0.200135
213319ms,213319,229.471,0.199316
213351ms,213351,229.408,0.202616
213399ms,213399,229.249,0.200111
213431ms,213431,228.966,0.201392
213463ms,213463,228.809,0.199851
213495ms,213495,228.825,0.202108
213527ms,213527,228.682,0.199196
213559ms,213559,228.970,0.201025
213591ms,213591,228.913,0.200148
213623ms,213623,228.892,0.200801
213655ms,213655,228.590,0.198973
213687ms,213687,228.610,0.199824
213719ms,213719,228.640,0.199743
213799ms,213799,228.251,0.199330
213831ms,213831,228.011,0.198371
213863ms,213863,228.157,0.198449
213895ms,213895,227.836,0.197436
213927ms,213927,227.827,0.196726
213959ms,213959,227.516,0.198474
213991ms,213991,227.784,0.198698
214023ms,214023,227.534,0.198198
214055ms,214055,227.361,0.197377
214087ms,214087,227.430,0.198595
214167ms,214167,229.085,0.200032
214199ms,214199,229.650,0.199730
214231ms,214231,230.316,0.201614
214263ms,214263,230.490,0.201704
214295ms,214295,230.481,0.202161
214327ms,214327,230.632,0.202818
214359ms,214359,230.598,0.202488
214391ms,214391,230.703,0.202859
214423ms,214423,230.649,0.203118
214455ms,214455,230.631,0.202733
214487ms,214487,230.637,0.202546
214535ms,214535,230.538,0.202250
214567ms,214567,230.501,0.201943
214599ms,214599,230.289,0.202373
214631ms,214631,230.163,0.199870
214663ms,214663,230.110,0.203191
214695ms,214695,229.858,0.200623
214727ms,214727,229.468,0.199602
214759ms,214759,229.395,0.200335
214791ms,214791,229.265,0.199203
214823ms,214823,229.128,0.201739
214855ms,214855,229.259,0.199864
214903ms,214903,228.919,0.200014
214935ms,214935,228.715,0.199329
214967ms,214967,228.903,0.201249
215031ms,215031,228.914,0.197618
215063ms,215063,228.925,0.200910
215095ms,215095,228.617,0.198800
215127ms,215127,228.755,0.198864
215159ms,215159,228.733,0.200717
215191ms,215191,228.362,0.201084
215223ms,215223,228.192,0.198130
215255ms,215255,228.207,0.198426
215303ms,215303,228.210,0.198645
215335ms,215335,228.313,0.199372
215367ms,215367,227.934,0.198432
215399ms,215399,228.024,0.197845
215431ms,215431,227.624,0.197202
215463ms,215463,227.737,0.200145
215495ms,215495,227.624,0.198690
215527ms,215527,227.402,0.198225
215559ms,215559,227.401,0.197480
215591ms,215591,227.649,0.201254
215623ms,215623,228.783,0.201418
215671ms,215671,229.357,0.200194
215703ms,215703,229.736,0.201841
215735ms,215735,230.449,0.201517
215767ms,215767,230.526,0.202150
215799ms,215799,230.674,0.202768
215831ms,215831,230.700,0.203045
215863ms,215863,230.716,0.202734
215895ms,215895,230.653,0.202833
215927ms,215927,230.726,0.202622
215959ms,215959,230.716,0.202710
215991ms,215991,230.703,0.202754
216023ms,216023,230.561,0.202720
216071ms,216071,230.348,0.204286
216103ms,216103,230.255,0.201075
216135ms,216135,230.247,0.200829
216199ms,216199,229.793,0.199910
216231ms,216231,229.628,0.202150
216263ms,216263,229.544,0.200852
216295ms,216295,229.325,0.199140
216327ms,216327,229.192,0.199822
216359ms,216359,228.907,0.198739
216391ms,216391,228.696,0.199287
216439ms,216439,228.987,0.200527
216471ms,216471,228.697,0.199762
216503ms,216503,228.692,0.198813
216535ms,216535,228.981,0.200279
216567ms,216567,228.742,0.199134
216599ms,216599,228.804,0.199087
216631ms,216631,228.785,0.200713
216663ms,216663,228.430,0.199103
216695ms,216695,228.355,0.199086
216727ms,216727,228.234,0.198269
216759ms,216759,228.313,0.199107
216807ms,216807,228.192,0.199767
216839ms,216839,227.896,0.197550
216871ms,216871,227.982,0.197467
216903ms,216903,227.615,0.197278
216935ms,216935,227.690,0.199652
216967ms,216967,227.652,0.198872
216999ms,216999,227.383,0.198045
217031ms,217031,227.300,0.197441
217063ms,217063,227.567,0.199161
217095ms,217095,228.592,0.201699
217127ms,217127,229.480,0.200257
217159ms,217159,229.845,0.200834
217207ms,217207,230.391,0.201654
217239ms,217239,230.656,0.202213
217271ms,217271,230.834,0.202083
217303ms,217303,230.702,0.201411
217335ms,217335,230.726,0.201801
217367ms,217367,230.682,0.202084
217399ms,217399,230.767,0.202251
217431ms,217431,230.769,0.201649
217463ms,217463,230.692,0.201289
217495ms,217495,230.620,0.202726
217527ms,217527,230.238,0.204081
217575ms,217575,230.217,0.201771
217607ms,217607,230.295,0.201044
217639ms,217639,229.827,0.201360
217671ms,217671,229.903,0.201165
217703ms,217703,229.621,0.202590
217735ms,217735,229.516,0.201204
217767ms,217767,229.209,0.199780
217799ms,217799,229.216,0.199479
217831ms,217831,228.876,0.199033
217863ms,217863,228.693,0.200222
217895ms,217895,228.956,0.200471
217943ms,217943,228.643,0.199112
218007ms,218007,228.975,0.200651
218039ms,218039,228.780,0.199192
218071ms,218071,228.897,0.200286
218103ms,218103,228.589,0.200571
218135ms,218135,228.576,0.198709
218167ms,218167,228.445,0.199640
218199ms,218199,228.317,0.198529
218231ms,218231,228.325,0.198852
218263ms,218263,228.050,0.200114
218295ms,218295,227.961,0.198047
218343ms,218343,228.151,0.197936
218375ms,218375,227.690,0.196665
218407ms,218407,227.706,0.200024
218439ms,218439,227.657,0.198427
218471ms,218471,227.495,0.198126
218503ms,218503,227.274,0.197555
218567ms,218567,228.432,0.201162
218599ms,218599,229.322,0.200186
218631ms,218631,229.709,0.200460
218663ms,218663,230.225,0.200992
218711ms,218711,230.398,0.201936
218743ms,218743,230.526,0.202708
218775ms,218775,230.449,0.202580
218807ms,218807,230.533,0.201982
218839ms,218839,230.551,0.202366
218871ms,218871,230.469,0.201791
218903ms,218903,230.591,0.202365
218935ms,218935,230.566,0.202012
218967ms,218967,230.406,0.202421
219031ms,219031,230.297,0.201358
219079ms,219079,230.238,0.200318
219111ms,219111,229.968,0.204588
219143ms,219143,229.881,0.200358
219175ms,219175,229.264,0.201262
219207ms,219207,229.484,0.200585
219271ms,219271,229.075,0.199419
219303ms,219303,228.779,0.198090
219335ms,219335,228.757,0.200852
219367ms,219367,228.847,0.200147
219399ms,219399,228.762,0.199441
219431ms,219431,228.783,0.197385
219479ms,219479,229.000,0.201332
219511ms,219511,228.755,0.199456
219543ms,219543,228.887,0.199968
219575ms,219575,228.488,0.199823
219607ms,219607,228.573,0.199121
219639ms,219639,228.464,0.199780
219671ms,219671,228.400,0.198942
219703ms,219703,228.327,0.199427
219735ms,219735,228.070,0.199800
219767ms,219767,227.911,0.198106
219799ms,219799,228.037,0.198319
219847ms,219847,227.749,0.197700
219879ms,219879,227.615,0.200689
219911ms,219911,227.682,0.198754
219943ms,219943,227.500,0.198894
219975ms,219975,227.224,0.197498
220007ms,220007,227.444,0.199126
220039ms,220039,228.345,0.202061
220071ms,220071,229.225,0.199886
220103ms,220103,229.680,0.200784
220167ms,220167,230.419,0.202160
220215ms,220215,230.728,0.202956
220247ms,220247,230.670,0.202349
220279ms,220279,230.787,0.202781
220311ms,220311,230.665,0.201885
220343ms,220343,230.609,0.202853
220407ms,220407,230.755,0.202576
220439ms,220439,230.544,0.202600
220471ms,220471,230.501,0.203014
220503ms,220503,230.263,0.201088
220535ms,220535,230.238,0.200850
220615ms,220615,229.931,0.200959
220647ms,220647,229.518,0.201373
220679ms,220679,229.435,0.201011
220711ms,220711,229.420,0.199982
220743ms,220743,229.146,0.199306
220775ms,220775,228.887,0.197863
220807ms,220807,229.014,0.201384
220839ms,220839,228.836,0.199853
220871ms,220871,228.744,0.199725
220903ms,220903,228.747,0.198974
220935ms,220935,229.039,0.201027
220983ms,220983,228.885,0.199890
221015ms,221015,228.832,0.199960
221047ms,221047,228.589,0.200526
221079ms,221079,228.540,0.199116
221111ms,221111,228.419,0.199969
221143ms,221143,228.304,0.198189
221175ms,221175,228.253,0.199269
221207ms,221207,227.934,0.196989
221239ms,221239,227.981,0.198294
221271ms,221271,227.976,0.198166
221303ms,221303,227.761,0.196820
221351ms,221351,227.576,0.200097
221383ms,221383,227.664,0.198884
221415ms,221415,227.467,0.197970
221447ms,221447,227.252,0.197531
221479ms,221479,227.472,0.199288
221511ms,221511,228.248,0.202182
221543ms,221543,229.168,0.200929
221575ms,221575,229.617,0.200637
221607ms,221607,230.266,0.201228
221639ms,221639,230.399,0.201503
221671ms,221671,230.638,0.201098
221719ms,221719,230.703,0.201290
221751ms,221751,230.662,0.201278
221783ms,221783,230.700,0.201473
221815ms,221815,230.687,0.201764
221847ms,221847,230.680,0.201678
221879ms,221879,230.732,0.201727
221911ms,221911,230.633,0.202129
221943ms,221943,230.442,0.203180
221975ms,221975,230.298,0.202585
222007ms,222007,230.281,0.201276
222039ms,222039,230.172,0.202876
222071ms,222071,229.862,0.200514
222119ms,222119,229.396,0.201844
222151ms,222151,229.468,0.200610
222183ms,222183,229.426,0.200055
222215ms,222215,229.406,0.202219
222247ms,222247,228.991,0.199138
222279ms,222279,228.967,0.200958
222343ms,222343,228.950,0.201353
222375ms,222375,228.896,0.199250
222407ms,222407,229.054,0.200974
222439ms,222439,228.853,0.199753
222471ms,222471,228.857,0.200394
222519ms,222519,228.335,0.198430
222551ms,222551,228.544,0.199675
222583ms,222583,228.492,0.199387
222615ms,222615,228.339,0.198768
222647ms,222647,228.352,0.200250
222711ms,222711,227.990,0.197576
222743ms,222743,227.906,0.198424
222775ms,222775,227.793,0.196894
222807ms,222807,227.687,0.199539
222839ms,222839,227.778,0.198782
222887ms,222887,227.486,0.198303
222951ms,222951,227.503,0.198901
222983ms,222983,228.186,0.201111
223015ms,223015,229.156,0.200271
223047ms,223047,229.562,0.200128
223079ms,223079,230.288,0.201169
223111ms,223111,230.518,0.202079
223143ms,223143,230.703,0.202238
223175ms,223175,230.672,0.202765
223207ms,223207,230.607,0.202580
223255ms,223255,230.541,0.202698
223287ms,223287,230.583,0.202576
223319ms,223319,230.715,0.202946
223351ms,223351,230.680,0.202807
223383ms,223383,230.604,0.201867
223415ms,223415,230.506,0.202646
223447ms,223447,230.221,0.202207
223479ms,223479,230.207,0.200590
223511ms,223511,230.165,0.203188
223575ms,223575,229.394,0.200617
223623ms,223623,229.409,0.200406
223655ms,223655,229.389,0.199089
223687ms,223687,229.231,0.201883
223719ms,223719,229.224,0.199176
223751ms,223751,228.906,0.199969
223783ms,223783,228.717,0.199442
223815ms,223815,228.866,0.201635
223847ms,223847,228.691,0.199128
223879ms,223879,228.919,0.201634
223911ms,223911,228.907,0.200302
223943ms,223943,228.532,0.198591
223975ms,223975,228.578,0.199107
224023ms,224023,228.711,0.200265
224055ms,224055,228.724,0.200172
224087ms,224087,228.350,0.198719
224119ms,224119,228.146,0.198471
224151ms,224151,227.962,0.197760
224183ms,224183,228.163,0.198403
224215ms,224215,227.848,0.197171
224247ms,224247,227.757,0.196901
224279ms,224279,227.571,0.197380
224311ms,224311,227.791,0.198859
224343ms,224343,227.555,0.198943
224391ms,224391,227.389,0.197721
224423ms,224423,227.381,0.197126
224455ms,224455,227.760,0.201752
224487ms,224487,228.932,0.200562
224519ms,224519,229.477,0.199544
224551ms,224551,229.920,0.202363
224583ms,224583,230.370,0.202127
224615ms,224615,230.473,0.201972
224647ms,224647,230.570,0.202276
224679ms,224679,230.579,0.202071
224711ms,224711,230.670,0.202904
224743ms,224743,230.716,0.202874
224791ms,224791,230.608,0.203679
224823ms,224823,230.665,0.202996
224855ms,224855,230.659,0.202449
224887ms,224887,230.541,0.202666
224919ms,224919,230.308,0.204288
224951ms,224951,230.295,0.200373
225015ms,225015,229.845,0.200668
225047ms,225047,229.558,0.198585
225079ms,225079,229.422,0.201045
225159ms,225159,229.176,0.200889
225191ms,225191,229.201,0.199372
225223ms,225223,228.994,0.199715
225255ms,225255,228.681,0.199270
225287ms,225287,228.961,0.201240
225319ms,225319,228.748,0.198729
225383ms,225383,228.942,0.200778
225415ms,225415,228.547,0.198653
225447ms,225447,228.725,0.199153
225479ms,225479,228.781,0.200221
225527ms,225527,228.444,0.200680
225559ms,225559,228.201,0.198216
225591ms,225591,228.229,0.198143
225623ms,225623,228.082,0.198127
225655ms,225655,228.250,0.199061
225687ms,225687,227.867,0.198189
225719ms,225719,227.918,0.197161
225751ms,225751,227.580,0.197016
225783ms,225783,227.695,0.199855
225783ms,225783,227.695,0.199855
225815ms,225815,227.520,0.198890
225815ms,225815,227.520,0.198890
225847ms,225847,227.358,0.197698
225879ms,225879,227.332,0.197225
225927ms,225927,227.745,0.201552
225959ms,225959,228.976,0.200590
225991ms,225991,229.545,0.199730
226023ms,226023,229.860,0.202024
226055ms,226055,230.373,0.201545
226087ms,226087,230.413,0.201752
226119ms,226119,230.644,0.202994
226151ms,226151,230.629,0.202237
226183ms,226183,230.630,0.202477
226215ms,226215,230.554,0.202214
226247ms,226247,230.670,0.202716
226295ms,226295,230.621,0.202245
226327ms,226327,230.589,0.202958
226359ms,226359,230.478,0.202464
226391ms,226391,230.332,0.204425
226423ms,226423,230.351,0.200493
226455ms,226455,230.245,0.201390
226487ms,226487,229.857,0.201230
226519ms,226519,229.600,0.198882
226551ms,226551,229.578,0.202199
226583ms,226583,229.353,0.200160
226615ms,226615,229.203,0.200040
226663ms,226663,229.237,0.199615
226695ms,226695,228.917,0.199144
226727ms,226727,228.740,0.198951
226759ms,226759,228.861,0.200858
226791ms,226791,228.781,0.199266
226823ms,226823,228.866,0.199401
226855ms,226855,228.948,0.200892
226887ms,226887,228.549,0.198745
226919ms,226919,228.742,0.198878
226983ms,226983,228.354,0.198602
227015ms,227015,228.144,0.198438
227063ms,227063,228.149,0.197959
227095ms,227095,228.059,0.198056
227127ms,227127,228.212,0.198660
227159ms,227159,227.871,0.197821
227191ms,227191,227.892,0.197233
227223ms,227223,227.681,0.197568
227255ms,227255,227.739,0.199770
227287ms,227287,227.625,0.199042
227351ms,227351,227.271,0.197704
227383ms,227383,227.726,0.200581
227431ms,227431,228.845,0.200758
227463ms,227463,229.489,0.199841
227495ms,227495,229.868,0.201734
227527ms,227527,230.409,0.201594
227559ms,227559,230.528,0.202393
227591ms,227591,230.539,0.202189
227623ms,227623,230.500,0.202044
227655ms,227655,230.507,0.202145
227687ms,227687,230.496,0.202557
227719ms,227719,230.574,0.202541
227751ms,227751,230.552,0.202354
227799ms,227799,230.590,0.201990
227831ms,227831,230.452,0.202028
227863ms,227863,230.515,0.202447
227895ms,227895,230.282,0.201428
227927ms,227927,230.249,0.200494
227959ms,227959,229.991,0.203979
227991ms,227991,229.938,0.200454
228023ms,228023,229.230,0.201245
228055ms,228055,229.428,0.200566
228087ms,228087,229.577,0.199924
228119ms,228119,229.151,0.201302
228151ms,228151,228.956,0.198020
228199ms,228199,228.938,0.201526
228231ms,228231,228.730,0.200015
228263ms,228263,228.843,0.199697
228295ms,228295,228.881,0.198076
228327ms,228327,228.969,0.200934
228359ms,228359,228.753,0.199305
228391ms,228391,228.811,0.200210
228423ms,228423,228.712,0.200871
228455ms,228455,228.537,0.199147
228535ms,228535,228.385,0.198885
228567ms,228567,228.387,0.199191
228599ms,228599,228.025,0.199439
228631ms,228631,227.959,0.198423
228663ms,228663,228.061,0.198188
228695ms,228695,227.789,0.197268
228727ms,228727,227.648,0.200337
228759ms,228759,227.678,0.198978
228823ms,228823,227.305,0.197622
228855ms,228855,227.449,0.199255
228887ms,228887,228.398,0.201934
228935ms,228935,229.373,0.199603
228967ms,228967,229.730,0.200810
228999ms,228999,230.371,0.201140
229063ms,229063,230.461,0.202695
229095ms,229095,230.538,0.202761
229127ms,229127,230.561,0.202856
229159ms,229159,230.511,0.202554
229191ms,229191,230.558,0.202475
229223ms,229223,230.585,0.202273
229255ms,229255,230.504,0.202316
229302ms,229302,230.538,0.202862
229335ms,229335,230.502,0.202716
229366ms,229366,230.266,0.201102
229398ms,229398,230.235,0.200930
229431ms,229431,229.919,0.203393
229463ms,229463,229.945,0.201270
229495ms,229495,229.272,0.201339
229527ms,229527,229.516,0.200226
229559ms,229559,229.559,0.199993
229591ms,229591,229.120,0.199886
229623ms,229623,228.800,0.198047
229670ms,229670,228.824,0.200950
229703ms,229703,228.739,0.200523
229734ms,229734,228.785,0.200076
229766ms,229766,228.835,0.197885
229799ms,229799,229.030,0.201001
229831ms,229831,228.737,0.199440
229863ms,229863,228.825,0.199572
229895ms,229895,228.597,0.201468
229927ms,229927,228.539,0.199127
229959ms,229959,228.493,0.200036
229991ms,229991,228.375,0.198844
230023ms,230023,228.358,0.200311
230071ms,230071,228.030,0.197571
230103ms,230103,227.979,0.198231
230134ms,230134,227.845,0.198643
230167ms,230167,227.723,0.197038
230199ms,230199,227.653,0.200285
230230ms,230230,227.666,0.198944
230262ms,230262,227.376,0.198690
230294ms,230294,227.313,0.197849
230326ms,230326,227.462,0.199472
230358ms,230358,228.345,0.202315
230391ms,230391,229.385,0.199833
230438ms,230438,229.524,0.200152
230470ms,230470,230.211,0.200856
230502ms,230502,230.258,0.200928
230534ms,230534,230.518,0.201881
230567ms,230567,230.595,0.202545
230599ms,230599,230.577,0.202681
230662ms,230662,230.468,0.202806
230694ms,230694,230.548,0.201979
230726ms,230726,230.596,0.201814
230759ms,230759,230.517,0.202738
230791ms,230791,230.449,0.202683
230838ms,230838,230.312,0.202335
230871ms,230871,230.324,0.200560
230902ms,230902,230.210,0.203896
230934ms,230934,229.965,0.200607
230967ms,230967,229.281,0.200971
231030ms,231030,229.436,0.199157
231062ms,231062,229.376,0.201799
231094ms,231094,229.287,0.199977
231127ms,231127,228.978,0.200287
231158ms,231158,228.839,0.199492
231206ms,231206,228.862,0.201641
231238ms,231238,228.697,0.200795
231270ms,231270,229.027,0.201057
231303ms,231303,228.935,0.199744
231335ms,231335,228.653,0.200939
231366ms,231366,228.478,0.199038
231399ms,231399,228.593,0.199939
231431ms,231431,228.539,0.199935
231462ms,231462,228.376,0.199059
231494ms,231494,228.348,0.200837
231527ms,231527,227.972,0.198560
231574ms,231574,228.029,0.198277
231606ms,231606,227.800,0.198232
231638ms,231638,227.722,0.197448
231670ms,231670,227.544,0.198772
231703ms,231703,227.786,0.199103
231734ms,231734,227.520,0.198472
231766ms,231766,227.312,0.197961
231799ms,231799,227.468,0.198880
231830ms,231830,228.114,0.200125
231862ms,231862,229.124,0.199918
231894ms,231894,229.665,0.200464
231942ms,231942,230.314,0.201117
232006ms,232006,230.519,0.202075
232038ms,232038,230.519,0.202182
232070ms,232070,230.515,0.202734
232102ms,232102,230.530,0.202498
232134ms,232134,230.525,0.202261
232166ms,232166,230.518,0.202521
232198ms,232198,230.609,0.202692
232230ms,232230,230.571,0.201814
232262ms,232262,230.439,0.202702
232294ms,232294,230.270,0.202369
232342ms,232342,230.276,0.200195
232374ms,232374,230.125,0.203502
232406ms,232406,229.777,0.200430
232438ms,232438,229.293,0.201348
232470ms,232470,229.398,0.200316
232502ms,232502,229.407,0.199484
232534ms,232534,229.239,0.201691
232566ms,232566,229.217,0.199856
232598ms,232598,229.012,0.200469
232630ms,232630,228.766,0.199576
232662ms,232662,228.926,0.201659
232710ms,232710,228.792,0.199368
232742ms,232742,228.924,0.201449
232774ms,232774,228.892,0.200085
232806ms,232806,228.832,0.200283
232838ms,232838,228.538,0.198443
232870ms,232870,228.666,0.199865
232902ms,232902,228.692,0.200276
232934ms,232934,228.527,0.199480
232966ms,232966,228.119,0.198597
233030ms,233030,228.192,0.198794
233078ms,233078,227.879,0.197311
233110ms,233110,227.851,0.197286
233142ms,233142,227.527,0.197121
233174ms,233174,227.842,0.199194
233206ms,233206,227.566,0.198617
233238ms,233238,227.393,0.197764
233270ms,233270,227.348,0.198350
233302ms,233302,228.035,0.200775
233334ms,233334,228.929,0.200611
233366ms,233366,229.590,0.199865
233398ms,233398,230.227,0.201584
233430ms,233430,230.445,0.201793
233478ms,233478,230.498,0.202385
233510ms,233510,230.584,0.202499
233542ms,233542,230.581,0.202227
233574ms,233574,230.538,0.202519
233606ms,233606,230.586,0.202329
233638ms,233638,230.634,0.202641
233670ms,233670,230.553,0.202595
233702ms,233702,230.629,0.202788
233734ms,233734,230.540,0.202574
233766ms,233766,230.365,0.204482
233798ms,233798,230.280,0.201415
233846ms,233846,230.316,0.201776
233878ms,233878,229.874,0.200782
233910ms,233910,229.478,0.198648
233942ms,233942,229.362,0.201679
233974ms,233974,229.096,0.198998
234006ms,234006,229.149,0.201261
234038ms,234038,229.210,0.199723
234070ms,234070,228.929,0.198748
234102ms,234102,228.713,0.199226
234134ms,234134,228.869,0.200960
234166ms,234166,228.750,0.199386
234214ms,234214,228.916,0.201285
234246ms,234246,228.944,0.200259
234278ms,234278,228.564,0.198268
234310ms,234310,228.687,0.198893
234342ms,234342,228.724,0.200299
234374ms,234374,228.654,0.199806
234406ms,234406,228.117,0.198215
234438ms,234438,228.101,0.198561
234470ms,234470,228.026,0.198067
234534ms,234534,227.905,0.197945
234566ms,234566,227.869,0.197195
234614ms,234614,227.623,0.197634
234646ms,234646,227.642,0.200891
234678ms,234678,227.621,0.198813
234710ms,234710,227.441,0.197606
234742ms,234742,227.305,0.197114
234774ms,234774,227.644,0.199862
234806ms,234806,228.805,0.201359
234838ms,234838,229.474,0.199744
234870ms,234870,229.821,0.201986
234902ms,234902,230.351,0.201552
234934ms,234934,230.482,0.201794
235014ms,235014,230.483,0.202185
235046ms,235046,230.551,0.202530
235078ms,235078,230.603,0.202613
235110ms,235110,230.536,0.202643
235142ms,235142,230.506,0.203278
235174ms,235174,230.497,0.202794
235238ms,235238,230.470,0.202632
235270ms,235270,230.246,0.200228
235302ms,235302,230.238,0.200406
235334ms,235334,229.898,0.201657
235382ms,235382,229.861,0.200112
235414ms,235414,229.473,0.201638
235446ms,235446,229.564,0.201182
235478ms,235478,229.239,0.198669
235510ms,235510,229.179,0.199588
235542ms,235542,228.927,0.198008
235574ms,235574,228.651,0.198926
235606ms,235606,228.857,0.200419
235638ms,235638,228.712,0.199602
235670ms,235670,228.789,0.198534
235702ms,235702,228.966,0.200196
235750ms,235750,228.698,0.199130
235782ms,235782,228.779,0.199341
235814ms,235814,228.764,0.200902
235846ms,235846,228.384,0.199351
235878ms,235878,228.411,0.198918
235910ms,235910,228.266,0.198445
235942ms,235942,228.261,0.199181
235974ms,235974,228.169,0.199752
236006ms,236006,227.908,0.198210
236038ms,236038,227.977,0.197962
236070ms,236070,227.609,0.197162
236118ms,236118,227.635,0.199909
236150ms,236150,227.625,0.199004
236182ms,236182,227.481,0.199020
236214ms,236214,227.306,0.197543
236246ms,236246,227.499,0.199592
236278ms,236278,228.437,0.202198
236310ms,236310,229.339,0.199120
236342ms,236342,229.644,0.200699
236374ms,236374,230.389,0.201317
236406ms,236406,230.369,0.201405
236438ms,236438,230.520,0.202753
236470ms,236470,230.555,0.202716
236518ms,236518,230.494,0.202428
236550ms,236550,230.523,0.202814
236582ms,236582,230.496,0.202697
236614ms,236614,230.496,0.202677
236646ms,236646,230.493,0.202786
236678ms,236678,230.495,0.201674
236710ms,236710,230.449,0.203133
236742ms,236742,230.242,0.200490
236774ms,236774,230.211,0.200346
236806ms,236806,229.915,0.203482
236838ms,236838,229.931,0.199761
236886ms,236886,229.454,0.202034
236918ms,236918,229.453,0.200615
236950ms,236950,229.311,0.200117
236982ms,236982,229.204,0.199872
237014ms,237014,228.872,0.198599
237046ms,237046,228.768,0.200157
237078ms,237078,228.812,0.200341
237110ms,237110,228.686,0.199689
237142ms,237142,228.912,0.197773
237174ms,237174,228.937,0.200895
237206ms,237206,228.737,0.199469
237254ms,237254,228.802,0.199725
237286ms,237286,228.637,0.201105
237318ms,237318,228.562,0.199305
237350ms,237350,228.450,0.198811
237382ms,237382,228.356,0.198805
237414ms,237414,228.323,0.198564
237446ms,237446,228.297,0.198873
237478ms,237478,227.920,0.198145
237510ms,237510,227.912,0.197497
237542ms,237542,227.675,0.197111
237574ms,237574,227.647,0.199898
237606ms,237606,227.687,0.198861
237654ms,237654,227.428,0.198896
237686ms,237686,227.273,0.198106
237718ms,237718,227.503,0.199296
237750ms,237750,228.392,0.201710
237782ms,237782,229.395,0.200006
237814ms,237814,229.680,0.200633
237846ms,237846,230.329,0.200903
237878ms,237878,230.436,0.201897
237910ms,237910,230.530,0.202503
237942ms,237942,230.640,0.203035
237974ms,237974,230.592,0.202590
238022ms,238022,230.658,0.202680
238054ms,238054,230.502,0.201903
238086ms,238086,230.434,0.203218
238150ms,238150,230.491,0.202995
238182ms,238182,230.498,0.202918
238214ms,238214,230.282,0.201280
238246ms,238246,230.115,0.201180
238278ms,238278,229.931,0.204058
238310ms,238310,229.887,0.200257
238342ms,238342,229.243,0.201319
238374ms,238374,229.461,0.200572
238422ms,238422,229.518,0.199711
238454ms,238454,229.071,0.199694
238486ms,238486,228.862,0.198320
238518ms,238518,228.889,0.201309
238550ms,238550,228.753,0.200067
238582ms,238582,228.797,0.200892
238614ms,238614,228.827,0.198238
238646ms,238646,228.922,0.201621
238710ms,238710,228.810,0.199989
238742ms,238742,228.709,0.200839
238790ms,238790,228.501,0.198968
238822ms,238822,228.393,0.198804
238854ms,238854,228.324,0.198581
238886ms,238886,228.252,0.198898
238918ms,238918,228.231,0.198950
238950ms,238950,227.867,0.197987
238982ms,238982,228.034,0.198369
239014ms,239014,227.657,0.197140
239046ms,239046,227.596,0.199546
239078ms,239078,227.645,0.199107
239110ms,239110,227.432,0.198272
239158ms,239158,227.246,0.197474
239190ms,239190,227.466,0.199667
239222ms,239222,228.316,0.202229
239254ms,239254,229.316,0.199152
239286ms,239286,229.603,0.200442
239318ms,239318,230.241,0.201190
239350ms,239350,230.357,0.202138
239382ms,239382,230.735,0.201338
239414ms,239414,230.745,0.201233
239446ms,239446,230.681,0.201505
239478ms,239478,230.687,0.201846
239510ms,239510,230.693,0.201309
239558ms,239558,230.672,0.200891
239590ms,239590,230.692,0.200974
239622ms,239622,230.695,0.202824
239654ms,239654,230.409,0.203618
239686ms,239686,230.350,0.201067
239718ms,239718,230.265,0.200617
239750ms,239750,229.973,0.203394
239782ms,239782,229.970,0.200261
239814ms,239814,229.500,0.202753
239846ms,239846,229.473,0.200932
239878ms,239878,229.502,0.199771
239926ms,239926,229.146,0.199635
239958ms,239958,228.886,0.198004
239990ms,239990,228.980,0.200979
240022ms,240022,228.793,0.199824
240054ms,240054,228.860,0.202061
240086ms,240086,228.817,0.197667
240118ms,240118,229.017,0.200978
240182ms,240182,228.888,0.199986
240214ms,240214,228.479,0.199673
240246ms,240246,228.545,0.199629
240326ms,240326,228.345,0.198741
240358ms,240358,228.446,0.200505
240390ms,240390,227.853,0.197821
240422ms,240422,227.986,0.198214
240454ms,240454,227.838,0.199241
240486ms,240486,227.755,0.196902
240518ms,240518,227.725,0.199406
240550ms,240550,227.742,0.198819
240582ms,240582,227.458,0.198005
240614ms,240614,227.218,0.197877
240662ms,240662,227.416,0.199400
240694ms,240694,228.318,0.202428
240726ms,240726,229.141,0.200025
240758ms,240758,229.608,0.199721
240790ms,240790,230.148,0.200707
240822ms,240822,230.371,0.201535
240854ms,240854,230.399,0.201734
240918ms,240918,230.434,0.201761
240950ms,240950,230.466,0.202206
240982ms,240982,230.444,0.201736
241014ms,241014,230.466,0.202672
241062ms,241062,230.444,0.202101
241126ms,241126,230.445,0.202258
241158ms,241158,230.379,0.202299
241190ms,241190,230.189,0.200244
241222ms,241222,230.143,0.202869
241254ms,241254,229.844,0.200229
241286ms,241286,229.406,0.201273
241318ms,241318,229.421,0.200117
241350ms,241350,229.432,0.199682
241382ms,241382,229.360,0.202639
241430ms,241430,229.213,0.199804
241462ms,241462,228.968,0.200776
241494ms,241494,228.819,0.199937
241526ms,241526,228.886,0.201447
241558ms,241558,228.961,0.198206
241590ms,241590,229.089,0.200359
241622ms,241622,228.862,0.199710
241654ms,241654,228.826,0.200089
241686ms,241686,228.382,0.198568
241718ms,241718,228.533,0.199369
241750ms,241750,228.513,0.199956
241798ms,241798,228.395,0.198321
241830ms,241830,228.333,0.201231
241862ms,241862,227.943,0.197975
241894ms,241894,227.949,0.197907
241926ms,241926,227.941,0.199785
241958ms,241958,227.828,0.197185
241990ms,241990,227.668,0.200398
242022ms,242022,227.747,0.198894
242054ms,242054,227.517,0.198403
242086ms,242086,227.378,0.197803
242118ms,242118,227.464,0.198972
242150ms,242150,228.208,0.201685
242198ms,242198,228.993,0.200531
242230ms,242230,229.582,0.199675
242262ms,242262,230.321,0.201701
242294ms,242294,230.459,0.201786
242326ms,242326,230.488,0.202136
242358ms,242358,230.568,0.202217
242390ms,242390,230.513,0.202285
242422ms,242422,230.577,0.202234
242486ms,242486,230.502,0.202647
242518ms,242518,230.570,0.202147
242566ms,242566,230.463,0.202064
242598ms,242598,230.498,0.201921
242630ms,242630,230.389,0.203272
242662ms,242662,230.118,0.201421
242694ms,242694,229.880,0.204245
242726ms,242726,229.894,0.200695
242790ms,242790,229.462,0.200716
242822ms,242822,229.475,0.199501
242854ms,242854,229.261,0.201883
242886ms,242886,229.181,0.200561
242934ms,242934,228.909,0.200491
242966ms,242966,228.731,0.199657
242998ms,242998,228.820,0.201539
243030ms,243030,228.895,0.197832
243062ms,243062,228.933,0.200318
243094ms,243094,228.869,0.200539
243126ms,243126,228.804,0.200612
243158ms,243158,228.572,0.198885
243222ms,243222,228.515,0.200462
243254ms,243254,228.424,0.199204
243286ms,243286,228.345,0.200904
243334ms,243334,228.024,0.197657
243366ms,243366,228.089,0.198744
243398ms,243398,227.839,0.198794
243430ms,243430,227.692,0.197471
243462ms,243462,227.521,0.199303
243494ms,243494,227.739,0.198890
243526ms,243526,227.490,0.198826
243558ms,243558,227.304,0.197672
243590ms,243590,227.401,0.199037
243622ms,243622,228.147,0.201523
243654ms,243654,229.041,0.199739
243702ms,243702,229.545,0.199687
243734ms,243734,230.267,0.201227
243766ms,243766,230.386,0.201328
243798ms,243798,230.470,0.202125
243830ms,243830,230.500,0.201944
243862ms,243862,230.505,0.202591
243894ms,243894,230.562,0.202195
243926ms,243926,230.558,0.201934
243958ms,243958,230.571,0.202038
243990ms,243990,230.534,0.203552
244022ms,244022,230.589,0.202708
244054ms,244054,230.518,0.202609
244134ms,244134,230.337,0.200226
244166ms,244166,230.276,0.201659
244198ms,244198,229.824,0.201440
244230ms,244230,229.498,0.198584
244262ms,244262,229.453,0.201180
244294ms,244294,229.119,0.199129
244326ms,244326,229.177,0.201326
244358ms,244358,229.218,0.199507
244390ms,244390,228.967,0.198316
244422ms,244422,228.752,0.198823
244470ms,244470,228.955,0.200381
244502ms,244502,228.817,0.198281
244534ms,244534,228.738,0.199187
244566ms,244566,228.926,0.200696
244598ms,244598,228.491,0.198695
244630ms,244630,228.746,0.199001
244662ms,244662,228.689,0.200381
244694ms,244694,228.396,0.200090
244726ms,244726,228.126,0.198022
244758ms,244758,228.229,0.198425
244790ms,244790,228.138,0.198410
244838ms,244838,228.259,0.198983
244870ms,244870,227.849,0.197786
244902ms,244902,227.910,0.197656
244934ms,244934,227.630,0.197289
244966ms,244966,227.680,0.200219
244998ms,244998,227.639,0.198937
245030ms,245030,227.408,0.198837
245062ms,245062,227.230,0.197801
245094ms,245094,227.557,0.200239
245126ms,245126,228.829,0.200973
245158ms,245158,229.405,0.199389
245190ms,245190,229.772,0.201002
245238ms,245238,230.293,0.201549
245270ms,245270,230.421,0.201391
245302ms,245302,230.511,0.201907
245334ms,245334,230.581,0.202403
245366ms,245366,230.560,0.203167
245398ms,245398,230.510,0.202246
245430ms,245430,230.505,0.202112
245462ms,245462,230.561,0.202074
245494ms,245494,230.561,0.203064
245526ms,245526,230.464,0.202648
245558ms,245558,230.423,0.203215
245606ms,245606,230.337,0.201513
245638ms,245638,230.151,0.200725
245702ms,245702,229.851,0.200442
245734ms,245734,229.426,0.202479
245766ms,245766,229.525,0.200711
245798ms,245798,229.504,0.200659
245830ms,245830,229.162,0.199538
245862ms,245862,228.926,0.198132
245894ms,245894,228.998,0.200962
245926ms,245926,228.786,0.200157
245974ms,245974,228.820,0.201243
246006ms,246006,228.911,0.198083
246038ms,246038,228.939,0.200848
246070ms,246070,228.756,0.199411
246102ms,246102,228.785,0.199903
246134ms,246134,228.535,0.201136
246166ms,246166,228.554,0.199279
246198ms,246198,228.478,0.198967
246230ms,246230,228.298,0.198689
246230ms,246230,228.298,0.198689
246262ms,246262,228.347,0.199699
246294ms,246294,228.011,0.199589
246326ms,246326,227.923,0.198253
246374ms,246374,228.051,0.198758
246406ms,246406,227.817,0.197134
246438ms,246438,227.608,0.200655
246470ms,246470,227.627,0.199174
246502ms,246502,227.416,0.198646
246534ms,246534,227.247,0.197348
246566ms,246566,227.470,0.199292
246598ms,246598,228.233,0.201391
246630ms,246630,229.335,0.199964
246662ms,246662,229.599,0.199858
246742ms,246742,230.357,0.201852
246774ms,246774,230.513,0.202180
246806ms,246806,230.588,0.203144
246838ms,246838,230.617,0.202577
246870ms,246870,230.542,0.202153
246934ms,246934,230.576,0.202352
246966ms,246966,230.491,0.202047
246998ms,246998,230.412,0.202454
247030ms,247030,230.453,0.202619
247062ms,247062,230.188,0.200664
247110ms,247110,230.172,0.200746
247142ms,247142,230.078,0.203552
247174ms,247174,229.871,0.200374
247206ms,247206,229.175,0.201687
247238ms,247238,229.475,0.200598
247270ms,247270,229.439,0.199687
247302ms,247302,229.401,0.202266
247334ms,247334,229.205,0.200629
247366ms,247366,228.923,0.200563
247398ms,247398,228.763,0.199178
247430ms,247430,228.936,0.201132
247462ms,247462,228.832,0.198015
247510ms,247510,229.159,0.199821
247542ms,247542,228.868,0.199572
247574ms,247574,228.895,0.200803
247606ms,247606,228.480,0.199032
247638ms,247638,228.549,0.199522
247670ms,247670,228.633,0.199451
247702ms,247702,228.381,0.199084
247734ms,247734,228.269,0.199993
247766ms,247766,228.008,0.197828
247798ms,247798,228.167,0.198743
247830ms,247830,227.900,0.197585
247878ms,247878,227.934,0.197794
247910ms,247910,227.594,0.197368
247942ms,247942,227.816,0.199321
247974ms,247974,227.523,0.199087
248038ms,248038,227.415,0.198518
248070ms,248070,227.988,0.201466
248102ms,248102,229.049,0.200248
248134ms,248134,229.565,0.199285
248166ms,248166,230.069,0.201464
248198ms,248198,230.330,0.201815
248246ms,248246,230.609,0.202499
248278ms,248278,230.637,0.202274
248310ms,248310,230.522,0.202196
248342ms,248342,230.683,0.202185
248374ms,248374,230.514,0.201761
248406ms,248406,230.618,0.202389
248438ms,248438,230.665,0.202347
248470ms,248470,230.618,0.203091
248502ms,248502,230.419,0.202382
248534ms,248534,230.303,0.202995
248566ms,248566,230.334,0.200255
248598ms,248598,230.186,0.202483
248646ms,248646,229.760,0.200515
248678ms,248678,229.390,0.198941
248710ms,248710,229.297,0.200393
248742ms,248742,229.159,0.198669
248774ms,248774,229.210,0.201368
248806ms,248806,229.185,0.199545
248838ms,248838,228.944,0.200378
248870ms,248870,228.790,0.198962
248902ms,248902,228.860,0.200707
248934ms,248934,228.744,0.197808
248966ms,248966,228.799,0.198425
249014ms,249014,228.955,0.200558
249046ms,249046,228.509,0.198699
249078ms,249078,228.649,0.198869
249110ms,249110,228.697,0.200409
249142ms,249142,228.731,0.200518
249174ms,249174,228.184,0.199119
249206ms,249206,228.173,0.198064
249238ms,249238,227.989,0.198355
249270ms,249270,228.203,0.199035
249302ms,249302,227.863,0.197629
249334ms,249334,227.925,0.197237
249366ms,249366,227.652,0.197277
249414ms,249414,227.798,0.200079
249478ms,249478,227.420,0.198063
249510ms,249510,227.349,0.198919
249542ms,249542,228.013,0.202206
249606ms,249606,229.571,0.200099
249638ms,249638,229.952,0.201327
249670ms,249670,230.334,0.201471
249702ms,249702,230.525,0.202901
249734ms,249734,230.695,0.201703
249782ms,249782,230.644,0.200871
249814ms,249814,230.706,0.201532
249846ms,249846,230.607,0.201791
249878ms,249878,230.594,0.201755
249910ms,249910,230.578,0.201001
249942ms,249942,230.648,0.201849
249974ms,249974,230.590,0.203178
250006ms,250006,230.289,0.204347
250038ms,250038,230.339,0.201236
250070ms,250070,230.278,0.201066
250102ms,250102,229.775,0.201021
250150ms,250150,229.460,0.198836
250182ms,250182,229.417,0.200901
250214ms,250214,229.190,0.198936
250246ms,250246,229.181,0.200790
250278ms,250278,229.134,0.199522
250310ms,250310,228.892,0.199835
250342ms,250342,228.698,0.199340
250406ms,250406,228.830,0.198952
250438ms,250438,228.957,0.198393
250470ms,250470,228.948,0.200654
250518ms,250518,228.441,0.198617
250550ms,250550,228.680,0.199455
250582ms,250582,228.677,0.200080
250614ms,250614,228.549,0.200054
250646ms,250646,228.280,0.198408
250678ms,250678,228.224,0.198271
250710ms,250710,228.124,0.198199
250742ms,250742,228.207,0.198716
250774ms,250774,227.833,0.198036
250806ms,250806,227.826,0.196863
250838ms,250838,227.694,0.197199
250870ms,250870,227.775,0.199866
250918ms,250918,227.563,0.198814
250950ms,250950,227.362,0.198000
250982ms,250982,227.387,0.198302
251014ms,251014,227.776,0.200913
251046ms,251046,229.042,0.199813
251078ms,251078,229.498,0.199770
251110ms,251110,229.795,0.202211
251142ms,251142,230.331,0.202150
251174ms,251174,230.419,0.202294
251206ms,251206,230.411,0.201567
251238ms,251238,230.453,0.202109
251286ms,251286,230.514,0.201872
251318ms,251318,230.508,0.202081
251350ms,251350,230.506,0.201910
251382ms,251382,230.428,0.202240
251414ms,251414,230.419,0.201680
251446ms,251446,230.479,0.202427
251478ms,251478,230.463,0.202472
251510ms,251510,230.295,0.200418
251542ms,251542,230.135,0.200765
251574ms,251574,229.927,0.204266
251606ms,251606,229.931,0.200414
251638ms,251638,229.307,0.201991
251686ms,251686,229.484,0.200398
251718ms,251718,229.508,0.200477
251750ms,251750,229.121,0.201473
251782ms,251782,228.906,0.198926
251814ms,251814,229.014,0.201036
251846ms,251846,228.765,0.199781
251878ms,251878,228.861,0.201640
251910ms,251910,229.023,0.199582
251942ms,251942,228.923,0.200534
251974ms,251974,228.703,0.199474
252006ms,252006,228.858,0.199585
252086ms,252086,228.536,0.198999
252150ms,252150,228.364,0.198797
252182ms,252182,228.286,0.199235
252214ms,252214,228.010,0.198716
252246ms,252246,227.903,0.198556
252278ms,252278,228.040,0.199231
252310ms,252310,227.701,0.197401
252342ms,252342,227.674,0.200060
252374ms,252374,227.718,0.198707
252422ms,252422,227.423,0.198190
252454ms,252454,227.250,0.197308
252486ms,252486,227.450,0.198838
252518ms,252518,228.428,0.202160
252550ms,252550,229.316,0.199528
252582ms,252582,229.719,0.201791
252614ms,252614,230.372,0.201434
252646ms,252646,230.561,0.202648
252678ms,252678,230.701,0.202604
252710ms,252710,230.650,0.202523
252742ms,252742,230.708,0.202516
252790ms,252790,230.654,0.202231
252822ms,252822,230.671,0.201959
252854ms,252854,230.676,0.202509
252886ms,252886,230.729,0.202277
252918ms,252918,230.685,0.202390
252950ms,252950,230.340,0.203143
252982ms,252982,230.243,0.201147
253014ms,253014,230.173,0.200966
253046ms,253046,229.906,0.203473
253078ms,253078,229.954,0.200804
253110ms,253110,229.403,0.201797
253190ms,253190,229.485,0.200406
253222ms,253222,229.031,0.199809
253254ms,253254,228.850,0.197861
253286ms,253286,228.864,0.201285
253318ms,253318,228.739,0.200202
253350ms,253350,228.945,0.201087
253382ms,253382,228.877,0.197753
253414ms,253414,228.980,0.200705
253446ms,253446,228.739,0.199150
253478ms,253478,228.855,0.199952
253510ms,253510,228.473,0.199190
253558ms,253558,228.514,0.199981
253590ms,253590,228.590,0.200258
253622ms,253622,228.321,0.198833
253654ms,253654,228.281,0.200017
253686ms,253686,227.904,0.198166
253718ms,253718,228.009,0.198345
253750ms,253750,227.942,0.198994
253814ms,253814,227.679,0.200365
253846ms,253846,227.729,0.199251
253878ms,253878,227.471,0.198665
253926ms,253926,227.261,0.197143
253958ms,253958,227.404,0.199373
253990ms,253990,228.196,0.201120
254022ms,254022,229.175,0.200170
254054ms,254054,229.561,0.200198
254086ms,254086,230.220,0.201456
254118ms,254118,230.486,0.201679
254150ms,254150,230.639,0.202706
254182ms,254182,230.701,0.202780
254214ms,254214,230.578,0.201985
254246ms,254246,230.568,0.202591
254294ms,254294,230.563,0.202496
254326ms,254326,230.514,0.202096
254358ms,254358,230.571,0.202118
254390ms,254390,230.498,0.202313
254422ms,254422,230.424,0.202427
254454ms,254454,230.277,0.201564
254486ms,254486,230.238,0.200065
254518ms,254518,230.213,0.203492
254550ms,254550,229.936,0.200297
254582ms,254582,229.197,0.201317
254614ms,254614,229.472,0.200979
254662ms,254662,229.471,0.199740
254694ms,254694,229.221,0.201470
254726ms,254726,229.228,0.200305
254758ms,254758,228.866,0.200481
254790ms,254790,228.778,0.199384
254822ms,254822,228.919,0.201692
254854ms,254854,228.897,0.197892
254886ms,254886,229.006,0.200560
254918ms,254918,228.890,0.199904
254950ms,254950,228.921,0.200465
254982ms,254982,228.537,0.199326
255014ms,255014,228.635,0.199407
255093ms,255093,228.438,0.199698
255126ms,255126,228.181,0.200484
255158ms,255158,227.981,0.198444
255190ms,255190,228.072,0.198327
255222ms,255222,227.881,0.197945
255254ms,255254,227.725,0.196891
255286ms,255286,227.562,0.199550
255318ms,255318,227.701,0.199053
255382ms,255382,227.344,0.197752
255429ms,255429,227.339,0.198741
255461ms,255461,228.073,0.202046
255493ms,255493,228.999,0.199747
255525ms,255525,229.532,0.199548
255558ms,255558,230.045,0.200393
255590ms,255590,230.351,0.201591
255622ms,255622,230.598,0.202887
255654ms,255654,230.579,0.202158
255686ms,255686,230.529,0.202149
255718ms,255718,230.583,0.202437
255750ms,255750,230.624,0.202919
255782ms,255782,230.656,0.202242
255829ms,255829,230.562,0.202069
255862ms,255862,230.466,0.202456
255893ms,255893,230.375,0.202499
255926ms,255926,230.359,0.203338
255958ms,255958,230.287,0.199973
255989ms,255989,230.200,0.202762
256022ms,256022,229.821,0.200536
256054ms,256054,229.432,0.198784
256085ms,256085,229.337,0.200162
256117ms,256117,229.115,0.198885
256150ms,256150,229.224,0.201235
256197ms,256197,229.157,0.199894
256229ms,256229,228.914,0.199772
256261ms,256261,228.756,0.199508
256293ms,256293,228.917,0.200977
256326ms,256326,228.852,0.197987
256357ms,256357,229.015,0.198839
256389ms,256389,228.899,0.200561
256422ms,256422,228.517,0.198403
256453ms,256453,228.557,0.198604
256565ms,256565,228.324,0.198795
256597ms,256597,228.115,0.198037
256629ms,256629,228.013,0.197756
256661ms,256661,228.214,0.199244
256693ms,256693,227.831,0.197201
256726ms,256726,227.781,0.197174
256757ms,256757,227.598,0.197625
256790ms,256790,227.811,0.199005
256822ms,256822,227.533,0.198744
256853ms,256853,227.354,0.197467
256917ms,256917,227.905,0.202414
256965ms,256965,228.956,0.200318
256997ms,256997,229.415,0.199312
257029ms,257029,229.965,0.201745
257061ms,257061,230.339,0.202174
257094ms,257094,230.396,0.201772
257157ms,257157,230.419,0.202690
257190ms,257190,230.575,0.202307
257221ms,257221,230.547,0.202545
257253ms,257253,230.520,0.201905
257286ms,257286,230.554,0.202215
257333ms,257333,230.524,0.201681
257365ms,257365,230.428,0.202452
257397ms,257397,230.234,0.203513
257429ms,257429,230.223,0.201088
257461ms,257461,230.209,0.201727
257493ms,257493,229.738,0.200972
257525ms,257525,229.512,0.199692
257557ms,257557,229.482,0.202416
257589ms,257589,229.179,0.199449
257621ms,257621,229.228,0.201257
257653ms,257653,229.188,0.199381
257701ms,257701,228.947,0.198976
257733ms,257733,228.693,0.199012
257765ms,257765,228.916,0.201164
257797ms,257797,228.876,0.199396
257829ms,257829,228.990,0.200518
257861ms,257861,228.906,0.200378
257893ms,257893,228.567,0.198628
257925ms,257925,228.754,0.199580
257957ms,257957,228.750,0.200063
257989ms,257989,228.492,0.199995
258021ms,258021,228.145,0.198451
258053ms,258053,228.162,0.198208
258101ms,258101,228.121,0.198181
258133ms,258133,228.220,0.198908
258165ms,258165,227.797,0.197981
258197ms,258197,227.886,0.196855
258229ms,258229,227.602,0.197340
258261ms,258261,227.771,0.199567
258293ms,258293,227.569,0.198939
258325ms,258325,227.380,0.197573
258357ms,258357,227.332,0.197572
258389ms,258389,227.890,0.201588
258421ms,258421,229.010,0.200037
258469ms,258469,229.496,0.199638
258501ms,258501,229.869,0.201972
258533ms,258533,230.302,0.201668
258565ms,258565,230.458,0.201941
258597ms,258597,230.538,0.202138
258629ms,258629,230.539,0.202542
258661ms,258661,230.538,0.202613
258693ms,258693,230.507,0.203311
258725ms,258725,230.487,0.202725
258757ms,258757,230.467,0.201912
258789ms,258789,230.516,0.202619
258821ms,258821,230.419,0.202444
258869ms,258869,230.305,0.203245
258901ms,258901,230.264,0.200040
258933ms,258933,230.206,0.202462
258965ms,258965,229.833,0.200609
258997ms,258997,229.535,0.198394
259029ms,259029,229.582,0.202810
259061ms,259061,229.401,0.200003
259093ms,259093,229.085,0.200639
259125ms,259125,229.205,0.199369
259157ms,259157,228.811,0.199827
259189ms,259189,228.691,0.199221
259237ms,259237,228.890,0.201373
259269ms,259269,228.931,0.199957
259333ms,259333,228.941,0.200110
259365ms,259365,228.573,0.198832
259397ms,259397,228.675,0.198842
259429ms,259429,228.678,0.200556
259461ms,259461,228.449,0.200587
259493ms,259493,228.175,0.198352
259525ms,259525,228.180,0.198693
259605ms,259605,228.198,0.199029
259637ms,259637,227.858,0.197992
259669ms,259669,227.859,0.197601
259701ms,259701,227.544,0.197246
259733ms,259733,227.750,0.200201
259765ms,259765,227.547,0.199020
259797ms,259797,227.432,0.198874
259829ms,259829,227.428,0.198008
259861ms,259861,227.728,0.201919
259893ms,259893,228.740,0.200903
259925ms,259925,229.479,0.199903
259957ms,259957,230.006,0.202196
260005ms,260005,230.424,0.201518
260037ms,260037,230.485,0.202204
260069ms,260069,230.612,0.202633
260101ms,260101,230.558,0.202733
260133ms,260133,230.580,0.202499
260165ms,260165,230.580,0.202487
260197ms,260197,230.536,0.202339
260229ms,260229,230.534,0.202255
260261ms,260261,230.490,0.201863
260293ms,260293,230.506,0.202060
260325ms,260325,230.325,0.203393
260373ms,260373,230.338,0.200223
260405ms,260405,230.203,0.201927
260437ms,260437,229.836,0.201262
260469ms,260469,229.634,0.199648
260501ms,260501,229.580,0.203025
260533ms,260533,229.387,0.200863
260565ms,260565,229.267,0.200029
260597ms,260597,229.223,0.199196
260629ms,260629,228.884,0.199084
260661ms,260661,228.738,0.198807
260693ms,260693,228.907,0.201111
260741ms,260741,228.796,0.200856
260773ms,260773,228.960,0.200256
260805ms,260805,228.917,0.200595
260837ms,260837,228.529,0.198519
260901ms,260901,228.705,0.200659
260933ms,260933,228.359,0.198617
260997ms,260997,228.262,0.198188
261029ms,261029,228.148,0.198444
261061ms,261061,228.230,0.198668
261109ms,261109,227.801,0.197887
261141ms,261141,227.983,0.197621
261173ms,261173,227.634,0.197497
261237ms,261237,227.664,0.198591
261269ms,261269,227.403,0.198226
261301ms,261301,227.279,0.196944
261333ms,261333,227.730,0.201370
261365ms,261365,228.914,0.199928
261397ms,261397,229.448,0.200000
261429ms,261429,229.935,0.202158
261461ms,261461,230.355,0.201783
261541ms,261541,230.450,0.202514
261605ms,261605,230.537,0.202300
261637ms,261637,230.496,0.202097
261669ms,261669,230.597,0.202177
261701ms,261701,230.439,0.202183
261733ms,261733,230.479,0.202239
261765ms,261765,230.510,0.201893
261797ms,261797,230.295,0.203271
261829ms,261829,230.200,0.199937
261877ms,261877,230.134,0.201874
261909ms,261909,229.801,0.200454
261941ms,261941,229.744,0.200692
261973ms,261973,229.523,0.201801
262005ms,262005,229.492,0.201121
262037ms,262037,229.180,0.199778
262069ms,262069,229.162,0.199672
262101ms,262101,228.817,0.199587
262133ms,262133,228.635,0.198903
262165ms,262165,228.887,0.201236
262197ms,262197,228.805,0.198102
262245ms,262245,228.864,0.198350
262277ms,262277,228.948,0.200964
262309ms,262309,228.765,0.198856
262341ms,262341,228.785,0.199058
262373ms,262373,228.787,0.200968
262405ms,262405,228.385,0.198537
262437ms,262437,228.251,0.198900
262469ms,262469,228.259,0.198583
262501ms,262501,228.197,0.198662
262533ms,262533,228.311,0.199359
262565ms,262565,227.895,0.198416
262597ms,262597,227.944,0.198196
262645ms,262645,227.644,0.197591
262677ms,262677,227.709,0.200034
262709ms,262709,227.678,0.198816
262741ms,262741,227.471,0.199077
262773ms,262773,227.399,0.199039
262805ms,262805,227.697,0.200908
262837ms,262837,228.669,0.201497
262869ms,262869,229.482,0.199617
262901ms,262901,229.953,0.202112
262933ms,262933,230.373,0.201377
262965ms,262965,230.405,0.202565
263013ms,263013,230.475,0.202468
263045ms,263045,230.489,0.202485
263077ms,263077,230.524,0.202203
263109ms,263109,230.562,0.202274
263141ms,263141,230.488,0.202560
263173ms,263173,230.515,0.202286
263205ms,263205,230.466,0.202319
263237ms,263237,230.440,0.202024
263269ms,263269,230.406,0.203063
263333ms,263333,230.219,0.200135
263365ms,263365,229.803,0.201371
263413ms,263413,229.653,0.200675
263445ms,263445,229.571,0.202218
263477ms,263477,229.477,0.200910
263509ms,263509,229.227,0.199467
263541ms,263541,229.204,0.199688
263573ms,263573,228.895,0.198751
263605ms,263605,228.690,0.198709
263637ms,263637,228.912,0.201102
263669ms,263669,228.807,0.198474
263701ms,263701,228.880,0.197860
263733ms,263733,228.930,0.200949
263781ms,263781,228.679,0.199026
263813ms,263813,228.817,0.199993
263845ms,263845,228.765,0.200905
263877ms,263877,228.459,0.198889
263909ms,263909,228.394,0.198577
263941ms,263941,228.309,0.198530
263973ms,263973,228.240,0.198550
264005ms,264005,228.276,0.199703
264037ms,264037,227.912,0.198227
264069ms,264069,228.032,0.197335
264101ms,264101,227.635,0.197179
264149ms,264149,227.719,0.200292
264181ms,264181,227.651,0.198864
264213ms,264213,227.441,0.198373
264245ms,264245,227.334,0.197079
264277ms,264277,227.508,0.199091
264309ms,264309,228.528,0.202091
264341ms,264341,229.363,0.199616
264373ms,264373,229.707,0.201826
264405ms,264405,230.285,0.201457
264437ms,264437,230.502,0.201965
264469ms,264469,230.563,0.202658
264501ms,264501,230.520,0.202069
264549ms,264549,230.633,0.202363
264581ms,264581,230.545,0.202762
264645ms,264645,230.511,0.203138
264677ms,264677,230.499,0.202765
264709ms,264709,230.397,0.202616
264741ms,264741,230.366,0.202677
264773ms,264773,230.333,0.202011
264805ms,264805,230.237,0.200028
264837ms,264837,230.092,0.203936
264869ms,264869,229.870,0.200276
264917ms,264917,229.310,0.201384
264949ms,264949,229.403,0.200334
265013ms,265013,229.249,0.200701
265045ms,265045,229.021,0.199338
265077ms,265077,228.957,0.201050
265109ms,265109,228.751,0.199975
265141ms,265141,228.795,0.200160
265173ms,265173,228.763,0.197930
265205ms,265205,228.932,0.201144
265237ms,265237,228.892,0.199953
265285ms,265285,228.828,0.200569
265317ms,265317,228.512,0.199221
265349ms,265349,228.584,0.199210
265381ms,265381,228.535,0.199880
265413ms,265413,228.382,0.198939
265445ms,265445,228.313,0.200204
265477ms,265477,227.929,0.198246
265509ms,265509,228.026,0.198151
265541ms,265541,227.860,0.198134
265573ms,265573,227.749,0.196940
265605ms,265605,227.566,0.199308
265637ms,265637,227.741,0.198966
265685ms,265685,227.502,0.198890
265717ms,265717,227.357,0.197925
265749ms,265749,227.343,0.199159
265781ms,265781,228.066,0.201264
265813ms,265813,229.070,0.199638
265845ms,265845,229.526,0.199438
265877ms,265877,229.980,0.200915
265909ms,265909,230.301,0.201568
265941ms,265941,230.383,0.201738
265973ms,265973,230.520,0.202478
266005ms,266005,230.542,0.202097
266053ms,266053,230.443,0.202176
266085ms,266085,230.375,0.201963
266117ms,266117,230.373,0.201881
266149ms,266149,230.379,0.201868
266181ms,266181,230.395,0.202423
266213ms,266213,230.400,0.202314
266245ms,266245,230.406,0.203455
266277ms,266277,230.302,0.199784
266309ms,266309,230.144,0.202004
266341ms,266341,229.763,0.201026
266405ms,266405,229.312,0.200278
266453ms,266453,229.173,0.199158
266485ms,266485,229.102,0.201242
266517ms,266517,229.141,0.199495
266549ms,266549,228.939,0.199321
266581ms,266581,228.685,0.199208
266613ms,266613,228.963,0.200696
266645ms,266645,228.922,0.198257
266677ms,266677,228.984,0.199619
266709ms,266709,228.930,0.200684
266741ms,266741,228.529,0.198539
266741ms,266741,228.529,0.198539
266773ms,266773,228.732,0.199077
266773ms,266773,228.732,0.199077
266821ms,266821,228.730,0.200230
266821ms,266821,228.730,0.200230
266853ms,266853,228.488,0.200867
266885ms,266885,228.058,0.198286
266917ms,266917,228.228,0.198337
266949ms,266949,228.035,0.198069
266981ms,266981,228.230,0.198480
267013ms,267013,227.894,0.198407
267045ms,267045,227.894,0.197137
267077ms,267077,227.690,0.197335
267109ms,267109,227.703,0.199804
267141ms,267141,227.707,0.198462
267189ms,267189,227.335,0.197717
267221ms,267221,227.367,0.198709
267253ms,267253,227.592,0.200072
267285ms,267285,228.923,0.199930
267317ms,267317,229.537,0.199645
267349ms,267349,229.879,0.201408
267381ms,267381,230.386,0.202512
267413ms,267413,230.541,0.203266
267445ms,267445,230.524,0.203203
267477ms,267477,230.593,0.202042
267509ms,267509,230.641,0.202419
267541ms,267541,230.626,0.202445
267653ms,267653,230.657,0.202489
267717ms,267717,230.355,0.203658
267749ms,267749,230.287,0.201334
267781ms,267781,230.302,0.200584
267813ms,267813,229.796,0.201099
267845ms,267845,229.776,0.200687
267877ms,267877,229.530,0.202017
267909ms,267909,229.512,0.201187
267957ms,267957,229.200,0.199485
267989ms,267989,229.193,0.199482
268021ms,268021,228.960,0.199731
268053ms,268053,228.686,0.198688
268085ms,268085,228.811,0.200627
268117ms,268117,228.908,0.199567
268149ms,268149,228.969,0.198638
268181ms,268181,229.015,0.200636
268213ms,268213,228.638,0.198939
268245ms,268245,228.754,0.198963
268277ms,268277,228.762,0.200912
268325ms,268325,228.385,0.200218
268357ms,268357,228.139,0.198344
268389ms,268389,228.189,0.198269
268421ms,268421,228.056,0.198247
268453ms,268453,228.196,0.198516
268485ms,268485,227.981,0.197994
268517ms,268517,227.982,0.197860
268549ms,268549,227.586,0.197299
268581ms,268581,227.705,0.199963
268613ms,268613,227.514,0.199388
268645ms,268645,227.361,0.198852
268693ms,268693,227.331,0.198118
268725ms,268725,227.553,0.199717
268757ms,268757,228.676,0.202067
268789ms,268789,229.441,0.199776
268821ms,268821,229.715,0.201070
268853ms,268853,230.330,0.201671
268885ms,268885,230.560,0.202369
268917ms,268917,230.506,0.202398
268949ms,268949,230.504,0.202163
268981ms,268981,230.460,0.201993
269045ms,269045,230.496,0.202288
269093ms,269093,230.526,0.202041
269125ms,269125,230.568,0.202550
269157ms,269157,230.421,0.202960
269189ms,269189,230.373,0.203100
269221ms,269221,230.308,0.200135
269253ms,269253,230.198,0.200715
269285ms,269285,229.897,0.202708
269317ms,269317,229.870,0.200448
269349ms,269349,229.517,0.202506
269381ms,269381,229.490,0.200727
269413ms,269413,229.367,0.200374
269461ms,269461,229.118,0.199363
269493ms,269493,228.881,0.197948
269525ms,269525,228.890,0.200163
269557ms,269557,228.871,0.199988
269589ms,269589,228.857,0.201023
269621ms,269621,228.895,0.198274
269653ms,269653,229.065,0.200940
269685ms,269685,228.710,0.199437
269717ms,269717,228.814,0.200283
269749ms,269749,228.644,0.200941
269781ms,269781,228.516,0.199484
269813ms,269813,228.382,0.199480
269861ms,269861,228.292,0.198383
269893ms,269893,228.328,0.198960
269925ms,269925,228.085,0.199329
269957ms,269957,227.901,0.198336
269989ms,269989,227.971,0.197532
270021ms,270021,227.777,0.197755
270053ms,270053,227.693,0.199475
270085ms,270085,227.707,0.199024
270117ms,270117,227.492,0.198591
270149ms,270149,227.271,0.197443
270181ms,270181,227.423,0.199103
270229ms,270229,228.207,0.202185
270261ms,270261,229.027,0.200411
270293ms,270293,229.553,0.199715
270325ms,270325,230.264,0.201386
270357ms,270357,230.451,0.201899
270389ms,270389,230.602,0.202384
270421ms,270421,230.555,0.202061
270453ms,270453,230.524,0.202239
270485ms,270485,230.594,0.202349
270517ms,270517,230.598,0.202497
270549ms,270549,230.548,0.202385
270597ms,270597,230.603,0.202494
270629ms,270629,230.523,0.202375
270661ms,270661,230.483,0.202853
270693ms,270693,230.364,0.202829
270725ms,270725,230.270,0.200091
270757ms,270757,230.201,0.203560
270789ms,270789,229.862,0.200683
270821ms,270821,229.276,0.201573
270853ms,270853,229.401,0.200769
270885ms,270885,229.441,0.199378
270917ms,270917,229.236,0.201487
270949ms,270949,229.229,0.200583
270997ms,270997,228.946,0.200273
271029ms,271029,228.735,0.199788
271093ms,271093,228.861,0.198618
271125ms,271125,228.974,0.199968
271157ms,271157,228.815,0.199739
271189ms,271189,228.865,0.200369
271221ms,271221,228.540,0.199126
271253ms,271253,228.546,0.199818
271285ms,271285,228.521,0.200260
271317ms,271317,228.413,0.198955
271365ms,271365,228.329,0.200635
271397ms,271397,228.005,0.198155
271429ms,271429,228.084,0.198866
271461ms,271461,227.939,0.199201
271493ms,271493,227.815,0.197884
271525ms,271525,227.658,0.199255
271557ms,271557,227.691,0.199199
271589ms,271589,227.542,0.198592
271621ms,271621,227.331,0.197927
271653ms,271653,227.284,0.198718
271685ms,271685,228.133,0.200568
271733ms,271733,229.074,0.200004
271765ms,271765,229.518,0.199541
271797ms,271797,230.229,0.201223
271829ms,271829,230.432,0.201952
271861ms,271861,230.483,0.202319
271893ms,271893,230.613,0.202523
271925ms,271925,230.533,0.202345
271957ms,271957,230.569,0.202353
271989ms,271989,230.579,0.202526
272021ms,272021,230.610,0.202936
272053ms,272053,230.546,0.201926
272085ms,272085,230.575,0.202243
272133ms,272133,230.436,0.202582
272165ms,272165,230.321,0.202702
272229ms,272229,230.168,0.203098
272293ms,272293,229.387,0.200888
272325ms,272325,229.365,0.200232
272357ms,272357,229.417,0.199065
272421ms,272421,229.152,0.199503
272453ms,272453,229.002,0.199928
272501ms,272501,228.793,0.199543
272533ms,272533,229.025,0.201139
272565ms,272565,228.897,0.197836
272597ms,272597,229.082,0.199785
272629ms,272629,228.825,0.199698
272661ms,272661,228.842,0.200189
272693ms,272693,228.441,0.198707
272725ms,272725,228.555,0.199625
272757ms,272757,228.525,0.199744
272789ms,272789,228.326,0.198837
272821ms,272821,228.413,0.200423
272869ms,272869,228.075,0.197357
272901ms,272901,227.994,0.198732
272933ms,272933,227.991,0.198420
272965ms,272965,227.796,0.197316
272997ms,272997,227.630,0.200150
273029ms,273029,227.712,0.198999
273061ms,273061,227.497,0.198775
273125ms,273125,227.426,0.198950
273157ms,273157,228.112,0.200360
273189ms,273189,229.132,0.200212
273221ms,273221,229.548,0.199695
273269ms,273269,230.226,0.201281
273301ms,273301,230.421,0.201677
273333ms,273333,230.645,0.202836
273365ms,273365,230.651,0.202074
273397ms,273397,230.609,0.201883
273429ms,273429,230.635,0.202153
273461ms,273461,230.613,0.202521
273493ms,273493,230.543,0.202415
273525ms,273525,230.593,0.202164
273557ms,273557,230.602,0.201890
273589ms,273589,230.530,0.202084
273637ms,273637,230.286,0.202933
273669ms,273669,230.308,0.200038
273701ms,273701,230.155,0.202750
273733ms,273733,229.801,0.200312
273765ms,273765,229.380,0.199153
273797ms,273797,229.396,0.200550
273829ms,273829,229.423,0.199071
273861ms,273861,229.208,0.201533
273893ms,273893,229.170,0.199974
273925ms,273925,229.046,0.200074
273957ms,273957,228.738,0.199368
274005ms,274005,229.035,0.200656
274037ms,274037,228.815,0.198040
274069ms,274069,229.050,0.199993
274101ms,274101,228.846,0.199743
274133ms,274133,228.752,0.201222
274165ms,274165,228.529,0.199057
274197ms,274197,228.573,0.200004
274229ms,274229,228.630,0.200481
274261ms,274261,228.409,0.198996
274293ms,274293,228.264,0.200821
274325ms,274325,227.953,0.198007
274357ms,274357,228.164,0.199298
274405ms,274405,227.885,0.199515
274437ms,274437,227.688,0.197134
274469ms,274469,227.610,0.198825
274533ms,274533,227.530,0.198828
274565ms,274565,227.367,0.197715
274597ms,274597,227.313,0.198682
274629ms,274629,227.745,0.201453
274661ms,274661,228.850,0.200281
274693ms,274693,229.387,0.199600
274725ms,274725,229.995,0.202541
274805ms,274805,230.786,0.202696
274837ms,274837,230.840,0.202236
274869ms,274869,230.743,0.202014
274901ms,274901,230.782,0.202379
274933ms,274933,230.745,0.201714
274965ms,274965,230.820,0.202561
274997ms,274997,230.811,0.202463
275029ms,275029,230.760,0.202604
275061ms,275061,230.648,0.202859
275093ms,275093,230.288,0.204151
275141ms,275141,230.275,0.200753
275173ms,275173,230.271,0.201377
275205ms,275205,229.727,0.200819
275237ms,275237,229.500,0.198531
275269ms,275269,229.471,0.202705
275301ms,275301,229.353,0.200892
275333ms,275333,229.202,0.200761
275365ms,275365,229.232,0.199582
275397ms,275397,228.978,0.198592
275429ms,275429,228.736,0.199144
275461ms,275461,228.830,0.201212
275493ms,275493,228.842,0.198864
275541ms,275541,229.005,0.200384
275573ms,275573,228.919,0.200205
275605ms,275605,228.480,0.198623
275637ms,275637,228.655,0.198932
275669ms,275669,228.726,0.199800
275701ms,275701,228.636,0.200001
275733ms,275733,228.176,0.198276
275765ms,275765,228.164,0.198270
275797ms,275797,228.083,0.198234
275829ms,275829,228.271,0.199107
275861ms,275861,227.935,0.197560
275909ms,275909,227.874,0.197451
275941ms,275941,227.703,0.196789
275973ms,275973,227.783,0.199219
276005ms,276005,227.537,0.198977
276037ms,276037,227.441,0.197854
276101ms,276101,228.011,0.202707
276133ms,276133,228.947,0.199856
276165ms,276165,229.533,0.199284
276197ms,276197,229.975,0.201132
276229ms,276229,230.328,0.202338
276261ms,276261,230.483,0.202208
276309ms,276309,230.559,0.202321
276341ms,276341,230.557,0.202254
276373ms,276373,230.562,0.202267
276405ms,276405,230.525,0.202092
276437ms,276437,230.595,0.202396
276469ms,276469,230.528,0.202251
276501ms,276501,230.542,0.201520
276533ms,276533,230.417,0.202070
276565ms,276565,230.291,0.203428
276597ms,276597,230.167,0.201251
276629ms,276629,229.989,0.202351
276677ms,276677,229.720,0.201252
276709ms,276709,229.604,0.200002
276741ms,276741,229.579,0.201977
276773ms,276773,229.203,0.200944
276805ms,276805,229.107,0.200962
276837ms,276837,229.086,0.199593
276869ms,276869,228.811,0.200160
276901ms,276901,228.655,0.199244
276933ms,276933,228.979,0.200983
276965ms,276965,228.923,0.199337
276997ms,276997,228.983,0.198610
277045ms,277045,228.954,0.200416
277077ms,277077,228.553,0.198856
277109ms,277109,228.725,0.199704
277141ms,277141,228.702,0.200205
277173ms,277173,228.632,0.200407
277205ms,277205,228.230,0.198339
277237ms,277237,228.228,0.198335
277269ms,277269,228.108,0.197982
277333ms,277333,227.860,0.197991
277365ms,277365,227.902,0.197537
277413ms,277413,227.621,0.197444
277445ms,277445,227.778,0.199242
277477ms,277477,227.503,0.198036
277509ms,277509,227.206,0.197216
277541ms,277541,227.349,0.198673
277573ms,277573,227.793,0.201413
277605ms,277605,229.050,0.199821
277637ms,277637,229.529,0.199360
277669ms,277669,229.910,0.201594
277701ms,277701,230.315,0.201801
277733ms,277733,230.701,0.201663
277781ms,277781,230.852,0.201075
277813ms,277813,230.734,0.202442
277845ms,277845,230.794,0.202231
277877ms,277877,230.843,0.201461
277909ms,277909,230.777,0.201831
277941ms,277941,230.802,0.202132
277973ms,277973,230.694,0.201479
278005ms,278005,230.606,0.202065
278037ms,278037,230.380,0.204751
278069ms,278069,230.317,0.200558
278101ms,278101,230.306,0.201477
278133ms,278133,229.821,0.201351
278181ms,278181,229.571,0.200025
278213ms,278213,229.552,0.202621
278245ms,278245,229.469,0.200677
278277ms,278277,229.173,0.199912
278309ms,278309,229.203,0.199393
278341ms,278341,228.855,0.198566
278373ms,278373,228.664,0.198933
278405ms,278405,228.899,0.200950
278437ms,278437,228.967,0.199925
278469ms,278469,229.023,0.199894
278501ms,278501,228.953,0.200462
278549ms,278549,228.500,0.198466
278581ms,278581,228.626,0.198883
278645ms,278645,228.585,0.200342
278677ms,278677,228.153,0.197988
278709ms,278709,228.221,0.198630
278741ms,278741,228.041,0.198094
278773ms,278773,228.237,0.198878
278805ms,278805,227.884,0.198121
278837ms,278837,227.915,0.197310
278869ms,278869,227.621,0.197473
278917ms,278917,227.795,0.198932
278949ms,278949,227.516,0.198859
278981ms,278981,227.380,0.197793
279013ms,279013,227.342,0.198317
279045ms,279045,227.922,0.201630
279077ms,279077,228.869,0.199882
279109ms,279109,229.515,0.199512
279141ms,279141,230.004,0.202625
279173ms,279173,230.387,0.201806
279205ms,279205,230.540,0.202406
279237ms,279237,230.641,0.202891
279269ms,279269,230.527,0.202562
279317ms,279317,230.531,0.202166
279349ms,279349,230.534,0.202356
279381ms,279381,230.509,0.202141
279413ms,279413,230.502,0.202667
279445ms,279445,230.526,0.202189
279477ms,279477,230.476,0.202334
279509ms,279509,230.315,0.203565
279541ms,279541,230.312,0.200260
279573ms,279573,230.183,0.200855
279605ms,279605,229.786,0.201183
279637ms,279637,229.421,0.198610
279685ms,279685,229.569,0.202597
279717ms,279717,229.273,0.201172
279749ms,279749,229.230,0.200813
279780ms,279780,229.231,0.199382
279813ms,279813,228.918,0.198787
279845ms,279845,228.700,0.198856
279877ms,279877,228.921,0.201185
279941ms,279941,229.040,0.200094
279973ms,279973,228.950,0.200529
280005ms,280005,228.535,0.198750
280053ms,280053,228.714,0.199510
280085ms,280085,228.699,0.200254
280117ms,280117,228.612,0.200119
280148ms,280148,228.195,0.198256
280181ms,280181,228.093,0.198169
280213ms,280213,228.158,0.198293
280245ms,280245,228.212,0.198795
280277ms,280277,227.857,0.197859
280309ms,280309,227.917,0.196961
280341ms,280341,227.643,0.196684
280373ms,280373,227.667,0.199982
280405ms,280405,227.631,0.198764
280452ms,280452,227.402,0.198650
280485ms,280485,227.298,0.197868
280517ms,280517,227.665,0.201124
280549ms,280549,228.688,0.201287
280581ms,280581,229.406,0.199669
280613ms,280613,229.945,0.201924
280645ms,280645,230.346,0.202166
280677ms,280677,230.517,0.202224
280709ms,280709,230.602,0.202660
280741ms,280741,230.628,0.202659
280773ms,280773,230.633,0.202587
280820ms,280820,230.610,0.202655
280853ms,280853,230.610,0.202636
280885ms,280885,230.626,0.203100
280917ms,280917,230.584,0.202431
280949ms,280949,230.434,0.202464
280981ms,280981,230.385,0.204292
281013ms,281013,230.238,0.200269
281045ms,281045,230.260,0.199942
281077ms,281077,229.860,0.203044
281109ms,281109,229.905,0.200841
281141ms,281141,229.443,0.202107
281189ms,281189,229.559,0.200589
281253ms,281253,229.118,0.199658
281284ms,281284,228.829,0.198327
281317ms,281317,228.790,0.201152
281349ms,281349,228.707,0.200697
281380ms,281380,228.928,0.201057
281413ms,281413,229.015,0.199655
281445ms,281445,229.000,0.199755
281476ms,281476,228.679,0.199357
281509ms,281509,228.769,0.200143
281541ms,281541,228.732,0.201706
281588ms,281588,228.425,0.198633
281621ms,281621,228.324,0.198472
281653ms,281653,228.285,0.198509
281685ms,281685,228.142,0.198235
281716ms,281716,228.305,0.199496
281748ms,281748,227.907,0.198315
281780ms,281780,227.994,0.197946
281813ms,281813,227.615,0.197276
281844ms,281844,227.784,0.199355
281876ms,281876,227.655,0.198558
281908ms,281908,227.466,0.198369
281956ms,281956,227.262,0.197882
281988ms,281988,227.659,0.200183
282020ms,282020,228.720,0.200895
282052ms,282052,229.345,0.199959
282085ms,282085,229.819,0.201561
282117ms,282117,230.335,0.202221
282148ms,282148,230.456,0.202556
282181ms,282181,230.580,0.202192
282212ms,282212,230.485,0.202355
282244ms,282244,230.573,0.203106
282277ms,282277,230.551,0.202409
282324ms,282324,230.575,0.202207
282356ms,282356,230.523,0.201622
282388ms,282388,230.497,0.202056
282420ms,282420,230.537,0.201548
282452ms,282452,230.206,0.202728
282485ms,282485,230.248,0.200812
282516ms,282516,230.163,0.201410
282549ms,282549,229.812,0.203083
282581ms,282581,229.786,0.200217
282612ms,282612,229.451,0.202134
282645ms,282645,229.466,0.200384
282677ms,282677,229.428,0.200289
282724ms,282724,229.075,0.200064
282756ms,282756,228.846,0.198048
282788ms,282788,228.952,0.201067
282820ms,282820,228.849,0.199851
282884ms,282884,228.803,0.197736
282916ms,282916,228.961,0.200604
282948ms,282948,228.685,0.199202
282980ms,282980,228.824,0.199927
283012ms,283012,228.703,0.202090
283044ms,283044,228.459,0.199147
283092ms,283092,228.350,0.199182
283124ms,283124,228.326,0.198703
283156ms,283156,228.241,0.199234
283188ms,283188,228.312,0.199390
283220ms,283220,227.928,0.198287
283252ms,283252,227.948,0.197274
283284ms,283284,227.638,0.196830
283316ms,283316,227.575,0.200826
283348ms,283348,227.688,0.199308
283380ms,283380,227.416,0.198330
283412ms,283412,227.245,0.197717
283460ms,283460,227.439,0.198995
283492ms,283492,228.150,0.201549
283524ms,283524,229.095,0.200143
283556ms,283556,229.670,0.200802
283588ms,283588,230.336,0.201322
283620ms,283620,230.424,0.201830
283652ms,283652,230.591,0.202724
283684ms,283684,230.602,0.202631
283716ms,283716,230.602,0.202263
283748ms,283748,230.600,0.202451
283780ms,283780,230.690,0.202569
283812ms,283812,230.610,0.202444
283860ms,283860,230.666,0.202638
283892ms,283892,230.581,0.202270
283924ms,283924,230.403,0.202754
283956ms,283956,230.219,0.202460
283988ms,283988,230.137,0.200573
284020ms,284020,230.107,0.203408
284052ms,284052,229.841,0.200266
284116ms,284116,229.473,0.200764
284148ms,284148,229.475,0.199453
284180ms,284180,229.309,0.201820
284228ms,284228,229.237,0.200066
284260ms,284260,228.921,0.200319
284292ms,284292,228.798,0.199358
284324ms,284324,228.931,0.201763
284356ms,284356,228.891,0.197867
284388ms,284388,229.028,0.199891
284420ms,284420,228.750,0.199611
284452ms,284452,228.822,0.200132
284484ms,284484,228.400,0.200950
284516ms,284516,228.572,0.199607
284548ms,284548,228.398,0.200521
284596ms,284596,228.308,0.198759
284628ms,284628,228.274,0.199606
284660ms,284660,228.066,0.197907
284692ms,284692,227.887,0.198564
284724ms,284724,227.917,0.198529
284756ms,284756,227.777,0.197572
284788ms,284788,227.653,0.199476
284820ms,284820,227.754,0.199097
284852ms,284852,227.482,0.199008
284884ms,284884,227.344,0.198300
284916ms,284916,227.380,0.199336
284948ms,284948,228.212,0.202240
284996ms,284996,229.157,0.200758
285028ms,285028,229.566,0.199962
285060ms,285060,230.310,0.201364
285092ms,285092,230.596,0.202488
285124ms,285124,230.737,0.202421
285156ms,285156,230.701,0.202024
285188ms,285188,230.642,0.201251
285220ms,285220,230.589,0.201944
285252ms,285252,230.537,0.201603
285284ms,285284,230.564,0.201782
285316ms,285316,230.531,0.201515
285364ms,285364,230.601,0.201784
285396ms,285396,230.405,0.202383
285428ms,285428,230.231,0.202599
285460ms,285460,230.254,0.200479
285492ms,285492,230.177,0.202894
285524ms,285524,229.774,0.200485
285556ms,285556,229.225,0.201256
285588ms,285588,229.336,0.200440
285620ms,285620,229.407,0.199329
285652ms,285652,229.279,0.201636
285684ms,285684,229.231,0.200484
285716ms,285716,228.910,0.200396
285764ms,285764,228.794,0.199562
285796ms,285796,228.951,0.201489
285828ms,285828,228.899,0.198980
285892ms,285892,228.896,0.199917
285924ms,285924,228.864,0.200303
285956ms,285956,228.417,0.198897
285988ms,285988,228.536,0.199163
286020ms,286020,228.522,0.199804
286052ms,286052,228.382,0.198927
286084ms,286084,228.440,0.200953
286132ms,286132,227.915,0.198017
286164ms,286164,227.970,0.198345
286196ms,286196,227.836,0.198257
286228ms,286228,227.714,0.196824
286260ms,286260,227.619,0.198384
286292ms,286292,227.750,0.198993
286324ms,286324,227.463,0.198646
286356ms,286356,227.369,0.198049
286388ms,286388,227.392,0.198342
286420ms,286420,228.141,0.201064
286452ms,286452,229.222,0.200388
286500ms,286500,229.548,0.199614
286532ms,286532,230.205,0.200700
286564ms,286564,230.388,0.202393
286596ms,286596,230.519,0.202577
286628ms,286628,230.582,0.202721
286660ms,286660,230.532,0.202469
286692ms,286692,230.546,0.202632
286724ms,286724,230.553,0.202524
286756ms,286756,230.541,0.202575
286788ms,286788,230.546,0.202777
286820ms,286820,230.379,0.202381
286852ms,286852,230.397,0.202302
286900ms,286900,230.319,0.202497
286932ms,286932,230.220,0.199947
286964ms,286964,230.101,0.203317
286996ms,286996,229.857,0.200952
287028ms,287028,229.325,0.200344
287060ms,287060,229.363,0.200754
287268ms,287268,228.899,0.200963
287300ms,287300,228.962,0.199894
287332ms,287332,229.014,0.200352
287364ms,287364,228.861,0.199553
287396ms,287396,228.845,0.200337
287428ms,287428,228.540,0.198876
287460ms,287460,228.520,0.199999
287492ms,287492,228.613,0.200336
287524ms,287524,228.415,0.199001
287556ms,287556,228.309,0.200544
287588ms,287588,228.021,0.197975
287636ms,287636,228.108,0.198680
287668ms,287668,227.767,0.198149
287700ms,287700,227.807,0.197378
287732ms,287732,227.545,0.199939
287764ms,287764,227.780,0.199108
287796ms,287796,227.471,0.198774
287828ms,287828,227.376,0.197410
287860ms,287860,227.344,0.199068
287892ms,287892,228.016,0.200735
287924ms,287924,229.001,0.199818
287956ms,287956,229.507,0.199391
287988ms,287988,229.874,0.200925
288036ms,288036,230.213,0.200621
288068ms,288068,230.810,0.201606
288100ms,288100,230.782,0.200810
288132ms,288132,230.773,0.201474
288164ms,288164,230.809,0.201413
288228ms,288228,230.811,0.201347
288260ms,288260,230.788,0.201037
288292ms,288292,230.873,0.201388
288324ms,288324,230.693,0.202079
288404ms,288404,230.224,0.201691
288436ms,288436,230.366,0.201091
288468ms,288468,229.841,0.201389
288500ms,288500,229.502,0.198752
288532ms,288532,229.356,0.200537
288564ms,288564,229.284,0.198963
288596ms,288596,229.140,0.201226
288628ms,288628,229.156,0.199633
288660ms,288660,228.978,0.199506
288692ms,288692,228.769,0.199131
288724ms,288724,229.066,0.200683
288772ms,288772,228.948,0.197626
288804ms,288804,229.019,0.199202
288836ms,288836,228.967,0.200358
288868ms,288868,228.516,0.198663
288900ms,288900,228.610,0.198841
288932ms,288932,228.658,0.200193
288964ms,288964,228.604,0.200540
288996ms,288996,228.165,0.200537
289028ms,289028,228.143,0.198569
289060ms,289060,228.042,0.198618
289092ms,289092,228.217,0.198783
289140ms,289140,227.800,0.198062
289172ms,289172,227.907,0.197533
289204ms,289204,227.665,0.197286
289236ms,289236,227.773,0.199791
289268ms,289268,227.594,0.198780
289300ms,289300,227.479,0.198126
289332ms,289332,227.318,0.197660
289364ms,289364,227.849,0.200532
289396ms,289396,228.909,0.199565
289428ms,289428,229.417,0.199288
289460ms,289460,229.987,0.201747
289492ms,289492,230.348,0.202152
289540ms,289540,230.548,0.201719
289572ms,289572,230.640,0.201717
289604ms,289604,230.648,0.201658
289636ms,289636,230.648,0.201353
289668ms,289668,230.635,0.201199
289700ms,289700,230.716,0.201611
289732ms,289732,230.729,0.201746
289764ms,289764,230.659,0.202228
289828ms,289828,230.390,0.204379
289860ms,289860,230.285,0.200174
289940ms,289940,229.816,0.201531
289972ms,289972,229.867,0.201021
290004ms,290004,229.566,0.201948
290036ms,290036,229.571,0.201046
290068ms,290068,229.273,0.199366
290100ms,290100,229.199,0.199697
290132ms,290132,228.997,0.198372
290164ms,290164,228.640,0.198426
290196ms,290196,228.770,0.200108
290228ms,290228,229.040,0.198895
290260ms,290260,229.048,0.199543
290308ms,290308,228.895,0.200930
290340ms,290340,228.629,0.198757
290372ms,290372,228.730,0.199145
290404ms,290404,228.729,0.200525
290436ms,290436,228.334,0.198807
290468ms,290468,228.152,0.198603
290500ms,290500,228.275,0.198439
290532ms,290532,228.185,0.198939
290564ms,290564,228.289,0.199468
290596ms,290596,227.895,0.198668
290628ms,290628,227.966,0.198301
290708ms,290708,227.625,0.201735
290740ms,290740,227.620,0.199093
290772ms,290772,227.448,0.198883
290804ms,290804,227.291,0.197922
290836ms,290836,227.781,0.201133
290868ms,290868,228.827,0.200865
290900ms,290900,229.363,0.199619
290932ms,290932,229.892,0.202125
290964ms,290964,230.371,0.201560
290996ms,290996,230.486,0.202350
291044ms,291044,230.660,0.201778
291076ms,291076,230.654,0.201808
291108ms,291108,230.674,0.201825
291140ms,291140,230.669,0.202078
291172ms,291172,230.618,0.202133
291204ms,291204,230.615,0.202284
291236ms,291236,230.601,0.201938
291268ms,291268,230.612,0.202763
291300ms,291300,230.359,0.203308
291332ms,291332,230.287,0.201743
291364ms,291364,230.181,0.201171
291396ms,291396,229.772,0.201165
291444ms,291444,229.878,0.201108
291476ms,291476,229.537,0.202222
291508ms,291508,229.492,0.201438
291540ms,291540,229.205,0.199420
291572ms,291572,229.181,0.199390
291604ms,291604,228.945,0.198761
291636ms,291636,228.730,0.200943
291668ms,291668,228.826,0.199871
291700ms,291700,228.749,0.199714
291732ms,291732,228.925,0.198251
291764ms,291764,228.967,0.200365
291812ms,291812,228.650,0.198840
291844ms,291844,228.811,0.199864
291876ms,291876,228.765,0.201159
291908ms,291908,228.448,0.198812
291940ms,291940,228.389,0.199176
291972ms,291972,228.286,0.198586
292004ms,292004,228.274,0.199024
292036ms,292036,228.224,0.199117
292068ms,292068,227.952,0.198401
292100ms,292100,228.005,0.197804
292132ms,292132,227.750,0.197799
292180ms,292180,227.716,0.200493
292244ms,292244,227.456,0.197994
292276ms,292276,227.300,0.197679
292308ms,292308,227.638,0.199672
292340ms,292340,228.602,0.202179
292372ms,292372,229.365,0.199430
292404ms,292404,229.645,0.201487
292436ms,292436,230.335,0.201692
292468ms,292468,230.382,0.202004
292500ms,292500,230.493,0.202523
292532ms,292532,230.550,0.202560
292580ms,292580,230.428,0.202584
292612ms,292612,230.522,0.202100
292644ms,292644,230.518,0.202558
292676ms,292676,230.545,0.202114
292708ms,292708,230.516,0.202969
292740ms,292740,230.469,0.202299
292772ms,292772,230.391,0.202600
292804ms,292804,230.308,0.201521
292836ms,292836,230.225,0.200712
292868ms,292868,229.893,0.203647
292900ms,292900,229.907,0.200598
292948ms,292948,229.476,0.201758
292980ms,292980,229.508,0.201129
293012ms,293012,229.542,0.200353
293044ms,293044,229.090,0.199758
293076ms,293076,228.881,0.198052
293108ms,293108,229.008,0.200984
293140ms,293140,228.807,0.199887
293172ms,293172,228.902,0.201868
293204ms,293204,228.870,0.197607
293268ms,293268,228.810,0.199771
293316ms,293316,228.822,0.200441
293348ms,293348,228.478,0.199341
293380ms,293380,228.552,0.199205
293412ms,293412,228.506,0.200287
293444ms,293444,228.295,0.198833
293476ms,293476,228.410,0.199859
293508ms,293508,228.041,0.197644
293540ms,293540,227.947,0.198459
293572ms,293572,227.993,0.198196
293604ms,293604,227.759,0.197123
293636ms,293636,227.649,0.201150
293668ms,293668,227.641,0.199102
293716ms,293716,227.477,0.198137
293748ms,293748,227.280,0.198136
293780ms,293780,227.352,0.199155
293812ms,293812,228.170,0.201232
293844ms,293844,229.051,0.200372
293876ms,293876,229.538,0.199839
293908ms,293908,230.263,0.200843
293940ms,293940,230.361,0.201669
294004ms,294004,230.542,0.202475
294036ms,294036,230.443,0.202024
294084ms,294084,230.473,0.202160
294116ms,294116,230.488,0.202513
294148ms,294148,230.478,0.202499
294180ms,294180,230.487,0.201811
294212ms,294212,230.473,0.202385
294244ms,294244,230.426,0.202366
294276ms,294276,230.314,0.202693
294308ms,294308,230.269,0.199822
294340ms,294340,230.227,0.202750
294372ms,294372,229.805,0.200584
294404ms,294404,229.330,0.200294
294452ms,294452,229.398,0.200767
294484ms,294484,229.327,0.199222
294516ms,294516,229.302,0.201844
294548ms,294548,229.221,0.200207
294580ms,294580,228.911,0.199928
294612ms,294612,228.796,0.199081
294644ms,294644,228.950,0.200202
294676ms,294676,228.838,0.197652
294708ms,294708,229.040,0.199503
294740ms,294740,228.855,0.199540
294772ms,294772,228.840,0.200326
294804ms,294804,228.559,0.198963
294852ms,294852,228.559,0.200010
294884ms,294884,228.514,0.200320
294916ms,294916,228.394,0.199091
294948ms,294948,228.259,0.200368
294980ms,294980,227.917,0.198137
295012ms,295012,228.074,0.198747
295044ms,295044,228.087,0.198019
295076ms,295076,227.812,0.197348
295108ms,295108,227.617,0.199866
295140ms,295140,227.716,0.198955
295172ms,295172,227.462,0.198410
295220ms,295220,227.361,0.197737
295252ms,295252,227.340,0.198834
295284ms,295284,228.207,0.201488
295316ms,295316,229.052,0.199881
295348ms,295348,229.523,0.199123
295380ms,295380,230.274,0.200702
295412ms,295412,230.494,0.201987
295444ms,295444,230.649,0.201370
295476ms,295476,230.700,0.201252
295508ms,295508,230.653,0.201531
295540ms,295540,230.730,0.201460
295572ms,295572,230.657,0.201624
295620ms,295620,230.681,0.201563
295652ms,295652,230.701,0.201165
295684ms,295684,230.621,0.203311
295716ms,295716,230.504,0.201799
295748ms,295748,230.395,0.202290
295780ms,295780,230.311,0.199882
295844ms,295844,229.827,0.200288
295876ms,295876,229.262,0.201620
295908ms,295908,229.418,0.200341
295940ms,295940,229.432,0.199602
295988ms,295988,229.284,0.201921
296020ms,296020,229.152,0.200155
296052ms,296052,229.004,0.200586
296084ms,296084,228.769,0.199558
296116ms,296116,228.914,0.201342
296148ms,296148,228.866,0.198704
296180ms,296180,229.081,0.200145
296212ms,296212,228.834,0.199694
296244ms,296244,228.894,0.200119
296276ms,296276,228.523,0.200133
296308ms,296308,228.471,0.199089
296356ms,296356,228.463,0.200548
296388ms,296388,228.331,0.198998
296420ms,296420,228.263,0.199590
296452ms,296452,227.991,0.196771
296484ms,296484,227.862,0.198416
296516ms,296516,227.907,0.197923
296548ms,296548,227.747,0.197316
296580ms,296580,227.654,0.200041
296612ms,296612,227.718,0.199270
296644ms,296644,227.475,0.199170
296676ms,296676,227.311,0.197956
296708ms,296708,227.415,0.199364
296756ms,296756,228.137,0.201275
296788ms,296788,229.102,0.200097
296820ms,296820,229.540,0.200303
296852ms,296852,230.283,0.201002
296884ms,296884,230.268,0.201738
296916ms,296916,230.528,0.201982
296948ms,296948,230.573,0.201604
296980ms,296980,230.603,0.201880
297012ms,297012,230.587,0.202070
297076ms,297076,230.569,0.202122
297124ms,297124,230.623,0.201927
297188ms,297188,230.398,0.202416
297220ms,297220,230.287,0.201607
297252ms,297252,230.228,0.200184
297284ms,297284,230.057,0.203698
297316ms,297316,229.916,0.200421
297348ms,297348,229.328,0.202213
297380ms,297380,229.369,0.199976
297412ms,297412,229.481,0.199993
297444ms,297444,229.093,0.201025
297492ms,297492,228.993,0.198696
297524ms,297524,229.012,0.201205
297556ms,297556,228.809,0.199870
297588ms,297588,228.948,0.201102
297620ms,297620,229.001,0.198829
297652ms,297652,229.075,0.199491
297684ms,297684,228.814,0.199832
297716ms,297716,228.811,0.200119
297748ms,297748,228.522,0.201539
297780ms,297780,228.535,0.199173
297812ms,297812,228.478,0.199997
297860ms,297860,228.262,0.198823
297892ms,297892,228.294,0.199928
297924ms,297924,228.163,0.200766
297956ms,297956,227.947,0.198649
297988ms,297988,227.978,0.197946
298020ms,298020,227.746,0.197134
298052ms,298052,227.634,0.199792
298084ms,298084,227.666,0.198743
298116ms,298116,227.366,0.198810
298148ms,298148,227.262,0.197660
298180ms,298180,227.455,0.199134
298212ms,298212,228.446,0.201677
298260ms,298260,229.409,0.199745
298292ms,298292,229.596,0.201699
298324ms,298324,230.387,0.201344
298356ms,298356,230.465,0.202084
298388ms,298388,230.627,0.202842
298420ms,298420,230.563,0.202638
298452ms,298452,230.570,0.202764
298484ms,298484,230.580,0.202136
298516ms,298516,230.522,0.202195
298548ms,298548,230.495,0.202415
298580ms,298580,230.512,0.202057
298628ms,298628,230.446,0.202480
298692ms,298692,230.315,0.200934
298724ms,298724,230.245,0.200017
298756ms,298756,229.898,0.204250
298788ms,298788,229.895,0.200324
298820ms,298820,229.317,0.201606
298852ms,298852,229.434,0.200958
298884ms,298884,229.459,0.199798
298916ms,298916,229.160,0.200755
298948ms,298948,228.952,0.198232
298980ms,298980,229.045,0.201380
299028ms,299028,228.830,0.199626
299060ms,299060,229.030,0.200664
299092ms,299092,228.848,0.198332
299124ms,299124,228.979,0.199445
299188ms,299188,228.809,0.199433
299220ms,299220,228.772,0.201170
299252ms,299252,228.479,0.198829
299284ms,299284,228.416,0.198922
299316ms,299316,228.336,0.198951
299348ms,299348,228.333,0.199057
299396ms,299396,228.056,0.198946
299428ms,299428,227.908,0.198416
299460ms,299460,227.957,0.197859
299492ms,299492,227.735,0.197102
299524ms,299524,227.696,0.200372
299556ms,299556,227.679,0.199165
299588ms,299588,227.398,0.198721
299620ms,299620,227.346,0.197842
299652ms,299652,227.615,0.200212
299684ms,299684,228.407,0.201864
299716ms,299716,229.217,0.200546
299764ms,299764,229.784,0.200714
299796ms,299796,230.419,0.201449
299828ms,299828,230.430,0.202088
299860ms,299860,230.618,0.202453
299892ms,299892,230.655,0.202454
299924ms,299924,230.611,0.202412
299956ms,299956,230.623,0.202230
299988ms,299988,230.580,0.202683
300020ms,300020,230.621,0.202258
300052ms,300052,230.603,0.202479
300084ms,300084,230.647,0.202866
300116ms,300116,230.497,0.203053
300164ms,300164,230.236,0.200573
300196ms,300196,230.287,0.200614
300228ms,300228,229.871,0.203651
300260ms,300260,229.840,0.200139
300292ms,300292,229.322,0.202020
300324ms,300324,229.455,0.200680
300356ms,300356,229.531,0.200309
300388ms,300388,229.044,0.200074
300420ms,300420,228.944,0.198566
300452ms,300452,228.993,0.201216
300484ms,300484,228.822,0.199634
300532ms,300532,228.893,0.201520
300564ms,300564,229.005,0.199304
300596ms,300596,229.041,0.200086
300628ms,300628,228.827,0.199593
300660ms,300660,228.835,0.200187
300692ms,300692,228.666,0.201391
300724ms,300724,228.506,0.199351
300756ms,300756,228.409,0.198992
300788ms,300788,228.384,0.199036
300820ms,300820,228.236,0.198716
300852ms,300852,228.202,0.199035
300900ms,300900,227.871,0.198464
300932ms,300932,227.923,0.197479
300964ms,300964,227.688,0.197806
300996ms,300996,227.624,0.200728
301028ms,301028,227.682,0.199017
301060ms,301060,227.441,0.198772
301092ms,301092,227.327,0.198083
301124ms,301124,227.608,0.199694
301156ms,301156,228.256,0.202036
301188ms,301188,229.073,0.200173
301220ms,301220,229.620,0.200275
301300ms,301300,230.408,0.201600
301332ms,301332,230.652,0.202716
301364ms,301364,230.677,0.202762
301396ms,301396,230.545,0.202389
301428ms,301428,230.583,0.202160
301460ms,301460,230.635,0.202494
301492ms,301492,230.564,0.202044
301524ms,301524,230.644,0.201893
301588ms,301588,230.412,0.202884
301636ms,301636,230.264,0.201018
301668ms,301668,230.155,0.200414
301700ms,301700,229.872,0.203996
301732ms,301732,229.849,0.200052
301764ms,301764,229.341,0.202406
301796ms,301796,229.413,0.200663
301828ms,301828,229.455,0.199858
301860ms,301860,229.134,0.201829
301892ms,301892,228.924,0.200095
301924ms,301924,228.995,0.201243
301956ms,301956,228.843,0.199466
301988ms,301988,229.013,0.200939
302036ms,302036,228.970,0.200156
302068ms,302068,228.981,0.200458
302100ms,302100,228.718,0.199245
302132ms,302132,228.802,0.199578
302164ms,302164,228.726,0.200991
302196ms,302196,228.507,0.199185
302228ms,302228,228.466,0.199939
302260ms,302260,228.390,0.198902
302292ms,302292,228.311,0.199418
302324ms,302324,228.164,0.199573
302356ms,302356,227.960,0.198432
302404ms,302404,227.989,0.198097
302436ms,302436,227.688,0.197416
302468ms,302468,227.599,0.200409
302500ms,302500,227.652,0.198993
302532ms,302532,227.443,0.198543
302564ms,302564,227.401,0.198966
302596ms,302596,227.641,0.200959
302628ms,302628,228.227,0.201885
302660ms,302660,229.138,0.200196
302692ms,302692,229.567,0.200304
302724ms,302724,230.318,0.201356
302772ms,302772,230.285,0.201534
302804ms,302804,230.556,0.202517
302836ms,302836,230.653,0.202592
302932ms,302932,230.582,0.202219
302996ms,302996,230.583,0.202642
303028ms,303028,230.531,0.202377
303060ms,303060,230.507,0.202643
303092ms,303092,230.365,0.202643
303124ms,303124,230.307,0.199999
303172ms,303172,230.281,0.203833
303204ms,303204,229.863,0.200218
303236ms,303236,229.328,0.201343
303268ms,303268,229.472,0.200640
303300ms,303300,229.502,0.199330
303332ms,303332,229.386,0.201536
303364ms,303364,229.289,0.200180
303396ms,303396,229.029,0.200352
303428ms,303428,228.825,0.199512
303460ms,303460,228.981,0.200471
303492ms,303492,229.026,0.198970
303540ms,303540,229.136,0.199361
303572ms,303572,228.756,0.199317
303604ms,303604,228.873,0.200191
303636ms,303636,228.504,0.198592
303668ms,303668,228.528,0.199751
303700ms,303700,228.591,0.200135
303732ms,303732,228.336,0.199050
303764ms,303764,228.342,0.200235
303796ms,303796,227.911,0.198605
303828ms,303828,228.022,0.198759
303860ms,303860,227.988,0.198856
303908ms,303908,227.780,0.197140
303940ms,303940,227.609,0.200028
303972ms,303972,227.746,0.198879
304004ms,304004,227.471,0.198718
304036ms,304036,227.395,0.198027
304068ms,304068,227.507,0.200026
304100ms,304100,228.186,0.201464
304132ms,304132,229.024,0.200116
304164ms,304164,229.465,0.199920
304196ms,304196,230.296,0.201042
304228ms,304228,230.596,0.203139
304260ms,304260,230.696,0.201254
304308ms,304308,230.834,0.201819
304340ms,304340,230.814,0.202046
304372ms,304372,230.866,0.201832
304404ms,304404,230.756,0.201504
304436ms,304436,230.794,0.201644
304468ms,304468,230.785,0.202040
304500ms,304500,230.645,0.203145
304532ms,304532,230.549,0.202664
304564ms,304564,230.277,0.202147
304596ms,304596,230.348,0.200815
304628ms,304628,230.166,0.203853
304676ms,304676,229.825,0.200383
304708ms,304708,229.345,0.200364
304740ms,304740,229.394,0.200700
304772ms,304772,229.443,0.199292
304804ms,304804,229.304,0.202538
304836ms,304836,229.109,0.199822
304868ms,304868,228.932,0.200873
304900ms,304900,228.733,0.199768
304932ms,304932,228.957,0.201176
304964ms,304964,228.980,0.198570
305028ms,305028,228.828,0.199676
305076ms,305076,228.856,0.200071
305108ms,305108,228.575,0.199671
305172ms,305172,228.449,0.199725
305204ms,305204,228.323,0.198594
305236ms,305236,228.335,0.199917
305268ms,305268,228.039,0.197173
305300ms,305300,227.929,0.198105
305332ms,305332,227.911,0.198245
305364ms,305364,227.801,0.197618
305396ms,305396,227.534,0.199629
305444ms,305444,227.690,0.198786
305476ms,305476,227.452,0.198707
305508ms,305508,227.332,0.198380
305540ms,305540,227.516,0.198937
305572ms,305572,228.243,0.201970
305604ms,305604,229.067,0.199963
305636ms,305636,229.609,0.200472
305668ms,305668,230.269,0.200714
305700ms,305700,230.405,0.201738
305732ms,305732,230.537,0.202601
305764ms,305764,230.465,0.202288
305812ms,305812,230.427,0.202075
305844ms,305844,230.444,0.202518
305875ms,305875,230.436,0.202087
305907ms,305907,230.529,0.202571
305940ms,305940,230.426,0.202319
305972ms,305972,230.533,0.202397
306004ms,306004,230.373,0.202329
306036ms,306036,230.280,0.202791
306068ms,306068,230.296,0.200558
306100ms,306100,230.193,0.201495
306132ms,306132,229.748,0.201033
306179ms,306179,229.538,0.199524
306212ms,306212,229.604,0.202598
306244ms,306244,229.275,0.200589
306275ms,306275,229.164,0.200624
306308ms,306308,229.232,0.199779
306340ms,306340,228.958,0.199400
306371ms,306371,228.602,0.198813
306404ms,306404,228.863,0.200177
306436ms,306436,229.040,0.198915
306468ms,306468,229.123,0.199583
306500ms,306500,228.923,0.200128
306532ms,306532,228.507,0.198536
306579ms,306579,228.672,0.198848
306612ms,306612,228.707,0.200012
306644ms,306644,228.698,0.200204
306676ms,306676,228.188,0.199247
306708ms,306708,228.211,0.198113
306740ms,306740,228.028,0.198089
306771ms,306771,228.144,0.198895
306804ms,306804,227.692,0.197008
306835ms,306835,227.846,0.197382
306867ms,306867,227.541,0.197121
306947ms,306947,227.479,0.199183
306979ms,306979,227.368,0.198500
307011ms,307011,227.356,0.198634
307043ms,307043,228.004,0.202056
307076ms,307076,228.903,0.199814
307108ms,307108,229.451,0.199352
307139ms,307139,230.062,0.201325
307172ms,307172,230.460,0.201547
307204ms,307204,230.465,0.202048
307235ms,307235,230.560,0.202053
307268ms,307268,230.552,0.202454
307300ms,307300,230.467,0.202321
307347ms,307347,230.537,0.202343
307380ms,307380,230.583,0.202191
307412ms,307412,230.538,0.201790
307443ms,307443,230.578,0.202275
307476ms,307476,230.470,0.202054
307507ms,307507,230.302,0.203551
307539ms,307539,230.302,0.200502
307572ms,307572,230.197,0.201932
307603ms,307603,229.771,0.200971
307635ms,307635,229.461,0.198955
307811ms,307811,228.903,0.198487
307844ms,307844,228.623,0.198637
307875ms,307875,228.816,0.200309
307907ms,307907,228.998,0.200482
307940ms,307940,229.091,0.200115
307971ms,307971,228.996,0.199848
308003ms,308003,228.525,0.198512
308036ms,308036,228.644,0.199523
308083ms,308083,228.737,0.200973
308115ms,308115,228.422,0.200319
308179ms,308179,228.204,0.198459
308212ms,308212,228.069,0.198498
308275ms,308275,227.880,0.197492
308308ms,308308,227.853,0.197463
308339ms,308339,227.639,0.197687
308371ms,308371,227.689,0.199925
308404ms,308404,227.513,0.199179
308451ms,308451,227.439,0.198174
308483ms,308483,227.273,0.197420
308515ms,308515,227.774,0.201581
308547ms,308547,228.821,0.200117
308579ms,308579,229.390,0.199594
308611ms,308611,229.904,0.201727
308643ms,308643,230.374,0.201291
308675ms,308675,230.467,0.202292
308707ms,308707,230.522,0.202600
308739ms,308739,230.511,0.202423
308771ms,308771,230.581,0.202411
308803ms,308803,230.538,0.202441
308851ms,308851,230.600,0.202520
308883ms,308883,230.556,0.202521
308915ms,308915,230.563,0.202355
308947ms,308947,230.459,0.201848
308979ms,308979,230.346,0.202792
309043ms,309043,230.295,0.200565
309075ms,309075,229.834,0.201059
309107ms,309107,229.831,0.200697
309139ms,309139,229.536,0.202324
309171ms,309171,229.510,0.200914
309219ms,309219,229.243,0.199254
309251ms,309251,229.211,0.199572
309283ms,309283,228.897,0.198639
309315ms,309315,228.661,0.199578
309347ms,309347,228.822,0.199720
309379ms,309379,228.999,0.200168
309411ms,309411,229.054,0.199660
309443ms,309443,228.922,0.200155
309475ms,309475,228.618,0.198662
309507ms,309507,228.765,0.199626
309539ms,309539,228.738,0.200631
309571ms,309571,228.568,0.199540
309619ms,309619,228.290,0.198494
309651ms,309651,228.247,0.198576
309683ms,309683,228.109,0.198341
309715ms,309715,228.250,0.199116
309747ms,309747,227.842,0.198229
309779ms,309779,227.946,0.197847
309811ms,309811,227.675,0.197903
309843ms,309843,227.787,0.199387
309875ms,309875,227.595,0.198883
309907ms,309907,227.433,0.197867
309939ms,309939,227.276,0.197205
309987ms,309987,227.584,0.200692
310019ms,310019,228.721,0.200271
310051ms,310051,229.289,0.199158
310083ms,310083,229.774,0.200803
310115ms,310115,230.439,0.201682
310147ms,310147,230.564,0.202608
310179ms,310179,230.537,0.202461
310211ms,310211,230.576,0.202692
310243ms,310243,230.575,0.202399
310275ms,310275,230.680,0.202752
310307ms,310307,230.582,0.202165
310355ms,310355,230.530,0.202510
310387ms,310387,230.631,0.202339
310419ms,310419,230.514,0.202615
310451ms,310451,230.287,0.203759
310515ms,310515,230.181,0.202289
310547ms,310547,229.760,0.201291
310579ms,310579,229.743,0.200888
310611ms,310611,229.572,0.202057
310643ms,310643,229.521,0.201078
310675ms,310675,229.239,0.198922
310707ms,310707,229.225,0.199909
310755ms,310755,228.915,0.198153
310787ms,310787,228.711,0.200006
310819ms,310819,228.728,0.200257
310851ms,310851,229.090,0.199888
310883ms,310883,229.067,0.199019
310915ms,310915,229.001,0.199934
310947ms,310947,228.678,0.199325
310979ms,310979,228.861,0.199850
311011ms,311011,228.725,0.200443
311043ms,311043,228.328,0.199280
311075ms,311075,228.250,0.198884
311123ms,311123,228.255,0.198395
311155ms,311155,228.105,0.198259
311187ms,311187,228.245,0.199221
311219ms,311219,227.839,0.198438
311251ms,311251,227.948,0.197984
311283ms,311283,227.543,0.197295
311315ms,311315,227.618,0.199891
311347ms,311347,227.602,0.199146
311379ms,311379,227.459,0.198442
311411ms,311411,227.365,0.198736
311443ms,311443,227.679,0.201395
311491ms,311491,228.690,0.200912
311523ms,311523,229.292,0.200265
311555ms,311555,229.702,0.201998
311587ms,311587,230.394,0.201880
311619ms,311619,230.547,0.202424
311651ms,311651,230.675,0.201865
311683ms,311683,230.740,0.202071
311715ms,311715,230.702,0.201692
311747ms,311747,230.675,0.201299
311779ms,311779,230.663,0.201642
311811ms,311811,230.664,0.202082
311843ms,311843,230.685,0.202027
311891ms,311891,230.580,0.202262
311923ms,311923,230.507,0.202541
311955ms,311955,230.274,0.201840
311987ms,311987,230.313,0.199688
312019ms,312019,229.918,0.203934
312051ms,312051,229.857,0.200189
312083ms,312083,229.429,0.201509
312147ms,312147,229.476,0.199922
312179ms,312179,229.282,0.201974
312211ms,312211,229.115,0.199930
312259ms,312259,228.971,0.201190
312291ms,312291,228.788,0.199583
312323ms,312323,229.007,0.201195
312355ms,312355,229.069,0.197792
312387ms,312387,229.073,0.200147
312419ms,312419,228.785,0.199720
312451ms,312451,228.835,0.200208
312483ms,312483,228.590,0.201439
312515ms,312515,228.510,0.199208
312547ms,312547,228.429,0.199603
312579ms,312579,228.280,0.198653
312627ms,312627,228.267,0.199118
312659ms,312659,228.080,0.199959
312691ms,312691,227.889,0.198469
312723ms,312723,228.005,0.197585
312755ms,312755,227.721,0.197414
312787ms,312787,227.586,0.200537
312819ms,312819,227.726,0.199141
312851ms,312851,227.488,0.198733
312883ms,312883,227.334,0.199018
312915ms,312915,227.437,0.198516
312947ms,312947,228.111,0.200439
312979ms,312979,228.953,0.200225
313027ms,313027,229.625,0.200542
313059ms,313059,230.340,0.201332
313091ms,313091,230.361,0.202236
313123ms,313123,230.610,0.202472
313155ms,313155,230.681,0.202572
313187ms,313187,230.649,0.202692
313219ms,313219,230.646,0.202762
313251ms,313251,230.584,0.202942
313283ms,313283,230.624,0.202877
313315ms,313315,230.542,0.202420
313347ms,313347,230.673,0.202135
313395ms,313395,230.498,0.202717
313427ms,313427,230.396,0.202880
313459ms,313459,230.196,0.200400
313491ms,313491,230.063,0.203770
313523ms,313523,229.850,0.200405
313555ms,313555,229.366,0.200513
313587ms,313587,229.426,0.200438
313619ms,313619,229.423,0.200013
313651ms,313651,229.325,0.201519
313683ms,313683,229.238,0.200366
313715ms,313715,228.993,0.200663
313747ms,313747,228.738,0.199762
313795ms,313795,229.061,0.200810
313827ms,313827,228.984,0.199152
313859ms,313859,229.107,0.199421
313923ms,313923,228.820,0.200272
313955ms,313955,228.404,0.199874
313987ms,313987,228.570,0.199201
314019ms,314019,228.506,0.200277
314051ms,314051,228.329,0.198615
314083ms,314083,228.276,0.199872
314115ms,314115,227.779,0.198447
314163ms,314163,227.935,0.198784
314195ms,314195,228.010,0.198295
314227ms,314227,227.643,0.197081
314259ms,314259,227.514,0.198871
314291ms,314291,227.759,0.198953
314323ms,314323,227.454,0.198210
314355ms,314355,227.323,0.197943
314387ms,314387,227.343,0.198788
314419ms,314419,228.143,0.200456
314451ms,314451,229.032,0.199933
314483ms,314483,229.566,0.199582
314531ms,314531,230.243,0.200915
314563ms,314563,230.237,0.201512
314595ms,314595,230.555,0.202367
314627ms,314627,230.583,0.201784
314659ms,314659,230.523,0.201924
314691ms,314691,230.563,0.202518
314723ms,314723,230.539,0.202561
314755ms,314755,230.603,0.202496
314787ms,314787,230.491,0.202085
314819ms,314819,230.528,0.202749
314851ms,314851,230.372,0.202351
314883ms,314883,230.347,0.203345
314931ms,314931,230.264,0.200167
314963ms,314963,230.208,0.202860
315027ms,315027,229.342,0.199627
315059ms,315059,229.411,0.200377
315091ms,315091,229.342,0.199107
315123ms,315123,229.247,0.202169
315155ms,315155,229.142,0.199866
315187ms,315187,228.935,0.199788
315219ms,315219,228.718,0.199331
315251ms,315251,229.020,0.200733
315299ms,315299,229.031,0.197998
315395ms,315395,228.890,0.200367
315427ms,315427,228.576,0.198992
315459ms,315459,228.605,0.199749
315491ms,315491,228.621,0.200272
315523ms,315523,228.367,0.199609
315555ms,315555,228.333,0.201092
315587ms,315587,227.979,0.197744
315619ms,315619,228.048,0.198532
315667ms,315667,227.895,0.198996
315699ms,315699,227.772,0.197553
315731ms,315731,227.600,0.198274
315763ms,315763,227.795,0.199171
315795ms,315795,227.514,0.198272
315827ms,315827,227.275,0.197505
315859ms,315859,227.321,0.198662
315891ms,315891,228.074,0.200450
315923ms,315923,228.856,0.199751
315955ms,315955,229.460,0.198694
315987ms,315987,230.203,0.201036
316035ms,316035,230.514,0.201950
316067ms,316067,230.587,0.201804
316099ms,316099,230.646,0.201568
316131ms,316131,230.763,0.202124
316163ms,316163,230.716,0.202229
316195ms,316195,230.700,0.202488
316227ms,316227,230.693,0.202424
316259ms,316259,230.726,0.202137
316291ms,316291,230.672,0.202681
316323ms,316323,230.474,0.202789
316355ms,316355,230.333,0.203619
316387ms,316387,230.169,0.200042
316435ms,316435,230.121,0.202988
316467ms,316467,229.821,0.200435
316499ms,316499,229.377,0.199048
316531ms,316531,229.422,0.200524
316563ms,316563,229.292,0.199000
316595ms,316595,229.126,0.201186
316627ms,316627,229.239,0.200050
316659ms,316659,229.017,0.199745
316691ms,316691,228.705,0.199506
316723ms,316723,228.918,0.200314
316755ms,316755,228.905,0.198429
316803ms,316803,229.078,0.199937
316835ms,316835,228.941,0.200072
316867ms,316867,228.779,0.200029
316931ms,316931,228.590,0.199799
316963ms,316963,228.565,0.200417
316995ms,316995,228.358,0.199147
317027ms,317027,228.318,0.200797
317059ms,317059,228.021,0.198029
317091ms,317091,228.112,0.198776
317123ms,317123,227.851,0.198851
317155ms,317155,227.698,0.197693
317203ms,317203,227.557,0.198472
317235ms,317235,227.727,0.199150
317267ms,317267,227.514,0.198614
317299ms,317299,227.367,0.198527
317331ms,317331,227.365,0.197376
317363ms,317363,228.011,0.201704
317395ms,317395,228.823,0.199596
317427ms,317427,229.477,0.199047
317459ms,317459,230.161,0.201392
317491ms,317491,230.411,0.201507
317523ms,317523,230.501,0.202272
317571ms,317571,230.596,0.202458
317603ms,317603,230.645,0.202551
317635ms,317635,230.603,0.202092
317667ms,317667,230.679,0.202844
317699ms,317699,230.588,0.202127
317731ms,317731,230.664,0.202860
317763ms,317763,230.511,0.202334
317795ms,317795,230.533,0.202728
317827ms,317827,230.261,0.203925
317859ms,317859,230.301,0.200591
317891ms,317891,230.245,0.201937
317939ms,317939,229.802,0.201014
317971ms,317971,229.506,0.198305
318003ms,318003,229.426,0.202321
318035ms,318035,229.109,0.198808
318067ms,318067,229.102,0.201324
318099ms,318099,229.212,0.199366
318163ms,318163,228.698,0.199018
318195ms,318195,228.927,0.200998
318227ms,318227,228.956,0.200020
318259ms,318259,229.086,0.199955
318291ms,318291,228.878,0.200352
318339ms,318339,228.594,0.200323
318371ms,318371,228.498,0.199293
318403ms,318403,228.695,0.200247
318435ms,318435,228.657,0.200283
318467ms,318467,228.412,0.199496
318499ms,318499,228.064,0.200268
318531ms,318531,227.967,0.197886
318563ms,318563,228.155,0.198755
318595ms,318595,227.851,0.198990
318627ms,318627,227.779,0.197464
318659ms,318659,227.511,0.198287
318707ms,318707,227.759,0.199103
318739ms,318739,227.506,0.198762
318771ms,318771,227.434,0.198790
318803ms,318803,227.504,0.198621
318835ms,318835,228.008,0.200068
318867ms,318867,228.949,0.199569
318899ms,318899,229.422,0.199625
318931ms,318931,230.049,0.200971
318963ms,318963,230.319,0.201306
318995ms,318995,230.524,0.202371
319027ms,319027,230.623,0.201733
319075ms,319075,230.604,0.202259
319107ms,319107,230.618,0.201804
319139ms,319139,230.600,0.202211
319171ms,319171,230.584,0.202248
319203ms,319203,230.594,0.201893
319235ms,319235,230.549,0.201885
319267ms,319267,230.453,0.202124
319299ms,319299,230.280,0.203542
319331ms,319331,230.254,0.200126
319363ms,319363,230.145,0.201917
319395ms,319395,229.744,0.200886
319427ms,319427,229.428,0.199171
319475ms,319475,229.402,0.201940
319507ms,319507,229.295,0.199424
319539ms,319539,229.163,0.201747
319571ms,319571,229.176,0.199804
319603ms,319603,228.934,0.199878
319635ms,319635,228.724,0.199275
319667ms,319667,228.929,0.200263
319699ms,319699,228.989,0.200051
319731ms,319731,229.065,0.199976
319795ms,319795,228.746,0.199878
319843ms,319843,228.587,0.198558
319875ms,319875,228.628,0.199808
319907ms,319907,228.616,0.200438
319939ms,319939,228.459,0.199371
319971ms,319971,228.288,0.200187
320003ms,320003,228.032,0.197652
320035ms,320035,228.095,0.198722
320067ms,320067,227.765,0.198849
320099ms,320099,227.771,0.197698
320131ms,320131,227.552,0.198828
320163ms,320163,227.729,0.199191
320211ms,320211,227.479,0.198780
320243ms,320243,227.357,0.198020
320275ms,320275,227.329,0.197754
320307ms,320307,228.034,0.200584
320339ms,320339,228.867,0.199831
320371ms,320371,229.590,0.199701
320403ms,320403,230.261,0.201128
320435ms,320435,230.505,0.202496
320467ms,320467,230.693,0.201328
320499ms,320499,230.735,0.201471
320531ms,320531,230.776,0.201442
320563ms,320563,230.781,0.201400
320611ms,320611,230.772,0.201384
320643ms,320643,230.814,0.202042
320675ms,320675,230.713,0.202000
320707ms,320707,230.739,0.202351
320739ms,320739,230.464,0.202476
320771ms,320771,230.330,0.203623
320803ms,320803,230.302,0.200557
320835ms,320835,230.181,0.202120
320867ms,320867,229.821,0.200227
320899ms,320899,229.447,0.199372
320931ms,320931,229.292,0.200256
320979ms,320979,229.198,0.199478
321043ms,321043,229.190,0.199619
321075ms,321075,228.918,0.199254
321139ms,321139,228.888,0.200411
321171ms,321171,229.122,0.199495
321203ms,321203,229.104,0.199920
321235ms,321235,228.906,0.200304
321267ms,321267,228.488,0.199561
321299ms,321299,228.573,0.198758
321347ms,321347,228.715,0.200200
321379ms,321379,228.624,0.200511
321411ms,321411,228.365,0.199589
321443ms,321443,228.187,0.198056
321475ms,321475,227.994,0.197903
321507ms,321507,228.159,0.198569
321539ms,321539,227.769,0.197208
321571ms,321571,227.765,0.196908
321603ms,321603,227.447,0.198066
321635ms,321635,227.746,0.199077
321667ms,321667,227.477,0.198587
321699ms,321699,227.333,0.198150
321747ms,321747,227.369,0.198662
321779ms,321779,227.987,0.201793
321811ms,321811,228.971,0.199700
321843ms,321843,229.513,0.199881
321875ms,321875,230.084,0.201499
321907ms,321907,230.467,0.201356
321939ms,321939,230.543,0.202428
321971ms,321971,230.574,0.202466
322003ms,322003,230.630,0.202490
322035ms,322035,230.553,0.202301
322067ms,322067,230.582,0.202279
322115ms,322115,230.515,0.202160
322147ms,322147,230.543,0.202323
322179ms,322179,230.507,0.202087
322211ms,322211,230.520,0.202138
322243ms,322243,230.350,0.203979
322275ms,322275,230.252,0.200449
322307ms,322307,230.092,0.200809
322339ms,322339,229.820,0.200614
322371ms,322371,229.529,0.197955
322403ms,322403,229.625,0.202095
322435ms,322435,229.416,0.200495
322467ms,322467,229.270,0.200400
322515ms,322515,229.186,0.199269
322547ms,322547,228.968,0.199047
322579ms,322579,228.667,0.198753
322611ms,322611,228.912,0.200533
322643ms,322643,228.959,0.200488
322675ms,322675,229.110,0.199540
322707ms,322707,228.963,0.200264
322739ms,322739,228.499,0.198629
322771ms,322771,228.562,0.199098
322803ms,322803,228.680,0.200368
322835ms,322835,228.448,0.201579
322915ms,322915,228.158,0.198309
322947ms,322947,227.985,0.198152
322979ms,322979,228.249,0.199086
323011ms,323011,227.885,0.197168
323043ms,323043,227.921,0.197789
323075ms,323075,227.636,0.197708
323107ms,323107,227.744,0.199833
323139ms,323139,227.632,0.199119
323171ms,323171,227.413,0.198517
323203ms,323203,227.385,0.197986
323251ms,323251,227.733,0.201236
323283ms,323283,228.603,0.202311
323347ms,323347,229.847,0.201821
323379ms,323379,230.366,0.201001
323411ms,323411,230.549,0.202535
323443ms,323443,230.598,0.201517
323475ms,323475,230.572,0.201860
323507ms,323507,230.638,0.201467
323571ms,323571,230.612,0.202015
323619ms,323619,230.614,0.201438
323651ms,323651,230.579,0.202134
323683ms,323683,230.525,0.202367
323715ms,323715,230.368,0.203398
323747ms,323747,230.300,0.200540
323779ms,323779,230.188,0.200797
323811ms,323811,229.737,0.201142
323843ms,323843,229.842,0.200548
323875ms,323875,229.588,0.201810
323907ms,323907,229.480,0.201134
323939ms,323939,229.181,0.199502
323971ms,323971,229.212,0.199628
324019ms,324019,228.847,0.198745
324051ms,324051,228.775,0.201115
324115ms,324115,228.939,0.201060
324147ms,324147,229.097,0.200058
324179ms,324179,229.038,0.200303
324211ms,324211,228.585,0.198852
324243ms,324243,228.719,0.199718
324275ms,324275,228.736,0.200419
324339ms,324339,228.151,0.197848
324387ms,324387,228.247,0.198620
324419ms,324419,228.047,0.197820
324451ms,324451,228.227,0.198326
324483ms,324483,227.855,0.198226
324515ms,324515,227.895,0.197438
324547ms,324547,227.621,0.196982
324579ms,324579,227.713,0.199826
324611ms,324611,227.567,0.198602
324643ms,324643,227.513,0.198362
324675ms,324675,227.356,0.198247
324707ms,324707,227.709,0.200667
324755ms,324755,228.579,0.200695
324787ms,324787,229.399,0.200388
324819ms,324819,229.826,0.201767
324851ms,324851,230.408,0.201207
324883ms,324883,230.533,0.203238
324915ms,324915,230.558,0.202477
324947ms,324947,230.550,0.202036
324979ms,324979,230.559,0.202573
325011ms,325011,230.629,0.202327
325043ms,325043,230.587,0.202525
325075ms,325075,230.617,0.202280
325123ms,325123,230.661,0.202840
325155ms,325155,230.571,0.202339
325187ms,325187,230.296,0.203912
325219ms,325219,230.252,0.200509
325251ms,325251,230.276,0.200166
325315ms,325315,229.826,0.200792
325347ms,325347,229.504,0.201671
325379ms,325379,229.465,0.200867
325411ms,325411,229.112,0.199014
325443ms,325443,229.186,0.199823
325475ms,325475,228.889,0.198119
325523ms,325523,228.636,0.200917
325555ms,325555,228.777,0.200088
325587ms,325587,229.048,0.200170
325619ms,325619,229.110,0.199548
325651ms,325651,228.896,0.200425
325683ms,325683,228.574,0.198750
325715ms,325715,228.619,0.199329
325747ms,325747,228.721,0.200493
325779ms,325779,228.435,0.199433
325811ms,325811,228.191,0.198560
325843ms,325843,228.262,0.198499
325891ms,325891,228.105,0.198538
325923ms,325923,228.269,0.199117
325955ms,325955,227.927,0.198225
325987ms,325987,227.946,0.197779
326019ms,326019,227.558,0.197275
326051ms,326051,227.608,0.200120
326083ms,326083,227.595,0.199104
326115ms,326115,227.432,0.198964
326147ms,326147,227.362,0.198317
326179ms,326179,227.837,0.201032
326211ms,326211,228.546,0.202392
326259ms,326259,229.284,0.199888
326291ms,326291,229.917,0.202074
326323ms,326323,230.357,0.201386
326355ms,326355,230.419,0.202576
326387ms,326387,230.591,0.202286
326419ms,326419,230.605,0.202453
326451ms,326451,230.618,0.202415
326483ms,326483,230.609,0.202253
326515ms,326515,230.587,0.202328
326547ms,326547,230.580,0.202064
326579ms,326579,230.542,0.202533
326627ms,326627,230.516,0.202125
326659ms,326659,230.478,0.202957
326691ms,326691,230.274,0.201396
326755ms,326755,229.891,0.203275
326787ms,326787,230.003,0.201001
326851ms,326851,229.522,0.201201
326883ms,326883,229.340,0.199713
326915ms,326915,229.129,0.199407
326947ms,326947,228.851,0.197908
326979ms,326979,228.979,0.200818
327027ms,327027,228.779,0.200005
327059ms,327059,228.974,0.200556
327091ms,327091,229.050,0.199947
327123ms,327123,229.075,0.199296
327155ms,327155,228.717,0.199309
327187ms,327187,228.817,0.199671
327219ms,327219,228.770,0.201882
327251ms,327251,228.456,0.198820
327283ms,327283,228.418,0.199698
327315ms,327315,228.361,0.199101
327347ms,327347,228.334,0.199171
327395ms,327395,228.018,0.199911
327427ms,327427,227.863,0.198280
327459ms,327459,227.931,0.197838
327491ms,327491,227.813,0.197751
327523ms,327523,227.685,0.200213
327555ms,327555,227.695,0.199053
327587ms,327587,227.432,0.198150
327619ms,327619,227.323,0.198003
327651ms,327651,227.454,0.198871
327683ms,327683,228.166,0.201411
327715ms,327715,229.043,0.200038
327747ms,327747,229.550,0.200256
327795ms,327795,230.234,0.201085
327827ms,327827,230.448,0.202212
327859ms,327859,230.627,0.202427
327891ms,327891,230.584,0.202646
327923ms,327923,230.587,0.202806
327955ms,327955,230.584,0.202786
327987ms,327987,230.588,0.202006
328019ms,328019,230.606,0.202294
328051ms,328051,230.608,0.202496
328083ms,328083,230.478,0.201647
328115ms,328115,230.420,0.202512
328163ms,328163,230.287,0.201831
328195ms,328195,230.180,0.200176
328227ms,328227,230.073,0.202968
