timestamp_ms,elapsed_ms,pix_dist,m_dist
0ms,0,525.321,0.195312
32ms,32,526.125,0.195387
64ms,64,526.986,0.195861
96ms,96,528.017,0.196214
128ms,128,529.019,0.196582
192ms,192,530.869,0.197527
224ms,224,532.033,0.197889
256ms,256,533.000,0.198325
288ms,288,534.075,0.198796
336ms,336,535.253,0.199257
368ms,368,535.861,0.199701
400ms,400,535.807,0.199616
432ms,432,535.888,0.199705
464ms,464,535.910,0.199640
496ms,496,535.977,0.199595
528ms,528,536.021,0.199685
560ms,560,535.980,0.199666
592ms,592,535.947,0.199641
624ms,624,535.944,0.199687
656ms,656,535.950,0.199651
688ms,688,536.025,0.199648
736ms,736,535.978,0.199682
768ms,768,536.066,0.199768
799ms,799,534.980,0.199743
832ms,832,533.411,0.199101
864ms,864,531.700,0.198432
896ms,896,530.093,0.197820
928ms,928,528.489,0.197291
960ms,960,526.680,0.196651
992ms,992,525.509,0.196070
1024ms,1024,524.195,0.195649
1056ms,1056,523.810,0.195580
1088ms,1088,522.664,0.195328
1120ms,1120,522.067,0.194970
1168ms,1168,522.036,0.194854
1200ms,1200,522.082,0.194626
1232ms,1232,521.915,0.194728
1264ms,1264,522.038,0.194519
1296ms,1296,522.052,0.194508
1328ms,1328,522.462,0.194444
1360ms,1360,523.005,0.194607
1392ms,1392,523.410,0.194607
1424ms,1424,524.041,0.195063
1456ms,1456,524.835,0.195022
1488ms,1488,525.650,0.195275
1520ms,1520,526.410,0.195685
1568ms,1568,527.251,0.196061
1600ms,1600,528.192,0.196366
1632ms,1632,529.233,0.196701
1664ms,1664,530.264,0.197058
1696ms,1696,531.334,0.197538
1728ms,1728,532.267,0.197928
1760ms,1760,533.336,0.198540
1792ms,1792,534.588,0.199085
1824ms,1824,535.624,0.199350
1856ms,1856,535.990,0.199721
1920ms,1920,535.984,0.199656
1968ms,1968,535.930,0.199592
2000ms,2000,535.915,0.199609
2032ms,2032,535.955,0.199643
2064ms,2064,535.953,0.199651
2096ms,2096,535.898,0.199526
2128ms,2128,535.946,0.199623
2160ms,2160,535.938,0.199616
2192ms,2192,535.934,0.199713
2224ms,2224,535.956,0.199653
2256ms,2256,536.127,0.199810
2288ms,2288,534.783,0.199616
2320ms,2320,533.165,0.198995
2368ms,2368,531.514,0.198305
2400ms,2400,529.926,0.197698
2464ms,2464,526.550,0.196624
2496ms,2496,525.134,0.195978
2528ms,2528,524.181,0.195694
2560ms,2560,523.802,0.195621
2592ms,2592,522.480,0.195304
2624ms,2624,522.057,0.195342
2656ms,2656,522.166,0.194949
2688ms,2688,521.983,0.194645
2720ms,2720,522.071,0.194600
2768ms,2768,522.047,0.194551
2800ms,2800,521.947,0.194466
2832ms,2832,522.317,0.194502
2864ms,2864,522.863,0.194667
2896ms,2896,523.374,0.194695
2928ms,2928,524.013,0.195029
2960ms,2960,524.680,0.195150
2992ms,2992,525.509,0.195350
3024ms,3024,526.301,0.195638
3056ms,3056,527.196,0.196052
3088ms,3088,528.154,0.196237
3120ms,3120,529.206,0.196720
3168ms,3168,530.058,0.197014
3200ms,3200,531.136,0.197545
3232ms,3232,532.244,0.197959
3264ms,3264,533.396,0.198496
3296ms,3296,534.545,0.198945
3328ms,3328,535.447,0.199304
3360ms,3360,535.744,0.199778
3392ms,3392,535.994,0.199613
3424ms,3424,535.747,0.199582
3456ms,3456,535.897,0.199618
3488ms,3488,535.812,0.199650
3520ms,3520,535.845,0.199770
3568ms,3568,535.944,0.199638
3600ms,3600,535.832,0.199612
3632ms,3632,535.820,0.199643
3696ms,3696,535.835,0.199645
3760ms,3760,535.935,0.199798
3792ms,3792,534.423,0.199519
3824ms,3824,532.737,0.198917
3856ms,3856,531.167,0.198347
3888ms,3888,529.494,0.197644
3920ms,3920,527.762,0.197093
3968ms,3968,526.293,0.196470
4000ms,4000,524.983,0.196047
4032ms,4032,524.113,0.195550
4064ms,4064,523.838,0.195770
4096ms,4096,522.193,0.195274
4128ms,4128,521.931,0.195147
4160ms,4160,522.186,0.194882
4192ms,4192,521.964,0.194769
4224ms,4224,521.799,0.194629
4256ms,4256,522.020,0.194426
4288ms,4288,522.029,0.194546
4320ms,4320,522.504,0.194570
4368ms,4368,522.938,0.194591
4400ms,4400,523.656,0.194754
4464ms,4464,524.945,0.195229
4496ms,4496,525.598,0.195420
4528ms,4528,526.527,0.195722
4560ms,4560,527.319,0.196088
4592ms,4592,528.339,0.196381
4624ms,4624,529.284,0.196772
4656ms,4656,530.379,0.197151
4688ms,4688,531.367,0.197656
4720ms,4720,532.475,0.198084
4768ms,4768,533.583,0.198551
4800ms,4800,534.798,0.199059
4832ms,4832,535.717,0.199587
4864ms,4864,535.855,0.199808
4896ms,4896,535.930,0.199620
4928ms,4928,535.821,0.199558
4960ms,4960,535.836,0.199516
4992ms,4992,535.829,0.199563
5024ms,5024,535.834,0.199642
5056ms,5056,535.769,0.199697
5120ms,5120,535.808,0.199703
5168ms,5168,535.774,0.199601
5200ms,5200,535.862,0.199616
5232ms,5232,535.928,0.199612
5264ms,5264,535.790,0.199748
5296ms,5296,534.179,0.199316
5328ms,5328,532.480,0.198794
5360ms,5360,530.871,0.197987
5392ms,5392,529.196,0.197555
5424ms,5424,527.415,0.196976
5456ms,5456,525.831,0.196426
5488ms,5488,524.652,0.195978
5520ms,5520,523.870,0.195513
5568ms,5568,523.573,0.195810
5600ms,5600,521.907,0.195011
5632ms,5632,522.133,0.195058
5664ms,5664,522.075,0.194699
5696ms,5696,521.960,0.194664
5728ms,5728,521.964,0.194737
5760ms,5760,521.937,0.194466
5792ms,5792,522.201,0.194636
5824ms,5824,522.585,0.194697
5856ms,5856,523.147,0.194637
5888ms,5888,523.793,0.195001
5920ms,5920,524.490,0.195076
5968ms,5968,525.245,0.195310
6000ms,6000,526.086,0.195557
6032ms,6032,526.913,0.195826
6064ms,6064,527.733,0.196259
6096ms,6096,528.771,0.196554
6128ms,6128,529.786,0.196918
6160ms,6160,530.714,0.197384
6192ms,6192,531.899,0.197801
6224ms,6224,532.986,0.198412
6256ms,6256,534.098,0.198899
6288ms,6288,534.967,0.199275
6320ms,6320,535.592,0.199612
6352ms,6352,535.325,0.199556
6400ms,6400,535.605,0.199691
6432ms,6432,535.588,0.199644
6464ms,6464,535.679,0.199568
6496ms,6496,535.619,0.199547
6528ms,6528,535.669,0.199580
6560ms,6560,535.681,0.199593
6624ms,6624,535.660,0.199589
6656ms,6656,535.710,0.199529
6688ms,6688,535.709,0.199465
6720ms,6720,535.905,0.199626
6752ms,6752,535.053,0.199672
6800ms,6800,533.497,0.199044
6832ms,6832,531.843,0.198470
6864ms,6864,530.192,0.197829
6896ms,6896,528.382,0.197348
6928ms,6928,526.683,0.196604
6960ms,6960,525.276,0.196049
6992ms,6992,524.232,0.195794
7024ms,7024,523.878,0.195442
7056ms,7056,522.923,0.195583
7088ms,7088,521.968,0.195106
7120ms,7120,521.927,0.194938
7152ms,7152,522.016,0.194563
7199ms,7199,521.923,0.194628
7232ms,7232,521.866,0.194689
7264ms,7264,522.045,0.194448
7296ms,7296,522.358,0.194471
7328ms,7328,522.742,0.194646
7360ms,7360,523.406,0.194753
7392ms,7392,523.914,0.194975
7424ms,7424,524.607,0.195068
7456ms,7456,525.328,0.195329
7488ms,7488,526.254,0.195710
7520ms,7520,527.196,0.196006
7552ms,7552,528.117,0.196320
7600ms,7600,529.116,0.196703
7632ms,7632,530.090,0.197004
7664ms,7664,531.175,0.197557
7696ms,7696,532.287,0.197979
7760ms,7760,534.507,0.199112
7792ms,7792,535.450,0.199401
7824ms,7824,535.720,0.199682
7856ms,7856,535.775,0.199527
7888ms,7888,535.699,0.199565
7920ms,7920,535.774,0.199556
7952ms,7952,535.705,0.199552
8000ms,8000,535.730,0.199573
8032ms,8032,535.698,0.199568
8064ms,8064,535.678,0.199549
8096ms,8096,535.712,0.199623
8128ms,8128,535.724,0.199657
8160ms,8160,535.760,0.199547
8192ms,8192,535.835,0.199638
8224ms,8224,535.953,0.199719
8320ms,8320,531.543,0.198486
8352ms,8352,529.999,0.197680
8400ms,8400,528.239,0.197374
8432ms,8432,526.670,0.196626
8464ms,8464,525.295,0.196150
8496ms,8496,524.057,0.195710
8528ms,8528,523.764,0.195641
8560ms,8560,522.779,0.195268
8592ms,8592,522.050,0.195073
8624ms,8624,522.181,0.194818
8656ms,8656,522.061,0.194725
8688ms,8688,521.856,0.194671
8720ms,8720,522.021,0.194537
8752ms,8752,521.998,0.194630
8800ms,8800,522.269,0.194487
8832ms,8832,522.778,0.194530
8864ms,8864,523.365,0.194630
8896ms,8896,523.973,0.194896
8928ms,8928,524.679,0.195079
8960ms,8960,525.524,0.195242
8992ms,8992,526.422,0.195634
9024ms,9024,527.235,0.195913
9056ms,9056,528.200,0.196289
9088ms,9088,529.222,0.196585
9120ms,9120,530.108,0.197013
9152ms,9152,531.081,0.197542
9200ms,9200,532.061,0.197881
9232ms,9232,533.180,0.198427
9264ms,9264,534.467,0.199012
9296ms,9296,535.308,0.199256
9328ms,9328,535.721,0.199702
9360ms,9360,535.704,0.199429
9392ms,9392,535.707,0.199517
9424ms,9424,535.764,0.199597
9456ms,9456,535.759,0.199574
9488ms,9488,535.728,0.199670
9520ms,9520,535.778,0.199555
9600ms,9600,535.768,0.199593
9632ms,9632,535.750,0.199541
9664ms,9664,535.839,0.199506
9696ms,9696,535.840,0.199616
9760ms,9760,534.664,0.199477
9792ms,9792,533.053,0.199071
9824ms,9824,531.327,0.198256
9856ms,9856,529.774,0.197659
9888ms,9888,527.994,0.197027
9920ms,9920,526.441,0.196531
9952ms,9952,525.070,0.195887
10000ms,10000,524.194,0.195717
10032ms,10032,523.774,0.195521
10064ms,10064,522.459,0.195184
10096ms,10096,522.152,0.195101
10128ms,10128,522.167,0.194755
10160ms,10160,521.989,0.194672
10192ms,10192,521.874,0.194646
10224ms,10224,522.090,0.194536
10256ms,10256,522.014,0.194550
10288ms,10288,522.463,0.194456
10320ms,10320,522.853,0.194578
10352ms,10352,523.343,0.194813
10432ms,10432,524.812,0.195090
10464ms,10464,525.586,0.195329
10496ms,10496,526.377,0.195613
10527ms,10527,527.403,0.195909
10560ms,10560,528.351,0.196377
10592ms,10592,529.297,0.196650
10624ms,10624,530.271,0.197107
10656ms,10656,531.452,0.197581
10688ms,10688,532.309,0.198019
10720ms,10720,533.588,0.198449
10752ms,10752,534.812,0.199175
10800ms,10800,535.629,0.199480
10832ms,10832,535.883,0.199712
10864ms,10864,535.723,0.199536
10896ms,10896,535.642,0.199609
10928ms,10928,535.731,0.199570
10960ms,10960,535.737,0.199605
10992ms,10992,535.669,0.199528
11024ms,11024,535.742,0.199536
11087ms,11087,535.724,0.199609
11120ms,11120,535.838,0.199602
11152ms,11152,535.882,0.199632
11200ms,11200,535.850,0.199691
11231ms,11231,535.983,0.199700
11264ms,11264,534.700,0.199521
11296ms,11296,533.016,0.198933
11327ms,11327,531.336,0.198205
11359ms,11359,529.921,0.197577
11392ms,11392,528.167,0.197009
11424ms,11424,526.641,0.196627
11456ms,11456,525.162,0.196175
11488ms,11488,524.163,0.195683
11552ms,11552,522.392,0.195409
11584ms,11584,521.989,0.195220
11632ms,11632,522.222,0.194892
11664ms,11664,521.973,0.194568
11696ms,11696,521.958,0.194615
11727ms,11727,521.959,0.194590
11760ms,11760,522.129,0.194595
11792ms,11792,522.485,0.194515
11824ms,11824,522.908,0.194529
11856ms,11856,523.489,0.194796
11888ms,11888,524.097,0.194964
11920ms,11920,524.788,0.195150
11952ms,11952,525.667,0.195373
11984ms,11984,526.493,0.195732
12032ms,12032,527.464,0.196142
12064ms,12064,528.385,0.196396
12096ms,12096,529.461,0.196767
12128ms,12128,530.435,0.197192
12160ms,12160,531.335,0.197594
12192ms,12192,532.495,0.198077
12224ms,12224,533.532,0.198601
12256ms,12256,534.806,0.199094
12288ms,12288,535.762,0.199533
12320ms,12320,535.836,0.199804
12352ms,12352,535.824,0.199568
12384ms,12384,535.748,0.199549
12431ms,12431,535.794,0.199601
12463ms,12463,535.793,0.199588
12495ms,12495,535.764,0.199574
12527ms,12527,535.794,0.199574
12559ms,12559,535.790,0.199505
12592ms,12592,535.766,0.199524
12624ms,12624,535.742,0.199580
12656ms,12656,535.790,0.199512
12688ms,12688,535.926,0.199588
12720ms,12720,535.793,0.199728
12752ms,12752,534.211,0.199355
12784ms,12784,532.441,0.198711
12832ms,12832,530.880,0.198180
12864ms,12864,529.400,0.197644
12928ms,12928,526.077,0.196478
12960ms,12960,524.806,0.195792
12992ms,12992,524.031,0.195611
13024ms,13024,523.594,0.195697
13056ms,13056,522.025,0.194899
13088ms,13088,521.870,0.195210
13231ms,13231,521.988,0.194578
13264ms,13264,522.166,0.194572
13296ms,13296,522.555,0.194363
13328ms,13328,523.109,0.194660
13360ms,13360,523.806,0.194793
13392ms,13392,524.366,0.194929
13424ms,13424,525.258,0.195110
13456ms,13456,526.046,0.195481
13488ms,13488,526.871,0.195826
13520ms,13520,527.798,0.196206
13552ms,13552,528.800,0.196592
13584ms,13584,529.719,0.196933
13632ms,13632,530.803,0.197446
13664ms,13664,531.884,0.197717
13696ms,13696,532.916,0.198339
13728ms,13728,534.159,0.198865
13760ms,13760,535.226,0.199244
13792ms,13792,535.994,0.199862
13824ms,13824,535.585,0.199722
13856ms,13856,535.882,0.199624
13888ms,13888,535.840,0.199590
13920ms,13920,535.757,0.199682
13952ms,13952,535.795,0.199702
13984ms,13984,535.771,0.199643
14031ms,14031,535.844,0.199559
14064ms,14064,535.815,0.199555
14096ms,14096,535.799,0.199639
14128ms,14128,535.902,0.199561
14160ms,14160,535.889,0.199614
14192ms,14192,536.049,0.199658
14224ms,14224,535.361,0.199611
14256ms,14256,533.627,0.199157
14288ms,14288,531.978,0.198647
14320ms,14320,530.480,0.197870
14352ms,14352,528.607,0.197357
14384ms,14384,526.835,0.196825
14432ms,14432,525.549,0.196077
14464ms,14464,524.466,0.195722
14496ms,14496,523.681,0.195661
14527ms,14527,522.986,0.195500
14559ms,14559,521.908,0.194973
14592ms,14592,521.883,0.194899
14624ms,14624,521.963,0.194602
14656ms,14656,521.897,0.194558
14720ms,14720,522.008,0.194490
14752ms,14752,522.307,0.194503
14784ms,14784,522.631,0.194481
14832ms,14832,523.187,0.194767
14864ms,14864,523.840,0.194909
14895ms,14895,524.553,0.195150
14927ms,14927,525.417,0.195361
14992ms,14992,527.141,0.196017
15024ms,15024,528.087,0.196312
15056ms,15056,529.188,0.196576
15088ms,15088,530.036,0.196934
15120ms,15120,531.024,0.197500
15152ms,15152,532.004,0.197884
15232ms,15232,534.522,0.198969
15264ms,15264,535.419,0.199404
15296ms,15296,535.830,0.199770
15328ms,15328,535.505,0.199570
15360ms,15360,535.703,0.199565
15392ms,15392,535.726,0.199562
15424ms,15424,535.744,0.199571
15456ms,15456,535.840,0.199582
15488ms,15488,535.681,0.199589
15520ms,15520,535.723,0.199531
15552ms,15552,535.821,0.199587
15584ms,15584,535.728,0.199645
15631ms,15631,535.773,0.199515
15664ms,15664,535.799,0.199645
15696ms,15696,535.942,0.199639
15727ms,15727,534.861,0.199627
15759ms,15759,533.257,0.199071
15791ms,15791,531.776,0.198411
15824ms,15824,530.132,0.197595
15856ms,15856,528.501,0.197368
15888ms,15888,526.791,0.196491
15920ms,15920,525.396,0.196106
15952ms,15952,524.126,0.195699
15984ms,15984,523.793,0.195610
16032ms,16032,522.918,0.195382
16063ms,16063,522.032,0.194922
16095ms,16095,522.154,0.195033
16128ms,16128,522.166,0.194705
16160ms,16160,521.913,0.194489
16192ms,16192,521.804,0.194479
16224ms,16224,521.996,0.194537
16256ms,16256,522.409,0.194459
16288ms,16288,522.704,0.194627
16320ms,16320,523.501,0.194679
16352ms,16352,523.925,0.194890
16416ms,16416,525.458,0.195448
16464ms,16464,526.327,0.195672
16495ms,16495,527.289,0.196038
16527ms,16527,528.249,0.196286
16560ms,16560,529.070,0.196618
16592ms,16592,530.080,0.197038
16624ms,16624,531.113,0.197587
16656ms,16656,532.147,0.197901
16688ms,16688,533.292,0.198367
16720ms,16720,534.401,0.198914
16752ms,16752,535.290,0.199326
16784ms,16784,535.673,0.199687
16864ms,16864,535.552,0.199608
16896ms,16896,535.569,0.199554
16928ms,16928,535.574,0.199511
16960ms,16960,535.649,0.199625
16992ms,16992,535.568,0.199514
17024ms,17024,535.584,0.199583
17056ms,17056,535.555,0.199597
17088ms,17088,535.543,0.199412
17120ms,17120,535.577,0.199464
17152ms,17152,535.699,0.199514
17184ms,17184,535.922,0.199698
17216ms,17216,534.674,0.199554
17264ms,17264,533.075,0.198958
17296ms,17296,531.349,0.198254
17328ms,17328,529.906,0.197691
17360ms,17360,528.086,0.197001
17392ms,17392,526.458,0.196538
17424ms,17424,525.168,0.195895
17456ms,17456,524.184,0.195528
17488ms,17488,523.749,0.195496
17520ms,17520,522.430,0.195222
17552ms,17552,521.923,0.195198
17584ms,17584,522.338,0.194887
17616ms,17616,521.901,0.194575
17664ms,17664,522.029,0.194659
17696ms,17696,521.935,0.194589
17727ms,17727,522.020,0.194466
17759ms,17759,522.494,0.194477
17792ms,17792,522.905,0.194663
17824ms,17824,523.644,0.194712
17856ms,17856,524.078,0.195061
17888ms,17888,524.992,0.195151
17920ms,17920,525.704,0.195482
17952ms,17952,526.585,0.195696
17984ms,17984,527.543,0.196125
18016ms,18016,528.604,0.196329
18064ms,18064,529.426,0.196865
18096ms,18096,530.469,0.197220
18128ms,18128,531.491,0.197847
18159ms,18159,532.545,0.198158
18192ms,18192,533.747,0.198554
18255ms,18255,535.812,0.199591
18288ms,18288,535.776,0.199734
18320ms,18320,535.831,0.199542
18352ms,18352,535.735,0.199538
18384ms,18384,535.727,0.199551
18416ms,18416,535.785,0.199446
18463ms,18463,535.782,0.199521
18495ms,18495,535.751,0.199514
18527ms,18527,535.769,0.199581
18560ms,18560,535.793,0.199504
18592ms,18592,535.795,0.199545
18624ms,18624,535.775,0.199520
18656ms,18656,535.966,0.199570
18688ms,18688,535.901,0.199761
18720ms,18720,534.323,0.199459
18752ms,18752,532.728,0.198800
18784ms,18784,531.234,0.198048
18864ms,18864,527.641,0.197158
18896ms,18896,526.194,0.196318
18927ms,18927,524.816,0.195900
18960ms,18960,524.037,0.195651
18992ms,18992,523.693,0.195759
19024ms,19024,521.833,0.194865
19056ms,19056,522.007,0.195071
19120ms,19120,522.101,0.194753
19152ms,19152,521.843,0.194667
19184ms,19184,521.990,0.194649
19216ms,19216,522.007,0.194418
19264ms,19264,522.584,0.194535
19296ms,19296,523.114,0.194769
19328ms,19328,523.709,0.194814
19359ms,19359,524.308,0.195153
19391ms,19391,525.199,0.195232
19424ms,19424,525.942,0.195428
19456ms,19456,526.881,0.195770
19488ms,19488,527.768,0.196344
19520ms,19520,528.824,0.196600
19552ms,19552,529.738,0.196990
19583ms,19583,530.725,0.197378
19616ms,19616,531.743,0.197646
19663ms,19663,532.844,0.198336
19696ms,19696,534.163,0.198699
19728ms,19728,535.183,0.199182
19760ms,19760,535.767,0.199772
19824ms,19824,535.826,0.199434
19856ms,19856,535.835,0.199709
19888ms,19888,535.861,0.199624
19920ms,19920,535.835,0.199395
19952ms,19952,535.709,0.199572
19984ms,19984,535.784,0.199618
20016ms,20016,535.847,0.199506
20063ms,20063,535.759,0.199518
20096ms,20096,535.789,0.199592
20128ms,20128,535.965,0.199643
20159ms,20159,535.997,0.199503
20192ms,20192,535.276,0.199820
20223ms,20223,533.702,0.199090
20256ms,20256,531.976,0.198375
20288ms,20288,530.446,0.198006
20320ms,20320,528.681,0.197465
20352ms,20352,526.940,0.196543
20384ms,20384,525.395,0.196157
20416ms,20416,524.361,0.195701
20463ms,20463,523.865,0.195464
20495ms,20495,522.746,0.195542
20527ms,20527,522.014,0.195213
20559ms,20559,522.073,0.194898
20591ms,20591,522.195,0.194656
20624ms,20624,521.907,0.194444
20656ms,20656,522.037,0.194580
20688ms,20688,521.922,0.194314
20720ms,20720,522.312,0.194524
20752ms,20752,522.773,0.194611
20784ms,20784,523.409,0.194640
20816ms,20816,523.743,0.194922
20863ms,20863,524.589,0.195202
20895ms,20895,525.487,0.195331
20928ms,20928,526.397,0.195523
20960ms,20960,527.258,0.195898
20991ms,20991,528.147,0.196260
21023ms,21023,529.072,0.196607
21056ms,21056,530.036,0.197068
21088ms,21088,531.045,0.197540
21120ms,21120,532.139,0.197831
21152ms,21152,533.301,0.198506
21184ms,21184,534.450,0.199025
21216ms,21216,535.275,0.199258
21248ms,21248,535.732,0.199614
21295ms,21295,535.656,0.199608
21327ms,21327,535.684,0.199548
21359ms,21359,535.614,0.199484
21391ms,21391,535.656,0.199518
21423ms,21423,535.765,0.199540
21456ms,21456,535.641,0.199473
21488ms,21488,535.618,0.199490
21520ms,21520,535.691,0.199544
21552ms,21552,535.711,0.199393
21584ms,21584,535.717,0.199592
21616ms,21616,535.819,0.199659
21648ms,21648,535.917,0.199690
21695ms,21695,534.623,0.199592
21727ms,21727,533.050,0.199117
21759ms,21759,531.423,0.198280
21792ms,21792,529.815,0.197651
21824ms,21824,528.142,0.197223
21856ms,21856,526.547,0.196547
21919ms,21919,524.029,0.195563
21984ms,21984,522.325,0.195188
22016ms,22016,521.841,0.195197
22048ms,22048,521.992,0.194770
22096ms,22096,521.856,0.194579
22128ms,22128,521.942,0.194606
22159ms,22159,521.847,0.194582
22191ms,22191,522.128,0.194497
22224ms,22224,522.328,0.194571
22256ms,22256,522.858,0.194854
22288ms,22288,523.458,0.194771
22320ms,22320,524.044,0.194918
22352ms,22352,524.931,0.194994
22384ms,22384,525.663,0.195258
22416ms,22416,526.495,0.195624
22448ms,22448,527.371,0.196065
22496ms,22496,528.454,0.196329
22528ms,22528,529.465,0.196705
22560ms,22560,530.282,0.197121
22592ms,22592,531.289,0.197754
22624ms,22624,532.388,0.198065
22656ms,22656,533.545,0.198462
22688ms,22688,534.703,0.199084
22720ms,22720,535.600,0.199493
22752ms,22752,535.639,0.199705
22784ms,22784,535.644,0.199499
22816ms,22816,535.719,0.199473
22848ms,22848,535.655,0.199516
22896ms,22896,535.652,0.199543
22928ms,22928,535.677,0.199513
22960ms,22960,535.776,0.199566
22992ms,22992,535.703,0.199564
23024ms,23024,535.628,0.199576
23056ms,23056,535.727,0.199638
23088ms,23088,535.622,0.199490
23120ms,23120,535.710,0.199736
23152ms,23152,535.859,0.199796
23184ms,23184,534.433,0.199399
23216ms,23216,532.794,0.198858
23248ms,23248,531.094,0.198235
23296ms,23296,529.531,0.197579
23328ms,23328,527.600,0.197022
23391ms,23391,524.774,0.195852
23424ms,23424,523.963,0.195439
23456ms,23456,523.755,0.195733
23520ms,23520,521.909,0.195195
23552ms,23552,521.843,0.194633
23584ms,23584,521.840,0.194443
23616ms,23616,521.996,0.194690
23648ms,23648,521.817,0.194546
23696ms,23696,522.104,0.194579
23727ms,23727,522.623,0.194568
23760ms,23760,523.127,0.194722
23792ms,23792,523.629,0.194770
23824ms,23824,524.245,0.194869
23856ms,23856,525.042,0.195236
23888ms,23888,525.858,0.195398
23920ms,23920,526.845,0.195793
23952ms,23952,527.787,0.196084
23984ms,23984,528.814,0.196536
24016ms,24016,529.658,0.196919
24048ms,24048,530.676,0.197276
24095ms,24095,531.729,0.197818
24128ms,24128,532.716,0.198167
24160ms,24160,533.958,0.198716
24192ms,24192,534.985,0.199228
24223ms,24223,535.750,0.199639
24256ms,24256,535.331,0.199715
24287ms,24287,535.683,0.199575
24320ms,24320,535.758,0.199519
24352ms,24352,535.652,0.199575
24384ms,24384,535.742,0.199549
24416ms,24416,535.770,0.199488
24448ms,24448,535.706,0.199588
24495ms,24495,535.735,0.199543
24528ms,24528,535.731,0.199508
24560ms,24560,535.696,0.199541
24592ms,24592,535.784,0.199712
24624ms,24624,535.987,0.199655
24656ms,24656,535.180,0.199693
24687ms,24687,533.559,0.199146
24720ms,24720,531.730,0.198506
24752ms,24752,530.234,0.197874
24816ms,24816,526.753,0.196629
24848ms,24848,525.298,0.196113
24896ms,24896,524.203,0.195701
24928ms,24928,523.730,0.195605
24960ms,24960,522.555,0.195340
24992ms,24992,522.100,0.195169
25024ms,25024,522.161,0.194890
25056ms,25056,522.091,0.194819
25088ms,25088,521.971,0.194601
25120ms,25120,521.748,0.194479
25152ms,25152,522.016,0.194500
25184ms,25184,522.327,0.194616
25216ms,25216,522.680,0.194604
25248ms,25248,523.403,0.194686
25296ms,25296,523.945,0.195034
25328ms,25328,524.797,0.195199
25360ms,25360,525.426,0.195314
25391ms,25391,526.299,0.195561
25423ms,25423,527.174,0.195980
25456ms,25456,528.173,0.196290
25488ms,25488,529.223,0.196860
25520ms,25520,530.108,0.197153
25552ms,25552,531.205,0.197604
25584ms,25584,532.159,0.198029
25616ms,25616,533.236,0.198452
25648ms,25648,534.446,0.198906
25680ms,25680,535.281,0.199397
25727ms,25727,535.701,0.199706
25760ms,25760,535.618,0.199491
25791ms,25791,535.542,0.199518
25824ms,25824,535.662,0.199518
25856ms,25856,535.669,0.199510
25888ms,25888,535.650,0.199448
25920ms,25920,535.584,0.199504
25952ms,25952,535.615,0.199544
25984ms,25984,535.589,0.199538
26016ms,26016,535.610,0.199513
26048ms,26048,535.563,0.199431
26080ms,26080,535.665,0.199564
26128ms,26128,535.831,0.199569
26160ms,26160,534.683,0.199678
26191ms,26191,533.184,0.198985
26224ms,26224,531.453,0.198325
26255ms,26255,529.932,0.197861
26288ms,26288,528.266,0.197256
26320ms,26320,526.456,0.196522
26351ms,26351,525.247,0.195929
26384ms,26384,523.987,0.195689
26416ms,26416,523.817,0.195659
26448ms,26448,522.364,0.195291
26527ms,26527,521.965,0.194887
26559ms,26559,522.012,0.194635
26591ms,26591,521.935,0.194692
26624ms,26624,521.838,0.194674
26656ms,26656,522.131,0.194422
26688ms,26688,522.469,0.194562
26720ms,26720,522.892,0.194685
26816ms,26816,524.729,0.195186
26848ms,26848,525.679,0.195420
26880ms,26880,526.423,0.195692
26927ms,26927,527.299,0.195922
26959ms,26959,528.365,0.196315
26992ms,26992,529.342,0.196708
27023ms,27023,530.295,0.197196
27056ms,27056,531.349,0.197690
27088ms,27088,532.434,0.198091
27120ms,27120,533.623,0.198605
27152ms,27152,534.682,0.199040
27184ms,27184,535.647,0.199429
27216ms,27216,535.726,0.199738
27248ms,27248,535.855,0.199604
27327ms,27327,535.708,0.199507
27359ms,27359,535.746,0.199498
27391ms,27391,535.713,0.199571
27424ms,27424,535.740,0.199504
27456ms,27456,535.696,0.199638
27488ms,27488,535.682,0.199679
27520ms,27520,535.759,0.199672
27552ms,27552,535.758,0.199523
27584ms,27584,535.804,0.199614
27616ms,27616,535.813,0.199729
27648ms,27648,534.237,0.199383
27680ms,27680,532.521,0.198803
27728ms,27728,530.954,0.198028
27792ms,27792,527.505,0.196923
27824ms,27824,526.092,0.196324
27856ms,27856,524.571,0.195926
27888ms,27888,523.894,0.195564
27920ms,27920,523.662,0.195793
27952ms,27952,522.069,0.195117
27984ms,27984,522.041,0.195164
28016ms,28016,522.036,0.194781
28048ms,28048,521.801,0.194502
28080ms,28080,521.923,0.194717
28128ms,28128,521.884,0.194689
28159ms,28159,522.210,0.194564
28192ms,28192,522.588,0.194652
28224ms,28224,523.117,0.194692
28256ms,28256,523.704,0.194840
28287ms,28287,524.328,0.194980
28320ms,28320,525.162,0.195317
28352ms,28352,525.961,0.195541
28384ms,28384,526.900,0.195822
28416ms,28416,527.740,0.196074
28448ms,28448,528.738,0.196553
28480ms,28480,529.779,0.196919
28527ms,28527,530.682,0.197365
28559ms,28559,531.741,0.197833
28591ms,28591,532.807,0.198281
28624ms,28624,534.038,0.198816
28656ms,28656,535.075,0.199253
28688ms,28688,535.920,0.199645
28720ms,28720,535.531,0.199658
28752ms,28752,535.884,0.199621
28784ms,28784,535.921,0.199533
28816ms,28816,535.946,0.199544
28848ms,28848,535.903,0.199574
28880ms,28880,535.787,0.199635
28928ms,28928,535.892,0.199526
28960ms,28960,535.887,0.199590
28992ms,28992,535.862,0.199666
29024ms,29024,535.864,0.199557
29056ms,29056,535.845,0.199660
29088ms,29088,535.925,0.199613
29120ms,29120,535.685,0.199745
29152ms,29152,533.998,0.199359
29184ms,29184,532.200,0.198694
29216ms,29216,530.794,0.197935
29248ms,29248,529.086,0.197483
29328ms,29328,526.057,0.196377
29360ms,29360,524.619,0.195909
29392ms,29392,523.971,0.195515
29423ms,29423,523.612,0.195825
29456ms,29456,521.978,0.195095
29487ms,29487,522.173,0.195169
29520ms,29520,522.230,0.194752
29552ms,29552,522.036,0.194624
29615ms,29615,521.923,0.194625
29648ms,29648,522.225,0.194487
29680ms,29680,522.508,0.194563
29727ms,29727,523.191,0.194737
29760ms,29760,523.640,0.194812
29792ms,29792,524.377,0.195015
29823ms,29823,525.195,0.195361
29856ms,29856,525.933,0.195491
29888ms,29888,526.878,0.195827
29920ms,29920,527.880,0.196141
29952ms,29952,528.843,0.196522
29984ms,29984,529.823,0.197040
30016ms,30016,530.849,0.197586
30048ms,30048,531.990,0.197789
30080ms,30080,532.975,0.198304
30127ms,30127,534.111,0.198868
30160ms,30160,535.298,0.199275
30192ms,30192,535.875,0.199829
30224ms,30224,535.560,0.199617
30256ms,30256,535.808,0.199594
30287ms,30287,535.800,0.199528
30320ms,30320,535.818,0.199599
30352ms,30352,535.847,0.199586
30384ms,30384,535.702,0.199616
30416ms,30416,535.777,0.199512
30448ms,30448,535.843,0.199676
30480ms,30480,535.778,0.199543
30528ms,30528,535.881,0.199567
30560ms,30560,535.890,0.199645
30592ms,30592,536.076,0.199601
30624ms,30624,535.147,0.199609
30656ms,30656,533.530,0.199196
30688ms,30688,531.790,0.198655
30720ms,30720,530.227,0.197776
30752ms,30752,528.464,0.197233
30784ms,30784,526.786,0.196611
30816ms,30816,525.347,0.196103
30848ms,30848,524.173,0.195678
30880ms,30880,523.820,0.195714
30912ms,30912,522.556,0.195473
30959ms,30959,521.989,0.195068
30992ms,30992,522.000,0.194879
31024ms,31024,522.098,0.194604
31055ms,31055,521.912,0.194586
31119ms,31119,522.035,0.194543
31152ms,31152,522.380,0.194646
31184ms,31184,522.701,0.194883
31216ms,31216,523.330,0.194598
31248ms,31248,523.998,0.194811
31280ms,31280,524.779,0.195318
31312ms,31312,525.596,0.195405
31360ms,31360,526.408,0.195661
31423ms,31423,528.483,0.196340
31456ms,31456,529.363,0.196652
31488ms,31488,530.261,0.197144
31520ms,31520,531.480,0.197730
31552ms,31552,532.405,0.197932
31584ms,31584,533.526,0.198523
31616ms,31616,534.785,0.199202
31648ms,31648,535.682,0.199471
31680ms,31680,535.669,0.199619
31712ms,31712,535.823,0.199682
31759ms,31759,535.789,0.199560
31791ms,31791,535.726,0.199446
31823ms,31823,535.703,0.199664
31856ms,31856,535.781,0.199665
31888ms,31888,535.710,0.199384
31920ms,31920,535.707,0.199677
31952ms,31952,535.652,0.199669
31984ms,31984,535.672,0.199363
32016ms,32016,535.633,0.199462
32048ms,32048,535.866,0.199748
32080ms,32080,535.872,0.199613
32112ms,32112,534.264,0.199385
32160ms,32160,532.612,0.199126
32192ms,32192,531.082,0.198269
32224ms,32224,529.438,0.197389
32256ms,32256,527.670,0.197141
32288ms,32288,526.194,0.196620
32320ms,32320,524.809,0.195629
32352ms,32352,523.860,0.195813
32384ms,32384,523.639,0.196318
32416ms,32416,522.055,0.194996
32448ms,32448,522.044,0.195143
32480ms,32480,522.208,0.195118
32512ms,32512,521.891,0.194503
32560ms,32560,521.949,0.194510
32656ms,32656,522.417,0.194598
32687ms,32687,523.021,0.194734
32720ms,32720,523.675,0.194952
32752ms,32752,524.324,0.194878
32784ms,32784,525.010,0.195174
32816ms,32816,525.995,0.195545
32848ms,32848,526.827,0.195761
32880ms,32880,527.650,0.196195
32912ms,32912,528.731,0.196573
32960ms,32960,529.604,0.196953
32992ms,32992,530.614,0.197235
33024ms,33024,531.623,0.197867
33056ms,33056,532.820,0.198234
33087ms,33087,533.913,0.198606
33120ms,33120,535.007,0.199174
33152ms,33152,535.829,0.199654
33184ms,33184,535.545,0.199619
33216ms,33216,535.703,0.199566
33248ms,33248,535.769,0.199588
33280ms,33280,535.711,0.199406
33312ms,33312,535.704,0.199482
33359ms,33359,535.657,0.199683
33392ms,33392,535.704,0.199556
33424ms,33424,535.722,0.199415
33455ms,33455,535.677,0.199636
33488ms,33488,535.678,0.199608
33520ms,33520,535.706,0.199537
33552ms,33552,535.763,0.199549
33584ms,33584,535.594,0.199877
33616ms,33616,534.155,0.199287
33648ms,33648,532.376,0.198524
33680ms,33680,530.742,0.198125
33712ms,33712,529.151,0.197677
33759ms,33759,527.294,0.196581
33792ms,33792,525.840,0.196460
33824ms,33824,524.560,0.196306
33887ms,33887,523.201,0.195555
33920ms,33920,522.166,0.195400
33952ms,33952,522.173,0.194829
33984ms,33984,522.029,0.194721
34016ms,34016,522.001,0.194803
34048ms,34048,521.897,0.194727
34112ms,34112,522.258,0.194556
34160ms,34160,522.592,0.194630
34192ms,34192,523.235,0.194654
34223ms,34223,523.771,0.194873
34256ms,34256,524.610,0.195145
34288ms,34288,525.300,0.195302
34320ms,34320,526.229,0.195565
34352ms,34352,527.025,0.196051
34384ms,34384,527.967,0.196290
34416ms,34416,529.020,0.196559
34448ms,34448,530.047,0.196983
34480ms,34480,530.884,0.197444
34512ms,34512,532.076,0.197952
34560ms,34560,533.050,0.198290
34591ms,34591,534.166,0.198782
34624ms,34624,535.017,0.199204
34656ms,34656,535.595,0.199579
34688ms,34688,535.460,0.199520
34719ms,34719,535.586,0.199589
34751ms,34751,535.737,0.199523
34784ms,34784,535.659,0.199502
34816ms,34816,535.641,0.199567
34879ms,34879,535.678,0.199611
34912ms,34912,535.634,0.199400
34959ms,34959,535.710,0.199512
34991ms,34991,535.733,0.199689
35023ms,35023,535.744,0.199415
35055ms,35055,535.932,0.199588
35087ms,35087,535.187,0.199791
35120ms,35120,533.591,0.199139
35152ms,35152,531.841,0.198448
35184ms,35184,530.446,0.197867
35216ms,35216,528.677,0.197301
35248ms,35248,526.847,0.196737
35280ms,35280,525.504,0.196135
35312ms,35312,524.268,0.195790
35360ms,35360,523.734,0.195494
35391ms,35391,522.828,0.195465
35424ms,35424,521.980,0.195311
35455ms,35455,522.070,0.195018
35487ms,35487,521.793,0.194763
35520ms,35520,522.082,0.194688
35552ms,35552,521.899,0.194539
35584ms,35584,522.028,0.194564
35616ms,35616,522.296,0.194745
35647ms,35647,522.682,0.194488
35680ms,35680,523.306,0.194653
35712ms,35712,523.949,0.194908
35759ms,35759,524.654,0.195047
35791ms,35791,525.459,0.195373
35823ms,35823,526.263,0.195513
35856ms,35856,527.207,0.195858
35888ms,35888,528.277,0.196342
35920ms,35920,529.128,0.196744
35952ms,35952,530.085,0.197162
35984ms,35984,531.171,0.197573
36016ms,36016,532.090,0.197883
36047ms,36047,533.305,0.198496
36080ms,36080,534.479,0.199003
36112ms,36112,535.461,0.199268
36144ms,36144,535.827,0.199895
36192ms,36192,535.734,0.199537
36224ms,36224,535.773,0.199556
36255ms,36255,535.858,0.199588
36287ms,36287,535.812,0.199542
36320ms,36320,535.748,0.199461
36416ms,36416,535.832,0.199483
36448ms,36448,535.738,0.199549
36480ms,36480,535.745,0.199512
36543ms,36543,535.969,0.199662
36591ms,36591,534.748,0.199657
36623ms,36623,533.022,0.199158
36655ms,36655,531.406,0.198333
36687ms,36687,529.722,0.197668
36719ms,36719,528.040,0.197167
36752ms,36752,526.506,0.196507
36784ms,36784,525.034,0.196104
36816ms,36816,524.014,0.195658
36848ms,36848,523.752,0.195647
36880ms,36880,522.233,0.195216
36912ms,36912,521.947,0.195160
36944ms,36944,522.153,0.194772
36992ms,36992,521.922,0.194539
37024ms,37024,522.037,0.194625
37055ms,37055,522.022,0.194566
37087ms,37087,522.086,0.194591
37120ms,37120,522.424,0.194645
37183ms,37183,523.577,0.194832
37215ms,37215,524.267,0.195049
37248ms,37248,524.840,0.195223
37280ms,37280,525.785,0.195511
37312ms,37312,526.689,0.195822
37344ms,37344,527.570,0.196152
37392ms,37392,528.733,0.196489
37423ms,37423,529.555,0.196809
37455ms,37455,530.636,0.197288
37487ms,37487,531.654,0.197899
37520ms,37520,532.713,0.198103
37552ms,37552,533.878,0.198623
37584ms,37584,535.061,0.199255
37615ms,37615,535.882,0.199655
37648ms,37648,535.541,0.199680
37680ms,37680,535.704,0.199658
37712ms,37712,535.741,0.199664
37744ms,37744,535.727,0.199502
37791ms,37791,535.793,0.199522
37823ms,37823,535.841,0.199649
37855ms,37855,535.787,0.199568
37887ms,37887,535.793,0.199558
37920ms,37920,535.820,0.199559
37983ms,37983,535.850,0.199560
38016ms,38016,535.879,0.199578
38048ms,38048,535.556,0.199780
38080ms,38080,533.885,0.199189
38112ms,38112,532.112,0.198747
38144ms,38144,530.584,0.197999
38191ms,38191,528.822,0.197422
38223ms,38223,527.105,0.196835
38255ms,38255,525.494,0.196257
38287ms,38287,524.315,0.195753
38320ms,38320,523.730,0.195512
38351ms,38351,523.079,0.195693
38384ms,38384,521.970,0.195156
38416ms,38416,522.030,0.195063
38448ms,38448,521.952,0.194721
38480ms,38480,522.062,0.194705
38511ms,38511,521.985,0.194564
38544ms,38544,521.945,0.194461
38591ms,38591,522.249,0.194598
38623ms,38623,522.652,0.194538
38655ms,38655,523.270,0.194783
38687ms,38687,524.027,0.194860
38719ms,38719,524.599,0.195287
38752ms,38752,525.448,0.195368
38784ms,38784,526.288,0.195741
38816ms,38816,527.286,0.195983
38848ms,38848,528.152,0.196396
38880ms,38880,529.064,0.196752
38912ms,38912,530.074,0.197114
38944ms,38944,531.073,0.197570
38991ms,38991,532.112,0.197970
39023ms,39023,533.289,0.198482
39055ms,39055,534.394,0.198906
39087ms,39087,535.359,0.199335
39119ms,39119,535.798,0.199627
39152ms,39152,535.661,0.199609
39184ms,39184,535.710,0.199551
39248ms,39248,535.800,0.199589
39280ms,39280,535.715,0.199428
39311ms,39311,535.768,0.199577
39344ms,39344,535.775,0.199527
39391ms,39391,535.728,0.199539
39423ms,39423,535.772,0.199641
39455ms,39455,535.836,0.199590
39487ms,39487,535.825,0.199610
39519ms,39519,535.966,0.199607
39552ms,39552,535.161,0.199772
39584ms,39584,533.588,0.199197
39616ms,39616,531.763,0.198507
39648ms,39648,530.286,0.197867
39680ms,39680,528.435,0.197295
39712ms,39712,526.826,0.196689
39744ms,39744,525.161,0.196134
39823ms,39823,523.884,0.195500
39855ms,39855,522.576,0.195429
39887ms,39887,522.020,0.195292
39919ms,39919,521.851,0.194884
39952ms,39952,522.084,0.194806
39983ms,39983,522.251,0.194567
40047ms,40047,521.992,0.194613
40080ms,40080,522.283,0.194651
40111ms,40111,522.869,0.194555
40144ms,40144,523.429,0.194787
40191ms,40191,524.006,0.195043
40223ms,40223,524.798,0.195123
40287ms,40287,526.510,0.195638
40319ms,40319,527.487,0.196034
40351ms,40351,528.396,0.196492
40383ms,40383,529.334,0.196773
40416ms,40416,530.327,0.197205
40448ms,40448,531.342,0.197617
40479ms,40479,532.337,0.198158
40511ms,40511,533.587,0.198588
40543ms,40543,534.589,0.199052
40591ms,40591,535.625,0.199333
40623ms,40623,535.648,0.199665
40655ms,40655,535.687,0.199438
40687ms,40687,535.608,0.199511
40719ms,40719,535.612,0.199494
40752ms,40752,535.598,0.199463
40784ms,40784,535.579,0.199572
40816ms,40816,535.613,0.199522
40848ms,40848,535.583,0.199493
40880ms,40880,535.559,0.199558
40912ms,40912,535.626,0.199473
40944ms,40944,535.599,0.199507
40991ms,40991,535.781,0.199574
41023ms,41023,535.823,0.199593
41055ms,41055,534.302,0.199524
41087ms,41087,532.598,0.198708
41120ms,41120,530.987,0.198146
41152ms,41152,529.457,0.197445
41184ms,41184,527.721,0.196876
41215ms,41215,526.124,0.196346
41248ms,41248,524.726,0.195845
41280ms,41280,523.977,0.195455
41312ms,41312,523.693,0.195929
41344ms,41344,522.034,0.195143
41376ms,41376,521.952,0.194964
41423ms,41423,521.892,0.194759
41455ms,41455,521.928,0.194676
41487ms,41487,521.961,0.194659
41519ms,41519,521.920,0.194602
41552ms,41552,521.996,0.194616
41584ms,41584,522.362,0.194514
41647ms,41647,523.406,0.194723
41680ms,41680,524.133,0.195043
41712ms,41712,524.896,0.195199
41744ms,41744,525.709,0.195477
41776ms,41776,526.552,0.195809
41823ms,41823,527.433,0.196002
41919ms,41919,530.231,0.197190
41952ms,41952,531.365,0.197647
41983ms,41983,532.449,0.198140
42015ms,42015,533.551,0.198605
42047ms,42047,534.717,0.199119
42079ms,42079,535.722,0.199529
42143ms,42143,535.781,0.199571
42176ms,42176,535.581,0.199455
42223ms,42223,535.582,0.199400
42255ms,42255,535.641,0.199501
42287ms,42287,535.686,0.199444
42319ms,42319,535.637,0.199484
42351ms,42351,535.628,0.199469
42383ms,42383,535.740,0.199533
42415ms,42415,535.733,0.199512
42447ms,42447,535.728,0.199582
42480ms,42480,535.789,0.199610
42512ms,42512,535.798,0.199720
42544ms,42544,534.312,0.199384
42576ms,42576,532.578,0.198832
42623ms,42623,531.228,0.198097
42655ms,42655,529.465,0.197627
42687ms,42687,527.674,0.197041
42719ms,42719,526.272,0.196419
42751ms,42751,524.854,0.195859
42784ms,42784,524.027,0.195667
42816ms,42816,523.564,0.195562
42848ms,42848,522.112,0.195021
42879ms,42879,521.996,0.195228
42912ms,42912,522.068,0.194647
42943ms,42943,522.022,0.194528
42976ms,42976,522.049,0.194667
43023ms,43023,522.050,0.194549
43055ms,43055,522.119,0.194568
43087ms,43087,522.642,0.194532
43119ms,43119,523.167,0.194566
43151ms,43151,523.687,0.194817
43183ms,43183,524.318,0.195097
43215ms,43215,525.155,0.195252
43248ms,43248,526.018,0.195578
43280ms,43280,526.889,0.195822
43312ms,43312,527.764,0.196153
43344ms,43344,528.746,0.196548
43375ms,43375,529.577,0.196926
43423ms,43423,530.541,0.197336
43455ms,43455,531.755,0.197729
43487ms,43487,532.681,0.198201
43519ms,43519,533.935,0.198746
43551ms,43551,534.948,0.199258
43615ms,43615,535.582,0.199838
43647ms,43647,535.897,0.199505
43680ms,43680,535.716,0.199549
43712ms,43712,535.828,0.199565
43744ms,43744,535.733,0.199550
43776ms,43776,535.685,0.199555
43823ms,43823,535.835,0.199529
43855ms,43855,535.857,0.199576
43887ms,43887,535.806,0.199538
43919ms,43919,535.840,0.199577
43951ms,43951,535.823,0.199532
43984ms,43984,535.886,0.199649
44016ms,44016,535.410,0.199737
44048ms,44048,533.916,0.199233
44080ms,44080,532.181,0.198664
44112ms,44112,530.761,0.197959
44144ms,44144,529.057,0.197420
44176ms,44176,527.386,0.196835
44223ms,44223,525.999,0.196369
44255ms,44255,524.700,0.195929
44287ms,44287,523.884,0.195720
44319ms,44319,523.404,0.195888
44352ms,44352,522.059,0.194998
44383ms,44383,522.148,0.195013
44415ms,44415,522.143,0.194656
44447ms,44447,522.045,0.194679
44480ms,44480,521.885,0.194709
44512ms,44512,521.956,0.194530
44544ms,44544,522.236,0.194564
44623ms,44623,523.294,0.194664
44655ms,44655,523.850,0.194854
44687ms,44687,524.559,0.195144
44719ms,44719,525.432,0.195333
44751ms,44751,526.182,0.195572
44783ms,44783,527.179,0.195855
44815ms,44815,528.015,0.196261
44848ms,44848,529.008,0.196732
44880ms,44880,529.994,0.196892
44912ms,44912,531.034,0.197447
44943ms,44943,532.199,0.197888
44976ms,44976,533.257,0.198395
45023ms,45023,534.335,0.198979
45055ms,45055,535.282,0.199312
45087ms,45087,535.777,0.199631
45119ms,45119,535.524,0.199557
45151ms,45151,535.651,0.199546
45183ms,45183,535.674,0.199469
45215ms,45215,535.814,0.199487
45248ms,45248,535.754,0.199567
45279ms,45279,535.738,0.199503
45311ms,45311,535.732,0.199541
45344ms,45344,535.705,0.199507
45376ms,45376,535.759,0.199540
45423ms,45423,535.761,0.199499
45455ms,45455,535.777,0.199621
45487ms,45487,535.935,0.199507
45519ms,45519,535.201,0.199713
45551ms,45551,533.546,0.199209
45583ms,45583,531.848,0.198390
45615ms,45615,530.299,0.197925
45648ms,45648,528.441,0.197223
45680ms,45680,526.778,0.196559
45712ms,45712,525.477,0.196089
45775ms,45775,523.891,0.195514
45808ms,45808,522.967,0.195433
45887ms,45887,521.936,0.194951
45919ms,45919,522.070,0.194649
45951ms,45951,522.037,0.194561
45983ms,45983,521.856,0.194475
46015ms,46015,522.089,0.194531
46047ms,46047,522.305,0.194307
46080ms,46080,522.780,0.194607
46112ms,46112,523.392,0.194949
46144ms,46144,524.125,0.194935
46175ms,46175,524.844,0.195045
46207ms,46207,525.639,0.195414
46255ms,46255,526.570,0.195777
46287ms,46287,527.330,0.196022
46319ms,46319,528.388,0.196344
46351ms,46351,529.382,0.196955
46384ms,46384,530.242,0.196997
46416ms,46416,531.373,0.197602
46447ms,46447,532.339,0.198142
46480ms,46480,533.539,0.198565
46512ms,46512,534.634,0.199039
46544ms,46544,535.716,0.199531
46576ms,46576,535.674,0.199691
46608ms,46608,535.762,0.199464
46655ms,46655,535.713,0.199554
46687ms,46687,535.651,0.199525
46719ms,46719,535.678,0.199471
46751ms,46751,535.705,0.199508
46783ms,46783,535.678,0.199463
46815ms,46815,535.707,0.199543
46847ms,46847,535.672,0.199576
46880ms,46880,535.659,0.199613
46912ms,46912,535.839,0.199554
46944ms,46944,535.885,0.199508
46976ms,46976,535.778,0.199733
47008ms,47008,534.171,0.199269
47055ms,47055,532.383,0.198698
47087ms,47087,530.835,0.197949
47119ms,47119,529.114,0.197515
47151ms,47151,527.258,0.196780
47215ms,47215,524.557,0.195784
47248ms,47248,523.872,0.195600
47280ms,47280,523.360,0.195489
47312ms,47312,521.936,0.195028
47344ms,47344,521.917,0.194973
47375ms,47375,521.969,0.194689
47407ms,47407,522.124,0.194460
47455ms,47455,521.917,0.194465
47487ms,47487,521.862,0.194625
47519ms,47519,522.196,0.194611
47551ms,47551,522.587,0.194533
47584ms,47584,523.054,0.194745
47616ms,47616,523.927,0.194823
47679ms,47679,525.310,0.195321
47712ms,47712,526.128,0.195602
47744ms,47744,527.125,0.195870
47776ms,47776,527.893,0.196226
47808ms,47808,528.989,0.196663
47855ms,47855,530.037,0.196980
47887ms,47887,530.917,0.197457
47919ms,47919,532.040,0.197927
47952ms,47952,533.168,0.198358
47983ms,47983,534.376,0.198879
48015ms,48015,535.336,0.199385
48047ms,48047,535.774,0.199757
48080ms,48080,535.549,0.199614
48111ms,48111,535.636,0.199635
48144ms,48144,535.615,0.199581
48176ms,48176,535.702,0.199521
48208ms,48208,535.628,0.199393
48256ms,48256,535.617,0.199564
48287ms,48287,535.744,0.199592
48319ms,48319,535.631,0.199505
48351ms,48351,535.730,0.199472
48383ms,48383,535.716,0.199551
48416ms,48416,535.759,0.199477
48447ms,48447,535.881,0.199555
48480ms,48480,535.301,0.199790
48512ms,48512,533.671,0.199092
48544ms,48544,531.970,0.198560
48576ms,48576,530.442,0.197888
48608ms,48608,528.682,0.197310
48655ms,48655,526.969,0.196716
48687ms,48687,525.468,0.196096
48719ms,48719,524.324,0.195879
48751ms,48751,523.890,0.195594
48783ms,48783,522.732,0.195308
48816ms,48816,522.089,0.195245
48848ms,48848,522.189,0.194929
48880ms,48880,521.916,0.194630
48912ms,48912,521.939,0.194694
48944ms,48944,521.953,0.194708
48976ms,48976,522.025,0.194533
49008ms,49008,522.249,0.194632
49055ms,49055,522.729,0.194603
49087ms,49087,523.280,0.194794
49119ms,49119,523.895,0.194869
49151ms,49151,524.647,0.195260
49184ms,49184,525.565,0.195279
49216ms,49216,526.465,0.195630
49280ms,49280,528.208,0.196371
49311ms,49311,529.231,0.196662
49344ms,49344,530.078,0.197075
49376ms,49376,531.018,0.197423
49408ms,49408,531.954,0.197798
49455ms,49455,533.141,0.198427
49487ms,49487,534.300,0.198909
49520ms,49520,535.329,0.199194
49551ms,49551,535.675,0.199709
49615ms,49615,535.621,0.199471
49679ms,49679,535.648,0.199457
49712ms,49712,535.648,0.199482
49744ms,49744,535.587,0.199482
49776ms,49776,535.709,0.199480
49808ms,49808,535.643,0.199482
49855ms,49855,535.653,0.199536
49887ms,49887,535.711,0.199475
49919ms,49919,535.770,0.199570
49951ms,49951,535.858,0.199646
49983ms,49983,534.857,0.199683
50015ms,50015,533.228,0.199072
50047ms,50047,531.404,0.198350
50079ms,50079,529.808,0.197741
50112ms,50112,527.969,0.197098
50144ms,50144,526.452,0.196384
50176ms,50176,525.056,0.195958
50208ms,50208,524.034,0.195488
50255ms,50255,523.747,0.195583
50287ms,50287,522.087,0.195187
50319ms,50319,521.961,0.195135
50351ms,50351,521.945,0.194668
50383ms,50383,521.960,0.194606
50415ms,50415,522.087,0.194747
50447ms,50447,522.055,0.194562
50480ms,50480,522.150,0.194558
50511ms,50511,522.585,0.194656
50576ms,50576,523.489,0.194830
50608ms,50608,524.260,0.195095
50655ms,50655,525.018,0.195253
50687ms,50687,525.872,0.195428
50719ms,50719,526.718,0.195850
50751ms,50751,527.590,0.196100
50783ms,50783,528.510,0.196448
50815ms,50815,529.402,0.196946
50847ms,50847,530.433,0.197235
50880ms,50880,531.403,0.197570
50912ms,50912,532.585,0.198048
50943ms,50943,533.655,0.198609
50976ms,50976,534.674,0.198998
51008ms,51008,535.767,0.199525
51040ms,51040,535.735,0.199637
51087ms,51087,535.886,0.199557
51119ms,51119,535.650,0.199407
51151ms,51151,535.697,0.199491
51183ms,51183,535.658,0.199546
51215ms,51215,535.697,0.199488
51247ms,51247,535.662,0.199484
51280ms,51280,535.689,0.199484
51312ms,51312,535.651,0.199496
51344ms,51344,535.691,0.199568
51375ms,51375,535.727,0.199564
51408ms,51408,535.850,0.199572
51440ms,51440,535.686,0.199715
51487ms,51487,534.009,0.199456
51519ms,51519,532.272,0.198700
51551ms,51551,530.724,0.198142
51583ms,51583,529.002,0.197519
51616ms,51616,527.243,0.196785
51647ms,51647,525.884,0.196332
51680ms,51680,524.458,0.195807
51712ms,51712,523.793,0.195489
51743ms,51743,523.213,0.195662
51776ms,51776,521.991,0.195077
51808ms,51808,521.932,0.194933
51887ms,51887,521.978,0.194682
51919ms,51919,521.973,0.194715
51952ms,51952,521.930,0.194650
51983ms,51983,522.208,0.194592
52015ms,52015,522.590,0.194658
52047ms,52047,523.172,0.194687
52080ms,52080,523.852,0.194902
52112ms,52112,524.415,0.195069
52144ms,52144,525.377,0.195306
52176ms,52176,526.202,0.195562
52207ms,52207,526.992,0.195830
52240ms,52240,527.891,0.196276
52287ms,52287,528.900,0.196663
52319ms,52319,529.805,0.196949
52383ms,52383,531.839,0.197741
52416ms,52416,532.857,0.198264
52447ms,52447,534.050,0.198693
52479ms,52479,535.088,0.199197
52512ms,52512,535.818,0.199641
52544ms,52544,535.511,0.199671
52575ms,52575,535.685,0.199560
52607ms,52607,535.707,0.199531
52640ms,52640,535.802,0.199618
52687ms,52687,535.712,0.199508
52719ms,52719,535.753,0.199552
52751ms,52751,535.741,0.199542
52783ms,52783,535.717,0.199590
52815ms,52815,535.714,0.199539
52847ms,52847,535.682,0.199445
52879ms,52879,535.852,0.199592
52912ms,52912,535.890,0.199678
52943ms,52943,535.350,0.199723
52976ms,52976,533.798,0.199206
53008ms,53008,532.001,0.198624
53039ms,53039,530.451,0.197993
53087ms,53087,528.627,0.197438
53119ms,53119,526.953,0.196663
53151ms,53151,525.515,0.196217
53183ms,53183,524.302,0.195726
53215ms,53215,523.761,0.195531
53247ms,53247,522.832,0.195358
53279ms,53279,522.003,0.195329
53311ms,53311,521.840,0.194936
53344ms,53344,522.131,0.194770
53376ms,53376,522.031,0.194615
53408ms,53408,521.805,0.194647
53440ms,53440,521.971,0.194511
53487ms,53487,522.309,0.194491
53519ms,53519,522.756,0.194773
53583ms,53583,523.849,0.194996
53647ms,53647,525.548,0.195390
53679ms,53679,526.331,0.195740
53712ms,53712,527.328,0.195992
53743ms,53743,528.230,0.196518
53775ms,53775,529.299,0.196714
53808ms,53808,530.169,0.197229
53840ms,53840,531.226,0.197631
53887ms,53887,532.355,0.197895
53919ms,53919,533.340,0.198395
53951ms,53951,534.567,0.198972
53983ms,53983,535.574,0.199486
54015ms,54015,535.814,0.199752
54047ms,54047,535.866,0.199616
54079ms,54079,535.718,0.199589
54111ms,54111,535.787,0.199530
54144ms,54144,535.716,0.199576
54176ms,54176,535.698,0.199628
54208ms,54208,535.701,0.199577
54240ms,54240,535.790,0.199614
54287ms,54287,535.736,0.199547
54319ms,54319,535.756,0.199530
54351ms,54351,535.803,0.199657
54383ms,54383,535.847,0.199552
54415ms,54415,535.879,0.199792
54447ms,54447,534.567,0.199579
54479ms,54479,532.936,0.198976
54512ms,54512,531.328,0.198413
54544ms,54544,529.708,0.197556
54575ms,54575,527.762,0.196976
54608ms,54608,526.262,0.196464
54640ms,54640,524.854,0.195953
54687ms,54687,523.905,0.195503
54719ms,54719,523.765,0.195782
54751ms,54751,522.140,0.195389
54783ms,54783,522.069,0.195222
54815ms,54815,522.115,0.194709
54847ms,54847,521.890,0.194631
54879ms,54879,521.992,0.194613
54912ms,54912,521.859,0.194603
54943ms,54943,522.032,0.194629
55007ms,55007,522.852,0.194710
55040ms,55040,523.611,0.194768
55071ms,55071,524.120,0.194992
55119ms,55119,524.788,0.195239
55151ms,55151,525.725,0.195521
55183ms,55183,526.516,0.195739
55215ms,55215,527.367,0.196179
55247ms,55247,528.445,0.196423
55279ms,55279,529.346,0.196838
55311ms,55311,530.409,0.197273
55343ms,55343,531.308,0.197648
55376ms,55376,532.369,0.198065
55408ms,55408,533.628,0.198654
55440ms,55440,534.602,0.199034
55472ms,55472,535.463,0.199488
55519ms,55519,535.665,0.199603
55551ms,55551,535.731,0.199375
55583ms,55583,535.608,0.199503
55615ms,55615,535.581,0.199496
55679ms,55679,535.659,0.199449
55743ms,55743,535.672,0.199559
55776ms,55776,535.674,0.199477
55807ms,55807,535.667,0.199472
55887ms,55887,535.747,0.199669
55919ms,55919,535.853,0.199787
55951ms,55951,534.387,0.199461
55983ms,55983,532.718,0.198905
56015ms,56015,531.078,0.198163
56047ms,56047,529.355,0.197535
56080ms,56080,527.673,0.197050
56112ms,56112,526.198,0.196317
56144ms,56144,524.725,0.195892
56176ms,56176,524.009,0.195581
56208ms,56208,523.624,0.195686
56240ms,56240,521.997,0.194957
56272ms,56272,522.030,0.195298
56319ms,56319,521.943,0.194660
56351ms,56351,521.865,0.194546
56383ms,56383,521.956,0.194731
56415ms,56415,521.879,0.194561
56447ms,56447,522.078,0.194553
56480ms,56480,522.500,0.194497
56511ms,56511,523.078,0.194590
56544ms,56544,523.715,0.194758
56575ms,56575,524.262,0.195063
56608ms,56608,525.250,0.195230
56640ms,56640,526.011,0.195554
56672ms,56672,526.852,0.195723
56719ms,56719,527.788,0.196265
56751ms,56751,528.775,0.196669
56784ms,56784,529.659,0.196861
56815ms,56815,530.794,0.197468
56847ms,56847,531.756,0.197845
56879ms,56879,532.885,0.198239
56912ms,56912,534.081,0.198772
56943ms,56943,535.079,0.199204
56976ms,56976,535.761,0.199550
57008ms,57008,535.409,0.199684
57071ms,57071,535.621,0.199485
57119ms,57119,535.622,0.199450
57151ms,57151,535.645,0.199515
57183ms,57183,535.648,0.199526
57215ms,57215,535.661,0.199563
57247ms,57247,535.630,0.199516
57279ms,57279,535.667,0.199547
57311ms,57311,535.771,0.199520
57375ms,57375,535.807,0.199544
57407ms,57407,535.285,0.199706
57440ms,57440,533.521,0.199052
57472ms,57472,531.836,0.198623
57519ms,57519,530.307,0.197941
57551ms,57551,528.595,0.197254
57583ms,57583,526.938,0.196868
57615ms,57615,525.594,0.196078
57647ms,57647,524.370,0.195723
57679ms,57679,523.832,0.195493
57711ms,57711,522.755,0.195414
57743ms,57743,522.024,0.195283
57775ms,57775,522.085,0.194891
57807ms,57807,522.092,0.194647
57840ms,57840,522.084,0.194517
57872ms,57872,521.920,0.194613
57919ms,57919,522.139,0.194535
57951ms,57951,522.314,0.194457
57983ms,57983,522.767,0.194589
58015ms,58015,523.300,0.194748
58047ms,58047,523.948,0.194994
58079ms,58079,524.657,0.195182
58111ms,58111,525.508,0.195471
58143ms,58143,526.395,0.195604
58176ms,58176,527.381,0.195971
58208ms,58208,528.163,0.196260
58240ms,58240,529.157,0.196698
58272ms,58272,530.162,0.197067
58319ms,58319,531.133,0.197464
58351ms,58351,532.166,0.198042
58383ms,58383,533.262,0.198515
58415ms,58415,534.349,0.198996
58447ms,58447,535.366,0.199315
58479ms,58479,535.734,0.199742
58511ms,58511,535.684,0.199405
58575ms,58575,535.597,0.199514
58608ms,58608,535.660,0.199495
58640ms,58640,535.567,0.199539
58672ms,58672,535.584,0.199496
58719ms,58719,535.629,0.199565
58751ms,58751,535.549,0.199463
58783ms,58783,535.580,0.199504
58815ms,58815,535.680,0.199515
58847ms,58847,535.648,0.199519
58879ms,58879,535.861,0.199726
58911ms,58911,534.614,0.199601
58943ms,58943,532.997,0.198798
58976ms,58976,531.371,0.198182
59007ms,59007,529.640,0.197717
59040ms,59040,527.942,0.197175
59072ms,59072,526.312,0.196439
59119ms,59119,525.013,0.195924
59151ms,59151,524.046,0.195657
59183ms,59183,523.690,0.195620
59215ms,59215,522.044,0.194977
59247ms,59247,522.088,0.195318
59279ms,59279,521.864,0.194820
59311ms,59311,521.911,0.194596
59375ms,59375,521.925,0.194681
59407ms,59407,522.121,0.194553
59440ms,59440,522.457,0.194614
59519ms,59519,523.564,0.194932
59551ms,59551,524.133,0.194946
59583ms,59583,525.042,0.195311
59615ms,59615,525.843,0.195423
59647ms,59647,526.638,0.195857
59679ms,59679,527.596,0.196181
59711ms,59711,528.649,0.196464
59743ms,59743,529.533,0.196900
59775ms,59775,530.535,0.197141
59807ms,59807,531.424,0.197715
59840ms,59840,532.473,0.198033
59872ms,59872,533.593,0.198563
59919ms,59919,534.709,0.199148
59951ms,59951,535.688,0.199478
59983ms,59983,535.624,0.199629
60015ms,60015,535.752,0.199493
60047ms,60047,535.628,0.199461
60079ms,60079,535.634,0.199536
60111ms,60111,535.701,0.199454
60143ms,60143,535.670,0.199594
60175ms,60175,535.664,0.199526
60207ms,60207,535.659,0.199509
60240ms,60240,535.674,0.199540
60272ms,60272,535.663,0.199546
60319ms,60319,535.705,0.199524
60351ms,60351,535.681,0.199550
60383ms,60383,535.689,0.199697
60415ms,60415,534.237,0.199502
60447ms,60447,532.612,0.198788
60479ms,60479,530.893,0.198082
60511ms,60511,529.345,0.197500
60543ms,60543,527.578,0.196969
60575ms,60575,525.892,0.196441
60608ms,60608,524.708,0.195890
60639ms,60639,523.794,0.195553
60703ms,60703,521.931,0.195042
60751ms,60751,522.080,0.195218
60783ms,60783,522.117,0.194706
60815ms,60815,521.875,0.194494
60847ms,60847,522.067,0.194782
60879ms,60879,521.944,0.194510
60911ms,60911,522.154,0.194670
60943ms,60943,522.696,0.194618
61007ms,61007,523.765,0.194906
61039ms,61039,524.356,0.195259
61072ms,61072,525.261,0.195305
61104ms,61104,526.011,0.195573
61151ms,61151,526.887,0.195965
61183ms,61183,527.869,0.196231
61215ms,61215,528.792,0.196547
61247ms,61247,529.659,0.196938
61279ms,61279,530.710,0.197389
61311ms,61311,531.784,0.197801
61344ms,61344,532.850,0.198296
61375ms,61375,534.093,0.198746
61407ms,61407,535.126,0.199201
61439ms,61439,535.754,0.199587
61472ms,61472,535.576,0.199774
61503ms,61503,535.705,0.199558
61551ms,61551,535.767,0.199561
61583ms,61583,535.589,0.199541
61615ms,61615,535.681,0.199454
61647ms,61647,535.731,0.199523
61679ms,61679,535.703,0.199465
61711ms,61711,535.704,0.199519
61743ms,61743,535.689,0.199484
61775ms,61775,535.677,0.199588
61807ms,61807,535.686,0.199483
61839ms,61839,535.845,0.199628
61903ms,61903,533.734,0.199316
61951ms,61951,532.089,0.198526
61983ms,61983,530.517,0.197961
62015ms,62015,528.729,0.197404
62047ms,62047,527.005,0.196585
62079ms,62079,525.549,0.196151
62111ms,62111,524.341,0.195932
62143ms,62143,523.912,0.195420
62175ms,62175,522.854,0.195365
62207ms,62207,521.919,0.195318
62239ms,62239,522.036,0.194736
62276ms,62276,521.967,0.194680
62304ms,62304,522.118,0.194818
62351ms,62351,522.020,0.194577
62383ms,62383,521.964,0.194637
62415ms,62415,522.418,0.194626
62447ms,62447,522.681,0.194659
62479ms,62479,523.370,0.194727
62511ms,62511,524.012,0.194990
62575ms,62575,525.504,0.195329
62607ms,62607,526.307,0.195767
62639ms,62639,527.200,0.195981
62671ms,62671,528.136,0.196282
62704ms,62704,529.104,0.196582
62751ms,62751,529.997,0.196919
62783ms,62783,531.095,0.197374
62815ms,62815,532.128,0.197877
62847ms,62847,533.228,0.198351
62879ms,62879,534.392,0.198841
62911ms,62911,535.334,0.199265
62943ms,62943,535.621,0.199636
62975ms,62975,535.560,0.199517
63007ms,63007,535.547,0.199441
63039ms,63039,535.663,0.199498
63071ms,63071,535.692,0.199525
63103ms,63103,535.665,0.199585
63151ms,63151,535.589,0.199485
63183ms,63183,535.669,0.199490
63215ms,63215,535.660,0.199501
63247ms,63247,535.646,0.199470
63279ms,63279,535.653,0.199464
63311ms,63311,535.723,0.199578
63343ms,63343,535.869,0.199649
63375ms,63375,534.930,0.199677
63407ms,63407,533.245,0.198987
63439ms,63439,531.507,0.198344
63471ms,63471,529.920,0.197734
63503ms,63503,528.256,0.197127
63551ms,63551,526.619,0.196680
63583ms,63583,525.140,0.195709
63615ms,63615,524.125,0.195662
63647ms,63647,523.816,0.195688
63679ms,63679,522.138,0.195297
63711ms,63711,521.954,0.195163
63743ms,63743,521.786,0.194878
63775ms,63775,521.911,0.194601
63807ms,63807,521.932,0.194627
63839ms,63839,521.828,0.194502
63871ms,63871,522.094,0.194546
63904ms,63904,522.570,0.194605
63951ms,63951,522.962,0.194702
63983ms,63983,523.547,0.194806
64015ms,64015,524.159,0.195070
64047ms,64047,524.960,0.195180
64079ms,64079,525.834,0.195471
64111ms,64111,526.590,0.195868
64143ms,64143,527.528,0.196137
64175ms,64175,528.622,0.196420
64207ms,64207,529.522,0.196796
64239ms,64239,530.460,0.197226
64272ms,64272,531.533,0.197658
64303ms,64303,532.542,0.198068
64336ms,64336,533.709,0.198667
64383ms,64383,534.735,0.199116
64415ms,64415,535.698,0.199501
64447ms,64447,535.544,0.199754
64479ms,64479,535.675,0.199590
64511ms,64511,535.685,0.199565
64543ms,64543,535.654,0.199469
64575ms,64575,535.622,0.199516
64607ms,64607,535.639,0.199512
64671ms,64671,535.633,0.199581
64704ms,64704,535.649,0.199607
64736ms,64736,535.634,0.199512
64783ms,64783,535.712,0.199497
64815ms,64815,535.744,0.199546
64847ms,64847,535.719,0.199763
64911ms,64911,532.547,0.198858
64943ms,64943,530.996,0.198131
64976ms,64976,529.360,0.197529
65007ms,65007,527.596,0.197018
65040ms,65040,526.093,0.196398
65072ms,65072,524.839,0.195916
65103ms,65103,523.938,0.195563
65135ms,65135,523.457,0.195683
65183ms,65183,521.991,0.194932
65215ms,65215,522.058,0.195223
65247ms,65247,521.834,0.194646
65279ms,65279,521.825,0.194471
65311ms,65311,521.971,0.194550
65343ms,65343,521.838,0.194626
65375ms,65375,522.219,0.194549
65407ms,65407,522.628,0.194531
65439ms,65439,523.273,0.194773
65471ms,65471,523.737,0.194828
65503ms,65503,524.367,0.195159
65536ms,65536,525.220,0.195330
65583ms,65583,526.186,0.195571
65615ms,65615,527.006,0.196005
65647ms,65647,527.859,0.196145
65679ms,65679,528.950,0.196636
65711ms,65711,529.933,0.196955
65743ms,65743,530.777,0.197356
65775ms,65775,531.797,0.197808
65807ms,65807,532.954,0.198360
65839ms,65839,534.121,0.198764
65871ms,65871,535.151,0.199205
65904ms,65904,535.814,0.199645
65936ms,65936,535.487,0.199613
65983ms,65983,535.650,0.199555
66015ms,66015,535.683,0.199511
66047ms,66047,535.668,0.199548
66079ms,66079,535.645,0.199590
66111ms,66111,535.689,0.199464
66143ms,66143,535.690,0.199556
66175ms,66175,535.667,0.199557
66207ms,66207,535.655,0.199598
66239ms,66239,535.679,0.199428
66271ms,66271,535.780,0.199610
66303ms,66303,535.883,0.199627
66336ms,66336,535.101,0.199661
66383ms,66383,533.512,0.199044
66415ms,66415,531.783,0.198436
66447ms,66447,530.215,0.197779
66479ms,66479,528.347,0.197250
66511ms,66511,526.694,0.196665
66607ms,66607,523.825,0.195474
66639ms,66639,522.755,0.195341
66671ms,66671,521.918,0.195105
66703ms,66703,522.076,0.194873
66736ms,66736,521.972,0.194568
66783ms,66783,521.987,0.194577
66815ms,66815,521.878,0.194493
66847ms,66847,522.182,0.194524
66879ms,66879,522.397,0.194554
66911ms,66911,522.747,0.194674
66943ms,66943,523.307,0.194694
66976ms,66976,524.012,0.195038
67007ms,67007,524.712,0.195038
67040ms,67040,525.667,0.195369
67071ms,67071,526.428,0.195623
67103ms,67103,527.512,0.195967
67135ms,67135,528.344,0.196455
67183ms,67183,529.264,0.196796
67215ms,67215,530.216,0.197113
67247ms,67247,531.259,0.197583
67279ms,67279,532.307,0.197966
67311ms,67311,533.494,0.198475
67343ms,67343,534.563,0.199055
67375ms,67375,535.582,0.199343
67439ms,67439,535.747,0.199451
67471ms,67471,535.639,0.199505
67503ms,67503,535.659,0.199559
67535ms,67535,535.688,0.199489
67583ms,67583,535.644,0.199483
67615ms,67615,535.722,0.199532
67647ms,67647,535.637,0.199551
67679ms,67679,535.679,0.199490
67711ms,67711,535.692,0.199538
67743ms,67743,535.669,0.199426
67775ms,67775,535.687,0.199535
67807ms,67807,535.806,0.199651
67839ms,67839,534.421,0.199509
67871ms,67871,532.761,0.198984
67903ms,67903,531.158,0.198149
67935ms,67935,529.505,0.197615
67983ms,67983,527.812,0.196969
68015ms,68015,526.211,0.196470
68047ms,68047,524.865,0.195986
68111ms,68111,523.560,0.195503
68143ms,68143,522.137,0.194932
68175ms,68175,522.000,0.195178
68207ms,68207,521.885,0.194645
68239ms,68239,521.797,0.194525
68271ms,68271,522.003,0.194606
68304ms,68304,522.054,0.194629
68336ms,68336,522.140,0.194515
68383ms,68383,522.498,0.194683
68415ms,68415,523.055,0.194592
68447ms,68447,523.684,0.194765
68479ms,68479,524.291,0.194985
68511ms,68511,525.163,0.195336
68543ms,68543,525.864,0.195511
68575ms,68575,526.808,0.195845
68607ms,68607,527.690,0.196217
68639ms,68639,528.619,0.196483
68671ms,68671,529.566,0.196854
68704ms,68704,530.471,0.197131
68735ms,68735,531.592,0.197678
68783ms,68783,532.682,0.198073
68815ms,68815,533.842,0.198603
68847ms,68847,534.816,0.199117
68879ms,68879,535.732,0.199545
68911ms,68911,535.409,0.199728
68943ms,68943,535.564,0.199512
68975ms,68975,535.700,0.199552
69007ms,69007,535.683,0.199518
69039ms,69039,535.598,0.199466
69072ms,69072,535.593,0.199574
69104ms,69104,535.671,0.199552
69135ms,69135,535.677,0.199450
69183ms,69183,535.651,0.199517
69215ms,69215,535.594,0.199528
69247ms,69247,535.619,0.199555
69279ms,69279,535.807,0.199612
69311ms,69311,535.555,0.199761
69343ms,69343,533.907,0.199292
69375ms,69375,532.182,0.198689
69407ms,69407,530.604,0.198041
69439ms,69439,529.059,0.197428
69503ms,69503,525.730,0.196376
69536ms,69536,524.485,0.195790
69568ms,69568,523.862,0.195656
69615ms,69615,523.080,0.195544
69647ms,69647,522.069,0.195008
69679ms,69679,522.038,0.195053
69711ms,69711,522.047,0.194755
69743ms,69743,521.908,0.194576
69775ms,69775,521.965,0.194572
69807ms,69807,522.049,0.194601
69839ms,69839,522.282,0.194597
69871ms,69871,522.771,0.194686
69904ms,69904,523.312,0.194696
69935ms,69935,523.908,0.194885
69968ms,69968,524.485,0.194992
70015ms,70015,525.383,0.195245
70047ms,70047,526.233,0.195515
70111ms,70111,528.043,0.196282
70143ms,70143,528.862,0.196656
70175ms,70175,529.779,0.196910
70207ms,70207,530.805,0.197457
70239ms,70239,531.913,0.197897
70271ms,70271,532.863,0.198293
70303ms,70303,534.118,0.198772
70336ms,70336,535.159,0.199255
70367ms,70367,535.790,0.199666
70415ms,70415,535.360,0.199612
70447ms,70447,535.656,0.199576
70511ms,70511,535.723,0.199498
70543ms,70543,535.638,0.199467
70575ms,70575,535.623,0.199528
70607ms,70607,535.693,0.199531
70639ms,70639,535.724,0.199454
70672ms,70672,535.690,0.199573
70703ms,70703,535.688,0.199487
70735ms,70735,535.701,0.199504
70767ms,70767,535.780,0.199594
70815ms,70815,535.386,0.199686
70847ms,70847,533.774,0.199282
70879ms,70879,532.040,0.198534
70911ms,70911,530.569,0.198002
70943ms,70943,528.793,0.197399
70975ms,70975,527.148,0.196761
71007ms,71007,525.602,0.196190
71039ms,71039,524.393,0.195732
71072ms,71072,523.784,0.195576
71103ms,71103,523.005,0.195416
71135ms,71135,522.065,0.195142
71167ms,71167,521.976,0.195221
71215ms,71215,521.965,0.194742
71247ms,71247,522.115,0.194659
71279ms,71279,521.948,0.194656
71311ms,71311,522.000,0.194580
71343ms,71343,522.227,0.194510
71375ms,71375,522.703,0.194595
71407ms,71407,523.237,0.194713
71439ms,71439,523.865,0.194883
71471ms,71471,524.578,0.195115
71503ms,71503,525.512,0.195257
71536ms,71536,526.244,0.195622
71568ms,71568,527.188,0.195957
71615ms,71615,528.078,0.196198
71647ms,71647,529.014,0.196635
71679ms,71679,529.942,0.197003
71711ms,71711,530.919,0.197394
71743ms,71743,531.956,0.197911
71775ms,71775,533.038,0.198329
71807ms,71807,534.216,0.198943
71871ms,71871,536.043,0.199779
71903ms,71903,535.806,0.199577
71935ms,71935,536.150,0.199802
71967ms,71967,536.171,0.199679
72015ms,72015,536.167,0.199649
72047ms,72047,536.146,0.199681
72111ms,72111,536.122,0.199654
72143ms,72143,536.185,0.199643
72175ms,72175,536.134,0.199706
72207ms,72207,536.224,0.199716
72239ms,72239,536.241,0.199729
72271ms,72271,536.375,0.199910
72304ms,72304,535.181,0.199629
72335ms,72335,533.524,0.199098
72368ms,72368,531.803,0.198447
72415ms,72415,530.218,0.197706
72447ms,72447,528.546,0.197216
72479ms,72479,526.925,0.196585
72511ms,72511,525.355,0.195972
72543ms,72543,524.163,0.195711
72575ms,72575,523.930,0.195664
72607ms,72607,522.460,0.195401
72639ms,72639,521.938,0.195286
72671ms,72671,522.123,0.194960
72703ms,72703,521.998,0.194703
72735ms,72735,522.156,0.194602
72768ms,72768,521.864,0.194556
72815ms,72815,522.213,0.194586
72847ms,72847,522.374,0.194601
72879ms,72879,522.868,0.194699
72911ms,72911,523.284,0.194829
72943ms,72943,524.057,0.194951
72975ms,72975,524.808,0.195225
73007ms,73007,525.586,0.195355
73039ms,73039,526.497,0.195569
73071ms,73071,527.407,0.196030
73103ms,73103,528.428,0.196266
73135ms,73135,529.441,0.196681
73167ms,73167,530.351,0.197130
73215ms,73215,531.296,0.197659
73247ms,73247,532.353,0.198128
73279ms,73279,533.522,0.198587
73311ms,73311,534.669,0.199029
73343ms,73343,535.671,0.199423
73375ms,73375,535.666,0.199655
73407ms,73407,535.714,0.199404
73439ms,73439,535.636,0.199423
73503ms,73503,535.738,0.199534
73536ms,73536,535.702,0.199559
73567ms,73567,535.644,0.199516
73615ms,73615,535.677,0.199604
73679ms,73679,535.723,0.199486
73743ms,73743,535.725,0.199608
73775ms,73775,535.821,0.199673
73807ms,73807,534.575,0.199416
73839ms,73839,532.821,0.198809
73871ms,73871,531.170,0.198258
73903ms,73903,529.543,0.197642
73936ms,73936,527.776,0.196893
73967ms,73967,526.277,0.196423
74015ms,74015,524.918,0.195895
74047ms,74047,523.951,0.195475
74079ms,74079,523.693,0.195855
74111ms,74111,521.943,0.194987
74143ms,74143,522.096,0.195103
74175ms,74175,521.943,0.194703
74207ms,74207,521.932,0.194464
74239ms,74239,522.102,0.194796
74271ms,74271,522.061,0.194608
74303ms,74303,522.163,0.194627
74335ms,74335,522.490,0.194517
74367ms,74367,523.012,0.194744
74415ms,74415,523.651,0.194905
74447ms,74447,524.275,0.195071
74479ms,74479,524.955,0.195302
74511ms,74511,525.826,0.195554
74543ms,74543,526.675,0.195677
74575ms,74575,527.668,0.196139
74607ms,74607,528.473,0.196491
74639ms,74639,529.359,0.196752
74703ms,74703,531.391,0.197644
74736ms,74736,532.405,0.198159
74767ms,74767,533.510,0.198578
74815ms,74815,534.606,0.199035
74847ms,74847,535.618,0.199435
74879ms,74879,535.547,0.199657
74911ms,74911,535.682,0.199470
74943ms,74943,535.611,0.199442
74975ms,74975,535.575,0.199514
75007ms,75007,535.619,0.199534
75039ms,75039,535.584,0.199461
75071ms,75071,535.649,0.199548
75103ms,75103,535.603,0.199507
75135ms,75135,535.658,0.199439
75167ms,75167,535.604,0.199529
75215ms,75215,535.578,0.199461
75247ms,75247,535.661,0.199545
75279ms,75279,535.680,0.199633
75311ms,75311,534.308,0.199480
75343ms,75343,532.627,0.198719
75375ms,75375,531.022,0.198100
75407ms,75407,529.380,0.197623
75471ms,75471,526.002,0.196327
75503ms,75503,524.711,0.195850
75535ms,75535,523.891,0.195538
75567ms,75567,523.440,0.195621
75615ms,75615,521.955,0.195097
75647ms,75647,522.116,0.195113
75679ms,75679,522.091,0.194605
75711ms,75711,521.851,0.194593
75743ms,75743,521.831,0.194590
75807ms,75807,522.095,0.194583
75839ms,75839,522.502,0.194598
75871ms,75871,523.104,0.194775
75903ms,75903,523.752,0.194743
75935ms,75935,524.458,0.195062
75967ms,75967,525.162,0.195217
76015ms,76015,525.987,0.195608
76047ms,76047,526.999,0.195845
76079ms,76079,527.837,0.196186
76111ms,76111,528.862,0.196593
76143ms,76143,529.802,0.196973
76175ms,76175,530.741,0.197342
76207ms,76207,531.750,0.197677
76239ms,76239,532.767,0.198151
76271ms,76271,533.895,0.198730
76303ms,76303,534.991,0.199134
76335ms,76335,535.724,0.199674
76367ms,76367,535.502,0.199710
76415ms,76415,535.630,0.199502
76447ms,76447,535.637,0.199547
76479ms,76479,535.640,0.199538
76511ms,76511,535.628,0.199428
76543ms,76543,535.620,0.199489
76575ms,76575,535.638,0.199495
76607ms,76607,535.668,0.199520
76639ms,76639,535.703,0.199568
76671ms,76671,535.653,0.199449
76703ms,76703,535.689,0.199513
76735ms,76735,535.773,0.199583
76767ms,76767,535.449,0.199779
76815ms,76815,533.836,0.199239
76847ms,76847,531.993,0.198556
76879ms,76879,530.542,0.197903
76911ms,76911,528.737,0.197374
76943ms,76943,527.210,0.196792
76975ms,76975,525.680,0.196155
77007ms,77007,524.518,0.195978
77039ms,77039,523.950,0.195591
77071ms,77071,523.117,0.195501
77103ms,77103,522.074,0.195088
77135ms,77135,521.954,0.194913
77167ms,77167,521.843,0.194786
77200ms,77200,521.980,0.194702
77279ms,77279,521.937,0.194680
77311ms,77311,522.206,0.194580
77375ms,77375,523.288,0.194724
77407ms,77407,523.956,0.194984
77439ms,77439,524.593,0.195076
77471ms,77471,525.466,0.195289
77503ms,77503,526.135,0.195706
77535ms,77535,527.121,0.195976
77567ms,77567,528.101,0.196319
77599ms,77599,529.026,0.196705
77647ms,77647,529.994,0.196926
77679ms,77679,530.895,0.197466
77711ms,77711,532.024,0.197909
77743ms,77743,532.990,0.198342
77775ms,77775,534.277,0.198949
77807ms,77807,535.267,0.199256
77839ms,77839,535.812,0.199695
77871ms,77871,535.565,0.199594
77903ms,77903,535.706,0.199470
77935ms,77935,535.699,0.199483
77967ms,77967,535.724,0.199463
77999ms,77999,535.678,0.199409
78047ms,78047,535.695,0.199547
78079ms,78079,535.729,0.199498
78111ms,78111,535.706,0.199420
78143ms,78143,535.751,0.199435
78207ms,78207,535.846,0.199606
78239ms,78239,535.934,0.199630
78271ms,78271,534.967,0.199664
78303ms,78303,533.396,0.198991
78335ms,78335,531.659,0.198384
78367ms,78367,529.977,0.197885
78399ms,78399,528.333,0.197219
78447ms,78447,526.620,0.196629
78479ms,78479,525.358,0.195978
78575ms,78575,522.439,0.195333
78607ms,78607,522.047,0.195303
78639ms,78639,521.926,0.194906
78671ms,78671,522.014,0.194806
78703ms,78703,522.155,0.194608
78735ms,78735,521.800,0.194703
78767ms,78767,522.081,0.194670
78799ms,78799,522.353,0.194538
78847ms,78847,522.720,0.194585
78879ms,78879,523.492,0.194742
78911ms,78911,523.981,0.194919
78943ms,78943,524.803,0.195176
78975ms,78975,525.630,0.195387
79007ms,79007,526.572,0.195783
79039ms,79039,527.556,0.196126
79071ms,79071,528.387,0.196452
79103ms,79103,529.326,0.196799
79135ms,79135,530.381,0.197260
79167ms,79167,531.403,0.197635
79200ms,79200,532.421,0.197856
79247ms,79247,533.580,0.198494
79279ms,79279,534.595,0.199047
79311ms,79311,535.634,0.199410
79343ms,79343,535.721,0.199724
79375ms,79375,535.680,0.199561
79407ms,79407,535.637,0.199504
79439ms,79439,535.604,0.199519
79471ms,79471,535.634,0.199523
79503ms,79503,535.755,0.199482
79535ms,79535,535.711,0.199444
79567ms,79567,535.752,0.199527
79599ms,79599,535.656,0.199495
79631ms,79631,535.694,0.199516
79679ms,79679,535.725,0.199626
79711ms,79711,535.819,0.199591
79807ms,79807,532.874,0.198991
79839ms,79839,531.199,0.198125
79871ms,79871,529.632,0.197593
79903ms,79903,527.866,0.196975
79935ms,79935,526.316,0.196339
79967ms,79967,524.938,0.195941
79999ms,79999,524.089,0.195592
80031ms,80031,523.686,0.195773
80079ms,80079,522.113,0.195092
80111ms,80111,521.910,0.195271
80143ms,80143,521.919,0.194880
80175ms,80175,521.928,0.194595
80207ms,80207,521.863,0.194512
80239ms,80239,521.881,0.194433
80271ms,80271,522.084,0.194509
80303ms,80303,522.575,0.194406
80335ms,80335,523.012,0.194725
80367ms,80367,523.524,0.194815
80399ms,80399,524.254,0.195114
80431ms,80431,525.070,0.195313
80479ms,80479,525.780,0.195483
80511ms,80511,526.611,0.195820
80543ms,80543,527.593,0.196197
80575ms,80575,528.636,0.196379
80607ms,80607,529.551,0.196912
80639ms,80639,530.443,0.197204
80671ms,80671,531.424,0.197652
80703ms,80703,532.574,0.198059
80735ms,80735,533.635,0.198563
80767ms,80767,534.822,0.199138
80799ms,80799,535.708,0.199492
80831ms,80831,535.520,0.199706
80879ms,80879,535.745,0.199518
80911ms,80911,535.712,0.199449
80943ms,80943,535.767,0.199537
80975ms,80975,535.690,0.199518
81007ms,81007,535.733,0.199571
81071ms,81071,535.713,0.199519
81103ms,81103,535.755,0.199490
81135ms,81135,535.733,0.199470
81167ms,81167,535.781,0.199486
81199ms,81199,535.831,0.199607
81231ms,81231,535.866,0.199719
81279ms,81279,534.426,0.199450
81311ms,81311,532.718,0.198799
81343ms,81343,530.982,0.198162
81375ms,81375,529.385,0.197684
81407ms,81407,527.571,0.197004
81471ms,81471,524.608,0.195811
81503ms,81503,523.968,0.195573
81535ms,81535,523.558,0.195756
81567ms,81567,521.998,0.194848
81599ms,81599,522.002,0.195128
81631ms,81631,521.960,0.194815
81679ms,81679,521.988,0.194601
81711ms,81711,521.954,0.194658
81743ms,81743,521.977,0.194444
81807ms,81807,522.547,0.194619
81839ms,81839,523.024,0.194660
81871ms,81871,523.604,0.194801
81903ms,81903,524.307,0.195068
81935ms,81935,525.112,0.195288
81967ms,81967,525.909,0.195477
81999ms,81999,526.759,0.195905
82031ms,82031,527.758,0.196207
82079ms,82079,528.703,0.196504
82111ms,82111,529.576,0.196778
82143ms,82143,530.642,0.197317
82175ms,82175,531.608,0.197643
82207ms,82207,532.512,0.198045
82239ms,82239,533.805,0.198703
82271ms,82271,534.913,0.199137
82303ms,82303,535.800,0.199605
82335ms,82335,535.524,0.199606
82367ms,82367,535.744,0.199555
82399ms,82399,535.703,0.199473
82431ms,82431,535.683,0.199517
82479ms,82479,535.651,0.199571
82511ms,82511,535.666,0.199499
82543ms,82543,535.748,0.199495
82575ms,82575,535.695,0.199658
82607ms,82607,535.745,0.199573
82639ms,82639,535.764,0.199532
82671ms,82671,535.759,0.199590
82703ms,82703,535.744,0.199519
82735ms,82735,535.743,0.199718
82767ms,82767,534.293,0.199505
82799ms,82799,532.623,0.198788
82831ms,82831,531.106,0.198064
82879ms,82879,529.357,0.197685
82911ms,82911,527.657,0.196898
82943ms,82943,526.050,0.196365
83007ms,83007,524.016,0.195667
83039ms,83039,523.594,0.195642
83071ms,83071,522.153,0.195129
83167ms,83167,521.852,0.194412
83199ms,83199,521.879,0.194544
83231ms,83231,521.962,0.194437
83279ms,83279,522.245,0.194540
83343ms,83343,523.163,0.194659
83375ms,83375,523.745,0.194839
83407ms,83407,524.358,0.195085
83439ms,83439,525.211,0.195278
83471ms,83471,526.075,0.195624
83503ms,83503,527.005,0.195909
83535ms,83535,527.754,0.196305
83567ms,83567,528.868,0.196547
83599ms,83599,529.877,0.196963
83631ms,83631,530.827,0.197392
83679ms,83679,531.852,0.197826
83711ms,83711,532.944,0.198186
83743ms,83743,534.086,0.198745
83775ms,83775,535.023,0.199146
83839ms,83839,535.490,0.199678
83871ms,83871,535.712,0.199628
83903ms,83903,535.660,0.199526
83935ms,83935,535.735,0.199505
83967ms,83967,535.755,0.199575
83999ms,83999,535.744,0.199535
84031ms,84031,535.710,0.199575
84079ms,84079,535.762,0.199624
84111ms,84111,535.716,0.199537
84143ms,84143,535.784,0.199506
84175ms,84175,535.808,0.199606
84207ms,84207,535.913,0.199623
84239ms,84239,535.567,0.199798
84271ms,84271,533.851,0.199136
84303ms,84303,532.176,0.198592
84335ms,84335,530.531,0.197974
84367ms,84367,528.775,0.197372
84399ms,84399,527.129,0.196723
84431ms,84431,525.633,0.196131
84479ms,84479,524.389,0.195829
84511ms,84511,523.800,0.195615
84543ms,84543,523.062,0.195481
84575ms,84575,521.959,0.194911
84607ms,84607,521.934,0.194786
84639ms,84639,521.939,0.194620
84671ms,84671,521.909,0.194679
84703ms,84703,521.870,0.194703
84735ms,84735,522.017,0.194641
84767ms,84767,522.160,0.194516
84799ms,84799,522.632,0.194605
84831ms,84831,523.330,0.194578
84879ms,84879,523.807,0.194820
84911ms,84911,524.495,0.195050
84943ms,84943,525.486,0.195351
84975ms,84975,526.160,0.195605
85007ms,85007,527.198,0.195842
85039ms,85039,527.995,0.196260
85071ms,85071,529.067,0.196594
85103ms,85103,530.072,0.197050
85135ms,85135,530.913,0.197396
85167ms,85167,532.068,0.197916
85199ms,85199,532.922,0.198360
85231ms,85231,534.162,0.198837
85311ms,85311,535.832,0.199709
85375ms,85375,535.623,0.199548
85407ms,85407,535.617,0.199457
85441ms,85441,535.651,0.199518
85471ms,85471,535.685,0.199477
85503ms,85503,535.660,0.199510
85535ms,85535,535.701,0.199502
85567ms,85567,535.678,0.199484
85599ms,85599,535.698,0.199511
85631ms,85631,535.703,0.199492
85663ms,85663,535.739,0.199579
85711ms,85711,536.015,0.199532
85743ms,85743,535.390,0.199726
85807ms,85807,531.956,0.198502
85839ms,85839,530.616,0.197882
85871ms,85871,528.792,0.197435
85903ms,85903,527.078,0.196641
85935ms,85935,525.588,0.196115
85967ms,85967,524.360,0.195867
85999ms,85999,523.837,0.195725
86031ms,86031,522.971,0.195461
86063ms,86063,521.991,0.194934
86111ms,86111,522.023,0.194861
86143ms,86143,522.033,0.194848
86175ms,86175,522.081,0.194668
86207ms,86207,521.888,0.194690
86239ms,86239,521.980,0.194609
86271ms,86271,522.273,0.194535
86303ms,86303,522.786,0.194581
86335ms,86335,523.375,0.194806
86367ms,86367,524.017,0.194870
86399ms,86399,524.616,0.195266
86431ms,86431,525.628,0.195405
86463ms,86463,526.467,0.195779
86511ms,86511,527.423,0.195976
86543ms,86543,528.283,0.196345
86575ms,86575,529.167,0.196787
86607ms,86607,530.181,0.196995
86639ms,86639,531.148,0.197604
86671ms,86671,532.165,0.197861
86703ms,86703,533.129,0.198362
86735ms,86735,534.376,0.198806
86767ms,86767,535.328,0.199253
86803ms,86803,535.793,0.199749
86831ms,86831,535.678,0.199427
86863ms,86863,535.620,0.199408
86911ms,86911,535.627,0.199452
86943ms,86943,535.671,0.199492
86975ms,86975,535.707,0.199521
87007ms,87007,535.707,0.199521
87071ms,87071,535.688,0.199472
87103ms,87103,535.690,0.199506
87135ms,87135,535.692,0.199612
87167ms,87167,535.686,0.199488
87231ms,87231,535.116,0.199663
87263ms,87263,533.510,0.199142
87311ms,87311,531.728,0.198335
87343ms,87343,530.168,0.197792
87375ms,87375,528.619,0.197233
87407ms,87407,526.937,0.196526
87439ms,87439,525.459,0.196081
87471ms,87471,524.299,0.195686
87503ms,87503,523.979,0.195410
87535ms,87535,522.720,0.195510
87567ms,87567,522.111,0.195146
87599ms,87599,521.792,0.194936
87631ms,87631,521.836,0.194662
87663ms,87663,522.014,0.194657
87711ms,87711,522.022,0.194621
87743ms,87743,521.976,0.194383
87775ms,87775,522.343,0.194528
87807ms,87807,522.905,0.194645
87839ms,87839,523.410,0.194612
87871ms,87871,523.911,0.194762
87903ms,87903,524.685,0.195076
87935ms,87935,525.517,0.195390
87999ms,87999,527.348,0.195927
88031ms,88031,528.214,0.196366
88063ms,88063,529.143,0.196585
88111ms,88111,530.089,0.197033
88143ms,88143,531.080,0.197410
88175ms,88175,532.203,0.197894
88207ms,88207,533.162,0.198414
88239ms,88239,534.390,0.198813
88271ms,88271,535.441,0.199368
88303ms,88303,535.849,0.199696
88335ms,88335,535.739,0.199525
88367ms,88367,535.711,0.199453
88399ms,88399,535.738,0.199540
88431ms,88431,535.752,0.199545
88511ms,88511,535.793,0.199487
88543ms,88543,535.801,0.199512
88575ms,88575,535.782,0.199624
88607ms,88607,535.830,0.199556
88639ms,88639,535.844,0.199527
88671ms,88671,535.777,0.199478
88703ms,88703,536.026,0.199610
88735ms,88735,535.314,0.199736
88767ms,88767,533.675,0.199185
88799ms,88799,531.885,0.198537
88831ms,88831,530.270,0.197835
88863ms,88863,528.477,0.197382
88911ms,88911,526.811,0.196686
88943ms,88943,525.310,0.196115
88975ms,88975,524.018,0.195608
89007ms,89007,523.759,0.195614
89039ms,89039,522.339,0.195340
89071ms,89071,521.937,0.195016
89103ms,89103,521.834,0.194581
89135ms,89135,521.889,0.194811
89167ms,89167,522.089,0.194592
89199ms,89199,521.943,0.194450
89231ms,89231,522.030,0.194524
89263ms,89263,522.390,0.194593
89311ms,89311,522.838,0.194621
89343ms,89343,523.516,0.194896
89375ms,89375,524.134,0.194953
89407ms,89407,524.874,0.195195
89439ms,89439,525.761,0.195554
89471ms,89471,526.458,0.195753
89503ms,89503,527.460,0.196081
89535ms,89535,528.351,0.196395
89567ms,89567,529.253,0.196843
89599ms,89599,530.301,0.197186
89631ms,89631,531.438,0.197599
89663ms,89663,532.549,0.198046
89695ms,89695,533.683,0.198612
89775ms,89775,535.741,0.199578
89807ms,89807,535.732,0.199628
89839ms,89839,535.913,0.199585
89871ms,89871,535.788,0.199526
89903ms,89903,535.807,0.199499
89935ms,89935,535.804,0.199485
89967ms,89967,535.773,0.199509
89999ms,89999,535.731,0.199564
90063ms,90063,535.739,0.199507
90095ms,90095,535.711,0.199387
90143ms,90143,535.702,0.199568
90175ms,90175,535.812,0.199599
90207ms,90207,535.829,0.199745
90239ms,90239,534.254,0.199468
90271ms,90271,532.590,0.198783
90303ms,90303,530.923,0.198075
90335ms,90335,529.374,0.197611
90367ms,90367,527.828,0.196996
90399ms,90399,526.160,0.196429
90431ms,90431,524.778,0.195873
90463ms,90463,523.892,0.195570
90495ms,90495,523.579,0.195784
90543ms,90543,522.104,0.195039
90575ms,90575,522.015,0.195042
90607ms,90607,521.922,0.194772
90639ms,90639,521.788,0.194713
90671ms,90671,522.050,0.194766
90703ms,90703,521.931,0.194599
90735ms,90735,522.280,0.194576
90767ms,90767,522.633,0.194488
90799ms,90799,523.093,0.194727
90863ms,90863,524.450,0.195082
90895ms,90895,525.260,0.195237
90943ms,90943,526.112,0.195662
90975ms,90975,526.961,0.195851
91007ms,91007,527.808,0.196295
91039ms,91039,528.924,0.196556
91071ms,91071,529.942,0.197009
91135ms,91135,531.907,0.197822
91167ms,91167,532.904,0.198283
91199ms,91199,534.125,0.198720
91231ms,91231,535.240,0.199225
91263ms,91263,535.967,0.199681
91295ms,91295,535.463,0.199646
91343ms,91343,535.635,0.199475
91375ms,91375,535.682,0.199587
91407ms,91407,535.647,0.199509
91439ms,91439,535.650,0.199494
91471ms,91471,535.652,0.199480
91503ms,91503,535.599,0.199417
91535ms,91535,535.653,0.199392
91567ms,91567,535.597,0.199457
91599ms,91599,535.742,0.199415
91631ms,91631,535.730,0.199456
91663ms,91663,535.831,0.199579
91695ms,91695,535.244,0.199667
91743ms,91743,533.669,0.199110
91775ms,91775,531.878,0.198581
91807ms,91807,530.539,0.197798
91839ms,91839,528.733,0.197350
91871ms,91871,527.090,0.196806
91903ms,91903,525.618,0.196193
91935ms,91935,524.392,0.195749
91967ms,91967,523.785,0.195572
91999ms,91999,523.021,0.195300
92031ms,92031,522.040,0.195092
92063ms,92063,522.016,0.194950
92095ms,92095,521.895,0.194783
92143ms,92143,522.074,0.194584
92175ms,92175,521.947,0.194689
92207ms,92207,522.079,0.194587
92239ms,92239,522.292,0.194650
92271ms,92271,522.611,0.194687
92303ms,92303,523.170,0.194696
92335ms,92335,523.850,0.195053
92367ms,92367,524.495,0.195076
92399ms,92399,525.312,0.195307
92431ms,92431,526.103,0.195533
92463ms,92463,527.024,0.195923
92495ms,92495,527.847,0.196232
92543ms,92543,528.964,0.196523
92575ms,92575,529.810,0.197036
92607ms,92607,530.813,0.197354
92671ms,92671,532.911,0.198316
92703ms,92703,534.178,0.198843
92735ms,92735,535.142,0.199208
92767ms,92767,535.842,0.199622
92799ms,92799,535.555,0.199613
92831ms,92831,535.729,0.199581
92863ms,92863,535.737,0.199542
92895ms,92895,535.755,0.199512
92943ms,92943,535.770,0.199524
92975ms,92975,535.675,0.199533
93007ms,93007,535.723,0.199535
93039ms,93039,535.712,0.199500
93071ms,93071,535.666,0.199539
93103ms,93103,535.760,0.199525
93135ms,93135,535.716,0.199496
93167ms,93167,535.897,0.199612
93199ms,93199,535.377,0.199681
93295ms,93295,530.414,0.197883
93343ms,93343,528.727,0.197313
93375ms,93375,527.072,0.196737
93407ms,93407,525.651,0.196060
93439ms,93439,524.387,0.195753
93471ms,93471,523.797,0.195507
93503ms,93503,522.849,0.195403
93535ms,93535,521.917,0.195154
93567ms,93567,521.954,0.194985
93599ms,93599,521.985,0.194686
93631ms,93631,522.042,0.194654
93663ms,93663,522.015,0.194611
93695ms,93695,522.042,0.194552
93743ms,93743,522.214,0.194539
93775ms,93775,522.741,0.194489
93807ms,93807,523.336,0.194619
93839ms,93839,523.958,0.194835
93871ms,93871,524.709,0.195197
93903ms,93903,525.571,0.195272
93935ms,93935,526.289,0.195551
93967ms,93967,527.125,0.195942
93999ms,93999,528.065,0.196161
94031ms,94031,529.117,0.196687
94063ms,94063,530.027,0.197061
94095ms,94095,531.062,0.197502
94143ms,94143,532.236,0.197928
94175ms,94175,533.214,0.198390
94207ms,94207,534.345,0.198942
94239ms,94239,535.384,0.199262
94271ms,94271,535.677,0.199634
94303ms,94303,535.583,0.199486
94335ms,94335,535.529,0.199532
94367ms,94367,535.590,0.199506
94399ms,94399,535.580,0.199504
94431ms,94431,535.532,0.199399
94463ms,94463,535.606,0.199510
94495ms,94495,535.544,0.199449
94527ms,94527,535.573,0.199471
94575ms,94575,535.585,0.199447
94607ms,94607,535.647,0.199481
94671ms,94671,535.755,0.199635
94703ms,94703,534.729,0.199662
94735ms,94735,533.170,0.198957
94767ms,94767,531.380,0.198293
94799ms,94799,529.869,0.197802
94831ms,94831,528.166,0.197121
94863ms,94863,526.412,0.196448
94895ms,94895,525.072,0.195877
94927ms,94927,524.013,0.195538
94975ms,94975,523.863,0.195706
95007ms,95007,522.217,0.195233
95071ms,95071,521.880,0.194692
95103ms,95103,521.866,0.194546
95135ms,95135,521.902,0.194553
95167ms,95167,522.001,0.194681
95199ms,95199,522.086,0.194513
95231ms,95231,522.543,0.194653
95263ms,95263,522.911,0.194816
95295ms,95295,523.552,0.194892
95375ms,95375,525.056,0.195135
95407ms,95407,525.806,0.195525
95439ms,95439,526.776,0.195789
95471ms,95471,527.617,0.196110
95503ms,95503,528.702,0.196489
95535ms,95535,529.700,0.196917
95567ms,95567,530.655,0.197227
95599ms,95599,531.780,0.197810
95631ms,95631,532.684,0.198163
95663ms,95663,533.854,0.198660
95695ms,95695,534.945,0.199170
95727ms,95727,535.928,0.199592
95775ms,95775,535.585,0.199613
95807ms,95807,535.735,0.199424
95839ms,95839,535.686,0.199544
95871ms,95871,535.654,0.199474
95903ms,95903,535.660,0.199450
95935ms,95935,535.716,0.199491
95967ms,95967,535.701,0.199518
95999ms,95999,535.720,0.199496
96031ms,96031,535.700,0.199445
96063ms,96063,535.714,0.199507
96095ms,96095,535.763,0.199504
96127ms,96127,535.864,0.199469
96175ms,96175,535.666,0.199752
96207ms,96207,534.131,0.199299
96239ms,96239,532.525,0.198713
96271ms,96271,530.810,0.198078
96303ms,96303,529.110,0.197450
96335ms,96335,527.396,0.196919
96367ms,96367,526.014,0.196236
96399ms,96399,524.678,0.195821
96431ms,96431,523.889,0.195609
96463ms,96463,523.388,0.195670
96495ms,96495,521.912,0.195048
96575ms,96575,521.967,0.194788
96639ms,96639,522.080,0.194561
96703ms,96703,522.201,0.194431
96735ms,96735,522.640,0.194584
96767ms,96767,523.191,0.194757
96799ms,96799,523.838,0.194937
96831ms,96831,524.515,0.195115
96863ms,96863,525.359,0.195325
96895ms,96895,526.210,0.195662
96927ms,96927,527.027,0.195872
96975ms,96975,527.944,0.196312
97007ms,97007,528.978,0.196539
97039ms,97039,529.856,0.197043
97103ms,97103,531.906,0.197805
97135ms,97135,532.968,0.198232
97167ms,97167,534.150,0.198884
97199ms,97199,535.189,0.199224
97231ms,97231,535.759,0.199570
97263ms,97263,535.558,0.199617
97295ms,97295,535.692,0.199566
97327ms,97327,535.730,0.199509
97375ms,97375,535.754,0.199583
97407ms,97407,535.767,0.199556
97439ms,97439,535.797,0.199628
97471ms,97471,535.747,0.199602
97503ms,97503,535.727,0.199531
97535ms,97535,535.750,0.199553
97567ms,97567,535.796,0.199488
97599ms,97599,535.910,0.199508
97631ms,97631,536.029,0.199548
97663ms,97663,535.390,0.199762
97695ms,97695,533.747,0.199197
97727ms,97727,532.030,0.198683
97775ms,97775,530.422,0.197934
97807ms,97807,528.613,0.197286
97839ms,97839,526.993,0.196714
97871ms,97871,525.458,0.196159
97903ms,97903,524.272,0.195802
97935ms,97935,523.922,0.195638
97967ms,97967,522.728,0.195409
97999ms,97999,522.089,0.195264
98031ms,98031,521.907,0.194965
98063ms,98063,522.011,0.194647
98095ms,98095,522.001,0.194625
98127ms,98127,522.022,0.194515
98175ms,98175,522.093,0.194509
98207ms,98207,522.329,0.194547
98207ms,98207,522.329,0.194547
98239ms,98239,522.937,0.194522
98239ms,98239,522.937,0.194522
98271ms,98271,523.463,0.194885
98271ms,98271,523.463,0.194885
98303ms,98303,524.074,0.195013
98335ms,98335,524.842,0.195199
98367ms,98367,525.677,0.195362
98399ms,98399,526.418,0.195766
98463ms,98463,528.369,0.196412
98495ms,98495,529.278,0.196790
98527ms,98527,530.304,0.197127
98575ms,98575,531.282,0.197559
98607ms,98607,532.311,0.198017
98671ms,98671,534.639,0.198994
98703ms,98703,535.666,0.199393
98735ms,98735,535.852,0.199768
98767ms,98767,535.809,0.199472
98799ms,98799,535.760,0.199396
98831ms,98831,535.808,0.199532
98863ms,98863,535.810,0.199531
98895ms,98895,535.731,0.199558
98927ms,98927,535.754,0.199524
98975ms,98975,535.737,0.199368
99007ms,99007,535.788,0.199564
99039ms,99039,535.728,0.199524
99071ms,99071,535.791,0.199457
99103ms,99103,535.787,0.199567
99135ms,99135,535.953,0.199689
99167ms,99167,534.944,0.199618
99199ms,99199,533.306,0.199035
99231ms,99231,531.545,0.198353
99263ms,99263,529.969,0.197776
99295ms,99295,528.166,0.197068
99327ms,99327,526.541,0.196349
99375ms,99375,525.180,0.195871
99407ms,99407,524.114,0.195636
99439ms,99439,523.881,0.195649
99471ms,99471,522.216,0.195097
99503ms,99503,522.123,0.195199
99535ms,99535,522.003,0.194777
99567ms,99567,521.859,0.194772
99599ms,99599,522.003,0.194417
99631ms,99631,521.876,0.194536
99663ms,99663,522.173,0.194541
99695ms,99695,522.435,0.194627
99727ms,99727,522.847,0.194609
99759ms,99759,523.548,0.194771
99807ms,99807,524.095,0.194967
99839ms,99839,524.867,0.195281
99871ms,99871,525.773,0.195428
99903ms,99903,526.664,0.195750
99935ms,99935,527.521,0.196095
99967ms,99967,528.589,0.196491
99999ms,99999,529.514,0.196892
100031ms,100031,530.606,0.197191
100063ms,100063,531.624,0.197705
100095ms,100095,532.698,0.197990
100127ms,100127,533.783,0.198664
100159ms,100159,534.861,0.199125
100207ms,100207,535.816,0.199607
100239ms,100239,535.703,0.199890
100271ms,100271,535.957,0.199545
100335ms,100335,535.791,0.199651
100367ms,100367,535.812,0.199581
100399ms,100399,535.751,0.199530
100431ms,100431,535.835,0.199565
100463ms,100463,535.889,0.199642
100495ms,100495,535.811,0.199580
100559ms,100559,535.864,0.199620
100607ms,100607,535.947,0.199606
100639ms,100639,535.917,0.199894
100671ms,100671,534.461,0.199516
100703ms,100703,532.734,0.198822
100735ms,100735,531.070,0.198076
100767ms,100767,529.392,0.197602
100799ms,100799,527.716,0.196877
100831ms,100831,526.245,0.196444
100863ms,100863,524.635,0.195914
100895ms,100895,523.854,0.195724
100927ms,100927,523.555,0.195631
100959ms,100959,521.913,0.194952
101007ms,101007,521.988,0.194956
101039ms,101039,521.939,0.194793
101071ms,101071,521.840,0.194708
101103ms,101103,522.060,0.194752
101135ms,101135,521.966,0.194681
101167ms,101167,522.312,0.194593
101199ms,101199,522.584,0.194593
101231ms,101231,523.220,0.194642
101263ms,101263,523.725,0.194815
101295ms,101295,524.436,0.195123
101327ms,101327,525.367,0.195279
101359ms,101359,525.991,0.195639
101407ms,101407,527.054,0.195882
101439ms,101439,527.870,0.196263
101471ms,101471,528.844,0.196568
101503ms,101503,529.791,0.196853
101535ms,101535,530.726,0.197325
101567ms,101567,531.852,0.197755
101599ms,101599,532.967,0.198326
101631ms,101631,534.183,0.198834
101663ms,101663,535.200,0.199241
101695ms,101695,535.792,0.199636
101727ms,101727,535.496,0.199625
101759ms,101759,535.592,0.199556
101807ms,101807,535.683,0.199512
101839ms,101839,535.721,0.199511
101871ms,101871,535.713,0.199571
101903ms,101903,535.702,0.199539
101935ms,101935,535.678,0.199522
101967ms,101967,535.652,0.199508
101999ms,101999,535.739,0.199500
102031ms,102031,535.745,0.199557
102063ms,102063,535.857,0.199481
102095ms,102095,535.907,0.199620
102159ms,102159,533.773,0.199167
102207ms,102207,531.940,0.198562
102239ms,102239,530.435,0.197821
102271ms,102271,528.797,0.197434
102303ms,102303,527.098,0.196892
102367ms,102367,524.391,0.195752
102399ms,102399,523.802,0.195474
102431ms,102431,522.883,0.195350
102463ms,102463,522.117,0.195136
102495ms,102495,521.938,0.194908
102527ms,102527,521.790,0.194712
102559ms,102559,521.916,0.194601
102607ms,102607,521.982,0.194501
102639ms,102639,522.002,0.194678
102671ms,102671,522.268,0.194636
102703ms,102703,522.850,0.194473
102735ms,102735,523.404,0.194848
102767ms,102767,524.010,0.194814
102799ms,102799,524.765,0.195233
102831ms,102831,525.636,0.195480
102863ms,102863,526.416,0.195761
102895ms,102895,527.413,0.195921
102927ms,102927,528.275,0.196369
102959ms,102959,529.176,0.196764
103007ms,103007,530.290,0.197102
103039ms,103039,531.177,0.197537
103071ms,103071,532.174,0.197919
103103ms,103103,533.307,0.198376
103135ms,103135,534.459,0.198923
103167ms,103167,535.503,0.199486
103199ms,103199,535.857,0.199737
103231ms,103231,535.784,0.199501
103263ms,103263,535.718,0.199463
103295ms,103295,535.697,0.199480
103327ms,103327,535.743,0.199486
103359ms,103359,535.785,0.199504
103407ms,103407,535.733,0.199504
103439ms,103439,535.777,0.199492
103503ms,103503,535.745,0.199535
103535ms,103535,535.739,0.199399
103567ms,103567,535.729,0.199493
103599ms,103599,535.932,0.199670
103631ms,103631,534.909,0.199600
103663ms,103663,533.273,0.199100
103695ms,103695,531.613,0.198445
103727ms,103727,529.812,0.197790
103759ms,103759,528.182,0.197187
103791ms,103791,526.633,0.196595
103871ms,103871,523.950,0.195565
103903ms,103903,523.873,0.195591
103935ms,103935,522.367,0.195228
103967ms,103967,522.153,0.195199
103999ms,103999,521.851,0.194657
104031ms,104031,521.862,0.194774
104063ms,104063,522.071,0.194603
104095ms,104095,521.905,0.194442
104127ms,104127,522.147,0.194702
104159ms,104159,522.413,0.194532
104207ms,104207,522.924,0.194714
104239ms,104239,523.552,0.194751
104271ms,104271,524.138,0.195010
104303ms,104303,525.004,0.195113
104335ms,104335,525.763,0.195518
104367ms,104367,526.578,0.195767
104399ms,104399,527.469,0.196089
104431ms,104431,528.503,0.196389
104463ms,104463,529.551,0.196819
104495ms,104495,530.407,0.197232
104527ms,104527,531.407,0.197643
104559ms,104559,532.419,0.198006
104591ms,104591,533.700,0.198583
104639ms,104639,534.857,0.198967
104671ms,104671,535.952,0.199542
104703ms,104703,535.895,0.199736
104735ms,104735,535.915,0.199564
104767ms,104767,535.792,0.199521
104799ms,104799,535.802,0.199515
104831ms,104831,535.811,0.199528
104895ms,104895,535.859,0.199589
104927ms,104927,535.784,0.199597
104959ms,104959,535.799,0.199499
105007ms,105007,535.798,0.199479
105039ms,105039,535.884,0.199543
105071ms,105071,535.898,0.199656
105103ms,105103,536.059,0.199804
105135ms,105135,534.569,0.199556
105167ms,105167,532.925,0.198926
105199ms,105199,531.159,0.198218
105231ms,105231,529.556,0.197567
105263ms,105263,527.794,0.197063
105295ms,105295,526.233,0.196409
105327ms,105327,524.834,0.195836
105359ms,105359,523.947,0.195558
105391ms,105391,523.611,0.195727
105439ms,105439,522.003,0.195125
105471ms,105471,521.962,0.195209
105503ms,105503,522.087,0.194745
105535ms,105535,521.791,0.194546
105567ms,105567,522.151,0.194525
105599ms,105599,521.958,0.194533
105631ms,105631,522.239,0.194726
105663ms,105663,522.541,0.194663
105695ms,105695,523.100,0.194569
105727ms,105727,523.734,0.194743
105759ms,105759,524.385,0.194957
105791ms,105791,525.334,0.195209
105839ms,105839,526.048,0.195532
105871ms,105871,527.013,0.195829
105903ms,105903,527.862,0.196180
105935ms,105935,528.809,0.196570
105967ms,105967,529.812,0.196947
105999ms,105999,530.864,0.197306
106031ms,106031,531.825,0.197721
106063ms,106063,532.922,0.198255
106095ms,106095,534.139,0.198764
106127ms,106127,535.202,0.199233
106159ms,106159,535.861,0.199557
106191ms,106191,535.498,0.199631
106239ms,106239,535.812,0.199704
106303ms,106303,535.864,0.199598
106367ms,106367,535.813,0.199528
106399ms,106399,535.814,0.199575
106431ms,106431,535.859,0.199541
106463ms,106463,535.851,0.199631
106495ms,106495,535.875,0.199563
106527ms,106527,535.892,0.199600
106559ms,106559,535.994,0.199692
106591ms,106591,535.168,0.199784
106639ms,106639,533.521,0.199247
106671ms,106671,531.816,0.198397
106703ms,106703,530.290,0.197714
106735ms,106735,528.606,0.197307
106767ms,106767,526.951,0.196750
106799ms,106799,525.362,0.196236
106831ms,106831,524.158,0.195649
106863ms,106863,523.765,0.195772
106895ms,106895,522.434,0.195162
106927ms,106927,522.070,0.195230
106959ms,106959,521.835,0.194718
106991ms,106991,521.926,0.194723
107039ms,107039,522.118,0.194707
107071ms,107071,521.997,0.194618
107103ms,107103,522.159,0.194504
107135ms,107135,522.428,0.194676
107167ms,107167,522.862,0.194592
107199ms,107199,523.540,0.194876
107231ms,107231,524.167,0.194906
107263ms,107263,524.883,0.195195
107295ms,107295,525.854,0.195478
107327ms,107327,526.513,0.195730
107359ms,107359,527.539,0.196111
107391ms,107391,528.505,0.196410
107439ms,107439,529.481,0.196726
107471ms,107471,530.472,0.197198
107503ms,107503,531.559,0.197757
107535ms,107535,532.605,0.198005
107599ms,107599,534.910,0.199157
107631ms,107631,535.834,0.199504
107663ms,107663,535.850,0.199756
107695ms,107695,536.045,0.199635
107727ms,107727,535.900,0.199504
107759ms,107759,535.895,0.199561
107791ms,107791,535.947,0.199522
107871ms,107871,535.972,0.199565
107903ms,107903,535.956,0.199468
107935ms,107935,536.008,0.199545
107967ms,107967,535.902,0.199603
107999ms,107999,535.918,0.199579
108031ms,108031,535.992,0.199587
108063ms,108063,535.967,0.199873
108095ms,108095,534.409,0.199427
108127ms,108127,532.693,0.198838
108159ms,108159,531.180,0.198054
108191ms,108191,529.575,0.197661
108239ms,108239,527.888,0.196948
108271ms,108271,526.318,0.196452
108303ms,108303,524.779,0.195904
108335ms,108335,524.053,0.195600
108367ms,108367,523.677,0.195854
108399ms,108399,522.221,0.195225
108431ms,108431,522.143,0.195270
108463ms,108463,521.942,0.194648
108527ms,108527,522.009,0.194674
108559ms,108559,522.057,0.194474
108591ms,108591,522.189,0.194626
108639ms,108639,522.540,0.194580
108671ms,108671,523.148,0.194599
108703ms,108703,523.661,0.194815
108735ms,108735,524.402,0.195055
108767ms,108767,525.305,0.195343
108799ms,108799,526.187,0.195519
108831ms,108831,526.945,0.195755
108895ms,108895,528.899,0.196587
108927ms,108927,529.670,0.196841
108959ms,108959,530.850,0.197299
108991ms,108991,531.741,0.197873
109039ms,109039,532.963,0.198220
109071ms,109071,534.198,0.198757
109103ms,109103,535.195,0.199141
109135ms,109135,536.063,0.199659
109167ms,109167,535.688,0.199825
109199ms,109199,535.927,0.199638
109231ms,109231,535.958,0.199634
109263ms,109263,535.944,0.199571
109295ms,109295,535.953,0.199468
109327ms,109327,535.959,0.199502
109359ms,109359,535.960,0.199555
109391ms,109391,535.998,0.199526
109439ms,109439,535.951,0.199617
109471ms,109471,536.004,0.199547
109503ms,109503,536.044,0.199612
109535ms,109535,536.218,0.199650
109567ms,109567,535.533,0.199820
109599ms,109599,533.876,0.199199
109631ms,109631,532.246,0.198554
109663ms,109663,530.672,0.197888
109695ms,109695,528.937,0.197335
109727ms,109727,527.237,0.196797
109759ms,109759,525.788,0.196304
109791ms,109791,524.599,0.195811
109839ms,109839,523.963,0.195573
109871ms,109871,523.282,0.195522
109903ms,109903,522.160,0.195089
109935ms,109935,522.015,0.195156
109967ms,109967,521.879,0.194780
109999ms,109999,521.917,0.194600
110031ms,110031,521.972,0.194580
110063ms,110063,522.082,0.194619
110095ms,110095,522.239,0.194473
110127ms,110127,522.826,0.194538
110159ms,110159,523.289,0.194819
110223ms,110223,524.593,0.195263
110271ms,110271,525.543,0.195375
110367ms,110367,528.231,0.196291
110399ms,110399,529.236,0.196556
110431ms,110431,530.127,0.196932
110463ms,110463,531.106,0.197501
110495ms,110495,532.159,0.197949
110527ms,110527,533.173,0.198337
110559ms,110559,534.348,0.198882
110591ms,110591,535.242,0.199220
110623ms,110623,535.880,0.199605
110671ms,110671,535.753,0.199537
110703ms,110703,535.798,0.199581
110735ms,110735,535.887,0.199468
110767ms,110767,535.853,0.199471
110799ms,110799,535.838,0.199587
110831ms,110831,535.856,0.199557
110863ms,110863,535.897,0.199501
110895ms,110895,535.884,0.199551
110959ms,110959,535.926,0.199573
110991ms,110991,535.947,0.199557
111023ms,111023,536.035,0.199647
111071ms,111071,535.035,0.199668
111103ms,111103,533.456,0.199048
111135ms,111135,531.719,0.198304
111167ms,111167,530.087,0.197786
111199ms,111199,528.402,0.197272
111231ms,111231,526.706,0.196652
111263ms,111263,525.284,0.196106
111295ms,111295,524.232,0.195628
111327ms,111327,523.763,0.195796
111359ms,111359,522.395,0.195194
111391ms,111391,522.149,0.195221
111423ms,111423,521.932,0.194762
111471ms,111471,521.778,0.194494
111503ms,111503,521.991,0.194617
111567ms,111567,522.157,0.194500
111599ms,111599,522.477,0.194684
111631ms,111631,522.984,0.194582
111663ms,111663,523.613,0.194620
111695ms,111695,524.123,0.194829
111727ms,111727,524.954,0.195148
111759ms,111759,525.928,0.195435
111791ms,111791,526.661,0.195712
111823ms,111823,527.612,0.196064
111871ms,111871,528.584,0.196319
111903ms,111903,529.641,0.196801
111935ms,111935,530.612,0.197225
111967ms,111967,531.599,0.197683
111999ms,111999,532.696,0.198112
112031ms,112031,533.823,0.198563
112063ms,112063,534.888,0.199058
112095ms,112095,535.797,0.199449
112127ms,112127,535.723,0.199830
112159ms,112159,535.950,0.199569
112191ms,112191,535.940,0.199561
112223ms,112223,535.946,0.199573
112271ms,112271,535.927,0.199567
112303ms,112303,535.924,0.199552
112335ms,112335,535.896,0.199610
112367ms,112367,535.919,0.199508
112399ms,112399,535.915,0.199603
112431ms,112431,535.907,0.199578
112463ms,112463,535.960,0.199546
112495ms,112495,535.954,0.199593
112527ms,112527,535.869,0.199697
112559ms,112559,534.278,0.199420
112591ms,112591,532.615,0.198745
112623ms,112623,530.909,0.198094
112671ms,112671,529.316,0.197611
112703ms,112703,527.695,0.196936
112735ms,112735,526.101,0.196328
112767ms,112767,524.664,0.195971
112799ms,112799,523.808,0.195720
112831ms,112831,523.420,0.195791
112895ms,112895,522.050,0.195079
112927ms,112927,522.037,0.194716
112959ms,112959,521.766,0.194511
113023ms,113023,522.049,0.194761
113071ms,113071,522.299,0.194538
113103ms,113103,522.736,0.194514
113135ms,113135,523.317,0.194850
113167ms,113167,523.857,0.194876
113199ms,113199,524.595,0.195133
113231ms,113231,525.432,0.195316
113263ms,113263,526.267,0.195528
113295ms,113295,527.151,0.195894
113327ms,113327,528.071,0.196200
113359ms,113359,528.945,0.196615
113391ms,113391,529.995,0.196954
113423ms,113423,531.006,0.197414
113471ms,113471,532.003,0.197874
113503ms,113503,533.153,0.198261
113535ms,113535,534.288,0.198884
113567ms,113567,535.299,0.199193
113599ms,113599,535.875,0.199559
113631ms,113631,535.624,0.199554
113663ms,113663,535.859,0.199632
113695ms,113695,535.846,0.199564
113727ms,113727,535.899,0.199592
113759ms,113759,535.905,0.199623
113791ms,113791,535.914,0.199590
113823ms,113823,535.868,0.199564
113871ms,113871,535.849,0.199554
113903ms,113903,535.863,0.199590
113935ms,113935,535.860,0.199533
113967ms,113967,535.970,0.199597
113999ms,113999,535.993,0.199674
114031ms,114031,535.396,0.199687
114063ms,114063,533.780,0.199207
114095ms,114095,532.055,0.198773
114127ms,114127,530.445,0.197905
114159ms,114159,528.765,0.197300
114191ms,114191,527.117,0.196987
114223ms,114223,525.532,0.196126
114255ms,114255,524.429,0.195809
114303ms,114303,523.853,0.195532
114335ms,114335,523.056,0.195490
114367ms,114367,522.053,0.195141
114463ms,114463,521.769,0.194697
114495ms,114495,522.133,0.194646
114527ms,114527,522.067,0.194525
114559ms,114559,522.370,0.194567
114591ms,114591,522.647,0.194666
114623ms,114623,523.268,0.194747
114655ms,114655,523.844,0.194963
114703ms,114703,524.519,0.195051
114735ms,114735,525.414,0.195419
114767ms,114767,526.207,0.195647
114799ms,114799,527.147,0.195932
114831ms,114831,528.029,0.196274
114863ms,114863,529.044,0.196661
114895ms,114895,529.968,0.197010
114927ms,114927,530.907,0.197443
114959ms,114959,531.873,0.197860
114991ms,114991,533.004,0.198298
115023ms,115023,534.222,0.198768
115055ms,115055,535.120,0.199217
115103ms,115103,535.674,0.199616
115135ms,115135,535.526,0.199514
115167ms,115167,535.833,0.199665
115199ms,115199,535.901,0.199545
115231ms,115231,535.907,0.199560
115263ms,115263,535.921,0.199525
115295ms,115295,535.933,0.199502
115327ms,115327,535.946,0.199500
115359ms,115359,535.915,0.199583
115391ms,115391,535.941,0.199581
115423ms,115423,535.943,0.199559
115455ms,115455,535.922,0.199563
115503ms,115503,536.025,0.199608
115535ms,115535,535.705,0.199764
115567ms,115567,533.994,0.199244
115599ms,115599,532.337,0.198601
115631ms,115631,530.848,0.197972
115663ms,115663,529.147,0.197413
115695ms,115695,527.297,0.196838
115759ms,115759,524.529,0.195803
115791ms,115791,523.943,0.195493
115823ms,115823,523.109,0.195417
115855ms,115855,522.000,0.195089
115903ms,115903,522.039,0.194985
115935ms,115935,521.983,0.194769
115967ms,115967,521.867,0.194628
115999ms,115999,522.012,0.194608
116031ms,116031,521.986,0.194497
116063ms,116063,522.375,0.194408
116095ms,116095,522.760,0.194637
116127ms,116127,523.318,0.194750
116159ms,116159,523.808,0.194878
116191ms,116191,524.544,0.195136
116223ms,116223,525.514,0.195481
116255ms,116255,526.319,0.195625
116303ms,116303,527.177,0.196031
116335ms,116335,528.018,0.196319
116367ms,116367,529.084,0.196539
116399ms,116399,529.912,0.197111
116431ms,116431,530.916,0.197465
116463ms,116463,531.958,0.197890
116527ms,116527,534.271,0.198877
116559ms,116559,535.251,0.199160
116591ms,116591,535.856,0.199650
116623ms,116623,535.502,0.199615
116655ms,116655,535.858,0.199633
116703ms,116703,535.894,0.199594
116735ms,116735,535.894,0.199576
116767ms,116767,535.917,0.199641
116799ms,116799,535.920,0.199550
116831ms,116831,535.922,0.199595
116863ms,116863,535.965,0.199539
116895ms,116895,535.938,0.199570
116927ms,116927,535.885,0.199529
116959ms,116959,535.889,0.199537
116991ms,116991,536.065,0.199660
117023ms,117023,535.429,0.199747
117055ms,117055,533.783,0.199189
117103ms,117103,531.974,0.198544
117135ms,117135,530.426,0.197795
117167ms,117167,528.740,0.197300
117199ms,117199,527.040,0.196722
117231ms,117231,525.578,0.196119
117263ms,117263,524.259,0.195764
117295ms,117295,523.938,0.195512
117359ms,117359,522.087,0.195041
117391ms,117391,521.925,0.194882
117423ms,117423,521.932,0.194703
117455ms,117455,521.835,0.194613
117503ms,117503,522.030,0.194625
117535ms,117535,522.034,0.194649
117567ms,117567,522.274,0.194619
117599ms,117599,522.885,0.194527
117631ms,117631,523.372,0.194796
117663ms,117663,524.006,0.194917
117695ms,117695,524.775,0.195185
117727ms,117727,525.550,0.195460
117759ms,117759,526.424,0.195725
117791ms,117791,527.259,0.195896
117903ms,117903,530.287,0.197179
117935ms,117935,531.319,0.197578
117967ms,117967,532.241,0.197959
117999ms,117999,533.409,0.198376
118031ms,118031,534.347,0.198948
118063ms,118063,535.348,0.199259
118095ms,118095,535.695,0.199666
118127ms,118127,535.674,0.199568
118159ms,118159,535.774,0.199464
118191ms,118191,535.782,0.199504
118223ms,118223,535.845,0.199435
118255ms,118255,535.800,0.199529
118303ms,118303,535.848,0.199456
118335ms,118335,535.829,0.199551
118367ms,118367,535.840,0.199509
118399ms,118399,535.822,0.199600
118431ms,118431,535.799,0.199526
118463ms,118463,535.866,0.199583
118495ms,118495,536.069,0.199571
118559ms,118559,533.438,0.199016
118591ms,118591,531.670,0.198466
118655ms,118655,528.409,0.197122
118703ms,118703,526.689,0.196605
118735ms,118735,525.252,0.196108
118767ms,118767,524.181,0.195712
118799ms,118799,523.773,0.195712
118831ms,118831,522.319,0.195300
118895ms,118895,521.960,0.194761
118927ms,118927,521.960,0.194594
118959ms,118959,521.933,0.194631
118991ms,118991,522.009,0.194518
119023ms,119023,522.142,0.194593
119055ms,119055,522.480,0.194534
119103ms,119103,522.997,0.194725
119135ms,119135,523.660,0.194785
119167ms,119167,524.236,0.195065
119199ms,119199,525.111,0.195131
119231ms,119231,525.901,0.195479
119263ms,119263,526.788,0.195838
119295ms,119295,527.642,0.196081
119327ms,119327,528.705,0.196395
119391ms,119391,530.579,0.197170
119423ms,119423,531.579,0.197727
119455ms,119455,532.685,0.198164
119503ms,119503,533.740,0.198593
119535ms,119535,534.742,0.199170
119567ms,119567,535.761,0.199573
119599ms,119599,535.675,0.199758
119631ms,119631,535.881,0.199513
119663ms,119663,535.865,0.199586
119695ms,119695,535.912,0.199535
119727ms,119727,535.876,0.199562
119759ms,119759,535.870,0.199557
119791ms,119791,535.928,0.199546
119823ms,119823,535.841,0.199564
119855ms,119855,535.881,0.199483
119903ms,119903,535.923,0.199489
119935ms,119935,535.966,0.199599
119967ms,119967,535.968,0.199460
119999ms,119999,535.808,0.199947
120031ms,120031,534.238,0.199423
120063ms,120063,532.567,0.198750
120095ms,120095,530.917,0.197988
120127ms,120127,529.228,0.197551
120159ms,120159,527.568,0.196913
120191ms,120191,526.043,0.196252
120223ms,120223,524.535,0.195867
120255ms,120255,523.932,0.195544
120287ms,120287,523.301,0.195560
120335ms,120335,521.965,0.195027
120367ms,120367,522.084,0.195107
120399ms,120399,521.883,0.194760
120431ms,120431,521.920,0.194575
120463ms,120463,522.123,0.194572
120495ms,120495,522.007,0.194551
120527ms,120527,522.394,0.194475
120559ms,120559,522.628,0.194546
120591ms,120591,523.257,0.194659
120623ms,120623,523.947,0.194860
120655ms,120655,524.534,0.195091
120687ms,120687,525.356,0.195304
120735ms,120735,526.208,0.195478
120767ms,120767,527.144,0.195921
120799ms,120799,528.042,0.196428
120831ms,120831,529.012,0.196507
120863ms,120863,529.864,0.196981
120895ms,120895,530.753,0.197438
120927ms,120927,531.847,0.197822
120959ms,120959,533.005,0.198233
120991ms,120991,534.154,0.198737
121023ms,121023,535.086,0.199100
121087ms,121087,535.467,0.199606
121167ms,121167,535.828,0.199627
121199ms,121199,535.898,0.199571
121231ms,121231,535.911,0.199622
121263ms,121263,535.898,0.199606
121295ms,121295,535.942,0.199693
121327ms,121327,535.915,0.199573
121359ms,121359,535.896,0.199576
121391ms,121391,535.910,0.199498
121455ms,121455,536.101,0.199661
121487ms,121487,535.326,0.199622
121535ms,121535,533.768,0.199173
121567ms,121567,531.990,0.198644
121599ms,121599,530.422,0.197887
121631ms,121631,528.778,0.197232
121663ms,121663,526.986,0.196738
121695ms,121695,525.475,0.196178
121727ms,121727,524.433,0.195736
121759ms,121759,523.687,0.195608
121791ms,121791,522.490,0.195199
121823ms,121823,522.190,0.195126
121855ms,121855,522.072,0.194981
121887ms,121887,522.105,0.194769
121935ms,121935,521.832,0.194445
121967ms,121967,522.204,0.194507
121999ms,121999,522.107,0.194612
122031ms,122031,522.400,0.194623
122063ms,122063,522.872,0.194559
122095ms,122095,523.397,0.194677
122127ms,122127,523.974,0.194884
122159ms,122159,524.700,0.195185
122191ms,122191,525.490,0.195418
122223ms,122223,526.301,0.195659
122255ms,122255,527.250,0.195966
122287ms,122287,528.117,0.196215
122335ms,122335,529.203,0.196682
122367ms,122367,530.063,0.196937
122399ms,122399,531.208,0.197447
122431ms,122431,532.158,0.197892
122463ms,122463,533.298,0.198285
122495ms,122495,534.460,0.198895
122527ms,122527,535.455,0.199333
122559ms,122559,535.875,0.199661
122591ms,122591,535.827,0.199431
122623ms,122623,535.760,0.199547
122655ms,122655,535.830,0.199557
122735ms,122735,535.831,0.199542
122767ms,122767,535.850,0.199476
122799ms,122799,535.865,0.199531
122831ms,122831,535.887,0.199595
122863ms,122863,535.825,0.199496
122895ms,122895,535.877,0.199593
122927ms,122927,535.976,0.199567
122991ms,122991,535.040,0.199624
123023ms,123023,533.491,0.199042
123055ms,123055,531.727,0.198391
123087ms,123087,530.092,0.197757
123135ms,123135,528.392,0.197173
123199ms,123199,525.318,0.196006
123231ms,123231,524.093,0.195604
123263ms,123263,523.750,0.195633
123295ms,123295,522.490,0.195362
123327ms,123327,522.254,0.195175
123359ms,123359,521.889,0.194722
123391ms,123391,521.907,0.194651
123423ms,123423,521.922,0.194657
123455ms,123455,522.070,0.194649
123487ms,123487,522.142,0.194586
123535ms,123535,522.419,0.194493
123567ms,123567,522.835,0.194628
123599ms,123599,523.449,0.194721
123631ms,123631,523.976,0.195052
123663ms,123663,524.669,0.195077
123695ms,123695,525.465,0.195394
123727ms,123727,526.331,0.195719
123759ms,123759,527.252,0.196005
123791ms,123791,528.337,0.196255
123823ms,123823,529.179,0.196661
123855ms,123855,530.079,0.197057
123887ms,123887,531.101,0.197477
123935ms,123935,532.156,0.197869
123967ms,123967,533.263,0.198424
123999ms,123999,534.503,0.198889
124031ms,124031,535.439,0.199355
124063ms,124063,535.798,0.199688
124095ms,124095,535.699,0.199460
124127ms,124127,535.762,0.199568
124159ms,124159,535.823,0.199493
124191ms,124191,535.856,0.199566
124223ms,124223,535.832,0.199597
124287ms,124287,535.874,0.199505
124335ms,124335,535.851,0.199506
124367ms,124367,535.758,0.199505
124399ms,124399,535.915,0.199510
124431ms,124431,535.955,0.199480
124463ms,124463,536.047,0.199625
124495ms,124495,535.107,0.199626
124527ms,124527,533.628,0.199106
124559ms,124559,531.899,0.198518
124591ms,124591,530.414,0.197844
124623ms,124623,528.745,0.197236
124655ms,124655,527.016,0.196674
124687ms,124687,525.484,0.196050
124735ms,124735,524.284,0.195746
124767ms,124767,523.795,0.195663
124799ms,124799,522.691,0.195312
124831ms,124831,522.119,0.195036
124863ms,124863,521.993,0.194886
124895ms,124895,521.931,0.194766
124927ms,124927,521.884,0.194673
124959ms,124959,522.063,0.194557
124991ms,124991,522.054,0.194546
125023ms,125023,522.471,0.194619
125055ms,125055,523.088,0.194572
125087ms,125087,523.436,0.194654
125119ms,125119,524.149,0.194845
125167ms,125167,524.945,0.195266
125199ms,125199,525.663,0.195466
125231ms,125231,526.523,0.195922
125263ms,125263,527.374,0.195909
125295ms,125295,528.331,0.196427
125327ms,125327,529.246,0.196722
125359ms,125359,530.298,0.197179
125391ms,125391,531.251,0.197479
125423ms,125423,532.337,0.197991
125455ms,125455,533.527,0.198478
125487ms,125487,534.689,0.198946
125519ms,125519,535.663,0.199319
125599ms,125599,535.869,0.199478
125631ms,125631,535.832,0.199480
125663ms,125663,535.901,0.199576
125695ms,125695,535.956,0.199594
125727ms,125727,535.971,0.199649
125759ms,125759,535.928,0.199646
125791ms,125791,535.950,0.199602
125823ms,125823,535.936,0.199533
125855ms,125855,535.923,0.199548
125887ms,125887,535.903,0.199540
125919ms,125919,536.005,0.199624
125967ms,125967,536.256,0.199782
125999ms,125999,534.830,0.199649
126031ms,126031,533.253,0.199013
126063ms,126063,531.507,0.198419
126095ms,126095,529.899,0.197685
126127ms,126127,528.131,0.197139
126159ms,126159,526.541,0.196502
126191ms,126191,525.088,0.195983
126223ms,126223,524.061,0.195583
126255ms,126255,523.755,0.195684
126287ms,126287,522.367,0.195101
126319ms,126319,522.105,0.195205
126367ms,126367,522.252,0.194813
126399ms,126399,521.832,0.194668
126431ms,126431,522.006,0.194592
126463ms,126463,521.964,0.194481
126495ms,126495,522.306,0.194575
126527ms,126527,522.594,0.194579
126559ms,126559,523.096,0.194635
126591ms,126591,523.731,0.194807
126623ms,126623,524.276,0.194929
126655ms,126655,525.031,0.195177
126719ms,126719,526.890,0.195872
126767ms,126767,527.738,0.196118
126799ms,126799,528.765,0.196452
126831ms,126831,529.644,0.196820
126863ms,126863,530.554,0.197151
126927ms,126927,532.580,0.198100
126959ms,126959,533.706,0.198529
126991ms,126991,534.700,0.199113
127023ms,127023,535.753,0.199515
127055ms,127055,535.637,0.199729
127087ms,127087,535.878,0.199418
127119ms,127119,535.852,0.199500
127167ms,127167,535.816,0.199532
127199ms,127199,535.861,0.199469
127231ms,127231,535.807,0.199485
127263ms,127263,535.798,0.199506
127327ms,127327,535.819,0.199467
127359ms,127359,535.802,0.199486
127391ms,127391,535.782,0.199564
127423ms,127423,535.924,0.199573
127455ms,127455,535.940,0.199763
127487ms,127487,534.530,0.199482
127519ms,127519,532.876,0.198782
127567ms,127567,531.204,0.198150
127599ms,127599,529.714,0.197468
127631ms,127631,527.994,0.196914
127663ms,127663,526.461,0.196411
127695ms,127695,524.950,0.195936
127727ms,127727,523.897,0.195641
127759ms,127759,523.752,0.195681
127791ms,127791,522.289,0.194919
127823ms,127823,522.084,0.195046
127855ms,127855,522.170,0.194859
127887ms,127887,522.022,0.194668
127919ms,127919,521.873,0.194653
127967ms,127967,522.068,0.194643
127999ms,127999,522.184,0.194690
128031ms,128031,522.671,0.194579
128063ms,128063,523.027,0.194787
128095ms,128095,523.728,0.194795
128127ms,128127,524.348,0.194861
128159ms,128159,525.121,0.195190
128191ms,128191,525.856,0.195534
128223ms,128223,526.801,0.195654
128255ms,128255,527.640,0.196112
128287ms,128287,528.761,0.196456
128319ms,128319,529.699,0.196929
128367ms,128367,530.679,0.197373
128399ms,128399,531.673,0.197685
128431ms,128431,532.662,0.198143
128463ms,128463,533.852,0.198726
128495ms,128495,534.800,0.199196
128527ms,128527,535.709,0.199427
128559ms,128559,535.615,0.199567
128591ms,128591,535.830,0.199515
128623ms,128623,535.769,0.199615
128687ms,128687,535.708,0.199403
128719ms,128719,535.667,0.199500
128767ms,128767,535.733,0.199508
128799ms,128799,535.742,0.199516
128831ms,128831,535.745,0.199412
128863ms,128863,535.761,0.199571
128895ms,128895,535.729,0.199533
128959ms,128959,535.860,0.199732
128991ms,128991,534.183,0.199397
129023ms,129023,532.518,0.198749
129055ms,129055,530.831,0.198158
129087ms,129087,529.222,0.197367
129167ms,129167,525.947,0.196354
129199ms,129199,524.609,0.196005
129231ms,129231,524.006,0.195510
129263ms,129263,523.311,0.195736
129295ms,129295,522.062,0.195187
129327ms,129327,521.951,0.195151
129359ms,129359,522.076,0.194865
129391ms,129391,521.944,0.194753
129423ms,129423,521.998,0.194588
129455ms,129455,522.099,0.194608
129487ms,129487,522.341,0.194627
129519ms,129519,522.673,0.194562
129567ms,129567,523.339,0.194765
129599ms,129599,523.896,0.194963
129631ms,129631,524.561,0.195179
129663ms,129663,525.457,0.195230
129695ms,129695,526.327,0.195545
129727ms,129727,527.131,0.195823
129759ms,129759,528.117,0.196177
129791ms,129791,529.052,0.196643
129823ms,129823,529.983,0.197066
129855ms,129855,530.947,0.197357
129887ms,129887,531.967,0.197817
129919ms,129919,533.050,0.198254
129951ms,129951,534.275,0.198880
129999ms,129999,535.281,0.199383
130031ms,130031,535.908,0.199714
130063ms,130063,535.574,0.199568
130095ms,130095,535.805,0.199551
130127ms,130127,535.856,0.199548
130159ms,130159,535.854,0.199555
130191ms,130191,535.812,0.199583
130223ms,130223,535.796,0.199585
130255ms,130255,535.867,0.199562
130287ms,130287,535.895,0.199521
130319ms,130319,535.865,0.199625
130351ms,130351,535.879,0.199590
130399ms,130399,535.904,0.199529
130431ms,130431,536.074,0.199622
130463ms,130463,535.608,0.199733
130527ms,130527,532.336,0.198683
130591ms,130591,529.243,0.197470
130623ms,130623,527.513,0.196933
130655ms,130655,525.970,0.196336
130687ms,130687,524.712,0.195888
130719ms,130719,523.930,0.195406
130751ms,130751,523.315,0.195536
130799ms,130799,522.047,0.195032
130831ms,130831,521.970,0.195082
130863ms,130863,522.123,0.194738
130895ms,130895,521.808,0.194465
130927ms,130927,521.977,0.194583
130959ms,130959,522.115,0.194631
130991ms,130991,522.431,0.194547
131023ms,131023,522.713,0.194663
131055ms,131055,523.411,0.194738
131087ms,131087,524.000,0.194971
131119ms,131119,524.572,0.195183
131151ms,131151,525.522,0.195376
131231ms,131231,527.165,0.195886
131263ms,131263,528.158,0.196279
131295ms,131295,529.235,0.196630
131327ms,131327,530.127,0.197082
131359ms,131359,531.155,0.197449
131391ms,131391,532.121,0.197922
131423ms,131423,533.272,0.198299
131455ms,131455,534.427,0.198846
131487ms,131487,535.375,0.199326
131519ms,131519,535.827,0.199669
131551ms,131551,535.686,0.199477
131599ms,131599,535.854,0.199521
131631ms,131631,535.888,0.199548
131663ms,131663,535.969,0.199559
131695ms,131695,535.917,0.199593
131727ms,131727,535.903,0.199593
131759ms,131759,535.859,0.199568
131791ms,131791,535.873,0.199529
131823ms,131823,535.863,0.199619
131855ms,131855,535.885,0.199529
131887ms,131887,535.923,0.199509
131919ms,131919,536.055,0.199653
131951ms,131951,535.145,0.199720
131999ms,131999,533.524,0.199098
132031ms,132031,531.889,0.198429
132063ms,132063,530.263,0.197866
132095ms,132095,528.544,0.197218
132127ms,132127,526.897,0.196746
132159ms,132159,525.618,0.196281
132191ms,132191,524.316,0.195657
132223ms,132223,523.922,0.195563
132255ms,132255,522.779,0.195457
132287ms,132287,522.075,0.195270
132319ms,132319,522.145,0.194962
132351ms,132351,521.918,0.194641
132399ms,132399,521.861,0.194704
132431ms,132431,522.049,0.194716
132463ms,132463,521.925,0.194618
132495ms,132495,522.457,0.194557
132527ms,132527,522.941,0.194603
132559ms,132559,523.652,0.194820
132591ms,132591,524.333,0.194915
132623ms,132623,524.999,0.195357
132655ms,132655,525.927,0.195471
132687ms,132687,526.755,0.195815
132719ms,132719,527.693,0.196052
132751ms,132751,528.849,0.196460
132799ms,132799,529.633,0.196847
132831ms,132831,530.698,0.197294
132863ms,132863,531.709,0.197722
132895ms,132895,532.710,0.198030
132927ms,132927,533.882,0.198606
132959ms,132959,534.966,0.199172
132991ms,132991,535.823,0.199630
133023ms,133023,535.547,0.199597
133087ms,133087,535.866,0.199574
133119ms,133119,535.829,0.199528
133151ms,133151,535.811,0.199572
133199ms,133199,535.836,0.199576
133263ms,133263,535.768,0.199558
133295ms,133295,535.761,0.199492
133327ms,133327,535.836,0.199551
133359ms,133359,535.854,0.199496
133391ms,133391,535.947,0.199564
133423ms,133423,535.642,0.199779
133455ms,133455,534.059,0.199308
133487ms,133487,532.423,0.198683
133519ms,133519,530.778,0.198018
133551ms,133551,529.087,0.197530
133599ms,133599,527.336,0.196807
133631ms,133631,525.742,0.196247
133663ms,133663,524.521,0.195878
133695ms,133695,523.998,0.195534
133727ms,133727,523.175,0.195459
133759ms,133759,522.129,0.195047
133791ms,133791,521.887,0.194859
133823ms,133823,522.026,0.194913
133855ms,133855,521.924,0.194665
133887ms,133887,522.100,0.194648
133919ms,133919,521.989,0.194560
133951ms,133951,522.356,0.194600
133999ms,133999,522.652,0.194625
134031ms,134031,523.367,0.194843
134063ms,134063,523.805,0.194848
134095ms,134095,524.595,0.194967
134127ms,134127,525.453,0.195216
134159ms,134159,526.318,0.195602
134191ms,134191,527.107,0.195950
134223ms,134223,527.979,0.196261
134255ms,134255,529.034,0.196563
134287ms,134287,529.933,0.197017
134319ms,134319,531.105,0.197431
134351ms,134351,532.151,0.197829
134383ms,134383,533.183,0.198371
134463ms,134463,535.237,0.199246
134495ms,134495,535.931,0.199624
134527ms,134527,535.549,0.199673
134559ms,134559,535.754,0.199569
134591ms,134591,535.876,0.199586
134623ms,134623,535.827,0.199589
134655ms,134655,535.812,0.199569
134687ms,134687,535.870,0.199518
134719ms,134719,535.882,0.199553
134751ms,134751,535.856,0.199524
134783ms,134783,535.873,0.199592
134831ms,134831,535.843,0.199507
134863ms,134863,535.912,0.199599
134895ms,134895,536.100,0.199544
134927ms,134927,535.499,0.199753
134959ms,134959,533.793,0.199196
134991ms,134991,532.008,0.198585
135023ms,135023,530.446,0.197759
135055ms,135055,528.776,0.197264
135087ms,135087,527.079,0.196677
135119ms,135119,525.634,0.196164
135151ms,135151,524.242,0.195695
135231ms,135231,522.741,0.195343
135263ms,135263,522.129,0.195151
135295ms,135295,522.017,0.194946
135327ms,135327,521.979,0.194580
135359ms,135359,521.937,0.194515
135391ms,135391,522.129,0.194520
135423ms,135423,522.040,0.194601
135455ms,135455,522.335,0.194546
135487ms,135487,522.937,0.194684
135519ms,135519,523.439,0.194718
135551ms,135551,524.087,0.194910
135583ms,135583,524.874,0.195193
135631ms,135631,525.730,0.195403
135663ms,135663,526.508,0.195755
135695ms,135695,527.380,0.195899
135727ms,135727,528.410,0.196334
135759ms,135759,529.269,0.196745
135791ms,135791,530.342,0.197102
135823ms,135823,531.240,0.197591
135855ms,135855,532.361,0.197899
135887ms,135887,533.369,0.198450
135919ms,135919,534.503,0.198922
135951ms,135951,535.492,0.199427
135983ms,135983,535.806,0.199692
136063ms,136063,535.772,0.199530
136095ms,136095,535.799,0.199500
136127ms,136127,535.755,0.199479
136159ms,136159,535.773,0.199530
136191ms,136191,535.798,0.199524
136223ms,136223,535.791,0.199513
136255ms,136255,535.823,0.199522
136287ms,136287,535.763,0.199505
136319ms,136319,535.784,0.199460
136351ms,136351,535.927,0.199566
136383ms,136383,535.995,0.199715
136431ms,136431,535.007,0.199621
136463ms,136463,533.329,0.199054
136495ms,136495,531.575,0.198320
136527ms,136527,530.036,0.197751
136559ms,136559,528.422,0.197083
136591ms,136591,526.556,0.196559
136623ms,136623,525.130,0.195874
136655ms,136655,524.025,0.195709
136687ms,136687,523.695,0.195741
136719ms,136719,522.306,0.195086
136751ms,136751,522.202,0.195254
136783ms,136783,522.107,0.194712
136831ms,136831,521.961,0.194725
136863ms,136863,521.948,0.194542
136895ms,136895,522.073,0.194582
136927ms,136927,522.204,0.194711
136959ms,136959,522.501,0.194547
136991ms,136991,522.948,0.194694
137023ms,137023,523.712,0.194805
137055ms,137055,524.254,0.194936
137087ms,137087,525.058,0.195250
137119ms,137119,525.954,0.195413
137151ms,137151,526.760,0.195789
137183ms,137183,527.777,0.196123
137231ms,137231,528.788,0.196606
137263ms,137263,529.665,0.196851
137327ms,137327,531.664,0.197758
137359ms,137359,532.755,0.198215
137391ms,137391,533.948,0.198592
137423ms,137423,535.018,0.199197
137455ms,137455,535.843,0.199568
137487ms,137487,535.617,0.199720
137519ms,137519,535.878,0.199552
137551ms,137551,535.806,0.199478
137583ms,137583,535.763,0.199453
137631ms,137631,535.809,0.199371
137663ms,137663,535.814,0.199395
137695ms,137695,535.814,0.199514
137759ms,137759,535.826,0.199537
137791ms,137791,535.828,0.199505
137823ms,137823,535.873,0.199502
137855ms,137855,535.965,0.199606
137887ms,137887,535.785,0.199779
137919ms,137919,534.151,0.199242
137951ms,137951,532.478,0.198698
137983ms,137983,530.930,0.198062
138031ms,138031,529.225,0.197507
138063ms,138063,527.425,0.196853
138095ms,138095,525.828,0.196248
138127ms,138127,524.607,0.195843
138159ms,138159,523.912,0.195534
138191ms,138191,523.268,0.195379
138223ms,138223,522.215,0.194989
138255ms,138255,521.979,0.195170
138287ms,138287,522.226,0.194868
138319ms,138319,521.983,0.194671
138351ms,138351,522.149,0.194549
138383ms,138383,522.112,0.194601
138431ms,138431,522.451,0.194597
138463ms,138463,522.763,0.194642
138495ms,138495,523.379,0.194845
138527ms,138527,524.022,0.194766
138559ms,138559,524.667,0.195178
138591ms,138591,525.511,0.195390
138623ms,138623,526.359,0.195610
138655ms,138655,527.177,0.195908
138687ms,138687,528.051,0.196270
138719ms,138719,529.257,0.196652
138751ms,138751,530.121,0.197116
138783ms,138783,531.081,0.197533
138815ms,138815,532.168,0.197881
138863ms,138863,533.282,0.198395
138895ms,138895,534.290,0.198863
138927ms,138927,535.409,0.199260
138991ms,138991,535.722,0.199448
139023ms,139023,535.756,0.199579
139055ms,139055,535.858,0.199551
139087ms,139087,535.848,0.199608
139119ms,139119,535.863,0.199550
139151ms,139151,535.868,0.199528
139183ms,139183,535.856,0.199488
139215ms,139215,535.865,0.199606
139263ms,139263,535.851,0.199540
139295ms,139295,535.816,0.199556
139327ms,139327,536.039,0.199542
139359ms,139359,536.142,0.199647
139391ms,139391,535.485,0.199706
139423ms,139423,533.961,0.199190
139487ms,139487,530.577,0.197824
139519ms,139519,529.071,0.197416
139551ms,139551,527.230,0.196711
139583ms,139583,525.678,0.196289
139615ms,139615,524.455,0.195874
139663ms,139663,523.955,0.195556
139695ms,139695,522.918,0.195523
139727ms,139727,522.135,0.195123
139759ms,139759,521.998,0.194926
139791ms,139791,522.040,0.194664
139823ms,139823,521.831,0.194678
139855ms,139855,521.997,0.194609
139887ms,139887,522.082,0.194552
139919ms,139919,522.508,0.194421
139951ms,139951,522.981,0.194554
139983ms,139983,523.408,0.194867
140015ms,140015,524.062,0.194927
140063ms,140063,524.888,0.195221
140095ms,140095,525.646,0.195378
140159ms,140159,527.355,0.195947
140191ms,140191,528.371,0.196349
140223ms,140223,529.369,0.196702
140255ms,140255,530.347,0.197239
140287ms,140287,531.257,0.197602
140319ms,140319,532.363,0.198021
140351ms,140351,533.485,0.198531
140383ms,140383,534.507,0.198990
140415ms,140415,535.462,0.199385
140463ms,140463,535.841,0.199709
140495ms,140495,535.721,0.199544
140527ms,140527,535.778,0.199509
140559ms,140559,535.824,0.199552
140591ms,140591,535.802,0.199462
140623ms,140623,535.767,0.199522
140655ms,140655,535.741,0.199547
140687ms,140687,535.777,0.199435
140719ms,140719,535.769,0.199505
140751ms,140751,535.874,0.199510
140783ms,140783,535.916,0.199427
140815ms,140815,535.888,0.199463
140863ms,140863,535.996,0.199562
140895ms,140895,534.856,0.199572
140927ms,140927,533.242,0.198903
140959ms,140959,531.511,0.198288
140991ms,140991,529.833,0.197780
141023ms,141023,528.138,0.197085
141055ms,141055,526.446,0.196371
141087ms,141087,525.015,0.195942
141119ms,141119,524.024,0.195582
141151ms,141151,523.789,0.195680
141183ms,141183,522.285,0.194995
141215ms,141215,522.135,0.195233
141263ms,141263,522.230,0.194782
141295ms,141295,521.952,0.194634
141327ms,141327,521.975,0.194597
141359ms,141359,521.997,0.194466
141391ms,141391,522.228,0.194606
141423ms,141423,522.723,0.194687
141455ms,141455,523.055,0.194687
141487ms,141487,523.871,0.194820
141519ms,141519,524.377,0.195038
141551ms,141551,525.099,0.195177
141583ms,141583,525.987,0.195455
141615ms,141615,526.829,0.195725
141663ms,141663,527.652,0.196167
141695ms,141695,528.692,0.196511
141727ms,141727,529.701,0.196743
141759ms,141759,530.609,0.197279
141791ms,141791,531.794,0.197701
141823ms,141823,532.857,0.198181
141855ms,141855,533.881,0.198544
141887ms,141887,534.895,0.199166
141951ms,141951,535.639,0.199696
141983ms,141983,535.988,0.199506
142015ms,142015,535.934,0.199472
142095ms,142095,535.867,0.199476
142127ms,142127,535.927,0.199584
142159ms,142159,535.907,0.199535
142191ms,142191,535.884,0.199565
142223ms,142223,535.901,0.199550
142255ms,142255,535.978,0.199494
142287ms,142287,535.960,0.199535
142319ms,142319,536.004,0.199523
142351ms,142351,535.828,0.199695
142383ms,142383,534.275,0.199330
142415ms,142415,532.594,0.198803
142463ms,142463,531.004,0.197997
142495ms,142495,529.360,0.197418
142527ms,142527,527.610,0.196987
142559ms,142559,526.028,0.196344
142591ms,142591,524.607,0.195829
142623ms,142623,524.005,0.195507
142655ms,142655,523.490,0.195602
142687ms,142687,522.103,0.195131
142719ms,142719,521.948,0.195215
142751ms,142751,522.159,0.194682
142783ms,142783,521.962,0.194629
142815ms,142815,521.901,0.194572
142863ms,142863,522.039,0.194562
142895ms,142895,522.322,0.194530
142927ms,142927,522.611,0.194684
142959ms,142959,523.163,0.194644
142991ms,142991,523.876,0.194974
143023ms,143023,524.495,0.194973
143055ms,143055,525.390,0.195236
143087ms,143087,526.164,0.195570
143119ms,143119,527.124,0.195847
143183ms,143183,529.004,0.196506
143215ms,143215,529.960,0.196905
143263ms,143263,530.917,0.197325
143295ms,143295,531.922,0.197940
143327ms,143327,532.981,0.198266
143359ms,143359,534.149,0.198724
143391ms,143391,535.153,0.199127
143423ms,143423,535.982,0.199579
143455ms,143455,535.644,0.199563
143487ms,143487,535.847,0.199584
143519ms,143519,535.858,0.199532
143551ms,143551,535.859,0.199554
143583ms,143583,535.924,0.199533
143615ms,143615,535.875,0.199529
143663ms,143663,535.880,0.199452
143695ms,143695,535.899,0.199483
143727ms,143727,535.948,0.199531
143759ms,143759,535.930,0.199549
143791ms,143791,535.959,0.199525
143823ms,143823,536.023,0.199570
143855ms,143855,535.531,0.199746
143887ms,143887,533.897,0.199071
143919ms,143919,532.117,0.198562
143951ms,143951,530.432,0.197937
143983ms,143983,528.656,0.197309
144015ms,144015,526.832,0.196787
144047ms,144047,525.420,0.196167
144095ms,144095,524.164,0.195650
144127ms,144127,523.768,0.195597
144159ms,144159,522.593,0.195178
144191ms,144191,522.158,0.195205
144223ms,144223,522.121,0.194877
144255ms,144255,522.059,0.194657
144287ms,144287,521.906,0.194571
144319ms,144319,522.089,0.194727
144351ms,144351,522.042,0.194541
144415ms,144415,522.968,0.194553
144447ms,144447,523.472,0.194730
144495ms,144495,524.154,0.194901
144527ms,144527,524.914,0.195034
144559ms,144559,525.735,0.195386
144591ms,144591,526.691,0.195873
144655ms,144655,528.326,0.196437
144687ms,144687,529.261,0.196726
144719ms,144719,530.263,0.197159
144751ms,144751,531.312,0.197527
144783ms,144783,532.397,0.197992
144815ms,144815,533.425,0.198416
144847ms,144847,534.492,0.198984
144895ms,144895,535.548,0.199424
144927ms,144927,535.919,0.199856
144959ms,144959,535.902,0.199556
144991ms,144991,535.754,0.199504
145023ms,145023,535.835,0.199464
145055ms,145055,535.814,0.199479
145087ms,145087,535.925,0.199527
145119ms,145119,535.867,0.199522
145151ms,145151,535.844,0.199425
145183ms,145183,535.835,0.199494
145215ms,145215,535.867,0.199465
145247ms,145247,535.857,0.199552
145295ms,145295,535.963,0.199568
145327ms,145327,536.028,0.199686
145359ms,145359,534.757,0.199444
145391ms,145391,533.206,0.198871
145423ms,145423,531.481,0.198313
145455ms,145455,529.896,0.197706
145487ms,145487,528.127,0.197080
145519ms,145519,526.481,0.196448
145551ms,145551,524.988,0.195889
145583ms,145583,524.032,0.195486
145615ms,145615,523.720,0.195709
145647ms,145647,522.195,0.195144
145695ms,145695,521.903,0.195124
145727ms,145727,522.193,0.194839
145759ms,145759,521.952,0.194687
145791ms,145791,521.930,0.194661
145823ms,145823,522.074,0.194539
145855ms,145855,522.278,0.194631
145887ms,145887,522.560,0.194662
145919ms,145919,523.185,0.194718
145983ms,145983,524.522,0.195087
146015ms,146015,525.193,0.195183
146047ms,146047,526.142,0.195561
146095ms,146095,526.971,0.195897
146127ms,146127,527.769,0.196126
146159ms,146159,528.872,0.196452
146191ms,146191,529.843,0.196960
146223ms,146223,530.757,0.197269
146287ms,146287,532.869,0.198286
146319ms,146319,533.973,0.198595
146351ms,146351,534.982,0.199132
146383ms,146383,535.783,0.199570
146415ms,146415,535.565,0.199604
146447ms,146447,535.910,0.199528
146495ms,146495,535.809,0.199457
146527ms,146527,535.869,0.199454
146559ms,146559,535.817,0.199429
146591ms,146591,535.843,0.199519
146623ms,146623,535.811,0.199485
146655ms,146655,535.853,0.199487
146687ms,146687,535.821,0.199411
146719ms,146719,535.806,0.199434
146751ms,146751,535.850,0.199620
146787ms,146787,536.038,0.199509
146815ms,146815,535.807,0.199726
146847ms,146847,534.072,0.199394
146895ms,146895,532.412,0.198602
146927ms,146927,530.789,0.197929
146959ms,146959,529.042,0.197317
146991ms,146991,527.263,0.196823
147023ms,147023,525.752,0.196122
147055ms,147055,524.453,0.195748
147087ms,147087,523.952,0.195610
147119ms,147119,522.845,0.195512
147151ms,147151,522.141,0.195181
147183ms,147183,522.105,0.194743
147215ms,147215,521.983,0.194659
147247ms,147247,521.868,0.194537
147295ms,147295,522.135,0.194403
147327ms,147327,522.000,0.194570
147359ms,147359,522.354,0.194514
147391ms,147391,522.827,0.194663
147423ms,147423,523.398,0.194751
147455ms,147455,524.002,0.194847
147487ms,147487,524.630,0.195191
147519ms,147519,525.514,0.195324
147551ms,147551,526.419,0.195632
147583ms,147583,527.229,0.195946
147615ms,147615,528.098,0.196223
147647ms,147647,529.147,0.196693
147695ms,147695,530.116,0.197103
147727ms,147727,531.040,0.197382
147759ms,147759,532.261,0.197887
147791ms,147791,533.274,0.198354
147823ms,147823,534.433,0.198885
147855ms,147855,535.304,0.199258
147919ms,147919,535.642,0.199518
147951ms,147951,535.760,0.199548
147983ms,147983,535.741,0.199474
148015ms,148015,535.808,0.199412
148047ms,148047,535.786,0.199474
148095ms,148095,535.804,0.199511
148127ms,148127,535.897,0.199624
148159ms,148159,535.798,0.199560
148223ms,148223,535.809,0.199552
148255ms,148255,535.880,0.199543
148287ms,148287,536.025,0.199661
148319ms,148319,534.899,0.199679
148351ms,148351,533.306,0.199115
148383ms,148383,531.559,0.198394
148415ms,148415,530.046,0.197723
148447ms,148447,528.273,0.197109
148495ms,148495,526.528,0.196652
148527ms,148527,525.039,0.195922
148559ms,148559,523.974,0.195670
148591ms,148591,523.777,0.195826
148623ms,148623,522.233,0.195091
148655ms,148655,522.197,0.195295
148687ms,148687,522.128,0.194797
148719ms,148719,522.051,0.194588
148751ms,148751,522.035,0.194523
148783ms,148783,522.043,0.194447
148815ms,148815,522.213,0.194437
148847ms,148847,522.527,0.194554
148895ms,148895,523.054,0.194697
148927ms,148927,523.701,0.194765
148959ms,148959,524.298,0.194914
148991ms,148991,525.098,0.195147
149023ms,149023,525.906,0.195442
149055ms,149055,526.949,0.195692
149087ms,149087,527.680,0.196108
149119ms,149119,528.778,0.196462
149151ms,149151,529.676,0.196961
149183ms,149183,530.546,0.197165
149215ms,149215,531.747,0.197781
149247ms,149247,532.850,0.198175
149279ms,149279,533.965,0.198554
149327ms,149327,534.875,0.199182
149359ms,149359,535.829,0.199519
149391ms,149391,535.651,0.199764
149423ms,149423,535.876,0.199506
149455ms,149455,535.785,0.199413
149487ms,149487,535.849,0.199414
149551ms,149551,535.809,0.199538
149583ms,149583,535.860,0.199439
149615ms,149615,535.778,0.199440
149647ms,149647,535.828,0.199632
149679ms,149679,535.799,0.199444
149727ms,149727,535.842,0.199454
149759ms,149759,535.934,0.199542
149791ms,149791,535.873,0.199687
149823ms,149823,534.359,0.199337
149855ms,149855,532.731,0.198904
149887ms,149887,531.065,0.198032
149919ms,149919,529.434,0.197625
149951ms,149951,527.659,0.196946
149983ms,149983,525.924,0.196377
150015ms,150015,524.651,0.195848
150079ms,150079,523.420,0.195808
150127ms,150127,522.111,0.195039
150159ms,150159,522.067,0.194991
150191ms,150191,521.960,0.194830
150223ms,150223,522.001,0.194823
150255ms,150255,522.065,0.194557
150287ms,150287,522.163,0.194621
150319ms,150319,522.286,0.194636
150351ms,150351,522.648,0.194581
150383ms,150383,523.354,0.194815
150415ms,150415,523.906,0.194861
150447ms,150447,524.676,0.195069
150479ms,150479,525.452,0.195333
150527ms,150527,526.281,0.195720
150559ms,150559,527.203,0.195875
150591ms,150591,528.115,0.196265
150623ms,150623,528.956,0.196567
150655ms,150655,530.057,0.197073
150687ms,150687,530.994,0.197286
150719ms,150719,531.958,0.197845
150751ms,150751,533.212,0.198344
150783ms,150783,534.366,0.198943
150815ms,150815,535.301,0.199170
150847ms,150847,536.001,0.199724
150882ms,150882,535.654,0.199562
150927ms,150927,535.761,0.199470
150959ms,150959,535.795,0.199506
150991ms,150991,535.917,0.199501
151023ms,151023,535.795,0.199390
151055ms,151055,535.830,0.199473
151087ms,151087,535.847,0.199453
151119ms,151119,535.885,0.199502
151151ms,151151,535.896,0.199466
151183ms,151183,535.825,0.199526
151215ms,151215,535.969,0.199541
151247ms,151247,536.046,0.199610
151279ms,151279,535.252,0.199646
151327ms,151327,533.654,0.199128
151359ms,151359,531.917,0.198457
151391ms,151391,530.367,0.197802
151423ms,151423,528.649,0.197185
151455ms,151455,527.022,0.196646
151519ms,151519,524.140,0.195783
151551ms,151551,523.833,0.195579
151583ms,151583,522.650,0.195376
151615ms,151615,522.206,0.195176
151647ms,151647,522.160,0.194808
151679ms,151679,521.947,0.194624
151727ms,151727,521.790,0.194520
151791ms,151791,522.095,0.194549
151823ms,151823,522.413,0.194557
151855ms,151855,522.898,0.194482
151887ms,151887,523.455,0.194769
151919ms,151919,524.132,0.194916
151951ms,151951,524.867,0.195164
151983ms,151983,525.672,0.195303
152015ms,152015,526.490,0.195534
152047ms,152047,527.304,0.196021
152079ms,152079,528.239,0.196319
152127ms,152127,529.265,0.196738
152191ms,152191,531.169,0.197586
152223ms,152223,532.301,0.198013
152255ms,152255,533.426,0.198377
152287ms,152287,534.533,0.198973
152319ms,152319,535.569,0.199388
152351ms,152351,535.832,0.199717
152383ms,152383,535.746,0.199472
152415ms,152415,535.801,0.199451
152447ms,152447,535.825,0.199485
152479ms,152479,535.863,0.199475
152527ms,152527,535.824,0.199524
152559ms,152559,535.824,0.199497
152591ms,152591,535.815,0.199517
152623ms,152623,535.832,0.199459
152687ms,152687,535.867,0.199470
152719ms,152719,535.973,0.199528
152751ms,152751,536.013,0.199595
152783ms,152783,535.286,0.199644
152815ms,152815,533.675,0.199082
152847ms,152847,532.010,0.198439
152879ms,152879,530.354,0.197809
152927ms,152927,528.560,0.197169
152959ms,152959,526.742,0.196634
152991ms,152991,525.253,0.196126
153023ms,153023,524.191,0.195580
153055ms,153055,523.763,0.195692
153087ms,153087,522.525,0.195254
153119ms,153119,522.074,0.195193
153151ms,153151,522.090,0.194751
153183ms,153183,521.933,0.194751
153215ms,153215,522.051,0.194599
153247ms,153247,522.090,0.194547
153279ms,153279,522.202,0.194551
153327ms,153327,522.522,0.194627
153359ms,153359,522.915,0.194520
153391ms,153391,523.612,0.194666
153423ms,153423,524.344,0.195100
153455ms,153455,525.096,0.195142
153487ms,153487,525.910,0.195447
153519ms,153519,526.774,0.195785
153551ms,153551,527.690,0.195960
153583ms,153583,528.692,0.196458
153615ms,153615,529.647,0.196817
153647ms,153647,530.656,0.197097
153679ms,153679,531.595,0.197620
153727ms,153727,532.696,0.198185
153759ms,153759,533.885,0.198594
153791ms,153791,534.869,0.199190
153823ms,153823,535.845,0.199485
153855ms,153855,535.815,0.199805
153887ms,153887,535.888,0.199584
153919ms,153919,535.836,0.199449
153951ms,153951,535.845,0.199539
153983ms,153983,535.839,0.199459
154047ms,154047,535.835,0.199504
154079ms,154079,535.835,0.199453
154111ms,154111,535.879,0.199562
154159ms,154159,535.834,0.199501
154191ms,154191,535.929,0.199538
154223ms,154223,535.925,0.199449
154255ms,154255,535.944,0.199793
154287ms,154287,534.378,0.199374
154319ms,154319,532.719,0.198765
154351ms,154351,531.141,0.198064
154383ms,154383,529.533,0.197658
154415ms,154415,527.805,0.197017
154447ms,154447,526.184,0.196369
154479ms,154479,524.782,0.195983
154511ms,154511,523.942,0.195566
154559ms,154559,523.452,0.195511
154591ms,154591,522.060,0.195102
154623ms,154623,521.891,0.195138
154687ms,154687,521.843,0.194802
154719ms,154719,521.991,0.194696
154751ms,154751,522.033,0.194500
154783ms,154783,522.314,0.194524
154815ms,154815,522.547,0.194640
154847ms,154847,523.162,0.194645
154879ms,154879,523.756,0.194758
154911ms,154911,524.458,0.195080
154959ms,154959,525.388,0.195246
154991ms,154991,526.100,0.195583
155023ms,155023,526.943,0.195769
155055ms,155055,527.959,0.196084
155087ms,155087,529.063,0.196643
155119ms,155119,529.959,0.196970
155151ms,155151,530.958,0.197343
155183ms,155183,532.015,0.197749
155215ms,155215,533.109,0.198252
155247ms,155247,534.231,0.198848
155279ms,155279,535.088,0.199247
155311ms,155311,535.750,0.199696
155359ms,155359,535.478,0.199587
155391ms,155391,535.648,0.199574
155423ms,155423,535.675,0.199479
155455ms,155455,535.738,0.199458
155487ms,155487,535.755,0.199474
155519ms,155519,535.707,0.199555
155551ms,155551,535.714,0.199428
155583ms,155583,535.763,0.199466
155615ms,155615,535.711,0.199498
155647ms,155647,535.767,0.199374
155679ms,155679,535.836,0.199583
155711ms,155711,535.905,0.199612
155759ms,155759,535.553,0.199680
155791ms,155791,534.080,0.199282
155823ms,155823,532.309,0.198740
155855ms,155855,530.700,0.197917
155887ms,155887,529.156,0.197406
155919ms,155919,527.280,0.196958
155951ms,155951,525.874,0.196208
155983ms,155983,524.433,0.195774
156015ms,156015,523.947,0.195540
156047ms,156047,523.435,0.195735
156079ms,156079,522.048,0.194869
156111ms,156111,522.074,0.195143
156159ms,156159,522.178,0.194696
156191ms,156191,521.917,0.194810
156255ms,156255,522.050,0.194539
156319ms,156319,522.629,0.194605
156351ms,156351,523.266,0.194632
156383ms,156383,523.942,0.194783
156415ms,156415,524.532,0.194987
156447ms,156447,525.427,0.195289
156479ms,156479,526.124,0.195514
156511ms,156511,527.109,0.195853
156559ms,156559,527.997,0.196064
156591ms,156591,529.068,0.196535
156623ms,156623,530.020,0.197096
156655ms,156655,531.084,0.197470
156687ms,156687,532.079,0.197776
156719ms,156719,533.040,0.198231
156751ms,156751,534.299,0.198781
156783ms,156783,535.267,0.199295
156815ms,156815,535.901,0.199688
156879ms,156879,535.797,0.199532
156911ms,156911,535.811,0.199409
156959ms,156959,535.838,0.199483
156991ms,156991,535.842,0.199570
157023ms,157023,535.826,0.199470
157247ms,157247,535.452,0.199607
157279ms,157279,533.899,0.199233
157311ms,157311,532.063,0.198522
157359ms,157359,530.601,0.197859
157391ms,157391,528.963,0.197502
157423ms,157423,527.222,0.196769
157455ms,157455,525.733,0.196153
157487ms,157487,524.404,0.195808
157519ms,157519,523.912,0.195636
157551ms,157551,523.062,0.195643
157583ms,157583,522.099,0.194922
157615ms,157615,522.017,0.194687
157647ms,157647,521.912,0.194769
157679ms,157679,521.942,0.194531
157711ms,157711,521.991,0.194627
157759ms,157759,522.211,0.194516
157791ms,157791,522.431,0.194362
157823ms,157823,522.819,0.194678
157855ms,157855,523.470,0.194794
157887ms,157887,524.025,0.195004
157919ms,157919,524.852,0.195048
157951ms,157951,525.706,0.195320
157983ms,157983,526.521,0.195499
158015ms,158015,527.323,0.195973
158047ms,158047,528.272,0.196389
158079ms,158079,529.228,0.196778
158111ms,158111,530.190,0.197018
158191ms,158191,532.271,0.197860
158223ms,158223,533.314,0.198326
158255ms,158255,534.378,0.198989
158287ms,158287,535.431,0.199275
158351ms,158351,535.690,0.199387
158383ms,158383,535.769,0.199503
158415ms,158415,535.775,0.199477
158447ms,158447,535.784,0.199444
158479ms,158479,535.847,0.199518
158511ms,158511,535.821,0.199471
158559ms,158559,535.847,0.199478
158591ms,158591,535.846,0.199441
158623ms,158623,535.826,0.199476
158655ms,158655,535.902,0.199456
158687ms,158687,535.877,0.199507
158719ms,158719,536.086,0.199555
158751ms,158751,535.249,0.199714
158783ms,158783,533.629,0.199073
158815ms,158815,531.875,0.198494
158847ms,158847,530.213,0.197825
158879ms,158879,528.560,0.197216
158911ms,158911,526.904,0.196587
158943ms,158943,525.441,0.196135
158991ms,158991,524.197,0.195733
159023ms,159023,523.971,0.195619
159055ms,159055,522.671,0.195359
159087ms,159087,522.183,0.195056
159119ms,159119,522.062,0.194952
159151ms,159151,521.886,0.194630
159183ms,159183,521.924,0.194453
159215ms,159215,522.089,0.194746
159247ms,159247,522.144,0.194650
159279ms,159279,522.482,0.194464
159311ms,159311,523.006,0.194605
159343ms,159343,523.504,0.194755
159391ms,159391,524.139,0.194964
159423ms,159423,524.920,0.195299
159487ms,159487,526.536,0.195801
159519ms,159519,527.497,0.195867
159551ms,159551,528.464,0.196351
159583ms,159583,529.279,0.196811
159615ms,159615,530.375,0.196994
159647ms,159647,531.469,0.197595
159679ms,159679,532.542,0.198074
159711ms,159711,533.672,0.198541
159743ms,159743,534.833,0.199086
159791ms,159791,535.785,0.199434
159823ms,159823,535.900,0.199742
159855ms,159855,535.940,0.199485
159887ms,159887,535.799,0.199442
159919ms,159919,535.808,0.199459
159951ms,159951,535.857,0.199560
159983ms,159983,535.859,0.199502
160015ms,160015,535.865,0.199468
160079ms,160079,535.905,0.199461
160111ms,160111,535.800,0.199521
160143ms,160143,535.872,0.199482
160191ms,160191,535.941,0.199540
160223ms,160223,536.082,0.199686
160255ms,160255,534.892,0.199484
160287ms,160287,533.234,0.199019
160319ms,160319,531.643,0.198297
160351ms,160351,530.030,0.197845
160415ms,160415,526.705,0.196429
160447ms,160447,525.204,0.195883
160479ms,160479,524.094,0.195597
160511ms,160511,523.774,0.195680
160543ms,160543,522.308,0.195399
160591ms,160591,522.140,0.195196
160623ms,160623,522.226,0.194918
160655ms,160655,521.973,0.194533
160687ms,160687,521.931,0.194741
160719ms,160719,522.060,0.194409
160751ms,160751,522.202,0.194524
160783ms,160783,522.679,0.194655
160815ms,160815,523.135,0.194588
160847ms,160847,523.764,0.194793
160879ms,160879,524.443,0.194977
160911ms,160911,525.210,0.195171
160943ms,160943,525.990,0.195424
160991ms,160991,526.674,0.195749
161023ms,161023,527.724,0.196099
161055ms,161055,528.676,0.196380
161087ms,161087,529.535,0.196876
161119ms,161119,530.495,0.197297
161151ms,161151,531.680,0.197583
161183ms,161183,532.713,0.198107
161215ms,161215,533.891,0.198600
161247ms,161247,535.001,0.199259
161279ms,161279,535.779,0.199510
161311ms,161311,535.663,0.199721
161343ms,161343,535.883,0.199458
161391ms,161391,535.867,0.199444
161423ms,161423,535.863,0.199400
161455ms,161455,535.811,0.199485
161487ms,161487,535.873,0.199436
161519ms,161519,535.894,0.199516
161551ms,161551,535.876,0.199458
161583ms,161583,535.877,0.199542
161615ms,161615,535.807,0.199558
161679ms,161679,535.920,0.199575
161711ms,161711,535.895,0.199785
161791ms,161791,532.611,0.198748
161823ms,161823,530.878,0.198081
161887ms,161887,527.292,0.196931
161919ms,161919,525.804,0.196235
161951ms,161951,524.486,0.195917
161983ms,161983,524.049,0.195522
162015ms,162015,523.285,0.195591
162047ms,162047,522.067,0.195145
162079ms,162079,522.148,0.194970
162111ms,162111,522.083,0.194711
162143ms,162143,521.971,0.194594
162191ms,162191,522.086,0.194659
162223ms,162223,522.123,0.194535
162255ms,162255,522.423,0.194634
162287ms,162287,522.773,0.194524
162319ms,162319,523.359,0.194786
162351ms,162351,524.082,0.194739
162383ms,162383,524.756,0.195181
162415ms,162415,525.588,0.195416
162447ms,162447,526.487,0.195765
162479ms,162479,527.258,0.195965
162511ms,162511,528.141,0.196351
162543ms,162543,529.125,0.196614
162591ms,162591,530.100,0.197084
162623ms,162623,531.074,0.197453
162655ms,162655,532.171,0.197910
162687ms,162687,533.236,0.198456
162719ms,162719,534.422,0.198976
162751ms,162751,535.446,0.199328
162783ms,162783,535.833,0.199689
162815ms,162815,535.734,0.199496
162847ms,162847,535.834,0.199476
162879ms,162879,535.900,0.199413
162911ms,162911,535.903,0.199453
162943ms,162943,535.887,0.199508
162991ms,162991,535.791,0.199487
163023ms,163023,535.852,0.199503
163055ms,163055,535.872,0.199395
163087ms,163087,535.831,0.199479
163119ms,163119,535.816,0.199543
163151ms,163151,535.907,0.199599
163183ms,163183,536.131,0.199590
163247ms,163247,533.438,0.198949
163279ms,163279,531.726,0.198300
163311ms,163311,530.063,0.197714
163343ms,163343,528.402,0.197254
163375ms,163375,526.760,0.196424
163455ms,163455,524.155,0.195733
163487ms,163487,523.882,0.195748
163519ms,163519,522.504,0.195216
163551ms,163551,522.127,0.195165
163583ms,163583,522.134,0.194823
163615ms,163615,521.931,0.194547
163647ms,163647,521.928,0.194622
163679ms,163679,522.142,0.194641
163711ms,163711,522.122,0.194557
163743ms,163743,522.582,0.194622
163775ms,163775,523.162,0.194651
163823ms,163823,523.720,0.194773
163855ms,163855,524.254,0.194857
163887ms,163887,525.068,0.195274
163919ms,163919,525.879,0.195477
163951ms,163951,526.733,0.195879
163983ms,163983,527.755,0.196055
164047ms,164047,529.713,0.196881
164079ms,164079,530.615,0.197240
164111ms,164111,531.635,0.197654
164143ms,164143,532.693,0.198086
164191ms,164191,533.916,0.198647
164223ms,164223,534.997,0.199114
164255ms,164255,535.838,0.199508
164287ms,164287,535.701,0.199592
164319ms,164319,535.829,0.199612
164351ms,164351,535.848,0.199558
164383ms,164383,535.870,0.199485
164415ms,164415,535.871,0.199402
164447ms,164447,535.798,0.199469
164479ms,164479,535.823,0.199585
164513ms,164513,535.888,0.199486
164543ms,164543,535.920,0.199559
164575ms,164575,535.872,0.199599
164623ms,164623,535.916,0.199498
164655ms,164655,535.985,0.199575
164687ms,164687,535.971,0.199728
164719ms,164719,534.387,0.199452
164751ms,164751,532.824,0.198869
164783ms,164783,531.154,0.198106
164815ms,164815,529.552,0.197458
164847ms,164847,527.797,0.196818
164879ms,164879,526.251,0.196255
164911ms,164911,524.827,0.195895
164943ms,164943,523.911,0.195492
164975ms,164975,523.467,0.195636
165023ms,165023,522.126,0.195020
165055ms,165055,521.938,0.195221
165087ms,165087,522.255,0.194853
165119ms,165119,522.022,0.194790
165151ms,165151,522.090,0.194700
165183ms,165183,522.114,0.194530
165215ms,165215,522.219,0.194568
165247ms,165247,522.708,0.194553
165279ms,165279,523.208,0.194608
165311ms,165311,523.785,0.194878
165375ms,165375,525.420,0.195289
165423ms,165423,526.237,0.195692
165455ms,165455,527.013,0.195941
165487ms,165487,527.800,0.196246
165519ms,165519,529.009,0.196537
165551ms,165551,529.918,0.196993
165583ms,165583,530.843,0.197325
165615ms,165615,531.935,0.197883
165647ms,165647,533.083,0.198302
165679ms,165679,534.193,0.198814
165711ms,165711,535.250,0.199230
165743ms,165743,535.919,0.199645
165775ms,165775,535.442,0.199632
165823ms,165823,535.783,0.199510
165855ms,165855,535.815,0.199490
165919ms,165919,535.728,0.199524
165951ms,165951,535.838,0.199485
165983ms,165983,535.869,0.199465
166015ms,166015,535.837,0.199428
166047ms,166047,535.844,0.199439
166079ms,166079,535.863,0.199395
166111ms,166111,535.888,0.199572
166143ms,166143,535.980,0.199537
166175ms,166175,535.667,0.199744
166223ms,166223,533.948,0.199154
166255ms,166255,532.388,0.198625
166287ms,166287,530.750,0.197945
166351ms,166351,527.412,0.196868
166383ms,166383,525.887,0.196235
166415ms,166415,524.577,0.195757
166447ms,166447,524.006,0.195414
166479ms,166479,523.303,0.195498
166511ms,166511,522.041,0.195118
166543ms,166543,522.002,0.194999
166575ms,166575,522.116,0.194706
166623ms,166623,521.918,0.194733
166655ms,166655,522.021,0.194619
166687ms,166687,522.104,0.194634
166719ms,166719,522.302,0.194612
166751ms,166751,522.891,0.194635
166783ms,166783,523.530,0.194754
166847ms,166847,524.668,0.195070
166879ms,166879,525.546,0.195316
166911ms,166911,526.482,0.195696
166943ms,166943,527.265,0.195973
166975ms,166975,528.238,0.196272
167023ms,167023,529.187,0.196664
167055ms,167055,530.111,0.197094
167087ms,167087,531.097,0.197517
167151ms,167151,533.287,0.198394
167183ms,167183,534.475,0.198933
167215ms,167215,535.509,0.199325
167247ms,167247,535.823,0.199755
167279ms,167279,535.793,0.199394
167311ms,167311,535.780,0.199450
167343ms,167343,535.762,0.199466
167375ms,167375,535.792,0.199396
167423ms,167423,535.796,0.199409
167455ms,167455,535.841,0.199485
167487ms,167487,535.909,0.199492
167519ms,167519,535.888,0.199452
167551ms,167551,535.878,0.199422
167583ms,167583,535.797,0.199485
167615ms,167615,535.898,0.199600
167647ms,167647,536.021,0.199599
167679ms,167679,535.100,0.199586
167711ms,167711,533.577,0.199100
167775ms,167775,530.163,0.197812
167823ms,167823,528.411,0.197186
167855ms,167855,526.691,0.196437
167887ms,167887,525.228,0.196058
167919ms,167919,524.178,0.195532
167951ms,167951,523.914,0.195606
167983ms,167983,522.410,0.195245
168015ms,168015,522.324,0.195187
168047ms,168047,522.053,0.194697
168079ms,168079,522.139,0.194579
168111ms,168111,522.105,0.194711
168143ms,168143,522.071,0.194511
168175ms,168175,522.146,0.194556
168223ms,168223,522.530,0.194660
168255ms,168255,522.990,0.194683
168287ms,168287,523.656,0.194739
168319ms,168319,524.194,0.194860
168351ms,168351,524.965,0.195004
168383ms,168383,525.795,0.195460
168415ms,168415,526.787,0.195732
168447ms,168447,527.716,0.195886
168479ms,168479,528.648,0.196419
168511ms,168511,529.507,0.196771
168543ms,168543,530.533,0.197283
168575ms,168575,531.480,0.197645
168623ms,168623,532.598,0.198023
168655ms,168655,533.646,0.198527
168687ms,168687,534.723,0.199029
168719ms,168719,535.727,0.199532
168751ms,168751,535.758,0.199673
168783ms,168783,535.918,0.199483
168815ms,168815,535.833,0.199468
168847ms,168847,535.920,0.199407
168879ms,168879,535.801,0.199496
168911ms,168911,535.925,0.199520
168943ms,168943,535.802,0.199542
168975ms,168975,535.837,0.199522
169055ms,169055,535.873,0.199544
169119ms,169119,535.929,0.199560
169151ms,169151,536.051,0.199808
169183ms,169183,534.598,0.199558
169215ms,169215,532.889,0.198854
169247ms,169247,531.244,0.198144
169279ms,169279,529.656,0.197481
169311ms,169311,527.884,0.196971
169343ms,169343,526.376,0.196546
169375ms,169375,524.933,0.195784
169423ms,169423,523.995,0.195496
169455ms,169455,523.661,0.195925
169487ms,169487,522.079,0.195143
169519ms,169519,522.018,0.195110
169551ms,169551,522.259,0.194612
169583ms,169583,522.084,0.194444
169615ms,169615,521.797,0.194566
169647ms,169647,522.125,0.194515
169679ms,169679,522.317,0.194594
169711ms,169711,522.570,0.194528
169743ms,169743,523.261,0.194625
169775ms,169775,523.857,0.194733
169807ms,169807,524.466,0.195031
169855ms,169855,525.337,0.195289
169887ms,169887,526.175,0.195661
169919ms,169919,527.106,0.195946
169951ms,169951,527.973,0.196130
169983ms,169983,528.950,0.196514
170015ms,170015,529.856,0.196961
170047ms,170047,530.851,0.197321
170079ms,170079,531.994,0.197777
170111ms,170111,533.031,0.198208
170143ms,170143,534.174,0.198805
170175ms,170175,535.048,0.199205
170207ms,170207,535.827,0.199600
170255ms,170255,535.483,0.199602
170287ms,170287,535.844,0.199554
170319ms,170319,535.856,0.199463
170351ms,170351,535.841,0.199532
170383ms,170383,535.804,0.199435
170415ms,170415,535.832,0.199423
170447ms,170447,535.795,0.199486
170511ms,170511,535.808,0.199396
170543ms,170543,535.799,0.199501
170575ms,170575,535.817,0.199466
170607ms,170607,535.989,0.199579
170655ms,170655,535.838,0.199726
170687ms,170687,534.229,0.199354
170719ms,170719,532.478,0.198782
170783ms,170783,529.312,0.197512
170815ms,170815,527.439,0.196893
170847ms,170847,526.053,0.196217
170879ms,170879,524.635,0.195952
170911ms,170911,524.012,0.195515
170943ms,170943,523.475,0.195666
170975ms,170975,522.019,0.195003
171007ms,171007,521.923,0.195010
171055ms,171055,522.175,0.194724
171087ms,171087,522.083,0.194594
171119ms,171119,522.098,0.194623
171151ms,171151,522.023,0.194633
171183ms,171183,522.351,0.194743
171215ms,171215,522.724,0.194556
171247ms,171247,523.357,0.194703
171279ms,171279,524.004,0.194951
171311ms,171311,524.602,0.195181
171343ms,171343,525.495,0.195266
171407ms,171407,527.225,0.195973
171455ms,171455,528.220,0.196320
171519ms,171519,530.099,0.197083
171551ms,171551,531.085,0.197465
171583ms,171583,532.184,0.197928
171615ms,171615,533.321,0.198354
171647ms,171647,534.449,0.198928
171679ms,171679,535.269,0.199312
171711ms,171711,535.927,0.199663
171743ms,171743,535.655,0.199516
171807ms,171807,535.765,0.199376
171855ms,171855,535.807,0.199512
171887ms,171887,535.803,0.199496
171919ms,171919,535.783,0.199431
171951ms,171951,535.832,0.199444
171983ms,171983,535.767,0.199512
172015ms,172015,535.753,0.199486
172047ms,172047,535.825,0.199426
172079ms,172079,535.996,0.199668
172143ms,172143,535.088,0.199640
172175ms,172175,533.346,0.199097
172207ms,172207,531.727,0.198354
172255ms,172255,530.093,0.197884
172287ms,172287,528.310,0.197124
172319ms,172319,526.612,0.196606
172351ms,172351,525.280,0.195948
172383ms,172383,524.009,0.195460
172415ms,172415,523.788,0.195751
172447ms,172447,522.338,0.195120
172479ms,172479,522.103,0.195274
172511ms,172511,522.295,0.194731
172543ms,172543,522.027,0.194551
172575ms,172575,522.065,0.194633
172607ms,172607,522.050,0.194482
172655ms,172655,522.279,0.194522
172687ms,172687,522.563,0.194612
172719ms,172719,523.169,0.194683
172751ms,172751,523.626,0.194868
172783ms,172783,524.289,0.194842
172815ms,172815,525.038,0.195236
172847ms,172847,525.902,0.195607
172879ms,172879,526.829,0.195822
172911ms,172911,527.585,0.196077
172943ms,172943,528.738,0.196483
172975ms,172975,529.607,0.196759
173007ms,173007,530.606,0.197255
173055ms,173055,531.746,0.197683
173087ms,173087,532.705,0.198056
173119ms,173119,533.855,0.198587
173151ms,173151,534.906,0.199167
173183ms,173183,535.901,0.199522
173215ms,173215,535.754,0.199667
173247ms,173247,535.946,0.199471
173279ms,173279,535.804,0.199421
173311ms,173311,535.855,0.199442
173343ms,173343,535.821,0.199522
173375ms,173375,535.855,0.199495
173407ms,173407,535.875,0.199452
173455ms,173455,535.855,0.199433
173487ms,173487,535.850,0.199480
173519ms,173519,535.910,0.199456
173551ms,173551,535.911,0.199460
173583ms,173583,535.965,0.199471
173615ms,173615,535.946,0.199808
173679ms,173679,532.638,0.198808
173743ms,173743,529.373,0.197471
173775ms,173775,527.483,0.196939
173807ms,173807,525.954,0.196261
173839ms,173839,524.627,0.195797
173887ms,173887,523.931,0.195542
173919ms,173919,523.289,0.195679
173951ms,173951,522.160,0.194983
173983ms,173983,521.965,0.195125
174015ms,174015,522.176,0.194719
174047ms,174047,522.019,0.194769
174079ms,174079,522.008,0.194622
174111ms,174111,522.038,0.194650
174143ms,174143,522.386,0.194557
174175ms,174175,522.717,0.194617
174207ms,174207,523.283,0.194736
174239ms,174239,523.973,0.194999
174287ms,174287,524.753,0.195137
174319ms,174319,525.561,0.195377
174351ms,174351,526.408,0.195586
174383ms,174383,527.233,0.195893
174415ms,174415,528.123,0.196248
174447ms,174447,529.175,0.196689
174479ms,174479,530.097,0.197026
174511ms,174511,531.105,0.197377
174543ms,174543,532.183,0.197875
174575ms,174575,533.229,0.198401
174607ms,174607,534.350,0.198758
174639ms,174639,535.380,0.199228
174687ms,174687,535.790,0.199764
174719ms,174719,535.519,0.199456
174751ms,174751,535.655,0.199416
174815ms,174815,535.648,0.199514
174847ms,174847,535.702,0.199491
174879ms,174879,535.723,0.199478
174911ms,174911,535.688,0.199558
174943ms,174943,535.691,0.199488
174975ms,174975,535.726,0.199454
175039ms,175039,535.730,0.199483
175087ms,175087,535.945,0.199507
175119ms,175119,535.196,0.199573
175151ms,175151,533.568,0.199136
175183ms,175183,531.880,0.198451
175215ms,175215,530.369,0.197831
175247ms,175247,528.653,0.197149
175279ms,175279,526.989,0.196486
175311ms,175311,525.537,0.196040
175343ms,175343,524.267,0.195661
175375ms,175375,523.854,0.195572
175407ms,175407,522.801,0.195232
175439ms,175439,522.245,0.195203
175487ms,175487,522.228,0.194862
175519ms,175519,522.053,0.194541
175551ms,175551,521.899,0.194673
175583ms,175583,522.151,0.194546
175615ms,175615,522.072,0.194606
175647ms,175647,522.423,0.194437
175679ms,175679,523.083,0.194678
175711ms,175711,523.562,0.194679
175743ms,175743,524.181,0.194785
175775ms,175775,524.912,0.195125
175807ms,175807,525.826,0.195366
175839ms,175839,526.684,0.195726
175887ms,175887,527.636,0.195973
175919ms,175919,528.515,0.196387
175951ms,175951,529.427,0.196815
175983ms,175983,530.370,0.197061
176015ms,176015,531.417,0.197603
176047ms,176047,532.490,0.197979
176079ms,176079,533.625,0.198651
176111ms,176111,534.691,0.199076
176143ms,176143,535.691,0.199339
176175ms,176175,535.760,0.199684
176207ms,176207,535.829,0.199439
176239ms,176239,535.784,0.199379
176287ms,176287,535.704,0.199402
176319ms,176319,535.779,0.199401
176383ms,176383,535.734,0.199430
176415ms,176415,535.801,0.199400
176447ms,176447,535.783,0.199444
176511ms,176511,535.857,0.199470
176543ms,176543,535.838,0.199445
176575ms,176575,536.001,0.199692
176607ms,176607,534.746,0.199553
176639ms,176639,533.127,0.198899
176687ms,176687,531.419,0.198351
176719ms,176719,529.925,0.197633
176751ms,176751,528.299,0.197144
176783ms,176783,526.515,0.196440
176815ms,176815,525.144,0.195852
176847ms,176847,524.085,0.195573
176879ms,176879,523.906,0.195619
176879ms,176879,523.906,0.195619
176911ms,176911,522.308,0.195238
176911ms,176911,522.308,0.195238
176943ms,176943,522.128,0.195271
176943ms,176943,522.128,0.195271
176975ms,176975,522.189,0.194824
176975ms,176975,522.189,0.194824
177007ms,177007,521.953,0.194613
177039ms,177039,521.952,0.194727
177087ms,177087,522.091,0.194510
177151ms,177151,522.528,0.194502
177183ms,177183,523.041,0.194547
177215ms,177215,523.708,0.194961
177247ms,177247,524.379,0.195009
177279ms,177279,525.077,0.195219
177311ms,177311,525.878,0.195436
177343ms,177343,526.766,0.195796
177375ms,177375,527.769,0.196089
177407ms,177407,528.750,0.196455
177439ms,177439,529.599,0.196819
177487ms,177487,530.565,0.197149
177519ms,177519,531.598,0.197615
177551ms,177551,532.717,0.198121
177583ms,177583,533.918,0.198591
177615ms,177615,534.874,0.199156
177647ms,177647,535.722,0.199602
177679ms,177679,535.659,0.199761
177711ms,177711,535.899,0.199492
177743ms,177743,535.821,0.199523
177775ms,177775,535.797,0.199519
177807ms,177807,535.847,0.199423
177839ms,177839,535.757,0.199471
177887ms,177887,535.769,0.199408
177919ms,177919,535.779,0.199396
177951ms,177951,535.751,0.199524
177983ms,177983,535.790,0.199414
178015ms,178015,535.884,0.199454
178047ms,178047,535.899,0.199515
178079ms,178079,535.780,0.199749
178111ms,178111,534.169,0.199315
178143ms,178143,532.564,0.198739
178175ms,178175,530.921,0.198055
178207ms,178207,529.172,0.197525
178239ms,178239,527.387,0.197042
178271ms,178271,525.749,0.196183
178319ms,178319,524.554,0.195857
178351ms,178351,523.892,0.195534
178383ms,178383,523.078,0.195392
178415ms,178415,522.078,0.195167
178447ms,178447,522.068,0.194997
178479ms,178479,522.211,0.194821
178511ms,178511,521.943,0.194689
178543ms,178543,521.966,0.194706
178575ms,178575,522.111,0.194611
178607ms,178607,522.380,0.194599
178639ms,178639,522.795,0.194541
178719ms,178719,524.051,0.194745
178751ms,178751,524.788,0.195135
178783ms,178783,525.631,0.195360
178847ms,178847,527.293,0.195896
178879ms,178879,528.059,0.196188
178911ms,178911,529.123,0.196572
178943ms,178943,530.191,0.197060
178975ms,178975,531.005,0.197376
179007ms,179007,532.172,0.198007
179039ms,179039,533.077,0.198300
179071ms,179071,534.343,0.198862
179119ms,179119,535.362,0.199260
179151ms,179151,535.905,0.199667
179183ms,179183,535.579,0.199485
179215ms,179215,535.690,0.199473
179247ms,179247,535.799,0.199484
179279ms,179279,535.851,0.199480
179311ms,179311,535.797,0.199472
179343ms,179343,535.816,0.199418
179375ms,179375,535.831,0.199481
179407ms,179407,535.773,0.199374
179439ms,179439,535.824,0.199364
179471ms,179471,535.836,0.199447
179519ms,179519,535.956,0.199514
179551ms,179551,536.051,0.199587
179583ms,179583,535.237,0.199638
179615ms,179615,533.608,0.199173
179647ms,179647,532.001,0.198455
179711ms,179711,528.740,0.197245
179743ms,179743,527.035,0.196574
179775ms,179775,525.520,0.196137
179807ms,179807,524.188,0.195697
179839ms,179839,523.809,0.195660
179871ms,179871,522.658,0.195244
179919ms,179919,522.361,0.195178
179951ms,179951,522.170,0.195034
179983ms,179983,521.959,0.194619
180015ms,180015,521.950,0.194533
180047ms,180047,522.022,0.194529
180079ms,180079,522.010,0.194591
180111ms,180111,522.466,0.194625
180143ms,180143,522.976,0.194574
180175ms,180175,523.579,0.194761
180207ms,180207,524.100,0.194853
180239ms,180239,524.971,0.195084
180271ms,180271,525.857,0.195250
180319ms,180319,526.647,0.195695
180351ms,180351,527.514,0.196060
180383ms,180383,528.505,0.196293
180415ms,180415,529.503,0.196794
180447ms,180447,530.429,0.197235
180479ms,180479,531.470,0.197604
180511ms,180511,532.498,0.197981
180543ms,180543,533.583,0.198487
180607ms,180607,535.625,0.199426
180639ms,180639,535.718,0.199748
180671ms,180671,535.863,0.199546
180719ms,180719,535.784,0.199560
180751ms,180751,535.799,0.199425
180783ms,180783,535.786,0.199459
180815ms,180815,535.827,0.199419
180847ms,180847,535.830,0.199458
180879ms,180879,535.762,0.199439
180911ms,180911,535.795,0.199505
180943ms,180943,535.847,0.199569
180975ms,180975,535.789,0.199495
181007ms,181007,535.892,0.199547
181039ms,181039,535.991,0.199619
181071ms,181071,534.652,0.199524
181119ms,181119,533.040,0.198899
181151ms,181151,531.273,0.198134
181183ms,181183,529.757,0.197498
181215ms,181215,527.952,0.197059
181247ms,181247,526.372,0.196457
181279ms,181279,524.972,0.195881
181311ms,181311,524.138,0.195632
181343ms,181343,523.708,0.195755
181375ms,181375,522.187,0.195145
181407ms,181407,521.914,0.195216
181439ms,181439,522.208,0.194843
181471ms,181471,522.027,0.194675
181519ms,181519,521.953,0.194520
181551ms,181551,522.134,0.194463
181583ms,181583,522.363,0.194508
181615ms,181615,522.680,0.194649
181647ms,181647,523.219,0.194692
181679ms,181679,523.872,0.194920
181711ms,181711,524.468,0.195061
181743ms,181743,525.335,0.195164
181775ms,181775,526.063,0.195512
181807ms,181807,526.922,0.195802
181839ms,181839,527.841,0.196177
181871ms,181871,528.887,0.196494
181951ms,181951,530.722,0.197263
181983ms,181983,531.757,0.197779
182015ms,182015,532.883,0.198196
182047ms,182047,533.974,0.198738
182079ms,182079,534.962,0.199168
182111ms,182111,535.841,0.199608
182143ms,182143,535.566,0.199592
182175ms,182175,535.858,0.199583
182207ms,182207,535.782,0.199472
182239ms,182239,535.801,0.199415
182271ms,182271,535.786,0.199494
182319ms,182319,535.769,0.199459
182383ms,182383,535.805,0.199530
182447ms,182447,535.827,0.199468
182479ms,182479,535.852,0.199426
182511ms,182511,535.923,0.199587
182543ms,182543,535.830,0.199694
182575ms,182575,534.210,0.199361
182607ms,182607,532.488,0.198682
182639ms,182639,530.956,0.197923
182671ms,182671,529.305,0.197575
182719ms,182719,527.459,0.196822
182751ms,182751,525.969,0.196140
182783ms,182783,524.614,0.195890
182815ms,182815,523.884,0.195506
182847ms,182847,523.397,0.195526
182879ms,182879,522.022,0.195090
182911ms,182911,522.004,0.194988
182943ms,182943,522.148,0.194621
183007ms,183007,522.032,0.194676
183039ms,183039,522.023,0.194474
183071ms,183071,522.335,0.194674
183119ms,183119,522.618,0.194579
183151ms,183151,523.332,0.194662
183183ms,183183,523.833,0.194805
183215ms,183215,524.759,0.195074
183247ms,183247,525.402,0.195171
183279ms,183279,526.248,0.195593
183311ms,183311,527.163,0.195955
183343ms,183343,528.034,0.196240
183375ms,183375,529.091,0.196539
183407ms,183407,530.065,0.197053
183439ms,183439,530.989,0.197336
183471ms,183471,532.119,0.197807
183519ms,183519,533.235,0.198332
183551ms,183551,534.289,0.198915
183583ms,183583,535.316,0.199231
183615ms,183615,535.828,0.199744
183647ms,183647,535.609,0.199599
183679ms,183679,535.765,0.199459
183711ms,183711,535.714,0.199467
183743ms,183743,535.787,0.199527
183775ms,183775,535.795,0.199482
183807ms,183807,535.806,0.199397
183839ms,183839,535.828,0.199406
183871ms,183871,535.805,0.199530
183919ms,183919,535.810,0.199541
183951ms,183951,535.808,0.199456
183983ms,183983,535.837,0.199421
184015ms,184015,536.077,0.199537
184047ms,184047,535.317,0.199660
184079ms,184079,533.771,0.199173
184111ms,184111,532.060,0.198524
184143ms,184143,530.481,0.197879
184175ms,184175,528.700,0.197321
184207ms,184207,527.002,0.196761
184239ms,184239,525.651,0.196212
184271ms,184271,524.478,0.195624
184303ms,184303,523.993,0.195657
184351ms,184351,523.248,0.195603
184383ms,184383,522.069,0.195188
184415ms,184415,522.017,0.194959
184511ms,184511,521.994,0.194569
184543ms,184543,522.106,0.194574
184575ms,184575,522.338,0.194567
184607ms,184607,522.822,0.194589
184639ms,184639,523.377,0.194775
184671ms,184671,524.156,0.194900
184703ms,184703,524.775,0.194954
184751ms,184751,525.683,0.195406
184783ms,184783,526.410,0.195642
184815ms,184815,527.320,0.195929
184847ms,184847,528.194,0.196368
184879ms,184879,529.179,0.196705
184911ms,184911,530.211,0.197085
184943ms,184943,531.185,0.197436
184975ms,184975,532.238,0.197944
185007ms,185007,533.288,0.198252
185039ms,185039,534.471,0.198819
185071ms,185071,535.424,0.199332
185103ms,185103,535.769,0.199726
185151ms,185151,535.578,0.199509
185183ms,185183,535.672,0.199513
185215ms,185215,535.759,0.199470
185247ms,185247,535.734,0.199429
185279ms,185279,535.707,0.199405
185311ms,185311,535.744,0.199532
185343ms,185343,535.764,0.199451
185375ms,185375,535.783,0.199384
185407ms,185407,535.756,0.199462
185439ms,185439,535.793,0.199422
185471ms,185471,535.803,0.199459
185503ms,185503,535.968,0.199662
185551ms,185551,534.936,0.199471
185583ms,185583,533.410,0.199042
185615ms,185615,531.710,0.198462
185647ms,185647,530.137,0.197647
185679ms,185679,528.440,0.197241
185711ms,185711,526.780,0.196522
185743ms,185743,525.263,0.196051
185775ms,185775,524.080,0.195590
185807ms,185807,523.942,0.195507
185839ms,185839,522.644,0.195216
185871ms,185871,522.300,0.195098
185903ms,185903,522.109,0.194934
185951ms,185951,521.981,0.194517
185983ms,185983,521.908,0.194558
186015ms,186015,522.062,0.194520
186079ms,186079,522.514,0.194536
186111ms,186111,523.125,0.194630
186143ms,186143,523.617,0.194546
186175ms,186175,524.174,0.194950
186207ms,186207,524.894,0.195184
186239ms,186239,525.887,0.195421
186303ms,186303,527.557,0.195942
186351ms,186351,528.482,0.196261
186383ms,186383,529.422,0.196739
186415ms,186415,530.438,0.197090
186447ms,186447,531.529,0.197554
186479ms,186479,532.576,0.197943
186511ms,186511,533.709,0.198462
186543ms,186543,534.769,0.199072
186575ms,186575,535.706,0.199463
186607ms,186607,535.844,0.199713
186639ms,186639,535.942,0.199584
186703ms,186703,535.816,0.199540
186751ms,186751,535.798,0.199582
186783ms,186783,535.798,0.199451
186815ms,186815,535.800,0.199475
186847ms,186847,535.831,0.199515
186879ms,186879,535.789,0.199468
186911ms,186911,535.895,0.199514
186943ms,186943,535.916,0.199541
186975ms,186975,535.934,0.199466
187007ms,187007,536.035,0.199741
187039ms,187039,534.819,0.199582
187071ms,187071,533.182,0.198877
187103ms,187103,531.468,0.198303
187155ms,187155,529.901,0.197712
187183ms,187183,528.063,0.197062
187215ms,187215,526.482,0.196585
187247ms,187247,525.108,0.195843
187279ms,187279,524.148,0.195498
187311ms,187311,523.828,0.195725
187343ms,187343,522.180,0.195015
187375ms,187375,522.026,0.195243
187407ms,187407,522.253,0.194759
187439ms,187439,522.071,0.194696
187471ms,187471,521.869,0.194585
187503ms,187503,522.234,0.194613
187551ms,187551,522.365,0.194468
187583ms,187583,522.602,0.194493
187615ms,187615,523.137,0.194751
187647ms,187647,523.781,0.194662
187679ms,187679,524.457,0.194992
187711ms,187711,525.147,0.195133
187743ms,187743,525.967,0.195579
187775ms,187775,526.920,0.195767
187807ms,187807,527.852,0.196133
187839ms,187839,528.777,0.196574
187871ms,187871,529.721,0.196906
187903ms,187903,530.686,0.197322
187983ms,187983,532.822,0.198260
188015ms,188015,534.040,0.198618
188047ms,188047,535.026,0.199173
188079ms,188079,535.853,0.199747
188111ms,188111,535.526,0.199726
188143ms,188143,535.845,0.199490
188175ms,188175,535.709,0.199463
188207ms,188207,535.780,0.199462
188239ms,188239,535.819,0.199441
188271ms,188271,535.804,0.199552
188303ms,188303,535.832,0.199485
188335ms,188335,535.805,0.199536
188383ms,188383,535.808,0.199582
188415ms,188415,535.905,0.199440
188447ms,188447,535.864,0.199465
188479ms,188479,535.966,0.199506
188511ms,188511,535.743,0.199690
188543ms,188543,534.093,0.199292
188575ms,188575,532.358,0.198641
188607ms,188607,530.690,0.198080
188639ms,188639,528.908,0.197522
188671ms,188671,527.227,0.196716
188703ms,188703,525.740,0.196258
188735ms,188735,524.469,0.195812
188783ms,188783,523.966,0.195651
188815ms,188815,522.999,0.195527
188847ms,188847,522.161,0.195107
188879ms,188879,522.011,0.194986
188911ms,188911,522.130,0.194793
188943ms,188943,521.958,0.194645
188975ms,188975,522.039,0.194656
189007ms,189007,522.037,0.194648
189039ms,189039,522.397,0.194652
189103ms,189103,523.310,0.194774
189135ms,189135,524.057,0.194957
189183ms,189183,524.751,0.194944
189215ms,189215,525.529,0.195354
189247ms,189247,526.518,0.195611
189279ms,189279,527.285,0.195956
189311ms,189311,528.159,0.196389
189375ms,189375,530.044,0.197069
189407ms,189407,531.098,0.197345
189439ms,189439,532.130,0.197836
189471ms,189471,533.114,0.198352
189503ms,189503,534.200,0.198750
189535ms,189535,535.146,0.199175
189583ms,189583,535.787,0.199666
189615ms,189615,535.602,0.199466
189647ms,189647,535.656,0.199511
189679ms,189679,535.734,0.199459
189711ms,189711,535.802,0.199437
189743ms,189743,535.768,0.199384
189775ms,189775,535.707,0.199333
189807ms,189807,535.715,0.199392
189839ms,189839,535.779,0.199470
189871ms,189871,535.807,0.199359
189903ms,189903,535.789,0.199469
189935ms,189935,535.845,0.199482
189983ms,189983,535.926,0.199480
190015ms,190015,535.502,0.199675
190047ms,190047,533.966,0.199138
190079ms,190079,532.298,0.198616
190111ms,190111,530.764,0.198019
190143ms,190143,529.126,0.197363
190175ms,190175,527.305,0.196854
190207ms,190207,525.910,0.196141
190239ms,190239,524.512,0.195809
190271ms,190271,524.020,0.195451
190303ms,190303,523.110,0.195586
190335ms,190335,522.128,0.195087
190383ms,190383,522.094,0.194969
190415ms,190415,522.256,0.194782
190447ms,190447,521.943,0.194572
190479ms,190479,521.900,0.194597
190511ms,190511,522.060,0.194537
190543ms,190543,522.350,0.194485
190575ms,190575,522.752,0.194593
190607ms,190607,523.385,0.194737
190639ms,190639,524.057,0.194931
190671ms,190671,524.772,0.195210
190703ms,190703,525.630,0.195391
190735ms,190735,526.497,0.195612
190783ms,190783,527.442,0.196015
190815ms,190815,528.291,0.196484
190847ms,190847,529.314,0.196633
190879ms,190879,530.249,0.197099
190943ms,190943,532.359,0.197922
190975ms,190975,533.426,0.198549
191007ms,191007,534.494,0.198999
191039ms,191039,535.472,0.199263
191103ms,191103,535.653,0.199498
191135ms,191135,535.693,0.199480
191183ms,191183,535.796,0.199449
191215ms,191215,535.809,0.199444
191247ms,191247,535.780,0.199373
191279ms,191279,535.820,0.199456
191311ms,191311,535.789,0.199492
191343ms,191343,535.732,0.199348
191375ms,191375,535.858,0.199371
191407ms,191407,535.805,0.199407
191439ms,191439,535.865,0.199477
191471ms,191471,536.037,0.199563
191503ms,191503,535.388,0.199659
191535ms,191535,533.801,0.199130
191583ms,191583,532.006,0.198605
191615ms,191615,530.440,0.197855
191647ms,191647,528.678,0.197168
191679ms,191679,526.970,0.196662
191711ms,191711,525.463,0.196113
191743ms,191743,524.249,0.195523
191775ms,191775,523.763,0.195677
191807ms,191807,522.592,0.195293
191839ms,191839,522.228,0.195049
191871ms,191871,522.134,0.194889
191903ms,191903,522.006,0.194591
191935ms,191935,521.909,0.194650
191983ms,191983,522.170,0.194524
192015ms,192015,522.087,0.194532
192079ms,192079,523.132,0.194595
192111ms,192111,523.475,0.194674
192143ms,192143,524.239,0.194891
192175ms,192175,524.999,0.195228
192207ms,192207,525.761,0.195456
192239ms,192239,526.581,0.195827
192271ms,192271,527.532,0.196070
192303ms,192303,528.557,0.196377
192335ms,192335,529.417,0.196817
192383ms,192383,530.335,0.197148
192415ms,192415,531.335,0.197633
192447ms,192447,532.462,0.198007
192479ms,192479,533.674,0.198503
192511ms,192511,534.731,0.199094
192543ms,192543,535.788,0.199478
192575ms,192575,535.716,0.199687
192607ms,192607,535.921,0.199556
192639ms,192639,535.781,0.199447
192671ms,192671,535.739,0.199403
192703ms,192703,535.748,0.199457
192735ms,192735,535.744,0.199425
192783ms,192783,535.741,0.199418
192815ms,192815,535.801,0.199440
192847ms,192847,535.664,0.199366
192879ms,192879,535.801,0.199382
192911ms,192911,535.833,0.199463
192943ms,192943,535.849,0.199552
192975ms,192975,535.965,0.199629
193007ms,193007,534.534,0.199551
193039ms,193039,532.875,0.198876
193071ms,193071,531.133,0.198130
193103ms,193103,529.662,0.197626
193135ms,193135,527.887,0.196878
193183ms,193183,526.201,0.196336
193215ms,193215,524.735,0.195871
193279ms,193279,523.508,0.195595
193311ms,193311,522.086,0.194985
193343ms,193343,522.112,0.195078
193375ms,193375,522.262,0.194751
193407ms,193407,521.961,0.194707
193439ms,193439,521.826,0.194566
193471ms,193471,521.991,0.194500
193503ms,193503,522.244,0.194616
193535ms,193535,522.693,0.194653
193567ms,193567,523.338,0.194848
193615ms,193615,523.947,0.194803
193647ms,193647,524.825,0.195107
193679ms,193679,525.591,0.195315
193711ms,193711,526.370,0.195529
193743ms,193743,527.223,0.195899
193775ms,193775,528.145,0.196234
193807ms,193807,529.082,0.196579
193839ms,193839,530.042,0.196970
193871ms,193871,531.016,0.197379
193903ms,193903,532.128,0.197878
193935ms,193935,533.186,0.198378
193967ms,193967,534.244,0.198742
194015ms,194015,535.162,0.199208
194047ms,194047,535.709,0.199666
194079ms,194079,535.490,0.199546
194111ms,194111,535.701,0.199409
194143ms,194143,535.739,0.199426
194175ms,194175,535.761,0.199442
194207ms,194207,535.735,0.199382
194239ms,194239,535.809,0.199443
194271ms,194271,535.760,0.199479
194303ms,194303,535.725,0.199492
194367ms,194367,535.777,0.199470
194415ms,194415,535.827,0.199462
194447ms,194447,536.023,0.199557
194479ms,194479,535.226,0.199666
194511ms,194511,533.603,0.199054
194543ms,194543,531.888,0.198484
194575ms,194575,530.279,0.197777
194607ms,194607,528.792,0.197313
194703ms,194703,524.176,0.195579
194735ms,194735,523.871,0.195606
194767ms,194767,522.651,0.195297
194815ms,194815,522.131,0.195132
194847ms,194847,522.266,0.195019
194879ms,194879,522.008,0.194599
194911ms,194911,522.040,0.194715
194943ms,194943,522.160,0.194552
194975ms,194975,522.285,0.194520
195007ms,195007,522.525,0.194674
195039ms,195039,522.957,0.194679
195071ms,195071,523.519,0.194733
195103ms,195103,524.175,0.195031
195135ms,195135,525.073,0.195222
195167ms,195167,525.895,0.195445
195215ms,195215,526.726,0.195750
195247ms,195247,527.610,0.195966
195279ms,195279,528.540,0.196296
195311ms,195311,529.646,0.196736
195343ms,195343,530.468,0.197173
195375ms,195375,531.499,0.197504
195407ms,195407,532.589,0.197926
195439ms,195439,533.725,0.198475
195471ms,195471,534.695,0.199109
195503ms,195503,535.757,0.199532
195535ms,195535,535.780,0.199627
195567ms,195567,535.885,0.199410
195615ms,195615,535.767,0.199414
195647ms,195647,535.734,0.199379
195679ms,195679,535.776,0.199481
195711ms,195711,535.787,0.199521
195743ms,195743,535.778,0.199388
195775ms,195775,535.734,0.199425
195807ms,195807,535.825,0.199501
195839ms,195839,535.790,0.199350
195871ms,195871,535.830,0.199494
195935ms,195935,535.998,0.199655
195967ms,195967,534.504,0.199536
196015ms,196015,532.888,0.198824
196047ms,196047,531.254,0.198202
196079ms,196079,529.634,0.197465
196111ms,196111,527.789,0.196922
196143ms,196143,526.252,0.196243
196207ms,196207,523.963,0.195566
196239ms,196239,523.587,0.195809
196271ms,196271,522.225,0.194958
196303ms,196303,521.959,0.195177
196335ms,196335,522.257,0.194732
196367ms,196367,522.118,0.194607
196415ms,196415,521.929,0.194455
196447ms,196447,522.231,0.194485
196479ms,196479,522.394,0.194590
196511ms,196511,522.683,0.194602
196543ms,196543,523.233,0.194673
196575ms,196575,523.893,0.194959
196607ms,196607,524.502,0.194980
196639ms,196639,525.320,0.195300
196671ms,196671,526.169,0.195504
196703ms,196703,527.092,0.195910
196735ms,196735,528.037,0.196100
196767ms,196767,529.082,0.196572
196815ms,196815,529.848,0.196903
196847ms,196847,530.791,0.197238
196879ms,196879,531.907,0.197825
196911ms,196911,532.958,0.198183
196943ms,196943,534.088,0.198736
196975ms,196975,535.003,0.199157
197007ms,197007,535.735,0.199521
197039ms,197039,535.525,0.199540
197071ms,197071,535.747,0.199578
197103ms,197103,535.725,0.199376
197135ms,197135,535.762,0.199312
197167ms,197167,535.713,0.199452
197215ms,197215,535.678,0.199448
197247ms,197247,535.666,0.199413
197279ms,197279,535.652,0.199480
197311ms,197311,535.756,0.199459
197343ms,197343,535.778,0.199420
197375ms,197375,535.787,0.199480
197407ms,197407,535.889,0.199501
197471ms,197471,533.867,0.199187
197503ms,197503,532.227,0.198558
197535ms,197535,530.648,0.197949
197567ms,197567,528.955,0.197311
197599ms,197599,527.212,0.196683
197647ms,197647,525.590,0.196245
197679ms,197679,524.313,0.195812
197711ms,197711,523.848,0.195706
197743ms,197743,522.661,0.195267
197775ms,197775,522.157,0.195177
197807ms,197807,522.184,0.194855
197839ms,197839,521.902,0.194580
197871ms,197871,521.883,0.194498
197903ms,197903,522.086,0.194575
197935ms,197935,522.106,0.194500
197967ms,197967,522.477,0.194453
197999ms,197999,522.981,0.194555
198047ms,198047,523.395,0.194783
198079ms,198079,524.220,0.195053
198111ms,198111,524.964,0.195145
198143ms,198143,525.727,0.195398
198207ms,198207,527.564,0.196167
198239ms,198239,528.490,0.196342
198271ms,198271,529.356,0.196657
198303ms,198303,530.381,0.197035
198335ms,198335,531.392,0.197630
198367ms,198367,532.554,0.197990
198399ms,198399,533.797,0.198520
198447ms,198447,534.827,0.199047
198479ms,198479,535.847,0.199463
198511ms,198511,535.890,0.199744
198543ms,198543,536.009,0.199586
198575ms,198575,535.832,0.199436
198607ms,198607,535.842,0.199505
198639ms,198639,535.830,0.199492
198671ms,198671,535.849,0.199502
198703ms,198703,535.826,0.199515
198735ms,198735,535.839,0.199475
198767ms,198767,535.842,0.199437
198799ms,198799,535.815,0.199441
198847ms,198847,535.839,0.199477
198879ms,198879,535.977,0.199545
198911ms,198911,536.023,0.199654
198943ms,198943,534.571,0.199507
198975ms,198975,532.919,0.198887
199007ms,199007,531.272,0.198226
199039ms,199039,529.634,0.197601
199071ms,199071,528.019,0.196924
199103ms,199103,526.401,0.196312
199135ms,199135,525.014,0.195839
199167ms,199167,524.041,0.195535
199199ms,199199,523.734,0.195770
199247ms,199247,522.016,0.195076
199279ms,199279,522.086,0.195259
199311ms,199311,522.205,0.194692
199343ms,199343,522.116,0.194582
199375ms,199375,521.803,0.194680
199407ms,199407,522.191,0.194635
199439ms,199439,522.224,0.194558
199471ms,199471,522.755,0.194578
199503ms,199503,523.310,0.194762
199535ms,199535,523.855,0.194935
199567ms,199567,524.566,0.195110
199679ms,199679,527.152,0.195836
199711ms,199711,527.860,0.196165
199743ms,199743,529.033,0.196566
199775ms,199775,529.944,0.196939
199807ms,199807,530.863,0.197379
199839ms,199839,531.961,0.197852
199871ms,199871,533.025,0.198312
199903ms,199903,534.163,0.198705
199935ms,199935,535.167,0.199135
199967ms,199967,535.756,0.199648
199999ms,199999,535.465,0.199551
200047ms,200047,535.705,0.199501
200079ms,200079,535.684,0.199477
200111ms,200111,535.734,0.199340
200143ms,200143,535.806,0.199315
200175ms,200175,535.722,0.199404
200207ms,200207,535.750,0.199347
200239ms,200239,535.772,0.199427
200271ms,200271,535.767,0.199317
200303ms,200303,535.705,0.199344
200367ms,200367,535.940,0.199481
200399ms,200399,535.678,0.199710
200447ms,200447,534.034,0.199251
200479ms,200479,532.352,0.198643
200511ms,200511,530.678,0.197971
200543ms,200543,529.048,0.197519
200575ms,200575,527.308,0.196845
200607ms,200607,525.839,0.196173
200639ms,200639,524.453,0.195767
200671ms,200671,523.903,0.195722
200703ms,200703,523.016,0.195586
200735ms,200735,522.039,0.195033
200767ms,200767,522.087,0.194949
200799ms,200799,522.233,0.194839
200847ms,200847,522.084,0.194851
200879ms,200879,522.015,0.194701
200911ms,200911,522.151,0.194619
200943ms,200943,522.396,0.194526
200975ms,200975,522.838,0.194488
201007ms,201007,523.412,0.194819
201039ms,201039,524.094,0.194849
201071ms,201071,524.811,0.195160
201103ms,201103,525.618,0.195388
201135ms,201135,526.478,0.195651
201167ms,201167,527.345,0.196091
201199ms,201199,528.256,0.196367
201247ms,201247,529.262,0.196664
201279ms,201279,530.154,0.196986
201314ms,201314,531.191,0.197397
201343ms,201343,532.348,0.197855
201375ms,201375,533.397,0.198313
201407ms,201407,534.515,0.199030
201439ms,201439,535.594,0.199437
201471ms,201471,535.853,0.199806
201503ms,201503,535.757,0.199430
201535ms,201535,535.761,0.199383
201567ms,201567,535.766,0.199430
201599ms,201599,535.744,0.199458
201647ms,201647,535.742,0.199376
201679ms,201679,535.772,0.199491
201711ms,201711,535.739,0.199373
201743ms,201743,535.783,0.199472
201775ms,201775,535.723,0.199355
201807ms,201807,535.804,0.199421
201839ms,201839,535.921,0.199439
201871ms,201871,536.073,0.199671
201903ms,201903,534.754,0.199655
201967ms,201967,531.380,0.198207
201999ms,201999,529.781,0.197599
202047ms,202047,528.007,0.196987
202079ms,202079,526.552,0.196383
202111ms,202111,525.030,0.195846
202143ms,202143,524.088,0.195572
202207ms,202207,522.116,0.195014
202239ms,202239,521.959,0.195322
202271ms,202271,522.241,0.194745
202303ms,202303,521.984,0.194708
202335ms,202335,521.884,0.194533
202367ms,202367,522.233,0.194528
202399ms,202399,522.430,0.194466
202447ms,202447,522.671,0.194637
202479ms,202479,523.154,0.194793
202511ms,202511,523.811,0.194820
202543ms,202543,524.413,0.195003
202575ms,202575,525.280,0.195313
202639ms,202639,526.971,0.195837
202671ms,202671,527.905,0.196149
202735ms,202735,529.908,0.196860
202767ms,202767,530.805,0.197336
202799ms,202799,531.953,0.197793
202847ms,202847,533.026,0.198260
202911ms,202911,535.195,0.199206
202943ms,202943,535.796,0.199661
202975ms,202975,535.547,0.199642
203007ms,203007,535.764,0.199465
203039ms,203039,535.715,0.199417
203071ms,203071,535.780,0.199487
203103ms,203103,535.800,0.199468
203135ms,203135,535.834,0.199436
203167ms,203167,535.786,0.199365
203199ms,203199,535.777,0.199383
203247ms,203247,535.757,0.199318
203279ms,203279,535.764,0.199343
203311ms,203311,535.888,0.199442
203343ms,203343,535.986,0.199508
203375ms,203375,535.507,0.199652
203407ms,203407,533.910,0.199138
203439ms,203439,532.140,0.198522
203471ms,203471,530.701,0.197875
203535ms,203535,527.089,0.196686
203567ms,203567,525.689,0.196285
203599ms,203599,524.353,0.195715
203647ms,203647,523.955,0.195555
203679ms,203679,522.919,0.195457
203711ms,203711,522.131,0.194930
203743ms,203743,522.082,0.194813
203775ms,203775,522.182,0.194626
203807ms,203807,522.000,0.194554
203839ms,203839,522.026,0.194694
203871ms,203871,522.202,0.194548
203903ms,203903,522.573,0.194505
203935ms,203935,522.929,0.194549
203967ms,203967,523.460,0.194761
203999ms,203999,524.194,0.194889
204047ms,204047,524.943,0.194996
204079ms,204079,525.726,0.195357
204111ms,204111,526.615,0.195450
204143ms,204143,527.429,0.195938
204175ms,204175,528.487,0.196331
204207ms,204207,529.358,0.196692
204239ms,204239,530.423,0.197116
204271ms,204271,531.404,0.197602
204303ms,204303,532.549,0.197997
204335ms,204335,533.652,0.198522
204367ms,204367,534.814,0.199046
204399ms,204399,535.856,0.199496
204447ms,204447,535.713,0.199694
204479ms,204479,536.010,0.199421
204511ms,204511,535.843,0.199394
204543ms,204543,535.838,0.199350
204575ms,204575,535.845,0.199442
204607ms,204607,535.817,0.199459
204639ms,204639,535.834,0.199420
204671ms,204671,535.800,0.199495
204703ms,204703,535.849,0.199428
204735ms,204735,535.818,0.199437
204767ms,204767,535.792,0.199475
204799ms,204799,535.986,0.199533
204831ms,204831,536.028,0.199644
204879ms,204879,534.588,0.199546
204911ms,204911,533.035,0.198979
204943ms,204943,531.413,0.198201
204975ms,204975,529.810,0.197713
205039ms,205039,526.488,0.196360
205071ms,205071,524.966,0.195805
205103ms,205103,524.033,0.195530
205135ms,205135,523.704,0.195850
205167ms,205167,522.075,0.194939
205199ms,205199,521.994,0.195110
205279ms,205279,522.012,0.194502
205311ms,205311,522.038,0.194650
205343ms,205343,522.089,0.194465
205407ms,205407,522.695,0.194560
205439ms,205439,523.241,0.194659
205471ms,205471,523.830,0.194845
205503ms,205503,524.514,0.195013
205535ms,205535,525.258,0.195303
205567ms,205567,526.103,0.195575
205599ms,205599,527.106,0.195845
205631ms,205631,527.904,0.196150
205679ms,205679,528.991,0.196600
205711ms,205711,529.836,0.196791
205743ms,205743,530.797,0.197338
205775ms,205775,531.911,0.197748
205807ms,205807,532.949,0.198243
205839ms,205839,534.110,0.198598
205871ms,205871,535.164,0.199206
205903ms,205903,535.952,0.199745
205935ms,205935,535.481,0.199696
205967ms,205967,535.738,0.199647
205999ms,205999,535.781,0.199496
206031ms,206031,535.813,0.199512
206079ms,206079,535.804,0.199481
206111ms,206111,535.769,0.199469
206143ms,206143,535.794,0.199476
206175ms,206175,535.868,0.199514
206207ms,206207,535.786,0.199486
206239ms,206239,535.814,0.199472
206271ms,206271,535.913,0.199479
206303ms,206303,536.063,0.199520
206335ms,206335,535.501,0.199669
206399ms,206399,532.092,0.198649
206431ms,206431,530.571,0.198005
206479ms,206479,528.975,0.197360
206511ms,206511,527.037,0.196661
206543ms,206543,525.611,0.196359
206575ms,206575,524.389,0.195848
206607ms,206607,523.863,0.195734
206639ms,206639,522.754,0.195257
206671ms,206671,522.224,0.195080
206703ms,206703,522.100,0.194909
206735ms,206735,522.097,0.194604
206767ms,206767,522.015,0.194633
206799ms,206799,521.944,0.194607
206831ms,206831,522.233,0.194569
206879ms,206879,522.505,0.194464
206911ms,206911,523.059,0.194623
206943ms,206943,523.517,0.194757
206975ms,206975,524.129,0.194901
207007ms,207007,525.009,0.195165
207039ms,207039,525.838,0.195376
207071ms,207071,526.615,0.195638
207103ms,207103,527.494,0.196007
207135ms,207135,528.514,0.196283
207167ms,207167,529.419,0.196830
207199ms,207199,530.428,0.197125
207231ms,207231,531.309,0.197497
207279ms,207279,532.392,0.197955
207311ms,207311,533.442,0.198440
207343ms,207343,534.543,0.199034
207375ms,207375,535.595,0.199514
207407ms,207407,535.898,0.199860
207439ms,207439,535.856,0.199559
207471ms,207471,535.789,0.199436
207503ms,207503,535.784,0.199408
207535ms,207535,535.829,0.199434
207567ms,207567,535.825,0.199398
207599ms,207599,535.787,0.199420
207631ms,207631,535.775,0.199573
207663ms,207663,535.778,0.199515
207711ms,207711,535.812,0.199342
207743ms,207743,535.827,0.199473
207775ms,207775,535.934,0.199603
207807ms,207807,536.082,0.199614
207871ms,207871,533.058,0.198917
207903ms,207903,531.342,0.198236
207935ms,207935,529.694,0.197642
207967ms,207967,527.873,0.196957
207999ms,207999,526.261,0.196395
208031ms,208031,524.815,0.195787
208063ms,208063,524.013,0.195388
208111ms,208111,523.543,0.195575
208143ms,208143,522.075,0.194883
208175ms,208175,522.090,0.195138
208207ms,208207,522.214,0.194608
208239ms,208239,522.046,0.194568
208271ms,208271,522.020,0.194655
208335ms,208335,522.300,0.194546
208367ms,208367,522.706,0.194666
208399ms,208399,523.381,0.194775
208431ms,208431,523.885,0.194923
208463ms,208463,524.542,0.195117
208511ms,208511,525.317,0.195278
208543ms,208543,526.217,0.195577
208575ms,208575,527.120,0.195945
208607ms,208607,527.981,0.196175
208639ms,208639,529.031,0.196629
208671ms,208671,529.909,0.196964
208703ms,208703,530.896,0.197358
208735ms,208735,531.932,0.197762
208767ms,208767,532.988,0.198249
208799ms,208799,534.066,0.198743
208831ms,208831,535.095,0.199195
208911ms,208911,535.383,0.199583
208943ms,208943,535.650,0.199437
208975ms,208975,535.672,0.199362
209007ms,209007,535.702,0.199451
209039ms,209039,535.725,0.199362
209071ms,209071,535.736,0.199337
209103ms,209103,535.719,0.199403
209135ms,209135,535.748,0.199423
209167ms,209167,535.725,0.199354
209199ms,209199,535.757,0.199387
209231ms,209231,535.791,0.199467
209263ms,209263,535.895,0.199537
209311ms,209311,535.798,0.199724
209343ms,209343,534.110,0.199387
209375ms,209375,532.368,0.198650
209407ms,209407,530.810,0.198071
209439ms,209439,529.165,0.197378
209471ms,209471,527.341,0.196729
209503ms,209503,525.839,0.196113
209535ms,209535,524.438,0.195662
209567ms,209567,524.037,0.195498
209599ms,209599,522.926,0.195621
209631ms,209631,522.228,0.194979
209663ms,209663,522.124,0.194882
209711ms,209711,522.248,0.194560
209743ms,209743,522.006,0.194641
209775ms,209775,522.013,0.194581
209807ms,209807,522.076,0.194676
209839ms,209839,522.460,0.194623
209871ms,209871,523.053,0.194531
209903ms,209903,523.428,0.194766
209935ms,209935,524.227,0.194832
209967ms,209967,524.957,0.195084
209999ms,209999,525.747,0.195400
210031ms,210031,526.546,0.195678
210063ms,210063,527.444,0.195947
210111ms,210111,528.349,0.196323
210175ms,210175,530.288,0.197086
210207ms,210207,531.275,0.197609
210239ms,210239,532.380,0.198006
210271ms,210271,533.530,0.198438
210335ms,210335,535.580,0.199405
210367ms,210367,535.794,0.199841
210399ms,210399,535.803,0.199396
210431ms,210431,535.640,0.199335
210463ms,210463,535.759,0.199429
210511ms,210511,535.710,0.199376
210543ms,210543,535.705,0.199345
210575ms,210575,535.737,0.199378
210607ms,210607,535.679,0.199520
210639ms,210639,535.711,0.199451
210671ms,210671,535.650,0.199412
210703ms,210703,535.773,0.199362
210735ms,210735,535.790,0.199387
210767ms,210767,536.018,0.199562
210799ms,210799,534.936,0.199482
210831ms,210831,533.265,0.198895
210863ms,210863,531.469,0.198283
210911ms,210911,530.031,0.197678
210943ms,210943,528.204,0.197069
210975ms,210975,526.682,0.196506
211007ms,211007,525.177,0.195860
211039ms,211039,524.173,0.195601
211071ms,211071,523.860,0.195767
211103ms,211103,522.277,0.195159
211135ms,211135,522.042,0.195152
211167ms,211167,522.199,0.194719
211199ms,211199,521.980,0.194475
211231ms,211231,521.998,0.194559
211263ms,211263,522.050,0.194576
211311ms,211311,522.224,0.194513
211343ms,211343,522.612,0.194526
211375ms,211375,523.156,0.194767
211407ms,211407,523.808,0.194868
211439ms,211439,524.386,0.194976
211471ms,211471,525.139,0.195208
211503ms,211503,526.056,0.195480
211535ms,211535,526.991,0.195848
211599ms,211599,528.865,0.196428
211631ms,211631,529.760,0.196933
211663ms,211663,530.646,0.197224
211711ms,211711,531.669,0.197659
211743ms,211743,532.855,0.198148
211775ms,211775,533.950,0.198610
211807ms,211807,534.887,0.199145
211839ms,211839,535.781,0.199596
211871ms,211871,535.520,0.199582
211903ms,211903,535.827,0.199466
211935ms,211935,535.685,0.199316
211967ms,211967,535.649,0.199343
212063ms,212063,535.654,0.199331
212111ms,212111,535.668,0.199496
212143ms,212143,535.669,0.199447
212175ms,212175,535.684,0.199349
212207ms,212207,535.706,0.199475
212239ms,212239,535.802,0.199430
212271ms,212271,535.785,0.199660
212303ms,212303,534.265,0.199416
212335ms,212335,532.480,0.198740
212399ms,212399,529.316,0.197528
212431ms,212431,527.384,0.196886
212463ms,212463,525.805,0.196172
212511ms,212511,524.597,0.195788
212543ms,212543,523.999,0.195600
212575ms,212575,523.094,0.195543
212607ms,212607,522.227,0.195047
212639ms,212639,522.001,0.195071
212671ms,212671,522.100,0.194696
212703ms,212703,522.026,0.194705
212735ms,212735,522.060,0.194593
212767ms,212767,522.162,0.194655
212799ms,212799,522.426,0.194454
212831ms,212831,522.918,0.194564
212863ms,212863,523.420,0.194793
212911ms,212911,524.163,0.194998
212943ms,212943,524.953,0.195073
212975ms,212975,525.687,0.195302
213007ms,213007,526.503,0.195714
213039ms,213039,527.445,0.195965
213071ms,213071,528.367,0.196460
213103ms,213103,529.426,0.196678
213135ms,213135,530.399,0.197210
213167ms,213167,531.387,0.197622
213199ms,213199,532.422,0.197892
213231ms,213231,533.461,0.198415
213263ms,213263,534.608,0.198913
213311ms,213311,535.550,0.199333
213343ms,213343,535.694,0.199651
213375ms,213375,535.648,0.199355
213407ms,213407,535.708,0.199421
213439ms,213439,535.659,0.199372
213471ms,213471,535.640,0.199361
213503ms,213503,535.691,0.199421
213535ms,213535,535.702,0.199409
213567ms,213567,535.660,0.199338
213599ms,213599,535.690,0.199335
213631ms,213631,535.687,0.199394
213663ms,213663,535.738,0.199387
213695ms,213695,535.672,0.199440
213743ms,213743,535.945,0.199622
213775ms,213775,534.823,0.199516
213807ms,213807,533.182,0.198867
213839ms,213839,531.466,0.198267
213871ms,213871,529.810,0.197712
213903ms,213903,528.021,0.197027
213935ms,213935,526.464,0.196466
213967ms,213967,525.046,0.195874
213999ms,213999,524.069,0.195678
214063ms,214063,522.162,0.195042
214095ms,214095,521.976,0.195136
214143ms,214143,522.175,0.194755
214175ms,214175,522.083,0.194597
214207ms,214207,521.938,0.194566
214239ms,214239,522.053,0.194436
214271ms,214271,522.384,0.194556
214303ms,214303,522.738,0.194460
214335ms,214335,523.260,0.194744
214367ms,214367,523.799,0.195081
214431ms,214431,525.378,0.195336
214463ms,214463,526.236,0.195533
214495ms,214495,527.087,0.195878
214543ms,214543,527.927,0.196232
214575ms,214575,528.986,0.196659
214607ms,214607,529.860,0.196918
214639ms,214639,530.825,0.197374
214671ms,214671,531.982,0.197760
214703ms,214703,532.953,0.198216
214735ms,214735,534.133,0.198795
214767ms,214767,535.091,0.199192
214799ms,214799,535.805,0.199647
214831ms,214831,535.428,0.199557
214863ms,214863,535.693,0.199442
214895ms,214895,535.717,0.199379
214943ms,214943,535.675,0.199346
214975ms,214975,535.655,0.199383
215007ms,215007,535.715,0.199380
215039ms,215039,535.730,0.199352
215071ms,215071,535.676,0.199318
215103ms,215103,535.667,0.199340
215135ms,215135,535.642,0.199434
215167ms,215167,535.708,0.199463
215199ms,215199,535.838,0.199464
215231ms,215231,535.555,0.199692
215263ms,215263,533.916,0.199264
215295ms,215295,532.286,0.198610
215343ms,215343,530.619,0.197913
215407ms,215407,527.264,0.196767
215439ms,215439,525.864,0.196168
215471ms,215471,524.539,0.195733
215503ms,215503,523.857,0.195614
215535ms,215535,523.008,0.195418
215567ms,215567,522.208,0.195003
215599ms,215599,522.173,0.194831
215631ms,215631,522.342,0.194708
215663ms,215663,522.134,0.194877
215695ms,215695,522.017,0.194609
215743ms,215743,522.176,0.194649
215775ms,215775,522.387,0.194623
215807ms,215807,522.799,0.194597
215839ms,215839,523.414,0.194611
215871ms,215871,524.117,0.194954
215903ms,215903,524.811,0.195046
215935ms,215935,525.586,0.195407
215967ms,215967,526.479,0.195723
215999ms,215999,527.307,0.195973
216031ms,216031,528.240,0.196321
216063ms,216063,529.395,0.196725
216143ms,216143,531.260,0.197575
216175ms,216175,532.348,0.198027
216207ms,216207,533.465,0.198384
216239ms,216239,534.572,0.198946
216271ms,216271,535.532,0.199387
216303ms,216303,535.779,0.199575
216335ms,216335,535.664,0.199324
216367ms,216367,535.645,0.199367
216399ms,216399,535.635,0.199306
216431ms,216431,535.646,0.199280
216463ms,216463,535.742,0.199351
216495ms,216495,535.655,0.199363
216543ms,216543,535.669,0.199395
216575ms,216575,535.741,0.199400
216607ms,216607,535.667,0.199392
216639ms,216639,535.658,0.199313
216671ms,216671,535.733,0.199490
216703ms,216703,535.899,0.199537
216767ms,216767,533.308,0.198906
216799ms,216799,531.517,0.198065
216831ms,216831,529.862,0.197625
216863ms,216863,528.152,0.197115
216895ms,216895,526.587,0.196486
216943ms,216943,525.192,0.195996
216975ms,216975,524.137,0.195592
217007ms,217007,523.880,0.195743
217039ms,217039,522.163,0.195024
217071ms,217071,521.954,0.195226
217103ms,217103,522.194,0.194622
217135ms,217135,522.109,0.194564
217167ms,217167,521.993,0.194600
217199ms,217199,522.156,0.194452
217231ms,217231,522.234,0.194556
217295ms,217295,523.165,0.194709
217343ms,217343,523.749,0.194776
217375ms,217375,524.373,0.194996
217407ms,217407,525.217,0.195225
217439ms,217439,526.080,0.195512
217471ms,217471,527.022,0.195823
217503ms,217503,527.879,0.196100
217535ms,217535,528.829,0.196462
217567ms,217567,529.779,0.196901
217599ms,217599,530.752,0.197259
217631ms,217631,531.822,0.197809
217663ms,217663,532.860,0.198168
217695ms,217695,533.958,0.198672
217743ms,217743,534.881,0.199027
217775ms,217775,535.833,0.199542
217807ms,217807,535.532,0.199738
217839ms,217839,535.755,0.199503
217871ms,217871,535.656,0.199341
217903ms,217903,535.718,0.199367
217935ms,217935,535.630,0.199416
217967ms,217967,535.712,0.199342
217999ms,217999,535.627,0.199434
218031ms,218031,535.678,0.199321
218063ms,218063,535.701,0.199410
218095ms,218095,535.660,0.199358
218127ms,218127,535.685,0.199420
218175ms,218175,535.814,0.199404
218207ms,218207,535.709,0.199692
218239ms,218239,534.078,0.199319
218271ms,218271,532.389,0.198759
218303ms,218303,530.880,0.197967
218335ms,218335,529.244,0.197467
218367ms,218367,527.407,0.196943
218399ms,218399,525.850,0.196084
218431ms,218431,524.488,0.195792
218495ms,218495,523.215,0.195548
218575ms,218575,521.992,0.194960
218607ms,218607,522.079,0.194633
218639ms,218639,522.026,0.194501
218671ms,218671,522.047,0.194597
218703ms,218703,522.163,0.194486
218735ms,218735,522.490,0.194511
218767ms,218767,522.883,0.194482
218799ms,218799,523.390,0.194754
218863ms,218863,524.806,0.195113
218895ms,218895,525.746,0.195335
218927ms,218927,526.486,0.195644
218975ms,218975,527.391,0.195910
219007ms,219007,528.400,0.196157
219039ms,219039,529.447,0.196696
219071ms,219071,530.276,0.197205
219103ms,219103,531.378,0.197524
219135ms,219135,532.394,0.197996
219167ms,219167,533.476,0.198417
219199ms,219199,534.571,0.198980
219231ms,219231,535.545,0.199324
219263ms,219263,535.763,0.199702
219295ms,219295,535.675,0.199403
219327ms,219327,535.538,0.199430
219375ms,219375,535.635,0.199335
219407ms,219407,535.667,0.199422
219439ms,219439,535.667,0.199335
219471ms,219471,535.651,0.199333
219503ms,219503,535.719,0.199345
219535ms,219535,535.674,0.199371
219567ms,219567,535.695,0.199388
219599ms,219599,535.648,0.199343
219631ms,219631,535.696,0.199463
219663ms,219663,535.886,0.199647
219695ms,219695,534.711,0.199492
219743ms,219743,533.148,0.198892
219775ms,219775,531.372,0.198211
219807ms,219807,529.712,0.197641
219839ms,219839,528.045,0.197026
219871ms,219871,526.451,0.196315
219903ms,219903,525.041,0.195819
219935ms,219935,524.073,0.195569
219967ms,219967,523.726,0.195639
219999ms,219999,522.171,0.195116
220031ms,220031,522.158,0.195239
220063ms,220063,522.231,0.194609
220095ms,220095,521.954,0.194563
220143ms,220143,522.053,0.194678
220175ms,220175,521.983,0.194530
220207ms,220207,522.263,0.194367
220239ms,220239,522.721,0.194510
220271ms,220271,523.293,0.194624
220303ms,220303,523.848,0.194722
220335ms,220335,524.384,0.194952
220367ms,220367,525.286,0.195272
220399ms,220399,526.129,0.195607
220431ms,220431,526.998,0.195846
220463ms,220463,527.896,0.196095
220495ms,220495,528.947,0.196541
220527ms,220527,529.884,0.196933
220575ms,220575,530.838,0.197335
220607ms,220607,531.908,0.197771
220639ms,220639,532.922,0.198256
220671ms,220671,534.113,0.198689
220703ms,220703,535.192,0.199279
220767ms,220767,535.576,0.199612
220799ms,220799,535.657,0.199494
220831ms,220831,535.726,0.199482
220863ms,220863,535.706,0.199535
220895ms,220895,535.693,0.199531
220927ms,220927,535.702,0.199381
220975ms,220975,535.745,0.199406
221007ms,221007,535.622,0.199366
221071ms,221071,535.655,0.199391
221103ms,221103,535.738,0.199501
221135ms,221135,535.866,0.199501
221167ms,221167,535.621,0.199747
221199ms,221199,534.018,0.199306
221231ms,221231,532.342,0.198734
221263ms,221263,530.786,0.197912
221295ms,221295,529.008,0.197448
221343ms,221343,527.203,0.196831
221375ms,221375,525.681,0.196249
221407ms,221407,524.283,0.195731
221439ms,221439,523.896,0.195609
221471ms,221471,522.921,0.195368
221503ms,221503,522.237,0.195165
221535ms,221535,522.212,0.194979
221567ms,221567,522.186,0.194824
221599ms,221599,521.955,0.194621
221631ms,221631,522.047,0.194559
221663ms,221663,522.205,0.194677
221695ms,221695,522.557,0.194526
221775ms,221775,523.414,0.194875
221807ms,221807,524.062,0.194863
221839ms,221839,524.875,0.195049
221871ms,221871,525.787,0.195349
221903ms,221903,526.564,0.195564
221935ms,221935,527.419,0.195987
221967ms,221967,528.338,0.196414
221999ms,221999,529.456,0.196563
222031ms,222031,530.298,0.197129
222063ms,222063,531.319,0.197666
222095ms,222095,532.489,0.198003
222143ms,222143,533.581,0.198514
222175ms,222175,534.615,0.198978
222207ms,222207,535.650,0.199332
222239ms,222239,535.956,0.199797
222271ms,222271,535.882,0.199462
222303ms,222303,535.861,0.199496
222335ms,222335,535.790,0.199390
222367ms,222367,535.828,0.199465
222399ms,222399,535.881,0.199396
222431ms,222431,535.877,0.199352
222463ms,222463,535.822,0.199327
222495ms,222495,535.808,0.199372
222527ms,222527,535.824,0.199376
222575ms,222575,535.857,0.199468
222607ms,222607,535.845,0.199523
222639ms,222639,536.037,0.199710
222671ms,222671,534.659,0.199516
222703ms,222703,533.020,0.198965
222735ms,222735,531.437,0.198160
222767ms,222767,529.701,0.197545
222799ms,222799,527.990,0.197015
222831ms,222831,526.449,0.196293
222863ms,222863,524.953,0.195835
222895ms,222895,524.025,0.195580
222927ms,222927,523.670,0.195697
222975ms,222975,522.068,0.195060
223007ms,223007,522.020,0.195150
223039ms,223039,522.217,0.194794
223071ms,223071,522.055,0.194606
223103ms,223103,522.164,0.194637
223167ms,223167,522.335,0.194516
223199ms,223199,522.645,0.194514
223231ms,223231,523.267,0.194619
223295ms,223295,524.503,0.195042
223327ms,223327,525.369,0.195134
223359ms,223359,526.085,0.195411
223407ms,223407,526.905,0.195817
223439ms,223439,527.828,0.196231
223471ms,223471,528.853,0.196388
223503ms,223503,529.777,0.196946
223535ms,223535,530.872,0.197191
223567ms,223567,531.757,0.197700
223599ms,223599,532.813,0.198188
223631ms,223631,533.876,0.198696
223663ms,223663,534.935,0.199139
223727ms,223727,535.539,0.199606
223775ms,223775,535.638,0.199459
223807ms,223807,535.689,0.199391
223839ms,223839,535.683,0.199326
223871ms,223871,535.685,0.199295
223903ms,223903,535.709,0.199375
223935ms,223935,535.748,0.199478
223967ms,223967,535.761,0.199437
223999ms,223999,535.672,0.199469
224031ms,224031,535.715,0.199431
224063ms,224063,535.735,0.199455
224095ms,224095,535.850,0.199547
224127ms,224127,535.734,0.199645
224175ms,224175,534.107,0.199299
224207ms,224207,532.484,0.198632
224239ms,224239,530.867,0.198004
224271ms,224271,529.224,0.197503
224303ms,224303,527.377,0.196876
224335ms,224335,525.963,0.196244
224367ms,224367,524.569,0.195665
224399ms,224399,523.919,0.195505
224431ms,224431,523.158,0.195572
224463ms,224463,522.312,0.194991
224495ms,224495,522.120,0.194901
224527ms,224527,522.174,0.194604
224575ms,224575,522.146,0.194737
224607ms,224607,521.951,0.194607
224639ms,224639,522.206,0.194446
224671ms,224671,522.415,0.194694
224703ms,224703,522.773,0.194664
224735ms,224735,523.485,0.194711
224767ms,224767,524.155,0.194858
224799ms,224799,524.931,0.195210
224863ms,224863,526.554,0.195616
224895ms,224895,527.386,0.195930
224927ms,224927,528.390,0.196278
224975ms,224975,529.543,0.196711
225007ms,225007,530.341,0.197149
225039ms,225039,531.286,0.197594
225071ms,225071,532.425,0.198001
225103ms,225103,533.558,0.198466
225135ms,225135,534.659,0.199025
225167ms,225167,535.460,0.199340
225199ms,225199,535.949,0.199703
225263ms,225263,535.716,0.199428
225295ms,225295,535.743,0.199382
225327ms,225327,535.756,0.199405
225359ms,225359,535.766,0.199396
225407ms,225407,535.750,0.199424
225439ms,225439,535.751,0.199454
225471ms,225471,535.776,0.199413
225503ms,225503,535.714,0.199397
225535ms,225535,535.749,0.199406
225567ms,225567,535.783,0.199524
225599ms,225599,535.987,0.199634
225631ms,225631,534.854,0.199551
225663ms,225663,533.296,0.198957
225695ms,225695,531.579,0.198283
225727ms,225727,529.918,0.197766
225775ms,225775,528.162,0.197093
225807ms,225807,526.545,0.196451
225839ms,225839,525.036,0.195937
225871ms,225871,524.081,0.195644
225903ms,225903,523.645,0.195787
225935ms,225935,522.175,0.194994
225967ms,225967,522.092,0.195187
225999ms,225999,522.082,0.194724
226031ms,226031,522.056,0.194544
226063ms,226063,522.090,0.194703
226095ms,226095,522.169,0.194489
226127ms,226127,522.339,0.194560
226175ms,226175,522.744,0.194532
226207ms,226207,523.241,0.194749
226239ms,226239,523.853,0.194759
226271ms,226271,524.548,0.194932
226303ms,226303,525.375,0.195260
226335ms,226335,526.127,0.195490
226367ms,226367,526.947,0.195828
226399ms,226399,527.829,0.196298
226431ms,226431,528.950,0.196579
226463ms,226463,529.939,0.196867
226495ms,226495,530.974,0.197328
226527ms,226527,531.988,0.197729
226559ms,226559,532.993,0.198272
226607ms,226607,534.124,0.198715
226639ms,226639,535.137,0.199182
226703ms,226703,535.429,0.199583
226735ms,226735,535.653,0.199470
226767ms,226767,535.752,0.199369
226799ms,226799,535.655,0.199376
226831ms,226831,535.662,0.199430
226863ms,226863,535.768,0.199412
226895ms,226895,535.657,0.199472
226927ms,226927,535.689,0.199340
226959ms,226959,535.731,0.199375
227007ms,227007,535.679,0.199391
227071ms,227071,535.853,0.199490
227103ms,227103,535.753,0.199707
227135ms,227135,533.998,0.199346
227167ms,227167,532.427,0.198817
227199ms,227199,530.788,0.197836
227231ms,227231,529.148,0.197459
227263ms,227263,527.306,0.196809
227295ms,227295,525.882,0.196235
227327ms,227327,524.418,0.195602
227359ms,227359,523.958,0.195639
227407ms,227407,523.237,0.195584
227439ms,227439,522.243,0.195015
227471ms,227471,522.280,0.194926
227503ms,227503,522.071,0.194726
227535ms,227535,522.113,0.194702
227567ms,227567,521.998,0.194542
227599ms,227599,522.166,0.194468
227631ms,227631,522.445,0.194662
227663ms,227663,522.850,0.194524
227695ms,227695,523.485,0.194698
227727ms,227727,524.136,0.194931
227759ms,227759,524.939,0.195291
227807ms,227807,525.680,0.195340
227839ms,227839,526.426,0.195632
227871ms,227871,527.415,0.195879
227935ms,227935,529.419,0.196756
227967ms,227967,530.397,0.197175
227999ms,227999,531.358,0.197497
228031ms,228031,532.483,0.197919
228063ms,228063,533.487,0.198494
228095ms,228095,534.654,0.198994
228127ms,228127,535.654,0.199425
228207ms,228207,536.108,0.199501
228239ms,228239,535.987,0.199534
228271ms,228271,535.986,0.199548
228303ms,228303,535.995,0.199449
228335ms,228335,536.004,0.199421
228367ms,228367,536.005,0.199495
228399ms,228399,536.022,0.199527
228431ms,228431,535.957,0.199518
228463ms,228463,536.054,0.199537
228495ms,228495,536.095,0.199466
228527ms,228527,536.116,0.199558
228559ms,228559,536.206,0.199766
228607ms,228607,534.994,0.199659
228639ms,228639,533.398,0.198975
228671ms,228671,531.646,0.198321
228703ms,228703,530.024,0.197626
228735ms,228735,528.203,0.197077
228767ms,228767,526.602,0.196536
228799ms,228799,525.077,0.195964
228831ms,228831,524.079,0.195428
228863ms,228863,523.807,0.195671
228895ms,228895,522.270,0.195173
228927ms,228927,522.087,0.195254
228959ms,228959,522.268,0.194736
229007ms,229007,521.994,0.194533
229039ms,229039,522.053,0.194564
229071ms,229071,522.257,0.194558
229103ms,229103,522.203,0.194511
229135ms,229135,522.670,0.194550
229167ms,229167,523.287,0.194752
229199ms,229199,523.844,0.194904
229231ms,229231,524.440,0.194985
229263ms,229263,525.191,0.195222
229295ms,229295,526.088,0.195555
229327ms,229327,526.967,0.195744
229359ms,229359,527.894,0.196177
229407ms,229407,528.931,0.196701
229439ms,229439,529.933,0.196897
229471ms,229471,530.961,0.197379
229503ms,229503,531.937,0.197827
229535ms,229535,532.995,0.198313
229567ms,229567,534.188,0.198763
229599ms,229599,535.190,0.199274
229663ms,229663,535.688,0.199669
229695ms,229695,535.949,0.199624
229727ms,229727,535.986,0.199542
229759ms,229759,535.974,0.199520
229807ms,229807,535.993,0.199450
229839ms,229839,535.990,0.199478
229871ms,229871,536.057,0.199521
229935ms,229935,536.033,0.199542
229967ms,229967,535.998,0.199416
229999ms,229999,536.007,0.199517
230031ms,230031,536.135,0.199551
230063ms,230063,535.619,0.199751
230095ms,230095,533.986,0.199205
230127ms,230127,532.186,0.198691
230159ms,230159,530.577,0.198004
230207ms,230207,528.853,0.197261
230271ms,230271,525.578,0.195941
230303ms,230303,524.259,0.195698
230335ms,230335,523.969,0.195531
230367ms,230367,522.721,0.195353
230399ms,230399,522.202,0.195209
230431ms,230431,522.176,0.194901
230463ms,230463,522.232,0.194719
230495ms,230495,521.961,0.194627
230527ms,230527,522.110,0.194515
230559ms,230559,522.191,0.194537
230591ms,230591,522.568,0.194592
230639ms,230639,522.906,0.194587
230671ms,230671,523.577,0.194772
230703ms,230703,524.228,0.195013
230767ms,230767,525.701,0.195421
230799ms,230799,526.651,0.195634
230831ms,230831,527.534,0.195952
230863ms,230863,528.447,0.196368
230895ms,230895,529.373,0.196717
230927ms,230927,530.393,0.197148
230959ms,230959,531.312,0.197541
231007ms,231007,532.433,0.198061
231039ms,231039,533.644,0.198461
231071ms,231071,534.704,0.199001
231103ms,231103,535.665,0.199382
231135ms,231135,535.822,0.199580
231167ms,231167,535.899,0.199428
231199ms,231199,535.805,0.199510
231231ms,231231,535.834,0.199435
231263ms,231263,535.815,0.199483
231295ms,231295,535.835,0.199452
231359ms,231359,535.817,0.199478
231407ms,231407,535.801,0.199351
231439ms,231439,535.806,0.199472
231503ms,231503,535.949,0.199417
231535ms,231535,535.979,0.199528
231567ms,231567,534.711,0.199537
231599ms,231599,533.218,0.198926
231631ms,231631,531.463,0.198189
231663ms,231663,529.813,0.197629
231695ms,231695,528.139,0.196993
231727ms,231727,526.508,0.196499
231759ms,231759,525.225,0.195881
231807ms,231807,524.070,0.195545
231839ms,231839,523.746,0.195799
231871ms,231871,522.258,0.194961
231903ms,231903,522.036,0.195091
231935ms,231935,522.023,0.194725
231967ms,231967,521.881,0.194448
231999ms,231999,522.118,0.194637
232031ms,232031,522.160,0.194374
232063ms,232063,522.281,0.194541
232095ms,232095,522.852,0.194468
232127ms,232127,523.151,0.194694
232159ms,232159,523.992,0.194960
232191ms,232191,524.630,0.195142
232239ms,232239,525.456,0.195274
232271ms,232271,526.205,0.195517
232303ms,232303,527.184,0.195809
232335ms,232335,527.913,0.196282
232367ms,232367,529.030,0.196568
232399ms,232399,529.966,0.196864
232431ms,232431,530.808,0.197224
232463ms,232463,531.944,0.197734
232495ms,232495,533.094,0.198356
232527ms,232527,534.217,0.198704
232559ms,232559,535.088,0.199168
232591ms,232591,535.748,0.199642
232639ms,232639,535.467,0.199464
232671ms,232671,535.738,0.199412
232703ms,232703,535.739,0.199342
232735ms,232735,535.657,0.199416
232767ms,232767,535.711,0.199382
232799ms,232799,535.673,0.199446
232831ms,232831,535.699,0.199429
232863ms,232863,535.723,0.199406
232895ms,232895,535.687,0.199353
232927ms,232927,535.663,0.199299
232959ms,232959,535.710,0.199447
233039ms,233039,535.405,0.199550
233071ms,233071,533.782,0.199186
233103ms,233103,532.093,0.198467
233135ms,233135,530.495,0.197875
233167ms,233167,528.686,0.197294
233199ms,233199,526.992,0.196584
233231ms,233231,525.510,0.195988
233295ms,233295,523.914,0.195693
233327ms,233327,522.750,0.195289
233391ms,233391,521.955,0.194798
233438ms,233438,522.040,0.194706
233470ms,233470,522.130,0.194426
233535ms,233535,522.116,0.194439
233567ms,233567,522.508,0.194545
233599ms,233599,523.089,0.194613
233631ms,233631,523.587,0.194720
233663ms,233663,524.259,0.194958
233695ms,233695,525.098,0.195224
233727ms,233727,525.914,0.195496
233759ms,233759,526.889,0.195845
233791ms,233791,527.718,0.196006
233839ms,233839,528.725,0.196348
233871ms,233871,529.683,0.196937
233903ms,233903,530.616,0.197249
233935ms,233935,531.569,0.197678
233967ms,233967,532.658,0.198107
233999ms,233999,533.842,0.198615
234031ms,234031,534.876,0.199163
234063ms,234063,535.911,0.199557
234127ms,234127,536.047,0.199516
234159ms,234159,535.909,0.199475
234191ms,234191,535.896,0.199431
234271ms,234271,535.914,0.199422
234303ms,234303,535.853,0.199438
234335ms,234335,535.857,0.199480
234367ms,234367,535.898,0.199438
234399ms,234399,535.876,0.199436
234431ms,234431,535.865,0.199408
234463ms,234463,535.910,0.199432
234495ms,234495,536.053,0.199812
234527ms,234527,534.653,0.199550
234559ms,234559,533.154,0.198988
234591ms,234591,531.437,0.198085
234639ms,234639,529.645,0.197650
234671ms,234671,528.017,0.197096
234703ms,234703,526.256,0.196288
234735ms,234735,524.773,0.195797
234767ms,234767,524.089,0.195502
234799ms,234799,523.711,0.195788
234831ms,234831,522.081,0.195026
234863ms,234863,522.240,0.195254
234895ms,234895,522.168,0.194670
234927ms,234927,522.080,0.194578
234959ms,234959,522.132,0.194586
234991ms,234991,522.088,0.194430
235039ms,235039,522.375,0.194498
235071ms,235071,522.862,0.194626
235103ms,235103,523.256,0.194727
235135ms,235135,523.950,0.194846
235167ms,235167,524.689,0.195071
235199ms,235199,525.536,0.195281
235231ms,235231,526.325,0.195615
235263ms,235263,527.258,0.195800
235295ms,235295,528.118,0.196251
235327ms,235327,529.143,0.196549
235359ms,235359,530.127,0.196994
235391ms,235391,531.105,0.197383
235439ms,235439,532.111,0.197846
235471ms,235471,533.205,0.198274
235503ms,235503,534.351,0.198813
235535ms,235535,535.298,0.199229
235567ms,235567,535.899,0.199707
235599ms,235599,535.525,0.199507
235631ms,235631,535.752,0.199506
235663ms,235663,535.830,0.199434
235695ms,235695,535.728,0.199459
235727ms,235727,535.837,0.199364
235759ms,235759,535.811,0.199345
235759ms,235759,535.811,0.199345
235791ms,235791,535.795,0.199480
235791ms,235791,535.795,0.199480
235823ms,235823,535.813,0.199432
235871ms,235871,535.755,0.199352
235903ms,235903,535.781,0.199315
235967ms,235967,535.990,0.199494
235999ms,235999,535.293,0.199605
236031ms,236031,533.528,0.199139
236063ms,236063,531.872,0.198360
236095ms,236095,530.218,0.197893
236127ms,236127,528.435,0.197211
236159ms,236159,526.858,0.196617
236191ms,236191,525.355,0.195980
236223ms,236223,524.193,0.195747
236271ms,236271,523.895,0.195684
236303ms,236303,522.428,0.195106
236335ms,236335,522.162,0.195150
236366ms,236366,521.984,0.194666
236399ms,236399,522.061,0.194670
236431ms,236431,522.102,0.194467
236463ms,236463,521.972,0.194610
236495ms,236495,522.212,0.194625
236527ms,236527,522.733,0.194565
236559ms,236559,523.184,0.194584
236591ms,236591,523.549,0.194897
236623ms,236623,524.253,0.194978
236671ms,236671,525.178,0.195124
236703ms,236703,525.953,0.195489
236735ms,236735,526.876,0.195736
236767ms,236767,527.926,0.196156
236831ms,236831,529.752,0.196906
236863ms,236863,530.726,0.197294
236895ms,236895,531.872,0.197766
236927ms,236927,532.840,0.198248
236959ms,236959,533.956,0.198664
236991ms,236991,535.011,0.199173
237070ms,237070,535.582,0.199604
237103ms,237103,535.931,0.199558
237135ms,237135,535.873,0.199419
237167ms,237167,535.827,0.199492
237199ms,237199,535.830,0.199488
237231ms,237231,535.849,0.199443
237263ms,237263,535.872,0.199369
237295ms,237295,535.908,0.199387
237327ms,237327,535.882,0.199328
237359ms,237359,535.825,0.199413
237391ms,237391,535.869,0.199480
237423ms,237423,536.041,0.199440
237471ms,237471,535.942,0.199805
237502ms,237502,534.402,0.199402
237534ms,237534,532.743,0.198801
237567ms,237567,531.090,0.198092
237599ms,237599,529.353,0.197615
237630ms,237630,527.687,0.196918
237663ms,237663,526.021,0.196256
237695ms,237695,524.603,0.195892
237727ms,237727,523.872,0.195540
237759ms,237759,523.117,0.195512
237791ms,237791,522.220,0.195064
237823ms,237823,522.158,0.195004
237870ms,237870,522.019,0.194717
237903ms,237903,522.092,0.194658
237935ms,237935,521.931,0.194510
237967ms,237967,522.232,0.194498
237998ms,237998,522.424,0.194644
238030ms,238030,522.877,0.194590
238063ms,238063,523.398,0.194691
238095ms,238095,524.070,0.194906
238127ms,238127,524.707,0.195113
238159ms,238159,525.674,0.195251
238191ms,238191,526.356,0.195624
238223ms,238223,527.313,0.195951
238270ms,238270,528.316,0.196349
238303ms,238303,529.257,0.196590
238335ms,238335,530.149,0.196998
238366ms,238366,531.156,0.197317
238398ms,238398,532.273,0.197954
238431ms,238431,533.245,0.198457
238463ms,238463,534.457,0.198944
238526ms,238526,535.992,0.199617
238559ms,238559,535.737,0.199421
238591ms,238591,535.774,0.199423
238623ms,238623,535.820,0.199483
238671ms,238671,535.815,0.199445
238703ms,238703,535.861,0.199447
238735ms,238735,535.812,0.199434
238767ms,238767,535.834,0.199443
238799ms,238799,535.864,0.199482
238831ms,238831,535.852,0.199388
238863ms,238863,535.828,0.199430
238895ms,238895,535.920,0.199527
238958ms,238958,535.188,0.199603
238991ms,238991,533.418,0.199030
239023ms,239023,531.825,0.198564
239071ms,239071,530.162,0.197868
239103ms,239103,528.425,0.197324
239134ms,239134,526.731,0.196554
239167ms,239167,525.470,0.196024
239230ms,239230,523.914,0.195705
239263ms,239263,522.420,0.195144
239295ms,239295,522.111,0.195163
239327ms,239327,522.016,0.194768
239359ms,239359,521.994,0.194626
239391ms,239391,522.149,0.194528
239423ms,239423,522.096,0.194632
239471ms,239471,522.217,0.194553
239503ms,239503,522.639,0.194534
239535ms,239535,523.172,0.194559
239599ms,239599,524.449,0.195027
239631ms,239631,525.224,0.195170
239663ms,239663,526.120,0.195525
239695ms,239695,526.879,0.195854
239727ms,239727,527.793,0.196095
239759ms,239759,528.807,0.196451
239791ms,239791,529.701,0.196871
239823ms,239823,530.751,0.197210
239855ms,239855,531.648,0.197686
239903ms,239903,532.801,0.198079
239934ms,239934,533.957,0.198670
239966ms,239966,535.072,0.199158
239998ms,239998,535.956,0.199425
240031ms,240031,535.681,0.199688
240063ms,240063,535.923,0.199438
240095ms,240095,535.829,0.199424
240127ms,240127,535.827,0.199343
240191ms,240191,535.791,0.199396
240223ms,240223,535.807,0.199444
240271ms,240271,535.839,0.199478
240335ms,240335,535.753,0.199362
240366ms,240366,535.777,0.199341
240399ms,240399,535.805,0.199477
240431ms,240431,535.932,0.199777
240463ms,240463,534.316,0.199347
240495ms,240495,532.703,0.198909
240527ms,240527,531.113,0.197993
240559ms,240559,529.406,0.197560
240591ms,240591,527.625,0.196939
240623ms,240623,526.054,0.196345
240671ms,240671,524.700,0.195722
240702ms,240702,523.846,0.195407
240734ms,240734,523.442,0.195527
240767ms,240767,522.186,0.194898
240799ms,240799,522.091,0.194938
240831ms,240831,522.114,0.194713
240863ms,240863,522.140,0.194631
240895ms,240895,522.004,0.194616
240927ms,240927,522.161,0.194513
240959ms,240959,522.479,0.194661
240991ms,240991,522.775,0.194615
241023ms,241023,523.471,0.194859
241071ms,241071,524.085,0.194952
241103ms,241103,524.857,0.194972
241135ms,241135,525.769,0.195293
241167ms,241167,526.510,0.195605
241199ms,241199,527.367,0.195980
241231ms,241231,528.347,0.196229
241263ms,241263,529.346,0.196621
241295ms,241295,530.261,0.197078
241327ms,241327,531.358,0.197508
241359ms,241359,532.330,0.197978
241391ms,241391,533.350,0.198401
241455ms,241455,535.604,0.199326
241503ms,241503,535.860,0.199687
241534ms,241534,535.726,0.199402
241566ms,241566,535.707,0.199407
241599ms,241599,535.756,0.199467
241630ms,241630,535.780,0.199403
241663ms,241663,535.747,0.199429
241695ms,241695,535.809,0.199426
241727ms,241727,535.862,0.199403
241759ms,241759,535.813,0.199438
241791ms,241791,535.841,0.199392
241823ms,241823,535.783,0.199409
241870ms,241870,535.851,0.199459
241902ms,241902,536.002,0.199496
241934ms,241934,535.240,0.199561
241967ms,241967,533.390,0.199061
241999ms,241999,531.752,0.198434
242031ms,242031,530.076,0.197885
242063ms,242063,528.250,0.197150
242095ms,242095,526.600,0.196640
242127ms,242127,525.190,0.196042
242159ms,242159,524.213,0.195651
242191ms,242191,523.871,0.195702
242223ms,242223,522.307,0.195092
242270ms,242270,522.205,0.195171
242303ms,242303,522.130,0.194651
242335ms,242335,522.035,0.194665
242367ms,242367,522.032,0.194533
242399ms,242399,522.131,0.194678
242431ms,242431,522.217,0.194419
242463ms,242463,522.681,0.194583
242495ms,242495,523.281,0.194677
242527ms,242527,523.960,0.194867
242559ms,242559,524.513,0.194878
242591ms,242591,525.311,0.195178
242623ms,242623,526.121,0.195514
242655ms,242655,527.014,0.195802
242702ms,242702,527.975,0.196066
242734ms,242734,528.985,0.196421
242766ms,242766,529.897,0.196875
242799ms,242799,530.935,0.197278
242863ms,242863,532.908,0.198256
242895ms,242895,534.067,0.198629
242990ms,242990,535.494,0.199593
243023ms,243023,535.737,0.199420
243102ms,243102,535.815,0.199525
243134ms,243134,535.783,0.199525
243167ms,243167,535.789,0.199471
243199ms,243199,535.779,0.199395
243231ms,243231,535.830,0.199499
243263ms,243263,535.823,0.199407
243295ms,243295,535.820,0.199338
243327ms,243327,535.834,0.199462
243359ms,243359,535.928,0.199487
243391ms,243391,535.663,0.199696
243423ms,243423,534.078,0.199252
243455ms,243455,532.344,0.198709
243503ms,243503,530.811,0.197925
243535ms,243535,529.215,0.197539
243567ms,243567,527.512,0.196767
243599ms,243599,525.852,0.196231
243631ms,243631,524.540,0.195763
243694ms,243694,523.155,0.195523
243727ms,243727,522.263,0.195076
243759ms,243759,521.986,0.194991
243791ms,243791,522.103,0.194705
243823ms,243823,522.073,0.194552
243855ms,243855,522.035,0.194483
243903ms,243903,522.096,0.194394
243935ms,243935,522.493,0.194595
243967ms,243967,522.793,0.194657
243998ms,243998,523.507,0.194716
244031ms,244031,524.094,0.194889
244063ms,244063,524.916,0.195070
244095ms,244095,525.728,0.195385
244127ms,244127,526.581,0.195739
244159ms,244159,527.521,0.196009
244191ms,244191,528.371,0.196349
244223ms,244223,529.488,0.196644
244255ms,244255,530.369,0.197194
244302ms,244302,531.315,0.197532
244335ms,244335,532.381,0.197912
244366ms,244366,533.514,0.198321
244398ms,244398,534.616,0.199019
244431ms,244431,535.591,0.199318
244462ms,244462,535.785,0.199677
244495ms,244495,535.834,0.199381
244527ms,244527,535.768,0.199535
244559ms,244559,535.762,0.199372
244591ms,244591,535.780,0.199483
244623ms,244623,535.795,0.199448
244655ms,244655,535.794,0.199462
244703ms,244703,535.829,0.199493
244735ms,244735,535.835,0.199448
244766ms,244766,535.844,0.199394
244831ms,244831,535.768,0.199397
244863ms,244863,535.961,0.199437
244895ms,244895,534.932,0.199532
244927ms,244927,533.311,0.198945
244959ms,244959,531.495,0.198267
244991ms,244991,530.047,0.197702
245023ms,245023,528.231,0.197124
245055ms,245055,526.546,0.196448
245102ms,245102,525.145,0.195991
245135ms,245135,524.242,0.195529
245167ms,245167,523.815,0.195488
245199ms,245199,522.208,0.195031
245231ms,245231,522.151,0.195091
245263ms,245263,521.996,0.194724
245295ms,245295,521.975,0.194400
245327ms,245327,522.145,0.194532
245359ms,245359,522.207,0.194448
245391ms,245391,522.354,0.194556
245423ms,245423,522.719,0.194557
245455ms,245455,523.273,0.194571
245502ms,245502,523.978,0.194866
245534ms,245534,524.585,0.194978
245566ms,245566,525.316,0.195245
245598ms,245598,526.166,0.195578
245630ms,245630,527.027,0.195902
245663ms,245663,527.992,0.196136
245695ms,245695,528.870,0.196454
245726ms,245726,529.816,0.196972
245759ms,245759,530.804,0.197322
245791ms,245791,531.776,0.197628
245823ms,245823,532.898,0.198099
245855ms,245855,533.985,0.198692
245903ms,245903,535.061,0.199176
245934ms,245934,535.840,0.199534
245966ms,245966,535.482,0.199520
245998ms,245998,535.780,0.199448
246030ms,246030,535.795,0.199502
246062ms,246062,535.791,0.199425
246095ms,246095,535.757,0.199456
246127ms,246127,535.730,0.199435
246159ms,246159,535.760,0.199426
246191ms,246191,535.741,0.199367
246254ms,246254,535.766,0.199350
246287ms,246287,535.844,0.199339
246334ms,246334,535.893,0.199450
246399ms,246399,534.242,0.199374
246431ms,246431,532.633,0.198712
246463ms,246463,531.013,0.198027
246495ms,246495,529.402,0.197489
246527ms,246527,527.699,0.196817
246559ms,246559,526.137,0.196370
246591ms,246591,524.732,0.195804
246623ms,246623,524.001,0.195454
246655ms,246655,523.370,0.195515
246687ms,246687,522.023,0.194981
246734ms,246734,522.097,0.195009
246766ms,246766,522.045,0.194620
246799ms,246799,522.119,0.194646
246831ms,246831,521.948,0.194530
246863ms,246863,522.217,0.194447
246895ms,246895,522.374,0.194611
246926ms,246926,522.955,0.194640
246959ms,246959,523.309,0.194608
246991ms,246991,524.055,0.194972
247023ms,247023,524.899,0.195067
247055ms,247055,525.666,0.195404
247087ms,247087,526.468,0.195665
247135ms,247135,527.329,0.195903
247167ms,247167,528.275,0.196317
247198ms,247198,529.368,0.196624
247230ms,247230,530.146,0.197019
247262ms,247262,531.166,0.197363
247295ms,247295,532.281,0.197884
247327ms,247327,533.301,0.198323
247359ms,247359,534.480,0.198853
247391ms,247391,535.511,0.199418
247423ms,247423,535.899,0.199694
247455ms,247455,535.607,0.199482
247487ms,247487,535.759,0.199402
247599ms,247599,535.779,0.199351
247630ms,247630,535.776,0.199350
247663ms,247663,535.776,0.199497
247695ms,247695,535.786,0.199491
247727ms,247727,535.805,0.199438
247759ms,247759,535.815,0.199432
247791ms,247791,535.844,0.199530
247823ms,247823,536.038,0.199423
247855ms,247855,535.232,0.199615
247887ms,247887,533.555,0.199108
247935ms,247935,531.742,0.198368
247967ms,247967,530.145,0.197920
247998ms,247998,528.376,0.197214
248030ms,248030,526.617,0.196540
248063ms,248063,525.226,0.195895
248095ms,248095,524.278,0.195571
248159ms,248159,522.428,0.195244
248190ms,248190,522.228,0.195255
248223ms,248223,521.940,0.194776
248255ms,248255,522.057,0.194641
248287ms,248287,521.990,0.194574
248335ms,248335,522.119,0.194535
248366ms,248366,522.206,0.194574
248399ms,248399,522.701,0.194542
248431ms,248431,523.248,0.194606
248463ms,248463,523.715,0.194736
248495ms,248495,524.383,0.195021
248526ms,248526,525.072,0.195059
248559ms,248559,526.047,0.195483
248591ms,248591,526.815,0.195795
248623ms,248623,527.697,0.196082
248655ms,248655,528.690,0.196353
248687ms,248687,529.629,0.196805
248734ms,248734,530.670,0.197154
248766ms,248766,531.603,0.197563
248798ms,248798,532.781,0.198008
248830ms,248830,533.892,0.198462
248894ms,248894,535.824,0.199605
248927ms,248927,535.615,0.199635
248959ms,248959,535.892,0.199516
248991ms,248991,535.846,0.199491
249023ms,249023,535.781,0.199440
249055ms,249055,535.790,0.199433
249087ms,249087,535.821,0.199494
249135ms,249135,535.816,0.199482
249167ms,249167,535.817,0.199494
249199ms,249199,535.838,0.199487
249230ms,249230,535.773,0.199469
249262ms,249262,535.810,0.199535
249295ms,249295,535.927,0.199458
249327ms,249327,535.956,0.199693
249359ms,249359,534.613,0.199492
249391ms,249391,532.963,0.198796
249423ms,249423,531.294,0.197979
249455ms,249455,529.646,0.197614
249487ms,249487,527.817,0.196965
249534ms,249534,526.093,0.196324
249567ms,249567,524.782,0.195990
249599ms,249599,524.086,0.195550
249631ms,249631,523.426,0.195761
249663ms,249663,522.225,0.195033
249695ms,249695,522.179,0.195028
249727ms,249727,522.151,0.194660
249759ms,249759,522.039,0.194600
249791ms,249791,522.086,0.194545
249823ms,249823,522.136,0.194440
249855ms,249855,522.403,0.194521
249886ms,249886,522.760,0.194732
249935ms,249935,523.474,0.194748
249967ms,249967,523.848,0.194916
249998ms,249998,524.652,0.194934
250031ms,250031,525.457,0.195216
250063ms,250063,526.265,0.195641
250094ms,250094,527.227,0.195911
250127ms,250127,528.107,0.196261
250159ms,250159,529.119,0.196601
250222ms,250222,531.045,0.197444
250255ms,250255,532.149,0.197792
250287ms,250287,533.176,0.198278
250335ms,250335,534.336,0.198758
250366ms,250366,535.309,0.199313
250431ms,250431,535.482,0.199445
250463ms,250463,535.759,0.199396
250495ms,250495,535.776,0.199407
250527ms,250527,535.753,0.199397
250559ms,250559,535.811,0.199442
250591ms,250591,535.797,0.199386
250623ms,250623,535.791,0.199337
250655ms,250655,535.725,0.199360
250687ms,250687,535.795,0.199412
250734ms,250734,535.798,0.199397
250766ms,250766,535.911,0.199480
250799ms,250799,535.902,0.199492
250831ms,250831,535.610,0.199721
250863ms,250863,533.937,0.199180
250895ms,250895,532.196,0.198547
250927ms,250927,530.785,0.197990
250959ms,250959,529.066,0.197442
250990ms,250990,527.239,0.196823
251023ms,251023,525.763,0.196247
251055ms,251055,524.322,0.195828
251087ms,251087,523.987,0.195509
251135ms,251135,523.028,0.195404
251166ms,251166,522.212,0.195066
251198ms,251198,522.142,0.194966
251262ms,251262,522.134,0.194568
251295ms,251295,522.133,0.194563
251327ms,251327,522.247,0.194476
251359ms,251359,522.467,0.194492
251391ms,251391,522.877,0.194558
251423ms,251423,523.568,0.194707
251455ms,251455,524.300,0.194921
251487ms,251487,524.875,0.195018
251519ms,251519,525.821,0.195381
251566ms,251566,526.621,0.195671
251598ms,251598,527.441,0.195906
251631ms,251631,528.413,0.196180
251662ms,251662,529.448,0.196823
251695ms,251695,530.275,0.197163
251727ms,251727,531.376,0.197530
251759ms,251759,532.385,0.198026
251791ms,251791,533.613,0.198462
251823ms,251823,534.721,0.199050
251855ms,251855,535.567,0.199354
251887ms,251887,535.837,0.199659
251934ms,251934,535.775,0.199406
251966ms,251966,535.728,0.199451
251998ms,251998,535.796,0.199303
252030ms,252030,535.752,0.199379
252063ms,252063,535.746,0.199429
252095ms,252095,535.804,0.199402
252127ms,252127,535.817,0.199447
252159ms,252159,535.728,0.199465
252191ms,252191,535.756,0.199466
252223ms,252223,535.828,0.199331
252255ms,252255,535.884,0.199459
252287ms,252287,536.085,0.199641
252318ms,252318,534.783,0.199607
252366ms,252366,533.124,0.198911
252398ms,252398,531.405,0.198204
252463ms,252463,528.156,0.196983
252495ms,252495,526.441,0.196338
252527ms,252527,525.029,0.196012
252590ms,252590,523.641,0.195681
252623ms,252623,522.153,0.195083
252655ms,252655,522.296,0.195171
252687ms,252687,522.035,0.194724
252719ms,252719,522.041,0.194488
252767ms,252767,522.014,0.194528
252799ms,252799,522.060,0.194511
252830ms,252830,522.222,0.194522
252863ms,252863,522.823,0.194519
252895ms,252895,523.401,0.194652
252927ms,252927,523.914,0.194830
252959ms,252959,524.730,0.195009
252991ms,252991,525.480,0.195203
253023ms,253023,526.290,0.195703
253055ms,253055,527.303,0.195914
253087ms,253087,528.212,0.196149
253119ms,253119,529.145,0.196729
253166ms,253166,530.018,0.196988
253198ms,253198,530.986,0.197409
253230ms,253230,532.161,0.197981
253262ms,253262,533.214,0.198361
253295ms,253295,534.380,0.198763
253358ms,253358,535.834,0.199685
253390ms,253390,535.437,0.199402
253423ms,253423,535.746,0.199425
253455ms,253455,535.771,0.199412
253487ms,253487,535.811,0.199443
253519ms,253519,535.775,0.199412
253566ms,253566,535.767,0.199448
253598ms,253598,535.780,0.199404
253630ms,253630,535.726,0.199387
253662ms,253662,535.747,0.199417
253695ms,253695,535.771,0.199355
253727ms,253727,535.876,0.199446
253759ms,253759,535.946,0.199462
253790ms,253790,535.435,0.199778
253823ms,253823,533.740,0.199200
253855ms,253855,532.091,0.198591
253887ms,253887,530.465,0.197878
253919ms,253919,528.793,0.197220
253966ms,253966,527.158,0.196630
253998ms,253998,525.646,0.195993
254031ms,254031,524.336,0.195689
254062ms,254062,523.973,0.195577
254094ms,254094,522.904,0.195298
254127ms,254127,522.233,0.195099
254158ms,254158,522.147,0.194848
254191ms,254191,522.234,0.194569
254223ms,254223,522.209,0.194695
254255ms,254255,522.008,0.194450
254287ms,254287,522.197,0.194491
254319ms,254319,522.611,0.194608
254366ms,254366,522.982,0.194679
254398ms,254398,523.607,0.194868
254430ms,254430,524.297,0.194967
254462ms,254462,525.016,0.195169
254494ms,254494,525.829,0.195383
254526ms,254526,526.636,0.195637
254558ms,254558,527.500,0.196066
254591ms,254591,528.481,0.196384
254623ms,254623,529.465,0.196784
254655ms,254655,530.422,0.197239
254687ms,254687,531.395,0.197584
254719ms,254719,532.571,0.197960
254766ms,254766,533.646,0.198557
254798ms,254798,534.720,0.198974
254830ms,254830,535.749,0.199420
254862ms,254862,535.848,0.199677
254895ms,254895,535.945,0.199445
254927ms,254927,535.816,0.199462
254958ms,254958,535.818,0.199403
254991ms,254991,535.785,0.199465
255023ms,255023,535.825,0.199473
255086ms,255086,535.836,0.199520
255119ms,255119,535.811,0.199478
255166ms,255166,535.831,0.199475
255198ms,255198,535.894,0.199405
255230ms,255230,535.912,0.199375
255262ms,255262,536.049,0.199611
255295ms,255295,534.681,0.199497
255327ms,255327,533.088,0.199022
255390ms,255390,529.701,0.197643
255422ms,255422,528.012,0.196945
255454ms,255454,526.327,0.196250
255454ms,255454,526.327,0.196250
255486ms,255486,524.904,0.195716
255519ms,255519,524.192,0.195593
255566ms,255566,523.525,0.195805
255598ms,255598,522.225,0.195144
255630ms,255630,522.218,0.195159
255662ms,255662,522.038,0.194726
255694ms,255694,522.006,0.194502
255727ms,255727,522.070,0.194673
255759ms,255759,522.103,0.194579
255791ms,255791,522.213,0.194598
255823ms,255823,522.709,0.194594
255855ms,255855,523.245,0.194754
255887ms,255887,524.006,0.194743
255919ms,255919,524.472,0.195035
255967ms,255967,525.271,0.195307
255998ms,255998,526.159,0.195458
256031ms,256031,527.032,0.195890
256062ms,256062,527.930,0.196092
256095ms,256095,528.934,0.196533
256126ms,256126,529.903,0.196991
256159ms,256159,530.981,0.197271
256191ms,256191,531.837,0.197797
256223ms,256223,532.907,0.198219
256255ms,256255,534.042,0.198653
256287ms,256287,535.154,0.199156
256319ms,256319,535.849,0.199646
256351ms,256351,535.512,0.199577
256399ms,256399,535.739,0.199378
256430ms,256430,535.749,0.199351
256462ms,256462,535.775,0.199364
256495ms,256495,535.765,0.199480
256526ms,256526,535.708,0.199414
256558ms,256558,535.751,0.199402
256590ms,256590,535.763,0.199453
256622ms,256622,535.760,0.199425
256654ms,256654,535.737,0.199430
256686ms,256686,535.790,0.199346
256718ms,256718,535.847,0.199424
256799ms,256799,534.312,0.199371
256830ms,256830,532.535,0.198808
256863ms,256863,530.978,0.197946
256894ms,256894,529.383,0.197498
256927ms,256927,527.604,0.196813
256959ms,256959,525.983,0.196180
256991ms,256991,524.636,0.195879
257023ms,257023,524.009,0.195610
257086ms,257086,522.232,0.195065
257119ms,257119,522.206,0.194943
257151ms,257151,522.113,0.194678
257198ms,257198,522.100,0.194610
257230ms,257230,521.897,0.194648
257262ms,257262,522.282,0.194602
257294ms,257294,522.455,0.194633
257326ms,257326,522.894,0.194496
257359ms,257359,523.524,0.194601
257390ms,257390,524.085,0.194817
257423ms,257423,524.809,0.195152
257454ms,257454,525.692,0.195272
257486ms,257486,526.462,0.195601
257519ms,257519,527.282,0.195966
257551ms,257551,528.422,0.196281
257598ms,257598,529.222,0.196654
257630ms,257630,530.161,0.197119
257663ms,257663,531.260,0.197367
257695ms,257695,532.234,0.197980
257726ms,257726,533.318,0.198359
257758ms,257758,534.468,0.198915
257790ms,257790,535.398,0.199279
257823ms,257823,536.024,0.199751
257855ms,257855,535.612,0.199510
257886ms,257886,535.831,0.199456
257919ms,257919,535.844,0.199455
257951ms,257951,535.818,0.199544
258030ms,258030,535.830,0.199464
258062ms,258062,535.930,0.199463
258094ms,258094,535.930,0.199415
258126ms,258126,535.882,0.199405
258158ms,258158,535.801,0.199395
258190ms,258190,535.856,0.199396
258222ms,258222,536.057,0.199431
258255ms,258255,535.419,0.199764
258287ms,258287,533.764,0.199112
258319ms,258319,531.928,0.198550
258351ms,258351,530.318,0.197890
258398ms,258398,528.640,0.197187
258430ms,258430,526.912,0.196534
258462ms,258462,525.514,0.195831
258495ms,258495,524.233,0.195672
258526ms,258526,524.075,0.195712
258559ms,258559,522.450,0.195253
258590ms,258590,522.242,0.195166
258623ms,258623,522.022,0.194859
258655ms,258655,522.091,0.194536
258687ms,258687,522.046,0.194474
258719ms,258719,521.948,0.194548
258751ms,258751,522.212,0.194560
258798ms,258798,522.475,0.194603
258830ms,258830,523.064,0.194649
258862ms,258862,523.703,0.194739
258894ms,258894,524.395,0.194853
258927ms,258927,525.136,0.195246
258959ms,258959,526.030,0.195447
258990ms,258990,526.934,0.195823
259023ms,259023,527.622,0.195976
259055ms,259055,528.626,0.196462
259086ms,259086,529.597,0.196860
259119ms,259119,530.591,0.197341
259199ms,259199,532.665,0.198113
259230ms,259230,533.757,0.198646
259263ms,259263,534.790,0.199054
259295ms,259295,535.757,0.199489
259326ms,259326,535.806,0.199686
259359ms,259359,535.879,0.199437
259391ms,259391,535.800,0.199517
259423ms,259423,535.798,0.199545
259455ms,259455,535.808,0.199436
259487ms,259487,535.828,0.199420
259550ms,259550,535.870,0.199394
259598ms,259598,535.785,0.199480
259630ms,259630,535.849,0.199438
259662ms,259662,535.889,0.199373
259695ms,259695,535.935,0.199557
259726ms,259726,536.018,0.199684
259759ms,259759,534.955,0.199648
259791ms,259791,533.365,0.199025
259822ms,259822,531.763,0.198320
259855ms,259855,530.087,0.197675
259886ms,259886,528.287,0.197015
259918ms,259918,526.695,0.196575
259951ms,259951,525.225,0.195894
259998ms,259998,524.135,0.195680
260030ms,260030,523.951,0.195862
260062ms,260062,522.257,0.195148
260094ms,260094,522.113,0.195241
260126ms,260126,521.869,0.194857
260158ms,260158,522.211,0.194641
260190ms,260190,522.125,0.194579
260223ms,260223,522.222,0.194495
260255ms,260255,522.356,0.194349
260286ms,260286,522.719,0.194438
260319ms,260319,523.104,0.194560
260351ms,260351,523.832,0.194698
260398ms,260398,524.395,0.195025
260430ms,260430,525.306,0.195025
260463ms,260463,526.112,0.195553
260494ms,260494,526.826,0.195738
260526ms,260526,527.771,0.196155
260558ms,260558,528.820,0.196469
260591ms,260591,529.736,0.196833
260622ms,260622,530.778,0.197187
260654ms,260654,531.746,0.197641
260686ms,260686,532.804,0.198090
260719ms,260719,533.922,0.198575
260750ms,260750,534.997,0.199145
260830ms,260830,535.398,0.199595
260862ms,260862,535.850,0.199452
260894ms,260894,535.712,0.199333
260926ms,260926,535.694,0.199317
260990ms,260990,535.679,0.199366
261022ms,261022,535.739,0.199417
261054ms,261054,535.752,0.199392
261086ms,261086,535.702,0.199421
261119ms,261119,535.649,0.199402
261151ms,261151,535.745,0.199378
261199ms,261199,535.807,0.199436
261230ms,261230,535.972,0.199683
261262ms,261262,534.567,0.199536
261295ms,261295,532.964,0.198685
261326ms,261326,531.346,0.198194
261359ms,261359,529.639,0.197637
261390ms,261390,527.811,0.196806
261423ms,261423,526.226,0.196462
261455ms,261455,524.841,0.195952
261486ms,261486,524.166,0.195644
261519ms,261519,523.564,0.195736
261551ms,261551,522.229,0.195107
261583ms,261583,522.115,0.195256
261630ms,261630,522.082,0.194791
261663ms,261663,522.039,0.194478
261694ms,261694,522.198,0.194647
261726ms,261726,522.123,0.194537
261759ms,261759,522.353,0.194632
261791ms,261791,522.876,0.194609
261823ms,261823,523.254,0.194715
261854ms,261854,524.018,0.194759
261887ms,261887,524.611,0.195150
261919ms,261919,525.435,0.195200
261951ms,261951,526.332,0.195388
261982ms,261982,527.199,0.195721
262030ms,262030,528.069,0.196174
262062ms,262062,529.098,0.196529
262094ms,262094,529.989,0.196911
262126ms,262126,531.074,0.197363
262158ms,262158,532.077,0.197868
262190ms,262190,533.251,0.198342
262254ms,262254,535.259,0.199278
262287ms,262287,535.913,0.199647
262318ms,262318,535.525,0.199477
262350ms,262350,535.800,0.199576
262383ms,262383,535.833,0.199435
262430ms,262430,535.803,0.199481
262462ms,262462,535.769,0.199523
262494ms,262494,535.803,0.199485
262526ms,262526,535.799,0.199483
262558ms,262558,535.788,0.199491
262590ms,262590,535.772,0.199431
262654ms,262654,535.832,0.199443
262686ms,262686,535.960,0.199500
262718ms,262718,535.490,0.199727
262750ms,262750,533.885,0.199171
262783ms,262783,532.234,0.198616
262830ms,262830,530.709,0.197873
262862ms,262862,528.912,0.197243
262894ms,262894,527.134,0.196748
262926ms,262926,525.809,0.196147
262958ms,262958,524.519,0.195883
262991ms,262991,523.932,0.195560
263023ms,263023,522.808,0.195379
263054ms,263054,522.333,0.195141
263087ms,263087,522.144,0.194923
263119ms,263119,521.999,0.194741
263151ms,263151,522.286,0.194524
263183ms,263183,521.999,0.194502
263230ms,263230,522.200,0.194441
263262ms,263262,522.443,0.194634
263294ms,263294,522.960,0.194610
263326ms,263326,523.462,0.194800
263358ms,263358,524.282,0.194884
263390ms,263390,524.951,0.195260
263422ms,263422,525.849,0.195483
263455ms,263455,526.622,0.195832
263486ms,263486,527.562,0.195973
263519ms,263519,528.419,0.196376
263582ms,263582,530.353,0.197077
263630ms,263630,531.439,0.197564
263662ms,263662,532.463,0.197971
263694ms,263694,533.638,0.198411
263726ms,263726,534.720,0.198991
263758ms,263758,535.590,0.199383
263790ms,263790,535.821,0.199678
263823ms,263823,535.776,0.199488
263855ms,263855,535.784,0.199467
263887ms,263887,535.855,0.199512
263919ms,263919,535.826,0.199422
263951ms,263951,535.780,0.199444
263983ms,263983,535.789,0.199498
264030ms,264030,535.846,0.199463
264062ms,264062,535.865,0.199444
264095ms,264095,535.845,0.199505
264126ms,264126,535.829,0.199308
264158ms,264158,535.957,0.199351
264190ms,264190,536.091,0.199598
264223ms,264223,534.970,0.199612
264255ms,264255,533.405,0.198931
264286ms,264286,531.736,0.198258
264319ms,264319,530.111,0.197689
264350ms,264350,528.324,0.197149
264383ms,264383,526.665,0.196536
264430ms,264430,525.251,0.196042
264462ms,264462,524.287,0.195528
264494ms,264494,523.936,0.195673
264526ms,264526,522.449,0.195074
264558ms,264558,522.312,0.195215
264591ms,264591,521.935,0.194748
264623ms,264623,522.070,0.194624
264655ms,264655,522.125,0.194545
264686ms,264686,522.117,0.194589
264718ms,264718,522.194,0.194547
264782ms,264782,523.137,0.194790
264830ms,264830,523.663,0.194924
264862ms,264862,524.386,0.194963
264894ms,264894,525.220,0.195149
264926ms,264926,526.067,0.195574
264958ms,264958,526.990,0.195691
264990ms,264990,527.768,0.196030
265022ms,265022,528.741,0.196467
265054ms,265054,529.731,0.196980
265086ms,265086,530.713,0.197246
265118ms,265118,531.630,0.197648
265151ms,265151,532.782,0.198110
265183ms,265183,533.942,0.198642
265262ms,265262,535.842,0.199584
265294ms,265294,535.725,0.199601
265326ms,265326,535.952,0.199464
265358ms,265358,535.863,0.199503
265390ms,265390,535.841,0.199418
265422ms,265422,535.875,0.199406
265454ms,265454,535.857,0.199417
265487ms,265487,535.815,0.199482
265550ms,265550,535.798,0.199420
265583ms,265583,535.792,0.199482
265630ms,265630,535.796,0.199425
265694ms,265694,536.002,0.199691
265726ms,265726,534.477,0.199453
265758ms,265758,532.852,0.198800
265790ms,265790,531.203,0.198211
265823ms,265823,529.601,0.197667
265855ms,265855,527.846,0.196910
265886ms,265886,526.347,0.196253
265919ms,265919,524.818,0.195806
265951ms,265951,524.117,0.195496
265983ms,265983,523.460,0.195679
266030ms,266030,522.203,0.195127
266062ms,266062,522.234,0.195169
266095ms,266095,522.044,0.194666
266126ms,266126,522.073,0.194512
266158ms,266158,521.961,0.194557
266191ms,266191,522.240,0.194504
266222ms,266222,522.301,0.194502
266255ms,266255,522.814,0.194541
266286ms,266286,523.328,0.194654
266319ms,266319,523.907,0.194795
266351ms,266351,524.638,0.195099
266383ms,266383,525.556,0.195290
266430ms,266430,526.327,0.195523
266462ms,266462,527.330,0.195946
266494ms,266494,528.231,0.196124
266526ms,266526,529.169,0.196537
266558ms,266558,530.126,0.196965
266590ms,266590,531.156,0.197399
266622ms,266622,532.179,0.197809
266655ms,266655,533.298,0.198319
266687ms,266687,534.390,0.198893
266719ms,266719,535.429,0.199232
266750ms,266750,535.818,0.199635
266783ms,266783,535.556,0.199421
266815ms,266815,535.757,0.199456
266862ms,266862,535.719,0.199463
266894ms,266894,535.764,0.199523
266958ms,266958,535.813,0.199479
266990ms,266990,535.785,0.199476
267023ms,267023,535.841,0.199504
267055ms,267055,535.834,0.199393
267118ms,267118,535.840,0.199453
267151ms,267151,536.053,0.199453
267183ms,267183,535.392,0.199670
267215ms,267215,533.677,0.199147
267262ms,267262,531.950,0.198405
267294ms,267294,530.541,0.197860
267326ms,267326,528.844,0.197242
267358ms,267358,526.989,0.196657
267390ms,267390,525.665,0.196145
267422ms,267422,524.369,0.195694
267454ms,267454,523.972,0.195575
267486ms,267486,522.504,0.195314
267519ms,267519,522.185,0.195146
267551ms,267551,521.989,0.194882
267583ms,267583,522.059,0.194759
267615ms,267615,522.137,0.194477
267662ms,267662,522.094,0.194483
267694ms,267694,522.299,0.194470
267726ms,267726,522.575,0.194710
267758ms,267758,522.986,0.194702
267790ms,267790,523.605,0.194885
267822ms,267822,524.261,0.194951
267855ms,267855,525.013,0.195188
267887ms,267887,525.806,0.195440
267919ms,267919,526.703,0.195686
267951ms,267951,527.605,0.196093
267983ms,267983,528.463,0.196374
268015ms,268015,529.528,0.196735
268062ms,268062,530.538,0.197172
268094ms,268094,531.480,0.197593
268126ms,268126,532.605,0.198044
268158ms,268158,533.842,0.198554
268190ms,268190,534.773,0.199039
268223ms,268223,535.767,0.199447
268255ms,268255,535.829,0.199637
268318ms,268318,535.878,0.199466
268382ms,268382,535.935,0.199487
268415ms,268415,535.951,0.199410
268462ms,268462,535.867,0.199494
268494ms,268494,535.855,0.199401
268526ms,268526,535.900,0.199398
268558ms,268558,535.890,0.199374
268590ms,268590,535.896,0.199462
268623ms,268623,535.976,0.199556
268654ms,268654,536.127,0.199610
268686ms,268686,534.870,0.199586
268719ms,268719,533.304,0.198949
268750ms,268750,531.590,0.198226
268782ms,268782,529.896,0.197712
268815ms,268815,528.310,0.197071
268862ms,268862,526.595,0.196261
268894ms,268894,525.031,0.195860
268926ms,268926,524.024,0.195568
268958ms,268958,523.630,0.195712
269022ms,269022,522.391,0.195240
269055ms,269055,522.121,0.194923
269086ms,269086,521.967,0.194507
269118ms,269118,522.180,0.194546
269150ms,269150,522.146,0.194514
269183ms,269183,522.437,0.194541
269215ms,269215,522.854,0.194612
269262ms,269262,523.265,0.194567
269294ms,269294,524.001,0.194925
269326ms,269326,524.639,0.195003
269390ms,269390,526.338,0.195696
269422ms,269422,527.342,0.195907
269454ms,269454,528.117,0.196143
269486ms,269486,529.200,0.196732
269518ms,269518,530.150,0.197084
269550ms,269550,531.063,0.197412
269582ms,269582,532.138,0.197792
269614ms,269614,533.075,0.198321
269662ms,269662,534.292,0.198774
269694ms,269694,535.294,0.199172
269726ms,269726,535.922,0.199809
269758ms,269758,535.496,0.199416
269790ms,269790,535.809,0.199488
269822ms,269822,535.820,0.199376
269854ms,269854,535.914,0.199414
269886ms,269886,535.870,0.199479
269918ms,269918,535.854,0.199477
269982ms,269982,535.791,0.199443
270015ms,270015,535.858,0.199402
270062ms,270062,535.795,0.199347
270094ms,270094,535.856,0.199387
270126ms,270126,535.997,0.199466
270158ms,270158,535.358,0.199638
270190ms,270190,533.724,0.199115
270222ms,270222,532.037,0.198540
270255ms,270255,530.489,0.197857
270286ms,270286,528.810,0.197116
270318ms,270318,526.971,0.196699
270350ms,270350,525.614,0.196143
270382ms,270382,524.278,0.195603
270415ms,270415,523.983,0.195586
270494ms,270494,522.100,0.195354
270526ms,270526,522.054,0.194834
270558ms,270558,522.019,0.194584
270590ms,270590,522.036,0.194541
270623ms,270623,522.094,0.194470
270655ms,270655,522.256,0.194506
270687ms,270687,522.475,0.194421
270719ms,270719,523.048,0.194562
270750ms,270750,523.654,0.194745
270782ms,270782,524.368,0.194961
270815ms,270815,525.150,0.195255
270862ms,270862,525.962,0.195443
270894ms,270894,526.865,0.195847
270926ms,270926,527.758,0.196039
270958ms,270958,528.653,0.196316
270990ms,270990,529.633,0.196847
271023ms,271023,530.687,0.197228
271055ms,271055,531.605,0.197541
271086ms,271086,532.701,0.197987
271119ms,271119,533.874,0.198551
271150ms,271150,534.984,0.199164
271183ms,271183,535.917,0.199517
271215ms,271215,535.641,0.199605
271262ms,271262,535.907,0.199401
271294ms,271294,535.737,0.199367
271326ms,271326,535.776,0.199338
271358ms,271358,535.750,0.199419
271390ms,271390,535.797,0.199349
271422ms,271422,535.778,0.199373
271454ms,271454,535.756,0.199302
271486ms,271486,535.762,0.199363
271518ms,271518,535.785,0.199374
271550ms,271550,535.766,0.199440
271582ms,271582,535.847,0.199448
271614ms,271614,536.020,0.199679
271662ms,271662,534.746,0.199540
271694ms,271694,533.076,0.198960
271726ms,271726,531.389,0.198175
271758ms,271758,529.720,0.197718
271790ms,271790,528.127,0.197038
271822ms,271822,526.577,0.196449
271854ms,271854,524.923,0.195985
271886ms,271886,524.207,0.195673
271918ms,271918,523.569,0.195783
271950ms,271950,522.262,0.194960
272014ms,272014,522.042,0.194754
272094ms,272094,522.171,0.194665
272126ms,272126,522.134,0.194491
272158ms,272158,522.340,0.194526
272190ms,272190,522.890,0.194535
272222ms,272222,523.325,0.194812
272255ms,272255,523.943,0.194749
272287ms,272287,524.670,0.195078
272319ms,272319,525.475,0.195218
272351ms,272351,526.268,0.195632
272382ms,272382,527.226,0.195777
272414ms,272414,528.069,0.196208
272446ms,272446,529.064,0.196633
272494ms,272494,530.057,0.196874
272526ms,272526,531.061,0.197365
272558ms,272558,531.994,0.197779
272590ms,272590,533.142,0.198224
272622ms,272622,534.302,0.198726
272654ms,272654,535.307,0.199253
272686ms,272686,536.009,0.199660
272718ms,272718,535.586,0.199531
272750ms,272750,535.911,0.199573
272814ms,272814,535.938,0.199407
272847ms,272847,535.899,0.199486
272894ms,272894,535.988,0.199473
272926ms,272926,535.967,0.199436
272958ms,272958,535.951,0.199465
272990ms,272990,535.986,0.199570
273022ms,273022,535.970,0.199331
273054ms,273054,536.040,0.199437
273086ms,273086,536.111,0.199577
273118ms,273118,535.685,0.199732
273182ms,273182,532.283,0.198634
273214ms,273214,530.720,0.197857
273246ms,273246,528.889,0.197396
273294ms,273294,527.204,0.196904
273326ms,273326,525.783,0.196165
273358ms,273358,524.427,0.195640
273390ms,273390,524.068,0.195514
273422ms,273422,523.104,0.195619
273454ms,273454,522.454,0.194936
273486ms,273486,522.002,0.195022
273518ms,273518,521.982,0.194797
273550ms,273550,522.140,0.194483
273583ms,273583,522.067,0.194550
273615ms,273615,522.237,0.194389
273647ms,273647,522.433,0.194465
273694ms,273694,522.886,0.194632
273726ms,273726,523.567,0.194737
273758ms,273758,524.171,0.195056
273790ms,273790,524.895,0.195067
273822ms,273822,525.730,0.195327
273854ms,273854,526.526,0.195551
273886ms,273886,527.436,0.195982
273918ms,273918,528.404,0.196237
273950ms,273950,529.362,0.196671
273982ms,273982,530.264,0.197053
274014ms,274014,531.315,0.197412
274046ms,274046,532.367,0.197874
274094ms,274094,533.497,0.198496
274126ms,274126,534.603,0.198990
274158ms,274158,535.517,0.199390
274190ms,274190,535.827,0.199617
274222ms,274222,535.754,0.199426
274254ms,274254,535.776,0.199370
274286ms,274286,535.796,0.199342
274318ms,274318,535.715,0.199409
274350ms,274350,535.737,0.199324
274382ms,274382,535.815,0.199379
274446ms,274446,535.777,0.199416
274526ms,274526,535.784,0.199353
274558ms,274558,535.853,0.199325
274590ms,274590,535.977,0.199479
274622ms,274622,535.319,0.199630
274654ms,274654,533.668,0.199173
274686ms,274686,531.890,0.198512
274718ms,274718,530.342,0.197930
274750ms,274750,528.598,0.197278
274782ms,274782,526.877,0.196662
274814ms,274814,525.483,0.196081
274846ms,274846,524.280,0.195610
274894ms,274894,523.883,0.195550
274926ms,274926,522.681,0.195504
274958ms,274958,522.142,0.195324
274990ms,274990,522.242,0.194795
275022ms,275022,522.174,0.194742
275054ms,275054,522.104,0.194587
275086ms,275086,522.136,0.194421
275086ms,275086,522.136,0.194421
275119ms,275119,522.268,0.194525
275151ms,275151,522.572,0.194545
275183ms,275183,523.098,0.194620
275214ms,275214,523.621,0.194683
275247ms,275247,524.406,0.194880
275294ms,275294,525.150,0.195240
275326ms,275326,526.011,0.195408
275358ms,275358,526.747,0.195749
275390ms,275390,527.771,0.196034
275422ms,275422,528.686,0.196403
275455ms,275455,529.630,0.196766
275486ms,275486,530.646,0.197232
275518ms,275518,531.573,0.197617
275551ms,275551,532.763,0.198117
275583ms,275583,533.752,0.198625
275615ms,275615,534.866,0.198995
275647ms,275647,535.711,0.199529
275679ms,275679,535.633,0.199700
275726ms,275726,535.906,0.199450
275790ms,275790,535.699,0.199458
275822ms,275822,535.651,0.199355
275854ms,275854,535.716,0.199416
275886ms,275886,535.790,0.199367
275919ms,275919,535.782,0.199396
275951ms,275951,535.709,0.199349
275983ms,275983,535.725,0.199394
276015ms,276015,535.836,0.199421
276047ms,276047,535.783,0.199460
276079ms,276079,536.018,0.199576
276126ms,276126,534.785,0.199559
276158ms,276158,533.171,0.198897
276190ms,276190,531.474,0.198212
276222ms,276222,529.806,0.197680
276254ms,276254,528.172,0.197111
276286ms,276286,526.495,0.196572
276318ms,276318,525.059,0.195953
276351ms,276351,524.094,0.195467
276383ms,276383,523.559,0.195679
276415ms,276415,522.316,0.195040
276447ms,276447,522.253,0.194989
276479ms,276479,522.098,0.194899
276526ms,276526,522.216,0.194584
276558ms,276558,522.192,0.194612
276590ms,276590,522.102,0.194393
276622ms,276622,522.402,0.194539
276655ms,276655,522.867,0.194551
276686ms,276686,523.380,0.194892
276718ms,276718,524.005,0.195005
276751ms,276751,524.576,0.195130
276783ms,276783,525.463,0.195306
276815ms,276815,526.227,0.195601
276846ms,276846,527.198,0.195820
276879ms,276879,528.005,0.196228
276926ms,276926,528.997,0.196567
276958ms,276958,529.959,0.196856
276990ms,276990,530.974,0.197287
277022ms,277022,531.959,0.197763
277086ms,277086,534.221,0.198738
277118ms,277118,535.160,0.199153
277150ms,277150,535.845,0.199615
277183ms,277183,535.347,0.199527
277215ms,277215,535.758,0.199440
277247ms,277247,535.750,0.199363
277279ms,277279,535.798,0.199536
277326ms,277326,535.744,0.199461
277358ms,277358,535.680,0.199374
277390ms,277390,535.802,0.199386
277422ms,277422,535.759,0.199391
277454ms,277454,535.841,0.199303
277486ms,277486,535.822,0.199382
277518ms,277518,535.782,0.199553
277582ms,277582,535.901,0.199714
277615ms,277615,534.326,0.199472
277646ms,277646,532.794,0.198738
277679ms,277679,531.095,0.198023
277727ms,277727,529.457,0.197563
277758ms,277758,527.787,0.196917
277790ms,277790,526.158,0.196289
277854ms,277854,524.112,0.195562
277886ms,277886,523.574,0.195636
277918ms,277918,522.231,0.195010
277950ms,277950,522.119,0.195099
277983ms,277983,521.990,0.194674
278015ms,278015,522.055,0.194612
278047ms,278047,522.160,0.194500
278079ms,278079,522.302,0.194381
278126ms,278126,522.461,0.194741
278158ms,278158,522.759,0.194627
278190ms,278190,523.437,0.194732
278222ms,278222,523.963,0.194806
278254ms,278254,524.775,0.195055
278286ms,278286,525.531,0.195274
278318ms,278318,526.402,0.195500
278350ms,278350,527.297,0.195909
278382ms,278382,528.093,0.196273
278414ms,278414,528.994,0.196571
278447ms,278447,530.148,0.197079
278479ms,278479,531.202,0.197459
278526ms,278526,532.172,0.197791
278558ms,278558,533.218,0.198318
278590ms,278590,534.382,0.198834
278622ms,278622,535.339,0.199140
278654ms,278654,535.842,0.199627
278686ms,278686,535.540,0.199587
278718ms,278718,535.789,0.199532
278750ms,278750,535.898,0.199320
278782ms,278782,535.804,0.199459
278815ms,278815,535.844,0.199504
278847ms,278847,535.865,0.199517
278879ms,278879,535.885,0.199449
278926ms,278926,535.880,0.199547
278958ms,278958,535.889,0.199509
278990ms,278990,535.836,0.199405
279054ms,279054,536.031,0.199497
279086ms,279086,535.622,0.199699
279118ms,279118,533.936,0.199208
279150ms,279150,532.338,0.198534
279183ms,279183,530.718,0.197834
279214ms,279214,529.080,0.197484
279246ms,279246,527.308,0.196833
279279ms,279279,525.861,0.196219
279326ms,279326,524.474,0.195843
279358ms,279358,523.879,0.195482
279390ms,279390,522.962,0.195339
279422ms,279422,522.223,0.194986
279454ms,279454,522.086,0.195019
279486ms,279486,522.016,0.194736
279518ms,279518,522.095,0.194683
279582ms,279582,522.116,0.194396
279615ms,279615,522.335,0.194677
279647ms,279647,522.969,0.194653
279679ms,279679,523.653,0.194666
279727ms,279727,524.174,0.194936
279758ms,279758,524.969,0.195048
279790ms,279790,525.820,0.195374
279822ms,279822,526.650,0.195658
279854ms,279854,527.533,0.195949
279886ms,279886,528.400,0.196406
279918ms,279918,529.374,0.196662
279951ms,279951,530.337,0.197122
279983ms,279983,531.454,0.197561
280014ms,280014,532.460,0.198034
280046ms,280046,533.574,0.198517
280079ms,280079,534.636,0.199051
280126ms,280126,535.665,0.199393
280158ms,280158,535.942,0.199767
280190ms,280190,535.832,0.199465
280222ms,280222,535.766,0.199425
280254ms,280254,535.849,0.199516
280318ms,280318,535.917,0.199404
280350ms,280350,535.874,0.199467
280382ms,280382,535.882,0.199500
280414ms,280414,535.891,0.199468
280446ms,280446,535.845,0.199451
280478ms,280478,535.817,0.199349
280526ms,280526,535.948,0.199461
280558ms,280558,536.096,0.199632
280590ms,280590,534.765,0.199532
280622ms,280622,533.220,0.198900
280654ms,280654,531.529,0.198185
280686ms,280686,529.716,0.197570
280718ms,280718,528.067,0.196882
280750ms,280750,526.365,0.196376
280782ms,280782,524.972,0.195845
280814ms,280814,524.039,0.195539
280847ms,280847,523.552,0.195709
280879ms,280879,522.203,0.194968
280926ms,280926,522.238,0.195028
280958ms,280958,522.048,0.194756
280990ms,280990,522.094,0.194540
281022ms,281022,522.113,0.194555
281054ms,281054,522.207,0.194503
281086ms,281086,522.515,0.194358
281118ms,281118,522.868,0.194630
281150ms,281150,523.430,0.194793
281182ms,281182,524.025,0.194979
281215ms,281215,524.685,0.195042
281246ms,281246,525.544,0.195361
281278ms,281278,526.371,0.195513
281326ms,281326,527.339,0.195948
281358ms,281358,528.134,0.196213
281390ms,281390,529.135,0.196590
281454ms,281454,531.092,0.197313
281486ms,281486,532.172,0.197866
281518ms,281518,533.126,0.198262
281550ms,281550,534.261,0.198784
281582ms,281582,535.200,0.199099
281614ms,281614,535.789,0.199638
281646ms,281646,535.388,0.199490
281678ms,281678,535.719,0.199463
281710ms,281710,535.742,0.199421
281758ms,281758,535.721,0.199335
281790ms,281790,535.697,0.199433
281854ms,281854,535.724,0.199436
281886ms,281886,535.780,0.199383
281918ms,281918,535.709,0.199343
281950ms,281950,535.707,0.199455
281982ms,281982,535.781,0.199372
282014ms,282014,535.897,0.199401
282046ms,282046,535.503,0.199600
282078ms,282078,533.866,0.199142
282110ms,282110,532.091,0.198585
282158ms,282158,530.444,0.197870
282222ms,282222,526.984,0.196708
282254ms,282254,525.570,0.196064
282286ms,282286,524.388,0.195680
282318ms,282318,523.886,0.195764
282350ms,282350,522.753,0.195332
282382ms,282382,522.329,0.195080
282414ms,282414,522.229,0.194984
282446ms,282446,522.098,0.194812
282478ms,282478,522.212,0.194596
282510ms,282510,522.061,0.194493
282558ms,282558,522.336,0.194433
282590ms,282590,522.536,0.194511
282622ms,282622,522.936,0.194636
282654ms,282654,523.596,0.194764
282686ms,282686,524.373,0.195007
282718ms,282718,524.973,0.195110
282750ms,282750,525.891,0.195434
282782ms,282782,526.681,0.195819
282814ms,282814,527.475,0.195980
282846ms,282846,528.403,0.196318
282878ms,282878,529.444,0.196814
282910ms,282910,530.458,0.197186
282958ms,282958,531.482,0.197591
282990ms,282990,532.570,0.197964
283022ms,283022,533.712,0.198464
283054ms,283054,534.700,0.199033
283086ms,283086,535.750,0.199486
283118ms,283118,535.776,0.199599
283150ms,283150,535.867,0.199419
283182ms,283182,535.696,0.199376
283214ms,283214,535.765,0.199475
283246ms,283246,535.799,0.199428
283278ms,283278,535.770,0.199416
283310ms,283310,535.665,0.199435
283358ms,283358,535.731,0.199501
283390ms,283390,535.760,0.199466
283454ms,283454,535.778,0.199418
283486ms,283486,535.837,0.199370
283518ms,283518,535.937,0.199562
283551ms,283551,534.872,0.199609
283582ms,283582,533.305,0.198868
283615ms,283615,531.660,0.198256
283646ms,283646,530.034,0.197712
283679ms,283679,528.329,0.197002
283711ms,283711,526.675,0.196490
283758ms,283758,525.242,0.195872
283790ms,283790,524.205,0.195712
283822ms,283822,523.942,0.195750
283854ms,283854,522.428,0.195208
283886ms,283886,522.102,0.195187
283918ms,283918,521.962,0.194726
283950ms,283950,522.072,0.194586
283982ms,283982,522.106,0.194581
284014ms,284014,522.212,0.194436
284046ms,284046,522.310,0.194552
284079ms,284079,522.801,0.194573
284110ms,284110,523.183,0.194810
284158ms,284158,523.828,0.194855
284190ms,284190,524.430,0.195122
284222ms,284222,525.331,0.195161
284254ms,284254,526.182,0.195504
284286ms,284286,527.016,0.195774
284318ms,284318,527.878,0.196174
284350ms,284350,528.822,0.196547
284382ms,284382,529.844,0.196986
284414ms,284414,530.853,0.197199
284446ms,284446,531.887,0.197777
284479ms,284479,532.950,0.198189
284511ms,284511,534.129,0.198585
284558ms,284558,535.074,0.199139
284590ms,284590,535.830,0.199583
284622ms,284622,535.600,0.199692
284654ms,284654,535.911,0.199510
284686ms,284686,535.772,0.199530
284718ms,284718,535.800,0.199472
284750ms,284750,535.744,0.199539
284782ms,284782,535.789,0.199434
284814ms,284814,535.717,0.199511
284847ms,284847,535.806,0.199422
284878ms,284878,535.787,0.199497
284911ms,284911,535.789,0.199414
284958ms,284958,535.777,0.199385
284990ms,284990,535.915,0.199520
285022ms,285022,535.865,0.199759
285086ms,285086,532.809,0.198674
285150ms,285150,529.372,0.197518
285182ms,285182,527.754,0.196868
285214ms,285214,526.131,0.196297
285246ms,285246,524.788,0.195753
285278ms,285278,524.085,0.195509
285310ms,285310,523.514,0.195587
285358ms,285358,522.337,0.195034
285390ms,285390,522.105,0.195077
285422ms,285422,522.011,0.194598
285454ms,285454,522.123,0.194612
285486ms,285486,522.027,0.194578
285518ms,285518,522.101,0.194356
285550ms,285550,522.427,0.194621
285582ms,285582,522.857,0.194560
285614ms,285614,523.470,0.194619
285646ms,285646,524.063,0.194939
285678ms,285678,524.842,0.195206
285711ms,285711,525.653,0.195276
285758ms,285758,526.378,0.195649
285790ms,285790,527.333,0.195853
285822ms,285822,528.204,0.196210
285854ms,285854,529.178,0.196664
285886ms,285886,530.197,0.196963
285918ms,285918,531.108,0.197404
285950ms,285950,532.172,0.197807
285982ms,285982,533.187,0.198225
286014ms,286014,534.286,0.198789
286046ms,286046,535.257,0.199165
286078ms,286078,535.863,0.199645
286111ms,286111,535.567,0.199468
286143ms,286143,535.719,0.199583
286190ms,286190,535.793,0.199459
286222ms,286222,535.828,0.199460
286254ms,286254,535.823,0.199451
286286ms,286286,535.757,0.199433
286318ms,286318,535.786,0.199479
286350ms,286350,535.802,0.199443
286382ms,286382,535.784,0.199314
286414ms,286414,535.805,0.199412
286478ms,286478,536.006,0.199451
286511ms,286511,535.515,0.199707
286543ms,286543,533.706,0.199214
286590ms,286590,532.135,0.198445
286622ms,286622,530.590,0.197765
286654ms,286654,528.856,0.197340
286686ms,286686,527.173,0.196730
286718ms,286718,525.694,0.196114
286782ms,286782,524.077,0.195577
286814ms,286814,522.774,0.195117
286846ms,286846,522.325,0.195292
286878ms,286878,521.865,0.194943
286910ms,286910,522.060,0.194729
286942ms,286942,522.016,0.194721
286990ms,286990,522.042,0.194713
287022ms,287022,522.210,0.194457
287054ms,287054,522.547,0.194531
287086ms,287086,522.995,0.194677
287118ms,287118,523.751,0.194766
287150ms,287150,524.231,0.194938
287182ms,287182,525.085,0.195025
287214ms,287214,525.933,0.195462
287246ms,287246,526.695,0.195689
287278ms,287278,527.495,0.196048
287310ms,287310,528.643,0.196359
287343ms,287343,529.500,0.196637
287390ms,287390,530.397,0.197131
287422ms,287422,531.515,0.197549
287454ms,287454,532.500,0.198039
287486ms,287486,533.717,0.198465
287518ms,287518,534.756,0.199117
287550ms,287550,535.695,0.199487
287614ms,287614,535.863,0.199430
287646ms,287646,535.716,0.199417
287678ms,287678,535.730,0.199356
287710ms,287710,535.741,0.199376
287743ms,287743,535.716,0.199517
287790ms,287790,535.729,0.199414
287822ms,287822,535.685,0.199380
287854ms,287854,535.748,0.199460
287886ms,287886,535.750,0.199415
287918ms,287918,535.726,0.199317
287950ms,287950,535.800,0.199427
287982ms,287982,536.022,0.199468
288014ms,288014,534.956,0.199579
288046ms,288046,533.182,0.199017
288078ms,288078,531.425,0.198321
288110ms,288110,529.953,0.197740
288142ms,288142,528.229,0.197040
288190ms,288190,526.657,0.196476
288222ms,288222,525.077,0.195960
288254ms,288254,524.110,0.195536
288286ms,288286,523.712,0.195650
288350ms,288350,522.065,0.195033
288382ms,288382,521.990,0.194878
288414ms,288414,522.115,0.194656
288446ms,288446,522.105,0.194534
288478ms,288478,522.125,0.194597
288510ms,288510,522.381,0.194440
288543ms,288543,522.785,0.194578
288590ms,288590,523.213,0.194612
288622ms,288622,523.708,0.194870
288654ms,288654,524.368,0.195033
288686ms,288686,525.186,0.195166
288718ms,288718,526.023,0.195499
288750ms,288750,526.849,0.195882
288782ms,288782,527.885,0.196123
288814ms,288814,528.785,0.196416
288846ms,288846,529.553,0.196801
288878ms,288878,530.658,0.197221
288910ms,288910,531.689,0.197639
288942ms,288942,532.747,0.197976
288990ms,288990,534.006,0.198677
289022ms,289022,534.890,0.199103
289054ms,289054,535.835,0.199543
289118ms,289118,535.740,0.199392
289150ms,289150,535.679,0.199357
289182ms,289182,535.632,0.199376
289214ms,289214,535.704,0.199403
289246ms,289246,535.755,0.199446
289278ms,289278,535.761,0.199352
289310ms,289310,535.659,0.199391
289342ms,289342,535.710,0.199424
289390ms,289390,535.694,0.199382
289422ms,289422,535.698,0.199329
289454ms,289454,535.776,0.199407
289486ms,289486,535.902,0.199741
289518ms,289518,534.355,0.199374
289550ms,289550,532.781,0.198644
289583ms,289583,531.112,0.198046
289614ms,289614,529.494,0.197540
289646ms,289646,527.741,0.196844
289678ms,289678,526.124,0.196326
289710ms,289710,524.734,0.195838
289743ms,289743,524.019,0.195527
289790ms,289790,523.296,0.195502
289822ms,289822,522.156,0.195019
289854ms,289854,522.310,0.194848
289886ms,289886,521.966,0.194675
289918ms,289918,522.080,0.194635
289950ms,289950,522.087,0.194479
289982ms,289982,522.190,0.194380
290014ms,290014,522.376,0.194482
290046ms,290046,522.859,0.194576
290078ms,290078,523.391,0.194789
290110ms,290110,524.059,0.194787
290142ms,290142,524.692,0.195101
290190ms,290190,525.609,0.195291
290222ms,290222,526.373,0.195537
290254ms,290254,527.287,0.195875
290286ms,290286,528.065,0.196249
290318ms,290318,529.093,0.196509
290350ms,290350,530.130,0.196990
290382ms,290382,531.027,0.197348
290414ms,290414,532.070,0.197851
290446ms,290446,533.202,0.198306
290478ms,290478,534.402,0.198837
290542ms,290542,535.812,0.199571
290575ms,290575,535.545,0.199530
290622ms,290622,535.702,0.199503
290654ms,290654,535.827,0.199449
290686ms,290686,535.796,0.199470
290718ms,290718,535.785,0.199392
290750ms,290750,535.765,0.199491
290782ms,290782,535.834,0.199412
290814ms,290814,535.727,0.199459
290846ms,290846,535.780,0.199451
290878ms,290878,535.773,0.199355
290910ms,290910,535.802,0.199446
290942ms,290942,535.895,0.199529
290974ms,290974,535.791,0.199696
291022ms,291022,534.044,0.199344
291054ms,291054,532.225,0.198807
291086ms,291086,530.650,0.197911
291118ms,291118,528.866,0.197438
291150ms,291150,527.165,0.196709
291182ms,291182,525.757,0.196070
291214ms,291214,524.417,0.195682
291278ms,291278,522.834,0.195185
291310ms,291310,522.291,0.195060
291342ms,291342,522.124,0.194852
291374ms,291374,521.930,0.194861
291422ms,291422,522.191,0.194609
291454ms,291454,521.952,0.194717
291486ms,291486,522.162,0.194600
291518ms,291518,522.655,0.194542
291550ms,291550,522.943,0.194643
291582ms,291582,523.458,0.194817
291614ms,291614,524.121,0.194934
291646ms,291646,524.911,0.194947
291710ms,291710,526.668,0.195664
291742ms,291742,527.487,0.195902
291774ms,291774,528.377,0.196399
291822ms,291822,529.379,0.196759
291854ms,291854,530.318,0.196888
291886ms,291886,531.339,0.197652
291918ms,291918,532.480,0.197903
291950ms,291950,533.561,0.198313
291982ms,291982,534.692,0.198982
292014ms,292014,535.646,0.199392
292046ms,292046,535.821,0.199663
292078ms,292078,535.906,0.199429
292110ms,292110,535.750,0.199447
292142ms,292142,535.800,0.199467
292222ms,292222,535.814,0.199427
292254ms,292254,535.860,0.199410
292286ms,292286,535.858,0.199456
292318ms,292318,535.852,0.199405
292350ms,292350,535.797,0.199418
292382ms,292382,535.877,0.199522
292414ms,292414,535.935,0.199403
292446ms,292446,536.080,0.199609
292478ms,292478,535.143,0.199649
292510ms,292510,533.564,0.198922
292542ms,292542,531.859,0.198371
292574ms,292574,530.209,0.197804
292622ms,292622,528.526,0.197005
292654ms,292654,526.728,0.196513
292686ms,292686,525.431,0.196146
292718ms,292718,524.240,0.195555
292750ms,292750,523.864,0.195509
292782ms,292782,522.381,0.195259
292814ms,292814,522.332,0.195188
292878ms,292878,522.130,0.194651
292910ms,292910,522.205,0.194598
292942ms,292942,522.098,0.194618
292974ms,292974,522.305,0.194564
293022ms,293022,522.595,0.194649
293054ms,293054,523.174,0.194655
293086ms,293086,523.879,0.194770
293118ms,293118,524.510,0.194990
293150ms,293150,525.258,0.195257
293182ms,293182,526.071,0.195489
293214ms,293214,526.900,0.195767
293246ms,293246,527.917,0.196016
293278ms,293278,528.672,0.196313
293310ms,293310,529.606,0.196779
293342ms,293342,530.498,0.197210
293374ms,293374,531.492,0.197528
293422ms,293422,532.599,0.198056
293454ms,293454,533.839,0.198638
293486ms,293486,534.709,0.199087
293518ms,293518,535.850,0.199472
293550ms,293550,535.867,0.199688
293582ms,293582,535.972,0.199465
293614ms,293614,535.826,0.199506
293646ms,293646,535.816,0.199485
293678ms,293678,535.814,0.199465
293710ms,293710,535.847,0.199415
293742ms,293742,535.797,0.199391
293774ms,293774,535.903,0.199443
293822ms,293822,535.842,0.199462
293854ms,293854,535.858,0.199445
293886ms,293886,535.858,0.199408
293918ms,293918,535.882,0.199444
293950ms,293950,536.073,0.199519
293982ms,293982,535.042,0.199480
294014ms,294014,533.494,0.198992
294046ms,294046,531.831,0.198273
294078ms,294078,530.116,0.197685
294110ms,294110,528.344,0.197093
294142ms,294142,526.654,0.196484
294174ms,294174,525.367,0.196038
294254ms,294254,523.837,0.195734
294286ms,294286,522.235,0.194952
294318ms,294318,522.239,0.195225
294382ms,294382,522.035,0.194549
294414ms,294414,522.165,0.194597
294446ms,294446,522.265,0.194650
294478ms,294478,522.392,0.194493
294510ms,294510,522.690,0.194535
294543ms,294543,523.211,0.194551
294575ms,294575,523.951,0.194769
294622ms,294622,524.545,0.194917
294750ms,294750,527.879,0.196060
294782ms,294782,528.817,0.196418
294814ms,294814,529.795,0.196851
294846ms,294846,530.759,0.197276
294878ms,294878,531.804,0.197763
294910ms,294910,532.915,0.198179
294942ms,294942,534.068,0.198641
294974ms,294974,534.993,0.199074
295022ms,295022,535.932,0.199539
295054ms,295054,535.712,0.199654
295118ms,295118,535.879,0.199627
295150ms,295150,535.836,0.199575
295214ms,295214,535.849,0.199462
295246ms,295246,535.907,0.199469
295278ms,295278,535.866,0.199451
295310ms,295310,535.804,0.199472
295342ms,295342,535.919,0.199576
295374ms,295374,535.852,0.199359
295422ms,295422,535.979,0.199465
295454ms,295454,536.028,0.199732
295486ms,295486,534.392,0.199406
295518ms,295518,532.833,0.198848
295550ms,295550,531.235,0.198102
295582ms,295582,529.502,0.197623
295614ms,295614,527.686,0.196913
295646ms,295646,526.204,0.196296
295678ms,295678,524.789,0.195805
295710ms,295710,523.951,0.195524
295742ms,295742,523.238,0.195520
295774ms,295774,522.267,0.195093
295822ms,295822,522.121,0.195031
295854ms,295854,522.054,0.194806
295886ms,295886,521.991,0.194471
295918ms,295918,522.033,0.194432
295950ms,295950,522.287,0.194523
295982ms,295982,522.365,0.194489
296014ms,296014,522.906,0.194611
296046ms,296046,523.415,0.194652
296078ms,296078,523.977,0.194932
296110ms,296110,524.732,0.195015
296142ms,296142,525.602,0.195441
296174ms,296174,526.446,0.195575
296222ms,296222,527.284,0.195922
296254ms,296254,528.240,0.196360
296286ms,296286,529.216,0.196707
296318ms,296318,530.151,0.197061
296350ms,296350,531.076,0.197365
296382ms,296382,532.215,0.197856
296414ms,296414,533.309,0.198392
296446ms,296446,534.453,0.198858
296478ms,296478,535.492,0.199294
296510ms,296510,535.850,0.199766
296542ms,296542,535.578,0.199379
296575ms,296575,535.741,0.199335
296606ms,296606,535.839,0.199380
296654ms,296654,535.799,0.199338
296686ms,296686,535.813,0.199392
296718ms,296718,535.851,0.199413
296750ms,296750,535.816,0.199387
296782ms,296782,535.773,0.199453
296814ms,296814,535.774,0.199449
296846ms,296846,535.814,0.199455
296878ms,296878,535.905,0.199494
296910ms,296910,536.028,0.199602
296942ms,296942,535.203,0.199565
296974ms,296974,533.559,0.199056
297006ms,297006,531.879,0.198375
297086ms,297086,528.404,0.197371
297118ms,297118,526.705,0.196585
297150ms,297150,525.375,0.195942
297182ms,297182,524.401,0.195579
297214ms,297214,523.973,0.195719
297246ms,297246,522.465,0.195181
297278ms,297278,522.275,0.195110
297310ms,297310,521.929,0.194867
297342ms,297342,521.942,0.194636
297375ms,297375,522.204,0.194519
297486ms,297486,522.615,0.194462
297518ms,297518,523.101,0.194652
297550ms,297550,523.583,0.194797
297582ms,297582,524.389,0.194902
297614ms,297614,525.103,0.195224
297646ms,297646,526.055,0.195405
297678ms,297678,526.904,0.195714
297710ms,297710,527.596,0.196046
297742ms,297742,528.741,0.196381
297806ms,297806,530.742,0.197096
297854ms,297854,531.755,0.197618
297886ms,297886,532.838,0.198107
297918ms,297918,533.875,0.198626
297950ms,297950,534.787,0.199046
297982ms,297982,535.808,0.199567
298014ms,298014,535.737,0.199528
298046ms,298046,535.891,0.199549
298110ms,298110,535.734,0.199345
298142ms,298142,535.780,0.199373
298174ms,298174,535.728,0.199372
298206ms,298206,535.843,0.199347
298254ms,298254,535.820,0.199424
298286ms,298286,535.724,0.199399
298318ms,298318,535.748,0.199417
298350ms,298350,535.721,0.199416
298382ms,298382,535.838,0.199417
298446ms,298446,534.624,0.199516
298478ms,298478,533.014,0.198821
298510ms,298510,531.325,0.198196
298542ms,298542,529.728,0.197556
298574ms,298574,527.816,0.196915
298606ms,298606,526.368,0.196389
298654ms,298654,524.840,0.195918
298686ms,298686,524.045,0.195495
298718ms,298718,523.431,0.195612
298750ms,298750,522.438,0.195018
298782ms,298782,522.299,0.195081
298814ms,298814,521.991,0.194734
298846ms,298846,522.046,0.194543
298878ms,298878,522.313,0.194658
298910ms,298910,522.182,0.194578
298942ms,298942,522.617,0.194595
298974ms,298974,522.819,0.194531
299006ms,299006,523.457,0.194627
299054ms,299054,524.079,0.194841
299086ms,299086,524.712,0.195120
299118ms,299118,525.569,0.195289
299150ms,299150,526.466,0.195588
299182ms,299182,527.331,0.195876
299214ms,299214,528.208,0.196291
299246ms,299246,529.187,0.196554
299278ms,299278,530.081,0.197017
299310ms,299310,531.271,0.197283
299342ms,299342,532.220,0.197759
299374ms,299374,533.313,0.198378
299407ms,299407,534.423,0.198821
299454ms,299454,535.354,0.199197
299486ms,299486,535.897,0.199650
299518ms,299518,535.617,0.199504
299550ms,299550,535.711,0.199418
299582ms,299582,535.773,0.199452
299614ms,299614,535.785,0.199415
299646ms,299646,535.829,0.199485
299678ms,299678,535.770,0.199578
299710ms,299710,535.805,0.199460
299742ms,299742,535.820,0.199453
299774ms,299774,535.849,0.199575
299806ms,299806,535.856,0.199470
299854ms,299854,535.888,0.199444
299886ms,299886,535.975,0.199504
299918ms,299918,535.649,0.199710
299950ms,299950,533.943,0.199176
299982ms,299982,532.221,0.198709
300014ms,300014,530.571,0.197956
300046ms,300046,528.942,0.197380
300078ms,300078,527.249,0.196764
300110ms,300110,525.772,0.196262
300142ms,300142,524.421,0.195731
300174ms,300174,524.008,0.195697
300206ms,300206,522.996,0.195549
300238ms,300238,522.228,0.195078
300286ms,300286,522.105,0.195002
300318ms,300318,521.976,0.194769
300350ms,300350,522.128,0.194633
300446ms,300446,522.400,0.194587
300478ms,300478,522.885,0.194551
300510ms,300510,523.496,0.194639
300542ms,300542,524.331,0.195039
300574ms,300574,525.054,0.195125
300606ms,300606,525.914,0.195483
300654ms,300654,526.614,0.195688
300686ms,300686,527.397,0.196025
300718ms,300718,528.460,0.196288
300782ms,300782,530.467,0.197110
300814ms,300814,531.447,0.197582
300878ms,300878,533.469,0.198446
300910ms,300910,534.545,0.198859
300942ms,300942,535.600,0.199287
300974ms,300974,535.893,0.199762
301006ms,301006,535.800,0.199518
301054ms,301054,535.756,0.199473
301086ms,301086,535.763,0.199430
301118ms,301118,535.879,0.199408
301150ms,301150,535.839,0.199412
301182ms,301182,535.837,0.199453
301214ms,301214,535.789,0.199514
301246ms,301246,535.758,0.199435
301278ms,301278,535.843,0.199487
301310ms,301310,535.913,0.199432
301342ms,301342,535.972,0.199458
301374ms,301374,536.067,0.199661
301407ms,301407,534.970,0.199544
301454ms,301454,533.355,0.198974
301486ms,301486,531.627,0.198331
301518ms,301518,530.068,0.197754
301550ms,301550,528.275,0.197156
301582ms,301582,526.644,0.196602
301614ms,301614,525.353,0.195866
301646ms,301646,524.259,0.195740
301678ms,301678,523.769,0.195707
301710ms,301710,522.386,0.195115
301742ms,301742,522.195,0.195168
301774ms,301774,522.117,0.194827
301806ms,301806,522.112,0.194561
301838ms,301838,522.204,0.194448
301886ms,301886,522.146,0.194556
301918ms,301918,522.238,0.194469
301950ms,301950,522.735,0.194547
301982ms,301982,523.195,0.194781
302014ms,302014,523.766,0.194819
302046ms,302046,524.458,0.194960
302078ms,302078,525.257,0.195204
302110ms,302110,526.067,0.195633
302142ms,302142,527.031,0.195739
302206ms,302206,528.950,0.196494
302239ms,302239,529.803,0.196866
302286ms,302286,530.866,0.197237
302318ms,302318,531.813,0.197685
302350ms,302350,532.925,0.198139
302382ms,302382,534.144,0.198582
302414ms,302414,535.127,0.199147
302478ms,302478,535.576,0.199549
302510ms,302510,535.763,0.199502
302542ms,302542,535.656,0.199362
302574ms,302574,535.704,0.199293
302638ms,302638,535.740,0.199381
302686ms,302686,535.721,0.199429
302718ms,302718,535.755,0.199368
302750ms,302750,535.778,0.199362
302782ms,302782,535.719,0.199329
302814ms,302814,535.811,0.199434
302846ms,302846,535.893,0.199458
302878ms,302878,535.925,0.199602
302910ms,302910,534.325,0.199368
302942ms,302942,532.705,0.198723
302974ms,302974,531.187,0.198025
303006ms,303006,529.515,0.197520
303039ms,303039,527.755,0.197035
303086ms,303086,526.028,0.196287
303150ms,303150,524.142,0.195532
303182ms,303182,523.362,0.195614
303214ms,303214,522.204,0.194894
303246ms,303246,522.247,0.194812
303310ms,303310,521.901,0.194593
303342ms,303342,522.222,0.194697
303374ms,303374,522.226,0.194436
303406ms,303406,522.627,0.194580
303438ms,303438,522.891,0.194641
303486ms,303486,523.377,0.194780
303518ms,303518,523.997,0.194940
303552ms,303552,524.761,0.194994
303582ms,303582,525.407,0.195283
303614ms,303614,526.265,0.195377
303646ms,303646,527.194,0.195801
303678ms,303678,528.071,0.196108
303710ms,303710,529.141,0.196619
303742ms,303742,530.112,0.196878
303774ms,303774,531.067,0.197222
303806ms,303806,532.122,0.197840
303838ms,303838,533.167,0.198336
303886ms,303886,534.299,0.198742
303950ms,303950,535.964,0.199694
303982ms,303982,535.476,0.199377
304014ms,304014,535.913,0.199459
304046ms,304046,535.915,0.199424
304078ms,304078,535.876,0.199428
304110ms,304110,535.918,0.199381
304142ms,304142,535.931,0.199460
304174ms,304174,535.861,0.199503
304206ms,304206,535.868,0.199360
304238ms,304238,535.797,0.199462
304286ms,304286,535.863,0.199496
304318ms,304318,535.899,0.199394
304350ms,304350,535.964,0.199440
304382ms,304382,535.736,0.199670
304414ms,304414,534.023,0.199257
304446ms,304446,532.328,0.198761
304478ms,304478,530.779,0.198062
304510ms,304510,529.051,0.197325
304542ms,304542,527.302,0.196655
304575ms,304575,525.825,0.196254
304606ms,304606,524.518,0.195700
304638ms,304638,523.937,0.195544
304686ms,304686,522.951,0.195465
304718ms,304718,522.247,0.195250
304750ms,304750,522.138,0.194894
304782ms,304782,522.129,0.194638
304814ms,304814,521.930,0.194422
304846ms,304846,522.154,0.194514
304878ms,304878,522.296,0.194536
304910ms,304910,522.551,0.194675
304942ms,304942,523.009,0.194544
304974ms,304974,523.548,0.194691
305006ms,305006,524.276,0.194862
305038ms,305038,525.054,0.195139
305086ms,305086,525.900,0.195384
305118ms,305118,526.590,0.195666
305150ms,305150,527.529,0.196093
305182ms,305182,528.504,0.196247
305214ms,305214,529.426,0.196766
305246ms,305246,530.405,0.197216
305278ms,305278,531.400,0.197473
305310ms,305310,532.510,0.198001
305342ms,305342,533.629,0.198461
305374ms,305374,534.698,0.198951
305406ms,305406,535.781,0.199369
305438ms,305438,535.911,0.199827
305470ms,305470,535.926,0.199406
305550ms,305550,535.912,0.199530
305614ms,305614,535.925,0.199440
305646ms,305646,535.924,0.199416
305678ms,305678,535.889,0.199552
305710ms,305710,535.865,0.199453
305742ms,305742,535.915,0.199469
305774ms,305774,535.934,0.199477
305806ms,305806,536.086,0.199589
305838ms,305838,536.108,0.199573
305886ms,305886,535.067,0.199622
305918ms,305918,533.435,0.198989
305950ms,305950,531.740,0.198336
305982ms,305982,530.027,0.197671
306014ms,306014,528.296,0.197133
306046ms,306046,526.653,0.196509
306078ms,306078,525.149,0.195967
306110ms,306110,524.131,0.195591
306142ms,306142,523.739,0.195811
306174ms,306174,522.204,0.194997
306206ms,306206,522.215,0.195126
306238ms,306238,521.991,0.194716
306270ms,306270,522.200,0.194528
306318ms,306318,522.199,0.194724
306350ms,306350,522.183,0.194599
306382ms,306382,522.387,0.194612
306414ms,306414,522.640,0.194514
306446ms,306446,523.074,0.194608
306478ms,306478,523.798,0.194835
306510ms,306510,524.496,0.195087
306542ms,306542,525.224,0.195264
306574ms,306574,526.090,0.195496
306606ms,306606,527.020,0.195744
306638ms,306638,527.881,0.196138
306670ms,306670,528.919,0.196610
306718ms,306718,529.846,0.196825
306750ms,306750,530.812,0.197219
306782ms,306782,531.727,0.197712
306814ms,306814,532.843,0.198143
306846ms,306846,533.975,0.198727
306878ms,306878,534.916,0.199155
306910ms,306910,535.844,0.199530
306974ms,306974,535.993,0.199491
307006ms,307006,535.853,0.199401
307038ms,307038,535.834,0.199544
307070ms,307070,535.902,0.199485
307118ms,307118,535.871,0.199416
307150ms,307150,535.783,0.199410
307182ms,307182,535.850,0.199469
307214ms,307214,535.900,0.199442
307246ms,307246,535.881,0.199494
307278ms,307278,535.845,0.199412
307310ms,307310,535.946,0.199501
307342ms,307342,536.010,0.199755
307374ms,307374,534.402,0.199407
307406ms,307406,532.747,0.198890
307438ms,307438,530.979,0.198098
307470ms,307470,529.221,0.197484
307518ms,307518,527.400,0.196842
307550ms,307550,525.975,0.196286
307582ms,307582,524.541,0.195825
307646ms,307646,523.110,0.195473
307678ms,307678,522.261,0.194936
307710ms,307710,522.125,0.195022
307742ms,307742,522.028,0.194812
307774ms,307774,522.182,0.194587
307806ms,307806,521.983,0.194575
307838ms,307838,522.322,0.194715
307870ms,307870,522.437,0.194573
307918ms,307918,522.880,0.194672
307950ms,307950,523.530,0.194736
307982ms,307982,524.117,0.194915
308014ms,308014,524.842,0.195019
308046ms,308046,525.775,0.195456
308078ms,308078,526.426,0.195662
308110ms,308110,527.410,0.196041
308142ms,308142,528.253,0.196223
308206ms,308206,530.172,0.197081
308238ms,308238,531.149,0.197392
308270ms,308270,532.168,0.197767
308318ms,308318,533.249,0.198275
308350ms,308350,534.414,0.198766
308382ms,308382,535.315,0.199226
308414ms,308414,536.033,0.199703
308446ms,308446,535.553,0.199557
308478ms,308478,535.815,0.199425
308510ms,308510,535.901,0.199455
308542ms,308542,535.891,0.199442
308574ms,308574,535.788,0.199434
308638ms,308638,535.828,0.199407
308670ms,308670,535.815,0.199447
308718ms,308718,535.895,0.199356
308750ms,308750,535.871,0.199400
308782ms,308782,535.921,0.199456
308814ms,308814,536.061,0.199576
308846ms,308846,535.768,0.199756
308878ms,308878,534.078,0.199200
308910ms,308910,532.474,0.198550
308942ms,308942,530.854,0.197941
308974ms,308974,528.991,0.197496
309006ms,309006,527.288,0.196467
309038ms,309038,525.845,0.196121
309070ms,309070,524.434,0.195879
309118ms,309118,524.202,0.195601
309150ms,309150,523.043,0.195338
309182ms,309182,522.346,0.195152
309214ms,309214,522.426,0.195012
309246ms,309246,522.235,0.194583
309278ms,309278,522.229,0.194621
309310ms,309310,522.314,0.194562
309342ms,309342,522.376,0.194397
309374ms,309374,522.513,0.194597
309406ms,309406,522.904,0.194740
309438ms,309438,523.392,0.194697
309470ms,309470,524.023,0.194885
309518ms,309518,524.774,0.195138
309550ms,309550,525.661,0.195221
309582ms,309582,526.508,0.195540
309614ms,309614,527.294,0.195950
309646ms,309646,528.243,0.196258
309678ms,309678,529.282,0.196615
309710ms,309710,530.334,0.197073
309742ms,309742,531.317,0.197505
309774ms,309774,532.269,0.197926
309806ms,309806,533.504,0.198327
309838ms,309838,534.672,0.198904
309870ms,309870,535.647,0.199300
309902ms,309902,535.884,0.199790
309950ms,309950,535.711,0.199462
310014ms,310014,535.932,0.199445
310078ms,310078,535.876,0.199445
310110ms,310110,535.841,0.199417
310142ms,310142,535.829,0.199378
310174ms,310174,535.885,0.199547
310206ms,310206,535.810,0.199467
310238ms,310238,535.839,0.199488
310270ms,310270,535.949,0.199499
310318ms,310318,536.169,0.199566
310350ms,310350,535.279,0.199560
310382ms,310382,533.612,0.199021
310414ms,310414,531.924,0.198537
310446ms,310446,530.437,0.197759
310478ms,310478,528.693,0.197052
310510ms,310510,526.795,0.196527
310542ms,310542,525.286,0.196150
310574ms,310574,524.190,0.195529
310606ms,310606,524.006,0.195329
310638ms,310638,522.566,0.195148
310670ms,310670,522.444,0.195271
310718ms,310718,522.337,0.195018
310750ms,310750,522.196,0.194698
310782ms,310782,522.392,0.194502
310814ms,310814,522.327,0.194573
310846ms,310846,522.487,0.194529
310910ms,310910,523.157,0.194627
310942ms,310942,523.653,0.194797
310974ms,310974,524.599,0.195014
311006ms,311006,525.194,0.195219
311038ms,311038,525.995,0.195392
311070ms,311070,526.753,0.195813
311150ms,311150,528.542,0.196230
311182ms,311182,529.553,0.196713
311214ms,311214,530.410,0.197173
311246ms,311246,531.419,0.197422
311278ms,311278,532.479,0.197829
311310ms,311310,533.736,0.198511
311342ms,311342,534.763,0.198881
311374ms,311374,535.716,0.199358
311406ms,311406,535.878,0.199688
311438ms,311438,535.737,0.199319
311470ms,311470,535.882,0.199368
311502ms,311502,535.865,0.199431
311550ms,311550,535.802,0.199290
311582ms,311582,535.804,0.199401
311614ms,311614,535.768,0.199374
311646ms,311646,535.889,0.199310
311678ms,311678,535.783,0.199371
311710ms,311710,535.877,0.199372
311742ms,311742,535.897,0.199362
311774ms,311774,535.909,0.199396
311806ms,311806,536.048,0.199488
311838ms,311838,535.362,0.199556
311870ms,311870,533.629,0.198989
311902ms,311902,531.939,0.198419
311950ms,311950,530.320,0.197928
311982ms,311982,528.468,0.197188
312014ms,312014,526.646,0.196520
312046ms,312046,525.360,0.195966
312110ms,312110,523.792,0.195744
312142ms,312142,522.441,0.195126
312174ms,312174,522.340,0.195183
312206ms,312206,522.067,0.194723
312238ms,312238,522.251,0.194739
312270ms,312270,522.176,0.194587
312302ms,312302,522.172,0.194476
312350ms,312350,522.427,0.194501
312382ms,312382,522.888,0.194596
312414ms,312414,523.262,0.194510
312446ms,312446,523.824,0.194722
312478ms,312478,524.573,0.194958
312510ms,312510,525.180,0.195093
312542ms,312542,526.129,0.195299
312574ms,312574,526.983,0.195801
312638ms,312638,528.764,0.196354
312670ms,312670,529.843,0.196825
312718ms,312718,530.881,0.197204
312750ms,312750,531.954,0.197727
312782ms,312782,532.997,0.198120
312814ms,312814,534.081,0.198574
312846ms,312846,535.023,0.199140
312878ms,312878,535.996,0.199606
312910ms,312910,535.586,0.199468
312942ms,312942,535.905,0.199534
312974ms,312974,535.800,0.199381
313006ms,313006,535.776,0.199339
313038ms,313038,535.819,0.199381
313070ms,313070,535.874,0.199460
313102ms,313102,535.820,0.199444
313150ms,313150,535.793,0.199327
313182ms,313182,535.829,0.199431
313214ms,313214,535.789,0.199380
313246ms,313246,535.875,0.199344
313278ms,313278,535.985,0.199335
313310ms,313310,535.932,0.199697
313342ms,313342,534.240,0.199329
313374ms,313374,532.486,0.198619
313406ms,313406,530.935,0.198042
313438ms,313438,529.278,0.197365
313470ms,313470,527.434,0.196801
313502ms,313502,526.031,0.196309
313550ms,313550,524.641,0.195671
313582ms,313582,523.981,0.195492
313614ms,313614,523.320,0.195629
313646ms,313646,522.401,0.194843
313678ms,313678,522.265,0.195277
313710ms,313710,521.993,0.194651
313774ms,313774,522.063,0.194429
313806ms,313806,522.201,0.194488
313838ms,313838,522.495,0.194561
313870ms,313870,522.928,0.194567
