timestamp_ms,elapsed_ms,pix_dist,m_dist
32ms,32,116.244,0.196484
64ms,64,116.571,0.196684
128ms,128,116.732,0.201901
496ms,496,118.358,0.209823
528ms,528,118.614,0.201864
560ms,560,118.824,0.203171
592ms,592,119.147,0.202718
624ms,624,119.302,0.203430
656ms,656,119.475,0.203198
704ms,704,119.470,0.207065
736ms,736,119.562,0.210925
767ms,767,119.707,0.213485
800ms,800,119.533,0.212317
832ms,832,119.575,0.209428
864ms,864,119.605,0.208846
896ms,896,119.669,0.207335
928ms,928,119.742,0.211087
960ms,960,119.598,0.212288
992ms,992,119.606,0.209930
1024ms,1024,119.723,0.208328
1103ms,1103,119.504,0.213535
1136ms,1136,119.165,0.202553
1168ms,1168,118.619,0.203133
1200ms,1200,118.390,0.199632
1232ms,1232,118.018,0.201452
1264ms,1264,117.815,0.200517
1296ms,1296,117.286,0.210695
1328ms,1328,117.069,0.198871
1360ms,1360,117.056,0.200928
1392ms,1392,116.800,0.202114
1632ms,1632,116.721,0.207432
1664ms,1664,116.731,0.201232
1696ms,1696,116.898,0.203009
1728ms,1728,116.784,0.203601
1760ms,1760,117.032,0.199537
1792ms,1792,117.225,0.198285
1840ms,1840,117.524,0.198086
1872ms,1872,117.461,0.200154
1904ms,1904,117.622,0.200572
1936ms,1936,118.084,0.204885
1968ms,1968,118.324,0.200586
2000ms,2000,118.560,0.204286
2032ms,2032,118.883,0.202854
2064ms,2064,119.031,0.201888
2096ms,2096,119.152,0.205095
2128ms,2128,119.285,0.203278
2160ms,2160,119.554,0.203238
2192ms,2192,119.666,0.210240
2240ms,2240,119.768,0.213982
2271ms,2271,119.681,0.210547
2304ms,2304,119.749,0.205845
2336ms,2336,119.621,0.214231
2368ms,2368,119.664,0.207027
2400ms,2400,119.638,0.207312
2432ms,2432,119.746,0.210313
2496ms,2496,119.488,0.207788
2528ms,2528,119.724,0.206399
2560ms,2560,119.549,0.206529
2608ms,2608,119.142,0.203312
2639ms,2639,118.876,0.201067
2672ms,2672,118.549,0.200998
2704ms,2704,118.309,0.200292
2736ms,2736,118.174,0.200301
2768ms,2768,117.672,0.205991
2864ms,2864,116.933,0.202080
2896ms,2896,116.897,0.201986
2928ms,2928,116.637,0.205465
2976ms,2976,116.585,0.197004
3103ms,3103,116.640,0.210034
3136ms,3136,116.563,0.209703
3168ms,3168,116.662,0.199690
3200ms,3200,116.918,0.199563
3232ms,3232,116.923,0.200858
3264ms,3264,117.214,0.198305
3296ms,3296,117.525,0.198044
3328ms,3328,117.367,0.198513
3376ms,3376,117.514,0.199532
3408ms,3408,118.025,0.199677
3439ms,3439,118.154,0.199967
3472ms,3472,118.286,0.205015
3504ms,3504,118.631,0.202568
3536ms,3536,118.854,0.202546
3568ms,3568,119.008,0.202424
3600ms,3600,119.282,0.205008
3632ms,3632,119.412,0.202838
3664ms,3664,119.569,0.208381
3696ms,3696,119.747,0.210250
3744ms,3744,119.707,0.207415
3776ms,3776,119.771,0.208167
3808ms,3808,119.662,0.208978
3840ms,3840,119.845,0.207352
3872ms,3872,119.709,0.209180
3904ms,3904,119.601,0.208813
3936ms,3936,119.755,0.209647
3968ms,3968,119.575,0.211002
4000ms,4000,119.693,0.209114
4063ms,4063,119.440,0.211162
4112ms,4112,119.145,0.202583
4144ms,4144,118.629,0.201570
4176ms,4176,118.355,0.200880
4208ms,4208,118.028,0.201825
4240ms,4240,117.966,0.200605
4272ms,4272,117.438,0.206601
4304ms,4304,117.014,0.198538
4368ms,4368,116.867,0.203805
4608ms,4608,116.787,0.203228
4672ms,4672,116.847,0.200401
4704ms,4704,116.775,0.201161
4736ms,4736,117.158,0.199879
4768ms,4768,117.327,0.200135
4800ms,4800,117.521,0.197679
4832ms,4832,117.674,0.198464
4880ms,4880,117.699,0.199847
4912ms,4912,118.262,0.204545
4944ms,4944,118.205,0.204389
4976ms,4976,118.583,0.208342
5008ms,5008,118.781,0.202157
5040ms,5040,118.938,0.202366
5071ms,5071,119.065,0.205447
5104ms,5104,119.317,0.202756
5168ms,5168,119.879,0.203620
5200ms,5200,119.917,0.209892
5248ms,5248,119.925,0.207594
5280ms,5280,119.697,0.208354
5312ms,5312,119.932,0.208630
5344ms,5344,119.978,0.207855
5376ms,5376,119.904,0.207374
5408ms,5408,119.794,0.206090
5440ms,5440,119.878,0.207173
5472ms,5472,119.748,0.208485
5504ms,5504,119.919,0.208361
5536ms,5536,119.699,0.207644
5568ms,5568,119.072,0.203295
5600ms,5600,118.825,0.203339
5648ms,5648,118.433,0.203514
5680ms,5680,118.218,0.202448
5712ms,5712,117.999,0.205010
5743ms,5743,117.801,0.204092
5808ms,5808,117.004,0.198708
5840ms,5840,116.902,0.198985
5872ms,5872,116.932,0.204651
5936ms,5936,116.520,0.197754
6016ms,6016,116.444,0.204566
6079ms,6079,116.647,0.208867
6112ms,6112,116.864,0.201796
6144ms,6144,116.774,0.198292
6176ms,6176,116.924,0.200847
6208ms,6208,116.782,0.198941
6240ms,6240,117.231,0.199207
6272ms,6272,117.467,0.197824
6304ms,6304,117.487,0.199570
6336ms,6336,117.501,0.199236
6368ms,6368,117.829,0.200218
6416ms,6416,118.024,0.201344
6479ms,6479,118.718,0.201547
6512ms,6512,118.904,0.200915
6544ms,6544,118.945,0.203215
6576ms,6576,119.149,0.206665
6608ms,6608,119.418,0.203751
6640ms,6640,119.582,0.208741
6672ms,6672,119.652,0.210197
6704ms,6704,119.688,0.208664
6736ms,6736,119.777,0.211458
6784ms,6784,119.601,0.213169
6816ms,6816,119.782,0.208510
6848ms,6848,119.659,0.206777
6880ms,6880,119.671,0.210001
6912ms,6912,119.676,0.209631
6944ms,6944,119.685,0.210773
6976ms,6976,119.703,0.211980
7008ms,7008,119.710,0.209042
7040ms,7040,119.265,0.207050
7072ms,7072,118.935,0.202268
7104ms,7104,118.674,0.200383
7151ms,7151,118.660,0.200039
7216ms,7216,117.659,0.204089
7248ms,7248,117.403,0.203419
7280ms,7280,117.070,0.199215
7312ms,7312,116.941,0.203226
7344ms,7344,116.862,0.205175
7584ms,7584,116.677,0.201306
7616ms,7616,116.585,0.200415
7648ms,7648,116.854,0.201650
7680ms,7680,116.983,0.200584
7712ms,7712,117.058,0.203278
7744ms,7744,117.216,0.198890
7776ms,7776,117.410,0.199249
7808ms,7808,117.700,0.202243
7840ms,7840,117.752,0.200672
7920ms,7920,118.287,0.200489
7952ms,7952,118.548,0.206768
7984ms,7984,118.749,0.201409
8016ms,8016,119.123,0.203222
8048ms,8048,118.999,0.203720
8079ms,8079,119.280,0.203079
8111ms,8111,119.470,0.205119
8144ms,8144,119.748,0.210575
8176ms,8176,119.755,0.210495
8208ms,8208,119.811,0.207904
8240ms,8240,119.818,0.209843
8288ms,8288,119.748,0.206947
8320ms,8320,119.816,0.207418
8351ms,8351,119.739,0.206434
8384ms,8384,119.784,0.208889
8416ms,8416,119.690,0.207527
8448ms,8448,119.836,0.208254
8480ms,8480,119.668,0.206904
8512ms,8512,119.679,0.206791
8544ms,8544,119.196,0.204283
8576ms,8576,118.873,0.201324
8608ms,8608,118.512,0.202845
8640ms,8640,118.407,0.201743
8688ms,8688,117.982,0.202198
8720ms,8720,117.697,0.204696
8752ms,8752,117.096,0.203770
8784ms,8784,117.147,0.198906
8816ms,8816,117.017,0.200439
8848ms,8848,116.848,0.206953
8976ms,8976,116.348,0.199133
9087ms,9087,116.956,0.203089
9151ms,9151,116.915,0.203393
9184ms,9184,116.842,0.201381
9248ms,9248,117.383,0.198459
9280ms,9280,117.695,0.200315
9312ms,9312,117.512,0.198881
9344ms,9344,117.913,0.199645
9376ms,9376,118.115,0.202890
9424ms,9424,118.384,0.202671
9456ms,9456,118.637,0.203655
9488ms,9488,118.876,0.200869
9520ms,9520,118.965,0.203449
9552ms,9552,119.204,0.206674
9584ms,9584,119.377,0.202845
9616ms,9616,119.671,0.208813
9648ms,9648,119.512,0.209684
9680ms,9680,119.637,0.209298
9712ms,9712,119.683,0.207875
9744ms,9744,119.637,0.207570
9776ms,9776,119.632,0.213940
9824ms,9824,119.597,0.213412
9856ms,9856,119.633,0.212748
9888ms,9888,119.632,0.209225
9920ms,9920,119.660,0.206371
9952ms,9952,119.669,0.208053
9984ms,9984,119.777,0.205196
10016ms,10016,119.469,0.206573
10048ms,10048,119.074,0.201794
10112ms,10112,118.550,0.201609
10144ms,10144,118.088,0.201686
10192ms,10192,117.823,0.201795
10224ms,10224,117.288,0.205428
10256ms,10256,117.119,0.198675
10288ms,10288,117.054,0.197995
10320ms,10320,116.897,0.213643
10384ms,10384,116.512,0.199441
10416ms,10416,116.707,0.197204
10624ms,10624,116.927,0.198906
10656ms,10656,116.836,0.200666
10688ms,10688,117.040,0.199326
10720ms,10720,117.392,0.197950
10784ms,10784,117.551,0.199474
10816ms,10816,117.559,0.200066
10848ms,10848,118.138,0.203928
10880ms,10880,118.400,0.203797
10912ms,10912,118.616,0.200367
10960ms,10960,118.729,0.201826
10992ms,10992,119.039,0.201948
11024ms,11024,119.146,0.204877
11056ms,11056,119.389,0.205011
11088ms,11088,119.586,0.215282
11120ms,11120,119.805,0.210013
11152ms,11152,119.789,0.208796
11184ms,11184,119.895,0.207404
11216ms,11216,119.689,0.208878
11248ms,11248,119.954,0.205751
11280ms,11280,119.909,0.209327
11327ms,11327,119.743,0.208884
11360ms,11360,119.792,0.211193
11392ms,11392,119.770,0.209407
11424ms,11424,119.743,0.206749
11456ms,11456,119.806,0.208695
11488ms,11488,119.604,0.206487
11520ms,11520,119.159,0.202319
11552ms,11552,118.730,0.200835
11584ms,11584,118.503,0.200418
11616ms,11616,118.275,0.202261
11648ms,11648,117.831,0.200165
11696ms,11696,117.501,0.208774
11728ms,11728,117.037,0.198548
11760ms,11760,117.096,0.198469
11792ms,11792,116.932,0.206263
11888ms,11888,116.526,0.197595
11920ms,11920,116.588,0.197897
12016ms,12016,116.777,0.204817
12048ms,12048,116.889,0.207137
12096ms,12096,116.891,0.199397
12127ms,12127,116.831,0.206521
12160ms,12160,117.071,0.201504
12192ms,12192,117.296,0.197612
12224ms,12224,117.508,0.197893
12256ms,12256,117.497,0.199161
12288ms,12288,117.676,0.199992
12320ms,12320,118.034,0.200188
12352ms,12352,118.268,0.201198
12384ms,12384,118.532,0.207730
12416ms,12416,118.660,0.201887
12464ms,12464,118.955,0.202134
12496ms,12496,119.146,0.203434
12528ms,12528,119.317,0.204325
12560ms,12560,119.439,0.203272
12592ms,12592,119.691,0.216212
12624ms,12624,119.742,0.210060
12656ms,12656,119.582,0.208284
12688ms,12688,119.603,0.209069
12720ms,12720,119.718,0.208565
12752ms,12752,119.667,0.213332
12784ms,12784,119.564,0.209269
12832ms,12832,119.669,0.209281
12864ms,12864,119.623,0.210307
12896ms,12896,119.637,0.208045
12928ms,12928,119.604,0.214509
12960ms,12960,119.591,0.208381
12992ms,12992,119.295,0.202597
13024ms,13024,118.921,0.201654
13056ms,13056,118.537,0.202265
13088ms,13088,118.357,0.200336
13120ms,13120,118.010,0.199433
13152ms,13152,117.764,0.208394
13184ms,13184,117.340,0.202568
13232ms,13232,116.954,0.201141
13264ms,13264,117.095,0.198646
13360ms,13360,116.714,0.197298
13392ms,13392,116.502,0.198213
13456ms,13456,116.694,0.197706
13520ms,13520,116.831,0.205729
13552ms,13552,116.844,0.200215
13600ms,13600,116.940,0.200024
13632ms,13632,116.840,0.199875
13664ms,13664,117.123,0.199326
13696ms,13696,117.480,0.199614
13728ms,13728,117.572,0.201465
13760ms,13760,117.538,0.200280
13792ms,13792,117.946,0.202258
13824ms,13824,118.188,0.205008
13856ms,13856,118.430,0.203575
13888ms,13888,118.681,0.203089
13920ms,13920,118.880,0.201606
13968ms,13968,119.119,0.203297
13999ms,13999,119.228,0.204927
14032ms,14032,119.516,0.202890
14064ms,14064,119.707,0.208565
14096ms,14096,119.709,0.211699
14128ms,14128,119.800,0.209949
14160ms,14160,119.690,0.210441
14192ms,14192,119.672,0.209048
14224ms,14224,119.694,0.208693
14256ms,14256,119.667,0.208465
14288ms,14288,119.666,0.210952
14320ms,14320,119.615,0.211394
14368ms,14368,119.690,0.208503
14400ms,14400,119.699,0.210172
14432ms,14432,119.720,0.213664
14464ms,14464,119.563,0.205776
14496ms,14496,119.109,0.202143
14528ms,14528,118.622,0.201839
14560ms,14560,118.525,0.201932
14592ms,14592,118.248,0.202353
14624ms,14624,117.843,0.201148
14688ms,14688,117.037,0.200067
14736ms,14736,116.972,0.201332
14768ms,14768,116.924,0.212127
14832ms,14832,116.650,0.197122
14864ms,14864,116.636,0.197828
15055ms,15055,116.914,0.201055
15088ms,15088,116.896,0.207691
15136ms,15136,117.132,0.198006
15168ms,15168,117.302,0.198180
15200ms,15200,117.529,0.198062
15232ms,15232,117.443,0.199616
15264ms,15264,117.667,0.200087
15296ms,15296,118.153,0.203376
15328ms,15328,118.369,0.203093
15360ms,15360,118.613,0.205290
15392ms,15392,118.783,0.201153
15424ms,15424,119.075,0.202386
15456ms,15456,119.141,0.205067
15504ms,15504,119.390,0.203762
15536ms,15536,119.583,0.211517
15568ms,15568,119.590,0.212355
15599ms,15599,119.499,0.211904
15632ms,15632,119.539,0.213089
15664ms,15664,119.590,0.213412
15696ms,15696,119.746,0.209654
15728ms,15728,119.638,0.210802
15760ms,15760,119.682,0.208918
15792ms,15792,119.617,0.211839
15872ms,15872,119.689,0.206671
15904ms,15904,119.699,0.212400
15936ms,15936,119.603,0.209568
15968ms,15968,119.203,0.203473
16000ms,16000,118.749,0.200844
16032ms,16032,118.549,0.201173
16064ms,16064,118.241,0.203539
16096ms,16096,117.980,0.201878
16127ms,16127,117.357,0.203323
16160ms,16160,117.139,0.198444
16192ms,16192,117.146,0.199894
16224ms,16224,116.901,0.204455
16336ms,16336,116.604,0.197520
16368ms,16368,116.559,0.197940
16400ms,16400,116.576,0.198910
16528ms,16528,116.956,0.201241
16592ms,16592,117.234,0.199231
16640ms,16640,117.180,0.198196
16704ms,16704,117.584,0.200024
16736ms,16736,117.516,0.199248
16768ms,16768,117.845,0.200084
16800ms,16800,118.263,0.203322
16832ms,16832,118.542,0.208435
16864ms,16864,118.889,0.202521
16896ms,16896,118.940,0.202943
16928ms,16928,119.039,0.205515
16960ms,16960,119.148,0.204183
17008ms,17008,119.689,0.206070
17040ms,17040,119.900,0.207339
17071ms,17071,119.829,0.206080
17104ms,17104,119.809,0.208233
17136ms,17136,119.761,0.207142
17168ms,17168,119.871,0.207701
17200ms,17200,119.734,0.208492
17232ms,17232,119.816,0.209028
17264ms,17264,119.714,0.207184
17296ms,17296,119.778,0.209327
17328ms,17328,119.719,0.208910
17376ms,17376,119.727,0.208851
17408ms,17408,119.731,0.208573
17440ms,17440,119.185,0.206131
17472ms,17472,118.797,0.202092
17504ms,17504,118.542,0.205310
17536ms,17536,118.232,0.200609
17568ms,17568,117.933,0.203401
17600ms,17600,117.734,0.205338
17632ms,17632,117.380,0.202267
17664ms,17664,117.110,0.200177
17696ms,17696,117.002,0.201949
17728ms,17728,117.033,0.207237
17840ms,17840,116.598,0.197567
17872ms,17872,116.301,0.203713
17968ms,17968,116.914,0.204759
18000ms,18000,116.829,0.199024
18032ms,18032,116.968,0.203052
18064ms,18064,116.757,0.201730
18096ms,18096,117.371,0.198756
18144ms,18144,117.316,0.198587
18176ms,18176,117.568,0.198270
18208ms,18208,117.508,0.199215
18240ms,18240,117.805,0.201010
18272ms,18272,118.130,0.200932
18304ms,18304,118.443,0.209157
18336ms,18336,118.776,0.201717
18368ms,18368,118.869,0.201487
18400ms,18400,119.111,0.205179
18432ms,18432,119.352,0.202057
18464ms,18464,119.637,0.202896
18496ms,18496,119.792,0.211264
18544ms,18544,119.614,0.209847
18576ms,18576,119.693,0.209965
18608ms,18608,119.682,0.208946
18640ms,18640,119.614,0.207904
18672ms,18672,119.767,0.210244
18704ms,18704,119.576,0.210543
18736ms,18736,119.582,0.210035
18768ms,18768,119.645,0.207655
18800ms,18800,119.569,0.211515
18832ms,18832,119.666,0.210803
18864ms,18864,119.722,0.209727
18912ms,18912,119.338,0.209321
18944ms,18944,119.083,0.202235
18976ms,18976,118.739,0.205339
19040ms,19040,118.274,0.203163
19104ms,19104,117.423,0.203150
19136ms,19136,117.125,0.199614
19168ms,19168,116.889,0.204094
19200ms,19200,116.987,0.202314
19312ms,19312,116.613,0.197372
19440ms,19440,116.745,0.200722
19440ms,19440,116.745,0.200722
19504ms,19504,116.921,0.198741
19504ms,19504,116.921,0.198741
19536ms,19536,116.885,0.202975
19536ms,19536,116.885,0.202975
19568ms,19568,117.139,0.198156
19568ms,19568,117.139,0.198156
19600ms,19600,117.344,0.198735
19632ms,19632,117.558,0.197947
19680ms,19680,117.675,0.200962
19712ms,19712,117.592,0.199167
19744ms,19744,118.072,0.202888
19776ms,19776,118.191,0.201604
19808ms,19808,118.666,0.204897
19840ms,19840,118.731,0.203476
19872ms,19872,119.053,0.202127
19904ms,19904,119.124,0.203425
19936ms,19936,119.237,0.203868
19968ms,19968,119.677,0.206057
20000ms,20000,119.665,0.209583
20048ms,20048,119.741,0.209739
20079ms,20079,119.625,0.206305
20111ms,20111,119.639,0.209798
20144ms,20144,119.544,0.209849
20176ms,20176,119.724,0.206445
20208ms,20208,119.766,0.209018
20240ms,20240,119.679,0.210705
20272ms,20272,119.567,0.209695
20336ms,20336,119.643,0.212924
20368ms,20368,119.568,0.206922
20416ms,20416,119.259,0.203706
20448ms,20448,118.769,0.202044
20479ms,20479,118.501,0.201881
20512ms,20512,118.293,0.200050
20576ms,20576,117.485,0.204883
20608ms,20608,117.228,0.198275
20640ms,20640,116.935,0.198011
20672ms,20672,117.122,0.203226
20768ms,20768,116.688,0.198518
20944ms,20944,116.974,0.206159
20976ms,20976,116.925,0.199208
21008ms,21008,116.919,0.201900
21040ms,21040,117.117,0.201093
21072ms,21072,117.267,0.197990
21136ms,21136,117.668,0.199401
21184ms,21184,117.587,0.199833
21215ms,21215,118.003,0.203476
21248ms,21248,118.507,0.201269
21280ms,21280,118.586,0.204455
21312ms,21312,118.785,0.204287
21344ms,21344,119.053,0.201233
21376ms,21376,119.169,0.202551
21408ms,21408,119.326,0.203669
21440ms,21440,119.478,0.208957
21472ms,21472,119.617,0.212807
21504ms,21504,119.579,0.216741
21552ms,21552,119.666,0.208692
21583ms,21583,119.657,0.209355
21616ms,21616,119.550,0.211724
21648ms,21648,119.626,0.208989
21680ms,21680,119.578,0.211858
21712ms,21712,119.683,0.210522
21744ms,21744,119.630,0.210500
21776ms,21776,119.573,0.210627
21808ms,21808,119.638,0.206896
21840ms,21840,119.514,0.217176
21872ms,21872,119.283,0.203870
21904ms,21904,118.812,0.201655
21951ms,21951,118.479,0.204196
21984ms,21984,118.241,0.201026
22016ms,22016,118.063,0.200765
22048ms,22048,117.688,0.204974
22111ms,22111,117.051,0.199712
22144ms,22144,117.049,0.201170
22176ms,22176,116.867,0.202431
22240ms,22240,116.661,0.197257
22272ms,22272,116.701,0.204057
22352ms,22352,116.455,0.199257
22416ms,22416,116.834,0.203520
22480ms,22480,116.875,0.204538
22512ms,22512,116.958,0.199169
22544ms,22544,117.230,0.198080
22576ms,22576,117.351,0.198650
22608ms,22608,117.438,0.198896
22640ms,22640,117.538,0.199349
22688ms,22688,117.945,0.202836
22720ms,22720,118.245,0.205586
22752ms,22752,118.348,0.207063
22784ms,22784,118.744,0.207640
22816ms,22816,118.818,0.203214
22848ms,22848,119.101,0.202302
22880ms,22880,119.257,0.204323
22912ms,22912,119.293,0.202807
22944ms,22944,119.561,0.205145
22976ms,22976,119.766,0.204688
23008ms,23008,119.733,0.209496
23040ms,23040,119.891,0.208805
23087ms,23087,119.906,0.208229
23119ms,23119,119.835,0.208177
23151ms,23151,119.760,0.212290
23184ms,23184,119.796,0.208854
23216ms,23216,119.818,0.208493
23248ms,23248,119.764,0.208061
23280ms,23280,119.608,0.214573
23312ms,23312,119.646,0.205928
23344ms,23344,119.363,0.208902
23376ms,23376,119.121,0.201904
23408ms,23408,118.603,0.202240
23456ms,23456,118.319,0.200690
23488ms,23488,117.959,0.205188
23520ms,23520,117.813,0.208241
23584ms,23584,117.214,0.198032
23616ms,23616,116.989,0.201482
23744ms,23744,116.664,0.196744
23856ms,23856,116.483,0.200698
23920ms,23920,116.984,0.204467
23952ms,23952,116.905,0.201052
23984ms,23984,116.843,0.199343
24048ms,24048,117.342,0.198726
24080ms,24080,117.554,0.198949
24112ms,24112,117.519,0.199934
24176ms,24176,118.392,0.208194
24224ms,24224,118.197,0.208232
24256ms,24256,118.534,0.202420
24288ms,24288,118.752,0.199804
24352ms,24352,119.208,0.202603
24384ms,24384,119.466,0.203687
24416ms,24416,119.564,0.207595
24448ms,24448,119.657,0.209965
24480ms,24480,119.801,0.207020
24512ms,24512,119.693,0.211543
24544ms,24544,119.677,0.210390
24592ms,24592,119.754,0.205314
24624ms,24624,119.566,0.210881
24655ms,24655,119.582,0.211085
24687ms,24687,119.756,0.204389
24720ms,24720,119.812,0.212016
24752ms,24752,119.658,0.209937
24784ms,24784,119.684,0.210677
24816ms,24816,119.532,0.207025
24848ms,24848,119.150,0.202893
24880ms,24880,118.810,0.200772
24912ms,24912,118.384,0.200296
24960ms,24960,118.206,0.201979
24992ms,24992,117.976,0.199509
25024ms,25024,117.584,0.202686
25055ms,25055,117.183,0.198611
25088ms,25088,117.016,0.198517
25120ms,25120,116.923,0.203840
25184ms,25184,116.503,0.198082
25216ms,25216,116.549,0.198658
25248ms,25248,116.488,0.197551
25328ms,25328,116.632,0.199758
25391ms,25391,117.021,0.206474
25424ms,25424,116.875,0.199977
25456ms,25456,117.019,0.202941
25488ms,25488,117.053,0.204695
25520ms,25520,117.232,0.198060
25552ms,25552,117.361,0.198498
25584ms,25584,117.478,0.200365
25616ms,25616,117.545,0.200112
25648ms,25648,117.931,0.205571
25680ms,25680,118.177,0.202870
25728ms,25728,118.381,0.211024
25760ms,25760,118.775,0.205263
25792ms,25792,118.808,0.203357
25856ms,25856,119.179,0.203850
25888ms,25888,119.486,0.202645
25920ms,25920,119.613,0.207840
25952ms,25952,119.601,0.216771
25984ms,25984,119.693,0.212151
26016ms,26016,119.620,0.212148
26048ms,26048,119.571,0.212158
26080ms,26080,119.600,0.212599
26128ms,26128,119.554,0.209101
26160ms,26160,119.560,0.213981
26192ms,26192,119.629,0.208940
26224ms,26224,119.613,0.211483
26256ms,26256,119.666,0.205993
26288ms,26288,119.518,0.208906
26320ms,26320,119.307,0.208267
26352ms,26352,119.152,0.201773
26384ms,26384,118.624,0.200535
26416ms,26416,118.524,0.200239
26448ms,26448,118.228,0.204713
26496ms,26496,117.704,0.202854
26560ms,26560,117.140,0.198604
26624ms,26624,116.990,0.202200
26656ms,26656,116.554,0.199415
26864ms,26864,116.829,0.208717
26928ms,26928,117.081,0.200115
26960ms,26960,116.778,0.202807
26992ms,26992,117.297,0.200058
27024ms,27024,117.405,0.199158
27056ms,27056,117.460,0.198555
27088ms,27088,117.455,0.198549
27120ms,27120,117.701,0.200185
27152ms,27152,118.059,0.204416
27184ms,27184,118.228,0.204704
27216ms,27216,118.528,0.204184
27264ms,27264,118.890,0.200638
27296ms,27296,119.055,0.202639
27328ms,27328,119.050,0.203796
27360ms,27360,119.496,0.206193
27392ms,27392,119.569,0.210209
27423ms,27423,119.612,0.214744
27456ms,27456,119.511,0.207486
27488ms,27488,119.678,0.210023
27520ms,27520,119.599,0.211369
27552ms,27552,119.560,0.212297
27584ms,27584,119.568,0.211935
27632ms,27632,119.563,0.209144
27664ms,27664,119.625,0.212858
27696ms,27696,119.649,0.210586
27728ms,27728,119.669,0.208557
27760ms,27760,119.729,0.209152
27824ms,27824,119.054,0.202587
27856ms,27856,118.820,0.200952
27888ms,27888,118.495,0.203302
27920ms,27920,118.236,0.198679
27952ms,27952,117.841,0.198483
28000ms,28000,117.521,0.204869
28032ms,28032,117.208,0.199210
28064ms,28064,117.151,0.201747
28192ms,28192,116.612,0.197419
28224ms,28224,116.664,0.196638
28320ms,28320,116.760,0.204794
28352ms,28352,116.869,0.212749
28399ms,28399,116.971,0.199017
28431ms,28431,116.918,0.202170
28496ms,28496,117.333,0.202682
28560ms,28560,117.648,0.198636
28592ms,28592,117.655,0.199559
28624ms,28624,118.166,0.201205
28656ms,28656,118.233,0.201714
28688ms,28688,118.347,0.210251
28720ms,28720,118.761,0.201324
28768ms,28768,119.093,0.201094
28800ms,28800,119.009,0.204469
28832ms,28832,119.475,0.202978
28864ms,28864,119.436,0.207547
28896ms,28896,119.516,0.211201
28928ms,28928,119.588,0.213508
28960ms,28960,119.590,0.214243
28992ms,28992,119.825,0.210579
29024ms,29024,119.542,0.210996
29056ms,29056,119.642,0.205102
29088ms,29088,119.778,0.205543
29168ms,29168,119.505,0.214927
29199ms,29199,119.610,0.210137
29232ms,29232,119.677,0.210586
29264ms,29264,119.535,0.209978
29296ms,29296,119.262,0.202306
29328ms,29328,118.801,0.202390
29360ms,29360,118.498,0.203450
29392ms,29392,118.207,0.200160
29424ms,29424,117.941,0.200929
29456ms,29456,117.637,0.203217
29488ms,29488,117.204,0.199869
29567ms,29567,117.020,0.199567
29599ms,29599,116.937,0.208081
29632ms,29632,116.536,0.205777
29664ms,29664,116.566,0.197417
29696ms,29696,116.646,0.197488
29728ms,29728,116.430,0.199715
29792ms,29792,116.813,0.205240
29824ms,29824,116.902,0.204187
29856ms,29856,116.916,0.198971
29903ms,29903,116.995,0.200733
29967ms,29967,117.213,0.199502
29999ms,29999,117.461,0.198963
30031ms,30031,117.650,0.198061
30064ms,30064,117.528,0.199342
30128ms,30128,118.179,0.200740
30160ms,30160,118.277,0.205378
30192ms,30192,118.549,0.205181
30224ms,30224,118.968,0.201979
30271ms,30271,119.083,0.203261
30303ms,30303,119.267,0.202912
30336ms,30336,119.438,0.202691
30368ms,30368,119.768,0.210516
30400ms,30400,119.732,0.205990
30432ms,30432,119.693,0.208291
30464ms,30464,119.594,0.210030
30496ms,30496,119.686,0.207881
30528ms,30528,119.679,0.212623
30560ms,30560,119.669,0.207790
30592ms,30592,119.619,0.210768
30624ms,30624,119.678,0.209467
30671ms,30671,119.637,0.209106
30704ms,30704,119.685,0.208596
30736ms,30736,119.862,0.205877
30768ms,30768,119.276,0.210698
30800ms,30800,119.063,0.202085
30832ms,30832,118.646,0.201379
30864ms,30864,118.534,0.201305
30896ms,30896,118.280,0.201750
30928ms,30928,117.759,0.200478
30960ms,30960,117.418,0.203435
30992ms,30992,117.271,0.200095
31040ms,31040,116.921,0.198190
31071ms,31071,117.052,0.203100
31168ms,31168,116.647,0.197465
31200ms,31200,116.563,0.197819
31232ms,31232,116.675,0.202171
31296ms,31296,116.696,0.204271
31328ms,31328,116.816,0.205545
31360ms,31360,116.862,0.201248
31440ms,31440,117.012,0.202268
31472ms,31472,117.290,0.200802
31504ms,31504,117.538,0.198802
31536ms,31536,117.637,0.199121
31568ms,31568,117.576,0.201385
31600ms,31600,118.037,0.202514
31632ms,31632,118.520,0.201929
31664ms,31664,118.635,0.207705
31696ms,31696,118.840,0.202326
31728ms,31728,119.098,0.202788
31760ms,31760,119.074,0.202685
31808ms,31808,119.504,0.202333
31839ms,31839,119.670,0.210037
31871ms,31871,119.804,0.210032
31904ms,31904,119.874,0.208643
31936ms,31936,119.847,0.204411
31968ms,31968,119.865,0.206187
32000ms,32000,119.752,0.203128
32032ms,32032,119.812,0.203354
32064ms,32064,119.835,0.206221
32096ms,32096,119.750,0.207439
32128ms,32128,119.934,0.204475
32176ms,32176,119.745,0.211149
32208ms,32208,119.638,0.208057
32240ms,32240,119.674,0.206388
32272ms,32272,119.082,0.203201
32304ms,32304,118.825,0.201383
32336ms,32336,118.693,0.199671
32368ms,32368,118.175,0.202778
32400ms,32400,117.901,0.199697
32432ms,32432,117.317,0.205410
32464ms,32464,117.362,0.199699
32496ms,32496,117.190,0.198972
32528ms,32528,116.925,0.199740
32640ms,32640,116.637,0.199965
32800ms,32800,116.835,0.210363
32864ms,32864,117.001,0.203229
32896ms,32896,117.070,0.199733
32943ms,32943,117.367,0.198169
32976ms,32976,117.267,0.198025
33008ms,33008,117.729,0.199816
33040ms,33040,117.747,0.200552
33072ms,33072,117.967,0.201683
33104ms,33104,118.297,0.204858
33136ms,33136,118.441,0.208018
33168ms,33168,118.646,0.201383
33200ms,33200,118.844,0.202199
33232ms,33232,119.066,0.203825
33312ms,33312,119.421,0.202833
33344ms,33344,119.668,0.209531
33376ms,33376,119.534,0.211202
33408ms,33408,119.817,0.206273
33440ms,33440,119.547,0.212401
33472ms,33472,119.701,0.210757
33504ms,33504,119.638,0.212370
33536ms,33536,119.618,0.211014
33568ms,33568,119.662,0.209187
33600ms,33600,119.635,0.212488
33632ms,33632,119.551,0.209529
33680ms,33680,119.572,0.211215
33712ms,33712,119.799,0.207530
33744ms,33744,119.345,0.204052
33776ms,33776,118.956,0.201549
33808ms,33808,118.612,0.202595
33840ms,33840,118.477,0.202060
33872ms,33872,118.028,0.205647
34000ms,34000,116.920,0.202188
34111ms,34111,116.685,0.197945
34143ms,34143,116.721,0.196978
34272ms,34272,116.855,0.206978
34336ms,34336,116.997,0.200183
34368ms,34368,116.939,0.199668
34400ms,34400,117.213,0.200784
34448ms,34448,117.418,0.199507
34480ms,34480,117.497,0.198939
34512ms,34512,117.578,0.198963
34544ms,34544,117.459,0.199825
34576ms,34576,118.134,0.200994
34608ms,34608,118.262,0.204802
34640ms,34640,118.567,0.202656
34672ms,34672,118.973,0.200242
34704ms,34704,119.121,0.203703
34736ms,34736,119.125,0.204110
34768ms,34768,119.407,0.202510
34816ms,34816,119.601,0.206631
34848ms,34848,119.695,0.206383
34880ms,34880,119.684,0.211758
34911ms,34911,119.747,0.209020
34944ms,34944,119.635,0.210622
34976ms,34976,119.728,0.210833
35008ms,35008,119.631,0.209486
35040ms,35040,119.580,0.208885
35072ms,35072,119.611,0.210953
35104ms,35104,119.660,0.208604
35136ms,35136,119.623,0.205671
35168ms,35168,119.617,0.210192
35248ms,35248,119.219,0.203909
35280ms,35280,118.814,0.201252
35312ms,35312,118.476,0.202626
35344ms,35344,118.164,0.201279
35376ms,35376,117.987,0.203329
35408ms,35408,117.456,0.200840
35440ms,35440,117.145,0.198058
35472ms,35472,117.068,0.199708
35504ms,35504,116.980,0.202962
35616ms,35616,116.749,0.198750
35680ms,35680,116.454,0.199925
35776ms,35776,116.917,0.205914
35808ms,35808,116.885,0.201335
35840ms,35840,117.054,0.201794
35872ms,35872,117.018,0.199276
35904ms,35904,117.264,0.198521
35936ms,35936,117.346,0.198467
35984ms,35984,117.618,0.199631
36015ms,36015,117.394,0.199348
36048ms,36048,118.020,0.202041
36080ms,36080,118.171,0.202789
36112ms,36112,118.391,0.205244
36144ms,36144,118.702,0.200886
36176ms,36176,118.873,0.202159
36208ms,36208,119.049,0.205209
36240ms,36240,119.297,0.204784
36272ms,36272,119.509,0.202665
36304ms,36304,119.685,0.208205
36351ms,36351,119.780,0.205806
36383ms,36383,119.648,0.205962
36416ms,36416,119.659,0.210148
36448ms,36448,119.730,0.206177
36479ms,36479,119.739,0.209923
36512ms,36512,119.688,0.205416
36544ms,36544,119.712,0.212352
36576ms,36576,119.643,0.209685
36608ms,36608,119.576,0.207200
36640ms,36640,119.663,0.210814
36672ms,36672,119.880,0.209272
36752ms,36752,119.117,0.202537
36784ms,36784,118.619,0.200085
36816ms,36816,118.575,0.202251
36848ms,36848,118.344,0.202566
36880ms,36880,117.826,0.198983
36912ms,36912,117.479,0.201604
36944ms,36944,117.263,0.199229
36976ms,36976,117.011,0.198538
37248ms,37248,116.722,0.208347
37279ms,37279,116.821,0.209459
37311ms,37311,116.943,0.200666
37343ms,37343,116.815,0.205951
37376ms,37376,116.930,0.199898
37408ms,37408,117.390,0.199832
37440ms,37440,117.292,0.197810
37488ms,37488,117.498,0.198867
37519ms,37519,117.550,0.198732
37552ms,37552,118.098,0.200450
37584ms,37584,118.329,0.199184
37616ms,37616,118.355,0.203844
37648ms,37648,118.845,0.201066
37680ms,37680,119.071,0.201543
37712ms,37712,119.016,0.203110
37744ms,37744,119.312,0.202777
37776ms,37776,119.525,0.206781
37856ms,37856,119.778,0.206906
37888ms,37888,119.741,0.208048
37920ms,37920,119.762,0.209329
37952ms,37952,119.770,0.207685
37984ms,37984,119.722,0.206559
38016ms,38016,119.823,0.208204
38048ms,38048,119.844,0.204326
38080ms,38080,119.748,0.207249
38144ms,38144,119.845,0.208425
38176ms,38176,119.868,0.208824
38208ms,38208,119.288,0.207306
38256ms,38256,119.020,0.201387
38288ms,38288,118.790,0.203613
38320ms,38320,118.537,0.199530
38352ms,38352,118.220,0.205408
38384ms,38384,117.567,0.201011
38416ms,38416,117.383,0.200102
38448ms,38448,117.056,0.198551
38480ms,38480,116.855,0.199501
38512ms,38512,117.021,0.199653
38752ms,38752,116.685,0.200717
38752ms,38752,116.685,0.200717
38816ms,38816,116.870,0.201068
38848ms,38848,117.064,0.202648
38880ms,38880,117.299,0.198867
38912ms,38912,117.304,0.199406
38944ms,38944,117.692,0.197875
38992ms,38992,117.490,0.198823
39024ms,39024,117.630,0.199813
39055ms,39055,118.110,0.203721
39088ms,39088,118.294,0.202146
39120ms,39120,118.569,0.207659
39184ms,39184,119.244,0.203532
39216ms,39216,119.150,0.204671
39248ms,39248,119.319,0.202190
39280ms,39280,119.742,0.209034
39312ms,39312,119.610,0.209807
39344ms,39344,119.704,0.209054
39392ms,39392,119.746,0.208243
39424ms,39424,119.648,0.209073
39456ms,39456,119.707,0.213071
39488ms,39488,119.643,0.210121
39520ms,39520,119.675,0.210917
39552ms,39552,119.597,0.205708
39584ms,39584,119.643,0.209772
39616ms,39616,119.621,0.207490
39648ms,39648,119.672,0.209222
39680ms,39680,119.630,0.209305
39712ms,39712,119.239,0.203425
39760ms,39760,118.841,0.201283
39792ms,39792,118.430,0.200413
39855ms,39855,118.034,0.205075
39888ms,39888,117.514,0.202147
39920ms,39920,117.087,0.198910
39952ms,39952,116.973,0.198287
40080ms,40080,116.703,0.197541
40256ms,40256,116.786,0.215297
40320ms,40320,117.076,0.202918
40384ms,40384,117.324,0.199628
40416ms,40416,117.503,0.198734
40448ms,40448,117.602,0.198357
40480ms,40480,117.548,0.199194
40527ms,40527,117.996,0.198802
40560ms,40560,118.139,0.203025
40592ms,40592,118.489,0.205075
40656ms,40656,119.014,0.200913
40688ms,40688,119.126,0.203316
40720ms,40720,119.110,0.203124
40752ms,40752,119.506,0.202754
40784ms,40784,119.773,0.209345
40816ms,40816,119.641,0.209113
40895ms,40895,119.624,0.214910
40928ms,40928,119.533,0.209218
40960ms,40960,119.634,0.207606
40992ms,40992,119.660,0.208879
41024ms,41024,119.715,0.205517
41056ms,41056,119.649,0.208393
41088ms,41088,119.608,0.210009
41120ms,41120,119.580,0.213032
41152ms,41152,119.745,0.207887
41184ms,41184,119.596,0.210115
41216ms,41216,119.215,0.202383
41248ms,41248,118.623,0.203060
41296ms,41296,118.484,0.201645
41328ms,41328,118.258,0.202415
41360ms,41360,117.842,0.198873
41392ms,41392,117.327,0.200880
41424ms,41424,117.067,0.199304
41456ms,41456,116.945,0.199857
41488ms,41488,116.838,0.208559
41520ms,41520,116.883,0.199422
41552ms,41552,116.573,0.198534
41584ms,41584,116.512,0.197706
41696ms,41696,116.727,0.198597
41728ms,41728,116.791,0.210330
41760ms,41760,116.821,0.207002
41792ms,41792,116.915,0.202045
41824ms,41824,117.018,0.205187
41856ms,41856,117.029,0.201710
41888ms,41888,117.278,0.199127
41920ms,41920,117.262,0.198347
41952ms,41952,117.705,0.199119
41984ms,41984,117.691,0.198882
42032ms,42032,118.163,0.205725
42063ms,42063,118.308,0.203611
42095ms,42095,118.408,0.211160
42128ms,42128,118.793,0.202724
42160ms,42160,118.926,0.202045
42192ms,42192,119.153,0.203619
42224ms,42224,119.296,0.203262
42256ms,42256,119.574,0.212632
42288ms,42288,119.681,0.213817
42320ms,42320,119.608,0.212974
42352ms,42352,119.668,0.210668
42384ms,42384,119.697,0.209927
42464ms,42464,119.564,0.210719
42496ms,42496,119.562,0.210292
42528ms,42528,119.622,0.211276
42560ms,42560,119.664,0.209667
42592ms,42592,119.587,0.212139
42624ms,42624,119.608,0.211433
42656ms,42656,119.704,0.211291
42688ms,42688,119.244,0.204997
42720ms,42720,118.730,0.201880
42752ms,42752,118.562,0.202410
42800ms,42800,118.140,0.198743
42832ms,42832,117.998,0.200159
42864ms,42864,117.614,0.202157
42896ms,42896,117.144,0.200291
42928ms,42928,117.059,0.199783
42960ms,42960,117.135,0.203188
43024ms,43024,116.508,0.206114
43056ms,43056,116.716,0.202387
43088ms,43088,116.594,0.198583
43168ms,43168,116.498,0.202873
43232ms,43232,116.847,0.205100
43263ms,43263,116.850,0.200467
43296ms,43296,117.091,0.201871
43328ms,43328,117.059,0.199293
43360ms,43360,117.403,0.199010
43392ms,43392,117.450,0.197983
43424ms,43424,117.614,0.199572
43456ms,43456,117.489,0.198849
43488ms,43488,117.904,0.200955
43520ms,43520,118.268,0.203935
43568ms,43568,118.297,0.202929
43600ms,43600,118.857,0.201194
43631ms,43631,118.911,0.202122
43664ms,43664,119.078,0.204526
43696ms,43696,119.318,0.201834
43728ms,43728,119.473,0.203618
43792ms,43792,119.369,0.210893
43824ms,43824,119.632,0.208404
43856ms,43856,119.604,0.208823
43888ms,43888,119.665,0.211309
43936ms,43936,119.670,0.210192
43968ms,43968,119.684,0.207107
43999ms,43999,119.677,0.208751
44032ms,44032,119.671,0.207392
44063ms,44063,119.546,0.206497
44095ms,44095,119.759,0.210708
44128ms,44128,119.772,0.211271
44159ms,44159,119.324,0.208424
44192ms,44192,119.227,0.202540
44224ms,44224,118.738,0.200898
44255ms,44255,118.574,0.201522
44303ms,44303,118.127,0.203149
44336ms,44336,117.761,0.200163
44400ms,44400,117.134,0.198343
44432ms,44432,116.903,0.201748
44464ms,44464,116.894,0.201142
44496ms,44496,116.565,0.204641
44527ms,44527,116.567,0.197593
44560ms,44560,116.641,0.197131
44624ms,44624,116.515,0.199299
44704ms,44704,116.699,0.206851
44768ms,44768,116.987,0.205613
44800ms,44800,116.994,0.204737
44832ms,44832,117.126,0.199593
44895ms,44895,117.475,0.198010
44928ms,44928,117.592,0.200143
44960ms,44960,117.721,0.201734
44992ms,44992,118.062,0.203200
45024ms,45024,118.231,0.203280
45071ms,45071,118.484,0.202803
45103ms,45103,118.967,0.199692
45135ms,45135,119.235,0.203115
45168ms,45168,119.223,0.202512
45200ms,45200,119.319,0.203763
45232ms,45232,119.542,0.203711
45264ms,45264,119.797,0.210192
45296ms,45296,119.584,0.209634
45328ms,45328,119.641,0.208599
45360ms,45360,119.599,0.208967
45392ms,45392,119.685,0.206583
45439ms,45439,119.666,0.212272
45472ms,45472,119.652,0.206511
45503ms,45503,119.537,0.209807
45536ms,45536,119.625,0.211996
45568ms,45568,119.636,0.212109
45600ms,45600,119.593,0.211338
45631ms,45631,119.501,0.206964
45664ms,45664,119.252,0.203286
45696ms,45696,118.730,0.202519
45728ms,45728,118.627,0.201674
45760ms,45760,118.176,0.200986
45792ms,45792,117.941,0.202573
45840ms,45840,117.477,0.199539
45872ms,45872,117.088,0.198369
45904ms,45904,117.066,0.198728
45936ms,45936,116.998,0.199307
46032ms,46032,116.620,0.201640
46064ms,46064,116.522,0.197519
46208ms,46208,117.025,0.203707
46272ms,46272,117.035,0.204498
46367ms,46367,117.523,0.198226
46399ms,46399,117.621,0.198936
46432ms,46432,117.635,0.199219
46464ms,46464,118.042,0.202762
46496ms,46496,118.198,0.202397
46528ms,46528,118.594,0.207279
46608ms,46608,118.947,0.203122
46640ms,46640,119.026,0.204125
46671ms,46671,119.401,0.204117
46704ms,46704,119.546,0.202671
46736ms,46736,119.688,0.211782
46768ms,46768,119.704,0.205278
46800ms,46800,119.599,0.211228
46832ms,46832,119.573,0.212161
46864ms,46864,119.725,0.205206
46896ms,46896,119.679,0.214796
46928ms,46928,119.776,0.208387
46976ms,46976,119.725,0.206874
47008ms,47008,119.548,0.213137
47040ms,47040,119.606,0.209406
47071ms,47071,119.578,0.210389
47104ms,47104,119.632,0.210363
47136ms,47136,119.213,0.207872
47168ms,47168,118.949,0.201266
47200ms,47200,118.610,0.201449
47231ms,47231,118.452,0.201499
47264ms,47264,118.130,0.202036
47296ms,47296,117.690,0.200772
47376ms,47376,117.110,0.199752
47408ms,47408,116.871,0.199204
47440ms,47440,117.032,0.199743
47504ms,47504,116.685,0.197644
47536ms,47536,116.704,0.197145
47568ms,47568,116.316,0.199030
47664ms,47664,116.825,0.201764
47744ms,47744,116.821,0.203747
47808ms,47808,117.147,0.198875
47840ms,47840,117.266,0.198314
47872ms,47872,117.577,0.199061
47904ms,47904,117.692,0.199941
47936ms,47936,117.754,0.199473
47968ms,47968,118.068,0.204220
48000ms,48000,118.206,0.203100
48032ms,48032,118.619,0.203768
48064ms,48064,118.894,0.201346
48111ms,48111,119.074,0.202302
48143ms,48143,119.160,0.202002
48175ms,48175,119.396,0.204905
48208ms,48208,119.764,0.206235
48240ms,48240,119.599,0.209517
48272ms,48272,119.728,0.209257
48304ms,48304,119.756,0.207070
48336ms,48336,119.601,0.206786
48368ms,48368,119.622,0.208984
48400ms,48400,119.620,0.206220
48432ms,48432,119.595,0.206810
48480ms,48480,119.690,0.209493
48512ms,48512,119.585,0.211947
48544ms,48544,119.589,0.211209
48576ms,48576,119.631,0.208928
48608ms,48608,119.553,0.206628
48639ms,48639,119.080,0.202230
48704ms,48704,118.592,0.204651
48736ms,48736,118.108,0.202743
48768ms,48768,117.923,0.199702
48800ms,48800,117.380,0.205054
48848ms,48848,117.126,0.198073
48911ms,48911,116.833,0.204698
49008ms,49008,116.755,0.198061
49040ms,49040,116.552,0.197130
49072ms,49072,116.442,0.197625
49168ms,49168,116.936,0.210233
49248ms,49248,116.951,0.200948
49312ms,49312,117.367,0.198193
49344ms,49344,117.363,0.198057
49376ms,49376,117.527,0.199390
49408ms,49408,117.749,0.199667
49440ms,49440,117.973,0.199524
49472ms,49472,118.268,0.204895
49504ms,49504,118.370,0.205353
49536ms,49536,118.816,0.204329
49568ms,49568,118.957,0.202316
49615ms,49615,119.127,0.204252
49647ms,49647,119.098,0.203303
49680ms,49680,119.500,0.205136
49712ms,49712,119.583,0.210853
49744ms,49744,119.595,0.212642
49776ms,49776,119.661,0.213410
49808ms,49808,119.538,0.212266
49840ms,49840,119.589,0.207097
49872ms,49872,119.744,0.211173
49904ms,49904,119.594,0.209570
49936ms,49936,119.618,0.213257
49968ms,49968,119.620,0.211543
50016ms,50016,119.605,0.211997
50048ms,50048,119.634,0.210660
50080ms,50080,119.641,0.212039
50112ms,50112,119.417,0.204263
50144ms,50144,118.961,0.200615
50176ms,50176,118.477,0.201461
50240ms,50240,117.897,0.200731
50272ms,50272,117.700,0.203764
50304ms,50304,117.204,0.199258
50336ms,50336,117.030,0.198987
50384ms,50384,117.236,0.204284
50480ms,50480,116.636,0.199124
50512ms,50512,116.601,0.197497
50576ms,50576,116.596,0.203697
50640ms,50640,116.904,0.201435
50704ms,50704,117.071,0.200440
50752ms,50752,116.963,0.202933
50784ms,50784,117.166,0.200043
50816ms,50816,117.535,0.199879
50848ms,50848,117.702,0.199771
50880ms,50880,117.610,0.198393
50912ms,50912,117.747,0.199688
50944ms,50944,118.122,0.203844
50976ms,50976,118.295,0.202964
51008ms,51008,118.760,0.208343
51040ms,51040,118.713,0.202110
51072ms,51072,119.076,0.203277
51104ms,51104,119.107,0.204004
51152ms,51152,119.259,0.203771
51184ms,51184,119.841,0.207409
51216ms,51216,119.640,0.208814
51248ms,51248,119.722,0.205358
51280ms,51280,119.701,0.209039
51312ms,51312,119.714,0.204684
51344ms,51344,119.564,0.208260
51376ms,51376,119.613,0.208545
51408ms,51408,119.599,0.208764
51440ms,51440,119.725,0.206267
51472ms,51472,119.701,0.212447
51519ms,51519,119.877,0.205130
51552ms,51552,119.563,0.209503
51584ms,51584,119.496,0.205839
51616ms,51616,119.147,0.202694
51648ms,51648,118.701,0.203061
51680ms,51680,118.618,0.202151
51712ms,51712,118.378,0.202821
51744ms,51744,117.743,0.199079
51776ms,51776,117.476,0.204628
51808ms,51808,117.079,0.199652
51840ms,51840,117.071,0.198649
51888ms,51888,116.846,0.209551
51920ms,51920,116.793,0.203793
51984ms,51984,116.618,0.197708
52016ms,52016,116.453,0.198354
52144ms,52144,116.830,0.207484
52176ms,52176,116.832,0.201630
52208ms,52208,116.933,0.204574
52240ms,52240,117.100,0.197910
52288ms,52288,117.335,0.198596
52352ms,52352,117.659,0.199019
52416ms,52416,118.188,0.203088
52448ms,52448,118.244,0.203185
52480ms,52480,118.403,0.202827
52512ms,52512,118.913,0.201964
52544ms,52544,119.096,0.202622
52576ms,52576,119.169,0.202437
52608ms,52608,119.550,0.203398
52656ms,52656,119.557,0.211627
52687ms,52687,119.649,0.206330
52720ms,52720,119.577,0.213418
52752ms,52752,119.593,0.212093
52784ms,52784,119.491,0.208417
52816ms,52816,119.670,0.211477
52848ms,52848,119.648,0.209298
52880ms,52880,119.587,0.211826
52912ms,52912,119.714,0.211110
52944ms,52944,119.574,0.213162
52976ms,52976,119.669,0.209099
53024ms,53024,119.734,0.211306
53055ms,53055,119.591,0.206603
53088ms,53088,119.138,0.203283
53120ms,53120,118.707,0.202037
53152ms,53152,118.612,0.200485
53184ms,53184,118.047,0.201110
53216ms,53216,118.063,0.201785
53248ms,53248,117.467,0.206876
53280ms,53280,117.261,0.201786
53312ms,53312,116.988,0.199404
53344ms,53344,116.857,0.200130
53456ms,53456,116.744,0.197146
53488ms,53488,116.615,0.196707
53616ms,53616,116.779,0.206769
53680ms,53680,116.970,0.201052
53712ms,53712,117.070,0.203877
53744ms,53744,117.421,0.198452
53792ms,53792,117.422,0.197819
53824ms,53824,117.715,0.197904
53856ms,53856,117.699,0.200553
53888ms,53888,118.000,0.199997
53920ms,53920,118.222,0.200778
53952ms,53952,118.487,0.208305
53984ms,53984,118.744,0.205366
54016ms,54016,118.876,0.201725
54048ms,54048,119.041,0.203930
54080ms,54080,119.327,0.203090
54112ms,54112,119.668,0.210607
54160ms,54160,119.800,0.211177
54192ms,54192,119.736,0.207751
54224ms,54224,119.660,0.212029
54256ms,54256,119.632,0.210839
54288ms,54288,119.727,0.208771
54320ms,54320,119.544,0.210151
54352ms,54352,119.682,0.214691
54416ms,54416,119.737,0.206513
54448ms,54448,119.662,0.212096
54480ms,54480,119.793,0.211290
54512ms,54512,119.756,0.209885
54559ms,54559,119.289,0.203655
54592ms,54592,118.969,0.202417
54624ms,54624,118.532,0.200937
54656ms,54656,118.401,0.199375
54688ms,54688,118.193,0.207695
54784ms,54784,117.122,0.199646
54816ms,54816,117.001,0.201262
54928ms,54928,116.614,0.199855
54959ms,54959,116.483,0.198295
54991ms,54991,116.615,0.197009
55088ms,55088,116.734,0.206726
55152ms,55152,116.964,0.202933
55184ms,55184,116.956,0.201861
55216ms,55216,117.113,0.198465
55248ms,55248,117.436,0.199945
55296ms,55296,117.531,0.198831
55328ms,55328,117.557,0.199524
55360ms,55360,117.519,0.198984
55392ms,55392,118.002,0.205337
55424ms,55424,118.391,0.202964
55456ms,55456,118.517,0.204505
55520ms,55520,119.093,0.202695
55552ms,55552,119.211,0.202630
55584ms,55584,119.452,0.203427
55616ms,55616,119.755,0.210912
55648ms,55648,119.596,0.209555
55696ms,55696,119.665,0.213173
55728ms,55728,119.691,0.207964
55759ms,55759,119.667,0.206507
55792ms,55792,119.614,0.213265
55824ms,55824,119.583,0.210879
55856ms,55856,119.623,0.210199
55888ms,55888,119.632,0.207926
55920ms,55920,119.754,0.205646
55952ms,55952,119.642,0.211530
55984ms,55984,119.765,0.209486
56016ms,56016,119.467,0.208937
56063ms,56063,119.131,0.202055
56095ms,56095,118.671,0.202171
56128ms,56128,118.550,0.201484
56160ms,56160,118.363,0.204601
56192ms,56192,117.660,0.199627
56224ms,56224,117.259,0.204617
56256ms,56256,117.022,0.200439
56384ms,56384,116.665,0.197035
56432ms,56432,116.830,0.197380
56495ms,56495,116.394,0.200486
56560ms,56560,116.762,0.206456
56592ms,56592,116.801,0.215413
56624ms,56624,117.005,0.198171
56688ms,56688,117.251,0.197853
56720ms,56720,117.448,0.198875
56752ms,56752,117.319,0.198360
56784ms,56784,117.577,0.199467
56831ms,56831,117.484,0.198971
56864ms,56864,118.312,0.202343
56896ms,56896,118.225,0.204853
56928ms,56928,118.446,0.205283
56960ms,56960,118.738,0.206152
56992ms,56992,118.952,0.200488
57024ms,57024,119.089,0.202933
57055ms,57055,119.292,0.202802
57088ms,57088,119.684,0.206829
57120ms,57120,119.611,0.211661
57152ms,57152,119.642,0.211497
57200ms,57200,119.627,0.209257
57232ms,57232,119.603,0.211745
57264ms,57264,119.634,0.209043
57296ms,57296,119.717,0.207672
57328ms,57328,119.766,0.209568
57360ms,57360,119.758,0.209241
57392ms,57392,119.714,0.203377
57424ms,57424,119.727,0.207957
57456ms,57456,119.629,0.209246
57488ms,57488,119.591,0.209350
57520ms,57520,119.340,0.203482
57568ms,57568,118.788,0.202508
57600ms,57600,118.586,0.201338
57632ms,57632,118.227,0.200521
57664ms,57664,118.049,0.201667
57696ms,57696,117.629,0.201493
57728ms,57728,117.393,0.200101
57760ms,57760,117.022,0.199046
57792ms,57792,117.019,0.199387
57920ms,57920,116.653,0.197725
58000ms,58000,116.540,0.198557
58063ms,58063,116.875,0.204186
58128ms,58128,116.986,0.199094
58160ms,58160,116.951,0.199887
58224ms,58224,117.415,0.198438
58256ms,58256,117.675,0.201333
58368ms,58368,118.237,0.202999
58400ms,58400,118.341,0.205022
58432ms,58432,118.604,0.202322
58464ms,58464,118.942,0.201080
58496ms,58496,119.139,0.205040
58528ms,58528,119.128,0.202823
58560ms,58560,119.554,0.204344
58592ms,58592,119.789,0.211006
58624ms,58624,119.629,0.203877
58656ms,58656,119.695,0.205601
58704ms,58704,119.612,0.208262
58736ms,58736,119.781,0.203563
58800ms,58800,119.596,0.211728
58832ms,58832,119.597,0.204484
58864ms,58864,119.683,0.204880
58896ms,58896,119.707,0.205434
58928ms,58928,119.679,0.206036
58960ms,58960,119.650,0.209657
58992ms,58992,119.402,0.210537
59024ms,59024,119.078,0.202132
59103ms,59103,118.453,0.199827
59135ms,59135,118.383,0.203069
59167ms,59167,117.939,0.199693
59200ms,59200,117.196,0.198659
59232ms,59232,117.160,0.198323
59264ms,59264,117.129,0.199346
59296ms,59296,116.983,0.204904
59328ms,59328,116.771,0.198815
59360ms,59360,116.639,0.198564
59471ms,59471,116.338,0.197736
59568ms,59568,116.773,0.214800
59600ms,59600,116.870,0.202154
59632ms,59632,116.991,0.201230
59664ms,59664,117.264,0.200663
59696ms,59696,117.288,0.198699
59728ms,59728,117.291,0.197194
59760ms,59760,117.549,0.198794
59792ms,59792,117.573,0.199281
59824ms,59824,118.033,0.198407
59871ms,59871,118.226,0.207118
59904ms,59904,118.518,0.208800
59936ms,59936,118.816,0.201903
59968ms,59968,118.920,0.202751
60000ms,60000,119.254,0.202205
60032ms,60032,119.313,0.206136
60064ms,60064,119.849,0.206875
60096ms,60096,119.758,0.210365
60128ms,60128,119.698,0.204727
60160ms,60160,119.767,0.203677
60192ms,60192,119.689,0.204493
60240ms,60240,119.774,0.203566
60272ms,60272,119.684,0.205653
60304ms,60304,119.754,0.203549
60336ms,60336,119.660,0.205102
60368ms,60368,119.827,0.204104
60400ms,60400,119.725,0.206249
60432ms,60432,119.724,0.209462
60464ms,60464,119.686,0.212019
60496ms,60496,119.239,0.209618
60528ms,60528,118.933,0.201518
60560ms,60560,118.596,0.201956
60608ms,60608,118.248,0.199286
60640ms,60640,118.126,0.202114
60672ms,60672,117.632,0.200499
60704ms,60704,117.338,0.200130
60736ms,60736,117.355,0.199327
60768ms,60768,116.983,0.198994
60800ms,60800,116.875,0.199885
60864ms,60864,116.615,0.197892
60928ms,60928,116.533,0.196779
61039ms,61039,116.826,0.205844
61103ms,61103,117.040,0.198999
61136ms,61136,116.948,0.201862
61168ms,61168,117.105,0.198234
61200ms,61200,117.566,0.199772
61232ms,61232,117.600,0.198635
61264ms,61264,117.562,0.201263
61296ms,61296,117.810,0.199774
61328ms,61328,118.142,0.204890
61376ms,61376,118.357,0.206177
61408ms,61408,118.441,0.206631
61440ms,61440,118.723,0.205939
61504ms,61504,119.150,0.202314
61536ms,61536,119.270,0.202247
61568ms,61568,119.859,0.207185
61600ms,61600,119.620,0.212402
61632ms,61632,119.633,0.210782
61664ms,61664,119.715,0.210993
61744ms,61744,119.691,0.203566
61776ms,61776,119.709,0.209354
61808ms,61808,119.631,0.205313
61840ms,61840,119.743,0.205537
61872ms,61872,119.760,0.206272
61904ms,61904,119.679,0.208154
61936ms,61936,119.704,0.208890
61968ms,61968,119.577,0.208450
62000ms,62000,119.246,0.203437
62032ms,62032,118.798,0.201147
62064ms,62064,118.574,0.203043
62096ms,62096,118.146,0.204448
62144ms,62144,117.937,0.199490
62176ms,62176,117.416,0.202496
62207ms,62207,117.040,0.199212
62240ms,62240,117.012,0.199336
62272ms,62272,116.995,0.200838
62368ms,62368,116.646,0.198490
62464ms,62464,116.564,0.209189
62544ms,62544,116.918,0.207843
62575ms,62575,116.964,0.200736
62608ms,62608,117.150,0.207375
62672ms,62672,117.264,0.197698
62704ms,62704,117.263,0.198164
62736ms,62736,117.701,0.199066
62768ms,62768,117.697,0.199209
62800ms,62800,118.192,0.199071
62832ms,62832,118.225,0.201536
62879ms,62879,118.396,0.205436
62911ms,62911,118.645,0.204585
62943ms,62943,118.938,0.201757
62976ms,62976,119.081,0.206238
63008ms,63008,119.192,0.203208
63040ms,63040,119.471,0.204031
63071ms,63071,119.703,0.208604
63104ms,63104,119.675,0.210335
63136ms,63136,119.744,0.204298
63168ms,63168,119.675,0.209943
63200ms,63200,119.696,0.211389
63232ms,63232,119.755,0.209487
63280ms,63280,119.776,0.209950
63312ms,63312,119.657,0.203925
63344ms,63344,119.519,0.204605
63376ms,63376,119.799,0.205435
63408ms,63408,119.673,0.207751
63440ms,63440,119.686,0.210559
63472ms,63472,119.278,0.211052
63504ms,63504,118.890,0.202540
63536ms,63536,118.520,0.202472
63568ms,63568,118.359,0.200088
63600ms,63600,118.100,0.203082
63648ms,63648,117.705,0.201432
63680ms,63680,117.379,0.199874
63712ms,63712,117.173,0.201582
63744ms,63744,116.950,0.199641
63808ms,63808,116.494,0.203067
63872ms,63872,116.775,0.196984
63936ms,63936,116.550,0.198326
64016ms,64016,116.810,0.207264
64079ms,64079,116.949,0.201974
64111ms,64111,117.035,0.201501
64143ms,64143,117.142,0.198394
64175ms,64175,117.458,0.197499
64207ms,64207,117.664,0.197611
64239ms,64239,117.737,0.200648
64272ms,64272,117.658,0.201430
64304ms,64304,118.017,0.201976
64336ms,64336,118.321,0.202365
64368ms,64368,118.480,0.208872
64416ms,64416,118.860,0.202645
64448ms,64448,119.099,0.202221
64479ms,64479,119.170,0.201846
64512ms,64512,119.255,0.202408
64544ms,64544,119.612,0.209036
64575ms,64575,119.700,0.215321
64608ms,64608,119.786,0.208924
64640ms,64640,119.627,0.207478
64672ms,64672,119.731,0.207024
64704ms,64704,119.707,0.206669
64736ms,64736,119.706,0.204346
64784ms,64784,119.684,0.203507
64816ms,64816,119.628,0.205740
64848ms,64848,119.534,0.210924
64911ms,64911,119.704,0.206546
64944ms,64944,119.516,0.208651
64976ms,64976,119.270,0.202382
65008ms,65008,118.837,0.201443
65040ms,65040,118.674,0.203619
65072ms,65072,118.202,0.200685
65104ms,65104,118.177,0.202104
65152ms,65152,117.528,0.203920
65184ms,65184,117.231,0.198497
65215ms,65215,117.120,0.198919
65248ms,65248,117.131,0.200056
65279ms,65279,116.666,0.201171
65376ms,65376,116.536,0.197843
65504ms,65504,116.840,0.203388
65584ms,65584,117.008,0.202810
65616ms,65616,116.987,0.203313
65648ms,65648,117.245,0.201653
65680ms,65680,117.530,0.200482
65712ms,65712,117.705,0.198069
65744ms,65744,117.436,0.198780
65776ms,65776,117.815,0.199183
65808ms,65808,118.213,0.200757
65840ms,65840,118.351,0.205867
65872ms,65872,118.662,0.203311
65920ms,65920,118.940,0.201517
65951ms,65951,119.103,0.204966
65984ms,65984,119.305,0.204787
66016ms,66016,119.552,0.209040
66048ms,66048,119.716,0.209274
66080ms,66080,119.718,0.210618
66112ms,66112,119.615,0.207353
66144ms,66144,119.713,0.206191
66208ms,66208,119.809,0.206977
66240ms,66240,119.719,0.204576
66288ms,66288,119.762,0.204522
66320ms,66320,119.729,0.206306
66352ms,66352,119.816,0.203345
66384ms,66384,119.678,0.207500
66416ms,66416,119.681,0.214996
66448ms,66448,119.516,0.216353
66480ms,66480,119.104,0.201904
66512ms,66512,118.856,0.202950
66544ms,66544,118.566,0.201827
66608ms,66608,117.827,0.198841
66640ms,66640,117.476,0.199550
66688ms,66688,117.023,0.198805
66720ms,66720,117.149,0.198731
66752ms,66752,116.826,0.208704
66848ms,66848,116.645,0.197580
66880ms,66880,116.626,0.198153
66944ms,66944,116.880,0.204146
66976ms,66976,116.785,0.200906
67088ms,67088,116.827,0.201284
67119ms,67119,116.987,0.200153
67152ms,67152,117.135,0.197399
67184ms,67184,117.434,0.198645
67216ms,67216,117.702,0.198893
67280ms,67280,117.917,0.203084
67312ms,67312,118.074,0.202768
67344ms,67344,118.399,0.210774
67376ms,67376,118.865,0.201538
67423ms,67423,118.963,0.201361
67456ms,67456,119.155,0.203358
67488ms,67488,119.130,0.204613
67520ms,67520,119.593,0.204028
67552ms,67552,119.720,0.208648
67584ms,67584,119.749,0.217309
67616ms,67616,119.810,0.214395
67648ms,67648,119.668,0.209549
67712ms,67712,119.674,0.213447
67744ms,67744,119.772,0.211395
67776ms,67776,119.699,0.212132
67823ms,67823,119.671,0.211378
67855ms,67855,119.756,0.207711
67888ms,67888,119.638,0.210738
67920ms,67920,119.694,0.212423
67952ms,67952,119.185,0.205037
67984ms,67984,118.960,0.202016
68016ms,68016,118.819,0.201878
68048ms,68048,118.459,0.200633
68080ms,68080,118.201,0.204617
68112ms,68112,117.712,0.200312
68192ms,68192,117.040,0.199705
68224ms,68224,117.032,0.198991
68256ms,68256,116.940,0.209137
68352ms,68352,116.547,0.199329
68384ms,68384,116.722,0.197127
68416ms,68416,116.426,0.201046
68544ms,68544,116.924,0.200334
68591ms,68591,117.108,0.200975
68624ms,68624,117.020,0.199246
68656ms,68656,117.283,0.199762
68688ms,68688,117.410,0.199082
68720ms,68720,117.639,0.202343
68752ms,68752,117.744,0.199494
68784ms,68784,118.001,0.204989
68816ms,68816,118.199,0.203076
68848ms,68848,118.516,0.207215
68880ms,68880,118.929,0.202462
68912ms,68912,118.985,0.202433
68960ms,68960,119.286,0.203706
68992ms,68992,119.526,0.204184
69024ms,69024,119.606,0.210021
69055ms,69055,119.688,0.213595
69088ms,69088,119.678,0.212438
69152ms,69152,119.743,0.209180
69184ms,69184,119.684,0.210024
69216ms,69216,119.631,0.208560
69248ms,69248,119.586,0.207559
69280ms,69280,119.544,0.208774
69328ms,69328,119.741,0.212025
69359ms,69359,119.733,0.207700
69392ms,69392,119.625,0.212004
69456ms,69456,119.168,0.203093
69488ms,69488,118.774,0.204980
69520ms,69520,118.630,0.201262
69584ms,69584,118.023,0.201086
69616ms,69616,117.566,0.205738
69648ms,69648,117.131,0.198717
69680ms,69680,117.004,0.197893
69728ms,69728,116.971,0.204144
69824ms,69824,116.586,0.199423
69984ms,69984,117.037,0.206625
70048ms,70048,116.875,0.203026
70096ms,70096,116.934,0.198538
70128ms,70128,117.071,0.198233
70159ms,70159,117.549,0.199040
70192ms,70192,117.548,0.199010
70224ms,70224,117.753,0.199336
70256ms,70256,117.901,0.202354
70288ms,70288,118.160,0.204072
70320ms,70320,118.338,0.211658
70352ms,70352,118.698,0.199988
70384ms,70384,118.814,0.201677
70416ms,70416,119.153,0.203207
70464ms,70464,119.270,0.202561
70496ms,70496,119.428,0.205520
70528ms,70528,119.697,0.217511
70560ms,70560,119.788,0.211539
70592ms,70592,119.744,0.211173
70624ms,70624,119.801,0.209595
70656ms,70656,119.680,0.208681
70688ms,70688,119.774,0.207191
70720ms,70720,119.724,0.214408
70752ms,70752,119.876,0.208092
70784ms,70784,119.700,0.209900
70816ms,70816,119.758,0.208926
70896ms,70896,119.624,0.211990
70928ms,70928,119.452,0.209853
70960ms,70960,118.952,0.201292
70992ms,70992,118.749,0.202576
71024ms,71024,118.537,0.200424
71056ms,71056,118.251,0.205335
71088ms,71088,117.726,0.200445
71152ms,71152,117.102,0.198993
71184ms,71184,117.092,0.199666
71231ms,71231,116.873,0.203495
71296ms,71296,116.593,0.198829
71328ms,71328,116.748,0.197518
71424ms,71424,116.560,0.202442
71488ms,71488,116.911,0.207203
71520ms,71520,116.898,0.201802
71552ms,71552,116.977,0.202308
71599ms,71599,117.176,0.202197
71632ms,71632,117.294,0.198543
71664ms,71664,117.451,0.198214
71696ms,71696,117.691,0.201667
71728ms,71728,117.804,0.200372
71760ms,71760,117.961,0.201591
71792ms,71792,118.358,0.202731
71824ms,71824,118.295,0.202595
71856ms,71856,118.799,0.200390
71888ms,71888,119.045,0.201884
71920ms,71920,119.203,0.204958
71952ms,71952,119.328,0.203104
71999ms,71999,119.776,0.207603
72031ms,72031,119.702,0.213989
72064ms,72064,119.634,0.210908
72095ms,72095,119.808,0.209946
72128ms,72128,119.627,0.205704
72160ms,72160,119.661,0.205944
72192ms,72192,119.708,0.209962
72256ms,72256,119.726,0.206461
72288ms,72288,119.874,0.210925
72320ms,72320,119.799,0.207895
72368ms,72368,119.678,0.203879
72400ms,72400,119.592,0.209273
72432ms,72432,119.126,0.203029
72464ms,72464,118.770,0.202254
72496ms,72496,118.617,0.201130
72528ms,72528,118.400,0.204237
72560ms,72560,117.945,0.199759
72592ms,72592,117.490,0.207625
72624ms,72624,117.181,0.200127
72656ms,72656,117.154,0.199758
72688ms,72688,116.982,0.200300
72800ms,72800,116.600,0.199261
72832ms,72832,116.752,0.196421
72863ms,72863,116.345,0.197436
72896ms,72896,116.462,0.196598
72960ms,72960,117.027,0.209683
73024ms,73024,117.042,0.203349
73056ms,73056,116.994,0.201630
73088ms,73088,117.363,0.199680
73136ms,73136,117.538,0.197792
73168ms,73168,117.589,0.198818
73199ms,73199,117.709,0.198706
73231ms,73231,117.950,0.199281
73264ms,73264,118.387,0.203056
73296ms,73296,118.406,0.204342
73328ms,73328,118.722,0.202466
73360ms,73360,119.087,0.201687
73392ms,73392,119.058,0.202903
73456ms,73456,119.503,0.202629
73504ms,73504,119.844,0.207847
73536ms,73536,119.775,0.210120
73568ms,73568,119.697,0.203993
73600ms,73600,119.644,0.207025
73632ms,73632,119.773,0.205228
73664ms,73664,119.724,0.212535
73696ms,73696,119.743,0.207191
73728ms,73728,119.769,0.208751
73760ms,73760,119.667,0.206445
73792ms,73792,119.784,0.204627
73824ms,73824,119.822,0.212873
73872ms,73872,119.734,0.209040
73903ms,73903,119.514,0.210442
73936ms,73936,118.903,0.201656
73968ms,73968,118.747,0.203047
74032ms,74032,118.275,0.200641
74064ms,74064,117.644,0.199880
74128ms,74128,117.059,0.199928
74192ms,74192,116.909,0.205207
74224ms,74224,116.728,0.198568
74304ms,74304,116.671,0.196941
74400ms,74400,116.912,0.200575
74464ms,74464,116.938,0.211388
74496ms,74496,116.919,0.198624
74559ms,74559,117.201,0.199196
74592ms,74592,117.321,0.199365
74639ms,74639,117.537,0.197736
74672ms,74672,117.838,0.200546
74704ms,74704,117.871,0.201535
74736ms,74736,118.187,0.210894
74768ms,74768,118.269,0.203442
74800ms,74800,118.315,0.211405
74832ms,74832,118.871,0.203275
74864ms,74864,119.014,0.203416
74896ms,74896,119.188,0.203630
74928ms,74928,119.393,0.204779
74960ms,74960,119.557,0.210102
75008ms,75008,119.586,0.210540
75039ms,75039,119.636,0.212622
75071ms,75071,119.836,0.206851
75104ms,75104,119.616,0.211990
75136ms,75136,119.820,0.209688
75168ms,75168,119.846,0.203016
75200ms,75200,119.820,0.208133
75232ms,75232,119.681,0.207157
75264ms,75264,119.780,0.208718
75296ms,75296,119.644,0.208235
75328ms,75328,119.819,0.210506
75360ms,75360,119.625,0.208761
75408ms,75408,119.185,0.202278
75440ms,75440,118.758,0.200707
75471ms,75471,118.566,0.203265
75504ms,75504,118.235,0.203271
75536ms,75536,118.034,0.199091
75568ms,75568,117.636,0.199322
75599ms,75599,117.190,0.198792
75632ms,75632,117.151,0.198943
75664ms,75664,116.883,0.204930
75776ms,75776,116.565,0.200176
75808ms,75808,116.586,0.197219
75839ms,75839,116.495,0.199035
75936ms,75936,116.953,0.204459
76000ms,76000,117.118,0.203046
76032ms,76032,116.943,0.205297
76064ms,76064,117.419,0.198781
76096ms,76096,117.370,0.198188
76128ms,76128,117.675,0.199075
76176ms,76176,117.814,0.199768
76208ms,76208,117.946,0.200863
76239ms,76239,118.292,0.200397
76272ms,76272,118.505,0.207014
76304ms,76304,118.835,0.201327
76336ms,76336,118.955,0.202061
76368ms,76368,119.065,0.206098
76400ms,76400,119.264,0.204664
76432ms,76432,119.624,0.203014
76464ms,76464,119.608,0.211547
76496ms,76496,119.581,0.208186
76544ms,76544,119.741,0.206074
76576ms,76576,119.738,0.205906
76608ms,76608,119.656,0.213407
76640ms,76640,119.714,0.207214
76672ms,76672,119.691,0.205568
76704ms,76704,119.731,0.213420
76736ms,76736,119.864,0.206812
76768ms,76768,119.647,0.206519
76800ms,76800,119.755,0.205437
76832ms,76832,119.623,0.209280
76864ms,76864,119.320,0.207948
76912ms,76912,118.868,0.201190
76943ms,76943,118.691,0.200188
76976ms,76976,118.376,0.200635
77039ms,77039,117.739,0.200279
77071ms,77071,117.323,0.199957
77104ms,77104,116.987,0.199606
77136ms,77136,116.955,0.198781
77264ms,77264,116.731,0.197940
77376ms,77376,116.597,0.209448
77440ms,77440,116.825,0.211424
77472ms,77472,116.889,0.202535
77504ms,77504,116.906,0.202358
77536ms,77536,117.070,0.197677
77568ms,77568,117.411,0.197812
77600ms,77600,117.319,0.199868
77632ms,77632,117.637,0.199632
77679ms,77679,117.832,0.200230
77712ms,77712,117.964,0.201065
77744ms,77744,118.256,0.201794
77776ms,77776,118.321,0.209282
77808ms,77808,118.785,0.202309
77840ms,77840,119.020,0.201737
77872ms,77872,119.093,0.202742
77904ms,77904,119.230,0.203789
77936ms,77936,119.437,0.211189
77968ms,77968,119.671,0.209565
78000ms,78000,119.722,0.206468
78047ms,78047,119.784,0.209923
78079ms,78079,119.756,0.203091
78111ms,78111,119.726,0.205178
78144ms,78144,119.705,0.207531
78176ms,78176,119.596,0.213387
78208ms,78208,119.701,0.210619
78240ms,78240,119.700,0.208579
78272ms,78272,119.792,0.208357
78304ms,78304,119.844,0.214560
78336ms,78336,119.894,0.208887
78368ms,78368,119.378,0.204192
78400ms,78400,119.021,0.201965
78448ms,78448,118.599,0.203488
78512ms,78512,117.922,0.199281
78544ms,78544,117.681,0.200898
78576ms,78576,117.327,0.199454
78607ms,78607,117.083,0.198462
78640ms,78640,117.055,0.197966
78736ms,78736,116.517,0.199752
78815ms,78815,116.466,0.196955
78848ms,78848,116.543,0.203613
78912ms,78912,116.869,0.205772
78976ms,78976,116.964,0.201954
79008ms,79008,116.932,0.201931
79040ms,79040,117.196,0.198592
79072ms,79072,117.347,0.198572
79104ms,79104,117.553,0.198745
79136ms,79136,117.539,0.199281
79184ms,79184,117.771,0.200813
79216ms,79216,118.156,0.202005
79248ms,79248,118.402,0.205866
79280ms,79280,118.599,0.204727
79312ms,79312,118.912,0.204164
79344ms,79344,119.146,0.202839
79376ms,79376,119.203,0.203508
79408ms,79408,119.216,0.202494
79440ms,79440,119.851,0.208405
79472ms,79472,119.683,0.205897
79504ms,79504,119.671,0.205624
79536ms,79536,119.826,0.206459
79584ms,79584,119.810,0.206461
79616ms,79616,119.652,0.208829
79648ms,79648,119.777,0.208467
79679ms,79679,119.732,0.202350
79712ms,79712,119.748,0.208845
79744ms,79744,119.601,0.206673
79776ms,79776,119.652,0.209507
79808ms,79808,119.611,0.207918
79840ms,79840,119.480,0.210203
79872ms,79872,119.009,0.201327
79904ms,79904,118.816,0.201558
79984ms,79984,118.377,0.200486
80016ms,80016,117.625,0.200010
80048ms,80048,117.382,0.198371
80080ms,80080,117.081,0.199290
80111ms,80111,116.889,0.198500
80144ms,80144,116.969,0.200775
80208ms,80208,116.585,0.197539
80272ms,80272,116.711,0.199227
80351ms,80351,116.695,0.199798
80416ms,80416,116.949,0.212476
80448ms,80448,116.852,0.203826
80480ms,80480,117.057,0.202336
80512ms,80512,117.133,0.199780
80544ms,80544,117.380,0.199682
80576ms,80576,117.351,0.198432
80608ms,80608,117.728,0.198056
80640ms,80640,117.632,0.199755
80672ms,80672,118.058,0.201564
80719ms,80719,118.270,0.203572
80751ms,80751,118.519,0.208325
80784ms,80784,118.738,0.204760
80816ms,80816,119.006,0.200854
80848ms,80848,119.144,0.204749
80880ms,80880,119.335,0.204208
80912ms,80912,119.657,0.208252
80944ms,80944,119.760,0.210433
80976ms,80976,119.756,0.209889
81008ms,81008,119.682,0.208210
81040ms,81040,119.650,0.208656
81087ms,81087,119.615,0.202802
81119ms,81119,119.835,0.202408
81151ms,81151,119.812,0.203437
81184ms,81184,119.823,0.205304
81216ms,81216,119.753,0.206250
81280ms,81280,119.700,0.211869
81312ms,81312,119.556,0.207993
81344ms,81344,119.259,0.205209
81376ms,81376,118.947,0.201233
81408ms,81408,118.554,0.202476
81456ms,81456,118.243,0.200416
81487ms,81487,118.215,0.200304
81519ms,81519,117.442,0.203099
81552ms,81552,117.246,0.202176
81584ms,81584,117.052,0.199126
81616ms,81616,117.020,0.198316
81648ms,81648,116.902,0.201892
81712ms,81712,116.615,0.198331
81744ms,81744,116.727,0.198263
81776ms,81776,116.616,0.197264
81808ms,81808,116.584,0.202151
81887ms,81887,117.046,0.211166
81952ms,81952,116.967,0.202874
81984ms,81984,117.075,0.201501
82016ms,82016,117.158,0.200653
82048ms,82048,117.479,0.198527
82079ms,82079,117.562,0.197779
82112ms,82112,117.485,0.198434
82144ms,82144,117.819,0.198642
82176ms,82176,118.337,0.203061
82223ms,82223,118.444,0.202685
82255ms,82255,118.572,0.201956
82288ms,82288,119.014,0.203834
82320ms,82320,119.081,0.203261
82352ms,82352,119.301,0.202638
82384ms,82384,119.421,0.202543
82416ms,82416,119.730,0.214336
82448ms,82448,119.801,0.215082
82480ms,82480,119.813,0.206361
82512ms,82512,119.676,0.209821
82544ms,82544,119.825,0.204942
82591ms,82591,119.774,0.203326
82624ms,82624,119.704,0.205547
82656ms,82656,119.849,0.204090
82688ms,82688,119.843,0.208260
82720ms,82720,119.687,0.206410
82752ms,82752,119.771,0.207390
82816ms,82816,119.518,0.211387
82848ms,82848,118.981,0.201291
82880ms,82880,118.787,0.202327
82912ms,82912,118.409,0.201011
82944ms,82944,118.157,0.204748
82992ms,82992,117.597,0.200051
83055ms,83055,117.035,0.200177
83087ms,83087,116.918,0.198152
83119ms,83119,116.947,0.203071
83152ms,83152,116.762,0.199933
83184ms,83184,116.657,0.201026
83216ms,83216,116.538,0.198203
83312ms,83312,116.626,0.202029
83392ms,83392,116.844,0.207718
83424ms,83424,116.908,0.203112
83456ms,83456,117.027,0.205381
83488ms,83488,117.076,0.201099
83519ms,83519,117.344,0.199717
83584ms,83584,117.737,0.198630
83616ms,83616,117.694,0.201558
83648ms,83648,117.967,0.203078
83680ms,83680,118.334,0.205319
83727ms,83727,118.300,0.210742
83760ms,83760,118.964,0.201808
83792ms,83792,119.054,0.201612
83824ms,83824,119.250,0.205082
83855ms,83855,119.285,0.203053
83888ms,83888,119.590,0.208124
83920ms,83920,119.552,0.213921
83952ms,83952,119.673,0.213421
84016ms,84016,119.757,0.210676
84048ms,84048,119.675,0.213309
84080ms,84080,119.690,0.211196
84128ms,84128,119.842,0.203348
84159ms,84159,119.816,0.209136
84191ms,84191,119.787,0.209976
84224ms,84224,119.808,0.206760
84256ms,84256,119.732,0.204846
84287ms,84287,119.707,0.208454
84320ms,84320,119.257,0.203133
84352ms,84352,118.696,0.201782
84384ms,84384,118.642,0.200520
84416ms,84416,118.358,0.204034
84448ms,84448,118.044,0.199648
84496ms,84496,117.589,0.203202
84528ms,84528,117.316,0.198703
84560ms,84560,117.080,0.199461
84592ms,84592,116.929,0.200875
84784ms,84784,116.672,0.201817
84863ms,84863,116.796,0.207901
84896ms,84896,116.965,0.201351
84928ms,84928,116.972,0.201700
84960ms,84960,116.933,0.202046
84992ms,84992,117.292,0.200846
85024ms,85024,117.338,0.198812
85056ms,85056,117.691,0.200949
85088ms,85088,117.529,0.199126
85120ms,85120,117.958,0.199191
85152ms,85152,118.174,0.203086
85184ms,85184,118.476,0.206909
85264ms,85264,118.904,0.202549
85296ms,85296,119.142,0.203713
85328ms,85328,119.270,0.204012
85360ms,85360,119.558,0.203203
85392ms,85392,119.743,0.214709
85424ms,85424,119.508,0.209095
85456ms,85456,119.567,0.212416
85488ms,85488,119.681,0.210908
85520ms,85520,119.680,0.207189
85552ms,85552,119.757,0.209272
85584ms,85584,119.840,0.205411
85632ms,85632,119.800,0.207210
85664ms,85664,119.838,0.207080
85695ms,85695,119.817,0.212677
85759ms,85759,119.716,0.216833
85792ms,85792,119.569,0.208477
85824ms,85824,118.909,0.201537
85856ms,85856,118.744,0.201850
85888ms,85888,118.425,0.199328
85920ms,85920,118.325,0.203742
85984ms,85984,117.611,0.199610
86032ms,86032,117.215,0.203535
86064ms,86064,117.052,0.200691
86096ms,86096,117.012,0.199472
86192ms,86192,116.638,0.197552
86256ms,86256,116.475,0.201003
86352ms,86352,116.936,0.210319
86399ms,86399,116.852,0.202722
86432ms,86432,117.074,0.201859
86464ms,86464,117.177,0.200619
86496ms,86496,117.339,0.198873
86560ms,86560,117.744,0.199774
86592ms,86592,117.680,0.199057
86624ms,86624,118.275,0.205469
86656ms,86656,118.233,0.202162
86688ms,86688,118.304,0.208174
86720ms,86720,118.904,0.200968
86768ms,86768,119.050,0.202325
86800ms,86800,119.302,0.202591
86832ms,86832,119.329,0.203794
86864ms,86864,119.692,0.207875
86896ms,86896,119.790,0.207260
86928ms,86928,119.762,0.209854
86960ms,86960,119.761,0.211985
86992ms,86992,119.781,0.208993
87024ms,87024,119.775,0.209405
87056ms,87056,119.815,0.208932
87088ms,87088,119.823,0.207944
87120ms,87120,119.833,0.204469
87168ms,87168,119.805,0.205671
87232ms,87232,119.625,0.218093
87264ms,87264,119.550,0.209053
87296ms,87296,119.180,0.203929
87328ms,87328,118.840,0.200726
87360ms,87360,118.509,0.200791
87392ms,87392,118.253,0.200432
87424ms,87424,117.887,0.199564
87456ms,87456,117.508,0.200975
87488ms,87488,117.145,0.200183
87536ms,87536,117.159,0.198962
87568ms,87568,117.076,0.202356
87632ms,87632,116.623,0.203406
87696ms,87696,116.728,0.197069
87728ms,87728,116.474,0.198602
87760ms,87760,116.675,0.200934
87824ms,87824,116.982,0.208225
87903ms,87903,116.994,0.201679
87936ms,87936,116.960,0.204164
87968ms,87968,117.243,0.197800
88000ms,88000,117.662,0.198258
88032ms,88032,117.539,0.197628
88063ms,88063,117.563,0.199274
88096ms,88096,117.853,0.200170
88128ms,88128,118.134,0.201308
88160ms,88160,118.410,0.204512
88192ms,88192,118.513,0.202414
88224ms,88224,119.018,0.202908
88256ms,88256,119.200,0.205163
88304ms,88304,119.130,0.202599
88336ms,88336,119.347,0.204297
88368ms,88368,119.833,0.210147
88432ms,88432,119.839,0.203548
88496ms,88496,119.841,0.203777
88528ms,88528,119.893,0.203220
88560ms,88560,119.979,0.204739
88592ms,88592,119.936,0.204300
88624ms,88624,119.730,0.205170
88672ms,88672,119.847,0.202437
88704ms,88704,119.621,0.205296
88736ms,88736,119.626,0.208850
88768ms,88768,119.519,0.211954
88800ms,88800,119.034,0.201031
88832ms,88832,118.730,0.201384
88864ms,88864,118.510,0.200298
88896ms,88896,118.209,0.204664
88992ms,88992,117.080,0.203968
89040ms,89040,117.126,0.200497
89071ms,89071,117.034,0.207189
89168ms,89168,116.597,0.198690
89264ms,89264,116.853,0.205507
89296ms,89296,116.823,0.212395
89328ms,89328,116.917,0.216317
89392ms,89392,116.865,0.206939
89439ms,89439,117.233,0.199760
89471ms,89471,117.456,0.198784
89504ms,89504,117.508,0.198110
89536ms,89536,117.656,0.198507
89568ms,89568,117.630,0.199272
89600ms,89600,118.138,0.202867
89632ms,89632,118.303,0.200502
89664ms,89664,118.243,0.205833
89728ms,89728,118.821,0.202808
89760ms,89760,119.184,0.202922
89808ms,89808,119.299,0.204272
89840ms,89840,119.725,0.207723
89872ms,89872,119.651,0.212787
89904ms,89904,119.625,0.206540
89936ms,89936,119.869,0.204409
89968ms,89968,119.780,0.203943
90000ms,90000,119.829,0.206910
90032ms,90032,119.741,0.206055
90064ms,90064,119.861,0.204143
90096ms,90096,119.869,0.207741
90176ms,90176,119.664,0.208953
90208ms,90208,119.684,0.202897
90239ms,90239,119.697,0.209755
90272ms,90272,119.286,0.205458
90304ms,90304,118.953,0.200846
90336ms,90336,118.657,0.206392
90368ms,90368,118.379,0.200548
90400ms,90400,118.068,0.201311
90432ms,90432,117.676,0.200432
90464ms,90464,117.117,0.198545
90496ms,90496,116.950,0.198126
90528ms,90528,117.166,0.202350
90640ms,90640,116.501,0.197946
90672ms,90672,116.708,0.199668
90800ms,90800,116.837,0.207267
90864ms,90864,117.022,0.202658
90896ms,90896,116.981,0.204260
90944ms,90944,117.312,0.200234
90976ms,90976,117.472,0.199019
91008ms,91008,117.803,0.199510
91040ms,91040,117.643,0.199068
91071ms,91071,117.890,0.199057
91103ms,91103,118.075,0.201555
91136ms,91136,118.475,0.203217
91168ms,91168,118.596,0.205084
91200ms,91200,118.898,0.204578
91232ms,91232,119.135,0.201984
91264ms,91264,119.194,0.202540
91312ms,91312,119.433,0.202958
91344ms,91344,119.904,0.210781
91376ms,91376,119.766,0.206206
91408ms,91408,119.876,0.204369
91439ms,91439,119.810,0.208223
91472ms,91472,119.808,0.211197
91504ms,91504,119.883,0.207280
91536ms,91536,119.770,0.207846
91568ms,91568,119.726,0.214581
91632ms,91632,119.888,0.206926
91664ms,91664,119.868,0.208146
91712ms,91712,119.851,0.209388
91744ms,91744,119.615,0.204640
91776ms,91776,118.882,0.201292
91808ms,91808,118.712,0.201335
91840ms,91840,118.502,0.202051
91872ms,91872,118.158,0.202660
91904ms,91904,117.863,0.204605
91936ms,91936,117.410,0.199300
91968ms,91968,117.126,0.199203
92000ms,92000,117.124,0.198699
92111ms,92111,116.665,0.198691
92144ms,92144,116.756,0.197595
92240ms,92240,116.651,0.200443
92336ms,92336,116.906,0.201153
92368ms,92368,117.029,0.204655
92400ms,92400,117.154,0.202097
92448ms,92448,117.311,0.197970
92480ms,92480,117.703,0.198283
92512ms,92512,117.604,0.198544
92544ms,92544,117.796,0.200686
92576ms,92576,117.972,0.203904
92608ms,92608,118.346,0.201966
92640ms,92640,118.552,0.205642
92672ms,92672,119.068,0.201954
92704ms,92704,119.163,0.201094
92768ms,92768,119.493,0.202835
92800ms,92800,119.740,0.209699
92848ms,92848,119.881,0.205129
92879ms,92879,119.825,0.204108
92911ms,92911,119.819,0.206283
92944ms,92944,119.884,0.206489
92976ms,92976,119.776,0.207321
93008ms,93008,119.760,0.205477
93040ms,93040,119.839,0.203528
93071ms,93071,119.875,0.203425
93104ms,93104,119.764,0.202774
93136ms,93136,119.870,0.206894
93168ms,93168,119.885,0.207189
93216ms,93216,119.450,0.207379
93248ms,93248,119.198,0.204780
93279ms,93279,118.831,0.201547
93312ms,93312,118.721,0.201358
93344ms,93344,118.422,0.205030
93376ms,93376,117.909,0.200439
93408ms,93408,117.339,0.200727
93440ms,93440,117.088,0.199299
93472ms,93472,117.092,0.198289
93504ms,93504,116.858,0.207376
93536ms,93536,116.964,0.203568
93648ms,93648,116.766,0.198038
93680ms,93680,116.461,0.201457
93712ms,93712,116.590,0.198722
93776ms,93776,116.941,0.211975
93808ms,93808,116.972,0.206320
93840ms,93840,117.067,0.201115
93872ms,93872,117.145,0.199195
93904ms,93904,117.316,0.199305
93936ms,93936,117.394,0.198922
93983ms,93983,117.757,0.197617
94015ms,94015,117.853,0.199767
94048ms,94048,118.179,0.202363
94111ms,94111,118.235,0.206273
94144ms,94144,118.888,0.202511
94176ms,94176,119.056,0.200906
94208ms,94208,119.234,0.205021
94240ms,94240,119.379,0.203227
94272ms,94272,119.689,0.207152
94304ms,94304,119.860,0.210409
94352ms,94352,119.792,0.206421
94384ms,94384,119.728,0.203313
94416ms,94416,119.914,0.205067
94448ms,94448,119.849,0.205252
94480ms,94480,119.849,0.206310
94512ms,94512,119.837,0.206223
94544ms,94544,119.871,0.204620
94576ms,94576,119.841,0.203363
94608ms,94608,119.762,0.206948
94640ms,94640,119.831,0.208434
94672ms,94672,119.689,0.212066
94704ms,94704,119.293,0.203409
94751ms,94751,119.024,0.201379
94783ms,94783,118.635,0.203754
94816ms,94816,118.269,0.202737
94848ms,94848,117.935,0.201342
94880ms,94880,117.712,0.201197
94912ms,94912,117.311,0.198403
94944ms,94944,117.139,0.198766
94976ms,94976,117.041,0.198929
95040ms,95040,116.664,0.202177
95072ms,95072,116.766,0.199487
95119ms,95119,116.806,0.197534
95216ms,95216,116.867,0.201866
95312ms,95312,116.907,0.204155
95344ms,95344,117.101,0.202322
95376ms,95376,117.060,0.198090
95440ms,95440,117.655,0.198322
95488ms,95488,117.747,0.203553
95519ms,95519,117.845,0.200529
95584ms,95584,118.324,0.202763
95615ms,95615,118.457,0.201100
95648ms,95648,118.865,0.202747
95680ms,95680,119.151,0.202700
95712ms,95712,119.324,0.202673
95744ms,95744,119.408,0.203087
95776ms,95776,119.851,0.208981
95808ms,95808,119.702,0.203534
95840ms,95840,119.673,0.205175
95888ms,95888,119.629,0.204817
95920ms,95920,119.737,0.205276
95952ms,95952,119.540,0.212340
95984ms,95984,119.656,0.203599
96016ms,96016,119.593,0.210764
96048ms,96048,119.843,0.204204
96080ms,96080,119.735,0.206763
96112ms,96112,119.863,0.204936
96144ms,96144,119.787,0.210001
96176ms,96176,119.652,0.207772
96208ms,96208,119.167,0.201221
96255ms,96255,118.568,0.203577
96288ms,96288,118.477,0.200882
96320ms,96320,118.269,0.202040
96384ms,96384,117.432,0.202226
96544ms,96544,116.726,0.200015
96576ms,96576,116.580,0.202468
96623ms,96623,116.624,0.197654
96656ms,96656,116.535,0.197326
96752ms,96752,116.944,0.208920
96816ms,96816,117.028,0.198477
96848ms,96848,117.037,0.200159
96880ms,96880,117.407,0.200014
96912ms,96912,117.291,0.198097
96944ms,96944,117.800,0.199395
96976ms,96976,117.802,0.202766
97023ms,97023,118.125,0.199964
97055ms,97055,118.259,0.206392
97087ms,97087,118.490,0.204627
97120ms,97120,118.834,0.203709
97151ms,97151,119.028,0.201569
97184ms,97184,119.219,0.204609
97216ms,97216,119.250,0.203479
97248ms,97248,119.631,0.208616
97280ms,97280,119.683,0.218387
97312ms,97312,119.682,0.206180
97344ms,97344,119.690,0.211346
97391ms,97391,119.771,0.207436
97424ms,97424,119.869,0.204074
97456ms,97456,119.706,0.206415
97488ms,97488,119.823,0.207824
97520ms,97520,119.761,0.205451
97552ms,97552,119.888,0.207902
97584ms,97584,119.773,0.214110
97616ms,97616,119.895,0.206953
97648ms,97648,119.800,0.211498
97680ms,97680,119.374,0.204321
97712ms,97712,118.969,0.200942
97759ms,97759,118.744,0.207023
97791ms,97791,118.311,0.202055
97855ms,97855,117.731,0.199911
97888ms,97888,117.295,0.200174
97920ms,97920,117.126,0.199232
97952ms,97952,116.877,0.198693
98048ms,98048,116.724,0.197880
98080ms,98080,116.734,0.197187
98256ms,98256,117.091,0.208606
98288ms,98288,116.899,0.198314
98320ms,98320,117.110,0.201068
98352ms,98352,117.128,0.198559
98384ms,98384,117.475,0.197990
98416ms,98416,117.399,0.198986
98448ms,98448,117.603,0.199770
98480ms,98480,117.566,0.198050
98560ms,98560,118.380,0.202960
98592ms,98592,118.453,0.204725
98623ms,98623,118.839,0.204745
98656ms,98656,119.123,0.201841
98688ms,98688,119.229,0.203163
98720ms,98720,119.336,0.203000
98752ms,98752,119.692,0.214094
98784ms,98784,119.850,0.206464
98816ms,98816,119.825,0.205525
98848ms,98848,119.845,0.204227
98896ms,98896,119.810,0.204527
98927ms,98927,119.764,0.204040
98959ms,98959,119.781,0.203947
98991ms,98991,119.888,0.203592
99024ms,99024,119.853,0.204832
99055ms,99055,120.021,0.203750
99088ms,99088,119.967,0.203244
99120ms,99120,119.950,0.204628
99152ms,99152,119.579,0.210416
99184ms,99184,119.226,0.202611
99216ms,99216,118.865,0.200552
99248ms,99248,118.674,0.202029
99296ms,99296,118.267,0.204862
99328ms,99328,117.960,0.200015
99359ms,99359,117.416,0.203180
99392ms,99392,117.217,0.199204
99424ms,99424,117.127,0.199677
99552ms,99552,116.630,0.201134
99616ms,99616,116.404,0.196770
99728ms,99728,117.020,0.206728
99792ms,99792,117.106,0.205337
99824ms,99824,117.123,0.202312
99856ms,99856,117.276,0.198963
99888ms,99888,117.525,0.197873
99920ms,99920,117.572,0.197802
99952ms,99952,117.575,0.198340
99984ms,99984,117.983,0.200193
100031ms,100031,118.263,0.201464
100063ms,100063,118.513,0.204327
100095ms,100095,118.617,0.200747
100127ms,100127,118.980,0.201918
100159ms,100159,119.161,0.203537
100191ms,100191,119.159,0.203463
100224ms,100224,119.389,0.203316
100256ms,100256,119.726,0.211149
100288ms,100288,119.641,0.208358
100320ms,100320,119.863,0.210723
100384ms,100384,119.774,0.205703
100431ms,100431,119.818,0.203456
100463ms,100463,119.821,0.206691
100496ms,100496,119.849,0.205896
100528ms,100528,119.937,0.207895
100560ms,100560,119.706,0.208048
100592ms,100592,119.606,0.206096
100624ms,100624,119.609,0.211393
100656ms,100656,119.537,0.208857
100688ms,100688,119.012,0.201156
100720ms,100720,118.567,0.201900
100752ms,100752,118.372,0.200489
100799ms,100799,118.085,0.199856
100831ms,100831,117.665,0.202393
100863ms,100863,117.539,0.199642
100896ms,100896,117.063,0.198346
100928ms,100928,117.013,0.199530
100960ms,100960,116.874,0.200481
101056ms,101056,116.630,0.197790
101231ms,101231,116.997,0.210745
101264ms,101264,117.042,0.199689
101296ms,101296,117.002,0.208356
101328ms,101328,117.110,0.199484
101360ms,101360,117.456,0.198269
101392ms,101392,117.587,0.197942
101424ms,101424,117.689,0.200061
101536ms,101536,118.375,0.209647
101568ms,101568,118.465,0.207828
101600ms,101600,118.866,0.204569
101632ms,101632,118.947,0.202111
101663ms,101663,119.380,0.204079
101696ms,101696,119.296,0.204059
101728ms,101728,119.727,0.213786
101760ms,101760,119.759,0.212202
101792ms,101792,119.786,0.204840
101824ms,101824,119.830,0.207033
101856ms,101856,119.798,0.215702
101888ms,101888,119.800,0.208898
101935ms,101935,119.839,0.208367
101968ms,101968,119.887,0.204576
101999ms,101999,119.803,0.207097
102032ms,102032,119.801,0.207409
102063ms,102063,119.744,0.203997
102096ms,102096,119.803,0.210691
102128ms,102128,119.548,0.211151
102160ms,102160,119.060,0.202195
102192ms,102192,118.922,0.200278
102224ms,102224,118.661,0.200914
102256ms,102256,118.237,0.199371
102304ms,102304,117.858,0.199582
102336ms,102336,117.465,0.202877
102368ms,102368,117.055,0.198477
102400ms,102400,117.023,0.199261
102432ms,102432,116.878,0.205378
102528ms,102528,116.614,0.198563
102560ms,102560,116.542,0.197912
102592ms,102592,116.433,0.199880
102703ms,102703,116.988,0.206117
102768ms,102768,117.044,0.199454
102799ms,102799,116.976,0.201005
102831ms,102831,117.172,0.199843
102864ms,102864,117.377,0.198353
102896ms,102896,117.759,0.201253
102928ms,102928,117.688,0.199597
102960ms,102960,118.065,0.204997
102992ms,102992,118.310,0.202170
103039ms,103039,118.385,0.203296
103071ms,103071,118.869,0.204068
103103ms,103103,118.998,0.201926
103135ms,103135,119.201,0.205333
103167ms,103167,119.143,0.206748
103199ms,103199,119.647,0.208358
103231ms,103231,119.676,0.211283
103264ms,103264,119.620,0.204363
103296ms,103296,119.778,0.203393
103359ms,103359,119.873,0.204369
103392ms,103392,119.865,0.204848
103440ms,103440,119.825,0.203780
103471ms,103471,119.833,0.207231
103504ms,103504,119.926,0.203975
103536ms,103536,119.674,0.205574
103600ms,103600,119.641,0.214732
103632ms,103632,119.548,0.206148
103664ms,103664,118.997,0.201107
103696ms,103696,118.601,0.204475
103728ms,103728,118.287,0.200179
103760ms,103760,118.159,0.199485
103808ms,103808,117.682,0.200359
103839ms,103839,117.524,0.199977
103904ms,103904,117.171,0.198749
103936ms,103936,116.856,0.201583
104000ms,104000,116.708,0.199425
104032ms,104032,116.688,0.197504
104096ms,104096,116.342,0.198621
104239ms,104239,117.111,0.201539
104271ms,104271,116.943,0.201625
104304ms,104304,117.357,0.200699
104336ms,104336,117.442,0.199327
104368ms,104368,117.515,0.198147
104400ms,104400,117.752,0.200259
104432ms,104432,117.848,0.200705
104464ms,104464,118.070,0.202087
104496ms,104496,118.206,0.202132
104528ms,104528,118.223,0.201411
104576ms,104576,118.863,0.203912
104608ms,104608,119.019,0.203340
104639ms,104639,119.216,0.203680
104672ms,104672,119.451,0.203117
104704ms,104704,119.762,0.214556
104736ms,104736,119.658,0.204526
104768ms,104768,119.827,0.203843
104831ms,104831,119.781,0.209224
104864ms,104864,119.922,0.205507
104896ms,104896,119.857,0.203857
104943ms,104943,119.855,0.203038
104975ms,104975,119.694,0.202512
105008ms,105008,119.813,0.202713
105039ms,105039,119.902,0.202970
105072ms,105072,119.891,0.203881
105104ms,105104,119.696,0.215204
105136ms,105136,119.139,0.202517
105168ms,105168,119.031,0.201551
105200ms,105200,118.632,0.202500
105232ms,105232,118.277,0.202094
105264ms,105264,118.019,0.199863
105296ms,105296,117.392,0.199827
105344ms,105344,117.230,0.204267
105376ms,105376,117.230,0.200147
105408ms,105408,116.924,0.201382
105439ms,105439,116.805,0.198904
105504ms,105504,116.553,0.198029
105664ms,105664,116.865,0.208280
105744ms,105744,116.858,0.201677
105808ms,105808,117.303,0.200435
105839ms,105839,117.532,0.198139
105872ms,105872,117.810,0.198822
105904ms,105904,117.676,0.201041
105936ms,105936,118.087,0.199205
105968ms,105968,118.191,0.199367
106000ms,106000,118.471,0.206049
106032ms,106032,118.712,0.203598
106064ms,106064,118.956,0.201817
106112ms,106112,119.206,0.202404
106144ms,106144,119.232,0.201683
106176ms,106176,119.538,0.208447
106208ms,106208,119.790,0.213786
106240ms,106240,119.880,0.213812
106272ms,106272,119.761,0.208216
106304ms,106304,119.824,0.204920
106336ms,106336,119.738,0.203624
106368ms,106368,119.874,0.213339
106400ms,106400,119.905,0.204527
106448ms,106448,119.796,0.203887
106480ms,106480,119.863,0.207599
106511ms,106511,119.751,0.207883
106544ms,106544,119.780,0.204188
106576ms,106576,119.876,0.205548
106608ms,106608,119.486,0.205603
106639ms,106639,118.993,0.200854
106672ms,106672,118.623,0.202925
106704ms,106704,118.407,0.202933
106736ms,106736,118.103,0.202515
106768ms,106768,117.882,0.199083
106800ms,106800,117.519,0.199400
106848ms,106848,117.211,0.198507
106879ms,106879,117.045,0.201209
106944ms,106944,116.631,0.199763
106976ms,106976,116.749,0.200417
107040ms,107040,116.244,0.199115
107104ms,107104,116.861,0.199265
107247ms,107247,116.934,0.202840
107279ms,107279,117.200,0.198078
107311ms,107311,117.381,0.198388
107344ms,107344,117.542,0.198799
107376ms,107376,117.748,0.199457
107440ms,107440,118.144,0.204365
107472ms,107472,118.236,0.201373
107504ms,107504,118.373,0.203594
107536ms,107536,118.984,0.204412
107568ms,107568,119.123,0.201806
107615ms,107615,119.423,0.204308
107647ms,107647,119.489,0.203407
107680ms,107680,119.876,0.211414
107712ms,107712,119.873,0.210634
107744ms,107744,119.835,0.204096
107776ms,107776,119.793,0.203794
107808ms,107808,119.943,0.204257
107840ms,107840,119.796,0.207192
107872ms,107872,119.782,0.203649
107904ms,107904,119.852,0.206030
107936ms,107936,119.839,0.205931
107984ms,107984,119.843,0.204640
108015ms,108015,119.800,0.207379
108047ms,108047,119.959,0.209055
108079ms,108079,119.706,0.209187
108143ms,108143,118.815,0.201812
108176ms,108176,118.403,0.200903
108208ms,108208,118.234,0.201049
108240ms,108240,117.925,0.198457
108304ms,108304,117.085,0.200935
108351ms,108351,116.958,0.198718
108384ms,108384,116.737,0.203768
108480ms,108480,116.480,0.202047
108672ms,108672,116.894,0.201854
108704ms,108704,116.868,0.208076
108751ms,108751,117.196,0.203669
108783ms,108783,117.485,0.199958
108816ms,108816,117.493,0.197384
108848ms,108848,117.847,0.198489
108880ms,108880,117.791,0.205612
108912ms,108912,118.110,0.199209
108944ms,108944,118.334,0.203226
109007ms,109007,118.900,0.203047
109040ms,109040,119.004,0.202022
109072ms,109072,119.132,0.202125
109119ms,109119,119.286,0.203073
109151ms,109151,119.669,0.208525
109216ms,109216,119.745,0.209286
109248ms,109248,119.730,0.205059
109280ms,109280,119.855,0.205908
109312ms,109312,119.762,0.204756
109376ms,109376,119.865,0.204709
109408ms,109408,119.838,0.203555
109440ms,109440,119.760,0.205439
109488ms,109488,119.566,0.202701
109519ms,109519,119.667,0.202331
109551ms,109551,119.781,0.207090
109583ms,109583,119.304,0.208820
109616ms,109616,118.993,0.201290
109648ms,109648,118.501,0.200732
109680ms,109680,118.421,0.200570
109712ms,109712,118.059,0.200388
109744ms,109744,117.742,0.201005
109776ms,109776,117.301,0.201362
109808ms,109808,117.158,0.199730
109840ms,109840,117.042,0.197477
109951ms,109951,116.686,0.198040
109984ms,109984,116.708,0.197814
110112ms,110112,116.825,0.201159
110176ms,110176,117.046,0.201903
110208ms,110208,116.977,0.201107
110240ms,110240,117.316,0.198085
110288ms,110288,117.374,0.198792
110351ms,110351,117.728,0.200801
110384ms,110384,117.789,0.204243
110416ms,110416,118.172,0.202191
110448ms,110448,118.499,0.204082
110480ms,110480,118.603,0.201808
110512ms,110512,118.927,0.204027
110544ms,110544,119.204,0.203599
110576ms,110576,119.292,0.203306
110623ms,110623,119.384,0.203195
110656ms,110656,119.709,0.208072
110688ms,110688,119.894,0.208368
110719ms,110719,119.798,0.203322
110752ms,110752,119.869,0.203519
110784ms,110784,119.811,0.203224
110816ms,110816,119.871,0.204916
110848ms,110848,119.726,0.204614
110880ms,110880,119.762,0.203286
110912ms,110912,119.889,0.204907
110944ms,110944,119.848,0.203712
110976ms,110976,119.942,0.203902
111024ms,111024,119.840,0.206736
111055ms,111055,119.467,0.212997
111088ms,111088,119.240,0.201462
111120ms,111120,118.746,0.201783
111152ms,111152,118.532,0.200360
111184ms,111184,118.170,0.202684
111216ms,111216,117.716,0.199452
111248ms,111248,117.536,0.199060
111280ms,111280,117.140,0.200337
111312ms,111312,117.066,0.200302
111344ms,111344,116.976,0.203942
111456ms,111456,116.428,0.198836
111519ms,111519,116.402,0.197115
111616ms,111616,116.882,0.213462
111680ms,111680,116.932,0.204231
111712ms,111712,117.194,0.203908
111744ms,111744,117.591,0.199926
111823ms,111823,117.738,0.198731
111855ms,111855,117.898,0.203437
111887ms,111887,118.219,0.207750
111920ms,111920,118.361,0.202496
111951ms,111951,118.277,0.205369
111984ms,111984,118.867,0.203212
112016ms,112016,118.942,0.201184
112079ms,112079,119.383,0.202875
112112ms,112112,119.651,0.211539
112159ms,112159,119.666,0.213719
112191ms,112191,119.861,0.203754
112223ms,112223,119.870,0.202941
112256ms,112256,119.921,0.203073
112287ms,112287,119.890,0.206213
112320ms,112320,119.798,0.203326
112384ms,112384,119.910,0.204085
112416ms,112416,119.878,0.204035
112448ms,112448,119.768,0.206561
112480ms,112480,119.761,0.205455
112512ms,112512,119.750,0.214348
112560ms,112560,119.487,0.204254
112592ms,112592,119.033,0.201089
112623ms,112623,118.475,0.201674
112656ms,112656,118.245,0.200036
112688ms,112688,117.833,0.199829
112720ms,112720,117.635,0.202098
112752ms,112752,117.220,0.198889
112784ms,112784,117.033,0.199784
112816ms,112816,117.059,0.196939
112895ms,112895,116.690,0.197407
112927ms,112927,116.654,0.199706
112991ms,112991,116.485,0.207942
113055ms,113055,116.722,0.203176
113088ms,113088,116.743,0.206056
113152ms,113152,117.102,0.199604
113184ms,113184,117.092,0.203542
113216ms,113216,117.284,0.199340
113248ms,113248,117.486,0.198014
113296ms,113296,117.696,0.200476
113328ms,113328,117.707,0.202822
113359ms,113359,117.871,0.202463
113392ms,113392,118.337,0.201568
113424ms,113424,118.363,0.202022
113456ms,113456,118.644,0.201163
113488ms,113488,118.960,0.204102
113520ms,113520,119.159,0.203912
113552ms,113552,119.395,0.203768
113584ms,113584,119.321,0.204514
113616ms,113616,119.608,0.213044
113664ms,113664,119.811,0.207234
113696ms,113696,119.759,0.204284
113727ms,113727,119.775,0.206311
113759ms,113759,119.854,0.203717
113792ms,113792,119.900,0.203189
113824ms,113824,119.879,0.203037
113856ms,113856,119.766,0.203716
113888ms,113888,119.879,0.203242
113920ms,113920,119.834,0.212258
113952ms,113952,119.761,0.204952
113984ms,113984,119.746,0.214425
114016ms,114016,119.564,0.204423
114064ms,114064,119.140,0.202359
114096ms,114096,118.782,0.202329
114128ms,114128,118.579,0.201634
114192ms,114192,117.820,0.203577
114256ms,114256,117.264,0.201129
114288ms,114288,117.060,0.199256
114320ms,114320,117.013,0.207936
114464ms,114464,116.681,0.200675
114527ms,114527,116.802,0.205060
114592ms,114592,116.892,0.210587
114656ms,114656,117.015,0.205752
114688ms,114688,117.369,0.203459
114720ms,114720,117.451,0.198168
114752ms,114752,117.447,0.198180
114784ms,114784,117.605,0.198675
114831ms,114831,117.998,0.202236
114864ms,114864,118.329,0.204233
114896ms,114896,118.289,0.204431
114928ms,114928,118.435,0.203263
114960ms,114960,118.736,0.204347
114991ms,114991,119.052,0.200758
115024ms,115024,119.158,0.204474
115056ms,115056,119.306,0.207771
115088ms,115088,119.615,0.210548
115119ms,115119,119.805,0.207257
115152ms,115152,119.925,0.204403
115199ms,115199,119.872,0.204658
115232ms,115232,119.855,0.204071
115296ms,115296,119.788,0.204116
115328ms,115328,119.711,0.206556
115360ms,115360,119.800,0.203172
115392ms,115392,119.749,0.205009
115424ms,115424,119.739,0.205469
115456ms,115456,119.794,0.210168
115488ms,115488,119.729,0.212610
115520ms,115520,119.368,0.205269
115567ms,115567,118.848,0.200240
115600ms,115600,118.666,0.200106
115631ms,115631,118.346,0.201643
115664ms,115664,117.860,0.200274
115695ms,115695,117.841,0.202609
115728ms,115728,117.262,0.198498
115759ms,115759,117.029,0.200645
115792ms,115792,117.054,0.199623
115888ms,115888,116.581,0.198116
115920ms,115920,116.477,0.197552
115999ms,115999,116.541,0.200013
116128ms,116128,117.106,0.199452
116160ms,116160,117.120,0.205330
116192ms,116192,117.181,0.199089
116256ms,116256,117.553,0.198537
116288ms,116288,117.698,0.199228
116335ms,116335,117.827,0.199049
116368ms,116368,118.111,0.201079
116399ms,116399,118.317,0.202521
116432ms,116432,118.379,0.204527
116496ms,116496,119.111,0.201817
116528ms,116528,119.215,0.204114
116559ms,116559,119.340,0.204207
116592ms,116592,119.782,0.211854
116624ms,116624,119.774,0.205569
116656ms,116656,119.857,0.209945
116688ms,116688,119.810,0.206210
116736ms,116736,119.917,0.202933
116768ms,116768,119.823,0.202431
116799ms,116799,119.809,0.203087
116831ms,116831,119.890,0.206783
116895ms,116895,119.738,0.206715
116928ms,116928,119.719,0.205044
116960ms,116960,119.971,0.208035
116992ms,116992,119.544,0.208544
117024ms,117024,119.202,0.201478
117071ms,117071,118.800,0.201283
117103ms,117103,118.447,0.199880
117168ms,117168,117.654,0.199596
117232ms,117232,117.351,0.199367
117328ms,117328,116.641,0.198022
117360ms,117360,116.705,0.200123
117392ms,117392,116.652,0.197387
117504ms,117504,116.842,0.201283
117568ms,117568,116.958,0.208589
117600ms,117600,117.041,0.209067
117632ms,117632,116.989,0.203393
117664ms,117664,117.159,0.202408
117696ms,117696,117.407,0.200179
117728ms,117728,117.451,0.197945
117760ms,117760,117.804,0.200724
117792ms,117792,117.625,0.200708
117839ms,117839,118.043,0.206666
117903ms,117903,118.369,0.202764
117936ms,117936,118.805,0.200588
117968ms,117968,119.034,0.201209
118000ms,118000,119.119,0.203743
118031ms,118031,119.209,0.203677
118064ms,118064,119.702,0.205013
118096ms,118096,119.769,0.206408
118128ms,118128,119.746,0.204971
118160ms,118160,119.706,0.203304
118207ms,118207,119.772,0.204441
118239ms,118239,119.857,0.205139
118272ms,118272,119.792,0.205851
118304ms,118304,119.885,0.204419
118336ms,118336,119.868,0.204283
118368ms,118368,119.757,0.202700
118400ms,118400,119.947,0.208615
118432ms,118432,119.806,0.209357
118464ms,118464,119.858,0.209027
118496ms,118496,119.428,0.206778
118528ms,118528,118.896,0.201065
118608ms,118608,118.321,0.201710
118640ms,118640,117.738,0.200091
118671ms,118671,117.691,0.201388
118704ms,118704,117.405,0.200187
118736ms,118736,117.053,0.200697
118768ms,118768,116.923,0.197777
118864ms,118864,116.646,0.197646
118896ms,118896,116.640,0.198330
118928ms,118928,116.454,0.204303
118976ms,118976,116.502,0.202427
119008ms,119008,116.811,0.202765
119039ms,119039,116.823,0.201576
119103ms,119103,116.948,0.200572
119136ms,119136,116.971,0.202807
119168ms,119168,117.365,0.199243
119200ms,119200,117.583,0.198742
119232ms,119232,117.663,0.198606
119264ms,119264,117.678,0.200686
119296ms,119296,117.775,0.199337
119344ms,119344,118.269,0.200503
119375ms,119375,118.406,0.202805
119407ms,119407,118.660,0.202340
119439ms,119439,118.915,0.203132
119471ms,119471,119.162,0.203107
119504ms,119504,119.278,0.203293
119536ms,119536,119.476,0.203315
119568ms,119568,119.865,0.208730
119600ms,119600,119.770,0.207392
119632ms,119632,119.811,0.208245
119696ms,119696,119.855,0.204029
119744ms,119744,119.867,0.203705
119776ms,119776,119.769,0.206157
119807ms,119807,119.614,0.203988
119840ms,119840,119.789,0.206247
119872ms,119872,119.841,0.205861
119904ms,119904,119.789,0.207581
119936ms,119936,119.798,0.210589
119968ms,119968,119.566,0.208027
120000ms,120000,119.100,0.202081
120032ms,120032,118.616,0.200391
120064ms,120064,118.545,0.199833
120111ms,120111,118.201,0.203898
120175ms,120175,117.452,0.199186
120207ms,120207,117.198,0.198147
120239ms,120239,116.975,0.200174
120272ms,120272,117.144,0.198739
120368ms,120368,116.645,0.197704
120400ms,120400,116.741,0.197797
120544ms,120544,116.865,0.218054
120576ms,120576,116.869,0.201948
120608ms,120608,117.018,0.202710
120640ms,120640,117.158,0.204238
120672ms,120672,117.328,0.200253
120736ms,120736,117.630,0.198937
120768ms,120768,117.750,0.199293
120831ms,120831,118.356,0.205638
120880ms,120880,118.412,0.206656
120912ms,120912,118.799,0.206592
120944ms,120944,119.034,0.201177
120976ms,120976,119.192,0.203756
121008ms,121008,119.388,0.203752
121039ms,121039,119.649,0.207600
121071ms,121071,119.729,0.208361
121104ms,121104,119.755,0.209650
121136ms,121136,119.782,0.211438
121168ms,121168,119.780,0.204043
121200ms,121200,119.773,0.203250
121248ms,121248,119.850,0.204626
121279ms,121279,119.826,0.204846
121312ms,121312,119.860,0.208588
121344ms,121344,119.701,0.204359
121376ms,121376,119.704,0.205034
121408ms,121408,119.719,0.209438
121440ms,121440,119.756,0.210699
121472ms,121472,119.455,0.203694
121504ms,121504,119.125,0.202047
121536ms,121536,118.713,0.205251
121600ms,121600,118.141,0.200443
121647ms,121647,117.800,0.199524
121679ms,121679,117.642,0.199387
121712ms,121712,117.182,0.201742
121744ms,121744,117.119,0.199417
121840ms,121840,116.650,0.198388
121872ms,121872,116.670,0.197124
121935ms,121935,116.428,0.204531
121968ms,121968,116.850,0.199658
122079ms,122079,116.824,0.202546
122111ms,122111,117.078,0.203882
122144ms,122144,117.065,0.199250
122176ms,122176,117.427,0.199182
122208ms,122208,117.632,0.197856
122240ms,122240,117.579,0.199574
122304ms,122304,118.220,0.199671
122336ms,122336,118.474,0.204714
122383ms,122383,118.649,0.205121
122415ms,122415,118.835,0.204981
122448ms,122448,119.210,0.201406
122479ms,122479,119.383,0.202359
122512ms,122512,119.280,0.202841
122544ms,122544,119.657,0.214531
122576ms,122576,119.690,0.205060
122608ms,122608,119.789,0.203937
122640ms,122640,119.875,0.204179
122671ms,122671,119.798,0.204006
122704ms,122704,119.784,0.202554
122736ms,122736,119.704,0.202883
122784ms,122784,119.779,0.203173
122816ms,122816,119.788,0.203847
122847ms,122847,119.846,0.203567
122880ms,122880,119.852,0.203770
122912ms,122912,119.865,0.205258
122944ms,122944,119.660,0.213386
122976ms,122976,119.179,0.201910
123039ms,123039,118.536,0.200698
123072ms,123072,118.215,0.198753
123104ms,123104,117.868,0.200435
123136ms,123136,117.518,0.201335
123183ms,123183,117.268,0.199277
123216ms,123216,117.369,0.201910
123280ms,123280,116.735,0.202120
123312ms,123312,116.716,0.197391
123344ms,123344,116.722,0.201237
123376ms,123376,116.991,0.198308
123440ms,123440,116.605,0.206233
123519ms,123519,116.789,0.208977
123583ms,123583,116.977,0.199573
123616ms,123616,116.996,0.201179
123648ms,123648,117.321,0.198539
123680ms,123680,117.496,0.198440
123712ms,123712,117.755,0.200404
123744ms,123744,117.849,0.200475
123776ms,123776,117.901,0.200217
123808ms,123808,118.238,0.204815
123840ms,123840,118.456,0.205230
123872ms,123872,118.644,0.206153
123919ms,123919,118.923,0.203905
123951ms,123951,119.157,0.204252
123983ms,123983,119.253,0.203788
124016ms,124016,119.806,0.206679
124048ms,124048,119.936,0.207266
124080ms,124080,119.753,0.206611
124112ms,124112,119.810,0.204463
124176ms,124176,119.700,0.202732
124208ms,124208,119.775,0.206116
124240ms,124240,119.749,0.204859
124288ms,124288,119.705,0.204532
124319ms,124319,119.790,0.203808
124352ms,124352,119.740,0.207069
124416ms,124416,119.656,0.213022
124448ms,124448,119.392,0.208908
124480ms,124480,119.109,0.200753
124512ms,124512,118.748,0.201565
124544ms,124544,118.485,0.203885
124576ms,124576,118.102,0.201134
124608ms,124608,117.729,0.199886
124688ms,124688,117.244,0.199075
124816ms,124816,116.735,0.198238
124848ms,124848,116.638,0.197723
124976ms,124976,116.737,0.202466
125056ms,125056,117.124,0.199497
125087ms,125087,117.131,0.203802
125119ms,125119,117.215,0.199892
125152ms,125152,117.565,0.200793
125184ms,125184,117.564,0.198388
125216ms,125216,117.782,0.199176
125248ms,125248,117.827,0.199997
125280ms,125280,118.015,0.201661
125312ms,125312,118.452,0.203563
125344ms,125344,118.597,0.204761
125376ms,125376,118.869,0.201377
125423ms,125423,119.018,0.201004
125455ms,125455,119.427,0.203028
125488ms,125488,119.242,0.203360
125519ms,125519,119.734,0.212301
125552ms,125552,119.745,0.208741
125583ms,125583,119.750,0.206477
125616ms,125616,119.837,0.206350
125648ms,125648,119.943,0.203867
125680ms,125680,119.829,0.203634
125712ms,125712,119.752,0.204516
125744ms,125744,119.781,0.204104
125791ms,125791,119.947,0.204108
125823ms,125823,119.842,0.203893
125855ms,125855,119.635,0.206667
125888ms,125888,119.710,0.211168
125920ms,125920,119.514,0.206290
125952ms,125952,119.210,0.201685
126016ms,126016,118.616,0.200551
126048ms,126048,118.247,0.200787
126111ms,126111,117.375,0.200627
126144ms,126144,117.152,0.200766
126191ms,126191,117.151,0.199974
126255ms,126255,116.875,0.198604
126384ms,126384,116.555,0.198797
126416ms,126416,116.873,0.199502
126480ms,126480,116.782,0.212277
126512ms,126512,117.031,0.203172
126560ms,126560,116.933,0.204335
126592ms,126592,117.248,0.200581
126624ms,126624,117.404,0.200325
126656ms,126656,117.335,0.198479
126688ms,126688,117.711,0.198755
126720ms,126720,117.773,0.198846
126752ms,126752,118.041,0.201386
126784ms,126784,118.415,0.205397
126816ms,126816,118.387,0.206936
126848ms,126848,118.857,0.201255
126880ms,126880,118.947,0.202223
126928ms,126928,119.136,0.204370
126959ms,126959,119.169,0.204697
126991ms,126991,119.648,0.206088
127024ms,127024,119.778,0.210473
127055ms,127055,119.814,0.203128
127088ms,127088,119.911,0.203380
127120ms,127120,119.818,0.203192
127152ms,127152,119.896,0.204933
127184ms,127184,119.856,0.203978
127248ms,127248,119.820,0.204179
127280ms,127280,119.804,0.203998
127327ms,127327,119.798,0.202834
127359ms,127359,119.745,0.206007
127391ms,127391,119.939,0.210374
127423ms,127423,119.514,0.207568
127456ms,127456,119.081,0.201435
127488ms,127488,118.714,0.201736
127520ms,127520,118.512,0.200437
127584ms,127584,117.726,0.201010
127616ms,127616,117.518,0.199440
127648ms,127648,117.136,0.198701
127792ms,127792,116.589,0.200727
127824ms,127824,116.724,0.198632
127888ms,127888,116.539,0.203540
127920ms,127920,116.983,0.199904
128016ms,128016,116.955,0.199406
128048ms,128048,117.176,0.203266
128095ms,128095,117.149,0.199281
128127ms,128127,117.373,0.199217
128159ms,128159,117.574,0.197757
128191ms,128191,117.706,0.202126
128223ms,128223,117.765,0.199685
128255ms,128255,118.088,0.202198
128287ms,128287,118.258,0.202537
128319ms,128319,118.412,0.204756
128352ms,128352,118.982,0.203376
128384ms,128384,118.934,0.200879
128416ms,128416,119.239,0.202405
128464ms,128464,119.429,0.202327
128495ms,128495,119.786,0.211877
128528ms,128528,119.709,0.203945
128560ms,128560,119.723,0.204489
128624ms,128624,119.785,0.205085
128656ms,128656,119.770,0.204374
128688ms,128688,119.868,0.204013
128720ms,128720,119.783,0.207319
128752ms,128752,119.921,0.203565
128784ms,128784,119.725,0.208426
128816ms,128816,119.760,0.205639
128864ms,128864,119.727,0.202858
128896ms,128896,119.696,0.208230
128927ms,128927,119.228,0.202693
128960ms,128960,118.999,0.200880
128992ms,128992,118.536,0.201174
129024ms,129024,118.391,0.205110
129056ms,129056,117.739,0.200489
129088ms,129088,117.598,0.201257
129120ms,129120,117.216,0.199707
129152ms,129152,117.185,0.200024
129360ms,129360,116.415,0.198527
129392ms,129392,116.650,0.202071
129456ms,129456,116.705,0.207484
129520ms,129520,116.905,0.202155
129552ms,129552,117.130,0.205260
129599ms,129599,117.295,0.198439
129631ms,129631,117.526,0.198702
129663ms,129663,117.712,0.198916
129727ms,129727,118.177,0.203451
129760ms,129760,118.150,0.202583
129792ms,129792,118.643,0.209474
129824ms,129824,118.667,0.204495
129856ms,129856,118.957,0.201783
129888ms,129888,119.103,0.204253
129920ms,129920,119.210,0.205477
129952ms,129952,119.475,0.212031
130000ms,130000,119.617,0.212383
130032ms,130032,119.609,0.206192
130063ms,130063,119.800,0.205379
130095ms,130095,119.863,0.203141
130128ms,130128,119.775,0.203196
130160ms,130160,119.876,0.203130
130192ms,130192,119.795,0.204870
130224ms,130224,119.772,0.209595
130256ms,130256,119.812,0.206643
130288ms,130288,119.789,0.206280
130336ms,130336,119.794,0.206507
130367ms,130367,119.656,0.210696
130399ms,130399,119.392,0.211612
130431ms,130431,118.973,0.201256
130464ms,130464,118.669,0.201597
130496ms,130496,118.602,0.199901
130528ms,130528,118.340,0.202042
130560ms,130560,117.762,0.200034
130592ms,130592,117.388,0.199749
130656ms,130656,116.936,0.198972
130688ms,130688,116.881,0.200091
130735ms,130735,116.746,0.197503
130767ms,130767,116.554,0.198002
130928ms,130928,116.535,0.206817
130959ms,130959,116.924,0.209156
130992ms,130992,116.996,0.201024
131024ms,131024,117.092,0.203927
131056ms,131056,117.030,0.197308
131103ms,131103,117.388,0.198123
131135ms,131135,117.266,0.198050
131167ms,131167,117.599,0.199322
131199ms,131199,117.877,0.205047
131232ms,131232,118.127,0.206212
131264ms,131264,118.246,0.204021
131295ms,131295,118.405,0.205742
131328ms,131328,118.985,0.199497
131360ms,131360,119.193,0.201060
131392ms,131392,119.167,0.204105
131424ms,131424,119.158,0.205080
131456ms,131456,119.711,0.206783
131503ms,131503,119.708,0.207892
131535ms,131535,119.706,0.205235
131567ms,131567,119.851,0.203350
131599ms,131599,119.754,0.203824
131632ms,131632,119.788,0.204245
131664ms,131664,119.746,0.203347
131696ms,131696,119.824,0.202652
131728ms,131728,119.701,0.204669
131760ms,131760,119.665,0.202795
131792ms,131792,119.792,0.203047
131824ms,131824,119.610,0.206467
131872ms,131872,119.525,0.212832
131904ms,131904,119.491,0.212033
131968ms,131968,118.608,0.201737
132000ms,132000,118.130,0.199478
132032ms,132032,117.970,0.200104
132064ms,132064,117.757,0.199567
132128ms,132128,117.131,0.198482
132160ms,132160,117.080,0.199095
132224ms,132224,116.431,0.203160
132271ms,132271,116.815,0.197463
132432ms,132432,116.957,0.203429
132496ms,132496,117.014,0.204328
132560ms,132560,117.274,0.198233
132608ms,132608,117.383,0.198410
132639ms,132639,117.694,0.198621
132671ms,132671,117.619,0.199171
132704ms,132704,117.722,0.199294
132736ms,132736,118.116,0.205096
132768ms,132768,118.279,0.202855
132800ms,132800,118.607,0.201914
132832ms,132832,118.925,0.204704
132864ms,132864,119.024,0.202204
132896ms,132896,119.154,0.204587
132928ms,132928,119.513,0.205052
132960ms,132960,119.828,0.211089
133008ms,133008,119.717,0.204390
133040ms,133040,119.778,0.203265
133072ms,133072,119.766,0.203986
133104ms,133104,119.881,0.204541
133136ms,133136,119.911,0.203839
133168ms,133168,119.938,0.205240
133200ms,133200,119.808,0.205042
133232ms,133232,119.924,0.203602
133264ms,133264,120.026,0.204752
133296ms,133296,119.815,0.205197
133328ms,133328,119.751,0.205644
133376ms,133376,119.585,0.210496
133408ms,133408,119.290,0.206546
133439ms,133439,118.825,0.201436
133472ms,133472,118.686,0.202387
133504ms,133504,118.290,0.201816
133536ms,133536,117.896,0.200684
133568ms,133568,117.387,0.200413
133600ms,133600,117.401,0.199495
133632ms,133632,117.210,0.200770
133664ms,133664,116.749,0.200642
133696ms,133696,116.844,0.201039
133775ms,133775,116.671,0.198555
133808ms,133808,116.712,0.199279
133839ms,133839,116.449,0.197262
133872ms,133872,116.527,0.200848
133936ms,133936,116.663,0.211167
133999ms,133999,116.834,0.206054
134032ms,134032,117.235,0.202611
134064ms,134064,117.266,0.201363
134096ms,134096,117.405,0.198446
134128ms,134128,117.681,0.199033
134176ms,134176,117.714,0.200101
134208ms,134208,117.997,0.209340
134240ms,134240,118.315,0.204032
134272ms,134272,118.368,0.209313
134304ms,134304,118.643,0.205066
134336ms,134336,119.128,0.203559
134368ms,134368,119.180,0.206749
134400ms,134400,119.145,0.203101
134432ms,134432,119.686,0.211853
134464ms,134464,119.671,0.205790
134511ms,134511,119.699,0.204789
134544ms,134544,119.684,0.202900
134576ms,134576,119.786,0.203573
134608ms,134608,119.718,0.203842
134640ms,134640,119.848,0.204020
134671ms,134671,119.768,0.203624
134704ms,134704,119.792,0.203153
134736ms,134736,119.695,0.204802
134768ms,134768,119.837,0.203488
134800ms,134800,119.612,0.205150
134864ms,134864,119.485,0.211137
134912ms,134912,119.160,0.200828
134943ms,134943,118.753,0.202834
134976ms,134976,118.298,0.200655
135008ms,135008,118.217,0.200959
135040ms,135040,117.736,0.199131
135072ms,135072,117.483,0.199360
135104ms,135104,117.200,0.201453
135136ms,135136,116.979,0.199244
135232ms,135232,116.813,0.200286
135343ms,135343,116.474,0.197989
135375ms,135375,116.758,0.204811
135472ms,135472,116.912,0.200583
135504ms,135504,117.045,0.203706
135536ms,135536,117.122,0.199268
135568ms,135568,117.302,0.199739
135600ms,135600,117.576,0.198338
135647ms,135647,117.625,0.200808
135679ms,135679,117.912,0.206216
135711ms,135711,118.102,0.211746
135743ms,135743,118.324,0.204119
135776ms,135776,118.481,0.205690
135808ms,135808,118.948,0.201894
135840ms,135840,119.032,0.201997
135872ms,135872,119.228,0.203694
135904ms,135904,119.308,0.202087
135936ms,135936,119.790,0.210827
135968ms,135968,119.774,0.205420
136000ms,136000,119.833,0.202417
136048ms,136048,119.732,0.204011
136079ms,136079,119.825,0.203080
136111ms,136111,119.842,0.203104
136143ms,136143,119.759,0.202984
136175ms,136175,119.839,0.203092
136239ms,136239,119.822,0.203443
136272ms,136272,119.712,0.203566
136304ms,136304,119.737,0.205517
136336ms,136336,119.785,0.210094
136368ms,136368,119.294,0.202413
136400ms,136400,118.953,0.201401
136447ms,136447,118.667,0.201506
136479ms,136479,118.204,0.199590
136511ms,136511,117.871,0.201308
136544ms,136544,117.674,0.202346
136576ms,136576,117.154,0.198785
136608ms,136608,117.238,0.201758
136640ms,136640,116.895,0.198994
136736ms,136736,116.647,0.206518
136783ms,136783,116.860,0.198209
136944ms,136944,117.055,0.199508
136976ms,136976,116.990,0.200412
137008ms,137008,117.191,0.202106
137040ms,137040,117.281,0.198990
137071ms,137071,117.483,0.198223
137104ms,137104,117.742,0.199710
137136ms,137136,117.647,0.201668
137183ms,137183,117.858,0.201725
137215ms,137215,118.111,0.204455
137247ms,137247,118.368,0.205432
137280ms,137280,118.648,0.204061
137312ms,137312,118.899,0.203670
137344ms,137344,119.066,0.205081
137376ms,137376,119.106,0.203193
137408ms,137408,119.364,0.202913
137440ms,137440,119.754,0.210791
137472ms,137472,119.622,0.209531
137504ms,137504,119.690,0.204452
137551ms,137551,119.792,0.203911
137584ms,137584,119.643,0.202978
137615ms,137615,119.838,0.202436
137648ms,137648,119.782,0.203844
137680ms,137680,119.725,0.203479
137743ms,137743,119.774,0.203392
137776ms,137776,119.675,0.206333
137840ms,137840,119.572,0.204095
137872ms,137872,119.069,0.201185
137919ms,137919,118.780,0.202441
137983ms,137983,118.107,0.199561
138015ms,138015,117.677,0.200552
138079ms,138079,117.078,0.204332
138112ms,138112,116.983,0.199675
138144ms,138144,116.883,0.201447
138208ms,138208,116.786,0.197617
138240ms,138240,116.692,0.198852
138351ms,138351,116.814,0.202468
138416ms,138416,116.904,0.214367
138448ms,138448,116.849,0.200366
138480ms,138480,117.076,0.206154
138511ms,138511,117.159,0.199193
138544ms,138544,117.347,0.199890
138576ms,138576,117.265,0.197806
138608ms,138608,117.770,0.199085
138640ms,138640,117.785,0.205534
138687ms,138687,118.098,0.202375
138719ms,138719,118.165,0.205406
138751ms,138751,118.562,0.206789
138784ms,138784,118.795,0.201889
138848ms,138848,119.407,0.203169
138880ms,138880,119.203,0.203466
138912ms,138912,119.619,0.211283
138944ms,138944,119.727,0.212391
138976ms,138976,119.817,0.203263
139008ms,139008,119.799,0.203866
139055ms,139055,119.791,0.204332
139087ms,139087,119.878,0.204681
139119ms,139119,119.806,0.203564
139152ms,139152,119.929,0.203314
139184ms,139184,119.817,0.205222
139216ms,139216,119.931,0.203389
139248ms,139248,119.825,0.203250
139280ms,139280,119.659,0.206877
139312ms,139312,119.759,0.213082
139344ms,139344,119.539,0.209516
139376ms,139376,119.020,0.200637
139408ms,139408,118.826,0.205012
139456ms,139456,118.266,0.199108
139487ms,139487,118.064,0.200798
139519ms,139519,117.607,0.200392
139552ms,139552,117.230,0.198437
139584ms,139584,117.159,0.198519
139616ms,139616,117.148,0.198214
139712ms,139712,116.693,0.196785
139744ms,139744,116.854,0.197910
139856ms,139856,116.827,0.200077
139888ms,139888,116.927,0.208633
139952ms,139952,117.150,0.205262
139983ms,139983,117.082,0.206542
140016ms,140016,117.156,0.201065
140080ms,140080,117.635,0.199222
140112ms,140112,117.732,0.199796
140144ms,140144,118.049,0.200002
140192ms,140192,118.104,0.201346
140224ms,140224,118.462,0.205692
140256ms,140256,118.618,0.203201
140288ms,140288,119.020,0.203583
140320ms,140320,119.171,0.201900
140352ms,140352,119.208,0.202385
140384ms,140384,119.537,0.206201
140416ms,140416,119.662,0.210290
140448ms,140448,119.617,0.206123
140480ms,140480,119.948,0.203738
140512ms,140512,119.762,0.203788
140544ms,140544,119.571,0.204087
140591ms,140591,119.687,0.204247
140623ms,140623,119.847,0.203897
140655ms,140655,119.771,0.210432
140688ms,140688,119.792,0.203176
140720ms,140720,119.752,0.204303
140752ms,140752,119.616,0.203948
140784ms,140784,119.792,0.206361
140816ms,140816,119.588,0.210770
140848ms,140848,119.338,0.201579
140879ms,140879,118.760,0.202814
140912ms,140912,118.523,0.200729
140959ms,140959,118.239,0.199694
140991ms,140991,117.769,0.199914
141024ms,141024,117.489,0.199083
141055ms,141055,117.258,0.200089
141088ms,141088,116.988,0.199082
141120ms,141120,116.831,0.202690
141216ms,141216,116.551,0.198304
141312ms,141312,116.666,0.198886
141392ms,141392,116.927,0.210878
141423ms,141423,116.957,0.201759
141456ms,141456,116.998,0.201205
141487ms,141487,117.088,0.199128
141520ms,141520,117.265,0.201542
141551ms,141551,117.290,0.198425
141584ms,141584,117.541,0.199028
141648ms,141648,118.155,0.203045
141680ms,141680,118.126,0.201174
141728ms,141728,118.554,0.207053
141759ms,141759,118.839,0.205619
141791ms,141791,119.001,0.203293
141824ms,141824,119.218,0.204106
141856ms,141856,119.304,0.203949
141888ms,141888,119.866,0.212503
141920ms,141920,119.791,0.207817
141952ms,141952,119.813,0.204590
141984ms,141984,119.735,0.203743
142048ms,142048,119.643,0.203713
142127ms,142127,119.760,0.203528
142159ms,142159,119.636,0.205399
142192ms,142192,119.744,0.202481
142224ms,142224,119.837,0.202585
142256ms,142256,119.866,0.204888
142288ms,142288,119.831,0.210195
142320ms,142320,119.533,0.205351
142352ms,142352,118.912,0.201439
142384ms,142384,118.528,0.202481
142416ms,142416,118.455,0.201481
142464ms,142464,118.132,0.201892
142496ms,142496,117.815,0.200139
142528ms,142528,117.657,0.200632
142560ms,142560,117.304,0.200431
142592ms,142592,117.017,0.199422
142720ms,142720,116.831,0.197692
142784ms,142784,116.707,0.201114
142863ms,142863,116.733,0.209243
142927ms,142927,116.933,0.202041
142959ms,142959,117.098,0.201007
142992ms,142992,117.157,0.198490
143024ms,143024,117.395,0.198020
143056ms,143056,117.735,0.202011
143088ms,143088,117.616,0.198785
143120ms,143120,117.990,0.200540
143152ms,143152,118.203,0.203857
143184ms,143184,118.419,0.202131
143232ms,143232,118.660,0.200659
143263ms,143263,119.050,0.203131
143295ms,143295,119.074,0.204980
143328ms,143328,119.145,0.202323
143360ms,143360,119.732,0.206286
143392ms,143392,119.884,0.209380
143424ms,143424,119.849,0.209084
143488ms,143488,119.867,0.203579
143520ms,143520,119.854,0.203733
143552ms,143552,119.757,0.202685
143584ms,143584,119.838,0.202684
143631ms,143631,119.688,0.205912
143663ms,143663,119.860,0.203339
143696ms,143696,119.825,0.203238
143728ms,143728,119.749,0.214430
143760ms,143760,119.857,0.210938
143792ms,143792,119.491,0.205064
143824ms,143824,119.011,0.201227
143856ms,143856,118.644,0.201478
143888ms,143888,118.366,0.200198
143920ms,143920,118.160,0.201820
143952ms,143952,117.717,0.199382
143999ms,143999,117.525,0.199882
144031ms,144031,117.164,0.201887
144063ms,144063,116.945,0.199327
144128ms,144128,116.735,0.198621
144399ms,144399,117.049,0.201280
144431ms,144431,117.084,0.202081
144464ms,144464,117.198,0.199832
144496ms,144496,117.465,0.198724
144528ms,144528,117.589,0.200679
144560ms,144560,117.753,0.198590
144592ms,144592,117.811,0.201577
144624ms,144624,118.124,0.202123
144656ms,144656,118.264,0.202945
144688ms,144688,118.613,0.202844
144720ms,144720,118.939,0.201895
144768ms,144768,118.997,0.202981
144799ms,144799,119.336,0.201611
144831ms,144831,119.440,0.205496
144864ms,144864,119.704,0.213300
144896ms,144896,119.598,0.206200
144928ms,144928,119.718,0.205158
144991ms,144991,119.656,0.206452
145024ms,145024,119.878,0.204840
145056ms,145056,119.859,0.205531
145088ms,145088,119.905,0.203955
145120ms,145120,119.805,0.202270
145168ms,145168,119.745,0.203381
145200ms,145200,119.734,0.204342
145232ms,145232,119.660,0.208552
145264ms,145264,119.415,0.207781
145296ms,145296,119.007,0.202382
145328ms,145328,118.796,0.202783
145360ms,145360,118.417,0.199489
145392ms,145392,118.157,0.201205
145424ms,145424,117.892,0.200323
145456ms,145456,117.511,0.199491
145504ms,145504,117.284,0.200503
145568ms,145568,116.855,0.202712
145664ms,145664,116.654,0.203909
145824ms,145824,116.833,0.210655
145856ms,145856,116.833,0.202169
145903ms,145903,116.937,0.203396
145936ms,145936,117.167,0.200139
145968ms,145968,117.557,0.201323
146000ms,146000,117.415,0.198052
146032ms,146032,117.672,0.199788
146095ms,146095,118.199,0.201268
146127ms,146127,118.402,0.204542
146159ms,146159,118.237,0.202821
146192ms,146192,118.966,0.202143
146224ms,146224,118.777,0.201026
146271ms,146271,119.213,0.201095
146303ms,146303,119.310,0.204296
146336ms,146336,119.776,0.211723
146368ms,146368,119.846,0.205721
146399ms,146399,119.848,0.204296
146432ms,146432,119.639,0.204103
146464ms,146464,119.837,0.203903
146496ms,146496,119.840,0.203297
146528ms,146528,119.815,0.203802
146560ms,146560,119.846,0.204415
146592ms,146592,119.759,0.204300
146639ms,146639,119.770,0.204864
146671ms,146671,119.717,0.207844
146703ms,146703,119.942,0.202803
146735ms,146735,119.717,0.207344
146768ms,146768,119.421,0.208303
146800ms,146800,118.950,0.200775
146832ms,146832,118.529,0.200782
146864ms,146864,118.222,0.203507
146896ms,146896,118.027,0.203486
146928ms,146928,117.552,0.199639
146960ms,146960,117.224,0.199901
146992ms,146992,117.006,0.199929
147039ms,147039,116.769,0.198116
147136ms,147136,116.703,0.199806
147232ms,147232,116.711,0.210713
147296ms,147296,116.852,0.208346
147328ms,147328,116.921,0.198456
147360ms,147360,116.773,0.202894
147407ms,147407,117.026,0.203225
147439ms,147439,117.194,0.199040
147472ms,147472,117.449,0.198577
147504ms,147504,117.746,0.199743
147536ms,147536,117.682,0.199478
147568ms,147568,118.137,0.199590
147600ms,147600,118.269,0.200151
147632ms,147632,118.349,0.202170
147696ms,147696,119.063,0.201264
147728ms,147728,119.069,0.202931
147775ms,147775,119.259,0.205650
147807ms,147807,119.726,0.206343
147839ms,147839,119.587,0.207103
147871ms,147871,119.698,0.204773
147904ms,147904,119.803,0.204345
147936ms,147936,119.758,0.203790
147968ms,147968,119.711,0.203701
147999ms,147999,119.722,0.202941
148032ms,148032,119.687,0.203830
148063ms,148063,119.702,0.204685
148096ms,148096,119.627,0.204149
148128ms,148128,119.689,0.203809
148175ms,148175,119.796,0.208072
148207ms,148207,119.799,0.210442
148239ms,148239,119.401,0.207465
148271ms,148271,118.943,0.201524
148304ms,148304,118.664,0.201879
148336ms,148336,118.307,0.200479
148368ms,148368,118.250,0.200306
148400ms,148400,117.567,0.200096
148432ms,148432,117.426,0.198508
148464ms,148464,116.896,0.198732
148496ms,148496,116.958,0.199160
148575ms,148575,116.777,0.198348
148703ms,148703,116.441,0.200736
148768ms,148768,116.818,0.203126
148832ms,148832,116.987,0.202953
148864ms,148864,116.947,0.201139
148896ms,148896,116.955,0.199492
148943ms,148943,117.329,0.200112
148976ms,148976,117.700,0.198648
149008ms,149008,117.696,0.199621
149039ms,149039,117.913,0.199154
149103ms,149103,118.526,0.205254
149136ms,149136,118.346,0.206329
149168ms,149168,118.985,0.202326
149200ms,149200,118.992,0.204151
149231ms,149231,119.134,0.203697
149264ms,149264,119.471,0.204870
149311ms,149311,119.650,0.207229
149343ms,149343,119.614,0.209468
149376ms,149376,120.015,0.204691
149408ms,149408,119.744,0.204320
149440ms,149440,119.767,0.203289
149472ms,149472,119.798,0.203260
149504ms,149504,119.789,0.204233
149536ms,149536,119.683,0.205586
149568ms,149568,119.708,0.205241
149600ms,149600,119.665,0.208851
149632ms,149632,119.838,0.205181
149711ms,149711,119.444,0.208562
149743ms,149743,119.187,0.201583
149808ms,149808,118.436,0.201785
149840ms,149840,118.182,0.199504
149872ms,149872,117.998,0.199558
149968ms,149968,117.195,0.199794
150079ms,150079,116.508,0.197224
150111ms,150111,116.578,0.200356
150175ms,150175,116.459,0.199064
150272ms,150272,116.801,0.216391
150304ms,150304,116.845,0.198655
150336ms,150336,116.893,0.204277
150368ms,150368,117.161,0.200629
150400ms,150400,117.406,0.198996
150447ms,150447,117.358,0.197489
150479ms,150479,117.756,0.199026
150511ms,150511,117.850,0.201059
150543ms,150543,118.057,0.199611
150575ms,150575,118.242,0.205327
150608ms,150608,118.342,0.203139
150671ms,150671,118.923,0.203002
150704ms,150704,119.142,0.203501
150736ms,150736,119.399,0.202550
150768ms,150768,119.831,0.210922
150815ms,150815,119.648,0.209875
150847ms,150847,119.667,0.203180
150879ms,150879,119.653,0.205078
150911ms,150911,119.810,0.204300
150944ms,150944,119.916,0.203465
150976ms,150976,119.849,0.202909
151008ms,151008,119.738,0.205495
151040ms,151040,119.709,0.203721
151071ms,151071,119.678,0.206046
151104ms,151104,119.721,0.205850
151136ms,151136,119.598,0.207675
151168ms,151168,119.737,0.210095
151215ms,151215,119.483,0.203949
151247ms,151247,119.057,0.201528
151279ms,151279,118.576,0.201554
151311ms,151311,118.218,0.200779
151344ms,151344,118.122,0.200894
151376ms,151376,117.721,0.199830
151408ms,151408,117.493,0.199569
151440ms,151440,117.021,0.199861
151504ms,151504,116.784,0.198055
151583ms,151583,116.716,0.199034
151647ms,151647,116.348,0.198512
151679ms,151679,116.608,0.199141
151744ms,151744,116.900,0.208352
151808ms,151808,117.020,0.200304
151840ms,151840,117.151,0.204567
151872ms,151872,117.145,0.199639
151904ms,151904,117.464,0.198229
151952ms,151952,117.679,0.199321
151983ms,151983,117.585,0.199465
152016ms,152016,117.918,0.201538
152048ms,152048,118.052,0.203553
152079ms,152079,118.262,0.202536
152111ms,152111,118.603,0.202945
152144ms,152144,118.952,0.202471
152176ms,152176,119.028,0.204020
152208ms,152208,119.311,0.204243
152271ms,152271,119.669,0.213406
152304ms,152304,119.854,0.204745
152351ms,152351,119.813,0.202972
152383ms,152383,119.762,0.203246
152415ms,152415,119.825,0.203539
152447ms,152447,119.788,0.203833
152479ms,152479,119.827,0.204362
152512ms,152512,119.825,0.204952
152544ms,152544,119.573,0.205001
152576ms,152576,119.678,0.207175
152608ms,152608,119.704,0.206946
152640ms,152640,119.858,0.207874
152672ms,152672,119.453,0.213166
152719ms,152719,119.020,0.201060
152751ms,152751,118.780,0.201130
152783ms,152783,118.471,0.201046
152815ms,152815,118.279,0.202067
152848ms,152848,117.640,0.198975
152879ms,152879,117.491,0.200571
152911ms,152911,117.216,0.205069
152943ms,152943,116.951,0.200736
152976ms,152976,116.911,0.200957
153040ms,153040,116.618,0.197989
153087ms,153087,116.596,0.197698
153119ms,153119,116.649,0.198307
153183ms,153183,116.726,0.202569
153248ms,153248,116.998,0.206561
153312ms,153312,117.129,0.204192
153376ms,153376,117.430,0.198394
153408ms,153408,117.465,0.199135
153440ms,153440,117.664,0.200538
153488ms,153488,117.641,0.199642
153519ms,153519,118.124,0.201467
153551ms,153551,118.437,0.203971
153584ms,153584,118.512,0.206496
153616ms,153616,118.888,0.203104
153648ms,153648,118.987,0.201398
153680ms,153680,119.233,0.203277
153712ms,153712,119.298,0.204055
153744ms,153744,119.617,0.207388
153776ms,153776,119.677,0.208948
153808ms,153808,119.750,0.204223
153855ms,153855,119.732,0.203249
153888ms,153888,119.906,0.204972
153920ms,153920,119.830,0.203281
153951ms,153951,119.768,0.203438
153984ms,153984,119.752,0.203796
154016ms,154016,119.805,0.204278
154048ms,154048,119.872,0.203292
154079ms,154079,119.717,0.201938
154111ms,154111,119.683,0.204620
154144ms,154144,119.474,0.208886
154176ms,154176,119.347,0.203648
154223ms,154223,118.862,0.202536
154255ms,154255,118.664,0.200672
154287ms,154287,118.389,0.202138
154319ms,154319,117.708,0.200031
154719ms,154719,116.777,0.214353
154752ms,154752,116.856,0.200951
154784ms,154784,116.997,0.207109
154815ms,154815,117.081,0.201405
154848ms,154848,117.234,0.199619
154912ms,154912,117.791,0.200097
154944ms,154944,117.529,0.199102
154991ms,154991,118.100,0.198764
155024ms,155024,118.280,0.206619
155055ms,155055,118.569,0.211063
155087ms,155087,118.771,0.203451
155120ms,155120,118.916,0.201517
155152ms,155152,119.094,0.204392
155184ms,155184,119.342,0.202277
155216ms,155216,119.629,0.211654
155248ms,155248,119.835,0.210725
155280ms,155280,119.666,0.208441
155312ms,155312,119.869,0.203326
155359ms,155359,119.835,0.204256
155391ms,155391,119.817,0.204773
155424ms,155424,119.612,0.203874
155455ms,155455,119.790,0.203406
155488ms,155488,119.817,0.203956
155551ms,155551,119.765,0.206184
155584ms,155584,119.767,0.204785
155616ms,155616,119.793,0.211446
155648ms,155648,119.400,0.208261
155680ms,155680,119.036,0.200952
155712ms,155712,118.663,0.200807
155759ms,155759,118.420,0.204702
155791ms,155791,118.053,0.201035
155823ms,155823,117.641,0.201072
155856ms,155856,117.436,0.199482
155888ms,155888,117.224,0.200017
155920ms,155920,117.143,0.198299
156048ms,156048,116.605,0.199666
156128ms,156128,116.530,0.200176
156191ms,156191,117.003,0.206608
156256ms,156256,117.055,0.198236
156287ms,156287,117.046,0.201128
156319ms,156319,117.033,0.202202
156351ms,156351,117.490,0.198832
156384ms,156384,117.739,0.198384
156416ms,156416,117.710,0.199194
156448ms,156448,117.924,0.199554
156496ms,156496,118.225,0.205420
156527ms,156527,118.390,0.206542
156559ms,156559,118.636,0.203417
156591ms,156591,119.115,0.202231
156623ms,156623,118.905,0.203076
156655ms,156655,119.216,0.204556
156688ms,156688,119.422,0.204913
156720ms,156720,119.605,0.214092
156751ms,156751,119.573,0.205793
156784ms,156784,119.733,0.205493
156816ms,156816,119.747,0.209852
156848ms,156848,119.739,0.205349
156896ms,156896,119.756,0.204613
156927ms,156927,119.614,0.203236
156959ms,156959,119.731,0.207342
156991ms,156991,119.787,0.207238
157055ms,157055,119.881,0.202309
157087ms,157087,119.726,0.215991
157119ms,157119,119.630,0.209343
157152ms,157152,119.020,0.200988
157184ms,157184,118.629,0.202796
157216ms,157216,118.477,0.200821
157263ms,157263,118.131,0.203516
157295ms,157295,117.728,0.199576
157328ms,157328,117.325,0.200289
157359ms,157359,117.295,0.203305
157424ms,157424,116.858,0.203325
157520ms,157520,116.688,0.199235
157664ms,157664,116.718,0.206418
157695ms,157695,116.925,0.212997
157728ms,157728,117.182,0.200281
157759ms,157759,116.979,0.201624
157792ms,157792,116.958,0.199472
157824ms,157824,117.400,0.198266
157856ms,157856,117.629,0.199351
157887ms,157887,117.662,0.199112
157920ms,157920,117.579,0.198771
157952ms,157952,118.154,0.202909
157984ms,157984,118.272,0.203215
158031ms,158031,118.266,0.208063
158063ms,158063,118.849,0.200711
158095ms,158095,119.019,0.201555
158127ms,158127,119.290,0.204040
158160ms,158160,119.254,0.202427
158192ms,158192,119.696,0.215888
158288ms,158288,119.607,0.203274
158320ms,158320,119.747,0.206368
158352ms,158352,119.753,0.203329
158399ms,158399,119.765,0.203809
158431ms,158431,119.805,0.203039
158463ms,158463,119.836,0.204885
158495ms,158495,119.815,0.205944
158528ms,158528,119.731,0.202901
158559ms,158559,119.820,0.203583
158591ms,158591,119.762,0.206053
158623ms,158623,119.408,0.207961
158656ms,158656,118.967,0.200163
158688ms,158688,118.654,0.200832
158720ms,158720,118.272,0.200289
158752ms,158752,118.054,0.200257
158799ms,158799,117.560,0.200084
158831ms,158831,117.350,0.199193
158863ms,158863,117.041,0.199504
158927ms,158927,116.822,0.197649
158992ms,158992,116.592,0.198117
159167ms,159167,116.932,0.217384
159199ms,159199,116.992,0.199170
159231ms,159231,116.938,0.201344
159263ms,159263,117.084,0.200856
159295ms,159295,117.507,0.201258
159360ms,159360,117.557,0.199041
159424ms,159424,118.092,0.199936
159456ms,159456,118.324,0.201495
159488ms,159488,118.460,0.206288
159535ms,159535,118.710,0.202310
159568ms,159568,119.044,0.203523
159599ms,159599,119.157,0.204364
159631ms,159631,119.246,0.203346
159664ms,159664,119.603,0.210836
159696ms,159696,119.661,0.207813
159728ms,159728,119.647,0.204393
159760ms,159760,119.755,0.205176
159792ms,159792,119.748,0.203765
159824ms,159824,119.809,0.203412
159856ms,159856,119.898,0.202962
159888ms,159888,119.712,0.206856
159935ms,159935,119.743,0.203457
159968ms,159968,119.744,0.203317
159999ms,159999,119.763,0.203793
160032ms,160032,119.749,0.204801
160063ms,160063,119.831,0.211082
160095ms,160095,119.406,0.208505
160128ms,160128,119.205,0.200669
160160ms,160160,118.627,0.202210
160192ms,160192,118.343,0.199679
160224ms,160224,118.082,0.201065
160256ms,160256,117.794,0.199938
160303ms,160303,117.402,0.200193
160335ms,160335,117.179,0.199857
160431ms,160431,116.656,0.197904
160463ms,160463,116.653,0.198401
160496ms,160496,116.662,0.199899
160624ms,160624,116.792,0.201960
160703ms,160703,116.972,0.201821
160735ms,160735,117.053,0.205127
160768ms,160768,117.208,0.198265
160831ms,160831,117.610,0.199851
160864ms,160864,117.657,0.199440
160896ms,160896,117.840,0.202018
160928ms,160928,118.210,0.203202
160960ms,160960,118.342,0.205376
160992ms,160992,118.729,0.202784
161039ms,161039,119.039,0.203085
161071ms,161071,118.890,0.202426
161103ms,161103,119.270,0.207427
161135ms,161135,119.675,0.207598
161167ms,161167,119.770,0.208122
161199ms,161199,119.633,0.202528
161263ms,161263,119.879,0.203178
161296ms,161296,119.880,0.202847
161328ms,161328,119.839,0.203500
161360ms,161360,119.936,0.203653
161392ms,161392,119.930,0.203412
161439ms,161439,119.883,0.203160
161471ms,161471,119.879,0.202582
161504ms,161504,119.804,0.204724
161568ms,161568,119.608,0.206115
161600ms,161600,119.048,0.201500
161632ms,161632,118.757,0.201402
161696ms,161696,118.097,0.201446
161728ms,161728,117.705,0.200920
161760ms,161760,117.559,0.199904
161808ms,161808,117.349,0.203785
161903ms,161903,116.691,0.198033
161936ms,161936,116.634,0.198917
162063ms,162063,116.661,0.201038
162096ms,162096,116.740,0.201670
162128ms,162128,116.966,0.204581
162160ms,162160,116.846,0.200379
162207ms,162207,116.990,0.200838
162239ms,162239,117.016,0.198315
162271ms,162271,117.418,0.198929
162303ms,162303,117.576,0.198392
162336ms,162336,117.671,0.199319
162368ms,162368,117.876,0.201079
162400ms,162400,118.024,0.201720
162432ms,162432,118.304,0.201234
162464ms,162464,118.430,0.205061
162496ms,162496,118.841,0.202084
162528ms,162528,118.959,0.201064
162576ms,162576,119.252,0.202556
162607ms,162607,119.487,0.203775
162639ms,162639,119.657,0.212096
162671ms,162671,119.787,0.206753
162703ms,162703,119.819,0.204789
162735ms,162735,119.603,0.207565
162767ms,162767,119.803,0.204952
162799ms,162799,119.837,0.203307
162831ms,162831,119.775,0.203360
162863ms,162863,119.884,0.204154
162896ms,162896,119.755,0.204694
162975ms,162975,119.754,0.204001
163007ms,163007,119.692,0.211968
163039ms,163039,119.532,0.211233
163071ms,163071,119.407,0.206654
163103ms,163103,118.858,0.203845
163135ms,163135,118.693,0.201035
163168ms,163168,118.231,0.200332
163200ms,163200,118.064,0.201126
163232ms,163232,117.401,0.200724
163264ms,163264,117.467,0.200393
163296ms,163296,117.316,0.200404
163343ms,163343,116.724,0.199812
163440ms,163440,116.760,0.197782
163536ms,163536,116.669,0.205694
163600ms,163600,116.813,0.209760
163632ms,163632,117.109,0.198148
163664ms,163664,116.953,0.210759
163712ms,163712,117.117,0.199609
163775ms,163775,117.454,0.198401
163808ms,163808,117.798,0.199446
163840ms,163840,117.807,0.201625
163871ms,163871,118.219,0.199840
163903ms,163903,118.267,0.201324
163936ms,163936,118.344,0.204114
163968ms,163968,118.808,0.202292
164000ms,164000,119.054,0.203086
164032ms,164032,119.067,0.202701
164080ms,164080,119.484,0.202949
164111ms,164111,119.696,0.208227
164143ms,164143,119.708,0.210818
164175ms,164175,119.744,0.202731
164207ms,164207,119.885,0.203533
164239ms,164239,119.885,0.205474
164272ms,164272,119.955,0.203547
164304ms,164304,119.889,0.203790
164336ms,164336,120.000,0.203443
164368ms,164368,119.779,0.204372
164431ms,164431,119.886,0.204519
164479ms,164479,119.760,0.204361
164511ms,164511,119.737,0.208873
164544ms,164544,119.426,0.210946
164576ms,164576,119.045,0.200664
164608ms,164608,118.650,0.204736
164639ms,164639,118.260,0.199569
164672ms,164672,117.838,0.200088
164704ms,164704,117.601,0.199870
164736ms,164736,117.517,0.199585
164768ms,164768,117.200,0.201047
164800ms,164800,117.117,0.198543
164911ms,164911,116.738,0.198476
164943ms,164943,116.801,0.196882
165008ms,165008,116.520,0.202279
165071ms,165071,116.756,0.201979
165136ms,165136,117.123,0.204554
165168ms,165168,117.164,0.206527
165215ms,165215,117.235,0.198165
165279ms,165279,117.711,0.199551
165311ms,165311,117.636,0.199908
165344ms,165344,117.785,0.201085
165376ms,165376,118.035,0.203092
165408ms,165408,118.370,0.206717
165440ms,165440,118.514,0.202354
165472ms,165472,118.960,0.201671
165504ms,165504,118.957,0.201284
165536ms,165536,119.247,0.202128
165568ms,165568,119.577,0.206655
165615ms,165615,119.781,0.211381
165648ms,165648,119.842,0.204486
165680ms,165680,119.838,0.202667
165711ms,165711,119.792,0.204188
165744ms,165744,119.851,0.203924
165776ms,165776,119.858,0.204834
165808ms,165808,119.802,0.203088
165839ms,165839,119.823,0.203440
165872ms,165872,119.686,0.204696
165904ms,165904,119.791,0.204608
165936ms,165936,119.651,0.202499
165983ms,165983,119.703,0.207492
166015ms,166015,119.376,0.212590
166048ms,166048,119.181,0.201443
166079ms,166079,118.734,0.203371
166112ms,166112,118.569,0.200119
166143ms,166143,118.250,0.202499
166175ms,166175,117.804,0.199351
166207ms,166207,117.402,0.198877
166239ms,166239,117.258,0.201324
166383ms,166383,116.822,0.197239
166415ms,166415,116.642,0.198570
166479ms,166479,116.541,0.200994
166640ms,166640,116.967,0.205703
166672ms,166672,117.122,0.201052
166704ms,166704,117.565,0.199576
166751ms,166751,117.427,0.198259
166784ms,166784,117.637,0.201088
166816ms,166816,117.834,0.200500
166848ms,166848,117.931,0.199711
166879ms,166879,118.294,0.202770
166912ms,166912,118.457,0.204538
166944ms,166944,118.837,0.201665
166976ms,166976,118.923,0.201725
167008ms,167008,119.216,0.203620
167040ms,167040,119.236,0.203953
167072ms,167072,119.629,0.210645
167119ms,167119,119.665,0.207711
167151ms,167151,119.730,0.204193
167183ms,167183,119.663,0.202825
167216ms,167216,119.656,0.204852
167247ms,167247,119.715,0.203817
167280ms,167280,119.798,0.203920
167312ms,167312,119.818,0.203337
167344ms,167344,119.811,0.203658
167376ms,167376,119.712,0.204267
167439ms,167439,119.726,0.208537
167472ms,167472,119.861,0.211800
167519ms,167519,119.299,0.204257
167551ms,167551,118.859,0.200722
167584ms,167584,118.600,0.202268
167615ms,167615,118.372,0.202241
167648ms,167648,118.196,0.203144
167680ms,167680,117.793,0.200006
167712ms,167712,117.150,0.199248
167744ms,167744,117.135,0.200536
167776ms,167776,116.901,0.197905
167808ms,167808,116.763,0.202001
167887ms,167887,116.607,0.200747
167919ms,167919,116.649,0.200968
167983ms,167983,116.682,0.203343
168048ms,168048,116.907,0.206917
168111ms,168111,117.027,0.201176
168143ms,168143,117.005,0.206705
168175ms,168175,117.309,0.201849
168208ms,168208,117.394,0.198551
168255ms,168255,117.721,0.200926
168288ms,168288,117.739,0.198580
168319ms,168319,117.885,0.204103
168352ms,168352,118.183,0.202907
168384ms,168384,118.280,0.203238
168416ms,168416,118.532,0.201743
168448ms,168448,119.007,0.201053
168480ms,168480,119.124,0.203473
168512ms,168512,119.336,0.202603
168544ms,168544,119.714,0.211980
168576ms,168576,119.772,0.210678
168608ms,168608,119.720,0.204495
168687ms,168687,119.741,0.204222
168719ms,168719,119.703,0.205145
168751ms,168751,119.787,0.202995
168783ms,168783,119.844,0.203459
168816ms,168816,119.775,0.203511
168848ms,168848,119.785,0.203321
168880ms,168880,119.832,0.204196
168912ms,168912,119.612,0.204188
168944ms,168944,119.871,0.208001
168976ms,168976,119.372,0.208440
169023ms,169023,119.254,0.202127
169055ms,169055,118.835,0.201764
169119ms,169119,118.160,0.201840
169151ms,169151,117.934,0.199902
169183ms,169183,117.358,0.200508
169216ms,169216,117.035,0.199633
169248ms,169248,116.860,0.199767
169312ms,169312,116.795,0.201198
169344ms,169344,116.716,0.198800
169391ms,169391,116.743,0.197414
169488ms,169488,116.524,0.204241
169519ms,169519,116.623,0.205678
169551ms,169551,116.845,0.209647
169616ms,169616,116.901,0.201193
169648ms,169648,117.311,0.198675
169680ms,169680,117.371,0.198916
169712ms,169712,117.486,0.199058
169744ms,169744,117.632,0.200685
169791ms,169791,117.783,0.199838
169823ms,169823,118.094,0.203338
169855ms,169855,118.241,0.203673
169887ms,169887,118.531,0.205318
169920ms,169920,119.054,0.200337
169951ms,169951,119.013,0.200645
169984ms,169984,119.239,0.203146
170016ms,170016,119.383,0.203075
170048ms,170048,119.814,0.209118
170079ms,170079,119.590,0.202574
170111ms,170111,119.794,0.204507
170159ms,170159,119.763,0.204613
170191ms,170191,119.883,0.202914
170223ms,170223,119.817,0.203933
170255ms,170255,119.878,0.203193
170287ms,170287,119.907,0.202697
170319ms,170319,119.832,0.202196
170384ms,170384,119.845,0.203305
170447ms,170447,119.694,0.209215
170479ms,170479,119.330,0.209523
170527ms,170527,118.871,0.201079
170559ms,170559,118.657,0.200866
170591ms,170591,118.163,0.200637
170624ms,170624,118.035,0.201805
170656ms,170656,117.613,0.200897
170688ms,170688,117.263,0.199604
170720ms,170720,117.199,0.199261
170752ms,170752,116.786,0.198908
170848ms,170848,116.457,0.199000
170927ms,170927,116.614,0.202783
170959ms,170959,116.805,0.201947
171024ms,171024,116.918,0.203804
171055ms,171055,117.043,0.200002
171087ms,171087,116.904,0.203139
171119ms,171119,117.203,0.202815
171152ms,171152,117.271,0.201548
171184ms,171184,117.403,0.200383
171215ms,171215,117.783,0.199124
171248ms,171248,117.609,0.199237
171296ms,171296,118.094,0.202824
171327ms,171327,118.340,0.203764
171359ms,171359,118.380,0.204566
171392ms,171392,118.765,0.204637
171423ms,171423,119.151,0.203340
171456ms,171456,118.981,0.205364
171488ms,171488,119.249,0.202789
171520ms,171520,119.747,0.206093
171552ms,171552,119.663,0.210140
171584ms,171584,119.728,0.203467
171616ms,171616,119.690,0.204071
171695ms,171695,119.599,0.202818
171728ms,171728,119.711,0.204726
171759ms,171759,119.786,0.203986
171791ms,171791,119.722,0.206700
171823ms,171823,119.740,0.204083
171855ms,171855,119.849,0.203415
171888ms,171888,119.796,0.207985
171920ms,171920,119.689,0.207278
171952ms,171952,119.463,0.206747
171984ms,171984,119.006,0.201301
172016ms,172016,118.769,0.201491
172064ms,172064,118.351,0.200466
172095ms,172095,118.016,0.201438
172127ms,172127,118.021,0.199584
172159ms,172159,117.503,0.200012
172192ms,172192,117.203,0.199085
172224ms,172224,117.140,0.198531
172431ms,172431,116.412,0.197691
172495ms,172495,116.769,0.210073
172527ms,172527,116.957,0.213044
172559ms,172559,117.057,0.203293
172592ms,172592,117.198,0.203806
172623ms,172623,117.087,0.202152
172655ms,172655,117.363,0.199099
172687ms,172687,117.465,0.201083
172720ms,172720,117.644,0.198733
172752ms,172752,117.759,0.202018
172799ms,172799,118.051,0.205796
172831ms,172831,118.404,0.204692
172895ms,172895,119.060,0.200384
172928ms,172928,118.975,0.200996
172960ms,172960,119.279,0.201940
172991ms,172991,119.488,0.204954
173055ms,173055,119.719,0.205182
173087ms,173087,119.752,0.205047
173120ms,173120,119.778,0.204083
173152ms,173152,119.750,0.203576
173199ms,173199,119.868,0.202626
173231ms,173231,119.826,0.203332
173263ms,173263,119.756,0.203144
173296ms,173296,119.785,0.203656
173327ms,173327,119.806,0.203060
173360ms,173360,119.761,0.205173
173392ms,173392,119.722,0.209270
173424ms,173424,119.527,0.211247
173455ms,173455,119.245,0.201003
173488ms,173488,118.775,0.201817
173520ms,173520,118.522,0.201038
173567ms,173567,118.365,0.201415
173599ms,173599,117.748,0.200151
173663ms,173663,117.311,0.201214
173696ms,173696,117.331,0.202621
173824ms,173824,116.718,0.197513
173856ms,173856,116.717,0.197104
173935ms,173935,116.511,0.204229
173999ms,173999,116.830,0.211918
174063ms,174063,117.039,0.203769
174095ms,174095,117.126,0.201308
174128ms,174128,117.521,0.197959
174192ms,174192,117.751,0.199797
174224ms,174224,117.764,0.204068
174256ms,174256,118.079,0.203425
174288ms,174288,118.355,0.203182
174335ms,174335,118.420,0.202311
174368ms,174368,118.606,0.201951
174399ms,174399,119.109,0.200891
174431ms,174431,119.171,0.202954
174464ms,174464,119.268,0.202195
174496ms,174496,119.544,0.207131
174528ms,174528,119.779,0.205596
174560ms,174560,119.862,0.203489
174592ms,174592,119.913,0.204039
174624ms,174624,119.875,0.203681
174656ms,174656,119.819,0.203001
174703ms,174703,119.801,0.203509
174735ms,174735,119.828,0.203777
174767ms,174767,119.852,0.203061
174799ms,174799,119.765,0.204080
174831ms,174831,119.703,0.203067
174864ms,174864,119.724,0.202899
174895ms,174895,119.850,0.211587
174928ms,174928,119.498,0.207932
174960ms,174960,119.118,0.200972
174992ms,174992,118.710,0.200365
175024ms,175024,118.300,0.201626
175103ms,175103,117.783,0.199688
175135ms,175135,117.371,0.199254
175167ms,175167,117.295,0.199504
175200ms,175200,116.962,0.200044
175328ms,175328,116.589,0.199698
175392ms,175392,116.576,0.201839
175424ms,175424,116.800,0.198825
175535ms,175535,117.031,0.201157
175567ms,175567,117.038,0.206582
175599ms,175599,117.278,0.198393
175631ms,175631,117.459,0.198839
175664ms,175664,117.558,0.199506
175696ms,175696,117.654,0.199571
175760ms,175760,118.062,0.199875
175792ms,175792,118.362,0.201638
175839ms,175839,118.349,0.209295
175871ms,175871,118.886,0.203081
175935ms,175935,119.265,0.201842
175968ms,175968,119.251,0.203569
176000ms,176000,119.665,0.211521
176032ms,176032,119.753,0.204160
176063ms,176063,119.860,0.203539
176096ms,176096,119.858,0.203454
176128ms,176128,119.817,0.203363
176160ms,176160,119.813,0.203252
176207ms,176207,119.877,0.203876
176239ms,176239,119.848,0.203703
176271ms,176271,119.712,0.203812
176303ms,176303,119.910,0.203555
176335ms,176335,119.807,0.204124
176367ms,176367,119.865,0.203874
176399ms,176399,119.780,0.209159
176431ms,176431,119.356,0.204730
176463ms,176463,119.136,0.201584
176496ms,176496,118.698,0.200541
176528ms,176528,118.356,0.200631
176560ms,176560,118.093,0.201168
176639ms,176639,117.395,0.199623
176671ms,176671,117.243,0.201390
176736ms,176736,116.713,0.198976
176800ms,176800,116.735,0.201052
176863ms,176863,116.611,0.199182
177039ms,177039,116.864,0.204722
177071ms,177071,117.265,0.206895
177103ms,177103,117.369,0.200748
177135ms,177135,117.504,0.198511
177168ms,177168,117.725,0.198717
177231ms,177231,117.999,0.200417
177264ms,177264,118.355,0.204084
177296ms,177296,118.388,0.202519
177327ms,177327,118.713,0.204287
177375ms,177375,119.121,0.201480
177408ms,177408,119.041,0.202578
177439ms,177439,119.213,0.205987
177471ms,177471,119.622,0.206123
177503ms,177503,119.747,0.209073
177536ms,177536,119.742,0.204276
177568ms,177568,119.873,0.203397
177600ms,177600,119.818,0.203130
177632ms,177632,119.855,0.203680
177664ms,177664,119.836,0.204103
177696ms,177696,119.796,0.203293
177743ms,177743,119.739,0.202806
177775ms,177775,119.852,0.202991
177808ms,177808,119.871,0.202494
177840ms,177840,119.677,0.204834
177871ms,177871,119.738,0.206112
177904ms,177904,119.536,0.209270
177936ms,177936,119.013,0.202124
177968ms,177968,118.614,0.201660
178000ms,178000,118.330,0.203148
178032ms,178032,118.130,0.202682
178064ms,178064,117.746,0.199554
178111ms,178111,117.371,0.198984
178144ms,178144,117.244,0.200965
178175ms,178175,117.176,0.198531
178239ms,178239,116.615,0.199871
178272ms,178272,116.590,0.197542
178399ms,178399,116.464,0.201222
178511ms,178511,117.015,0.200547
178543ms,178543,117.008,0.202222
178575ms,178575,117.319,0.198331
178607ms,178607,117.354,0.199337
178640ms,178640,117.636,0.197772
178672ms,178672,117.687,0.199210
178704ms,178704,117.870,0.199256
178736ms,178736,118.174,0.200961
178768ms,178768,118.360,0.202543
178800ms,178800,118.429,0.201574
178832ms,178832,118.789,0.203124
178879ms,178879,119.224,0.204468
178912ms,178912,119.199,0.202779
178943ms,178943,119.487,0.212774
178975ms,178975,119.602,0.211593
179008ms,179008,119.712,0.204705
179040ms,179040,119.791,0.203552
179072ms,179072,119.835,0.203821
179135ms,179135,119.895,0.203413
179168ms,179168,119.838,0.203642
179200ms,179200,119.817,0.203344
179247ms,179247,119.866,0.202814
179279ms,179279,119.910,0.204431
179311ms,179311,119.765,0.203845
179344ms,179344,119.886,0.207105
179376ms,179376,119.660,0.210970
179408ms,179408,119.206,0.201314
179440ms,179440,118.724,0.203470
179472ms,179472,118.299,0.199597
179504ms,179504,118.124,0.201362
179536ms,179536,117.778,0.199801
179600ms,179600,117.296,0.202350
179648ms,179648,117.055,0.199015
179679ms,179679,117.022,0.198854
179776ms,179776,116.660,0.199269
179872ms,179872,116.600,0.201769
179904ms,179904,116.625,0.212556
179936ms,179936,116.804,0.211939
179968ms,179968,116.939,0.201209
180016ms,180016,117.049,0.207777
180048ms,180048,117.249,0.203532
180079ms,180079,117.510,0.198809
180111ms,180111,117.579,0.198062
180144ms,180144,117.720,0.197806
180176ms,180176,117.866,0.207571
180239ms,180239,118.175,0.203068
180272ms,180272,118.283,0.202131
180304ms,180304,118.879,0.203035
180336ms,180336,119.173,0.202707
180383ms,180383,119.172,0.205669
180415ms,180415,119.336,0.203540
180448ms,180448,119.668,0.210510
180479ms,180479,119.793,0.207566
180511ms,180511,119.931,0.203829
180544ms,180544,119.729,0.205001
180576ms,180576,119.809,0.203130
180608ms,180608,119.818,0.202614
180640ms,180640,119.837,0.203540
180672ms,180672,119.838,0.203094
180704ms,180704,119.832,0.203860
180736ms,180736,119.766,0.202927
180783ms,180783,119.832,0.203249
180815ms,180815,119.787,0.208854
180848ms,180848,119.706,0.210112
180879ms,180879,119.430,0.210301
180912ms,180912,118.989,0.201167
180944ms,180944,118.690,0.200796
180976ms,180976,118.236,0.201855
181008ms,181008,118.051,0.200669
181040ms,181040,117.603,0.200412
181072ms,181072,117.290,0.199491
181104ms,181104,117.258,0.203715
181151ms,181151,116.997,0.199260
181184ms,181184,116.775,0.199006
181280ms,181280,116.648,0.198261
181312ms,181312,116.517,0.205278
181376ms,181376,116.632,0.207424
181408ms,181408,116.914,0.203230
181440ms,181440,117.201,0.198513
181472ms,181472,116.896,0.202883
181519ms,181519,117.140,0.203048
181551ms,181551,117.262,0.200284
181616ms,181616,117.756,0.198712
181648ms,181648,117.644,0.199245
181680ms,181680,118.103,0.201519
181712ms,181712,118.456,0.202456
181744ms,181744,118.318,0.204284
181776ms,181776,118.549,0.201893
181808ms,181808,118.879,0.202818
181840ms,181840,119.143,0.201868
181872ms,181872,119.196,0.202187
181919ms,181919,119.608,0.206706
181951ms,181951,119.815,0.206339
181984ms,181984,119.722,0.203769
182016ms,182016,119.804,0.203242
182048ms,182048,119.817,0.203940
182080ms,182080,119.851,0.203684
182112ms,182112,119.840,0.203761
182144ms,182144,119.884,0.203525
182208ms,182208,119.790,0.203159
182240ms,182240,119.870,0.203012
182287ms,182287,119.930,0.203484
182351ms,182351,119.440,0.205193
182383ms,182383,119.132,0.202400
182416ms,182416,118.807,0.202224
182448ms,182448,118.280,0.199796
182480ms,182480,118.002,0.201515
182511ms,182511,117.762,0.200230
182544ms,182544,117.448,0.199898
182576ms,182576,117.142,0.200732
182608ms,182608,117.159,0.199120
182719ms,182719,116.793,0.200424
182816ms,182816,116.529,0.204133
182848ms,182848,116.697,0.203785
182912ms,182912,116.869,0.204900
182944ms,182944,117.139,0.198286
182976ms,182976,117.008,0.203012
183008ms,183008,117.256,0.198986
183055ms,183055,117.428,0.198072
183088ms,183088,117.639,0.198600
183119ms,183119,117.768,0.200067
183152ms,183152,117.753,0.198091
183184ms,183184,118.085,0.202413
183216ms,183216,118.250,0.207616
183248ms,183248,118.406,0.203903
183280ms,183280,118.837,0.204953
183312ms,183312,119.050,0.202914
183344ms,183344,119.310,0.202980
183376ms,183376,119.690,0.207458
183424ms,183424,119.832,0.208506
183455ms,183455,119.878,0.203955
183488ms,183488,119.866,0.203786
183519ms,183519,119.893,0.203594
183584ms,183584,119.873,0.203651
183616ms,183616,119.899,0.203597
183648ms,183648,119.948,0.203941
183680ms,183680,119.921,0.203845
183712ms,183712,119.910,0.203443
183744ms,183744,119.897,0.203950
183791ms,183791,119.839,0.203442
183823ms,183823,119.729,0.208565
183855ms,183855,119.298,0.207521
183887ms,183887,118.954,0.202209
183919ms,183919,118.406,0.201176
183952ms,183952,118.355,0.200406
183984ms,183984,117.857,0.199394
184016ms,184016,117.486,0.201144
184048ms,184048,117.192,0.199051
184080ms,184080,117.158,0.199233
184112ms,184112,117.021,0.198867
184144ms,184144,116.876,0.197852
184255ms,184255,116.692,0.197530
184287ms,184287,116.621,0.201099
184320ms,184320,116.782,0.204516
184384ms,184384,116.771,0.212652
184448ms,184448,117.088,0.200565
184480ms,184480,117.285,0.202892
184512ms,184512,117.463,0.198007
184559ms,184559,117.304,0.198195
184591ms,184591,117.685,0.201054
184624ms,184624,117.809,0.200295
184656ms,184656,118.173,0.200462
184719ms,184719,118.594,0.205793
184752ms,184752,118.711,0.201572
184784ms,184784,118.976,0.200555
184816ms,184816,119.185,0.202378
184848ms,184848,119.243,0.202878
184880ms,184880,119.610,0.209790
184912ms,184912,119.781,0.209268
184959ms,184959,119.860,0.203430
184991ms,184991,119.827,0.203947
185023ms,185023,119.841,0.203820
185055ms,185055,119.872,0.203332
185087ms,185087,119.920,0.203818
185120ms,185120,119.913,0.202946
185152ms,185152,119.878,0.203791
185184ms,185184,119.967,0.203616
185216ms,185216,119.868,0.203407
185248ms,185248,119.856,0.203238
185280ms,185280,119.628,0.207456
185327ms,185327,119.346,0.207580
185359ms,185359,118.991,0.201460
185391ms,185391,118.721,0.200143
185424ms,185424,118.181,0.199861
185455ms,185455,118.055,0.202327
185488ms,185488,117.274,0.200305
185520ms,185520,117.380,0.199224
185552ms,185552,117.221,0.202746
185584ms,185584,116.991,0.197815
185695ms,185695,116.703,0.197737
185727ms,185727,116.837,0.198835
185759ms,185759,116.652,0.197389
185791ms,185791,116.654,0.203512
185823ms,185823,116.588,0.208517
185856ms,185856,116.804,0.201974
185888ms,185888,117.041,0.197866
185919ms,185919,117.117,0.200897
185952ms,185952,117.015,0.204685
185984ms,185984,117.282,0.202418
186016ms,186016,117.614,0.198625
186048ms,186048,117.623,0.197079
186095ms,186095,117.618,0.199412
186127ms,186127,117.929,0.206846
186159ms,186159,118.047,0.201879
186192ms,186192,118.382,0.205263
186224ms,186224,118.581,0.201497
186256ms,186256,118.895,0.204830
186288ms,186288,119.077,0.201373
186320ms,186320,119.259,0.202122
186352ms,186352,119.673,0.210585
186384ms,186384,119.803,0.209476
186416ms,186416,119.701,0.202326
186463ms,186463,119.735,0.204553
186495ms,186495,119.705,0.203423
186528ms,186528,119.855,0.203730
186559ms,186559,119.753,0.203667
186592ms,186592,119.844,0.203097
186624ms,186624,119.828,0.203887
186688ms,186688,119.903,0.204621
186720ms,186720,119.760,0.205473
186752ms,186752,119.729,0.208563
186784ms,186784,119.561,0.207014
186831ms,186831,119.176,0.200761
186863ms,186863,118.689,0.201798
186927ms,186927,118.144,0.201881
186959ms,186959,117.785,0.200357
186992ms,186992,117.497,0.200655
187024ms,187024,117.318,0.198555
187055ms,187055,117.082,0.199294
187087ms,187087,116.939,0.200400
187119ms,187119,116.977,0.198331
187184ms,187184,116.528,0.197200
187263ms,187263,116.645,0.203348
187328ms,187328,116.565,0.205688
187424ms,187424,116.972,0.207852
187455ms,187455,117.127,0.202368
187488ms,187488,117.379,0.199450
187552ms,187552,117.704,0.198991
187599ms,187599,117.832,0.201688
187631ms,187631,118.108,0.204420
187663ms,187663,118.241,0.201733
187695ms,187695,118.431,0.203221
187728ms,187728,118.932,0.203727
187760ms,187760,119.186,0.201074
187792ms,187792,119.157,0.205834
187824ms,187824,119.199,0.202593
187856ms,187856,119.666,0.209398
187888ms,187888,119.797,0.205101
187920ms,187920,119.769,0.202699
187967ms,187967,119.943,0.203475
187999ms,187999,119.884,0.202987
188031ms,188031,119.838,0.202849
188063ms,188063,119.905,0.203385
188096ms,188096,119.903,0.203424
188128ms,188128,119.905,0.203363
188160ms,188160,119.770,0.203709
188223ms,188223,119.794,0.203951
188256ms,188256,119.956,0.211142
188288ms,188288,119.570,0.206656
188320ms,188320,118.981,0.201520
188367ms,188367,118.643,0.200743
188399ms,188399,118.191,0.199513
188431ms,188431,117.965,0.201222
188464ms,188464,117.741,0.199715
188496ms,188496,117.240,0.198690
188528ms,188528,117.299,0.201556
188560ms,188560,117.184,0.198418
188656ms,188656,116.669,0.197257
188735ms,188735,116.551,0.198532
188799ms,188799,116.963,0.200465
188864ms,188864,117.011,0.203701
188896ms,188896,117.097,0.200657
188928ms,188928,117.040,0.206393
188960ms,188960,117.173,0.197053
188992ms,188992,117.456,0.199495
189024ms,189024,117.559,0.198449
189055ms,189055,117.662,0.199096
189103ms,189103,117.862,0.201533
189135ms,189135,118.078,0.200852
189167ms,189167,118.439,0.202561
189199ms,189199,118.467,0.203931
189232ms,189232,118.853,0.202633
189264ms,189264,118.814,0.205421
189296ms,189296,119.325,0.204160
189328ms,189328,119.536,0.203508
189359ms,189359,119.682,0.209270
189392ms,189392,119.937,0.204940
189424ms,189424,119.788,0.203255
189456ms,189456,119.819,0.203327
189503ms,189503,119.854,0.203375
189535ms,189535,119.903,0.203363
189567ms,189567,119.914,0.203416
189599ms,189599,119.880,0.203846
189632ms,189632,119.804,0.203231
189664ms,189664,119.786,0.203582
189727ms,189727,119.819,0.205508
189760ms,189760,119.616,0.208041
189792ms,189792,119.171,0.201514
189824ms,189824,118.799,0.201477
189903ms,189903,118.140,0.200907
189936ms,189936,117.861,0.199775
189968ms,189968,117.499,0.198943
189999ms,189999,117.203,0.199554
190032ms,190032,116.941,0.199188
190160ms,190160,116.560,0.198423
190192ms,190192,116.821,0.198647
190239ms,190239,116.671,0.198938
190271ms,190271,116.798,0.200771
190368ms,190368,116.863,0.197524
190400ms,190400,117.038,0.204015
190432ms,190432,117.132,0.197729
190464ms,190464,117.467,0.198468
190528ms,190528,117.757,0.198300
190560ms,190560,117.930,0.209849
190592ms,190592,118.020,0.203117
190639ms,190639,118.320,0.202418
190671ms,190671,118.303,0.204798
190703ms,190703,118.881,0.200877
190736ms,190736,119.205,0.204008
190768ms,190768,119.279,0.202757
190831ms,190831,119.695,0.208860
190864ms,190864,119.784,0.203094
190896ms,190896,119.901,0.203525
190928ms,190928,119.930,0.203573
190960ms,190960,119.961,0.203809
191007ms,191007,119.865,0.203493
191039ms,191039,119.828,0.203449
191071ms,191071,119.831,0.203555
191103ms,191103,119.874,0.203780
191136ms,191136,119.907,0.203961
191168ms,191168,119.843,0.203748
191200ms,191200,119.931,0.204187
191232ms,191232,119.719,0.211228
191264ms,191264,119.530,0.207993
191296ms,191296,119.108,0.201588
191328ms,191328,118.624,0.200663
191375ms,191375,118.212,0.200450
191407ms,191407,118.034,0.201808
191439ms,191439,117.661,0.200760
191471ms,191471,117.278,0.199790
191504ms,191504,117.252,0.199873
191568ms,191568,116.895,0.198723
191632ms,191632,116.728,0.198184
191696ms,191696,116.847,0.197448
191775ms,191775,116.803,0.207513
191872ms,191872,117.111,0.200557
191904ms,191904,117.168,0.201882
192000ms,192000,117.576,0.199653
192032ms,192032,117.815,0.199697
192064ms,192064,118.122,0.201863
192096ms,192096,117.981,0.203282
192143ms,192143,118.507,0.208875
192175ms,192175,118.476,0.203782
192207ms,192207,118.956,0.201687
192239ms,192239,118.943,0.202410
192271ms,192271,119.314,0.202072
192304ms,192304,119.672,0.210393
192336ms,192336,119.700,0.208390
192368ms,192368,119.937,0.203780
192400ms,192400,119.856,0.203690
192432ms,192432,119.898,0.203317
192464ms,192464,119.877,0.203141
192512ms,192512,119.849,0.203706
192544ms,192544,119.886,0.203737
192575ms,192575,119.887,0.203533
192608ms,192608,119.855,0.203769
192639ms,192639,119.879,0.203221
192672ms,192672,119.801,0.203528
192704ms,192704,119.761,0.204589
192736ms,192736,119.719,0.209145
192768ms,192768,119.314,0.202038
192800ms,192800,118.723,0.201969
192832ms,192832,118.507,0.199707
192864ms,192864,118.174,0.202149
192911ms,192911,117.659,0.199655
193007ms,193007,117.144,0.200003
193071ms,193071,116.734,0.197620
193200ms,193200,116.624,0.198041
193311ms,193311,116.780,0.206239
193343ms,193343,116.914,0.204449
193376ms,193376,117.201,0.201929
193408ms,193408,117.245,0.199252
193439ms,193439,117.456,0.203041
193472ms,193472,117.565,0.198233
193504ms,193504,117.769,0.199487
193536ms,193536,117.778,0.202739
193568ms,193568,118.049,0.208084
193600ms,193600,118.388,0.202890
193679ms,193679,118.817,0.200785
193711ms,193711,119.117,0.201744
193743ms,193743,119.244,0.205595
193775ms,193775,119.308,0.203313
193808ms,193808,119.693,0.208942
193840ms,193840,119.873,0.203096
193872ms,193872,119.858,0.203895
193904ms,193904,119.877,0.203970
193936ms,193936,119.828,0.203833
193968ms,193968,119.909,0.203947
194000ms,194000,119.924,0.203576
194048ms,194048,119.842,0.203577
194079ms,194079,119.966,0.203659
194111ms,194111,119.958,0.204019
194143ms,194143,119.869,0.204173
194175ms,194175,119.890,0.203536
194208ms,194208,119.749,0.207015
194240ms,194240,119.625,0.215498
194272ms,194272,118.963,0.202171
194304ms,194304,118.679,0.202589
194336ms,194336,118.327,0.201410
194368ms,194368,117.967,0.201278
194415ms,194415,117.892,0.200101
194447ms,194447,117.364,0.199149
194479ms,194479,117.256,0.203263
194511ms,194511,116.984,0.198728
194575ms,194575,116.778,0.198203
194639ms,194639,116.838,0.197315
194671ms,194671,116.583,0.197534
194704ms,194704,116.510,0.197747
194736ms,194736,116.698,0.204884
194768ms,194768,116.974,0.200936
194847ms,194847,117.119,0.201701
194879ms,194879,117.204,0.205033
194912ms,194912,117.130,0.198844
194944ms,194944,117.447,0.199718
194976ms,194976,117.654,0.197926
195008ms,195008,117.682,0.199001
195071ms,195071,118.235,0.204188
195104ms,195104,118.410,0.203732
195136ms,195136,118.503,0.204520
195183ms,195183,118.800,0.204059
195215ms,195215,119.099,0.202086
195248ms,195248,119.399,0.203520
195279ms,195279,119.467,0.204655
195312ms,195312,119.668,0.209204
195344ms,195344,119.763,0.204958
195376ms,195376,119.922,0.203390
195408ms,195408,119.887,0.203469
195440ms,195440,119.913,0.203268
195472ms,195472,119.916,0.203272
195504ms,195504,119.863,0.203579
195551ms,195551,119.852,0.203398
195583ms,195583,119.870,0.203770
195615ms,195615,119.800,0.203389
195647ms,195647,119.867,0.203601
195679ms,195679,119.718,0.203403
195711ms,195711,119.613,0.214219
195744ms,195744,119.421,0.206730
195776ms,195776,118.808,0.202389
195808ms,195808,118.619,0.200506
195840ms,195840,118.443,0.202551
195872ms,195872,117.951,0.200309
195904ms,195904,117.470,0.199979
195951ms,195951,117.314,0.199863
195983ms,195983,117.404,0.202712
196015ms,196015,116.928,0.198869
196111ms,196111,116.664,0.198450
196144ms,196144,116.829,0.198870
196272ms,196272,116.829,0.209086
196319ms,196319,117.036,0.200146
196351ms,196351,117.025,0.202078
196383ms,196383,117.121,0.200849
196416ms,196416,117.359,0.199186
196447ms,196447,117.370,0.198821
196480ms,196480,117.790,0.198264
196512ms,196512,117.688,0.200223
196544ms,196544,118.080,0.201267
196576ms,196576,118.341,0.199944
196608ms,196608,118.410,0.206929
196640ms,196640,118.745,0.201970
196687ms,196687,119.025,0.201941
196719ms,196719,119.198,0.203048
196751ms,196751,119.350,0.202363
196783ms,196783,119.651,0.209024
196815ms,196815,119.862,0.207360
196848ms,196848,119.852,0.203007
196879ms,196879,119.874,0.203346
196912ms,196912,120.013,0.203400
196944ms,196944,119.886,0.203425
196976ms,196976,119.886,0.203290
197008ms,197008,119.872,0.203549
197040ms,197040,119.849,0.203740
197087ms,197087,119.850,0.203434
197119ms,197119,119.753,0.205219
197151ms,197151,119.825,0.203511
197183ms,197183,119.760,0.212227
197215ms,197215,119.419,0.211198
197247ms,197247,119.030,0.201195
197280ms,197280,118.750,0.201619
197311ms,197311,118.255,0.202616
197343ms,197343,117.970,0.202474
197376ms,197376,117.799,0.200781
197408ms,197408,117.429,0.199217
197455ms,197455,117.280,0.201546
197488ms,197488,117.099,0.197448
197584ms,197584,116.880,0.200033
197616ms,197616,116.712,0.198775
197648ms,197648,116.593,0.196914
197680ms,197680,116.649,0.202622
197712ms,197712,116.759,0.204825
197744ms,197744,116.897,0.204793
197823ms,197823,116.986,0.201728
197856ms,197856,117.180,0.202719
197887ms,197887,117.290,0.199866
197920ms,197920,117.476,0.198605
197951ms,197951,117.593,0.198910
197984ms,197984,117.708,0.199000
198016ms,198016,117.948,0.200543
198048ms,198048,118.200,0.202495
198079ms,198079,118.498,0.204678
198112ms,198112,118.564,0.203857
198144ms,198144,118.863,0.202327
198176ms,198176,119.101,0.203138
198223ms,198223,119.227,0.203218
198255ms,198255,119.678,0.206035
198288ms,198288,119.765,0.209189
198319ms,198319,119.752,0.206046
198352ms,198352,119.772,0.203753
198384ms,198384,119.851,0.203536
198416ms,198416,119.867,0.203321
198479ms,198479,119.852,0.203244
198512ms,198512,119.843,0.203358
198544ms,198544,119.889,0.203184
198591ms,198591,119.875,0.203141
198623ms,198623,119.776,0.205603
198656ms,198656,119.885,0.202800
198687ms,198687,119.702,0.207955
198719ms,198719,119.225,0.201776
198752ms,198752,118.689,0.204661
198784ms,198784,118.424,0.200149
198815ms,198815,117.997,0.201681
198880ms,198880,117.424,0.199762
198959ms,198959,117.035,0.199716
199088ms,199088,116.533,0.200370
199183ms,199183,116.888,0.198236
199248ms,199248,117.011,0.209890
199280ms,199280,117.012,0.198614
199311ms,199311,117.037,0.198452
199359ms,199359,117.189,0.202131
199391ms,199391,117.546,0.200858
199423ms,199423,117.314,0.198815
199456ms,199456,117.774,0.200474
199488ms,199488,117.788,0.207656
199520ms,199520,118.127,0.201775
199552ms,199552,118.563,0.201057
199584ms,199584,118.440,0.210764
199616ms,199616,118.840,0.202099
199648ms,199648,119.124,0.202441
199680ms,199680,119.118,0.203044
199727ms,199727,119.427,0.203010
199759ms,199759,119.769,0.207113
199791ms,199791,119.977,0.203499
199823ms,199823,119.805,0.203049
199856ms,199856,119.883,0.203357
199888ms,199888,119.864,0.203689
199920ms,199920,119.823,0.203994
199952ms,199952,119.851,0.203906
199984ms,199984,119.865,0.203362
200016ms,200016,119.855,0.203604
200048ms,200048,119.902,0.202989
200095ms,200095,119.948,0.203750
200127ms,200127,119.729,0.203660
200191ms,200191,119.148,0.207622
200256ms,200256,118.669,0.200709
200288ms,200288,118.361,0.199842
200320ms,200320,117.977,0.201935
200352ms,200352,117.610,0.203019
200384ms,200384,117.445,0.199242
200416ms,200416,117.349,0.200989
200527ms,200527,116.961,0.197106
200591ms,200591,116.792,0.197025
200624ms,200624,116.567,0.205829
200656ms,200656,116.695,0.203339
200688ms,200688,116.620,0.203854
200720ms,200720,116.920,0.200594
200752ms,200752,117.027,0.202210
200784ms,200784,117.036,0.201709
200816ms,200816,117.109,0.205149
200863ms,200863,117.279,0.201377
200895ms,200895,117.628,0.201788
200927ms,200927,117.751,0.198260
200959ms,200959,117.747,0.199408
200992ms,200992,117.975,0.204672
201055ms,201055,118.450,0.204992
201087ms,201087,118.726,0.208151
201119ms,201119,119.116,0.201845
201151ms,201151,119.094,0.203838
201183ms,201183,119.148,0.202520
201231ms,201231,119.701,0.208888
201263ms,201263,119.809,0.203644
201295ms,201295,119.933,0.203440
201327ms,201327,119.874,0.203305
201359ms,201359,119.821,0.202939
201391ms,201391,119.907,0.203491
201424ms,201424,119.899,0.203664
201456ms,201456,119.913,0.203820
201488ms,201488,119.941,0.203214
201520ms,201520,119.903,0.203177
201583ms,201583,119.855,0.203337
201631ms,201631,119.729,0.204691
201663ms,201663,119.377,0.208361
201695ms,201695,119.048,0.200472
201728ms,201728,118.680,0.200527
201759ms,201759,118.329,0.202163
201791ms,201791,118.188,0.203133
201824ms,201824,117.709,0.200047
201856ms,201856,117.342,0.200391
201888ms,201888,117.293,0.201660
201920ms,201920,117.153,0.198629
202224ms,202224,117.053,0.201392
202256ms,202256,116.973,0.202379
202288ms,202288,116.981,0.203554
202320ms,202320,117.181,0.199198
202367ms,202367,117.419,0.202109
202399ms,202399,117.644,0.198245
202431ms,202431,117.700,0.199190
202463ms,202463,117.889,0.206489
202495ms,202495,118.261,0.202084
202528ms,202528,118.303,0.204191
202559ms,202559,118.413,0.206307
202592ms,202592,119.098,0.201873
202624ms,202624,118.972,0.200823
202656ms,202656,119.432,0.201778
202719ms,202719,119.838,0.206210
202767ms,202767,119.835,0.203626
202799ms,202799,119.887,0.203927
202831ms,202831,119.861,0.203522
202863ms,202863,119.828,0.204127
202896ms,202896,119.815,0.203287
202928ms,202928,119.837,0.203392
202960ms,202960,119.882,0.203810
202991ms,202991,119.866,0.203786
203024ms,203024,119.850,0.203823
203056ms,203056,119.820,0.203102
203088ms,203088,119.667,0.209000
203136ms,203136,119.790,0.210961
203168ms,203168,119.386,0.201700
203199ms,203199,118.732,0.202151
203231ms,203231,118.371,0.202358
203264ms,203264,118.119,0.200903
203296ms,203296,117.883,0.199575
203328ms,203328,117.254,0.201318
203360ms,203360,117.345,0.199505
203392ms,203392,117.102,0.198934
203456ms,203456,116.876,0.198816
203488ms,203488,116.587,0.200046
203535ms,203535,116.623,0.202262
203631ms,203631,116.718,0.209027
203696ms,203696,116.860,0.218578
203727ms,203727,116.897,0.202553
203760ms,203760,116.984,0.205467
203791ms,203791,117.019,0.200966
203855ms,203855,117.387,0.199911
203903ms,203903,117.931,0.198559
203935ms,203935,117.910,0.207715
203967ms,203967,118.009,0.208210
203999ms,203999,118.183,0.203605
204032ms,204032,118.447,0.202759
204063ms,204063,118.801,0.202116
204095ms,204095,119.025,0.201336
204128ms,204128,119.065,0.202265
204160ms,204160,119.313,0.204322
204192ms,204192,119.631,0.205960
204224ms,204224,119.967,0.203821
204271ms,204271,119.954,0.204356
204303ms,204303,119.960,0.204516
204335ms,204335,119.808,0.203623
204367ms,204367,119.923,0.203978
204399ms,204399,119.924,0.203586
204431ms,204431,119.869,0.203708
204463ms,204463,119.905,0.203913
204496ms,204496,119.902,0.203970
204528ms,204528,119.972,0.203999
204560ms,204560,119.920,0.204074
204592ms,204592,119.770,0.207422
204624ms,204624,119.486,0.205908
204671ms,204671,119.118,0.202555
204703ms,204703,118.728,0.200306
204735ms,204735,118.453,0.202040
204768ms,204768,117.855,0.201207
204800ms,204800,117.704,0.199966
204832ms,204832,117.473,0.198878
204864ms,204864,117.279,0.201026
204896ms,204896,117.133,0.197895
204960ms,204960,116.695,0.203786
204992ms,204992,116.659,0.201240
205103ms,205103,116.722,0.200434
205135ms,205135,116.784,0.201220
205167ms,205167,116.838,0.206530
205231ms,205231,117.121,0.199825
205263ms,205263,117.067,0.202670
205295ms,205295,117.219,0.199151
205327ms,205327,117.662,0.199185
205360ms,205360,117.763,0.198902
205407ms,205407,117.702,0.203471
205439ms,205439,118.145,0.204002
205471ms,205471,118.040,0.204063
205503ms,205503,118.451,0.205354
205536ms,205536,118.694,0.204428
205568ms,205568,118.950,0.203752
205600ms,205600,118.970,0.202224
205632ms,205632,119.340,0.203776
205663ms,205663,119.676,0.209096
205695ms,205695,119.756,0.205034
205728ms,205728,119.876,0.203811
205760ms,205760,119.853,0.203601
205808ms,205808,119.847,0.202996
205839ms,205839,119.870,0.202915
205871ms,205871,119.893,0.203382
205904ms,205904,119.997,0.203500
205935ms,205935,119.810,0.203304
205968ms,205968,119.868,0.203610
206000ms,206000,119.964,0.203370
206032ms,206032,119.883,0.203264
206063ms,206063,119.738,0.208832
206096ms,206096,119.486,0.210444
206128ms,206128,119.067,0.200970
206175ms,206175,118.787,0.201835
206207ms,206207,118.187,0.199674
206239ms,206239,118.041,0.201537
206271ms,206271,117.892,0.199968
206303ms,206303,117.412,0.199508
206336ms,206336,117.333,0.201679
206368ms,206368,117.088,0.199982
206432ms,206432,116.534,0.204792
206608ms,206608,116.889,0.198087
206639ms,206639,116.720,0.201315
206704ms,206704,116.987,0.199185
206736ms,206736,117.108,0.201228
206768ms,206768,117.131,0.198122
206800ms,206800,117.513,0.199225
206832ms,206832,117.704,0.200028
206864ms,206864,117.715,0.200199
206896ms,206896,117.726,0.201025
206975ms,206975,118.474,0.206054
207007ms,207007,118.438,0.205833
207039ms,207039,118.751,0.202948
207071ms,207071,119.002,0.201497
207103ms,207103,119.287,0.202021
207135ms,207135,119.465,0.201942
207168ms,207168,119.949,0.203964
207199ms,207199,119.785,0.203491
207232ms,207232,119.893,0.203593
207264ms,207264,119.880,0.203310
207311ms,207311,119.873,0.203430
207343ms,207343,119.850,0.203288
207375ms,207375,119.858,0.202981
207407ms,207407,119.897,0.203327
207439ms,207439,119.883,0.203771
207471ms,207471,119.872,0.203607
207504ms,207504,119.863,0.203756
207536ms,207536,119.847,0.203845
207568ms,207568,119.471,0.213525
207599ms,207599,119.324,0.201898
207632ms,207632,118.784,0.202641
207679ms,207679,118.562,0.199517
207711ms,207711,118.118,0.203491
207743ms,207743,117.862,0.200111
207775ms,207775,117.459,0.199165
207807ms,207807,117.392,0.199682
207839ms,207839,117.168,0.199167
207903ms,207903,116.794,0.198213
208000ms,208000,116.836,0.198598
208032ms,208032,116.539,0.198814
208143ms,208143,116.825,0.208645
208208ms,208208,117.060,0.198722
208240ms,208240,117.157,0.199471
208272ms,208272,117.414,0.200449
208304ms,208304,117.419,0.198193
208336ms,208336,117.773,0.198293
208368ms,208368,117.880,0.207574
208400ms,208400,118.306,0.204706
208448ms,208448,118.299,0.203539
208479ms,208479,118.388,0.206357
208511ms,208511,118.758,0.200804
208543ms,208543,119.129,0.202232
208576ms,208576,119.160,0.203990
208608ms,208608,119.296,0.202933
208640ms,208640,119.776,0.206042
208672ms,208672,119.812,0.203447
208704ms,208704,119.836,0.203351
208736ms,208736,119.834,0.203373
208768ms,208768,119.836,0.202775
208815ms,208815,119.865,0.203725
208847ms,208847,119.842,0.203450
208879ms,208879,119.882,0.203329
208911ms,208911,119.900,0.203399
208944ms,208944,119.853,0.203406
208976ms,208976,119.891,0.203635
209008ms,209008,119.899,0.203755
209072ms,209072,119.487,0.213271
209104ms,209104,119.035,0.202548
209136ms,209136,118.737,0.201168
209168ms,209168,118.301,0.200423
209215ms,209215,118.133,0.202014
209247ms,209247,117.667,0.200949
209279ms,209279,117.430,0.199535
209343ms,209343,117.059,0.198823
209376ms,209376,116.738,0.203366
209408ms,209408,116.901,0.201028
209583ms,209583,116.760,0.200736
209679ms,209679,116.974,0.199492
209712ms,209712,117.206,0.202239
209744ms,209744,117.152,0.198444
209776ms,209776,117.472,0.199061
209808ms,209808,117.558,0.200715
209840ms,209840,117.820,0.199137
209872ms,209872,117.856,0.198495
209904ms,209904,118.158,0.201565
209951ms,209951,118.342,0.202295
209984ms,209984,118.458,0.205639
210016ms,210016,118.938,0.202522
210047ms,210047,119.023,0.202168
210079ms,210079,119.210,0.202572
210111ms,210111,119.681,0.208514
210144ms,210144,119.677,0.212917
210176ms,210176,119.656,0.204607
210208ms,210208,119.796,0.203882
210240ms,210240,119.864,0.203846
210272ms,210272,119.882,0.203133
210304ms,210304,119.828,0.203064
210351ms,210351,119.814,0.203829
210384ms,210384,119.837,0.203488
210415ms,210415,119.834,0.203768
210479ms,210479,119.794,0.203442
210512ms,210512,119.743,0.204148
210544ms,210544,119.648,0.211186
210576ms,210576,119.304,0.200774
210608ms,210608,118.869,0.202309
210672ms,210672,118.150,0.200732
210719ms,210719,117.877,0.199605
210751ms,210751,117.397,0.199424
210783ms,210783,117.424,0.201734
210815ms,210815,117.088,0.200392
210847ms,210847,116.755,0.199578
210912ms,210912,116.873,0.197993
210975ms,210975,116.821,0.198582
211039ms,211039,116.696,0.199028
211119ms,211119,116.912,0.205736
211183ms,211183,116.949,0.202209
211215ms,211215,117.169,0.198764
211248ms,211248,117.604,0.199298
211280ms,211280,117.406,0.198123
211312ms,211312,117.840,0.199611
211344ms,211344,117.795,0.200083
211376ms,211376,118.263,0.201394
211408ms,211408,118.335,0.204697
211440ms,211440,118.474,0.208270
211487ms,211487,118.774,0.200012
211519ms,211519,119.053,0.202128
211551ms,211551,119.084,0.204104
211615ms,211615,119.753,0.209198
211648ms,211648,119.758,0.203955
211680ms,211680,119.829,0.203264
211712ms,211712,119.798,0.204212
211744ms,211744,119.853,0.204056
211776ms,211776,119.854,0.203423
211808ms,211808,119.861,0.203211
211855ms,211855,119.856,0.203808
211887ms,211887,119.853,0.203450
211919ms,211919,119.815,0.203164
211951ms,211951,119.668,0.202513
211984ms,211984,119.731,0.203118
212016ms,212016,119.699,0.209792
212048ms,212048,119.495,0.210008
212079ms,212079,119.048,0.200586
212112ms,212112,118.736,0.201236
212144ms,212144,118.367,0.200800
212176ms,212176,118.071,0.201433
212255ms,212255,117.462,0.199692
212448ms,212448,116.825,0.198772
212480ms,212480,116.516,0.199129
212512ms,212512,116.706,0.198162
212655ms,212655,116.975,0.200591
212687ms,212687,117.209,0.199765
212719ms,212719,117.217,0.200719
212752ms,212752,117.328,0.198840
212815ms,212815,117.683,0.209353
212848ms,212848,118.113,0.203738
212880ms,212880,118.267,0.201635
212912ms,212912,118.388,0.203898
212944ms,212944,118.540,0.202832
212991ms,212991,119.025,0.201676
213023ms,213023,119.139,0.203144
213055ms,213055,119.234,0.202252
213087ms,213087,119.690,0.207179
213120ms,213120,119.611,0.209072
213152ms,213152,119.729,0.204575
213184ms,213184,119.841,0.203295
213216ms,213216,119.855,0.203288
213248ms,213248,119.880,0.203496
213280ms,213280,119.834,0.203463
213312ms,213312,119.832,0.203638
213344ms,213344,119.845,0.203556
213391ms,213391,119.857,0.203343
213423ms,213423,119.869,0.203627
213455ms,213455,119.828,0.203213
213487ms,213487,119.998,0.206354
213519ms,213519,119.580,0.207365
213551ms,213551,119.101,0.201662
213584ms,213584,118.705,0.202439
213616ms,213616,118.269,0.200993
213648ms,213648,118.021,0.201212
213680ms,213680,117.730,0.201017
213712ms,213712,117.493,0.199762
213759ms,213759,117.255,0.200979
213791ms,213791,117.119,0.198738
213984ms,213984,116.577,0.204313
214016ms,214016,116.587,0.207636
214048ms,214048,116.493,0.198423
214128ms,214128,116.980,0.198773
214159ms,214159,117.117,0.205504
214191ms,214191,117.160,0.198339
214256ms,214256,117.579,0.198615
214288ms,214288,117.620,0.202816
214319ms,214319,117.826,0.208518
214352ms,214352,118.060,0.202508
214384ms,214384,118.435,0.205403
214416ms,214416,118.538,0.206423
214448ms,214448,118.750,0.201512
214480ms,214480,119.028,0.202029
214527ms,214527,119.170,0.202470
214559ms,214559,119.309,0.202730
214591ms,214591,119.763,0.206036
214624ms,214624,119.866,0.203475
214655ms,214655,119.840,0.203742
214688ms,214688,119.900,0.203447
214720ms,214720,119.834,0.203599
214752ms,214752,119.811,0.202694
214784ms,214784,119.801,0.202720
214816ms,214816,119.816,0.203023
214848ms,214848,119.868,0.203325
214895ms,214895,119.797,0.202752
214927ms,214927,119.769,0.203748
214959ms,214959,119.751,0.204034
214991ms,214991,119.642,0.211786
215023ms,215023,119.396,0.208667
215055ms,215055,118.909,0.201101
215088ms,215088,118.655,0.200337
215120ms,215120,118.447,0.200876
215152ms,215152,117.922,0.200515
215264ms,215264,117.314,0.200557
215295ms,215295,116.940,0.200508
215391ms,215391,116.771,0.198464
215424ms,215424,116.763,0.197451
215456ms,215456,116.651,0.197377
215520ms,215520,116.623,0.202979
215616ms,215616,116.888,0.208012
215695ms,215695,117.321,0.200015
215727ms,215727,117.412,0.198030
215759ms,215759,117.604,0.198107
215792ms,215792,117.971,0.199992
215824ms,215824,118.251,0.200561
215856ms,215856,118.281,0.201204
215888ms,215888,118.533,0.204906
215920ms,215920,118.774,0.205520
215952ms,215952,119.051,0.201466
215984ms,215984,119.170,0.204196
216031ms,216031,119.375,0.202414
216063ms,216063,119.575,0.208313
216095ms,216095,119.650,0.202610
216127ms,216127,119.927,0.203497
216159ms,216159,119.886,0.203846
216192ms,216192,119.863,0.204167
216224ms,216224,119.807,0.203949
216256ms,216256,119.853,0.203922
216288ms,216288,119.827,0.202959
216320ms,216320,119.820,0.203397
216352ms,216352,119.753,0.203704
216399ms,216399,119.866,0.203821
216431ms,216431,119.933,0.203873
216463ms,216463,119.775,0.204068
216496ms,216496,119.544,0.209948
216528ms,216528,119.231,0.201514
216560ms,216560,118.646,0.200370
216592ms,216592,118.110,0.199249
216624ms,216624,118.082,0.201311
216656ms,216656,117.816,0.201769
216688ms,216688,117.362,0.199332
216720ms,216720,117.238,0.204069
216752ms,216752,117.052,0.198315
216799ms,216799,116.743,0.200908
216927ms,216927,116.714,0.197657
217024ms,217024,116.559,0.200061
217055ms,217055,117.252,0.199455
217088ms,217088,117.035,0.198115
217120ms,217120,117.291,0.200233
217167ms,217167,117.142,0.198030
217199ms,217199,117.603,0.198683
217231ms,217231,117.415,0.199730
217263ms,217263,117.854,0.200864
217296ms,217296,117.892,0.199427
217328ms,217328,118.083,0.201339
217359ms,217359,118.402,0.203106
217392ms,217392,118.391,0.201972
217424ms,217424,118.970,0.200128
217456ms,217456,118.983,0.202090
217488ms,217488,119.195,0.202744
217535ms,217535,119.427,0.203240
217567ms,217567,119.797,0.203951
217600ms,217600,119.865,0.203792
217631ms,217631,119.853,0.202752
217664ms,217664,119.859,0.203317
217728ms,217728,119.880,0.203370
217759ms,217759,119.920,0.203383
217792ms,217792,119.854,0.203850
217824ms,217824,119.838,0.203283
217856ms,217856,119.854,0.203477
217888ms,217888,119.872,0.203319
217935ms,217935,119.892,0.204533
217967ms,217967,119.509,0.213976
217999ms,217999,119.308,0.204067
218031ms,218031,118.952,0.203537
218063ms,218063,118.546,0.200722
218096ms,218096,118.339,0.200871
218127ms,218127,117.797,0.200889
218160ms,218160,117.619,0.199878
218224ms,218224,117.230,0.200837
218303ms,218303,116.788,0.198962
218399ms,218399,116.696,0.197405
218495ms,218495,116.706,0.204720
218528ms,218528,116.931,0.207472
218592ms,218592,116.884,0.199490
218671ms,218671,117.390,0.200048
218703ms,218703,117.402,0.203470
218735ms,218735,117.848,0.199126
218767ms,218767,117.631,0.199876
218800ms,218800,118.106,0.201465
218832ms,218832,118.257,0.204048
218864ms,218864,118.350,0.207033
218896ms,218896,118.754,0.203581
218928ms,218928,118.922,0.201209
218960ms,218960,119.035,0.201553
218992ms,218992,119.235,0.202860
219024ms,219024,119.602,0.209089
219071ms,219071,119.757,0.205302
219103ms,219103,119.779,0.203143
219135ms,219135,119.805,0.202915
219168ms,219168,119.809,0.203515
219199ms,219199,119.843,0.203228
219232ms,219232,119.842,0.203164
219264ms,219264,119.848,0.203619
219295ms,219295,119.925,0.203327
219328ms,219328,119.826,0.204147
219360ms,219360,119.896,0.203261
219392ms,219392,119.907,0.203524
219439ms,219439,119.812,0.203372
219471ms,219471,119.694,0.211447
219503ms,219503,119.205,0.202575
219535ms,219535,118.716,0.202325
219568ms,219568,118.202,0.200523
219600ms,219600,118.026,0.203523
219632ms,219632,117.925,0.200224
219664ms,219664,117.536,0.200087
219792ms,219792,116.828,0.197737
219935ms,219935,116.558,0.203604
220032ms,220032,116.949,0.208374
220063ms,220063,117.073,0.197386
220096ms,220096,117.066,0.199530
220128ms,220128,117.164,0.198616
220160ms,220160,117.467,0.199381
220207ms,220207,117.425,0.198845
220239ms,220239,117.766,0.202051
220271ms,220271,117.816,0.201874
220303ms,220303,118.036,0.199660
220336ms,220336,118.335,0.202490
220368ms,220368,118.480,0.203158
220400ms,220400,118.953,0.201942
220432ms,220432,118.976,0.201648
220464ms,220464,119.227,0.204026
220496ms,220496,119.413,0.205509
220528ms,220528,119.725,0.207257
220575ms,220575,119.845,0.203017
220607ms,220607,119.880,0.203825
220639ms,220639,119.887,0.203609
220671ms,220671,119.821,0.203712
220704ms,220704,119.881,0.203917
220768ms,220768,119.841,0.203315
220800ms,220800,119.902,0.202942
220832ms,220832,119.948,0.203257
220863ms,220863,119.896,0.203654
220896ms,220896,119.823,0.204236
220928ms,220928,119.771,0.213303
220975ms,220975,119.423,0.208419
221071ms,221071,118.239,0.200925
221104ms,221104,117.735,0.200570
221136ms,221136,117.556,0.198902
221168ms,221168,117.295,0.199914
221200ms,221200,117.228,0.199685
221343ms,221343,116.639,0.197813
221439ms,221439,116.455,0.199946
221504ms,221504,116.871,0.202956
221536ms,221536,117.117,0.198322
221568ms,221568,116.957,0.200687
221631ms,221631,117.509,0.199280
221664ms,221664,117.394,0.198750
221711ms,221711,117.686,0.198753
221743ms,221743,117.763,0.202157
221775ms,221775,118.240,0.202213
221807ms,221807,118.324,0.204257
221840ms,221840,118.408,0.205283
221872ms,221872,118.741,0.203278
221904ms,221904,119.145,0.200637
221936ms,221936,119.130,0.203445
221968ms,221968,119.481,0.202971
222000ms,222000,119.692,0.207777
222032ms,222032,119.816,0.203838
222064ms,222064,119.870,0.204025
222111ms,222111,119.789,0.203459
222175ms,222175,119.867,0.203646
222208ms,222208,119.897,0.203514
222239ms,222239,119.879,0.203819
222272ms,222272,119.875,0.203294
222304ms,222304,119.866,0.203477
222336ms,222336,119.915,0.203574
222368ms,222368,119.841,0.205087
222400ms,222400,119.689,0.207836
222432ms,222432,119.517,0.207583
222479ms,222479,119.150,0.202843
222511ms,222511,118.538,0.201052
222543ms,222543,118.285,0.200461
222576ms,222576,117.858,0.203737
222608ms,222608,117.802,0.200045
222639ms,222639,117.315,0.199038
222671ms,222671,117.164,0.201417
222704ms,222704,117.312,0.198572
222736ms,222736,116.720,0.204713
222768ms,222768,116.305,0.197348
222847ms,222847,116.847,0.198409
222911ms,222911,116.580,0.203020
223040ms,223040,117.108,0.199346
223072ms,223072,117.160,0.198765
223168ms,223168,117.589,0.199895
223200ms,223200,117.721,0.199079
223247ms,223247,117.917,0.202086
223279ms,223279,118.018,0.202281
223311ms,223311,118.356,0.203371
223344ms,223344,118.560,0.205692
223375ms,223375,118.967,0.201347
223408ms,223408,119.157,0.203546
223440ms,223440,119.222,0.203982
223472ms,223472,119.597,0.207621
223504ms,223504,119.643,0.206828
223536ms,223536,119.935,0.203673
223568ms,223568,119.961,0.203548
223615ms,223615,119.892,0.203496
223647ms,223647,119.759,0.203426
223679ms,223679,119.819,0.203238
223711ms,223711,119.864,0.203009
223743ms,223743,119.950,0.203646
223776ms,223776,119.872,0.203433
223808ms,223808,119.931,0.203550
223840ms,223840,119.889,0.203447
223872ms,223872,119.872,0.203707
223904ms,223904,119.501,0.208254
223936ms,223936,119.417,0.202061
223983ms,223983,118.938,0.202444
224047ms,224047,118.253,0.201195
224079ms,224079,117.893,0.200376
224112ms,224112,117.353,0.199780
224143ms,224143,117.388,0.199459
224240ms,224240,116.969,0.198313
224304ms,224304,116.587,0.199067
224336ms,224336,116.888,0.197543
224383ms,224383,116.666,0.198625
224479ms,224479,116.878,0.205858
224512ms,224512,117.101,0.198593
224544ms,224544,117.048,0.199675
224576ms,224576,117.150,0.204162
224639ms,224639,117.496,0.197878
224672ms,224672,117.857,0.200997
224704ms,224704,117.864,0.199786
224751ms,224751,118.093,0.205852
224783ms,224783,118.493,0.207574
224815ms,224815,118.500,0.208744
224848ms,224848,118.920,0.202714
224880ms,224880,118.972,0.202708
224912ms,224912,119.188,0.204007
224944ms,224944,119.482,0.202576
224976ms,224976,119.652,0.209146
225008ms,225008,119.722,0.204538
225039ms,225039,119.838,0.202946
225072ms,225072,120.007,0.204732
225119ms,225119,119.889,0.204195
225151ms,225151,119.918,0.203726
225183ms,225183,119.839,0.203441
225215ms,225215,119.854,0.202966
225247ms,225247,119.851,0.203014
225280ms,225280,119.854,0.203199
225312ms,225312,119.816,0.203756
225344ms,225344,119.867,0.203142
225376ms,225376,119.633,0.209988
225408ms,225408,119.465,0.207841
225440ms,225440,119.080,0.200798
225472ms,225472,118.628,0.200338
225519ms,225519,118.193,0.200336
225551ms,225551,118.124,0.202455
225615ms,225615,117.346,0.199868
225648ms,225648,117.304,0.201921
225680ms,225680,117.036,0.199365
225840ms,225840,116.397,0.212088
225919ms,225919,116.917,0.197568
226015ms,226015,116.944,0.202589
226048ms,226048,117.205,0.199173
226080ms,226080,117.225,0.198688
226144ms,226144,117.707,0.199035
226176ms,226176,117.745,0.199265
226208ms,226208,117.981,0.204258
226255ms,226255,118.181,0.201659
226287ms,226287,118.522,0.203752
226319ms,226319,118.665,0.202890
226351ms,226351,119.203,0.202213
226383ms,226383,118.999,0.202442
226416ms,226416,119.416,0.203616
226448ms,226448,119.565,0.207521
226480ms,226480,119.895,0.204698
226512ms,226512,119.738,0.203219
226544ms,226544,119.834,0.203131
226576ms,226576,119.833,0.203632
226655ms,226655,119.851,0.203162
226687ms,226687,119.857,0.203622
226720ms,226720,119.868,0.203578
226751ms,226751,119.904,0.203628
226784ms,226784,119.832,0.204077
226848ms,226848,119.551,0.205390
226879ms,226879,119.537,0.209363
226912ms,226912,119.147,0.205662
226944ms,226944,118.807,0.202088
226976ms,226976,118.447,0.199818
227023ms,227023,118.125,0.200415
227055ms,227055,117.884,0.200071
227087ms,227087,117.426,0.200049
227119ms,227119,117.519,0.200472
227152ms,227152,117.067,0.198823
227216ms,227216,116.939,0.198557
227280ms,227280,116.588,0.197940
227391ms,227391,116.849,0.198144
227423ms,227423,116.659,0.204438
227455ms,227455,116.854,0.201775
227487ms,227487,117.000,0.200094
227519ms,227519,117.007,0.200313
227552ms,227552,117.145,0.198565
227584ms,227584,117.435,0.198503
227648ms,227648,117.729,0.198533
227680ms,227680,117.935,0.202010
227711ms,227711,118.030,0.204505
227791ms,227791,118.480,0.206135
227823ms,227823,118.756,0.201380
227855ms,227855,119.054,0.202392
227887ms,227887,119.161,0.203212
227919ms,227919,119.352,0.202666
227952ms,227952,119.694,0.208960
227984ms,227984,119.743,0.203260
228016ms,228016,119.899,0.203366
228048ms,228048,119.894,0.203084
228080ms,228080,119.842,0.203574
228112ms,228112,119.805,0.202893
228159ms,228159,119.798,0.203391
228191ms,228191,119.791,0.203478
228223ms,228223,119.852,0.203193
228255ms,228255,119.802,0.203440
228288ms,228288,119.777,0.203509
228319ms,228319,119.846,0.202971
228352ms,228352,119.848,0.212505
228384ms,228384,119.488,0.209653
228416ms,228416,118.966,0.201243
228448ms,228448,118.638,0.200765
228480ms,228480,118.106,0.199863
228527ms,228527,117.971,0.202828
228559ms,228559,117.713,0.200025
228591ms,228591,117.188,0.199164
228623ms,228623,117.105,0.199611
228655ms,228655,117.090,0.198050
228719ms,228719,116.933,0.201968
228991ms,228991,117.068,0.199322
229023ms,229023,117.124,0.201011
229055ms,229055,117.175,0.201529
229120ms,229120,117.663,0.200391
229152ms,229152,117.770,0.198200
229184ms,229184,117.965,0.200953
229216ms,229216,118.223,0.204144
229248ms,229248,118.457,0.211405
229295ms,229295,118.683,0.207023
229327ms,229327,118.783,0.203207
229359ms,229359,119.284,0.202459
229391ms,229391,119.295,0.202628
229423ms,229423,119.643,0.205807
229456ms,229456,119.667,0.207298
229488ms,229488,119.745,0.203766
229520ms,229520,119.873,0.203492
229552ms,229552,119.778,0.202944
229584ms,229584,119.786,0.203300
229616ms,229616,119.803,0.203056
229648ms,229648,119.750,0.204099
229695ms,229695,119.830,0.203343
229727ms,229727,119.792,0.202968
229759ms,229759,119.769,0.203476
229791ms,229791,119.825,0.203568
229824ms,229824,119.813,0.206220
229856ms,229856,119.524,0.206372
229888ms,229888,119.131,0.201202
229920ms,229920,118.778,0.204862
229952ms,229952,118.330,0.201757
229984ms,229984,118.054,0.200541
230063ms,230063,117.653,0.200319
230127ms,230127,117.090,0.199407
230159ms,230159,116.884,0.198675
230224ms,230224,116.749,0.197906
230256ms,230256,116.655,0.198868
230288ms,230288,116.789,0.198437
230352ms,230352,116.636,0.199992
230431ms,230431,116.912,0.206021
230463ms,230463,116.986,0.198782
230495ms,230495,117.119,0.200117
230527ms,230527,117.237,0.199226
230559ms,230559,117.341,0.198436
230624ms,230624,117.857,0.199331
230656ms,230656,117.934,0.203038
230688ms,230688,118.160,0.201195
230720ms,230720,118.418,0.200992
230752ms,230752,118.486,0.207078
230784ms,230784,118.752,0.201100
230831ms,230831,119.012,0.201799
230863ms,230863,119.327,0.204022
230895ms,230895,119.447,0.202606
230927ms,230927,119.556,0.204815
230959ms,230959,119.729,0.203091
230991ms,230991,119.796,0.203856
231024ms,231024,119.847,0.203181
231056ms,231056,119.907,0.203198
231088ms,231088,119.755,0.202305
231120ms,231120,119.795,0.203681
231152ms,231152,119.861,0.202901
231199ms,231199,119.777,0.203403
231231ms,231231,119.833,0.203333
231263ms,231263,119.866,0.202981
231295ms,231295,119.753,0.202504
231359ms,231359,119.424,0.210689
231392ms,231392,118.903,0.200708
231424ms,231424,118.603,0.200615
231456ms,231456,118.281,0.201739
231488ms,231488,118.239,0.201931
231520ms,231520,117.660,0.203423
231567ms,231567,117.300,0.198958
231599ms,231599,117.089,0.199473
231728ms,231728,116.752,0.198501
231760ms,231760,116.768,0.198368
231824ms,231824,116.591,0.202553
231856ms,231856,116.903,0.197604
231967ms,231967,116.934,0.199514
231999ms,231999,117.155,0.204505
232031ms,232031,117.258,0.198730
232063ms,232063,117.468,0.198821
232095ms,232095,117.688,0.197665
232128ms,232128,117.811,0.200391
232160ms,232160,118.002,0.202265
232192ms,232192,118.272,0.202102
232224ms,232224,118.352,0.203863
232256ms,232256,118.619,0.203144
232288ms,232288,119.033,0.201346
232335ms,232335,118.963,0.201856
232367ms,232367,119.265,0.202923
232399ms,232399,119.564,0.207854
232431ms,232431,119.636,0.208518
232495ms,232495,119.776,0.203510
232528ms,232528,119.783,0.203886
232560ms,232560,119.839,0.203962
232592ms,232592,119.790,0.203636
232624ms,232624,119.784,0.202900
232656ms,232656,119.805,0.202913
232703ms,232703,119.794,0.203602
232735ms,232735,119.800,0.203681
232767ms,232767,119.857,0.202947
232799ms,232799,119.824,0.205620
232831ms,232831,119.535,0.204564
232863ms,232863,119.267,0.201832
232896ms,232896,118.737,0.201971
232928ms,232928,118.239,0.199971
232960ms,232960,118.109,0.201346
232992ms,232992,117.957,0.199908
233024ms,233024,117.653,0.199816
233391ms,233391,116.992,0.199510
233424ms,233424,117.082,0.197030
233471ms,233471,117.149,0.199205
233503ms,233503,117.223,0.198583
233535ms,233535,117.388,0.199172
233568ms,233568,117.494,0.198695
233631ms,233631,117.712,0.198102
233664ms,233664,118.101,0.202257
233696ms,233696,118.423,0.204678
233728ms,233728,118.468,0.208416
233760ms,233760,118.699,0.200902
233792ms,233792,119.061,0.201586
233839ms,233839,119.165,0.202523
233871ms,233871,119.569,0.204482
233903ms,233903,119.550,0.208536
233936ms,233936,119.740,0.203301
233967ms,233967,119.813,0.202640
234000ms,234000,119.846,0.203025
234032ms,234032,119.852,0.203053
234063ms,234063,119.858,0.203146
234096ms,234096,119.829,0.203281
234128ms,234128,119.831,0.203900
234160ms,234160,119.823,0.203404
234192ms,234192,119.853,0.203381
234239ms,234239,119.872,0.203274
234271ms,234271,119.958,0.203497
234303ms,234303,119.672,0.208105
234335ms,234335,119.272,0.206716
234368ms,234368,119.073,0.201443
234400ms,234400,118.720,0.201787
234432ms,234432,118.417,0.201962
234464ms,234464,118.076,0.202826
234496ms,234496,117.577,0.200774
234528ms,234528,117.382,0.199652
234560ms,234560,117.283,0.201751
234607ms,234607,117.020,0.198397
234767ms,234767,116.701,0.206172
234832ms,234832,116.733,0.202593
234896ms,234896,116.980,0.205869
234928ms,234928,117.022,0.198218
234975ms,234975,117.277,0.199575
235007ms,235007,117.309,0.198891
235039ms,235039,117.570,0.198898
235071ms,235071,117.725,0.199202
235103ms,235103,117.769,0.199532
235136ms,235136,118.073,0.201846
235168ms,235168,118.332,0.202069
235200ms,235200,118.339,0.204056
235232ms,235232,118.763,0.202433
235264ms,235264,118.841,0.204361
235296ms,235296,119.069,0.201901
235328ms,235328,119.335,0.202607
235375ms,235375,119.599,0.208114
235407ms,235407,119.766,0.204784
235439ms,235439,119.900,0.203753
235472ms,235472,119.803,0.202929
235504ms,235504,119.715,0.203244
235536ms,235536,119.832,0.202959
235567ms,235567,119.789,0.202768
235600ms,235600,119.858,0.203582
235632ms,235632,119.839,0.203131
235664ms,235664,119.848,0.203293
235696ms,235696,119.890,0.203484
235743ms,235743,119.885,0.203464
235775ms,235775,119.686,0.205414
235808ms,235808,119.514,0.209288
235839ms,235839,119.089,0.201327
235903ms,235903,118.244,0.201955
235936ms,235936,117.961,0.202628
235968ms,235968,117.745,0.200363
236000ms,236000,117.492,0.199650
236032ms,236032,117.323,0.204776
236064ms,236064,117.135,0.198122
236111ms,236111,116.781,0.198909
236304ms,236304,116.790,0.197834
236431ms,236431,117.132,0.204001
236463ms,236463,117.178,0.199443
236511ms,236511,117.457,0.199942
236544ms,236544,117.514,0.198166
236575ms,236575,117.742,0.198612
236607ms,236607,118.067,0.204888
236639ms,236639,118.167,0.205502
236671ms,236671,118.355,0.204172
236703ms,236703,118.728,0.203383
236736ms,236736,118.871,0.203441
236768ms,236768,119.052,0.202703
236800ms,236800,119.348,0.201985
236832ms,236832,119.764,0.209588
236879ms,236879,119.711,0.203716
236912ms,236912,119.772,0.203322
236943ms,236943,119.903,0.203422
236975ms,236975,119.736,0.202544
237008ms,237008,119.868,0.202964
237040ms,237040,119.826,0.203183
237071ms,237071,119.807,0.202945
237104ms,237104,119.903,0.203635
237136ms,237136,119.797,0.203371
237168ms,237168,119.864,0.203330
237200ms,237200,119.865,0.203259
237279ms,237279,119.692,0.204688
237311ms,237311,119.346,0.201612
237343ms,237343,118.628,0.201931
237376ms,237376,118.523,0.201706
237408ms,237408,118.146,0.202058
237472ms,237472,117.452,0.200213
237504ms,237504,117.373,0.199265
237536ms,237536,117.284,0.198833
237647ms,237647,116.797,0.197846
237743ms,237743,116.631,0.200169
237808ms,237808,116.681,0.198205
237840ms,237840,116.911,0.199078
237904ms,237904,117.043,0.204005
237936ms,237936,117.160,0.198309
237968ms,237968,117.610,0.200139
238015ms,238015,117.416,0.198173
238048ms,238048,117.821,0.198881
238079ms,238079,117.975,0.213598
238111ms,238111,118.048,0.200786
238143ms,238143,118.494,0.202296
238175ms,238175,118.382,0.203477
238208ms,238208,118.902,0.201205
238239ms,238239,119.011,0.202737
238272ms,238272,119.303,0.203918
238304ms,238304,119.569,0.205996
238336ms,238336,119.781,0.208664
238383ms,238383,119.939,0.203520
238415ms,238415,119.928,0.203839
238447ms,238447,119.745,0.203393
238479ms,238479,119.852,0.203137
238512ms,238512,119.906,0.203720
238544ms,238544,119.805,0.203370
238576ms,238576,119.949,0.203648
238608ms,238608,119.925,0.203874
238640ms,238640,119.860,0.203862
238672ms,238672,119.934,0.203976
238735ms,238735,119.726,0.209673
238783ms,238783,119.433,0.203465
238815ms,238815,118.880,0.201176
238847ms,238847,118.531,0.201151
238879ms,238879,118.300,0.201466
238912ms,238912,117.808,0.201420
238976ms,238976,117.301,0.199371
239008ms,239008,117.232,0.199899
239039ms,239039,116.912,0.198671
239247ms,239247,116.584,0.202484
239279ms,239279,116.681,0.199305
239311ms,239311,116.829,0.198641
239376ms,239376,117.106,0.199308
239408ms,239408,117.168,0.199815
239440ms,239440,117.542,0.198928
239472ms,239472,117.522,0.199909
239504ms,239504,117.752,0.199249
239551ms,239551,117.802,0.199868
239583ms,239583,118.041,0.201769
239615ms,239615,118.367,0.200473
239648ms,239648,118.529,0.204589
239679ms,239679,118.561,0.205085
239712ms,239712,118.927,0.204844
239743ms,239743,119.240,0.202847
239776ms,239776,119.200,0.203566
239808ms,239808,119.753,0.208999
239840ms,239840,119.743,0.206102
239872ms,239872,119.726,0.202886
239919ms,239919,119.747,0.203359
239951ms,239951,119.930,0.203538
239983ms,239983,119.762,0.202702
240015ms,240015,119.824,0.202942
240047ms,240047,119.865,0.203094
240079ms,240079,119.828,0.203556
240143ms,240143,119.937,0.203938
240175ms,240175,119.877,0.203828
240208ms,240208,119.812,0.206222
240240ms,240240,119.479,0.207204
240287ms,240287,119.123,0.201089
240319ms,240319,118.821,0.202006
240351ms,240351,118.311,0.200652
240383ms,240383,118.062,0.202149
240415ms,240415,117.785,0.199861
240448ms,240448,117.417,0.199175
240479ms,240479,117.331,0.201371
240512ms,240512,117.111,0.199651
240544ms,240544,116.881,0.198951
240608ms,240608,116.765,0.207555
240640ms,240640,116.842,0.197202
240687ms,240687,116.664,0.198305
240751ms,240751,116.708,0.197220
240848ms,240848,116.914,0.198750
240879ms,240879,117.082,0.199204
240912ms,240912,117.455,0.199030
240943ms,240943,117.337,0.199758
240976ms,240976,117.653,0.203267
241055ms,241055,118.035,0.203860
241087ms,241087,118.098,0.199948
241119ms,241119,118.437,0.204921
241151ms,241151,118.640,0.203061
241184ms,241184,118.788,0.201237
241216ms,241216,119.014,0.202584
241248ms,241248,119.434,0.202962
241279ms,241279,119.638,0.202752
241311ms,241311,119.698,0.209527
241344ms,241344,119.810,0.203580
241376ms,241376,119.877,0.203123
241423ms,241423,119.789,0.202718
241455ms,241455,119.829,0.203609
241487ms,241487,119.829,0.203766
241519ms,241519,119.776,0.203034
241551ms,241551,119.826,0.202932
241583ms,241583,119.854,0.203221
241615ms,241615,119.923,0.203281
241648ms,241648,119.873,0.203155
241680ms,241680,119.711,0.204574
241712ms,241712,119.607,0.212160
241744ms,241744,119.265,0.201107
241776ms,241776,118.826,0.201641
241855ms,241855,118.145,0.203210
241887ms,241887,117.868,0.199556
241919ms,241919,117.536,0.199007
241983ms,241983,117.015,0.199583
242048ms,242048,116.850,0.198347
242079ms,242079,116.804,0.197580
242112ms,242112,116.704,0.197970
242223ms,242223,116.686,0.197913
242287ms,242287,116.689,0.203508
242319ms,242319,117.017,0.198907
242352ms,242352,117.125,0.201224
242384ms,242384,117.179,0.199477
242415ms,242415,117.526,0.199678
242448ms,242448,117.561,0.202042
242480ms,242480,117.706,0.198875
242512ms,242512,117.802,0.203509
242559ms,242559,118.250,0.203528
242591ms,242591,118.422,0.200277
242623ms,242623,118.468,0.209054
242656ms,242656,118.670,0.203178
242687ms,242687,119.158,0.201131
242751ms,242751,119.231,0.203315
242783ms,242783,119.629,0.210527
242816ms,242816,119.811,0.203289
242848ms,242848,119.861,0.203787
242880ms,242880,119.812,0.202604
242928ms,242928,119.838,0.203774
242959ms,242959,119.847,0.202603
242991ms,242991,119.860,0.203453
243023ms,243023,119.854,0.203823
243056ms,243056,119.826,0.203241
243087ms,243087,119.924,0.203198
243119ms,243119,119.819,0.203144
243152ms,243152,119.879,0.203541
243184ms,243184,119.663,0.214080
243215ms,243215,119.538,0.208551
243248ms,243248,119.145,0.201887
243280ms,243280,118.614,0.201067
243327ms,243327,118.235,0.201739
243359ms,243359,117.949,0.201459
243391ms,243391,117.784,0.200439
243423ms,243423,117.438,0.200122
243455ms,243455,117.316,0.202942
243487ms,243487,117.166,0.199168
243551ms,243551,116.686,0.198311
243648ms,243648,116.779,0.198010
243695ms,243695,116.549,0.200805
243759ms,243759,116.529,0.198263
243791ms,243791,117.183,0.199015
243823ms,243823,117.069,0.197616
243856ms,243856,117.207,0.199745
243887ms,243887,117.150,0.200614
243951ms,243951,117.502,0.199717
243984ms,243984,117.871,0.200942
244016ms,244016,117.829,0.203726
244047ms,244047,118.089,0.202643
244095ms,244095,118.506,0.202581
244159ms,244159,118.954,0.201295
244191ms,244191,118.998,0.202326
244223ms,244223,119.223,0.202591
244255ms,244255,119.665,0.206036
244287ms,244287,119.761,0.210173
244319ms,244319,119.731,0.203256
244352ms,244352,119.670,0.202652
244384ms,244384,119.887,0.204051
244416ms,244416,119.843,0.203389
244463ms,244463,119.857,0.203076
244495ms,244495,119.739,0.203740
244527ms,244527,119.784,0.202591
244559ms,244559,119.852,0.203502
244591ms,244591,119.859,0.203402
244624ms,244624,119.907,0.203744
244655ms,244655,119.828,0.206268
244688ms,244688,119.522,0.205555
244720ms,244720,119.424,0.201703
244752ms,244752,118.716,0.203988
244784ms,244784,118.603,0.201677
244831ms,244831,118.181,0.203145
244863ms,244863,117.997,0.200392
244895ms,244895,117.273,0.200792
244927ms,244927,117.368,0.199612
244959ms,244959,116.989,0.199986
244991ms,244991,116.910,0.198519
245119ms,245119,116.806,0.200881
245231ms,245231,116.637,0.208663
245263ms,245263,117.018,0.200100
245295ms,245295,116.938,0.197770
245327ms,245327,117.155,0.202229
245359ms,245359,117.072,0.198954
245391ms,245391,117.452,0.198767
245423ms,245423,117.310,0.198798
245455ms,245455,117.769,0.198057
245488ms,245488,118.048,0.202169
245519ms,245519,118.253,0.204693
245552ms,245552,118.287,0.206485
245599ms,245599,118.420,0.203946
245663ms,245663,118.924,0.201294
245727ms,245727,119.600,0.203226
245759ms,245759,119.849,0.208894
245791ms,245791,119.917,0.203680
245824ms,245824,119.936,0.203972
245855ms,245855,119.926,0.203817
245888ms,245888,119.898,0.203285
245920ms,245920,119.892,0.203779
245967ms,245967,119.898,0.203255
245999ms,245999,119.910,0.203305
246031ms,246031,119.937,0.203698
246063ms,246063,119.877,0.203509
246095ms,246095,119.912,0.203665
246128ms,246128,119.886,0.204176
246160ms,246160,119.613,0.210915
246192ms,246192,119.381,0.207445
246224ms,246224,119.101,0.200855
246256ms,246256,118.410,0.200364
246319ms,246319,117.680,0.200118
246367ms,246367,117.498,0.199680
246399ms,246399,117.237,0.198847
246431ms,246431,117.223,0.199874
246496ms,246496,117.040,0.198015
246624ms,246624,116.573,0.197902
246688ms,246688,116.645,0.208374
246767ms,246767,116.972,0.199569
246799ms,246799,117.089,0.199746
246831ms,246831,117.340,0.200224
246864ms,246864,117.367,0.198897
246959ms,246959,117.536,0.198965
246992ms,246992,118.113,0.201165
247024ms,247024,118.312,0.199830
247056ms,247056,118.457,0.208996
247103ms,247103,118.765,0.201832
247135ms,247135,119.037,0.201691
247167ms,247167,119.317,0.206139
247199ms,247199,119.304,0.203867
247231ms,247231,119.686,0.206928
247263ms,247263,119.859,0.203197
247295ms,247295,119.857,0.203209
247328ms,247328,119.922,0.203024
247391ms,247391,119.936,0.203245
247424ms,247424,119.811,0.204367
247456ms,247456,119.858,0.203858
247503ms,247503,119.834,0.203410
247535ms,247535,119.766,0.203835
247567ms,247567,119.917,0.203831
247599ms,247599,119.947,0.203962
247632ms,247632,119.595,0.208899
247664ms,247664,119.385,0.213441
247696ms,247696,119.023,0.201645
247728ms,247728,118.566,0.200744
247760ms,247760,118.292,0.202038
247792ms,247792,117.973,0.201241
247871ms,247871,117.327,0.199262
247903ms,247903,117.203,0.200246
248239ms,248239,117.056,0.198291
248271ms,248271,117.073,0.198535
248303ms,248303,117.183,0.199640
248335ms,248335,117.298,0.198217
248368ms,248368,117.355,0.199400
248400ms,248400,117.645,0.199910
248431ms,248431,117.616,0.198738
248464ms,248464,117.967,0.208081
248496ms,248496,118.086,0.202892
248528ms,248528,118.694,0.210716
248559ms,248559,118.550,0.203975
248607ms,248607,118.878,0.203200
248639ms,248639,119.027,0.202699
248671ms,248671,119.210,0.202629
248703ms,248703,119.582,0.206145
248735ms,248735,119.864,0.206025
248768ms,248768,119.873,0.203371
248799ms,248799,119.866,0.203076
248832ms,248832,119.851,0.203092
248864ms,248864,119.926,0.203753
248896ms,248896,119.888,0.203629
248928ms,248928,119.876,0.203104
248960ms,248960,119.835,0.203250
249007ms,249007,119.858,0.203431
249039ms,249039,119.895,0.204021
249071ms,249071,119.942,0.204765
249103ms,249103,119.786,0.204905
249136ms,249136,119.527,0.210500
249167ms,249167,119.350,0.203640
249199ms,249199,118.724,0.200885
249232ms,249232,118.387,0.200512
249264ms,249264,118.266,0.202478
249296ms,249296,117.889,0.200578
249327ms,249327,117.506,0.200302
249407ms,249407,116.981,0.199659
249439ms,249439,116.753,0.199182
249503ms,249503,116.863,0.198041
249599ms,249599,116.737,0.198887
249632ms,249632,116.754,0.201042
249696ms,249696,116.801,0.204142
249728ms,249728,117.014,0.197993
249775ms,249775,117.133,0.199408
249807ms,249807,117.099,0.198510
249839ms,249839,117.591,0.200149
249871ms,249871,117.404,0.198352
249903ms,249903,117.721,0.199144
249936ms,249936,117.769,0.205364
249967ms,249967,118.293,0.204073
250000ms,250000,118.344,0.201036
250032ms,250032,118.461,0.206575
250063ms,250063,118.759,0.202379
250096ms,250096,119.086,0.201454
250143ms,250143,119.266,0.201861
250175ms,250175,119.349,0.203980
250207ms,250207,119.485,0.207262
250239ms,250239,119.609,0.202179
250271ms,250271,119.793,0.204054
250303ms,250303,119.674,0.203350
250336ms,250336,119.799,0.203760
250368ms,250368,119.786,0.203627
250400ms,250400,119.836,0.203812
250432ms,250432,119.914,0.203433
250464ms,250464,119.918,0.203392
250543ms,250543,119.848,0.203146
250575ms,250575,119.810,0.203428
250607ms,250607,119.547,0.209947
250639ms,250639,119.290,0.202967
250671ms,250671,118.857,0.201784
250704ms,250704,118.473,0.199354
250736ms,250736,118.287,0.204123
250768ms,250768,117.791,0.199767
250800ms,250800,117.365,0.200288
250832ms,250832,117.423,0.199786
250864ms,250864,117.184,0.200336
250911ms,250911,116.721,0.198460
251007ms,251007,116.772,0.199254
251136ms,251136,116.666,0.200858
251136ms,251136,116.666,0.200858
251168ms,251168,116.806,0.200421
251168ms,251168,116.806,0.200421
251232ms,251232,117.132,0.199743
251279ms,251279,117.094,0.199949
251311ms,251311,117.445,0.199160
251343ms,251343,117.557,0.201520
251375ms,251375,117.808,0.198811
251407ms,251407,117.825,0.202601
251440ms,251440,118.222,0.203696
251471ms,251471,118.296,0.201544
251504ms,251504,118.401,0.212990
251536ms,251536,118.617,0.204826
251568ms,251568,119.002,0.202733
251600ms,251600,119.161,0.202925
251632ms,251632,119.415,0.202760
251679ms,251679,119.750,0.209994
251711ms,251711,119.865,0.203341
251743ms,251743,119.843,0.203853
251775ms,251775,119.858,0.203594
251807ms,251807,119.874,0.203533
251839ms,251839,119.885,0.203400
251872ms,251872,119.871,0.203445
251935ms,251935,119.796,0.203182
251968ms,251968,119.860,0.203223
252000ms,252000,119.871,0.203235
252047ms,252047,119.880,0.203511
252079ms,252079,119.810,0.206188
252111ms,252111,119.464,0.209179
252143ms,252143,119.186,0.205070
252175ms,252175,118.705,0.200083
252208ms,252208,118.215,0.201425
252240ms,252240,118.091,0.201782
252272ms,252272,117.791,0.200263
252304ms,252304,117.394,0.199267
252367ms,252367,117.003,0.198908
252415ms,252415,116.909,0.197836
252447ms,252447,116.980,0.198176
252479ms,252479,116.648,0.198570
252671ms,252671,117.087,0.200633
252704ms,252704,117.026,0.198242
252736ms,252736,117.209,0.199519
252768ms,252768,117.209,0.199058
252847ms,252847,117.543,0.200650
252879ms,252879,117.751,0.197359
252911ms,252911,118.138,0.203838
252944ms,252944,118.226,0.203918
252976ms,252976,118.505,0.207440
253008ms,253008,118.720,0.206496
253039ms,253039,118.771,0.204447
253071ms,253071,119.109,0.203187
253104ms,253104,119.277,0.202744
253136ms,253136,119.566,0.207197
253183ms,253183,119.766,0.209065
253215ms,253215,119.801,0.202886
253247ms,253247,119.869,0.203902
253279ms,253279,119.890,0.203235
253311ms,253311,119.833,0.203264
253343ms,253343,119.859,0.203142
253375ms,253375,119.798,0.203371
253408ms,253408,119.854,0.203152
253439ms,253439,119.855,0.203303
253472ms,253472,119.868,0.203114
253504ms,253504,119.842,0.203032
253551ms,253551,119.819,0.205980
253583ms,253583,119.614,0.208994
253615ms,253615,119.384,0.202896
253647ms,253647,118.746,0.201300
253679ms,253679,118.378,0.200322
253711ms,253711,118.218,0.203137
253743ms,253743,117.871,0.199989
253807ms,253807,117.465,0.199705
253840ms,253840,117.147,0.199529
253904ms,253904,117.100,0.198770
254015ms,254015,116.844,0.198494
254079ms,254079,116.498,0.202914
254144ms,254144,116.873,0.202708
254208ms,254208,117.056,0.205146
254239ms,254239,117.392,0.200041
254272ms,254272,117.454,0.199578
254319ms,254319,117.472,0.200690
254351ms,254351,117.697,0.198631
254384ms,254384,117.813,0.201276
254448ms,254448,118.334,0.204853
254480ms,254480,118.506,0.202286
254512ms,254512,118.624,0.203382
254544ms,254544,119.027,0.201489
254576ms,254576,119.290,0.202423
254608ms,254608,119.288,0.203188
254640ms,254640,119.653,0.207679
254687ms,254687,119.785,0.202922
254719ms,254719,119.814,0.203433
254751ms,254751,119.843,0.203205
254783ms,254783,119.862,0.203026
254815ms,254815,119.881,0.203319
254848ms,254848,119.815,0.203126
254880ms,254880,119.827,0.203379
254911ms,254911,119.902,0.203593
254944ms,254944,119.916,0.203964
254976ms,254976,119.847,0.203148
255008ms,255008,119.881,0.203374
255040ms,255040,119.696,0.206629
255087ms,255087,119.536,0.208212
255120ms,255120,119.097,0.201472
255151ms,255151,118.809,0.202494
255183ms,255183,118.225,0.201282
255216ms,255216,117.999,0.202156
255279ms,255279,117.509,0.199867
255312ms,255312,117.404,0.201382
255343ms,255343,116.944,0.198718
255376ms,255376,116.993,0.198211
255408ms,255408,116.706,0.200191
255455ms,255455,116.860,0.198182
255488ms,255488,116.852,0.197910
255551ms,255551,116.685,0.199430
255583ms,255583,116.734,0.197435
255711ms,255711,117.162,0.198429
255743ms,255743,117.106,0.198718
255823ms,255823,117.538,0.198786
255855ms,255855,117.854,0.198452
255887ms,255887,117.854,0.208680
255919ms,255919,118.120,0.204580
255951ms,255951,118.510,0.201929
255984ms,255984,118.595,0.204641
256016ms,256016,118.914,0.204085
256048ms,256048,118.965,0.201659
256080ms,256080,119.402,0.204386
256112ms,256112,119.599,0.206540
256144ms,256144,119.672,0.207289
256176ms,256176,119.867,0.203620
256223ms,256223,119.830,0.203086
256287ms,256287,119.854,0.203484
256319ms,256319,119.898,0.203325
256351ms,256351,119.897,0.202918
256383ms,256383,119.844,0.203060
256416ms,256416,119.836,0.202930
256448ms,256448,119.833,0.203187
256479ms,256479,119.907,0.203878
256512ms,256512,119.895,0.203743
256544ms,256544,119.547,0.214597
256591ms,256591,119.464,0.209174
256623ms,256623,119.086,0.200908
256655ms,256655,118.557,0.201151
256687ms,256687,118.304,0.203218
256719ms,256719,118.019,0.202678
256752ms,256752,117.559,0.200293
256784ms,256784,117.317,0.198647
256816ms,256816,117.235,0.200096
256848ms,256848,117.026,0.198498
256959ms,256959,116.853,0.198618
257087ms,257087,116.537,0.197561
257120ms,257120,116.739,0.197772
257184ms,257184,117.114,0.198593
257216ms,257216,117.125,0.198126
257248ms,257248,117.014,0.197873
257279ms,257279,117.432,0.198640
257327ms,257327,117.452,0.199233
257359ms,257359,117.817,0.199920
257391ms,257391,118.026,0.204966
257423ms,257423,118.138,0.204264
257455ms,257455,118.619,0.201346
257488ms,257488,118.453,0.205389
257520ms,257520,118.857,0.204531
257552ms,257552,119.103,0.200839
257584ms,257584,119.308,0.205337
257616ms,257616,119.718,0.206338
257648ms,257648,119.721,0.208414
257680ms,257680,119.767,0.203627
257727ms,257727,119.836,0.203095
257759ms,257759,119.876,0.203078
257791ms,257791,119.823,0.203707
257823ms,257823,119.829,0.203072
257855ms,257855,119.847,0.203070
257888ms,257888,119.821,0.202764
257920ms,257920,119.863,0.202865
257951ms,257951,119.739,0.202785
258015ms,258015,119.925,0.204406
258048ms,258048,119.623,0.204739
258079ms,258079,119.254,0.202615
258127ms,258127,118.792,0.201273
258159ms,258159,118.505,0.202083
258191ms,258191,118.166,0.201036
258224ms,258224,117.889,0.200578
258256ms,258256,117.330,0.200246
258288ms,258288,117.388,0.199368
258319ms,258319,117.103,0.199718
258416ms,258416,116.765,0.199319
258527ms,258527,116.767,0.197779
258559ms,258559,116.518,0.200399
258591ms,258591,116.695,0.205612
258623ms,258623,116.852,0.200280
258656ms,258656,117.026,0.198328
258688ms,258688,117.152,0.199328
258719ms,258719,117.250,0.198611
258752ms,258752,117.533,0.198561
258784ms,258784,117.571,0.204346
258816ms,258816,117.876,0.198621
258863ms,258863,117.928,0.200914
258895ms,258895,118.212,0.199994
258927ms,258927,118.346,0.200589
258959ms,258959,118.339,0.205413
258991ms,258991,118.803,0.201913
259023ms,259023,119.008,0.201075
259055ms,259055,119.014,0.202272
259087ms,259087,119.405,0.205569
259120ms,259120,119.500,0.209463
259152ms,259152,119.852,0.204216
259184ms,259184,119.834,0.203069
259263ms,259263,119.855,0.203658
259295ms,259295,119.843,0.203260
259327ms,259327,119.859,0.202953
259360ms,259360,119.833,0.203227
259391ms,259391,119.885,0.203790
259423ms,259423,119.845,0.203809
259455ms,259455,119.864,0.203238
259488ms,259488,119.879,0.203804
259520ms,259520,119.678,0.208255
259552ms,259552,119.419,0.206866
259584ms,259584,118.985,0.201418
259631ms,259631,118.634,0.201084
259663ms,259663,118.352,0.200426
259695ms,259695,118.156,0.202829
259727ms,259727,117.610,0.200796
259759ms,259759,117.276,0.199000
259791ms,259791,117.362,0.203422
259824ms,259824,116.902,0.198692
260031ms,260031,116.524,0.197358
260063ms,260063,116.813,0.197214
260127ms,260127,116.969,0.199240
260159ms,260159,117.135,0.198402
260191ms,260191,117.075,0.201226
260224ms,260224,117.165,0.199268
260288ms,260288,117.375,0.200600
260320ms,260320,117.794,0.201257
260399ms,260399,118.102,0.206911
260431ms,260431,118.449,0.205522
260463ms,260463,118.664,0.202220
260496ms,260496,118.953,0.201908
260528ms,260528,119.046,0.203101
260560ms,260560,119.260,0.202138
260592ms,260592,119.537,0.204751
260624ms,260624,119.678,0.202993
260656ms,260656,119.831,0.202998
260688ms,260688,119.874,0.203666
260720ms,260720,119.926,0.203458
260767ms,260767,119.846,0.203484
260799ms,260799,119.858,0.203088
260831ms,260831,119.866,0.203471
260863ms,260863,119.750,0.203199
260895ms,260895,119.873,0.203181
260959ms,260959,119.923,0.204222
260992ms,260992,119.815,0.203075
261024ms,261024,119.557,0.206442
261056ms,261056,119.224,0.204337
261088ms,261088,118.547,0.201007
261135ms,261135,118.274,0.201214
261167ms,261167,118.103,0.201854
261199ms,261199,117.951,0.200747
261231ms,261231,117.473,0.200243
261264ms,261264,117.338,0.199963
261296ms,261296,116.954,0.198705
261328ms,261328,116.702,0.201999
261424ms,261424,116.805,0.197921
261456ms,261456,116.952,0.197772
261535ms,261535,116.629,0.201839
261599ms,261599,116.875,0.205995
261631ms,261631,117.056,0.197378
261664ms,261664,117.270,0.202121
261696ms,261696,117.217,0.198071
261728ms,261728,117.351,0.200393
261791ms,261791,117.737,0.201456
261824ms,261824,117.827,0.206003
261856ms,261856,118.076,0.200071
261903ms,261903,118.424,0.202619
261935ms,261935,118.538,0.205400
261967ms,261967,118.925,0.202398
261999ms,261999,119.106,0.200791
262031ms,262031,119.244,0.202190
262063ms,262063,119.568,0.204441
262095ms,262095,119.549,0.205922
262128ms,262128,119.912,0.203618
262160ms,262160,119.870,0.203485
262224ms,262224,119.930,0.203409
262271ms,262271,119.892,0.203314
262303ms,262303,119.858,0.202759
262335ms,262335,119.860,0.202969
262367ms,262367,119.904,0.203218
262399ms,262399,119.905,0.203672
262432ms,262432,119.866,0.203053
262463ms,262463,119.887,0.203747
262496ms,262496,119.561,0.205096
262528ms,262528,119.420,0.208795
262560ms,262560,118.772,0.201397
262592ms,262592,118.348,0.200297
262624ms,262624,118.225,0.202111
262671ms,262671,117.897,0.200111
262703ms,262703,117.514,0.199364
262735ms,262735,117.307,0.199418
262767ms,262767,117.186,0.199486
262831ms,262831,117.038,0.198712
262928ms,262928,116.818,0.197496
262960ms,262960,116.616,0.201762
262992ms,262992,116.511,0.198920
263103ms,263103,117.146,0.199751
263135ms,263135,116.985,0.200338
263167ms,263167,117.311,0.203846
263200ms,263200,117.345,0.199683
263232ms,263232,117.491,0.199102
263264ms,263264,117.706,0.199616
263296ms,263296,117.953,0.200681
263328ms,263328,118.124,0.203787
263360ms,263360,118.339,0.202075
263407ms,263407,118.541,0.207572
263439ms,263439,118.678,0.201932
263471ms,263471,118.957,0.201866
263503ms,263503,119.010,0.203469
263567ms,263567,119.730,0.209307
263600ms,263600,119.892,0.204312
263632ms,263632,119.852,0.203141
263664ms,263664,119.901,0.203551
263696ms,263696,119.827,0.203885
263728ms,263728,119.893,0.203468
263760ms,263760,119.927,0.203016
263807ms,263807,119.857,0.203351
263839ms,263839,119.874,0.203096
263871ms,263871,119.878,0.203449
263903ms,263903,119.877,0.203067
263936ms,263936,119.842,0.203454
263968ms,263968,119.689,0.204170
263999ms,263999,119.501,0.210096
264032ms,264032,119.235,0.202587
264063ms,264063,118.623,0.201250
264095ms,264095,118.245,0.201071
264127ms,264127,118.041,0.204153
264175ms,264175,117.834,0.201228
264207ms,264207,117.387,0.199841
264239ms,264239,117.325,0.200446
264271ms,264271,116.849,0.198489
264303ms,264303,116.851,0.198572
264367ms,264367,116.635,0.198749
264400ms,264400,116.785,0.200646
264496ms,264496,116.792,0.198605
264543ms,264543,116.818,0.197734
264575ms,264575,117.133,0.198966
264607ms,264607,117.012,0.198892
264639ms,264639,117.022,0.199775
264703ms,264703,117.565,0.199372
264736ms,264736,117.545,0.198270
264768ms,264768,117.880,0.201528
264800ms,264800,117.925,0.204680
264831ms,264831,118.181,0.203837
264864ms,264864,118.543,0.201878
264896ms,264896,118.555,0.203634
264943ms,264943,118.894,0.200746
264975ms,264975,118.958,0.201710
265007ms,265007,119.439,0.201575
265039ms,265039,119.650,0.210286
265071ms,265071,119.722,0.205387
265103ms,265103,119.847,0.204273
265135ms,265135,119.857,0.203507
265168ms,265168,119.891,0.203474
265200ms,265200,119.873,0.203133
265231ms,265231,119.885,0.203517
265264ms,265264,119.876,0.202909
265311ms,265311,119.915,0.203154
265343ms,265343,119.796,0.202881
265375ms,265375,119.935,0.203207
265407ms,265407,119.948,0.203521
265439ms,265439,119.893,0.205631
265472ms,265472,119.653,0.207179
265504ms,265504,119.311,0.203031
265536ms,265536,118.650,0.202646
265568ms,265568,118.185,0.200711
265600ms,265600,117.940,0.202075
265632ms,265632,117.907,0.200224
265664ms,265664,117.510,0.199418
265711ms,265711,117.375,0.199306
265743ms,265743,116.938,0.200072
265775ms,265775,116.951,0.198553
265807ms,265807,116.672,0.201033
265839ms,265839,116.777,0.197836
265935ms,265935,116.616,0.198120
265968ms,265968,116.713,0.196878
266032ms,266032,117.059,0.203058
266111ms,266111,117.091,0.202209
266143ms,266143,117.176,0.198485
266175ms,266175,117.540,0.201055
266208ms,266208,117.406,0.200940
266240ms,266240,117.840,0.200004
266272ms,266272,118.030,0.202462
266304ms,266304,118.237,0.202388
266335ms,266335,118.415,0.202220
266368ms,266368,118.553,0.205718
266400ms,266400,118.833,0.200863
266447ms,266447,119.166,0.201001
266479ms,266479,119.158,0.202076
266511ms,266511,119.622,0.206197
266543ms,266543,119.884,0.205199
266576ms,266576,119.788,0.202781
266607ms,266607,119.848,0.203445
266640ms,266640,119.860,0.203269
266671ms,266671,119.838,0.203619
266704ms,266704,119.874,0.203690
266767ms,266767,119.872,0.203808
266815ms,266815,119.857,0.203412
266848ms,266848,119.879,0.203477
266879ms,266879,119.855,0.203289
266911ms,266911,119.865,0.202704
266943ms,266943,119.754,0.208935
266975ms,266975,119.457,0.203627
267007ms,267007,119.056,0.204177
267039ms,267039,118.491,0.200169
267071ms,267071,118.419,0.202432
267104ms,267104,118.046,0.203949
267136ms,267136,117.549,0.199132
267168ms,267168,117.351,0.201470
267215ms,267215,117.340,0.203168
267472ms,267472,116.726,0.198843
267536ms,267536,117.238,0.198421
267583ms,267583,117.023,0.199533
267615ms,267615,117.169,0.199254
267647ms,267647,117.234,0.199153
267679ms,267679,117.687,0.199617
267711ms,267711,117.862,0.202895
267743ms,267743,117.803,0.203268
267776ms,267776,118.142,0.205169
267807ms,267807,118.351,0.209560
267840ms,267840,118.499,0.206942
267872ms,267872,118.796,0.205282
267951ms,267951,119.201,0.203408
267983ms,267983,119.377,0.202384
268015ms,268015,119.768,0.205775
268047ms,268047,119.907,0.203494
268079ms,268079,119.864,0.203467
268112ms,268112,119.841,0.203302
268144ms,268144,119.771,0.203482
268176ms,268176,119.878,0.203582
268208ms,268208,119.868,0.203573
268239ms,268239,119.893,0.203205
268272ms,268272,119.914,0.203063
268304ms,268304,119.896,0.203026
268351ms,268351,119.880,0.203458
268383ms,268383,119.842,0.203535
268415ms,268415,119.760,0.209016
268447ms,268447,119.559,0.207337
268479ms,268479,119.171,0.201897
268511ms,268511,118.737,0.202997
268543ms,268543,118.213,0.201385
268576ms,268576,117.991,0.204622
268608ms,268608,117.847,0.200412
268640ms,268640,117.398,0.199628
268671ms,268671,117.390,0.202252
268719ms,268719,117.147,0.199116
268751ms,268751,116.847,0.198500
268848ms,268848,116.723,0.201687
268944ms,268944,116.783,0.198685
269008ms,269008,116.982,0.205476
269040ms,269040,117.177,0.202527
269071ms,269071,117.030,0.199137
269119ms,269119,117.150,0.198741
269151ms,269151,117.448,0.199144
269183ms,269183,117.586,0.201091
269215ms,269215,117.738,0.198796
269248ms,269248,117.824,0.209651
269280ms,269280,118.134,0.203572
269312ms,269312,118.369,0.203632
269344ms,269344,118.545,0.203659
269376ms,269376,118.905,0.202102
269408ms,269408,119.044,0.201600
269440ms,269440,119.261,0.202769
269519ms,269519,119.632,0.206749
269551ms,269551,119.926,0.203830
269583ms,269583,119.854,0.202623
269616ms,269616,119.805,0.203098
269647ms,269647,119.841,0.202955
269679ms,269679,119.815,0.202843
269711ms,269711,119.832,0.202717
269743ms,269743,119.817,0.202896
269776ms,269776,119.888,0.203191
269808ms,269808,119.856,0.203514
269855ms,269855,119.810,0.203433
269888ms,269888,119.884,0.203332
269919ms,269919,119.514,0.213676
269951ms,269951,119.243,0.203290
269984ms,269984,118.930,0.200837
270015ms,270015,118.396,0.199685
270047ms,270047,118.103,0.201695
270079ms,270079,117.789,0.200387
270112ms,270112,117.495,0.199498
270144ms,270144,117.326,0.199861
270176ms,270176,117.187,0.200551
270208ms,270208,116.881,0.197725
270255ms,270255,116.867,0.197912
270319ms,270319,116.684,0.201344
270319ms,270319,116.684,0.201344
270383ms,270383,116.671,0.197555
270383ms,270383,116.671,0.197555
270416ms,270416,116.686,0.198481
270416ms,270416,116.686,0.198481
270511ms,270511,117.089,0.200388
270544ms,270544,117.127,0.199153
270576ms,270576,117.299,0.199177
270655ms,270655,117.613,0.198491
270687ms,270687,117.709,0.197794
270719ms,270719,117.900,0.203011
270751ms,270751,118.253,0.204641
270783ms,270783,118.316,0.203856
270815ms,270815,118.531,0.203067
270847ms,270847,118.700,0.201841
270880ms,270880,119.037,0.201706
270912ms,270912,119.199,0.204013
270944ms,270944,119.578,0.203439
270991ms,270991,119.628,0.209681
271023ms,271023,119.799,0.203415
271055ms,271055,119.913,0.203756
271087ms,271087,119.871,0.203173
271119ms,271119,119.898,0.203643
271151ms,271151,119.919,0.203444
271215ms,271215,119.903,0.205127
271248ms,271248,119.907,0.203454
271280ms,271280,119.928,0.203081
271312ms,271312,119.871,0.203108
271344ms,271344,119.819,0.203466
271391ms,271391,119.780,0.209835
271423ms,271423,119.408,0.207920
271455ms,271455,119.114,0.202164
271487ms,271487,118.616,0.200585
271520ms,271520,118.260,0.201073
271552ms,271552,117.964,0.202861
271583ms,271583,117.692,0.199950
271647ms,271647,117.196,0.200611
271679ms,271679,117.080,0.198731
271919ms,271919,116.669,0.199859
272015ms,272015,116.974,0.199538
272048ms,272048,117.086,0.200314
272080ms,272080,117.187,0.199267
272127ms,272127,117.431,0.199654
272159ms,272159,117.643,0.198425
272191ms,272191,117.919,0.198788
272223ms,272223,117.927,0.201191
272256ms,272256,118.039,0.200591
272288ms,272288,118.420,0.199363
272320ms,272320,118.551,0.204263
272352ms,272352,118.947,0.202017
272383ms,272383,119.025,0.203317
272447ms,272447,119.634,0.205158
272480ms,272480,119.688,0.204529
272527ms,272527,119.851,0.203458
272559ms,272559,119.812,0.203581
272591ms,272591,119.842,0.203459
272623ms,272623,119.840,0.203548
272656ms,272656,119.879,0.202716
272688ms,272688,119.862,0.202961
272720ms,272720,119.837,0.203234
272752ms,272752,119.842,0.202964
272784ms,272784,119.854,0.203717
272816ms,272816,119.823,0.203648
272848ms,272848,119.864,0.203184
272895ms,272895,119.759,0.210064
272927ms,272927,119.333,0.206332
272959ms,272959,119.121,0.201170
272991ms,272991,118.622,0.200760
273023ms,273023,118.379,0.205160
273055ms,273055,117.947,0.203945
273088ms,273088,117.475,0.201293
273119ms,273119,117.462,0.199467
273152ms,273152,117.224,0.200819
273327ms,273327,116.961,0.198390
273424ms,273424,116.524,0.206541
273456ms,273456,116.760,0.198208
273487ms,273487,117.161,0.197945
273519ms,273519,117.065,0.199049
273552ms,273552,117.270,0.201075
273584ms,273584,117.343,0.199146
273616ms,273616,117.623,0.198781
273727ms,273727,118.217,0.207629
273759ms,273759,118.299,0.205007
273791ms,273791,118.414,0.201858
273824ms,273824,118.725,0.204539
273856ms,273856,119.048,0.202968
273888ms,273888,119.080,0.203645
273919ms,273919,119.340,0.201775
273952ms,273952,119.773,0.206448
273984ms,273984,119.830,0.204108
274031ms,274031,119.915,0.203321
274063ms,274063,119.871,0.203726
274095ms,274095,119.885,0.203124
274127ms,274127,119.880,0.202848
274159ms,274159,119.874,0.203125
274192ms,274192,119.848,0.203470
274223ms,274223,119.902,0.203059
274255ms,274255,119.902,0.203586
274288ms,274288,119.827,0.203200
274320ms,274320,119.892,0.203759
274352ms,274352,119.742,0.207323
274384ms,274384,119.462,0.205619
274432ms,274432,119.115,0.201087
274463ms,274463,118.789,0.201184
274495ms,274495,118.245,0.201601
274527ms,274527,117.892,0.201480
274560ms,274560,117.619,0.200327
274591ms,274591,117.369,0.198884
274624ms,274624,117.220,0.202249
274655ms,274655,117.236,0.198815
274688ms,274688,116.846,0.198087
274831ms,274831,116.710,0.206737
274863ms,274863,116.671,0.201080
274895ms,274895,116.869,0.198035
274992ms,274992,117.106,0.198246
275024ms,275024,117.106,0.210545
275055ms,275055,117.403,0.198229
275120ms,275120,117.792,0.202994
275167ms,275167,117.883,0.203688
275199ms,275199,118.118,0.201698
275231ms,275231,118.213,0.202512
275263ms,275263,118.466,0.205620
275295ms,275295,118.588,0.204547
275328ms,275328,118.922,0.203276
275360ms,275360,119.132,0.201220
275391ms,275391,119.360,0.202611
275424ms,275424,119.748,0.206309
275456ms,275456,119.825,0.203811
275520ms,275520,119.888,0.202985
275567ms,275567,119.792,0.203747
275599ms,275599,119.872,0.203914
275631ms,275631,119.904,0.203743
275664ms,275664,119.839,0.203742
275696ms,275696,119.878,0.203379
275728ms,275728,119.881,0.203343
275760ms,275760,119.840,0.203527
275792ms,275792,119.896,0.203288
275824ms,275824,119.684,0.205085
275856ms,275856,119.649,0.206111
275888ms,275888,119.273,0.201911
275935ms,275935,118.767,0.203601
275967ms,275967,118.330,0.203200
275999ms,275999,118.209,0.204632
276031ms,276031,117.827,0.200477
276063ms,276063,117.624,0.199423
276096ms,276096,117.171,0.199666
276128ms,276128,117.091,0.199388
276224ms,276224,116.803,0.198577
276335ms,276335,116.625,0.199171
276432ms,276432,116.987,0.198717
276496ms,276496,117.005,0.198991
276528ms,276528,117.451,0.199860
276560ms,276560,117.519,0.200871
276591ms,276591,117.632,0.199090
276624ms,276624,117.824,0.201315
276656ms,276656,117.940,0.204657
276735ms,276735,118.436,0.202175
276767ms,276767,118.471,0.205354
276800ms,276800,118.778,0.204320
276831ms,276831,119.119,0.201212
276863ms,276863,119.232,0.203273
276896ms,276896,119.432,0.204433
276928ms,276928,119.759,0.212183
276959ms,276959,119.798,0.203136
276991ms,276991,119.819,0.203536
277024ms,277024,119.832,0.203339
277071ms,277071,119.832,0.203733
277103ms,277103,119.848,0.202716
277135ms,277135,119.890,0.202761
277168ms,277168,119.906,0.202931
277199ms,277199,119.824,0.202948
277232ms,277232,119.824,0.202975
277264ms,277264,119.900,0.203157
277296ms,277296,119.731,0.203978
277359ms,277359,119.470,0.209090
277392ms,277392,119.054,0.201362
277439ms,277439,118.653,0.201261
277471ms,277471,118.260,0.203029
277503ms,277503,118.019,0.204600
277535ms,277535,117.529,0.201361
277568ms,277568,117.261,0.198773
277599ms,277599,117.187,0.202010
277631ms,277631,116.814,0.197835
277728ms,277728,116.649,0.197712
277791ms,277791,116.482,0.201067
277871ms,277871,116.588,0.199323
277903ms,277903,116.768,0.200494
277935ms,277935,117.128,0.198233
277968ms,277968,116.990,0.200949
278000ms,278000,116.994,0.199032
278032ms,278032,117.344,0.199673
278063ms,278063,117.471,0.200706
278095ms,278095,117.658,0.198778
278128ms,278128,117.708,0.201457
278160ms,278160,118.034,0.205110
278207ms,278207,118.092,0.200452
278239ms,278239,118.331,0.201141
278271ms,278271,118.659,0.203626
278303ms,278303,118.864,0.200987
278335ms,278335,119.014,0.201400
278368ms,278368,119.352,0.201833
278400ms,278400,119.688,0.204867
278432ms,278432,119.697,0.203359
278464ms,278464,119.888,0.203017
278496ms,278496,119.804,0.203184
278575ms,278575,119.879,0.203057
278607ms,278607,119.865,0.203244
278639ms,278639,119.834,0.203394
278671ms,278671,119.886,0.203198
278703ms,278703,119.888,0.203638
278736ms,278736,119.854,0.203335
278768ms,278768,119.846,0.203165
278800ms,278800,119.794,0.203460
278832ms,278832,119.554,0.206539
278864ms,278864,119.322,0.203381
278896ms,278896,118.739,0.203666
278928ms,278928,118.383,0.200456
278975ms,278975,118.307,0.200935
279007ms,279007,117.961,0.199927
279039ms,279039,117.494,0.200073
279071ms,279071,117.375,0.200409
279103ms,279103,117.189,0.200374
279135ms,279135,116.837,0.199033
279232ms,279232,116.651,0.199566
279264ms,279264,116.816,0.199918
279375ms,279375,116.535,0.201829
279407ms,279407,116.856,0.209692
279439ms,279439,117.068,0.198544
279471ms,279471,117.102,0.199493
279503ms,279503,117.129,0.198402
279536ms,279536,117.500,0.199059
279568ms,279568,117.446,0.200047
279600ms,279600,117.862,0.203694
279632ms,279632,117.900,0.199522
279711ms,279711,118.306,0.201443
279743ms,279743,118.377,0.206720
279775ms,279775,118.837,0.204728
279807ms,279807,119.081,0.200315
279839ms,279839,119.193,0.202532
279904ms,279904,119.634,0.206358
279936ms,279936,119.787,0.204103
279967ms,279967,119.772,0.203206
280000ms,280000,119.783,0.202590
280032ms,280032,119.828,0.203006
280063ms,280063,119.783,0.202955
280111ms,280111,119.906,0.203276
280143ms,280143,119.814,0.202956
280175ms,280175,119.858,0.202901
280207ms,280207,119.896,0.202867
280239ms,280239,119.774,0.203194
280272ms,280272,119.872,0.202677
280303ms,280303,119.611,0.207108
280336ms,280336,119.415,0.207306
280367ms,280367,119.003,0.201296
280400ms,280400,118.530,0.201535
280432ms,280432,118.226,0.200655
280479ms,280479,118.146,0.201674
280511ms,280511,117.700,0.200967
280543ms,280543,117.307,0.199390
280575ms,280575,117.228,0.202396
280608ms,280608,117.044,0.198009
280640ms,280640,116.809,0.198964
280704ms,280704,116.762,0.199460
280736ms,280736,116.849,0.198118
280768ms,280768,116.695,0.199894
280911ms,280911,116.846,0.197689
280943ms,280943,116.956,0.197781
280975ms,280975,117.178,0.199311
281008ms,281008,117.205,0.198309
281071ms,281071,117.609,0.198794
281104ms,281104,117.836,0.199359
281136ms,281136,117.951,0.200739
281168ms,281168,118.247,0.201513
281200ms,281200,118.492,0.203496
281247ms,281247,118.684,0.201388
281279ms,281279,118.896,0.201738
281311ms,281311,119.016,0.202185
281343ms,281343,119.197,0.201889
281375ms,281375,119.692,0.215126
281407ms,281407,119.718,0.209767
281439ms,281439,119.856,0.203029
281472ms,281472,119.935,0.203172
281504ms,281504,119.878,0.202952
281536ms,281536,119.848,0.203717
281568ms,281568,119.886,0.203312
281615ms,281615,119.812,0.203409
281647ms,281647,119.870,0.202845
281679ms,281679,119.924,0.203656
281711ms,281711,119.889,0.203237
281744ms,281744,119.911,0.203601
281776ms,281776,119.916,0.203506
281808ms,281808,119.607,0.204043
281840ms,281840,119.201,0.201220
281872ms,281872,118.789,0.202154
281904ms,281904,118.310,0.200705
281936ms,281936,118.099,0.203694
281983ms,281983,117.841,0.199928
282047ms,282047,117.336,0.201888
282079ms,282079,116.984,0.199177
282111ms,282111,116.734,0.198712
282144ms,282144,116.865,0.198390
282175ms,282175,116.740,0.197980
282240ms,282240,116.851,0.199198
282383ms,282383,116.848,0.198842
282415ms,282415,117.065,0.198914
282448ms,282448,117.265,0.198105
282479ms,282479,117.094,0.199738
282544ms,282544,117.678,0.202118
282575ms,282575,117.662,0.198920
282608ms,282608,117.927,0.207885
282639ms,282639,118.069,0.203335
282672ms,282672,118.464,0.202891
282704ms,282704,118.534,0.205484
282751ms,282751,118.830,0.201102
282783ms,282783,119.070,0.201157
282815ms,282815,119.202,0.202357
282847ms,282847,119.644,0.206320
282879ms,282879,119.839,0.206438
282911ms,282911,119.823,0.203052
282944ms,282944,119.840,0.203290
282975ms,282975,119.920,0.203351
283008ms,283008,119.881,0.203194
283039ms,283039,119.835,0.203344
283071ms,283071,119.876,0.203069
283104ms,283104,119.823,0.203252
283151ms,283151,119.874,0.203129
283183ms,283183,119.847,0.202532
283247ms,283247,119.831,0.203565
283279ms,283279,119.824,0.210867
283311ms,283311,119.303,0.205023
283376ms,283376,118.548,0.200886
283408ms,283408,118.307,0.202646
283440ms,283440,117.912,0.201462
283519ms,283519,117.427,0.199330
283551ms,283551,117.219,0.199808
283583ms,283583,116.814,0.198974
283711ms,283711,116.945,0.197295
283744ms,283744,116.653,0.199241
283807ms,283807,116.710,0.198858
283887ms,283887,117.125,0.198386
283919ms,283919,117.035,0.199306
283951ms,283951,117.057,0.199635
283983ms,283983,117.272,0.198903
284016ms,284016,117.385,0.198649
284048ms,284048,117.538,0.198101
284080ms,284080,117.868,0.199738
284112ms,284112,118.115,0.202296
284144ms,284144,118.180,0.201546
284176ms,284176,118.580,0.206356
284208ms,284208,118.611,0.204689
284240ms,284240,118.968,0.203014
284287ms,284287,119.072,0.201876
284319ms,284319,119.368,0.202132
284351ms,284351,119.652,0.208784
284383ms,284383,119.725,0.202752
284415ms,284415,119.871,0.203383
284448ms,284448,119.836,0.203527
284479ms,284479,119.924,0.203133
284511ms,284511,119.735,0.203033
284543ms,284543,119.796,0.203365
284576ms,284576,119.829,0.203384
284608ms,284608,119.775,0.202670
284655ms,284655,119.924,0.203007
284687ms,284687,119.917,0.203295
284719ms,284719,119.676,0.204312
284751ms,284751,119.738,0.209257
284815ms,284815,119.345,0.202348
284848ms,284848,118.750,0.201194
284879ms,284879,118.259,0.202252
284911ms,284911,118.120,0.202246
284943ms,284943,117.706,0.199998
284976ms,284976,117.320,0.199604
285023ms,285023,117.194,0.201227
285055ms,285055,117.161,0.199426
285151ms,285151,116.810,0.198830
285280ms,285280,116.690,0.199085
285344ms,285344,117.095,0.198426
285376ms,285376,117.016,0.198264
285423ms,285423,117.116,0.199607
285455ms,285455,117.160,0.199708
285487ms,285487,117.563,0.200930
285520ms,285520,117.644,0.198725
285552ms,285552,117.940,0.204164
285584ms,285584,117.939,0.204820
285616ms,285616,118.135,0.202554
285648ms,285648,118.416,0.203678
285680ms,285680,118.626,0.203819
285712ms,285712,119.023,0.205111
285744ms,285744,119.093,0.202384
285791ms,285791,119.306,0.204952
285823ms,285823,119.643,0.208354
285855ms,285855,119.823,0.204163
285887ms,285887,119.785,0.203190
285919ms,285919,119.810,0.203422
285951ms,285951,119.931,0.203384
286015ms,286015,119.897,0.203184
286048ms,286048,119.957,0.203638
286080ms,286080,119.878,0.203935
286111ms,286111,119.895,0.203597
286159ms,286159,119.865,0.203479
286191ms,286191,119.875,0.203439
286223ms,286223,119.734,0.203702
286255ms,286255,119.589,0.208688
286287ms,286287,119.190,0.206651
286319ms,286319,118.832,0.201165
286351ms,286351,118.448,0.200433
286416ms,286416,117.806,0.199809
286448ms,286448,117.458,0.199487
286480ms,286480,117.399,0.199148
286512ms,286512,117.087,0.199561
286559ms,286559,116.774,0.198512
286591ms,286591,117.038,0.197674
286655ms,286655,116.806,0.199072
286720ms,286720,116.483,0.198151
286751ms,286751,116.851,0.199006
286784ms,286784,116.676,0.198778
286848ms,286848,117.051,0.198180
286880ms,286880,117.055,0.198381
286927ms,286927,117.308,0.198772
286959ms,286959,117.331,0.199680
286991ms,286991,117.465,0.203865
287023ms,287023,117.594,0.198802
287055ms,287055,117.861,0.206134
287088ms,287088,117.999,0.200433
287120ms,287120,118.351,0.201597
287151ms,287151,118.530,0.201521
287184ms,287184,119.079,0.202080
287215ms,287215,119.276,0.201606
287248ms,287248,119.244,0.202009
287295ms,287295,119.599,0.207060
287327ms,287327,119.702,0.205442
287359ms,287359,119.722,0.203097
287391ms,287391,119.823,0.203099
287423ms,287423,119.788,0.203348
287455ms,287455,119.842,0.202976
287487ms,287487,119.880,0.203273
287519ms,287519,119.881,0.203282
287583ms,287583,119.880,0.203308
287616ms,287616,119.759,0.203607
287648ms,287648,119.921,0.203130
287695ms,287695,119.928,0.203511
287727ms,287727,119.695,0.208177
287759ms,287759,119.433,0.208528
287791ms,287791,119.165,0.202738
287823ms,287823,118.400,0.200853
287855ms,287855,118.322,0.205389
287887ms,287887,117.766,0.200940
287920ms,287920,117.514,0.200638
287952ms,287952,117.255,0.198805
287984ms,287984,117.155,0.204136
288015ms,288015,116.865,0.199112
288223ms,288223,116.618,0.199769
288287ms,288287,116.614,0.199476
288320ms,288320,117.062,0.197934
288352ms,288352,116.963,0.201292
288384ms,288384,117.264,0.198687
288431ms,288431,117.391,0.198238
288463ms,288463,117.479,0.201514
288496ms,288496,117.817,0.199775
288527ms,288527,117.879,0.198768
288559ms,288559,118.212,0.206052
288592ms,288592,118.246,0.204139
288623ms,288623,118.441,0.208095
288656ms,288656,118.701,0.202146
288688ms,288688,119.115,0.201849
288720ms,288720,119.148,0.202366
288752ms,288752,119.242,0.202308
288784ms,288784,119.677,0.205481
288863ms,288863,119.855,0.202982
288895ms,288895,119.731,0.202556
288927ms,288927,119.774,0.203416
288959ms,288959,119.829,0.202952
288991ms,288991,119.934,0.203191
289023ms,289023,119.854,0.203348
289055ms,289055,119.908,0.203316
289088ms,289088,119.821,0.202682
289151ms,289151,119.707,0.203317
289199ms,289199,119.729,0.204869
289231ms,289231,119.527,0.207321
289263ms,289263,119.116,0.202062
289295ms,289295,118.859,0.202518
289327ms,289327,118.343,0.202309
289359ms,289359,117.964,0.203712
289392ms,289392,117.797,0.200005
289423ms,289423,117.521,0.199880
289455ms,289455,117.594,0.200653
289487ms,289487,117.071,0.198930
289728ms,289728,116.804,0.197492
289823ms,289823,117.073,0.197550
289856ms,289856,117.095,0.197717
289888ms,289888,117.082,0.198628
289967ms,289967,117.728,0.203423
289999ms,289999,117.794,0.199095
290031ms,290031,117.850,0.206258
290063ms,290063,118.153,0.201323
290095ms,290095,118.353,0.205989
290127ms,290127,118.585,0.207153
290159ms,290159,118.881,0.201453
290192ms,290192,119.107,0.201414
290224ms,290224,119.236,0.201761
290288ms,290288,119.754,0.207544
290335ms,290335,119.771,0.202341
290367ms,290367,119.918,0.203243
290399ms,290399,119.763,0.203049
290431ms,290431,119.883,0.202840
290463ms,290463,119.933,0.203502
290496ms,290496,119.797,0.203652
290560ms,290560,119.861,0.202816
290592ms,290592,119.821,0.203130
290624ms,290624,119.892,0.203437
290656ms,290656,119.835,0.203624
290703ms,290703,119.658,0.207423
290735ms,290735,119.373,0.206838
290767ms,290767,118.734,0.201637
290799ms,290799,118.411,0.201716
290863ms,290863,118.091,0.200427
290896ms,290896,117.677,0.199744
290928ms,290928,117.296,0.201823
290959ms,290959,117.125,0.200828
290992ms,290992,116.961,0.198357
291024ms,291024,117.051,0.197584
291263ms,291263,117.091,0.199416
291296ms,291296,116.950,0.198707
291327ms,291327,117.101,0.199321
291360ms,291360,117.378,0.198843
291392ms,291392,117.598,0.200629
291424ms,291424,117.356,0.199558
291471ms,291471,117.647,0.198357
291503ms,291503,117.847,0.199868
291535ms,291535,118.175,0.202939
291567ms,291567,118.286,0.201263
291599ms,291599,118.476,0.204631
291663ms,291663,119.036,0.200447
291695ms,291695,119.060,0.202109
291727ms,291727,119.362,0.202388
291760ms,291760,119.616,0.206824
291791ms,291791,119.835,0.202370
291839ms,291839,119.850,0.203115
291871ms,291871,119.852,0.203320
291903ms,291903,119.860,0.203499
291967ms,291967,119.900,0.203499
291999ms,291999,119.849,0.203218
292031ms,292031,119.842,0.203413
292063ms,292063,119.891,0.203245
292096ms,292096,119.960,0.203694
292128ms,292128,119.903,0.203712
292160ms,292160,119.879,0.205421
292192ms,292192,119.532,0.206301
292239ms,292239,119.163,0.201560
292271ms,292271,118.811,0.201773
292303ms,292303,118.241,0.200957
292335ms,292335,118.046,0.202300
292368ms,292368,117.711,0.200432
292399ms,292399,117.480,0.199700
292431ms,292431,117.472,0.199445
292495ms,292495,116.839,0.197806
292528ms,292528,116.675,0.197646
292671ms,292671,116.485,0.197667
292703ms,292703,116.885,0.197600
292767ms,292767,116.906,0.198503
292831ms,292831,117.184,0.200846
292864ms,292864,117.108,0.199020
292928ms,292928,117.608,0.199122
292975ms,292975,117.653,0.198628
293039ms,293039,118.151,0.205280
293071ms,293071,118.429,0.200360
293103ms,293103,118.556,0.212353
293135ms,293135,118.858,0.200228
293167ms,293167,119.103,0.202462
293200ms,293200,119.269,0.203081
293232ms,293232,119.691,0.211819
293264ms,293264,119.601,0.207351
293296ms,293296,119.710,0.203592
293328ms,293328,119.832,0.203424
293375ms,293375,119.836,0.202903
293407ms,293407,119.825,0.203192
293439ms,293439,119.842,0.202726
293471ms,293471,119.854,0.203443
293503ms,293503,119.862,0.202906
293535ms,293535,119.857,0.203080
293568ms,293568,119.857,0.203007
293600ms,293600,119.738,0.203565
293632ms,293632,119.849,0.202985
293664ms,293664,119.817,0.207068
293696ms,293696,119.254,0.202285
293743ms,293743,118.829,0.201456
293775ms,293775,118.591,0.202478
293807ms,293807,118.320,0.205261
293839ms,293839,117.828,0.201861
293871ms,293871,117.476,0.200200
293903ms,293903,117.346,0.199617
293967ms,293967,116.757,0.198961
294111ms,294111,116.731,0.199099
294143ms,294143,116.599,0.199465
294207ms,294207,116.618,0.198136
294239ms,294239,116.922,0.199599
294272ms,294272,116.928,0.198435
294304ms,294304,117.107,0.199078
294336ms,294336,117.387,0.198576
294368ms,294368,117.272,0.200782
294400ms,294400,117.550,0.203873
294431ms,294431,117.735,0.201409
294464ms,294464,117.851,0.198850
294543ms,294543,118.347,0.201321
294575ms,294575,118.480,0.204083
294607ms,294607,118.746,0.202650
294639ms,294639,119.005,0.201664
294671ms,294671,119.126,0.203288
294703ms,294703,119.326,0.202308
294736ms,294736,119.639,0.211008
294768ms,294768,119.675,0.202827
294799ms,294799,119.876,0.203411
294832ms,294832,119.871,0.203199
294879ms,294879,119.837,0.203658
294911ms,294911,119.921,0.203117
294975ms,294975,119.796,0.202765
295007ms,295007,119.896,0.203209
295039ms,295039,119.899,0.203272
295072ms,295072,119.881,0.203278
295104ms,295104,119.865,0.203236
295136ms,295136,119.854,0.205349
295168ms,295168,119.473,0.209056
295200ms,295200,119.255,0.201891
295247ms,295247,118.763,0.201036
295279ms,295279,118.113,0.202368
295311ms,295311,117.955,0.202379
295343ms,295343,117.691,0.200115
295376ms,295376,117.431,0.199165
295408ms,295408,117.148,0.202862
295440ms,295440,116.995,0.198995
295471ms,295471,116.870,0.198330
295600ms,295600,116.787,0.198575
295647ms,295647,116.627,0.199838
295679ms,295679,116.590,0.200707
295711ms,295711,116.717,0.198784
295743ms,295743,116.985,0.198695
295775ms,295775,117.019,0.199719
295808ms,295808,117.174,0.199963
295840ms,295840,117.090,0.198755
295872ms,295872,117.377,0.200829
295903ms,295903,117.707,0.202753
295936ms,295936,117.827,0.202794
296015ms,296015,118.085,0.199769
296047ms,296047,118.370,0.202013
296079ms,296079,118.587,0.207491
296111ms,296111,118.822,0.203774
296144ms,296144,119.220,0.203200
296175ms,296175,119.392,0.203596
296208ms,296208,119.682,0.206519
296240ms,296240,119.783,0.205216
296272ms,296272,119.911,0.203385
296304ms,296304,119.929,0.203403
296336ms,296336,119.898,0.203058
296383ms,296383,119.893,0.203726
296415ms,296415,119.868,0.203449
296447ms,296447,119.912,0.203343
296479ms,296479,119.873,0.203094
296511ms,296511,119.910,0.203322
296544ms,296544,119.751,0.203063
296576ms,296576,119.808,0.203450
296607ms,296607,119.797,0.203389
296640ms,296640,119.634,0.205472
296672ms,296672,119.211,0.206684
296704ms,296704,118.784,0.201392
296736ms,296736,118.510,0.204478
296783ms,296783,118.178,0.201132
296815ms,296815,117.698,0.200241
296847ms,296847,117.403,0.200262
296879ms,296879,117.369,0.198587
296911ms,296911,117.282,0.201158
296975ms,296975,117.071,0.198040
297008ms,297008,116.827,0.198808
297103ms,297103,116.580,0.199504
297247ms,297247,116.912,0.198104
297279ms,297279,117.094,0.199609
297311ms,297311,117.293,0.198960
297344ms,297344,117.308,0.199364
297407ms,297407,117.748,0.200287
297440ms,297440,117.891,0.207319
297472ms,297472,118.140,0.200873
297504ms,297504,118.227,0.202398
297551ms,297551,118.471,0.207443
297583ms,297583,118.757,0.206259
297615ms,297615,119.017,0.203948
297647ms,297647,119.132,0.201666
297679ms,297679,119.513,0.204264
297711ms,297711,119.686,0.207717
297744ms,297744,119.782,0.204614
297776ms,297776,119.781,0.203623
297808ms,297808,119.895,0.203334
297840ms,297840,119.906,0.202895
297872ms,297872,119.843,0.202722
297919ms,297919,119.846,0.203027
297951ms,297951,119.838,0.203094
297983ms,297983,119.854,0.203259
298015ms,298015,119.896,0.203167
298047ms,298047,119.887,0.203092
298079ms,298079,119.883,0.203410
298111ms,298111,119.844,0.202640
298144ms,298144,119.632,0.210236
298175ms,298175,119.180,0.202273
298208ms,298208,118.726,0.200897
298239ms,298239,118.277,0.203478
298287ms,298287,118.332,0.203061
298319ms,298319,117.927,0.199736
298351ms,298351,117.501,0.200376
298383ms,298383,117.281,0.199127
298415ms,298415,117.082,0.198840
298448ms,298448,116.961,0.198787
298480ms,298480,116.825,0.198083
298512ms,298512,116.946,0.198078
298639ms,298639,117.008,0.197779
298687ms,298687,116.604,0.197982
298751ms,298751,117.059,0.199205
298783ms,298783,117.108,0.198115
298816ms,298816,117.335,0.198939
298848ms,298848,117.481,0.200959
298880ms,298880,117.558,0.199497
298912ms,298912,117.836,0.200279
298944ms,298944,118.042,0.200771
298976ms,298976,118.206,0.199304
299008ms,299008,118.441,0.202619
299055ms,299055,118.609,0.204692
299087ms,299087,118.973,0.206586
299119ms,299119,118.961,0.201754
299183ms,299183,119.726,0.207757
299215ms,299215,119.690,0.205036
299248ms,299248,119.865,0.203060
299280ms,299280,119.848,0.203167
299312ms,299312,119.875,0.203043
299344ms,299344,119.941,0.203148
299376ms,299376,119.926,0.203311
299423ms,299423,119.954,0.203411
299455ms,299455,119.881,0.203310
299487ms,299487,119.900,0.204193
299519ms,299519,119.870,0.203296
299551ms,299551,119.854,0.203883
299583ms,299583,120.000,0.203261
299615ms,299615,119.524,0.207095
299648ms,299648,119.270,0.202757
299680ms,299680,118.845,0.201470
299712ms,299712,118.510,0.201965
299744ms,299744,118.319,0.203621
299776ms,299776,117.849,0.199973
299823ms,299823,117.637,0.199755
299887ms,299887,117.262,0.202168
299919ms,299919,116.842,0.198699
299983ms,299983,116.789,0.198692
300048ms,300048,116.814,0.198405
300223ms,300223,117.224,0.198392
300255ms,300255,117.184,0.198576
300287ms,300287,117.392,0.198907
300319ms,300319,117.258,0.199777
300351ms,300351,117.381,0.202356
300415ms,300415,117.981,0.200480
300448ms,300448,118.163,0.204913
300480ms,300480,118.322,0.203377
300512ms,300512,118.392,0.204537
300559ms,300559,118.771,0.201900
300591ms,300591,119.099,0.201948
300623ms,300623,119.236,0.206310
300655ms,300655,119.463,0.213625
300687ms,300687,119.773,0.207294
300719ms,300719,119.857,0.203501
300751ms,300751,119.696,0.203371
300784ms,300784,119.749,0.203256
300816ms,300816,119.814,0.203119
300848ms,300848,119.854,0.203231
300880ms,300880,119.865,0.203215
300912ms,300912,119.838,0.203143
300959ms,300959,119.812,0.203297
300991ms,300991,119.820,0.202975
301024ms,301024,119.871,0.203072
301055ms,301055,119.919,0.203919
301087ms,301087,119.823,0.209125
301119ms,301119,119.444,0.207403
301152ms,301152,119.130,0.202867
301184ms,301184,118.512,0.201867
301216ms,301216,118.221,0.201753
301248ms,301248,118.005,0.202385
301280ms,301280,117.505,0.200404
301327ms,301327,117.417,0.200698
301359ms,301359,117.409,0.200856
301392ms,301392,117.081,0.200480
301423ms,301423,116.878,0.198002
301584ms,301584,116.706,0.199622
301648ms,301648,116.786,0.198612
301680ms,301680,117.133,0.198198
301727ms,301727,117.032,0.198656
301759ms,301759,117.086,0.199045
301791ms,301791,117.304,0.200000
301823ms,301823,117.569,0.200706
301856ms,301856,117.689,0.204177
301888ms,301888,117.768,0.199015
301919ms,301919,118.057,0.201275
301952ms,301952,118.309,0.204326
301984ms,301984,118.408,0.205375
302016ms,302016,118.771,0.202934
302048ms,302048,119.024,0.200888
302095ms,302095,119.140,0.203207
302127ms,302127,119.282,0.203367
302159ms,302159,119.547,0.206120
302191ms,302191,119.757,0.203281
302224ms,302224,119.871,0.203168
302256ms,302256,119.875,0.202784
302288ms,302288,119.894,0.203265
302320ms,302320,119.862,0.203037
302352ms,302352,119.820,0.203371
302384ms,302384,119.839,0.202922
302416ms,302416,119.838,0.202881
302495ms,302495,119.864,0.203061
302527ms,302527,119.930,0.203163
302559ms,302559,119.827,0.203814
302591ms,302591,119.667,0.208292
302624ms,302624,119.338,0.201370
302687ms,302687,118.351,0.202088
302720ms,302720,118.224,0.201987
302751ms,302751,117.786,0.200457
302784ms,302784,117.482,0.199853
302816ms,302816,117.357,0.198399
302863ms,302863,117.000,0.198694
302991ms,302991,116.622,0.197980
303087ms,303087,116.945,0.197593
303119ms,303119,116.783,0.203189
303231ms,303231,117.190,0.198106
303263ms,303263,117.242,0.198588
303295ms,303295,117.476,0.200053
303327ms,303327,117.773,0.200736
303359ms,303359,117.742,0.200156
303392ms,303392,117.789,0.203635
303424ms,303424,118.019,0.199779
303456ms,303456,118.389,0.200815
303488ms,303488,118.536,0.203977
303520ms,303520,118.890,0.202827
303552ms,303552,119.120,0.200815
303631ms,303631,119.480,0.207767
303663ms,303663,119.789,0.205954
303695ms,303695,119.855,0.203422
303728ms,303728,119.816,0.203341
303759ms,303759,119.771,0.203355
303791ms,303791,119.749,0.203633
303824ms,303824,119.792,0.203288
303856ms,303856,119.765,0.203283
303919ms,303919,119.882,0.203171
303952ms,303952,119.900,0.203516
303999ms,303999,119.867,0.203242
304031ms,304031,119.901,0.204016
304063ms,304063,119.575,0.212155
304095ms,304095,119.204,0.202276
304159ms,304159,118.546,0.205579
304192ms,304192,118.384,0.203647
304224ms,304224,117.990,0.200194
304256ms,304256,117.444,0.200958
304287ms,304287,117.325,0.199752
304320ms,304320,117.169,0.200334
304399ms,304399,116.944,0.198235
304463ms,304463,116.766,0.202299
304527ms,304527,116.689,0.204002
304592ms,304592,116.667,0.200053
304656ms,304656,116.975,0.198514
304688ms,304688,117.025,0.199862
304735ms,304735,117.367,0.198761
304767ms,304767,117.413,0.199287
304799ms,304799,117.536,0.199895
304831ms,304831,117.650,0.198580
304863ms,304863,117.921,0.199699
304896ms,304896,118.167,0.202813
304928ms,304928,118.271,0.203232
304960ms,304960,118.511,0.204414
304992ms,304992,118.687,0.203543
305024ms,305024,119.168,0.201694
305055ms,305055,119.258,0.201978
305088ms,305088,119.428,0.205369
305135ms,305135,119.673,0.206513
305167ms,305167,119.805,0.203751
305199ms,305199,119.886,0.203356
305231ms,305231,119.882,0.203141
305263ms,305263,119.762,0.203109
305295ms,305295,119.821,0.203161
305359ms,305359,119.819,0.203186
305392ms,305392,119.920,0.203254
305424ms,305424,119.845,0.203057
305456ms,305456,119.929,0.203229
305503ms,305503,119.894,0.203671
305535ms,305535,119.963,0.204041
305567ms,305567,119.626,0.205445
305599ms,305599,119.322,0.203549
305631ms,305631,118.684,0.202730
305664ms,305664,118.335,0.202909
305696ms,305696,118.081,0.203916
305728ms,305728,117.754,0.200149
305760ms,305760,117.539,0.199668
305791ms,305791,117.320,0.198923
305824ms,305824,117.013,0.199067
305871ms,305871,116.819,0.199180
305903ms,305903,117.092,0.198335
305999ms,305999,116.812,0.198625
306063ms,306063,116.519,0.207663
306160ms,306160,117.194,0.198253
306191ms,306191,117.150,0.198745
306224ms,306224,117.212,0.198715
306271ms,306271,117.499,0.199804
306303ms,306303,117.460,0.203463
306335ms,306335,117.765,0.200578
306367ms,306367,117.935,0.200141
306399ms,306399,118.191,0.204226
306431ms,306431,118.368,0.200639
306464ms,306464,118.513,0.206656
306496ms,306496,118.827,0.202650
306528ms,306528,119.170,0.201409
306591ms,306591,119.434,0.208541
306639ms,306639,119.608,0.210561
306671ms,306671,119.827,0.203243
306703ms,306703,119.833,0.202786
306735ms,306735,119.845,0.203207
306768ms,306768,119.821,0.203102
306800ms,306800,119.794,0.203668
306832ms,306832,119.889,0.203592
306864ms,306864,119.925,0.203401
306896ms,306896,119.890,0.203350
306928ms,306928,119.870,0.203213
306960ms,306960,119.840,0.203485
307007ms,307007,119.936,0.203633
307039ms,307039,119.907,0.210316
307071ms,307071,119.346,0.210964
307103ms,307103,118.869,0.202647
307135ms,307135,118.537,0.201268
307167ms,307167,118.256,0.203185
307199ms,307199,117.886,0.202818
307232ms,307232,117.537,0.200836
307264ms,307264,117.368,0.199145
307296ms,307296,117.219,0.199829
307360ms,307360,116.733,0.201892
307568ms,307568,116.732,0.198854
307632ms,307632,117.093,0.199898
307664ms,307664,117.062,0.198791
307696ms,307696,117.088,0.199833
307728ms,307728,117.354,0.199696
307807ms,307807,117.765,0.202426
307839ms,307839,117.614,0.203023
307871ms,307871,118.013,0.204489
307903ms,307903,118.231,0.200234
307936ms,307936,118.438,0.202591
307968ms,307968,118.542,0.207646
308000ms,308000,119.000,0.201023
308032ms,308032,119.055,0.202856
308063ms,308063,119.319,0.202449
308095ms,308095,119.545,0.205631
308143ms,308143,119.785,0.204060
308175ms,308175,119.819,0.203289
308207ms,308207,119.908,0.203116
308239ms,308239,119.887,0.203211
308271ms,308271,119.909,0.203670
308303ms,308303,119.885,0.203926
308336ms,308336,119.797,0.203457
308368ms,308368,119.886,0.203038
308400ms,308400,119.841,0.202951
308431ms,308431,119.798,0.202904
308463ms,308463,119.811,0.203403
308496ms,308496,119.886,0.203882
308543ms,308543,119.706,0.207269
308575ms,308575,119.328,0.209541
308607ms,308607,118.821,0.202223
308639ms,308639,118.506,0.207259
308671ms,308671,118.211,0.202590
308704ms,308704,117.662,0.200569
308736ms,308736,117.333,0.199384
308767ms,308767,117.482,0.199464
308800ms,308800,117.352,0.199214
