timestamp_ms,elapsed_ms,pix_dist,m_dist
0ms,0,229.154,0.200291
31ms,31,229.291,0.200901
63ms,63,229.206,0.200241
96ms,96,229.450,0.200802
143ms,143,229.301,0.200577
175ms,175,229.230,0.200959
207ms,207,229.566,0.201222
239ms,239,229.618,0.201113
272ms,272,229.614,0.200453
304ms,304,229.619,0.200857
335ms,335,229.737,0.201513
367ms,367,229.445,0.201351
399ms,399,229.216,0.202159
431ms,431,228.781,0.200993
463ms,463,228.624,0.200480
495ms,495,228.645,0.200027
543ms,543,229.034,0.200435
575ms,575,229.760,0.201847
607ms,607,229.972,0.201612
671ms,671,230.272,0.202166
703ms,703,230.270,0.202101
735ms,735,230.343,0.202253
767ms,767,230.378,0.202105
799ms,799,230.332,0.202074
831ms,831,230.350,0.202491
911ms,911,230.354,0.202111
943ms,943,230.297,0.202091
975ms,975,230.349,0.202078
1007ms,1007,230.036,0.201888
1039ms,1039,229.620,0.202563
1103ms,1103,230.152,0.203007
1135ms,1135,230.073,0.201686
1167ms,1167,230.069,0.201146
1199ms,1199,229.847,0.201787
1231ms,1231,229.372,0.200705
1263ms,1263,229.047,0.200795
1311ms,1311,229.204,0.200623
1343ms,1343,229.212,0.200650
1375ms,1375,229.126,0.199867
1439ms,1439,229.241,0.200588
1471ms,1471,229.156,0.200281
1503ms,1503,229.067,0.199781
1535ms,1535,229.210,0.200637
1599ms,1599,229.322,0.200467
1631ms,1631,229.222,0.200980
1679ms,1679,229.391,0.200607
1711ms,1711,229.597,0.201366
1743ms,1743,229.419,0.200971
1775ms,1775,229.419,0.201421
1807ms,1807,229.594,0.201753
1839ms,1839,229.498,0.201398
1871ms,1871,229.143,0.202207
1903ms,1903,228.814,0.201044
1935ms,1935,228.495,0.199795
1967ms,1967,228.501,0.200252
1999ms,1999,229.135,0.200685
2047ms,2047,229.652,0.201500
2079ms,2079,229.857,0.201878
2111ms,2111,230.091,0.202051
2143ms,2143,230.171,0.202220
2175ms,2175,230.337,0.201913
2207ms,2207,230.345,0.201981
2239ms,2239,230.376,0.201752
2271ms,2271,230.386,0.202132
2303ms,2303,230.312,0.202367
2367ms,2367,230.365,0.202110
2415ms,2415,230.340,0.202255
2447ms,2447,230.443,0.202177
2479ms,2479,230.232,0.202054
2511ms,2511,229.845,0.201983
2543ms,2543,229.475,0.203420
2575ms,2575,229.767,0.206089
2607ms,2607,230.017,0.201418
2639ms,2639,230.248,0.201558
2671ms,2671,229.930,0.201019
2703ms,2703,229.385,0.201350
2735ms,2735,229.560,0.200596
2767ms,2767,229.338,0.200710
2815ms,2815,229.160,0.200978
2847ms,2847,229.164,0.200827
2879ms,2879,229.382,0.200312
2911ms,2911,229.602,0.200528
2943ms,2943,229.293,0.200489
2975ms,2975,229.231,0.200342
3007ms,3007,229.272,0.200426
3039ms,3039,229.139,0.200071
3071ms,3071,229.599,0.200973
3103ms,3103,229.259,0.200968
3135ms,3135,229.255,0.200657
3183ms,3183,229.349,0.201291
3215ms,3215,229.390,0.200988
3247ms,3247,229.490,0.200216
3279ms,3279,229.791,0.201553
3311ms,3311,229.498,0.200806
3343ms,3343,229.499,0.201391
3375ms,3375,228.995,0.201661
3407ms,3407,228.699,0.200556
3439ms,3439,228.575,0.200044
3471ms,3471,228.601,0.200260
3503ms,3503,229.123,0.201061
3535ms,3535,229.867,0.201697
3583ms,3583,229.874,0.201977
3615ms,3615,230.019,0.202103
3647ms,3647,230.153,0.201968
3679ms,3679,230.221,0.202022
3711ms,3711,230.127,0.202338
3743ms,3743,230.260,0.202429
3775ms,3775,230.188,0.202271
3839ms,3839,230.271,0.202117
3871ms,3871,230.261,0.202075
3903ms,3903,230.186,0.202318
3983ms,3983,230.094,0.202043
4015ms,4015,229.631,0.202229
4047ms,4047,229.263,0.204436
4079ms,4079,229.952,0.204011
4111ms,4111,229.908,0.201614
4143ms,4143,230.238,0.201971
4175ms,4175,229.955,0.201663
4207ms,4207,229.468,0.200878
4239ms,4239,229.543,0.201391
4271ms,4271,229.234,0.200417
4319ms,4319,229.296,0.201257
4351ms,4351,229.256,0.200363
4383ms,4383,229.539,0.201263
4415ms,4415,229.378,0.200199
4447ms,4447,229.355,0.200467
4479ms,4479,229.388,0.200781
4511ms,4511,229.266,0.200598
4543ms,4543,229.457,0.200944
4575ms,4575,229.407,0.200714
4639ms,4639,229.561,0.200793
4671ms,4671,229.661,0.201291
4719ms,4719,229.507,0.200729
4751ms,4751,229.704,0.200924
4783ms,4783,229.676,0.201064
4815ms,4815,229.529,0.201703
4847ms,4847,229.295,0.201494
4879ms,4879,228.585,0.201901
4911ms,4911,228.599,0.200493
4943ms,4943,228.589,0.200192
4975ms,4975,228.877,0.200641
5007ms,5007,229.226,0.201371
5055ms,5055,229.885,0.201849
5087ms,5087,229.939,0.201716
5119ms,5119,229.987,0.202220
5151ms,5151,230.043,0.202203
5183ms,5183,230.012,0.202106
5215ms,5215,230.008,0.202188
5247ms,5247,230.118,0.202186
5279ms,5279,230.121,0.201996
5311ms,5311,230.112,0.202036
5343ms,5343,230.107,0.202030
5375ms,5375,230.082,0.202070
5407ms,5407,230.068,0.202345
5487ms,5487,229.808,0.201809
5519ms,5519,229.510,0.202862
5551ms,5551,229.555,0.206422
5583ms,5583,230.037,0.202236
5647ms,5647,229.887,0.201344
5679ms,5679,229.370,0.200971
5711ms,5711,229.495,0.201916
5743ms,5743,229.367,0.200809
5775ms,5775,229.243,0.200895
5823ms,5823,229.308,0.200881
5887ms,5887,229.494,0.201365
5919ms,5919,229.359,0.200549
5951ms,5951,229.274,0.200059
5983ms,5983,229.092,0.199782
6015ms,6015,229.186,0.200456
6047ms,6047,229.597,0.201591
6079ms,6079,229.086,0.200492
6111ms,6111,229.252,0.201069
6143ms,6143,229.373,0.201310
6191ms,6191,229.511,0.200651
6223ms,6223,229.511,0.201015
6255ms,6255,229.801,0.200681
6287ms,6287,229.789,0.201227
6319ms,6319,229.531,0.201747
6351ms,6351,229.308,0.201608
6383ms,6383,228.923,0.201254
6415ms,6415,228.726,0.200379
6447ms,6447,228.774,0.200576
6479ms,6479,229.168,0.200861
6511ms,6511,229.756,0.201532
6543ms,6543,229.878,0.201859
6591ms,6591,230.240,0.201893
6623ms,6623,230.035,0.202267
6655ms,6655,230.160,0.202133
6687ms,6687,230.176,0.202008
6719ms,6719,230.230,0.202487
6751ms,6751,230.283,0.202303
6783ms,6783,230.287,0.202490
6815ms,6815,230.245,0.202284
6847ms,6847,230.241,0.202014
6879ms,6879,230.304,0.202062
6911ms,6911,230.310,0.202145
6959ms,6959,230.159,0.202356
7023ms,7023,229.536,0.205009
7055ms,7055,229.953,0.203086
7087ms,7087,229.890,0.200836
7119ms,7119,230.131,0.202177
7151ms,7151,229.981,0.202142
7183ms,7183,229.473,0.200768
7215ms,7215,229.467,0.200677
7247ms,7247,229.222,0.200701
7279ms,7279,229.281,0.200806
7327ms,7327,229.324,0.200762
7359ms,7359,229.440,0.200935
7391ms,7391,229.295,0.200596
7423ms,7423,229.229,0.199725
7455ms,7455,229.279,0.200861
7519ms,7519,229.474,0.201296
7551ms,7551,229.266,0.201324
7583ms,7583,229.217,0.200584
7615ms,7615,229.520,0.201063
7647ms,7647,229.492,0.201072
7679ms,7679,229.608,0.200783
7727ms,7727,229.778,0.200972
7759ms,7759,229.672,0.200723
7791ms,7791,229.594,0.201422
7823ms,7823,229.452,0.201104
7855ms,7855,229.143,0.201228
7887ms,7887,229.026,0.200880
7919ms,7919,228.692,0.200275
7983ms,7983,229.587,0.202170
8015ms,8015,230.013,0.201957
8047ms,8047,230.042,0.202185
8095ms,8095,230.161,0.202019
8127ms,8127,230.054,0.201989
8159ms,8159,230.097,0.201736
8191ms,8191,230.171,0.201950
8223ms,8223,230.245,0.201906
8255ms,8255,230.309,0.202039
8287ms,8287,230.231,0.202068
8319ms,8319,230.192,0.202106
8351ms,8351,230.239,0.201973
8383ms,8383,230.336,0.202163
8415ms,8415,230.225,0.202196
8463ms,8463,229.762,0.202129
8495ms,8495,229.561,0.204127
8527ms,8527,229.939,0.205032
8559ms,8559,229.895,0.201395
8591ms,8591,230.103,0.201952
8623ms,8623,229.817,0.201852
8655ms,8655,229.510,0.201250
8687ms,8687,229.569,0.201586
8719ms,8719,229.285,0.200642
8751ms,8751,229.400,0.200678
8783ms,8783,229.233,0.200109
8831ms,8831,229.628,0.201509
8863ms,8863,229.298,0.200252
8895ms,8895,229.270,0.199957
8927ms,8927,229.219,0.200721
8959ms,8959,229.257,0.200782
8991ms,8991,229.355,0.201013
9023ms,9023,229.309,0.200789
9055ms,9055,229.137,0.200563
9087ms,9087,229.525,0.200485
9119ms,9119,229.646,0.201461
9151ms,9151,229.580,0.200863
9183ms,9183,229.642,0.200827
9231ms,9231,229.898,0.201266
9263ms,9263,229.691,0.201493
9295ms,9295,229.306,0.201489
9327ms,9327,228.960,0.200948
9359ms,9359,228.615,0.200344
9391ms,9391,228.607,0.200484
9423ms,9423,228.675,0.200741
9487ms,9487,229.948,0.202065
9519ms,9519,229.997,0.201986
9551ms,9551,230.064,0.202316
9631ms,9631,230.116,0.201956
9663ms,9663,230.136,0.202395
9695ms,9695,230.110,0.202021
9727ms,9727,230.123,0.202058
9759ms,9759,230.087,0.202485
9791ms,9791,230.071,0.202116
9823ms,9823,230.150,0.202017
9887ms,9887,230.264,0.201814
9919ms,9919,229.960,0.201619
9951ms,9951,229.612,0.202791
9999ms,9999,229.623,0.205404
10031ms,10031,230.364,0.202620
10063ms,10063,229.908,0.201634
10095ms,10095,229.946,0.202185
10127ms,10127,229.812,0.201821
10159ms,10159,229.515,0.201156
10191ms,10191,229.133,0.200465
10223ms,10223,229.151,0.200576
10255ms,10255,229.236,0.200618
10287ms,10287,229.280,0.200488
10319ms,10319,229.393,0.200827
10367ms,10367,229.175,0.199760
10399ms,10399,229.236,0.200548
10431ms,10431,229.246,0.200463
10463ms,10463,229.357,0.201159
10495ms,10495,229.587,0.200812
10527ms,10527,229.226,0.200541
10559ms,10559,229.410,0.200955
10623ms,10623,229.569,0.200552
10655ms,10655,229.501,0.201256
10687ms,10687,229.906,0.201860
10719ms,10719,229.526,0.201447
10767ms,10767,229.415,0.200909
10799ms,10799,229.152,0.201493
10831ms,10831,228.688,0.200571
10863ms,10863,228.510,0.200160
10895ms,10895,228.466,0.200287
10927ms,10927,229.136,0.200707
10959ms,10959,229.675,0.201910
10991ms,10991,230.069,0.201846
11023ms,11023,230.121,0.202399
11055ms,11055,230.153,0.202173
11087ms,11087,230.176,0.202067
11135ms,11135,230.102,0.202031
11167ms,11167,230.148,0.201971
11199ms,11199,230.066,0.202029
11231ms,11231,230.103,0.202137
11263ms,11263,230.082,0.202210
11295ms,11295,230.094,0.201872
11327ms,11327,230.057,0.202117
11359ms,11359,230.112,0.202039
11391ms,11391,230.068,0.201561
11423ms,11423,229.735,0.202599
11455ms,11455,229.474,0.205403
11503ms,11503,230.033,0.205580
11567ms,11567,230.246,0.201652
11599ms,11599,229.773,0.201731
11631ms,11631,229.462,0.201448
11663ms,11663,229.551,0.201542
11695ms,11695,229.196,0.200182
11727ms,11727,229.401,0.200986
11759ms,11759,229.223,0.201181
11791ms,11791,229.628,0.201694
11823ms,11823,229.405,0.200230
11855ms,11855,229.204,0.199780
11903ms,11903,229.237,0.200639
11935ms,11935,229.160,0.200717
11967ms,11967,229.444,0.200883
11999ms,11999,229.280,0.200835
12031ms,12031,229.204,0.200948
12063ms,12063,229.597,0.200563
12095ms,12095,229.416,0.201165
12127ms,12127,229.602,0.201060
12159ms,12159,229.824,0.200799
12191ms,12191,229.941,0.201124
12223ms,12223,229.503,0.201921
12271ms,12271,229.461,0.201162
12303ms,12303,229.041,0.200781
12335ms,12335,228.621,0.200739
12367ms,12367,228.509,0.200204
12399ms,12399,228.882,0.201300
12431ms,12431,229.533,0.201167
12463ms,12463,229.968,0.201991
12495ms,12495,230.027,0.201835
12559ms,12559,230.152,0.202017
12591ms,12591,230.167,0.202018
12639ms,12639,230.205,0.202113
12671ms,12671,230.094,0.202318
12703ms,12703,230.130,0.201963
12735ms,12735,230.160,0.202057
12767ms,12767,230.089,0.202309
12799ms,12799,230.150,0.201987
12831ms,12831,230.209,0.202155
12863ms,12863,230.178,0.202055
12895ms,12895,229.932,0.201326
12927ms,12927,229.532,0.204382
12959ms,12959,229.884,0.206248
13007ms,13007,230.117,0.201769
13039ms,13039,229.990,0.201279
13071ms,13071,229.739,0.201158
13103ms,13103,229.399,0.201264
13135ms,13135,229.676,0.201098
13167ms,13167,229.434,0.200750
13199ms,13199,229.365,0.201327
13231ms,13231,229.272,0.200249
13263ms,13263,229.213,0.200457
13295ms,13295,229.376,0.199744
13327ms,13327,229.130,0.199757
13359ms,13359,229.231,0.200085
13407ms,13407,229.367,0.200960
13439ms,13439,229.504,0.200606
13471ms,13471,229.295,0.200543
13503ms,13503,229.253,0.201113
13535ms,13535,229.855,0.201081
13567ms,13567,229.686,0.201507
13599ms,13599,229.822,0.201851
13631ms,13631,229.941,0.200971
13663ms,13663,229.915,0.201559
13695ms,13695,229.507,0.201474
13727ms,13727,229.305,0.201140
13775ms,13775,228.973,0.201016
13807ms,13807,228.630,0.200953
13839ms,13839,228.528,0.200105
13871ms,13871,228.897,0.201023
13903ms,13903,229.514,0.201295
13935ms,13935,230.016,0.202116
14031ms,14031,230.186,0.201859
14063ms,14063,230.203,0.201723
14095ms,14095,230.307,0.201934
14127ms,14127,230.279,0.201777
14175ms,14175,230.164,0.201966
14207ms,14207,230.157,0.201795
14239ms,14239,230.203,0.201667
14271ms,14271,230.277,0.201588
14303ms,14303,230.329,0.202125
14335ms,14335,230.290,0.202313
14367ms,14367,230.055,0.201960
14399ms,14399,229.630,0.203425
14431ms,14431,229.676,0.205346
14463ms,14463,230.212,0.202617
14495ms,14495,230.032,0.201427
14543ms,14543,229.808,0.201815
14575ms,14575,229.645,0.201365
14607ms,14607,229.626,0.202004
14639ms,14639,229.625,0.201229
14703ms,14703,229.300,0.201683
14735ms,14735,229.395,0.200638
14767ms,14767,229.489,0.200336
14799ms,14799,229.300,0.199718
14831ms,14831,229.255,0.200594
14863ms,14863,229.305,0.200971
14911ms,14911,229.457,0.200667
14943ms,14943,229.167,0.199907
14975ms,14975,229.073,0.200979
15007ms,15007,229.616,0.201590
15039ms,15039,229.740,0.201120
15071ms,15071,229.703,0.200213
15103ms,15103,229.715,0.200357
15135ms,15135,230.030,0.201637
15167ms,15167,229.574,0.201828
15199ms,15199,229.399,0.200934
15231ms,15231,229.102,0.201924
15263ms,15263,228.739,0.201260
15311ms,15311,228.446,0.201005
15343ms,15343,228.732,0.200695
15407ms,15407,229.873,0.201754
15439ms,15439,230.070,0.202212
15471ms,15471,230.091,0.201709
15503ms,15503,230.160,0.201590
15535ms,15535,230.155,0.201780
15567ms,15567,230.095,0.202262
15599ms,15599,230.099,0.201691
15631ms,15631,230.138,0.201830
15679ms,15679,230.068,0.201850
15711ms,15711,230.158,0.201827
15743ms,15743,230.192,0.202236
15775ms,15775,230.149,0.201684
15807ms,15807,230.233,0.202025
15839ms,15839,229.990,0.201864
15871ms,15871,229.495,0.202216
15903ms,15903,229.538,0.206261
15935ms,15935,229.972,0.203634
15967ms,15967,229.971,0.201524
15999ms,15999,230.152,0.201936
16047ms,16047,229.833,0.201603
16079ms,16079,229.435,0.201259
16111ms,16111,229.544,0.201318
16143ms,16143,229.202,0.200762
16175ms,16175,229.303,0.201205
16207ms,16207,229.249,0.200794
16239ms,16239,229.325,0.200403
16303ms,16303,229.256,0.200564
16335ms,16335,229.357,0.200651
16367ms,16367,229.555,0.201653
16399ms,16399,229.365,0.200069
16447ms,16447,229.185,0.200796
16479ms,16479,229.758,0.202412
16511ms,16511,229.505,0.201483
16543ms,16543,229.616,0.200658
16575ms,16575,229.726,0.202127
16607ms,16607,229.977,0.201214
16639ms,16639,229.721,0.201072
16671ms,16671,229.556,0.201377
16703ms,16703,229.251,0.201722
16735ms,16735,228.857,0.200751
16767ms,16767,228.468,0.200478
16815ms,16815,228.603,0.200743
16847ms,16847,229.242,0.200756
16879ms,16879,229.876,0.201596
16911ms,16911,229.978,0.201763
16943ms,16943,230.179,0.201662
16975ms,16975,230.181,0.201988
17007ms,17007,230.204,0.202035
17039ms,17039,230.224,0.202018
17071ms,17071,230.199,0.202023
17103ms,17103,230.220,0.202170
17135ms,17135,230.186,0.202170
17183ms,17183,230.088,0.202033
17215ms,17215,230.141,0.201942
17247ms,17247,230.176,0.202059
17279ms,17279,230.298,0.201828
17311ms,17311,230.330,0.201854
17343ms,17343,229.630,0.201903
17375ms,17375,229.475,0.205837
17407ms,17407,230.058,0.205273
17439ms,17439,229.889,0.201920
17471ms,17471,230.159,0.201708
17503ms,17503,229.851,0.201610
17583ms,17583,229.670,0.201344
17615ms,17615,229.269,0.200639
17647ms,17647,229.411,0.201240
17679ms,17679,229.154,0.200325
17711ms,17711,229.503,0.201543
17743ms,17743,229.307,0.200205
17775ms,17775,229.211,0.200087
17807ms,17807,229.256,0.199699
17839ms,17839,229.435,0.201340
17871ms,17871,229.604,0.201385
17903ms,17903,229.305,0.201753
17951ms,17951,229.413,0.201629
17983ms,17983,229.626,0.201000
18015ms,18015,229.559,0.200932
18047ms,18047,229.719,0.200904
18079ms,18079,229.801,0.201142
18111ms,18111,229.944,0.201171
18143ms,18143,229.614,0.201492
18175ms,18175,229.297,0.201443
18207ms,18207,229.000,0.201222
18239ms,18239,228.725,0.200899
18271ms,18271,228.419,0.200654
18303ms,18303,228.620,0.200781
18351ms,18351,229.432,0.201458
18383ms,18383,229.808,0.201832
18415ms,18415,230.013,0.201665
18447ms,18447,230.155,0.202080
18479ms,18479,230.110,0.202085
18511ms,18511,230.199,0.202202
18575ms,18575,230.205,0.202080
18607ms,18607,230.159,0.202112
18639ms,18639,230.147,0.202301
18671ms,18671,230.168,0.202224
18719ms,18719,230.186,0.201838
18751ms,18751,230.477,0.201870
18783ms,18783,230.390,0.202054
18815ms,18815,230.259,0.202125
18847ms,18847,229.646,0.202510
18879ms,18879,229.719,0.205937
18911ms,18911,229.890,0.203219
18943ms,18943,230.043,0.201758
18975ms,18975,230.021,0.201921
19007ms,19007,229.938,0.202509
19039ms,19039,229.386,0.200250
19087ms,19087,229.556,0.201084
19119ms,19119,229.266,0.200122
19183ms,19183,229.347,0.200185
19183ms,19183,229.347,0.200185
19215ms,19215,229.411,0.200672
19215ms,19215,229.411,0.200672
19247ms,19247,229.406,0.200662
19279ms,19279,229.295,0.200481
19343ms,19343,229.510,0.201178
19375ms,19375,229.595,0.201971
19407ms,19407,229.205,0.200962
19455ms,19455,229.616,0.202249
19487ms,19487,229.477,0.200508
19519ms,19519,229.533,0.200902
19583ms,19583,229.892,0.201261
19615ms,19615,229.727,0.201420
19647ms,19647,229.392,0.201298
19679ms,19679,229.066,0.201252
19711ms,19711,228.824,0.200567
19743ms,19743,228.549,0.200346
19775ms,19775,228.461,0.200440
19807ms,19807,229.150,0.201105
19855ms,19855,229.700,0.201744
19887ms,19887,229.880,0.201776
19919ms,19919,230.085,0.202239
19951ms,19951,230.140,0.202335
19983ms,19983,230.199,0.202410
20015ms,20015,230.212,0.202082
20047ms,20047,230.113,0.202400
20079ms,20079,230.272,0.202640
20111ms,20111,230.243,0.202292
20143ms,20143,230.238,0.202157
20175ms,20175,230.231,0.202308
20223ms,20223,230.203,0.202178
20255ms,20255,230.395,0.202154
20287ms,20287,230.298,0.202212
20319ms,20319,229.802,0.201870
20351ms,20351,229.448,0.203742
20383ms,20383,229.910,0.204138
20415ms,20415,230.034,0.202035
20447ms,20447,230.148,0.202029
20479ms,20479,229.815,0.202026
20511ms,20511,229.486,0.201279
20543ms,20543,229.671,0.201353
20591ms,20591,229.343,0.201088
20623ms,20623,229.343,0.201681
20655ms,20655,229.244,0.200773
20719ms,20719,229.346,0.199895
20751ms,20751,229.321,0.200396
20783ms,20783,229.212,0.199754
20815ms,20815,229.614,0.201489
20847ms,20847,229.509,0.201078
20879ms,20879,229.213,0.201658
20911ms,20911,229.327,0.201333
20943ms,20943,229.683,0.200839
20991ms,20991,229.521,0.201349
21023ms,21023,229.637,0.201724
21055ms,21055,229.640,0.201088
21087ms,21087,229.751,0.201418
21119ms,21119,229.494,0.200698
21151ms,21151,229.475,0.201054
21215ms,21215,228.634,0.199758
21247ms,21247,228.492,0.199995
21279ms,21279,228.948,0.200546
21311ms,21311,229.449,0.202402
21359ms,21359,229.891,0.201706
21391ms,21391,229.933,0.201923
21423ms,21423,230.171,0.201875
21455ms,21455,230.199,0.202253
21487ms,21487,230.153,0.202595
21519ms,21519,230.217,0.202467
21551ms,21551,230.187,0.202161
21583ms,21583,230.252,0.202242
21615ms,21615,230.246,0.202099
21647ms,21647,230.266,0.201972
21679ms,21679,230.212,0.202147
21727ms,21727,230.282,0.202030
21759ms,21759,230.292,0.201688
21791ms,21791,229.909,0.202139
21823ms,21823,229.385,0.203284
21855ms,21855,229.585,0.205667
21887ms,21887,230.142,0.203065
21919ms,21919,230.075,0.202071
21951ms,21951,229.733,0.201097
21983ms,21983,229.298,0.200842
22015ms,22015,229.630,0.201590
22047ms,22047,229.620,0.201672
22079ms,22079,229.149,0.200546
22127ms,22127,229.355,0.200723
22159ms,22159,229.308,0.200877
22191ms,22191,229.360,0.200533
22223ms,22223,229.328,0.199463
22255ms,22255,229.326,0.200367
22287ms,22287,229.273,0.201014
22319ms,22319,229.388,0.200973
22383ms,22383,229.287,0.200693
22415ms,22415,229.615,0.201066
22447ms,22447,229.787,0.201171
22495ms,22495,229.569,0.200649
22527ms,22527,229.768,0.200615
22559ms,22559,229.808,0.201354
22591ms,22591,229.450,0.201658
22623ms,22623,229.370,0.201006
22655ms,22655,229.095,0.201623
22687ms,22687,228.693,0.200733
22719ms,22719,228.480,0.199760
22751ms,22751,228.644,0.200554
22815ms,22815,229.808,0.201891
22847ms,22847,229.988,0.201984
22927ms,22927,230.149,0.202044
22959ms,22959,230.213,0.202078
22991ms,22991,230.170,0.202327
23023ms,23023,230.141,0.202214
23055ms,23055,230.138,0.202107
23087ms,23087,230.199,0.202570
23119ms,23119,230.158,0.202393
23151ms,23151,230.145,0.202198
23183ms,23183,230.285,0.202028
23215ms,23215,230.200,0.202150
23263ms,23263,230.092,0.201965
23294ms,23294,229.659,0.202014
23326ms,23326,229.653,0.205495
23359ms,23359,230.003,0.202962
23391ms,23391,230.016,0.201708
23423ms,23423,230.253,0.201988
23455ms,23455,230.019,0.202104
23487ms,23487,229.445,0.201323
23519ms,23519,229.516,0.201392
23551ms,23551,229.281,0.200066
23583ms,23583,229.390,0.201103
23631ms,23631,229.181,0.200518
23662ms,23662,229.360,0.200115
23694ms,23694,229.215,0.199634
23727ms,23727,229.278,0.200183
23759ms,23759,229.128,0.200020
23791ms,23791,229.371,0.201025
23823ms,23823,229.508,0.201217
23855ms,23855,229.286,0.200985
23887ms,23887,229.464,0.201285
23919ms,23919,229.385,0.200891
23951ms,23951,229.528,0.201009
23983ms,23983,229.557,0.201588
24031ms,24031,229.806,0.200992
24062ms,24062,229.582,0.201700
24094ms,24094,229.586,0.201600
24127ms,24127,229.180,0.201669
24159ms,24159,228.748,0.200683
24190ms,24190,228.564,0.200276
24222ms,24222,228.528,0.200316
24287ms,24287,229.630,0.202154
24319ms,24319,229.833,0.201904
24351ms,24351,230.164,0.201697
24399ms,24399,230.138,0.202122
24463ms,24463,230.171,0.201922
24494ms,24494,230.104,0.201938
24527ms,24527,230.223,0.202095
24559ms,24559,230.240,0.202261
24590ms,24590,230.236,0.202265
24623ms,24623,230.237,0.202239
24655ms,24655,230.183,0.202378
24687ms,24687,230.326,0.202137
24719ms,24719,230.323,0.202106
24751ms,24751,229.815,0.202289
24798ms,24798,229.475,0.204306
24830ms,24830,229.937,0.205012
24862ms,24862,230.092,0.201988
24894ms,24894,230.088,0.201015
24927ms,24927,229.817,0.200941
24958ms,24958,229.474,0.201268
24991ms,24991,229.679,0.201219
25023ms,25023,229.541,0.201474
25055ms,25055,229.372,0.201141
25087ms,25087,229.208,0.201247
25166ms,25166,229.372,0.200156
25198ms,25198,229.201,0.199783
25230ms,25230,229.301,0.200631
25262ms,25262,229.255,0.200779
25295ms,25295,229.438,0.201195
25326ms,25326,229.256,0.200628
25358ms,25358,229.143,0.201141
25391ms,25391,229.571,0.201305
25423ms,25423,229.696,0.201691
25455ms,25455,229.701,0.201266
25487ms,25487,229.742,0.201034
25534ms,25534,229.961,0.201611
25566ms,25566,229.455,0.201832
25598ms,25598,229.447,0.200920
25630ms,25630,228.937,0.201391
25663ms,25663,228.714,0.200905
25695ms,25695,228.519,0.200124
25726ms,25726,228.719,0.201027
25759ms,25759,229.346,0.201341
25823ms,25823,229.860,0.201844
25855ms,25855,230.086,0.201600
25887ms,25887,230.202,0.202019
25934ms,25934,230.225,0.202098
25966ms,25966,230.203,0.202305
25998ms,25998,230.212,0.201955
26030ms,26030,230.166,0.202106
26063ms,26063,230.154,0.201990
26126ms,26126,230.174,0.201851
26158ms,26158,230.259,0.201787
26190ms,26190,230.221,0.202159
26223ms,26223,230.151,0.202193
26255ms,26255,229.476,0.202731
26302ms,26302,229.545,0.205627
26334ms,26334,230.168,0.203385
26366ms,26366,229.997,0.201565
26398ms,26398,229.947,0.201733
26430ms,26430,229.465,0.201311
26462ms,26462,229.673,0.201371
26494ms,26494,229.522,0.201224
26526ms,26526,229.052,0.200784
26558ms,26558,229.331,0.201356
26590ms,26590,229.202,0.199705
26622ms,26622,229.270,0.200416
26670ms,26670,229.182,0.200255
26702ms,26702,229.384,0.200722
26734ms,26734,229.191,0.200553
26766ms,26766,229.396,0.200414
26798ms,26798,229.379,0.200255
26830ms,26830,229.167,0.201298
26862ms,26862,229.629,0.201032
26894ms,26894,229.695,0.200849
26926ms,26926,229.576,0.200614
26958ms,26958,229.576,0.201160
26990ms,26990,229.902,0.201606
27038ms,27038,229.452,0.201309
27070ms,27070,229.327,0.200804
27102ms,27102,228.888,0.201166
27134ms,27134,228.780,0.201281
27166ms,27166,228.514,0.200149
27198ms,27198,228.501,0.200456
27230ms,27230,229.373,0.201091
27263ms,27263,229.757,0.201558
27294ms,27294,230.011,0.201905
27326ms,27326,230.129,0.202346
27358ms,27358,230.164,0.201799
27470ms,27470,230.200,0.202050
27502ms,27502,230.215,0.201768
27534ms,27534,230.287,0.202200
27566ms,27566,230.237,0.201776
27598ms,27598,230.289,0.202090
27630ms,27630,230.247,0.201933
27662ms,27662,230.284,0.201654
27694ms,27694,230.311,0.201722
27726ms,27726,229.699,0.201946
27758ms,27758,229.559,0.204812
27806ms,27806,229.825,0.204213
27838ms,27838,230.132,0.201552
27870ms,27870,230.167,0.201192
27902ms,27902,230.050,0.201282
27934ms,27934,229.543,0.202016
27998ms,27998,229.317,0.200757
28030ms,28030,229.423,0.201103
28062ms,28062,229.246,0.200577
28094ms,28094,229.449,0.200346
28126ms,28126,229.083,0.199963
28158ms,28158,229.279,0.200003
28206ms,28206,229.103,0.200046
28238ms,28238,229.554,0.201379
28270ms,28270,229.638,0.201463
28302ms,28302,229.119,0.200471
28334ms,28334,229.383,0.200781
28366ms,28366,229.421,0.200034
28398ms,28398,229.541,0.201172
28430ms,28430,229.821,0.202008
28462ms,28462,229.816,0.201154
28494ms,28494,229.616,0.201627
28526ms,28526,229.307,0.201434
28574ms,28574,229.316,0.201870
28606ms,28606,228.868,0.201007
28638ms,28638,228.766,0.200082
28670ms,28670,228.521,0.200268
28702ms,28702,229.191,0.200878
28734ms,28734,229.520,0.201564
28766ms,28766,229.800,0.201604
28798ms,28798,230.097,0.201741
28830ms,28830,230.246,0.202303
28862ms,28862,230.326,0.202214
28894ms,28894,230.288,0.202075
28942ms,28942,230.360,0.202006
28974ms,28974,230.294,0.202632
29006ms,29006,230.348,0.201919
29038ms,29038,230.264,0.202003
29070ms,29070,230.314,0.201967
29102ms,29102,230.284,0.202145
29134ms,29134,230.369,0.202265
29166ms,29166,230.328,0.202284
29198ms,29198,230.059,0.202346
29230ms,29230,229.451,0.203530
29262ms,29262,229.665,0.204967
29294ms,29294,230.037,0.202136
29342ms,29342,230.113,0.201881
29374ms,29374,229.865,0.201023
29438ms,29438,229.585,0.200580
29470ms,29470,229.522,0.201116
29502ms,29502,229.357,0.201541
29534ms,29534,229.132,0.201094
29566ms,29566,229.378,0.201097
29598ms,29598,229.520,0.200632
29662ms,29662,229.344,0.200623
29710ms,29710,229.258,0.200700
29742ms,29742,229.499,0.201127
29774ms,29774,229.396,0.201196
29806ms,29806,229.151,0.201692
29870ms,29870,229.571,0.201791
29902ms,29902,229.647,0.201008
29934ms,29934,229.682,0.200468
29966ms,29966,229.864,0.201503
29998ms,29998,229.324,0.201979
30030ms,30030,229.296,0.200976
30078ms,30078,228.797,0.200803
30110ms,30110,228.651,0.200481
30142ms,30142,228.392,0.200267
30174ms,30174,228.693,0.200722
30206ms,30206,229.376,0.201277
30238ms,30238,229.773,0.201504
30270ms,30270,229.974,0.202135
30334ms,30334,230.336,0.202213
30366ms,30366,230.239,0.202168
30398ms,30398,230.177,0.201750
30446ms,30446,230.252,0.201705
30510ms,30510,230.199,0.202188
30542ms,30542,230.235,0.202030
30574ms,30574,230.297,0.201746
30606ms,30606,230.162,0.201952
30638ms,30638,230.228,0.201702
30670ms,30670,230.091,0.202090
30702ms,30702,229.438,0.202956
30766ms,30766,230.224,0.202855
30814ms,30814,230.003,0.201229
30846ms,30846,229.816,0.201456
30878ms,30878,229.449,0.201377
30910ms,30910,229.758,0.201453
30942ms,30942,229.358,0.200904
30974ms,30974,229.263,0.201013
31006ms,31006,229.240,0.201035
31038ms,31038,229.430,0.201059
31070ms,31070,229.293,0.200012
31102ms,31102,229.354,0.200259
31134ms,31134,229.352,0.200841
31166ms,31166,229.314,0.200976
31214ms,31214,229.195,0.200478
31246ms,31246,229.254,0.200375
31278ms,31278,229.187,0.200449
31310ms,31310,229.746,0.201940
31342ms,31342,229.635,0.200946
31374ms,31374,229.572,0.200805
31406ms,31406,229.755,0.200727
31438ms,31438,229.737,0.201509
31470ms,31470,229.547,0.201256
31502ms,31502,229.401,0.201284
31534ms,31534,228.959,0.201528
31582ms,31582,228.655,0.200492
31614ms,31614,228.577,0.200184
31646ms,31646,228.618,0.200708
31678ms,31678,229.223,0.201463
31742ms,31742,229.951,0.201848
31774ms,31774,230.209,0.201735
31806ms,31806,230.181,0.201954
31838ms,31838,230.241,0.202020
31870ms,31870,230.252,0.202227
31902ms,31902,230.164,0.202502
31950ms,31950,230.218,0.201950
31982ms,31982,230.132,0.202002
32014ms,32014,230.145,0.202002
32046ms,32046,230.167,0.202324
32078ms,32078,230.254,0.201938
32110ms,32110,230.251,0.201934
32142ms,32142,230.181,0.202155
32206ms,32206,229.636,0.205404
32238ms,32238,229.945,0.204308
32270ms,32270,230.058,0.201451
32302ms,32302,230.039,0.201797
32350ms,32350,229.783,0.201452
32382ms,32382,229.477,0.200836
32414ms,32414,229.671,0.201502
32446ms,32446,229.204,0.200668
32478ms,32478,229.332,0.200793
32510ms,32510,229.205,0.200843
32542ms,32542,229.335,0.200306
32574ms,32574,229.350,0.199616
32606ms,32606,229.355,0.200228
32638ms,32638,229.087,0.201000
32670ms,32670,229.500,0.201102
32718ms,32718,229.556,0.201584
32750ms,32750,229.253,0.200961
32782ms,32782,229.424,0.200932
32814ms,32814,229.433,0.201010
32846ms,32846,229.458,0.201400
32878ms,32878,229.700,0.201517
32910ms,32910,229.908,0.200917
32942ms,32942,229.519,0.201850
32974ms,32974,229.411,0.201522
33006ms,33006,229.073,0.201360
33038ms,33038,228.721,0.200570
33086ms,33086,228.625,0.199908
33118ms,33118,228.472,0.200034
33150ms,33150,229.151,0.200849
33182ms,33182,229.497,0.201413
33214ms,33214,229.790,0.201588
33246ms,33246,230.019,0.201867
33278ms,33278,230.152,0.201992
33310ms,33310,230.152,0.202146
33342ms,33342,230.169,0.202126
33374ms,33374,230.158,0.202459
33406ms,33406,230.201,0.202529
33438ms,33438,230.232,0.202460
33486ms,33486,230.253,0.202216
33518ms,33518,230.250,0.202203
33550ms,33550,230.254,0.202458
33582ms,33582,230.216,0.202358
33614ms,33614,230.323,0.201951
33646ms,33646,230.128,0.202145
33678ms,33678,229.493,0.202620
33742ms,33742,230.098,0.202489
33774ms,33774,229.938,0.201371
33806ms,33806,229.892,0.201366
33854ms,33854,229.518,0.200878
33886ms,33886,229.467,0.202026
33918ms,33918,229.564,0.200838
33982ms,33982,229.333,0.201002
34014ms,34014,229.258,0.200608
34046ms,34046,229.348,0.200074
34078ms,34078,229.379,0.200191
34110ms,34110,229.355,0.200622
34142ms,34142,229.229,0.201140
34174ms,34174,229.322,0.200731
34206ms,34206,229.334,0.200970
34254ms,34254,229.159,0.200381
34286ms,34286,229.618,0.201768
34318ms,34318,229.450,0.201000
34350ms,34350,229.520,0.199815
34382ms,34382,229.699,0.200832
34414ms,34414,229.777,0.201056
34446ms,34446,229.441,0.201260
34478ms,34478,229.341,0.202222
34510ms,34510,228.946,0.201439
34542ms,34542,228.748,0.200897
34574ms,34574,228.598,0.200086
34622ms,34622,228.498,0.200581
34654ms,34654,229.296,0.200963
34686ms,34686,229.737,0.201917
34718ms,34718,229.947,0.201813
34750ms,34750,230.119,0.201443
34782ms,34782,230.100,0.201960
34814ms,34814,230.219,0.202248
34846ms,34846,230.223,0.202341
34878ms,34878,230.189,0.202518
34942ms,34942,230.204,0.202459
34990ms,34990,230.161,0.202301
35022ms,35022,230.221,0.202123
35054ms,35054,230.259,0.202475
35086ms,35086,230.305,0.202053
35118ms,35118,230.200,0.201762
35150ms,35150,229.807,0.201440
35182ms,35182,229.524,0.205620
35214ms,35214,229.810,0.203470
35246ms,35246,229.844,0.201782
35278ms,35278,230.129,0.202107
35310ms,35310,229.991,0.201597
35358ms,35358,229.485,0.201470
35390ms,35390,229.573,0.201139
35422ms,35422,229.184,0.200483
35454ms,35454,229.419,0.201004
35486ms,35486,229.179,0.201261
35518ms,35518,229.344,0.200376
35550ms,35550,229.295,0.200115
35582ms,35582,229.299,0.201261
35614ms,35614,229.230,0.201096
35646ms,35646,229.373,0.201051
35678ms,35678,229.602,0.201664
35710ms,35710,229.285,0.200591
35758ms,35758,229.604,0.202016
35790ms,35790,229.430,0.201078
35822ms,35822,229.453,0.200774
35854ms,35854,229.413,0.201191
35886ms,35886,229.750,0.201571
35918ms,35918,229.465,0.201028
35950ms,35950,229.395,0.201749
35982ms,35982,228.966,0.201649
36014ms,36014,228.787,0.201134
36046ms,36046,228.556,0.200346
36078ms,36078,228.517,0.200062
36158ms,36158,229.663,0.201855
36190ms,36190,229.815,0.202055
36222ms,36222,230.112,0.201555
36254ms,36254,230.217,0.202353
36286ms,36286,230.126,0.201983
36318ms,36318,230.283,0.202190
36350ms,36350,230.277,0.202333
36382ms,36382,230.144,0.202135
36414ms,36414,230.173,0.202354
36446ms,36446,230.188,0.202628
36478ms,36478,230.203,0.202130
36526ms,36526,230.177,0.202431
36558ms,36558,230.245,0.202262
36590ms,36590,230.267,0.202088
36622ms,36622,229.830,0.201997
36654ms,36654,229.411,0.204270
36686ms,36686,229.877,0.205311
36750ms,36750,230.196,0.202311
36782ms,36782,229.920,0.201791
36814ms,36814,229.501,0.201263
36846ms,36846,229.519,0.201625
36894ms,36894,229.340,0.200546
36926ms,36926,229.413,0.200920
36958ms,36958,229.307,0.200986
36990ms,36990,229.422,0.200504
37022ms,37022,229.313,0.199880
37054ms,37054,229.347,0.200297
37086ms,37086,229.159,0.200454
37118ms,37118,229.380,0.200989
37150ms,37150,229.431,0.201455
37182ms,37182,229.376,0.200978
37214ms,37214,229.381,0.201472
37262ms,37262,229.426,0.200823
37294ms,37294,229.383,0.201068
37326ms,37326,229.484,0.201899
37358ms,37358,229.893,0.201050
37390ms,37390,229.655,0.201378
37422ms,37422,229.323,0.200774
37454ms,37454,229.195,0.201084
37486ms,37486,228.807,0.200695
37518ms,37518,228.631,0.199966
37550ms,37550,228.365,0.199913
37582ms,37582,229.381,0.201197
37614ms,37614,229.443,0.201305
37662ms,37662,229.818,0.201503
37726ms,37726,230.152,0.202070
37758ms,37758,230.249,0.201978
37790ms,37790,230.236,0.202350
37822ms,37822,230.201,0.202013
37854ms,37854,230.274,0.202487
37886ms,37886,230.213,0.202169
37918ms,37918,230.324,0.201812
37950ms,37950,230.191,0.201963
37982ms,37982,230.206,0.201972
38030ms,38030,230.238,0.202120
38062ms,38062,230.235,0.201886
38094ms,38094,229.968,0.202371
38126ms,38126,229.401,0.204170
38158ms,38158,229.752,0.206534
38190ms,38190,230.059,0.202536
38222ms,38222,230.060,0.201765
38254ms,38254,229.760,0.201293
38318ms,38318,229.675,0.200907
38318ms,38318,229.675,0.200907
38350ms,38350,229.344,0.200939
38398ms,38398,229.171,0.200798
38430ms,38430,229.271,0.200955
38462ms,38462,229.529,0.200975
38494ms,38494,229.410,0.200416
38526ms,38526,229.228,0.199864
38558ms,38558,229.206,0.200489
38590ms,38590,229.324,0.200892
38622ms,38622,229.505,0.201649
38654ms,38654,229.307,0.200539
38686ms,38686,229.247,0.200902
38718ms,38718,229.598,0.201405
38750ms,38750,229.653,0.201593
38798ms,38798,229.559,0.200704
38830ms,38830,229.667,0.200729
38862ms,38862,229.641,0.201686
38894ms,38894,229.354,0.201011
38926ms,38926,229.143,0.201645
38958ms,38958,228.945,0.201406
38990ms,38990,228.662,0.199856
39022ms,39022,228.469,0.199977
39054ms,39054,228.874,0.200611
39086ms,39086,229.319,0.201636
39118ms,39118,229.804,0.202011
39166ms,39166,230.015,0.201890
39198ms,39198,230.094,0.202307
39230ms,39230,230.131,0.202283
39262ms,39262,230.324,0.202371
39294ms,39294,230.233,0.202471
39326ms,39326,230.220,0.202540
39358ms,39358,230.150,0.202335
39390ms,39390,230.189,0.202372
39422ms,39422,230.147,0.202510
39454ms,39454,230.231,0.202560
39486ms,39486,230.234,0.202379
39534ms,39534,230.200,0.202243
39566ms,39566,230.030,0.202330
39598ms,39598,229.570,0.203146
39630ms,39630,229.687,0.205152
39662ms,39662,230.217,0.201979
39694ms,39694,230.077,0.201772
39726ms,39726,229.798,0.201698
39758ms,39758,229.248,0.200791
39790ms,39790,229.566,0.201534
39822ms,39822,229.453,0.200629
39854ms,39854,229.136,0.200922
39886ms,39886,229.355,0.201386
39934ms,39934,229.302,0.200291
39966ms,39966,229.324,0.200321
39998ms,39998,229.233,0.199929
40030ms,40030,229.177,0.200232
40062ms,40062,229.259,0.200804
40094ms,40094,229.412,0.200521
40126ms,40126,229.443,0.201206
40158ms,40158,229.125,0.200292
40190ms,40190,229.634,0.200991
40222ms,40222,229.448,0.201146
40302ms,40302,229.580,0.200998
40334ms,40334,229.574,0.200925
40398ms,40398,229.343,0.201363
40430ms,40430,228.894,0.201910
40462ms,40462,228.698,0.200707
40494ms,40494,228.424,0.200105
40526ms,40526,228.479,0.200342
40558ms,40558,229.139,0.200923
40590ms,40590,229.697,0.201478
40622ms,40622,229.948,0.201802
40670ms,40670,230.075,0.201816
40702ms,40702,230.084,0.202132
40734ms,40734,230.181,0.201872
40766ms,40766,230.142,0.202407
40798ms,40798,230.183,0.201996
40830ms,40830,230.158,0.201535
40862ms,40862,230.070,0.202026
40894ms,40894,230.112,0.202107
40926ms,40926,230.051,0.202206
40958ms,40958,230.279,0.201797
40990ms,40990,230.203,0.201732
41022ms,41022,230.218,0.201620
41070ms,41070,229.781,0.201663
41102ms,41102,229.552,0.205584
41134ms,41134,229.833,0.204009
41166ms,41166,229.915,0.201406
41198ms,41198,230.182,0.201607
41230ms,41230,229.998,0.201776
41262ms,41262,229.535,0.201192
41294ms,41294,229.619,0.202005
41326ms,41326,229.186,0.200638
41358ms,41358,229.326,0.200675
41390ms,41390,229.247,0.201628
41438ms,41438,229.381,0.200364
41470ms,41470,229.257,0.199687
41502ms,41502,229.333,0.200806
41534ms,41534,229.310,0.200222
41566ms,41566,229.570,0.200982
41598ms,41598,229.485,0.201356
41630ms,41630,229.192,0.201306
41662ms,41662,229.612,0.201767
41694ms,41694,229.470,0.200981
41726ms,41726,229.369,0.200830
41758ms,41758,229.380,0.201239
41790ms,41790,229.681,0.200976
41838ms,41838,229.544,0.201063
41870ms,41870,229.453,0.201418
41902ms,41902,229.059,0.200786
41934ms,41934,228.712,0.200840
41966ms,41966,228.560,0.200130
41998ms,41998,228.489,0.199936
42030ms,42030,229.190,0.200745
42062ms,42062,229.637,0.201789
42094ms,42094,229.846,0.201754
42126ms,42126,230.032,0.201649
42158ms,42158,230.071,0.201907
42206ms,42206,230.155,0.201925
42238ms,42238,230.234,0.201961
42270ms,42270,230.153,0.202164
42302ms,42302,230.176,0.202005
42334ms,42334,230.214,0.202069
42398ms,42398,230.130,0.202159
42430ms,42430,230.170,0.201991
42462ms,42462,230.223,0.202067
42494ms,42494,230.217,0.201642
42526ms,42526,229.702,0.202045
42574ms,42574,229.392,0.205037
42606ms,42606,229.806,0.205316
42638ms,42638,229.933,0.201316
42670ms,42670,230.208,0.201687
42702ms,42702,229.875,0.201556
42734ms,42734,229.420,0.201519
42766ms,42766,229.733,0.201631
42798ms,42798,229.424,0.200447
42862ms,42862,229.228,0.200893
42894ms,42894,229.312,0.200353
42926ms,42926,229.245,0.200608
42974ms,42974,229.293,0.200668
43006ms,43006,229.196,0.200155
43070ms,43070,229.598,0.200995
43102ms,43102,229.087,0.200771
43134ms,43134,229.269,0.201758
43166ms,43166,229.549,0.200469
43198ms,43198,229.488,0.201701
43230ms,43230,229.529,0.201390
43262ms,43262,229.686,0.201131
43294ms,43294,229.685,0.201536
43342ms,43342,229.336,0.201082
43374ms,43374,229.301,0.201909
43406ms,43406,228.674,0.200784
43438ms,43438,228.448,0.200080
43470ms,43470,228.490,0.200188
43534ms,43534,229.542,0.201459
43566ms,43566,229.812,0.202045
43598ms,43598,230.026,0.202042
43630ms,43630,230.087,0.201925
43662ms,43662,230.122,0.202414
43710ms,43710,230.241,0.202302
43742ms,43742,230.177,0.201862
43774ms,43774,230.168,0.201777
43806ms,43806,230.181,0.202001
43838ms,43838,230.116,0.202341
43870ms,43870,230.231,0.201879
43902ms,43902,230.141,0.201696
43934ms,43934,230.242,0.201768
43966ms,43966,230.222,0.201733
43998ms,43998,229.904,0.202051
44030ms,44030,229.538,0.203939
44078ms,44078,229.805,0.204882
44110ms,44110,230.089,0.201938
44142ms,44142,230.200,0.201302
44174ms,44174,229.875,0.201398
44206ms,44206,229.428,0.201354
44238ms,44238,229.742,0.201032
44270ms,44270,229.528,0.201411
44302ms,44302,229.338,0.200364
44334ms,44334,229.188,0.200729
44366ms,44366,229.331,0.200449
44398ms,44398,229.297,0.200331
44430ms,44430,229.319,0.199971
44478ms,44478,229.258,0.200786
44510ms,44510,229.330,0.201067
44542ms,44542,229.545,0.200961
44574ms,44574,229.271,0.201170
44606ms,44606,229.292,0.201047
44638ms,44638,229.555,0.201549
44670ms,44670,229.718,0.201534
44702ms,44702,229.460,0.201109
44734ms,44734,229.661,0.201176
44766ms,44766,229.758,0.202076
44798ms,44798,229.363,0.201426
44846ms,44846,229.275,0.200873
44878ms,44878,228.769,0.201258
44910ms,44910,228.654,0.200566
44942ms,44942,228.479,0.199971
44974ms,44974,228.948,0.200956
45006ms,45006,229.416,0.201415
45038ms,45038,229.696,0.201777
45070ms,45070,229.974,0.202279
45102ms,45102,230.098,0.202049
45134ms,45134,230.214,0.202108
45166ms,45166,230.202,0.202494
45198ms,45198,230.230,0.201968
45246ms,45246,230.138,0.202213
45278ms,45278,230.237,0.201649
45310ms,45310,230.297,0.201658
45342ms,45342,230.193,0.201693
45374ms,45374,230.141,0.202284
45406ms,45406,230.223,0.201982
45438ms,45438,230.286,0.201887
45502ms,45502,229.427,0.202748
45534ms,45534,229.627,0.205608
45614ms,45614,230.043,0.201346
45646ms,45646,229.945,0.201255
45678ms,45678,229.537,0.201136
45710ms,45710,229.669,0.201867
45742ms,45742,229.552,0.201281
45774ms,45774,229.097,0.200548
45806ms,45806,229.276,0.201389
45838ms,45838,229.235,0.200965
45870ms,45870,229.363,0.200135
45902ms,45902,229.325,0.199859
45934ms,45934,229.205,0.200291
45982ms,45982,229.216,0.200738
46014ms,46014,229.197,0.200718
46046ms,46046,229.287,0.200572
46078ms,46078,228.989,0.200746
46110ms,46110,229.575,0.201565
46142ms,46142,229.349,0.201339
46174ms,46174,229.474,0.200927
46206ms,46206,229.528,0.201181
46270ms,46270,229.569,0.201253
46302ms,46302,229.126,0.201055
46350ms,46350,228.779,0.201126
46382ms,46382,228.749,0.200657
46414ms,46414,228.534,0.200105
46446ms,46446,228.647,0.200367
46478ms,46478,229.221,0.200977
46542ms,46542,229.936,0.201991
46574ms,46574,230.000,0.202064
46606ms,46606,230.182,0.201843
46638ms,46638,230.080,0.201729
46670ms,46670,230.119,0.201841
46702ms,46702,230.225,0.201669
46750ms,46750,230.219,0.201733
46782ms,46782,230.205,0.201984
46814ms,46814,230.192,0.201893
46878ms,46878,230.275,0.201808
46910ms,46910,230.297,0.201759
46942ms,46942,230.172,0.201569
46974ms,46974,229.610,0.202010
47006ms,47006,229.485,0.204994
47038ms,47038,229.770,0.203457
47070ms,47070,229.893,0.201671
47118ms,47118,230.101,0.201641
47150ms,47150,229.946,0.201821
47182ms,47182,229.565,0.201364
47214ms,47214,229.522,0.201452
47246ms,47246,229.234,0.200456
47278ms,47278,229.283,0.201148
47310ms,47310,229.218,0.200411
47342ms,47342,229.256,0.200043
47374ms,47374,229.349,0.199968
47406ms,47406,229.260,0.200556
47438ms,47438,229.226,0.201128
47486ms,47486,229.514,0.201205
47518ms,47518,229.265,0.200064
47550ms,47550,229.228,0.201193
47582ms,47582,229.671,0.202128
47614ms,47614,229.353,0.201030
47646ms,47646,229.430,0.200248
47678ms,47678,229.698,0.201076
47710ms,47710,229.860,0.201921
47742ms,47742,229.526,0.201038
47774ms,47774,229.415,0.201369
47806ms,47806,228.927,0.201917
47838ms,47838,228.553,0.200853
47886ms,47886,228.763,0.200286
47918ms,47918,228.455,0.200586
47950ms,47950,229.255,0.200943
47982ms,47982,229.606,0.201874
48014ms,48014,229.897,0.201720
48046ms,48046,230.034,0.201990
48078ms,48078,230.059,0.202543
48110ms,48110,230.161,0.201882
48142ms,48142,230.174,0.201983
48174ms,48174,230.054,0.201905
48206ms,48206,230.046,0.202068
48238ms,48238,230.096,0.201954
48286ms,48286,230.106,0.201806
48318ms,48318,230.164,0.201751
48350ms,48350,230.131,0.202084
48414ms,48414,230.215,0.201669
48446ms,48446,229.677,0.202169
48478ms,48478,229.500,0.205338
48510ms,48510,229.747,0.203830
48542ms,48542,229.891,0.201483
48574ms,48574,230.148,0.202038
48654ms,48654,229.593,0.201689
48686ms,48686,229.456,0.201394
48718ms,48718,229.254,0.200624
48750ms,48750,229.473,0.201311
48782ms,48782,229.256,0.200577
48814ms,48814,229.412,0.200154
48846ms,48846,229.321,0.199974
48878ms,48878,229.257,0.200411
48910ms,48910,229.253,0.200616
48942ms,48942,229.408,0.200769
48974ms,48974,229.571,0.201066
49022ms,49022,229.256,0.201165
49054ms,49054,229.479,0.201875
49086ms,49086,229.339,0.201029
49118ms,49118,229.418,0.200925
49150ms,49150,229.752,0.201027
49182ms,49182,229.611,0.201149
49214ms,49214,229.634,0.202291
49246ms,49246,229.230,0.201078
49278ms,49278,229.019,0.201333
49310ms,49310,228.666,0.201018
49342ms,49342,228.547,0.200261
49389ms,49389,228.429,0.200095
49422ms,49422,229.308,0.201077
49454ms,49454,229.617,0.201804
49518ms,49518,230.074,0.201992
49550ms,49550,230.237,0.202111
49582ms,49582,230.240,0.201706
49614ms,49614,230.090,0.201975
49646ms,49646,230.226,0.201790
49678ms,49678,230.209,0.202006
49710ms,49710,230.178,0.201969
49742ms,49742,230.171,0.201999
49790ms,49790,230.072,0.202244
49822ms,49822,230.180,0.202011
49853ms,49853,230.195,0.202134
49886ms,49886,230.160,0.201803
49918ms,49918,229.923,0.202574
49950ms,49950,229.501,0.204422
49982ms,49982,229.806,0.204290
50014ms,50014,230.119,0.201607
50045ms,50045,230.035,0.201367
50078ms,50078,229.852,0.200805
50110ms,50110,229.385,0.201456
50157ms,50157,229.704,0.201248
50190ms,50190,229.471,0.201522
50221ms,50221,229.281,0.201400
50254ms,50254,229.290,0.201322
50286ms,50286,229.314,0.200290
50318ms,50318,229.241,0.200036
50349ms,50349,229.275,0.200275
50382ms,50382,229.255,0.200542
50414ms,50414,229.215,0.200711
50478ms,50478,229.269,0.200614
50525ms,50525,229.148,0.201202
50558ms,50558,229.593,0.201693
50589ms,50589,229.602,0.201805
50622ms,50622,229.531,0.201028
50654ms,50654,229.665,0.200851
50685ms,50685,229.833,0.201250
50717ms,50717,229.477,0.201647
50750ms,50750,229.217,0.201180
50782ms,50782,228.988,0.201261
50814ms,50814,228.730,0.200167
50846ms,50846,228.614,0.200044
50878ms,50878,228.802,0.200317
50926ms,50926,229.247,0.200983
50957ms,50957,229.791,0.201300
50989ms,50989,230.011,0.201742
51022ms,51022,230.151,0.201931
51054ms,51054,230.142,0.202073
51085ms,51085,230.151,0.202004
51118ms,51118,230.181,0.202315
51150ms,51150,230.252,0.202196
51181ms,51181,230.185,0.201838
51213ms,51213,230.243,0.202056
51246ms,51246,230.236,0.202463
51293ms,51293,230.165,0.202062
51325ms,51325,230.161,0.201488
51357ms,51357,230.254,0.201745
51389ms,51389,230.118,0.202021
51422ms,51422,229.561,0.201910
51453ms,51453,229.436,0.205812
51486ms,51486,229.944,0.204496
51518ms,51518,230.052,0.202061
51581ms,51581,229.918,0.202008
51614ms,51614,229.322,0.200835
51661ms,51661,229.414,0.201056
51693ms,51693,229.198,0.200625
51725ms,51725,229.174,0.201080
51757ms,51757,229.299,0.200436
51789ms,51789,229.392,0.199890
51821ms,51821,229.228,0.200361
51853ms,51853,229.204,0.200237
51886ms,51886,229.299,0.201026
51917ms,51917,229.388,0.200907
51949ms,51949,229.504,0.200920
51982ms,51982,229.286,0.200675
52014ms,52014,229.726,0.201972
52061ms,52061,229.478,0.201255
52093ms,52093,229.480,0.200648
52125ms,52125,229.479,0.200727
52157ms,52157,229.667,0.200845
52190ms,52190,229.506,0.201330
52221ms,52221,229.263,0.202209
52254ms,52254,228.954,0.201526
52286ms,52286,228.739,0.200605
52317ms,52317,228.666,0.200138
52349ms,52349,228.564,0.200373
52382ms,52382,229.202,0.201242
52429ms,52429,229.573,0.201533
52461ms,52461,229.983,0.201889
52493ms,52493,230.082,0.202174
52525ms,52525,230.081,0.201858
52557ms,52557,230.238,0.202135
52589ms,52589,230.198,0.201775
52621ms,52621,230.146,0.202000
52653ms,52653,230.235,0.202016
52685ms,52685,230.131,0.201779
52717ms,52717,230.151,0.202076
52749ms,52749,230.132,0.201768
52781ms,52781,230.179,0.201892
52861ms,52861,230.243,0.201824
52893ms,52893,229.661,0.201899
52925ms,52925,229.530,0.205643
52957ms,52957,229.762,0.204370
52989ms,52989,229.976,0.201643
53021ms,53021,230.347,0.201882
53053ms,53053,229.973,0.201772
53085ms,53085,229.512,0.201647
53117ms,53117,229.654,0.201510
53149ms,53149,229.240,0.200648
53197ms,53197,229.469,0.200994
53229ms,53229,229.111,0.200815
53261ms,53261,229.383,0.200220
53293ms,53293,229.239,0.200362
53325ms,53325,229.258,0.200920
53357ms,53357,229.162,0.200604
53389ms,53389,229.371,0.200681
53421ms,53421,229.483,0.200905
53453ms,53453,229.249,0.201003
53485ms,53485,229.565,0.201425
53517ms,53517,229.482,0.201492
53565ms,53565,229.471,0.200838
53597ms,53597,229.670,0.201468
53629ms,53629,229.643,0.201170
53693ms,53693,229.243,0.201659
53725ms,53725,229.016,0.201665
53757ms,53757,228.583,0.200657
53789ms,53789,228.550,0.200194
53821ms,53821,228.502,0.200154
53853ms,53853,229.197,0.201182
53885ms,53885,229.660,0.202075
53933ms,53933,229.962,0.201543
53965ms,53965,230.144,0.201825
53997ms,53997,230.127,0.201903
54029ms,54029,230.146,0.201952
54061ms,54061,230.193,0.202433
54093ms,54093,230.115,0.201940
54125ms,54125,230.133,0.202004
54157ms,54157,230.183,0.202026
54189ms,54189,230.122,0.201590
54221ms,54221,230.113,0.201802
54253ms,54253,230.195,0.201578
54285ms,54285,230.176,0.202010
54333ms,54333,230.183,0.201851
54365ms,54365,229.707,0.201900
54397ms,54397,229.320,0.204366
54429ms,54429,229.777,0.204286
54461ms,54461,230.032,0.202016
54493ms,54493,230.108,0.201256
54525ms,54525,229.978,0.201537
54557ms,54557,229.528,0.201716
54589ms,54589,229.614,0.201834
54621ms,54621,229.287,0.200612
54653ms,54653,229.404,0.200964
54701ms,54701,229.234,0.201475
54733ms,54733,229.334,0.200060
54765ms,54765,229.266,0.200477
54797ms,54797,229.213,0.201107
54861ms,54861,229.570,0.201451
54893ms,54893,229.522,0.201458
54925ms,54925,229.227,0.201564
54957ms,54957,229.516,0.201752
54989ms,54989,229.393,0.200790
55021ms,55021,229.547,0.200212
55101ms,55101,229.763,0.200815
55133ms,55133,229.480,0.201838
55165ms,55165,229.313,0.201220
55197ms,55197,229.238,0.201501
55229ms,55229,228.706,0.200841
55293ms,55293,228.414,0.200010
55325ms,55325,229.316,0.200981
55357ms,55357,229.644,0.201620
55389ms,55389,229.853,0.201589
55437ms,55437,230.023,0.201873
55469ms,55469,230.093,0.201863
55501ms,55501,230.141,0.201837
55533ms,55533,230.077,0.201912
55565ms,55565,230.132,0.202030
55597ms,55597,230.225,0.202101
55629ms,55629,230.214,0.202061
55661ms,55661,230.274,0.201945
55693ms,55693,230.160,0.201696
55757ms,55757,230.146,0.201913
55805ms,55805,230.168,0.202368
55837ms,55837,229.651,0.201842
55869ms,55869,229.410,0.204308
55901ms,55901,229.719,0.204534
55933ms,55933,230.022,0.201616
55965ms,55965,230.269,0.201498
55997ms,55997,230.029,0.201602
56029ms,56029,229.467,0.201182
56061ms,56061,229.544,0.201401
56093ms,56093,229.327,0.200416
56125ms,56125,229.369,0.201538
56157ms,56157,229.194,0.200332
56205ms,56205,229.312,0.200358
56237ms,56237,229.291,0.200067
56269ms,56269,229.308,0.200930
56301ms,56301,229.256,0.200375
56333ms,56333,229.528,0.201556
56365ms,56365,229.589,0.201330
56397ms,56397,229.213,0.201264
56429ms,56429,229.471,0.201588
56461ms,56461,229.386,0.200653
56493ms,56493,229.412,0.200920
56525ms,56525,229.729,0.201318
56573ms,56573,229.769,0.201070
56605ms,56605,229.599,0.201547
56637ms,56637,229.231,0.200873
56669ms,56669,228.995,0.201018
56701ms,56701,228.588,0.200575
56733ms,56733,228.576,0.200123
56765ms,56765,228.425,0.200345
56797ms,56797,229.313,0.200900
56829ms,56829,229.629,0.201895
56861ms,56861,229.850,0.201481
56893ms,56893,230.142,0.201695
56925ms,56925,229.991,0.202151
56973ms,56973,230.108,0.201921
57005ms,57005,230.175,0.202212
57037ms,57037,230.146,0.201831
57069ms,57069,230.112,0.201997
57101ms,57101,230.067,0.201871
57133ms,57133,230.152,0.202188
57165ms,57165,230.161,0.202529
57197ms,57197,230.181,0.202392
57229ms,57229,230.167,0.202018
57293ms,57293,229.659,0.201598
57341ms,57341,229.398,0.203966
57501ms,57501,229.380,0.201820
57533ms,57533,229.622,0.201388
57565ms,57565,229.298,0.200926
57597ms,57597,229.302,0.201436
57629ms,57629,229.230,0.200360
57661ms,57661,229.329,0.200665
57709ms,57709,229.302,0.199992
57741ms,57741,229.284,0.200116
57773ms,57773,229.066,0.199962
57837ms,57837,229.472,0.200566
57869ms,57869,229.263,0.200949
57901ms,57901,229.191,0.200950
57933ms,57933,229.386,0.200532
57965ms,57965,229.563,0.201437
57997ms,57997,229.442,0.200883
58029ms,58029,229.619,0.200468
58061ms,58061,229.607,0.201842
58109ms,58109,229.161,0.201296
58141ms,58141,229.165,0.201379
58173ms,58173,228.785,0.201197
58205ms,58205,228.739,0.200118
58237ms,58237,228.473,0.200026
58301ms,58301,229.447,0.201274
58333ms,58333,229.635,0.201355
58365ms,58365,229.843,0.202130
58397ms,58397,230.099,0.202014
58429ms,58429,230.078,0.202313
58477ms,58477,230.195,0.201863
58509ms,58509,230.124,0.201966
58541ms,58541,230.130,0.202142
58573ms,58573,230.167,0.201922
58605ms,58605,230.100,0.201756
58637ms,58637,230.099,0.201632
58669ms,58669,230.134,0.201744
58701ms,58701,230.227,0.201801
58733ms,58733,230.130,0.201810
58765ms,58765,229.849,0.202251
58797ms,58797,229.529,0.203913
58845ms,58845,229.554,0.205666
58877ms,58877,230.051,0.202435
58909ms,58909,230.051,0.201217
58941ms,58941,229.692,0.201129
58973ms,58973,229.388,0.201088
59005ms,59005,229.693,0.201164
59037ms,59037,229.527,0.201036
59069ms,59069,229.267,0.201109
59101ms,59101,229.299,0.200944
59133ms,59133,229.374,0.200342
59165ms,59165,229.463,0.200483
59197ms,59197,229.218,0.200039
59245ms,59245,229.343,0.200624
59277ms,59277,229.384,0.201129
59309ms,59309,229.623,0.201015
59341ms,59341,229.324,0.201090
59373ms,59373,229.108,0.201138
59405ms,59405,229.606,0.201042
59437ms,59437,229.561,0.201264
59469ms,59469,229.608,0.200536
59501ms,59501,229.631,0.201175
59533ms,59533,229.627,0.201239
59565ms,59565,229.254,0.201410
59613ms,59613,229.163,0.201279
59645ms,59645,228.976,0.201038
59677ms,59677,228.723,0.200246
59709ms,59709,228.507,0.199753
59741ms,59741,228.869,0.200202
59773ms,59773,229.413,0.201799
59837ms,59837,230.007,0.202146
59869ms,59869,230.176,0.201969
59901ms,59901,230.179,0.202008
59933ms,59933,230.294,0.202335
59981ms,59981,230.184,0.202009
60013ms,60013,230.149,0.202080
60045ms,60045,230.199,0.201936
60077ms,60077,230.233,0.202241
60109ms,60109,230.250,0.202100
60141ms,60141,230.267,0.202092
60173ms,60173,230.247,0.202156
60205ms,60205,230.332,0.201564
60269ms,60269,229.713,0.201911
60301ms,60301,229.540,0.205573
60333ms,60333,229.680,0.203990
60381ms,60381,230.025,0.201736
60413ms,60413,230.183,0.201893
60445ms,60445,230.043,0.201639
60477ms,60477,229.516,0.201443
60509ms,60509,229.510,0.200628
60541ms,60541,229.147,0.200285
60573ms,60573,229.391,0.200754
60605ms,60605,229.297,0.200728
60637ms,60637,229.360,0.200088
60669ms,60669,229.216,0.200650
60701ms,60701,229.293,0.200075
60749ms,60749,229.193,0.201137
60781ms,60781,229.510,0.201484
60813ms,60813,229.312,0.200316
60845ms,60845,229.348,0.200930
60877ms,60877,229.721,0.201968
60909ms,60909,229.513,0.201308
60941ms,60941,229.474,0.200580
60973ms,60973,229.505,0.200557
61005ms,61005,229.758,0.201470
61037ms,61037,229.534,0.200984
61069ms,61069,229.328,0.200906
61117ms,61117,229.067,0.201493
61149ms,61149,228.665,0.200886
61181ms,61181,228.589,0.200351
61213ms,61213,228.596,0.200910
61277ms,61277,229.695,0.201855
61309ms,61309,230.049,0.201841
61341ms,61341,230.094,0.201693
61373ms,61373,230.135,0.201906
61405ms,61405,230.236,0.202388
61437ms,61437,230.157,0.202223
61469ms,61469,230.151,0.202505
61517ms,61517,230.127,0.202380
61549ms,61549,230.212,0.202629
61581ms,61581,230.170,0.202551
61613ms,61613,230.184,0.202177
61645ms,61645,230.236,0.201826
61677ms,61677,230.251,0.201903
61709ms,61709,230.308,0.201677
61741ms,61741,229.755,0.201938
61773ms,61773,229.438,0.205322
61805ms,61805,229.909,0.203861
61885ms,61885,230.341,0.201458
61917ms,61917,230.001,0.201276
61981ms,61981,229.599,0.201723
62013ms,62013,229.051,0.199917
62045ms,62045,229.283,0.200859
62077ms,62077,229.309,0.200803
62109ms,62109,229.326,0.200269
62141ms,62141,229.388,0.200211
62173ms,62173,229.285,0.200634
62205ms,62205,229.267,0.200725
62237ms,62237,229.262,0.199950
62285ms,62285,229.525,0.200776
62317ms,62317,229.288,0.200847
62349ms,62349,229.707,0.202244
62381ms,62381,229.450,0.200991
62413ms,62413,229.496,0.200444
62445ms,62445,229.568,0.201148
62477ms,62477,229.739,0.200642
62509ms,62509,229.528,0.200983
62541ms,62541,229.277,0.201443
62573ms,62573,229.068,0.201525
62605ms,62605,228.772,0.200519
62653ms,62653,228.598,0.200410
62685ms,62685,228.504,0.200438
62749ms,62749,229.584,0.201461
62781ms,62781,229.862,0.202130
62813ms,62813,230.200,0.201987
62845ms,62845,230.234,0.202285
62877ms,62877,230.275,0.202176
62909ms,62909,230.274,0.202260
62941ms,62941,230.225,0.202391
62973ms,62973,230.306,0.202381
63021ms,63021,230.251,0.202195
63053ms,63053,230.259,0.202467
63085ms,63085,230.300,0.202249
63117ms,63117,230.271,0.202291
63149ms,63149,230.256,0.201928
63181ms,63181,230.309,0.202347
63213ms,63213,229.938,0.202029
63245ms,63245,229.467,0.203969
63277ms,63277,229.731,0.204173
63309ms,63309,229.936,0.201635
63341ms,63341,230.149,0.201903
63389ms,63389,229.957,0.201694
63421ms,63421,229.471,0.201193
63453ms,63453,229.657,0.201554
63485ms,63485,229.273,0.200809
63517ms,63517,229.399,0.201383
63549ms,63549,229.194,0.200205
63581ms,63581,229.374,0.200282
63613ms,63613,229.329,0.200377
63645ms,63645,229.338,0.200299
63677ms,63677,229.211,0.200475
63709ms,63709,229.486,0.201229
63741ms,63741,229.550,0.201107
63789ms,63789,229.178,0.201137
63821ms,63821,229.268,0.201127
63853ms,63853,229.328,0.200957
63885ms,63885,229.410,0.200681
63917ms,63917,229.681,0.201484
63949ms,63949,229.716,0.201156
63981ms,63981,229.599,0.201919
64013ms,64013,229.421,0.201137
64045ms,64045,228.995,0.201236
64077ms,64077,228.688,0.200329
64109ms,64109,228.536,0.200152
64157ms,64157,228.442,0.200092
64189ms,64189,229.262,0.201281
64221ms,64221,229.586,0.201879
64253ms,64253,229.863,0.201834
64285ms,64285,230.291,0.201957
64317ms,64317,230.192,0.201926
64381ms,64381,230.304,0.202037
64413ms,64413,230.311,0.201829
64445ms,64445,230.267,0.202266
64477ms,64477,230.266,0.202537
64509ms,64509,230.264,0.202192
64557ms,64557,230.237,0.201810
64589ms,64589,230.281,0.201907
64621ms,64621,230.263,0.202084
64653ms,64653,230.313,0.202053
64685ms,64685,229.960,0.202461
64717ms,64717,229.536,0.204715
64781ms,64781,229.946,0.201781
64813ms,64813,230.215,0.201555
64845ms,64845,229.775,0.201530
64877ms,64877,229.593,0.201619
64925ms,64925,229.620,0.201401
64957ms,64957,229.475,0.200721
64989ms,64989,229.223,0.200950
65021ms,65021,229.288,0.200606
65053ms,65053,229.402,0.200525
65085ms,65085,229.314,0.199821
65117ms,65117,229.377,0.200626
65149ms,65149,229.179,0.199756
65181ms,65181,229.488,0.200475
65213ms,65213,229.495,0.201290
65245ms,65245,229.171,0.200748
65293ms,65293,229.338,0.201264
65325ms,65325,229.427,0.200968
65357ms,65357,229.456,0.201179
65389ms,65389,229.758,0.201191
65421ms,65421,229.604,0.201173
65453ms,65453,229.547,0.201220
65485ms,65485,229.288,0.200853
65517ms,65517,229.131,0.201413
65549ms,65549,228.807,0.201076
65581ms,65581,228.591,0.200052
65613ms,65613,228.283,0.200022
65645ms,65645,229.093,0.200744
65693ms,65693,229.441,0.201494
65725ms,65725,229.724,0.201480
65757ms,65757,230.119,0.202037
65789ms,65789,230.159,0.201800
65821ms,65821,230.150,0.202032
65853ms,65853,230.253,0.202385
65885ms,65885,230.253,0.202275
65917ms,65917,230.181,0.202373
65949ms,65949,230.216,0.202306
65981ms,65981,230.242,0.202413
66013ms,66013,230.248,0.202354
66093ms,66093,230.312,0.201972
66125ms,66125,230.337,0.201963
66157ms,66157,229.925,0.202182
66189ms,66189,229.478,0.203840
66221ms,66221,229.618,0.205511
66253ms,66253,230.011,0.202477
66285ms,66285,230.110,0.201607
66317ms,66317,229.693,0.201092
66349ms,66349,229.458,0.201705
66381ms,66381,229.642,0.201111
66429ms,66429,229.437,0.200732
66461ms,66461,229.292,0.201027
66493ms,66493,229.345,0.201134
66525ms,66525,229.445,0.201276
66557ms,66557,229.522,0.201047
66589ms,66589,229.199,0.199775
66621ms,66621,229.311,0.200732
66653ms,66653,229.407,0.201161
66685ms,66685,229.441,0.201196
66717ms,66717,229.294,0.201025
66749ms,66749,229.082,0.200920
66781ms,66781,229.563,0.201333
66829ms,66829,229.378,0.200972
66861ms,66861,229.573,0.201280
66893ms,66893,229.640,0.200782
66925ms,66925,229.571,0.200884
66957ms,66957,229.320,0.201292
66989ms,66989,229.348,0.201175
67053ms,67053,228.573,0.200135
67085ms,67085,228.410,0.200035
67117ms,67117,229.013,0.200659
67149ms,67149,229.434,0.201230
67197ms,67197,229.773,0.201859
67229ms,67229,230.063,0.201981
67261ms,67261,230.108,0.202013
67293ms,67293,230.165,0.202229
67325ms,67325,230.208,0.202329
67357ms,67357,230.129,0.201923
67389ms,67389,230.182,0.201949
67421ms,67421,230.217,0.202399
67453ms,67453,230.232,0.202277
67485ms,67485,230.153,0.201858
67517ms,67517,230.191,0.201726
67565ms,67565,230.171,0.201827
67597ms,67597,230.242,0.202509
67629ms,67629,230.060,0.202450
67661ms,67661,229.569,0.202971
67725ms,67725,230.088,0.202685
67757ms,67757,230.007,0.201183
67789ms,67789,229.790,0.201357
67821ms,67821,229.443,0.201657
67853ms,67853,229.719,0.200681
67885ms,67885,229.465,0.202074
67917ms,67917,229.252,0.201095
67965ms,67965,229.154,0.200446
67997ms,67997,229.371,0.200811
68029ms,68029,229.357,0.200384
68061ms,68061,229.214,0.199749
68093ms,68093,229.224,0.200206
68125ms,68125,229.349,0.200655
68157ms,68157,229.432,0.201561
68189ms,68189,229.330,0.201546
68221ms,68221,229.325,0.200980
68253ms,68253,229.509,0.200963
68285ms,68285,229.544,0.201738
68333ms,68333,229.501,0.201120
68365ms,68365,229.619,0.200876
68397ms,68397,229.672,0.201607
68461ms,68461,229.158,0.201570
68493ms,68493,228.791,0.201143
68525ms,68525,228.768,0.200658
68557ms,68557,228.427,0.200170
68589ms,68589,229.151,0.200639
68621ms,68621,229.458,0.201140
68653ms,68653,229.730,0.201577
68701ms,68701,230.097,0.202004
68733ms,68733,230.217,0.202033
68765ms,68765,230.271,0.202552
68797ms,68797,230.219,0.201984
68829ms,68829,230.165,0.201991
68861ms,68861,230.209,0.202025
68893ms,68893,230.280,0.201958
68925ms,68925,230.275,0.201838
68957ms,68957,230.372,0.202089
68989ms,68989,230.250,0.201752
69021ms,69021,230.276,0.201902
69053ms,69053,230.304,0.202207
69101ms,69101,230.052,0.202797
69133ms,69133,229.492,0.203114
69165ms,69165,229.632,0.205146
69229ms,69229,230.076,0.201269
69261ms,69261,229.792,0.201368
69293ms,69293,229.512,0.201348
69325ms,69325,229.682,0.201120
69357ms,69357,229.514,0.201221
69389ms,69389,229.280,0.200144
69421ms,69421,229.409,0.200756
69469ms,69469,229.329,0.199735
69501ms,69501,229.323,0.200432
69565ms,69565,229.232,0.200600
69597ms,69597,229.190,0.201086
69629ms,69629,229.358,0.200848
69661ms,69661,229.288,0.200990
69693ms,69693,229.056,0.200781
69725ms,69725,229.551,0.201748
69757ms,69757,229.470,0.201202
69789ms,69789,229.521,0.200821
69837ms,69837,229.572,0.200976
69869ms,69869,229.817,0.201533
69901ms,69901,229.495,0.201140
69933ms,69933,229.050,0.201608
69965ms,69965,228.703,0.201053
69997ms,69997,228.503,0.200039
70029ms,70029,228.516,0.199827
70061ms,70061,228.740,0.200467
70093ms,70093,229.193,0.201173
70125ms,70125,229.788,0.201406
70157ms,70157,230.087,0.201694
70189ms,70189,230.159,0.202121
70237ms,70237,230.143,0.202100
70269ms,70269,230.139,0.201996
70301ms,70301,230.164,0.201917
70333ms,70333,230.187,0.201928
70365ms,70365,230.259,0.202049
70397ms,70397,230.179,0.201992
70429ms,70429,230.264,0.201831
70461ms,70461,230.310,0.201938
70493ms,70493,230.256,0.201646
70525ms,70525,230.319,0.201978
70557ms,70557,230.104,0.201837
70605ms,70605,229.581,0.203086
70637ms,70637,229.563,0.205080
70669ms,70669,230.108,0.202602
70701ms,70701,229.919,0.201385
70733ms,70733,229.860,0.201299
70765ms,70765,229.596,0.200937
70797ms,70797,229.536,0.201572
70829ms,70829,229.421,0.200828
70861ms,70861,229.213,0.200706
70893ms,70893,229.291,0.200845
70925ms,70925,229.331,0.200409
70957ms,70957,229.265,0.200257
71005ms,71005,229.192,0.200649
71069ms,71069,229.348,0.200638
71101ms,71101,229.244,0.200380
71133ms,71133,229.254,0.200679
71165ms,71165,229.023,0.200426
71197ms,71197,229.643,0.201498
71229ms,71229,229.502,0.201494
71261ms,71261,229.516,0.200753
71293ms,71293,229.662,0.200667
71325ms,71325,229.767,0.201296
71373ms,71373,229.572,0.201446
71405ms,71405,229.232,0.201498
71437ms,71437,228.859,0.200921
71469ms,71469,228.633,0.200667
71501ms,71501,228.599,0.199949
71533ms,71533,228.709,0.200370
71565ms,71565,229.293,0.201363
71597ms,71597,229.712,0.201794
71629ms,71629,229.984,0.201924
71661ms,71661,230.174,0.201955
71693ms,71693,230.097,0.202006
71741ms,71741,230.259,0.201976
71773ms,71773,230.230,0.201835
71805ms,71805,230.231,0.202172
71869ms,71869,230.204,0.202064
71901ms,71901,230.254,0.201682
71933ms,71933,230.237,0.202038
71965ms,71965,230.310,0.202172
72029ms,72029,230.113,0.202278
72061ms,72061,229.615,0.202270
72109ms,72109,229.499,0.205698
72141ms,72141,230.044,0.202671
72173ms,72173,229.995,0.201556
72205ms,72205,229.871,0.201907
72237ms,72237,229.902,0.201452
72269ms,72269,229.307,0.201105
72301ms,72301,229.466,0.200620
72333ms,72333,229.244,0.200404
72365ms,72365,229.239,0.201058
72397ms,72397,229.212,0.199916
72429ms,72429,229.257,0.200134
72461ms,72461,229.325,0.200477
72509ms,72509,229.308,0.200738
72541ms,72541,229.237,0.201098
72573ms,72573,229.444,0.200880
72605ms,72605,229.525,0.201209
72637ms,72637,229.199,0.200565
72669ms,72669,229.528,0.200919
72701ms,72701,229.524,0.201221
72733ms,72733,229.495,0.200509
72765ms,72765,229.479,0.201028
72797ms,72797,229.713,0.201633
72829ms,72829,229.492,0.201570
72877ms,72877,229.284,0.200944
72941ms,72941,228.567,0.200854
72973ms,72973,228.690,0.200422
73005ms,73005,228.572,0.200235
73037ms,73037,229.168,0.200562
73069ms,73069,229.560,0.201632
73101ms,73101,229.967,0.202263
73133ms,73133,230.206,0.201994
73165ms,73165,230.191,0.202093
73197ms,73197,230.327,0.202200
73245ms,73245,230.275,0.201918
73277ms,73277,230.208,0.202017
73309ms,73309,230.226,0.201493
73341ms,73341,230.189,0.201596
73373ms,73373,230.272,0.201998
73405ms,73405,230.295,0.202132
73437ms,73437,230.253,0.201645
73469ms,73469,230.323,0.201708
73501ms,73501,230.252,0.202055
73533ms,73533,229.795,0.201921
73565ms,73565,229.517,0.204364
73597ms,73597,229.875,0.203837
73645ms,73645,230.064,0.201890
73677ms,73677,230.015,0.202384
73709ms,73709,230.058,0.201901
73741ms,73741,229.409,0.201049
73773ms,73773,229.503,0.200937
73805ms,73805,229.268,0.201062
73837ms,73837,229.327,0.200866
73869ms,73869,229.268,0.200266
73901ms,73901,229.360,0.199961
73933ms,73933,229.318,0.200078
73965ms,73965,229.265,0.200291
74013ms,74013,229.278,0.200608
74045ms,74045,229.413,0.200073
74077ms,74077,229.497,0.200814
74109ms,74109,229.148,0.200859
74141ms,74141,229.606,0.201264
74173ms,74173,229.519,0.201138
74205ms,74205,229.442,0.200513
74237ms,74237,229.430,0.201174
74269ms,74269,229.635,0.201174
74333ms,74333,229.332,0.201348
74365ms,74365,228.943,0.201684
74413ms,74413,228.687,0.200462
74445ms,74445,228.713,0.200282
74477ms,74477,228.599,0.200625
74509ms,74509,229.153,0.201085
74541ms,74541,229.774,0.202088
74573ms,74573,230.059,0.201787
74605ms,74605,230.178,0.202085
74637ms,74637,230.276,0.202142
74669ms,74669,230.236,0.202500
74701ms,74701,230.309,0.202391
74733ms,74733,230.264,0.202051
74813ms,74813,230.278,0.202074
74845ms,74845,230.276,0.201930
74877ms,74877,230.328,0.202429
74909ms,74909,230.315,0.201888
74941ms,74941,230.258,0.201850
74973ms,74973,230.055,0.201981
75005ms,75005,229.599,0.202459
75037ms,75037,229.525,0.205507
75069ms,75069,229.914,0.203432
75101ms,75101,230.018,0.201638
75148ms,75148,230.046,0.201351
75181ms,75181,229.909,0.202015
75213ms,75213,229.494,0.201240
75245ms,75245,229.453,0.200697
75277ms,75277,229.151,0.200569
75309ms,75309,229.388,0.200412
75341ms,75341,229.156,0.200183
75373ms,75373,229.457,0.200299
75405ms,75405,229.219,0.200369
75437ms,75437,229.427,0.200775
75469ms,75469,229.358,0.200993
75501ms,75501,229.427,0.201178
75548ms,75548,229.357,0.200297
75581ms,75581,229.218,0.201192
75612ms,75612,229.638,0.201793
75645ms,75645,229.502,0.201337
75677ms,75677,229.433,0.200313
75709ms,75709,229.567,0.200520
75741ms,75741,229.651,0.201710
75773ms,75773,229.561,0.200727
75804ms,75804,229.322,0.201328
75837ms,75837,228.774,0.201146
75869ms,75869,228.625,0.200535
75916ms,75916,228.533,0.200042
75949ms,75949,228.551,0.200238
75981ms,75981,229.173,0.200854
76013ms,76013,229.667,0.201692
76045ms,76045,230.042,0.201858
76077ms,76077,230.213,0.201854
76109ms,76109,230.158,0.201671
76141ms,76141,230.270,0.202194
76204ms,76204,230.200,0.201854
76237ms,76237,230.195,0.202286
76284ms,76284,230.222,0.201975
76317ms,76317,230.252,0.201886
76348ms,76348,230.300,0.201855
76381ms,76381,230.263,0.201861
76413ms,76413,230.303,0.202196
76445ms,76445,230.119,0.202122
76477ms,76477,229.642,0.202133
76637ms,76637,229.969,0.201722
76684ms,76684,229.466,0.201386
76717ms,76717,229.614,0.201251
76748ms,76748,229.202,0.200597
76781ms,76781,229.335,0.201064
76813ms,76813,229.278,0.200263
76844ms,76844,229.299,0.200600
76877ms,76877,229.313,0.199256
76909ms,76909,229.288,0.200534
76941ms,76941,229.202,0.201120
76973ms,76973,229.336,0.200687
77005ms,77005,229.455,0.200745
77052ms,77052,229.233,0.201449
77084ms,77084,229.672,0.201772
77116ms,77116,229.457,0.201436
77149ms,77149,229.452,0.200278
77181ms,77181,229.567,0.201356
77213ms,77213,229.669,0.201837
77244ms,77244,229.401,0.200816
77276ms,77276,229.322,0.201295
77308ms,77308,228.934,0.201232
77340ms,77340,228.619,0.200937
77373ms,77373,228.560,0.200218
77420ms,77420,228.529,0.200365
77452ms,77452,229.309,0.201231
77484ms,77484,229.722,0.201702
77516ms,77516,229.941,0.201490
77549ms,77549,230.243,0.201953
77581ms,77581,230.270,0.201905
77612ms,77612,230.256,0.202233
77644ms,77644,230.224,0.202284
77676ms,77676,230.149,0.202200
77708ms,77708,230.303,0.202217
77741ms,77741,230.187,0.202155
77773ms,77773,230.299,0.202485
77852ms,77852,230.263,0.202327
77884ms,77884,230.288,0.202074
77948ms,77948,229.705,0.201844
77980ms,77980,229.397,0.204499
78012ms,78012,229.676,0.204594
78045ms,78045,229.815,0.201722
78076ms,78076,230.164,0.201462
78108ms,78108,229.734,0.201317
78140ms,78140,229.592,0.201366
78188ms,78188,229.639,0.201509
78220ms,78220,229.374,0.200697
78252ms,78252,229.201,0.200968
78284ms,78284,229.178,0.200324
78316ms,78316,229.173,0.199408
78349ms,78349,229.344,0.199708
78381ms,78381,229.260,0.201000
78412ms,78412,228.993,0.199970
78444ms,78444,229.502,0.200971
78476ms,78476,229.549,0.201169
78508ms,78508,229.143,0.200963
78556ms,78556,229.497,0.201366
78588ms,78588,229.425,0.200892
78620ms,78620,229.474,0.200455
78652ms,78652,229.560,0.200886
78684ms,78684,229.655,0.201765
78716ms,78716,229.521,0.201181
78748ms,78748,229.467,0.200831
78780ms,78780,229.006,0.200971
78812ms,78812,228.701,0.200740
78844ms,78844,228.543,0.200112
78876ms,78876,228.597,0.200211
78924ms,78924,229.217,0.201082
78956ms,78956,229.569,0.201645
78988ms,78988,229.784,0.201950
79020ms,79020,230.225,0.201990
79052ms,79052,230.224,0.201917
79084ms,79084,230.336,0.202160
79148ms,79148,230.234,0.202259
79180ms,79180,230.312,0.202407
79244ms,79244,230.267,0.202550
79292ms,79292,230.273,0.201633
79324ms,79324,230.322,0.201855
79356ms,79356,230.364,0.201932
79388ms,79388,230.248,0.201759
79420ms,79420,229.934,0.202623
79452ms,79452,229.439,0.204507
79484ms,79484,229.656,0.204163
79516ms,79516,229.982,0.201881
79548ms,79548,230.164,0.201276
79580ms,79580,229.909,0.201750
79612ms,79612,229.515,0.201960
79644ms,79644,229.494,0.201478
79692ms,79692,229.356,0.201093
79724ms,79724,229.342,0.201174
79756ms,79756,229.295,0.200870
79788ms,79788,229.139,0.199953
79820ms,79820,229.206,0.199680
79852ms,79852,229.269,0.200469
79884ms,79884,229.080,0.200602
79916ms,79916,229.465,0.201009
79948ms,79948,229.449,0.201414
79980ms,79980,229.064,0.200699
80012ms,80012,229.311,0.200701
80060ms,80060,229.397,0.201121
80092ms,80092,229.352,0.201207
80124ms,80124,229.547,0.201127
80156ms,80156,229.575,0.200750
80188ms,80188,229.578,0.201466
80220ms,80220,229.300,0.201099
80252ms,80252,229.090,0.201594
80284ms,80284,228.804,0.201228
80316ms,80316,228.532,0.200014
80348ms,80348,228.265,0.199728
80380ms,80380,228.947,0.200456
80460ms,80460,229.655,0.201963
80492ms,80492,230.114,0.202378
80556ms,80556,230.225,0.202200
80588ms,80588,230.245,0.202380
80620ms,80620,230.149,0.202083
80652ms,80652,230.231,0.201936
80684ms,80684,230.238,0.202111
80716ms,80716,230.221,0.202307
80748ms,80748,230.226,0.202163
80780ms,80780,230.253,0.202255
80828ms,80828,230.187,0.201906
80860ms,80860,230.269,0.201977
80892ms,80892,229.918,0.202266
80924ms,80924,229.500,0.203583
80956ms,80956,229.709,0.205084
80988ms,80988,230.161,0.202313
81020ms,81020,230.032,0.201501
81052ms,81052,229.798,0.201461
81084ms,81084,229.439,0.201041
81116ms,81116,229.688,0.201426
81148ms,81148,229.462,0.201255
81196ms,81196,229.149,0.200597
81228ms,81228,229.277,0.200972
81260ms,81260,229.289,0.200262
81292ms,81292,229.453,0.200574
81324ms,81324,229.138,0.199995
81356ms,81356,229.313,0.200291
81388ms,81388,229.318,0.200811
81420ms,81420,229.344,0.201563
81452ms,81452,229.319,0.200959
81484ms,81484,229.095,0.200637
81516ms,81516,229.448,0.201204
81548ms,81548,229.075,0.200138
81596ms,81596,229.497,0.201086
81628ms,81628,229.642,0.200475
81660ms,81660,229.527,0.200696
81692ms,81692,229.554,0.201201
81756ms,81756,228.908,0.201302
81788ms,81788,228.542,0.200375
81852ms,81852,228.809,0.200607
81884ms,81884,229.230,0.201428
81916ms,81916,229.724,0.201719
81964ms,81964,230.001,0.201834
81996ms,81996,230.156,0.201675
82028ms,82028,230.160,0.201981
82060ms,82060,230.251,0.202235
82092ms,82092,230.191,0.201731
82124ms,82124,230.109,0.202437
82156ms,82156,230.257,0.202072
82188ms,82188,230.239,0.202151
82220ms,82220,230.204,0.201722
82252ms,82252,230.268,0.202105
82284ms,82284,230.196,0.201605
82332ms,82332,230.266,0.202045
82364ms,82364,229.988,0.201927
82396ms,82396,229.512,0.202476
82428ms,82428,229.421,0.205804
82460ms,82460,229.938,0.202293
82492ms,82492,230.008,0.201696
82524ms,82524,229.798,0.202102
82556ms,82556,229.757,0.201425
82588ms,82588,229.460,0.200749
82620ms,82620,229.511,0.201041
82652ms,82652,229.255,0.200875
82684ms,82684,229.387,0.201245
82732ms,82732,229.220,0.200095
82764ms,82764,229.553,0.201148
82796ms,82796,229.321,0.200223
82828ms,82828,229.434,0.200737
82860ms,82860,229.302,0.200699
82892ms,82892,229.365,0.200675
82924ms,82924,229.532,0.201447
82956ms,82956,229.242,0.201065
82988ms,82988,229.555,0.201120
83052ms,83052,229.541,0.200578
83100ms,83100,229.609,0.200852
83132ms,83132,229.576,0.201241
83164ms,83164,229.520,0.201466
83196ms,83196,229.332,0.200989
83228ms,83228,228.777,0.201342
83260ms,83260,228.545,0.200568
83292ms,83292,228.629,0.200051
83324ms,83324,228.727,0.200419
83356ms,83356,229.216,0.201291
83388ms,83388,229.818,0.201964
83420ms,83420,230.089,0.202224
83468ms,83468,230.193,0.202635
83532ms,83532,230.297,0.202306
83564ms,83564,230.240,0.202364
83596ms,83596,230.210,0.202503
83628ms,83628,230.236,0.202319
83660ms,83660,230.210,0.202354
83692ms,83692,230.204,0.202251
83724ms,83724,230.253,0.202487
83756ms,83756,230.240,0.202270
83788ms,83788,230.211,0.202209
83820ms,83820,230.140,0.202125
83868ms,83868,229.696,0.202515
83900ms,83900,229.447,0.205287
83932ms,83932,230.118,0.202917
83964ms,83964,229.993,0.201374
83996ms,83996,229.944,0.202199
84028ms,84028,229.843,0.201863
84060ms,84060,229.383,0.200985
84092ms,84092,229.374,0.200370
84124ms,84124,229.111,0.200663
84156ms,84156,229.288,0.200721
84188ms,84188,229.216,0.200405
84236ms,84236,229.446,0.200542
84268ms,84268,229.262,0.200319
84300ms,84300,229.292,0.200119
84332ms,84332,229.335,0.200706
84364ms,84364,229.416,0.200867
84396ms,84396,229.543,0.200613
84428ms,84428,229.176,0.201022
84460ms,84460,229.659,0.201921
84492ms,84492,229.505,0.200961
84524ms,84524,229.420,0.200871
84556ms,84556,229.643,0.200881
84604ms,84604,229.740,0.201505
84636ms,84636,229.478,0.201037
84668ms,84668,229.382,0.201351
84700ms,84700,228.861,0.201776
84732ms,84732,228.521,0.200846
84764ms,84764,228.648,0.200204
84796ms,84796,228.536,0.200128
84828ms,84828,229.214,0.200991
84860ms,84860,229.601,0.201619
84892ms,84892,230.065,0.201745
84924ms,84924,230.286,0.201778
84956ms,84956,230.155,0.201889
85004ms,85004,230.368,0.202167
85036ms,85036,230.305,0.201992
85068ms,85068,230.290,0.201947
85100ms,85100,230.224,0.201781
85164ms,85164,230.352,0.202072
85196ms,85196,230.303,0.202111
85228ms,85228,230.287,0.201829
85260ms,85260,230.209,0.201763
85292ms,85292,230.291,0.201760
85324ms,85324,229.760,0.202600
85372ms,85372,229.402,0.205043
85404ms,85404,229.809,0.204084
85436ms,85436,229.878,0.201528
85468ms,85468,230.047,0.201558
85500ms,85500,229.957,0.201807
85532ms,85532,229.466,0.201232
85564ms,85564,229.529,0.201392
85596ms,85596,229.123,0.200407
85628ms,85628,229.276,0.200245
85660ms,85660,229.261,0.201104
85692ms,85692,229.424,0.200533
85740ms,85740,229.196,0.199921
85772ms,85772,229.294,0.200092
85804ms,85804,229.189,0.200672
85836ms,85836,229.440,0.201022
85868ms,85868,229.449,0.200510
85932ms,85932,229.629,0.202213
85964ms,85964,229.452,0.201091
85996ms,85996,229.558,0.200593
86028ms,86028,229.662,0.200719
86060ms,86060,229.488,0.201265
86092ms,86092,229.478,0.201325
86140ms,86140,229.283,0.201837
86172ms,86172,229.031,0.201782
86204ms,86204,228.753,0.200662
86268ms,86268,228.559,0.200614
86300ms,86300,229.257,0.201359
86332ms,86332,229.695,0.201554
86364ms,86364,230.028,0.202085
86396ms,86396,230.113,0.202020
86428ms,86428,230.254,0.202031
86460ms,86460,230.230,0.202457
86508ms,86508,230.318,0.202253
86540ms,86540,230.219,0.202065
86572ms,86572,230.245,0.202732
86604ms,86604,230.183,0.202025
86636ms,86636,230.197,0.202018
86668ms,86668,230.224,0.201770
86700ms,86700,230.196,0.201958
86732ms,86732,230.158,0.201536
86764ms,86764,230.163,0.201719
86796ms,86796,229.779,0.202139
86828ms,86828,229.409,0.205000
86876ms,86876,229.930,0.203831
86908ms,86908,229.957,0.201436
86940ms,86940,230.115,0.201317
86972ms,86972,230.035,0.201827
87004ms,87004,229.538,0.201255
87036ms,87036,229.513,0.201366
87068ms,87068,229.197,0.200900
87100ms,87100,229.379,0.200798
87132ms,87132,229.341,0.200723
87164ms,87164,229.447,0.200615
87196ms,87196,229.157,0.200396
87228ms,87228,229.183,0.200900
87276ms,87276,229.260,0.201248
87308ms,87308,229.335,0.200641
87340ms,87340,229.480,0.200916
87372ms,87372,229.195,0.200960
87404ms,87404,229.506,0.201734
87436ms,87436,229.426,0.201605
87468ms,87468,229.277,0.200663
87500ms,87500,229.629,0.201632
87532ms,87532,229.538,0.201518
87564ms,87564,229.490,0.201804
87596ms,87596,229.238,0.201170
87644ms,87644,228.991,0.200998
87676ms,87676,228.575,0.200843
87708ms,87708,228.511,0.200213
87740ms,87740,228.370,0.200222
87772ms,87772,229.275,0.201186
87804ms,87804,229.593,0.201568
87836ms,87836,229.812,0.201931
87868ms,87868,230.168,0.201988
87900ms,87900,230.187,0.202073
87932ms,87932,230.238,0.202507
87964ms,87964,230.188,0.202135
88044ms,88044,230.233,0.202084
88076ms,88076,230.349,0.201831
88108ms,88108,230.267,0.202137
88140ms,88140,230.281,0.201915
88172ms,88172,230.290,0.201930
88204ms,88204,230.250,0.201898
88236ms,88236,230.272,0.201850
88268ms,88268,230.083,0.202062
88300ms,88300,229.589,0.203121
88332ms,88332,229.542,0.205352
88364ms,88364,229.980,0.202852
88412ms,88412,230.085,0.201421
88444ms,88444,229.713,0.201395
88476ms,88476,229.430,0.201049
88508ms,88508,229.588,0.200940
88540ms,88540,229.339,0.201245
88572ms,88572,229.128,0.201000
88604ms,88604,229.168,0.200782
88636ms,88636,229.161,0.200426
88668ms,88668,229.347,0.199974
88700ms,88700,229.267,0.200380
88732ms,88732,229.211,0.199534
88780ms,88780,229.506,0.201647
88812ms,88812,229.352,0.200978
88844ms,88844,229.218,0.200866
88876ms,88876,229.148,0.200877
88908ms,88908,229.458,0.200589
88972ms,88972,229.530,0.200867
89004ms,89004,229.564,0.200864
89036ms,89036,229.521,0.201370
89068ms,89068,229.244,0.201165
89100ms,89100,229.084,0.201251
89148ms,89148,228.758,0.200640
89180ms,89180,228.640,0.200043
89212ms,89212,228.433,0.199688
89276ms,89276,229.349,0.201468
89308ms,89308,229.734,0.201335
89340ms,89340,230.085,0.201907
89372ms,89372,230.209,0.202046
89404ms,89404,230.247,0.201597
89436ms,89436,230.256,0.201626
89468ms,89468,230.234,0.201781
89500ms,89500,230.249,0.201836
89548ms,89548,230.239,0.201734
89580ms,89580,230.248,0.201657
89612ms,89612,230.300,0.201859
89644ms,89644,230.273,0.201770
89676ms,89676,230.294,0.201929
89708ms,89708,230.283,0.201804
89740ms,89740,230.045,0.201542
89772ms,89772,229.483,0.203052
89804ms,89804,229.524,0.205680
89836ms,89836,230.182,0.202784
89868ms,89868,230.034,0.201429
89916ms,89916,229.730,0.201640
89948ms,89948,229.541,0.201029
89980ms,89980,229.650,0.201418
90012ms,90012,229.411,0.201014
90044ms,90044,229.209,0.200608
90076ms,90076,229.248,0.201079
90108ms,90108,229.111,0.200160
90140ms,90140,229.249,0.199750
90172ms,90172,229.212,0.200305
90204ms,90204,229.181,0.200419
90236ms,90236,229.536,0.200695
90284ms,90284,229.438,0.200790
90316ms,90316,229.181,0.200938
90348ms,90348,229.210,0.200883
90380ms,90380,229.499,0.200842
90412ms,90412,229.499,0.201180
90444ms,90444,229.364,0.200763
90476ms,90476,229.623,0.200973
90508ms,90508,229.463,0.201803
90540ms,90540,229.234,0.201236
90572ms,90572,229.128,0.201427
90604ms,90604,228.647,0.201233
90636ms,90636,228.614,0.200150
90684ms,90684,228.412,0.199936
90716ms,90716,229.198,0.200699
90748ms,90748,229.427,0.200990
90812ms,90812,230.106,0.202329
90844ms,90844,230.221,0.201643
90876ms,90876,230.205,0.201805
90908ms,90908,230.161,0.201753
90940ms,90940,230.237,0.202055
90972ms,90972,230.265,0.201903
91004ms,91004,230.260,0.201725
91052ms,91052,230.292,0.201691
91084ms,91084,230.335,0.201708
91148ms,91148,230.338,0.201862
91180ms,91180,230.257,0.201679
91212ms,91212,230.120,0.201914
91244ms,91244,229.481,0.203019
91276ms,91276,229.601,0.205325
91308ms,91308,230.168,0.202441
91340ms,91340,230.121,0.201761
91372ms,91372,229.736,0.201534
91404ms,91404,229.508,0.201452
91484ms,91484,229.381,0.200697
91516ms,91516,229.340,0.200992
91548ms,91548,229.329,0.201085
91580ms,91580,229.216,0.200109
91612ms,91612,229.323,0.200298
91644ms,91644,229.207,0.200942
91676ms,91676,229.239,0.200316
91708ms,91708,229.430,0.200430
91740ms,91740,229.414,0.200642
91772ms,91772,229.134,0.200752
91820ms,91820,229.162,0.201093
91852ms,91852,229.488,0.200633
91884ms,91884,229.291,0.200858
91916ms,91916,229.395,0.200849
91948ms,91948,229.669,0.201179
91980ms,91980,229.500,0.201537
92012ms,92012,229.229,0.200781
92044ms,92044,229.305,0.200986
92076ms,92076,228.713,0.200758
92108ms,92108,228.657,0.199938
92140ms,92140,228.370,0.199898
92188ms,92188,229.099,0.200762
92220ms,92220,229.365,0.200843
92252ms,92252,229.860,0.201500
92284ms,92284,230.106,0.201816
92316ms,92316,230.172,0.202004
92348ms,92348,230.183,0.202001
92380ms,92380,230.187,0.201858
92412ms,92412,230.167,0.202083
92444ms,92444,230.273,0.201958
92476ms,92476,230.175,0.201948
92508ms,92508,230.152,0.201797
92540ms,92540,230.203,0.201735
92588ms,92588,230.182,0.202068
92620ms,92620,230.206,0.201818
92652ms,92652,230.248,0.201672
92684ms,92684,230.013,0.201960
92716ms,92716,229.569,0.203547
92748ms,92748,229.623,0.205215
92780ms,92780,230.187,0.202366
92812ms,92812,230.054,0.201475
92844ms,92844,229.612,0.201220
92876ms,92876,229.510,0.200942
92908ms,92908,229.633,0.201293
92956ms,92956,229.403,0.201003
92988ms,92988,229.217,0.200854
93020ms,93020,229.221,0.200983
93052ms,93052,229.216,0.200671
93084ms,93084,229.286,0.200584
93116ms,93116,229.386,0.200294
93148ms,93148,229.330,0.200352
93180ms,93180,229.396,0.201132
93212ms,93212,229.479,0.200722
93244ms,93244,229.310,0.201402
93276ms,93276,229.141,0.201107
93324ms,93324,229.602,0.201171
93356ms,93356,229.425,0.201100
93388ms,93388,229.640,0.201466
93420ms,93420,229.679,0.200761
93452ms,93452,229.527,0.201350
93484ms,93484,229.349,0.201106
93516ms,93516,229.230,0.200970
93548ms,93548,228.802,0.201131
93580ms,93580,228.452,0.200122
93612ms,93612,228.409,0.200038
93644ms,93644,229.074,0.200988
93676ms,93676,229.431,0.201034
93724ms,93724,229.740,0.201314
93756ms,93756,229.902,0.201979
93820ms,93820,230.209,0.201817
93852ms,93852,230.205,0.201952
93916ms,93916,230.148,0.202112
93948ms,93948,230.124,0.201929
93980ms,93980,230.093,0.202288
94012ms,94012,230.072,0.201676
94044ms,94044,230.199,0.201981
94092ms,94092,230.265,0.202067
94124ms,94124,230.238,0.201998
94156ms,94156,230.092,0.201990
94188ms,94188,229.510,0.202728
94220ms,94220,229.591,0.205007
94252ms,94252,230.135,0.202528
94284ms,94284,229.953,0.201514
94316ms,94316,229.850,0.201305
94348ms,94348,229.377,0.200993
94380ms,94380,229.783,0.201403
94412ms,94412,229.422,0.201059
94460ms,94460,229.158,0.200555
94492ms,94492,229.305,0.200725
94524ms,94524,229.224,0.200215
94556ms,94556,229.286,0.200565
94588ms,94588,229.248,0.200093
94620ms,94620,229.114,0.199879
94652ms,94652,229.421,0.200988
94684ms,94684,229.470,0.201141
94716ms,94716,229.318,0.200980
94748ms,94748,229.179,0.200723
94780ms,94780,229.460,0.200761
94812ms,94812,229.490,0.201363
94860ms,94860,229.467,0.200987
94892ms,94892,229.636,0.201002
94924ms,94924,229.576,0.201467
94988ms,94988,229.130,0.201230
95020ms,95020,228.808,0.201147
95052ms,95052,228.562,0.200251
95084ms,95084,228.476,0.199820
95116ms,95116,228.841,0.200540
95148ms,95148,229.296,0.201144
95180ms,95180,229.502,0.201524
95228ms,95228,230.023,0.202035
95260ms,95260,230.170,0.201612
95292ms,95292,230.245,0.201826
95324ms,95324,230.235,0.201855
95356ms,95356,230.258,0.201665
95388ms,95388,230.215,0.202082
95420ms,95420,230.246,0.201996
95452ms,95452,230.194,0.202383
95484ms,95484,230.183,0.201853
95516ms,95516,230.249,0.201950
95548ms,95548,230.309,0.201829
95596ms,95596,230.299,0.201964
95628ms,95628,230.054,0.201823
95660ms,95660,229.574,0.202278
95756ms,95756,229.946,0.201868
95788ms,95788,229.880,0.201693
95820ms,95820,229.647,0.201726
95852ms,95852,229.654,0.201155
95884ms,95884,229.281,0.200749
95916ms,95916,229.326,0.200753
95948ms,95948,229.271,0.200830
95996ms,95996,229.227,0.200801
96028ms,96028,229.247,0.200437
96060ms,96060,229.247,0.200275
96124ms,96124,229.212,0.200276
96156ms,96156,229.368,0.200697
96188ms,96188,229.352,0.200384
96220ms,96220,229.241,0.200902
96252ms,96252,229.510,0.201288
96284ms,96284,229.482,0.201415
96316ms,96316,229.448,0.200985
96364ms,96364,229.695,0.200816
96396ms,96396,229.622,0.200808
96428ms,96428,229.552,0.201697
96460ms,96460,229.186,0.200919
96492ms,96492,228.776,0.201032
96524ms,96524,228.610,0.200966
96556ms,96556,228.584,0.199915
96588ms,96588,228.718,0.200370
96620ms,96620,229.239,0.200972
96652ms,96652,229.708,0.201600
96684ms,96684,229.946,0.201859
96732ms,96732,230.178,0.202146
96764ms,96764,230.272,0.202181
96796ms,96796,230.271,0.202011
96828ms,96828,230.163,0.201970
96860ms,96860,230.246,0.202307
96892ms,96892,230.102,0.201770
96924ms,96924,230.246,0.201866
96956ms,96956,230.234,0.202260
96988ms,96988,230.247,0.202232
97020ms,97020,230.298,0.201922
97052ms,97052,230.290,0.201783
97084ms,97084,230.149,0.202166
97132ms,97132,229.511,0.202387
97164ms,97164,229.335,0.205419
97196ms,97196,230.110,0.203745
97228ms,97228,230.070,0.201727
97260ms,97260,230.142,0.202078
97292ms,97292,229.904,0.202538
97324ms,97324,229.464,0.201125
97388ms,97388,229.138,0.200734
97420ms,97420,229.352,0.201030
97452ms,97452,229.126,0.200140
97500ms,97500,229.303,0.199947
97532ms,97532,229.137,0.200207
97564ms,97564,229.380,0.200652
97596ms,97596,229.218,0.200818
97628ms,97628,229.232,0.200250
97660ms,97660,229.486,0.200808
97692ms,97692,229.111,0.200311
97756ms,97756,229.462,0.201236
97788ms,97788,229.454,0.201218
97868ms,97868,229.641,0.201527
97900ms,97900,229.640,0.201067
97964ms,97964,228.880,0.201357
97996ms,97996,228.550,0.200737
98028ms,98028,228.565,0.200016
98060ms,98060,228.654,0.200667
98092ms,98092,229.215,0.200867
98124ms,98124,229.624,0.201566
98156ms,98156,230.064,0.202038
98188ms,98188,230.237,0.201543
98220ms,98220,230.282,0.201704
98268ms,98268,230.338,0.202226
98300ms,98300,230.216,0.202383
98332ms,98332,230.238,0.202304
98364ms,98364,230.287,0.202171
98396ms,98396,230.295,0.202031
98428ms,98428,230.241,0.201848
98460ms,98460,230.268,0.202226
98492ms,98492,230.275,0.202122
98524ms,98524,230.314,0.201723
98556ms,98556,230.160,0.201773
98636ms,98636,229.556,0.205258
98668ms,98668,230.068,0.203717
98700ms,98700,229.980,0.201565
98732ms,98732,230.085,0.201559
98764ms,98764,229.895,0.203199
98796ms,98796,229.522,0.201623
98828ms,98828,229.379,0.200560
98860ms,98860,229.291,0.200651
98892ms,98892,229.304,0.201286
98924ms,98924,229.283,0.200993
98956ms,98956,229.422,0.200817
99004ms,99004,229.167,0.199962
99036ms,99036,229.251,0.200863
99068ms,99068,229.333,0.200878
99100ms,99100,229.362,0.200205
99132ms,99132,229.334,0.200509
99164ms,99164,229.135,0.201071
99196ms,99196,229.648,0.202261
99228ms,99228,229.355,0.200769
99260ms,99260,229.497,0.200217
99292ms,99292,229.684,0.200510
99324ms,99324,229.668,0.201212
99356ms,99356,229.380,0.200609
99436ms,99436,229.003,0.201308
99468ms,99468,228.662,0.200398
99500ms,99500,228.652,0.200412
99532ms,99532,228.526,0.200458
99564ms,99564,229.263,0.200976
99596ms,99596,229.646,0.201753
99628ms,99628,229.788,0.201523
99660ms,99660,230.098,0.201561
99692ms,99692,230.073,0.201849
99724ms,99724,230.155,0.202131
99772ms,99772,230.116,0.202131
99804ms,99804,230.196,0.202151
99836ms,99836,230.157,0.202101
99868ms,99868,230.148,0.202045
99900ms,99900,230.125,0.202092
99932ms,99932,230.149,0.202149
99964ms,99964,230.144,0.201799
99996ms,99996,230.278,0.201944
100028ms,100028,230.289,0.201893
100060ms,100060,229.684,0.201874
100092ms,100092,229.337,0.204012
100140ms,100140,229.602,0.204271
100172ms,100172,229.908,0.201820
100204ms,100204,230.290,0.201837
100236ms,100236,229.949,0.202212
100268ms,100268,229.457,0.201034
100300ms,100300,229.557,0.200840
100332ms,100332,229.179,0.200659
100364ms,100364,229.272,0.200516
100396ms,100396,229.229,0.200981
100428ms,100428,229.205,0.200524
100460ms,100460,229.186,0.199922
100492ms,100492,229.321,0.200427
100540ms,100540,229.261,0.201053
100572ms,100572,229.264,0.200885
100604ms,100604,229.390,0.200615
100636ms,100636,229.272,0.200841
100668ms,100668,229.622,0.201564
100700ms,100700,229.595,0.201448
100732ms,100732,229.460,0.201061
100764ms,100764,229.520,0.200088
100796ms,100796,229.718,0.200725
100828ms,100828,229.463,0.200934
100908ms,100908,228.890,0.201257
100940ms,100940,228.600,0.200512
100972ms,100972,228.661,0.200121
101004ms,101004,228.556,0.200641
101036ms,101036,229.157,0.200910
101068ms,101068,229.597,0.201506
101100ms,101100,229.873,0.201832
101132ms,101132,230.230,0.201871
101164ms,101164,230.222,0.201805
101196ms,101196,230.228,0.202044
101228ms,101228,230.231,0.202084
101260ms,101260,230.195,0.201876
101308ms,101308,230.241,0.202077
101340ms,101340,230.210,0.201878
101371ms,101371,230.222,0.202150
101404ms,101404,230.238,0.202039
101436ms,101436,230.238,0.201937
101468ms,101468,230.329,0.201745
101500ms,101500,230.238,0.201700
101532ms,101532,229.737,0.201821
101564ms,101564,229.434,0.205185
101596ms,101596,229.935,0.203845
101628ms,101628,229.835,0.201157
101675ms,101675,230.435,0.202201
101708ms,101708,230.021,0.201581
101739ms,101739,229.510,0.201182
101772ms,101772,229.680,0.201130
101804ms,101804,229.174,0.200136
101836ms,101836,229.275,0.201015
101868ms,101868,229.309,0.201349
101900ms,101900,229.514,0.200721
101932ms,101932,229.179,0.200144
101964ms,101964,229.287,0.200303
101996ms,101996,229.330,0.200523
102044ms,102044,229.503,0.201073
102075ms,102075,229.443,0.200511
102107ms,102107,229.261,0.200850
102140ms,102140,229.553,0.201945
102172ms,102172,229.521,0.200977
102204ms,102204,229.324,0.200343
102235ms,102235,229.593,0.201024
102268ms,102268,229.499,0.201448
102300ms,102300,229.492,0.201307
102332ms,102332,229.286,0.201881
102364ms,102364,228.902,0.201434
102396ms,102396,228.611,0.200890
102443ms,102443,228.605,0.199971
102475ms,102475,228.550,0.200275
102539ms,102539,229.622,0.201629
102572ms,102572,229.783,0.201876
102603ms,102603,230.076,0.202183
102636ms,102636,230.172,0.201875
102668ms,102668,230.215,0.202304
102699ms,102699,230.223,0.202132
102732ms,102732,230.127,0.202331
102764ms,102764,230.165,0.202423
102811ms,102811,230.121,0.202191
102843ms,102843,230.124,0.202070
102875ms,102875,230.186,0.201945
102907ms,102907,230.214,0.202272
102971ms,102971,230.227,0.201634
103004ms,103004,229.771,0.201907
103036ms,103036,229.485,0.204934
103067ms,103067,230.099,0.204286
103100ms,103100,229.926,0.201520
103132ms,103132,230.180,0.201622
103179ms,103179,229.953,0.201824
103211ms,103211,229.525,0.201095
103243ms,103243,229.745,0.201856
103275ms,103275,229.284,0.200621
103308ms,103308,229.302,0.201036
103339ms,103339,229.265,0.201189
103372ms,103372,229.451,0.200774
103404ms,103404,229.207,0.200181
103435ms,103435,229.234,0.200382
103467ms,103467,229.243,0.200464
103500ms,103500,229.388,0.200460
103547ms,103547,229.214,0.199713
103579ms,103579,229.308,0.200949
103611ms,103611,229.556,0.201250
103643ms,103643,229.447,0.201154
103676ms,103676,229.633,0.200277
103708ms,103708,229.663,0.201155
103739ms,103739,229.598,0.201316
103772ms,103772,229.472,0.201250
103803ms,103803,229.273,0.201437
103835ms,103835,228.951,0.201404
103868ms,103868,228.536,0.200676
103915ms,103915,228.458,0.200278
103947ms,103947,228.453,0.200387
103979ms,103979,229.413,0.201298
104011ms,104011,229.597,0.201337
104043ms,104043,229.791,0.202032
104075ms,104075,229.893,0.201817
104107ms,104107,229.885,0.201878
104171ms,104171,230.233,0.201758
104203ms,104203,230.143,0.201841
104267ms,104267,230.098,0.201958
104315ms,104315,230.144,0.202071
104347ms,104347,230.181,0.201819
104379ms,104379,230.248,0.201760
104411ms,104411,230.278,0.201588
104443ms,104443,230.258,0.201575
104475ms,104475,229.992,0.201876
104507ms,104507,229.418,0.203836
104539ms,104539,229.536,0.205179
104571ms,104571,229.951,0.202027
104603ms,104603,230.211,0.201633
104635ms,104635,229.754,0.201295
104683ms,104683,229.437,0.201767
104715ms,104715,229.703,0.200691
104747ms,104747,229.294,0.200286
104779ms,104779,229.258,0.200607
104811ms,104811,229.046,0.200683
104843ms,104843,229.456,0.200849
104875ms,104875,229.161,0.199873
104907ms,104907,229.266,0.199981
104939ms,104939,229.056,0.199645
104971ms,104971,229.656,0.201356
105003ms,105003,229.490,0.201525
105051ms,105051,229.279,0.201599
105083ms,105083,229.369,0.200859
105115ms,105115,229.464,0.201166
105147ms,105147,229.289,0.200449
105179ms,105179,229.663,0.200915
105211ms,105211,229.422,0.201006
105243ms,105243,229.460,0.200493
105275ms,105275,229.250,0.201148
105307ms,105307,228.941,0.201456
105339ms,105339,228.665,0.200762
105371ms,105371,228.521,0.200338
105403ms,105403,228.478,0.200223
105483ms,105483,229.534,0.201501
105515ms,105515,229.754,0.201806
105547ms,105547,230.021,0.202217
105579ms,105579,230.132,0.201944
105611ms,105611,230.192,0.202383
105643ms,105643,230.191,0.202188
105675ms,105675,230.208,0.201823
105707ms,105707,230.058,0.201886
105739ms,105739,230.120,0.202072
105771ms,105771,230.094,0.201871
105819ms,105819,230.185,0.201887
105851ms,105851,230.151,0.202040
105883ms,105883,230.219,0.202140
105947ms,105947,229.862,0.201885
105979ms,105979,229.465,0.203721
106011ms,106011,229.680,0.204364
106043ms,106043,230.151,0.202131
106075ms,106075,230.085,0.201578
106139ms,106139,229.553,0.201358
106187ms,106187,229.678,0.200890
106219ms,106219,229.323,0.201073
106251ms,106251,229.377,0.200951
106283ms,106283,229.236,0.200736
106315ms,106315,229.281,0.200456
106347ms,106347,229.308,0.199967
106379ms,106379,229.283,0.200103
106411ms,106411,229.216,0.200235
106443ms,106443,229.348,0.200526
106475ms,106475,229.267,0.200783
106507ms,106507,229.065,0.200338
106539ms,106539,229.071,0.200769
106587ms,106587,229.459,0.200546
106619ms,106619,229.254,0.201133
106651ms,106651,229.453,0.201333
106683ms,106683,229.554,0.201319
106715ms,106715,229.446,0.201164
106747ms,106747,229.251,0.201052
106779ms,106779,228.944,0.200923
106811ms,106811,228.697,0.200898
106843ms,106843,228.491,0.200561
106875ms,106875,228.458,0.200612
106907ms,106907,229.161,0.201039
106955ms,106955,229.518,0.201493
106987ms,106987,229.805,0.201950
107019ms,107019,230.120,0.201754
107051ms,107051,230.136,0.202005
107083ms,107083,230.193,0.202299
107115ms,107115,230.215,0.201931
107147ms,107147,230.245,0.202129
107179ms,107179,230.148,0.202182
107211ms,107211,230.175,0.201940
107243ms,107243,230.150,0.201963
107275ms,107275,230.130,0.202363
107323ms,107323,230.174,0.201991
107355ms,107355,230.300,0.201917
107387ms,107387,230.173,0.201952
107419ms,107419,229.916,0.202193
107451ms,107451,229.421,0.204354
107483ms,107483,229.824,0.206149
107515ms,107515,229.984,0.201555
107547ms,107547,230.008,0.201111
107579ms,107579,229.742,0.201450
107611ms,107611,229.622,0.201449
107675ms,107675,229.382,0.201236
107723ms,107723,229.142,0.201313
107755ms,107755,229.105,0.200825
107787ms,107787,229.194,0.200127
107819ms,107819,229.221,0.200620
107851ms,107851,229.280,0.201051
107883ms,107883,229.202,0.200318
107915ms,107915,229.578,0.201222
107947ms,107947,229.350,0.201105
107979ms,107979,229.269,0.201037
108011ms,108011,229.451,0.200991
108043ms,108043,229.561,0.200984
108091ms,108091,229.453,0.200748
108123ms,108123,229.631,0.201914
108155ms,108155,229.543,0.201738
108187ms,108187,229.537,0.200947
108219ms,108219,229.309,0.200559
108251ms,108251,229.202,0.201862
108283ms,108283,228.654,0.200637
108315ms,108315,228.593,0.200216
108347ms,108347,228.399,0.200453
108379ms,108379,229.347,0.201399
108411ms,108411,229.634,0.201362
108459ms,108459,229.795,0.201894
108491ms,108491,230.123,0.202075
108523ms,108523,230.200,0.201673
108555ms,108555,230.336,0.202061
108619ms,108619,230.274,0.201862
108651ms,108651,230.206,0.202044
108683ms,108683,230.244,0.201653
108715ms,108715,230.301,0.201545
108747ms,108747,230.192,0.201686
108779ms,108779,230.294,0.201620
108811ms,108811,230.262,0.201615
108859ms,108859,230.122,0.202027
108891ms,108891,229.802,0.201918
108923ms,108923,229.391,0.203955
108955ms,108955,229.583,0.204844
108987ms,108987,230.132,0.201990
109019ms,109019,230.249,0.201681
109051ms,109051,229.783,0.201214
109083ms,109083,229.533,0.201368
109115ms,109115,229.551,0.200809
109147ms,109147,229.403,0.201045
109179ms,109179,229.200,0.200059
109227ms,109227,229.347,0.200642
109259ms,109259,229.304,0.200050
109291ms,109291,229.363,0.200200
109323ms,109323,229.248,0.200280
109355ms,109355,229.143,0.200398
109387ms,109387,229.441,0.200811
109419ms,109419,229.368,0.200992
109451ms,109451,229.240,0.200637
109483ms,109483,229.234,0.200780
109515ms,109515,229.459,0.200757
109547ms,109547,229.291,0.201264
109579ms,109579,229.667,0.200991
109627ms,109627,229.649,0.201050
109659ms,109659,229.469,0.201377
109691ms,109691,229.421,0.200950
109723ms,109723,229.227,0.201215
109755ms,109755,228.899,0.201194
109787ms,109787,228.497,0.199944
109851ms,109851,228.943,0.200728
109883ms,109883,229.321,0.201303
109915ms,109915,229.743,0.201789
109947ms,109947,230.118,0.201896
109995ms,109995,230.389,0.201938
110027ms,110027,230.257,0.201891
110091ms,110091,230.355,0.201765
110123ms,110123,230.299,0.201937
110155ms,110155,230.299,0.201704
110187ms,110187,230.235,0.202092
110219ms,110219,230.368,0.201751
110251ms,110251,230.335,0.201549
110283ms,110283,230.260,0.201605
110315ms,110315,230.422,0.201862
110363ms,110363,230.058,0.201655
110395ms,110395,229.544,0.202593
110427ms,110427,229.577,0.204470
110459ms,110459,230.143,0.202581
110491ms,110491,229.914,0.201215
110523ms,110523,229.746,0.201409
110555ms,110555,229.596,0.201086
110587ms,110587,229.743,0.201646
110619ms,110619,229.532,0.201001
110651ms,110651,229.234,0.200823
110683ms,110683,229.334,0.201000
110715ms,110715,229.291,0.200200
110763ms,110763,229.209,0.199575
110795ms,110795,229.174,0.200623
110827ms,110827,229.319,0.199956
110859ms,110859,229.404,0.200922
110891ms,110891,229.507,0.201006
110923ms,110923,229.406,0.201355
110955ms,110955,229.263,0.201045
110987ms,110987,229.478,0.200703
111019ms,111019,229.392,0.200943
111051ms,111051,229.676,0.201370
111083ms,111083,229.534,0.201016
111131ms,111131,229.609,0.201251
111163ms,111163,229.428,0.200956
111195ms,111195,229.263,0.200799
111227ms,111227,228.911,0.201333
111259ms,111259,228.584,0.200138
111323ms,111323,228.848,0.200606
111355ms,111355,229.348,0.201152
111387ms,111387,229.675,0.201524
111419ms,111419,230.210,0.202197
111451ms,111451,230.176,0.202161
111499ms,111499,230.228,0.202050
111563ms,111563,230.203,0.201572
111595ms,111595,230.301,0.201936
111627ms,111627,230.219,0.201987
111659ms,111659,230.347,0.202070
111691ms,111691,230.307,0.202029
111723ms,111723,230.400,0.201636
111755ms,111755,230.305,0.201664
111787ms,111787,230.262,0.201641
111851ms,111851,229.314,0.202756
111899ms,111899,229.610,0.204994
111931ms,111931,230.150,0.202772
111963ms,111963,230.103,0.201628
111995ms,111995,229.793,0.201608
112027ms,112027,229.507,0.201043
112059ms,112059,229.637,0.201329
112091ms,112091,229.418,0.201452
112123ms,112123,229.183,0.200700
112155ms,112155,229.354,0.200687
112187ms,112187,229.227,0.200055
112219ms,112219,229.274,0.199794
112267ms,112267,229.262,0.199817
112299ms,112299,229.304,0.199799
112331ms,112331,229.393,0.200698
112363ms,112363,229.485,0.200724
112395ms,112395,229.363,0.200754
112459ms,112459,229.580,0.200951
112491ms,112491,229.190,0.200690
112523ms,112523,229.527,0.201294
112555ms,112555,229.725,0.200671
112587ms,112587,229.740,0.201333
112635ms,112635,229.499,0.201037
112667ms,112667,229.189,0.201288
112699ms,112699,228.772,0.201209
112731ms,112731,228.605,0.200351
112763ms,112763,228.527,0.200261
112795ms,112795,228.729,0.200209
112827ms,112827,229.289,0.201075
112891ms,112891,229.883,0.201689
112923ms,112923,230.190,0.201850
112955ms,112955,230.208,0.201872
113003ms,113003,230.273,0.201912
113035ms,113035,230.243,0.201551
113067ms,113067,230.122,0.201976
113099ms,113099,230.226,0.201687
113131ms,113131,230.178,0.202040
113163ms,113163,230.222,0.202036
113195ms,113195,230.236,0.201890
113227ms,113227,230.214,0.202049
113259ms,113259,230.313,0.202009
113291ms,113291,230.295,0.202155
113323ms,113323,229.732,0.202411
113355ms,113355,229.452,0.204941
113403ms,113403,229.923,0.203807
113435ms,113435,230.024,0.201713
113467ms,113467,230.197,0.202145
113499ms,113499,229.932,0.201570
113531ms,113531,229.576,0.201200
113563ms,113563,229.597,0.201156
113595ms,113595,229.175,0.200641
113627ms,113627,229.395,0.200850
113659ms,113659,229.238,0.200436
113691ms,113691,229.323,0.199697
113723ms,113723,229.266,0.200130
113771ms,113771,229.280,0.200234
113803ms,113803,229.301,0.201166
113835ms,113835,229.384,0.201093
113867ms,113867,229.428,0.200662
113899ms,113899,229.177,0.200668
113931ms,113931,229.640,0.201310
113963ms,113963,229.525,0.201293
113995ms,113995,229.436,0.201062
114027ms,114027,229.741,0.200715
114059ms,114059,229.553,0.201222
114091ms,114091,229.471,0.201258
114123ms,114123,229.324,0.201494
114171ms,114171,228.895,0.200975
114203ms,114203,228.667,0.200426
114235ms,114235,228.579,0.200360
114267ms,114267,228.486,0.200215
114299ms,114299,229.291,0.201410
114363ms,114363,229.853,0.201697
114395ms,114395,230.241,0.201993
114427ms,114427,230.244,0.202137
114459ms,114459,230.190,0.201907
114491ms,114491,230.148,0.201918
114539ms,114539,230.088,0.202158
114571ms,114571,230.163,0.201923
114603ms,114603,230.181,0.202244
114635ms,114635,230.127,0.201876
114699ms,114699,230.246,0.202240
114731ms,114731,230.258,0.201737
114795ms,114795,229.825,0.202164
114827ms,114827,229.433,0.204496
114859ms,114859,229.737,0.204997
114907ms,114907,229.967,0.202174
114939ms,114939,230.083,0.201538
115003ms,115003,229.432,0.201273
115035ms,115035,229.590,0.200503
115067ms,115067,229.377,0.200953
115099ms,115099,229.189,0.200712
115131ms,115131,229.074,0.200280
115163ms,115163,229.155,0.200028
115195ms,115195,229.147,0.200514
115227ms,115227,229.316,0.200759
115259ms,115259,229.233,0.200796
115307ms,115307,229.456,0.200980
115339ms,115339,229.501,0.201225
115371ms,115371,229.219,0.200747
115403ms,115403,229.445,0.201531
115435ms,115435,229.518,0.201089
115467ms,115467,229.385,0.200534
115499ms,115499,229.737,0.201594
115531ms,115531,229.682,0.201273
115563ms,115563,229.456,0.201346
115595ms,115595,229.392,0.200834
115627ms,115627,229.240,0.201805
115675ms,115675,228.727,0.201021
115707ms,115707,228.647,0.199874
115739ms,115739,228.531,0.200083
115771ms,115771,229.169,0.200770
115803ms,115803,229.557,0.201658
115835ms,115835,229.584,0.201549
115867ms,115867,230.097,0.202298
115899ms,115899,230.202,0.202248
115931ms,115931,230.236,0.201756
115963ms,115963,230.217,0.202001
116027ms,116027,230.305,0.201569
116075ms,116075,230.192,0.201815
116107ms,116107,230.234,0.201941
116139ms,116139,230.178,0.201749
116171ms,116171,230.295,0.201681
116203ms,116203,230.226,0.201442
116235ms,116235,230.267,0.201813
116267ms,116267,229.893,0.202551
116299ms,116299,229.553,0.203633
116331ms,116331,229.685,0.204743
116363ms,116363,230.159,0.202054
116395ms,116395,229.988,0.201518
116443ms,116443,229.655,0.201483
116475ms,116475,229.614,0.201641
116539ms,116539,229.313,0.200848
116571ms,116571,229.252,0.200485
116603ms,116603,229.297,0.200825
116635ms,116635,229.296,0.200383
116667ms,116667,229.314,0.199182
116731ms,116731,229.306,0.200094
116763ms,116763,229.380,0.200281
116811ms,116811,229.426,0.200707
116843ms,116843,229.311,0.201179
116875ms,116875,229.029,0.200694
116907ms,116907,229.539,0.201413
116939ms,116939,229.359,0.200845
116971ms,116971,229.381,0.200596
117003ms,117003,229.682,0.200483
117035ms,117035,229.400,0.200954
117067ms,117067,229.445,0.201292
117099ms,117099,229.117,0.201329
117131ms,117131,228.889,0.201511
117179ms,117179,228.517,0.200321
117211ms,117211,228.306,0.199888
117243ms,117243,228.844,0.200594
117275ms,117275,229.285,0.201011
117307ms,117307,229.719,0.201267
117339ms,117339,230.084,0.202140
117371ms,117371,230.188,0.201995
117403ms,117403,230.241,0.202011
117435ms,117435,230.208,0.202082
117467ms,117467,230.332,0.201992
117499ms,117499,230.328,0.202043
117531ms,117531,230.172,0.201855
117579ms,117579,230.299,0.201680
117611ms,117611,230.255,0.201727
117643ms,117643,230.184,0.201734
117675ms,117675,230.262,0.201772
117707ms,117707,230.247,0.201831
117739ms,117739,230.210,0.201665
117771ms,117771,229.647,0.202379
117803ms,117803,229.382,0.205220
117835ms,117835,230.001,0.203934
117867ms,117867,230.002,0.201808
117899ms,117899,230.086,0.201629
117947ms,117947,230.008,0.201761
117979ms,117979,229.419,0.201326
118011ms,118011,229.547,0.200815
118043ms,118043,229.039,0.200224
118075ms,118075,229.418,0.201355
118107ms,118107,229.239,0.200267
118139ms,118139,229.271,0.199747
118171ms,118171,229.206,0.199729
118203ms,118203,229.350,0.200819
118235ms,118235,229.355,0.201344
118267ms,118267,229.335,0.200607
118299ms,118299,229.373,0.200161
118347ms,118347,229.146,0.200766
118379ms,118379,229.535,0.201301
118411ms,118411,229.455,0.200925
118443ms,118443,229.551,0.200838
118475ms,118475,229.681,0.200442
118507ms,118507,229.571,0.200714
118539ms,118539,229.541,0.201307
118571ms,118571,229.298,0.201491
118603ms,118603,228.859,0.201424
118667ms,118667,228.620,0.200291
118715ms,118715,228.659,0.200477
118779ms,118779,229.653,0.201574
118811ms,118811,229.902,0.201979
118843ms,118843,230.131,0.201790
118875ms,118875,230.278,0.201923
118907ms,118907,230.337,0.201792
118939ms,118939,230.331,0.201591
118971ms,118971,230.327,0.201592
119003ms,119003,230.241,0.201727
119035ms,119035,230.183,0.202060
119083ms,119083,230.328,0.201625
119115ms,119115,230.235,0.201984
119147ms,119147,230.308,0.201974
119179ms,119179,230.337,0.202207
119211ms,119211,230.244,0.201974
119243ms,119243,229.717,0.202322
119275ms,119275,229.339,0.204648
119307ms,119307,229.695,0.203542
119339ms,119339,229.906,0.201337
119371ms,119371,230.159,0.201913
119403ms,119403,229.937,0.202118
119435ms,119435,229.544,0.201492
119483ms,119483,229.430,0.200613
119515ms,119515,229.265,0.200460
119547ms,119547,229.400,0.201153
119579ms,119579,229.181,0.200628
119611ms,119611,229.343,0.200088
119643ms,119643,229.115,0.199922
119675ms,119675,229.353,0.200360
119707ms,119707,229.362,0.201399
119739ms,119739,229.400,0.200768
119771ms,119771,229.399,0.200365
119803ms,119803,229.109,0.200890
119851ms,119851,229.560,0.201086
119915ms,119915,229.520,0.200418
119947ms,119947,229.621,0.200379
119979ms,119979,229.480,0.200690
120011ms,120011,229.585,0.200974
120043ms,120043,229.155,0.200941
120075ms,120075,228.837,0.200776
120107ms,120107,228.719,0.201274
120139ms,120139,228.646,0.200179
120171ms,120171,228.573,0.200160
120219ms,120219,229.204,0.200816
120251ms,120251,229.681,0.201633
120283ms,120283,229.986,0.201862
120315ms,120315,230.195,0.201626
120347ms,120347,230.240,0.202139
120379ms,120379,230.212,0.202180
120411ms,120411,230.195,0.201968
120443ms,120443,230.338,0.201922
120475ms,120475,230.292,0.201951
120507ms,120507,230.267,0.201837
120539ms,120539,230.340,0.201640
120571ms,120571,230.378,0.201964
120619ms,120619,230.326,0.202362
120651ms,120651,230.288,0.202017
120683ms,120683,230.135,0.201576
120715ms,120715,229.789,0.202130
120747ms,120747,229.409,0.203876
120779ms,120779,229.805,0.203917
120811ms,120811,229.993,0.201451
120843ms,120843,230.129,0.201759
120875ms,120875,229.993,0.201549
120907ms,120907,229.516,0.201022
120939ms,120939,229.550,0.201021
121019ms,121019,229.251,0.201329
121051ms,121051,229.132,0.200833
121083ms,121083,229.291,0.200197
121115ms,121115,229.196,0.199776
121147ms,121147,229.242,0.200510
121179ms,121179,229.220,0.200216
121211ms,121211,229.530,0.201129
121243ms,121243,229.452,0.200438
121275ms,121275,229.285,0.200635
121307ms,121307,229.290,0.200643
121387ms,121387,229.392,0.201131
121419ms,121419,229.624,0.201477
121451ms,121451,229.623,0.201264
121483ms,121483,229.207,0.200925
121515ms,121515,229.302,0.200615
121547ms,121547,229.199,0.201701
121579ms,121579,228.706,0.201264
121611ms,121611,228.480,0.200361
121643ms,121643,228.533,0.200242
121675ms,121675,229.335,0.201295
121707ms,121707,229.593,0.201329
121755ms,121755,229.779,0.202174
121787ms,121787,230.143,0.201958
121819ms,121819,230.156,0.202366
121851ms,121851,230.210,0.202002
121883ms,121883,230.243,0.201464
121915ms,121915,230.262,0.201737
121947ms,121947,230.214,0.201907
121979ms,121979,230.200,0.201796
122011ms,122011,230.183,0.202304
122043ms,122043,230.191,0.202143
122075ms,122075,230.256,0.201578
122123ms,122123,230.228,0.201574
122155ms,122155,230.277,0.201674
122187ms,122187,229.833,0.201981
122219ms,122219,229.515,0.203569
122251ms,122251,229.645,0.205362
122283ms,122283,229.940,0.201869
122315ms,122315,230.068,0.201433
122347ms,122347,229.769,0.201355
122379ms,122379,229.585,0.201558
122411ms,122411,229.643,0.201359
122443ms,122443,229.439,0.201072
122491ms,122491,229.400,0.201214
122523ms,122523,229.302,0.201625
122555ms,122555,229.159,0.200206
122587ms,122587,229.181,0.199865
122651ms,122651,229.090,0.200614
122683ms,122683,229.548,0.201111
122715ms,122715,229.492,0.201014
122747ms,122747,229.104,0.200618
122779ms,122779,229.371,0.201256
122811ms,122811,229.503,0.201137
122843ms,122843,229.350,0.201090
122891ms,122891,229.679,0.201716
122923ms,122923,229.606,0.200989
122955ms,122955,229.427,0.200837
122987ms,122987,229.291,0.200763
123019ms,123019,229.060,0.201689
123051ms,123051,228.662,0.201197
123115ms,123115,228.453,0.200227
123147ms,123147,229.362,0.201667
123179ms,123179,229.524,0.201372
123211ms,123211,229.703,0.201834
123259ms,123259,230.142,0.201712
123291ms,123291,230.220,0.201786
123323ms,123323,230.281,0.201739
123355ms,123355,230.208,0.201676
123419ms,123419,230.252,0.201796
123451ms,123451,230.238,0.201651
123483ms,123483,230.272,0.201798
123515ms,123515,230.325,0.201779
123547ms,123547,230.216,0.202087
123579ms,123579,230.217,0.201902
123627ms,123627,230.243,0.201960
123659ms,123659,229.900,0.201652
123691ms,123691,229.578,0.203658
123723ms,123723,229.582,0.204735
123755ms,123755,230.149,0.202385
123787ms,123787,230.142,0.201274
123819ms,123819,229.780,0.201052
123851ms,123851,229.534,0.201308
123883ms,123883,229.605,0.200532
123915ms,123915,229.423,0.201181
123947ms,123947,229.288,0.201563
123979ms,123979,229.163,0.200475
124027ms,124027,229.212,0.200574
124059ms,124059,229.158,0.200501
124091ms,124091,229.137,0.200164
124123ms,124123,229.172,0.200603
124155ms,124155,229.487,0.200703
124187ms,124187,229.391,0.200924
124219ms,124219,229.147,0.200136
124251ms,124251,229.158,0.200519
124283ms,124283,229.493,0.201033
124315ms,124315,229.538,0.201049
124347ms,124347,229.557,0.200661
124395ms,124395,229.587,0.201843
124427ms,124427,229.562,0.201453
124459ms,124459,229.317,0.201301
124491ms,124491,229.160,0.201571
124523ms,124523,228.601,0.201453
124555ms,124555,228.514,0.200260
124587ms,124587,228.551,0.199992
124619ms,124619,229.096,0.200702
124651ms,124651,229.529,0.201592
124683ms,124683,229.612,0.201924
124715ms,124715,230.151,0.201921
124747ms,124747,230.249,0.201820
124795ms,124795,230.378,0.201990
124827ms,124827,230.160,0.201634
124859ms,124859,230.215,0.201616
124891ms,124891,230.231,0.201869
124923ms,124923,230.281,0.201600
124955ms,124955,230.264,0.201529
124987ms,124987,230.236,0.201623
125019ms,125019,230.261,0.201587
125051ms,125051,230.238,0.201830
125083ms,125083,230.266,0.201898
125115ms,125115,230.274,0.201640
125195ms,125195,229.507,0.206123
125227ms,125227,230.055,0.203871
125291ms,125291,230.013,0.201318
125323ms,125323,229.854,0.201958
125355ms,125355,229.591,0.201661
125387ms,125387,229.537,0.200860
125419ms,125419,229.195,0.200776
125451ms,125451,229.386,0.201301
125483ms,125483,229.219,0.200643
125531ms,125531,229.447,0.200231
125563ms,125563,229.133,0.199889
125595ms,125595,229.369,0.200501
125627ms,125627,229.340,0.200823
125659ms,125659,229.419,0.201071
125691ms,125691,229.404,0.200275
125723ms,125723,229.149,0.200840
125755ms,125755,229.708,0.201486
125787ms,125787,229.439,0.201088
125819ms,125819,229.524,0.201028
125851ms,125851,229.809,0.200517
125899ms,125899,229.650,0.201358
125931ms,125931,229.578,0.201436
125963ms,125963,229.233,0.200648
125995ms,125995,228.944,0.201274
126027ms,126027,228.616,0.200828
126059ms,126059,228.545,0.200034
126091ms,126091,228.720,0.200575
126123ms,126123,229.224,0.201020
126155ms,126155,229.721,0.201707
126187ms,126187,229.817,0.201557
126219ms,126219,229.884,0.201650
126251ms,126251,230.068,0.201862
126299ms,126299,230.033,0.201911
126331ms,126331,230.093,0.201759
126363ms,126363,230.116,0.201639
126395ms,126395,230.138,0.201727
126427ms,126427,230.177,0.201769
126459ms,126459,230.031,0.201688
126491ms,126491,230.164,0.201685
126523ms,126523,230.206,0.201364
126555ms,126555,230.282,0.201625
126587ms,126587,230.284,0.201957
126619ms,126619,229.581,0.202118
126667ms,126667,229.300,0.205218
126731ms,126731,229.793,0.201923
126763ms,126763,230.146,0.201589
126795ms,126795,229.858,0.202035
126827ms,126827,229.567,0.201447
126859ms,126859,229.453,0.200547
126891ms,126891,229.173,0.200497
126923ms,126923,229.397,0.201013
126955ms,126955,229.162,0.200690
126987ms,126987,229.464,0.200867
127019ms,127019,229.188,0.199977
127067ms,127067,229.299,0.200236
127099ms,127099,229.219,0.200131
127131ms,127131,229.386,0.200985
127195ms,127195,229.194,0.200717
127227ms,127227,229.551,0.201162
127259ms,127259,229.415,0.201407
127291ms,127291,229.477,0.200889
127323ms,127323,229.618,0.200815
127355ms,127355,229.453,0.200708
127387ms,127387,229.520,0.201085
127434ms,127434,229.183,0.201103
127466ms,127466,228.813,0.201456
127498ms,127498,228.611,0.200559
127531ms,127531,228.586,0.200299
127563ms,127563,228.561,0.200681
127595ms,127595,229.155,0.200869
127627ms,127627,229.594,0.201251
127659ms,127659,229.851,0.201480
127691ms,127691,230.095,0.201516
127723ms,127723,230.204,0.201919
127755ms,127755,230.290,0.201889
127802ms,127802,230.260,0.202013
127835ms,127835,230.232,0.201916
127898ms,127898,230.215,0.201967
127931ms,127931,230.281,0.201928
127962ms,127962,230.293,0.202209
127995ms,127995,230.282,0.201995
128027ms,128027,230.294,0.201876
128059ms,128059,230.329,0.201784
128091ms,128091,230.029,0.201666
128123ms,128123,229.590,0.204168
128170ms,128170,229.782,0.205419
128202ms,128202,230.055,0.201966
128234ms,128234,230.251,0.201257
128266ms,128266,229.750,0.201270
128299ms,128299,229.650,0.201632
128331ms,128331,229.607,0.201157
128363ms,128363,229.407,0.201166
128395ms,128395,229.131,0.200428
128426ms,128426,229.214,0.201161
128458ms,128458,229.301,0.200265
128491ms,128491,229.104,0.200407
128538ms,128538,229.260,0.200336
128571ms,128571,229.051,0.200201
128602ms,128602,229.446,0.201132
128634ms,128634,229.398,0.201073
128667ms,128667,229.313,0.201137
128699ms,128699,229.132,0.200886
128731ms,128731,229.596,0.201155
128763ms,128763,229.362,0.200781
128794ms,128794,229.414,0.201161
128827ms,128827,229.520,0.201383
128859ms,128859,229.384,0.200842
128906ms,128906,229.412,0.200477
128938ms,128938,229.186,0.201844
128970ms,128970,228.713,0.200936
129002ms,129002,228.566,0.200422
129034ms,129034,228.561,0.200369
129067ms,129067,229.245,0.201585
129099ms,129099,229.627,0.201315
129130ms,129130,229.863,0.202060
129162ms,129162,230.274,0.201618
129194ms,129194,230.328,0.201739
129226ms,129226,230.302,0.201596
129259ms,129259,230.438,0.201757
129306ms,129306,230.374,0.202140
129338ms,129338,230.416,0.201953
129370ms,129370,230.309,0.201946
129434ms,129434,230.301,0.201642
129467ms,129467,230.300,0.201955
129530ms,129530,230.403,0.201831
129562ms,129562,229.870,0.201763
129594ms,129594,229.531,0.205092
129627ms,129627,229.616,0.205017
129674ms,129674,230.014,0.202157
129706ms,129706,230.166,0.201613
129738ms,129738,229.862,0.201641
129770ms,129770,229.481,0.201656
129803ms,129803,229.657,0.200893
129834ms,129834,229.368,0.201060
129866ms,129866,229.322,0.200498
129898ms,129898,229.142,0.200549
129931ms,129931,229.262,0.200451
129962ms,129962,229.179,0.199738
129994ms,129994,229.234,0.200790
130027ms,130027,229.148,0.200698
130074ms,130074,229.550,0.201465
130106ms,130106,229.425,0.201213
130138ms,130138,229.221,0.201116
130170ms,130170,229.225,0.200836
130202ms,130202,229.507,0.201105
130234ms,130234,229.464,0.200824
130266ms,130266,229.662,0.201484
130298ms,130298,229.540,0.201473
130330ms,130330,229.489,0.201148
130362ms,130362,229.348,0.201082
130394ms,130394,229.157,0.201594
130442ms,130442,228.920,0.201323
130474ms,130474,228.631,0.200330
130506ms,130506,228.608,0.200028
130538ms,130538,229.185,0.201340
130570ms,130570,229.550,0.201058
130602ms,130602,229.787,0.201757
130666ms,130666,230.465,0.201793
130698ms,130698,230.381,0.201898
130730ms,130730,230.247,0.201749
130762ms,130762,230.320,0.201778
130810ms,130810,230.266,0.201490
130842ms,130842,230.339,0.201807
130874ms,130874,230.262,0.201936
130906ms,130906,230.346,0.201819
130938ms,130938,230.321,0.201937
131002ms,131002,230.372,0.201943
131034ms,131034,230.160,0.201879
131066ms,131066,229.433,0.203010
131098ms,131098,229.694,0.205127
131130ms,131130,230.139,0.202850
131162ms,131162,230.001,0.201982
131210ms,131210,229.734,0.201484
131242ms,131242,229.603,0.201303
131274ms,131274,229.590,0.201898
131306ms,131306,229.557,0.200942
131338ms,131338,229.193,0.200552
131370ms,131370,229.341,0.200936
131434ms,131434,229.223,0.200136
131466ms,131466,229.171,0.200766
131498ms,131498,229.284,0.199951
131530ms,131530,229.369,0.200593
131578ms,131578,229.370,0.201384
131610ms,131610,229.330,0.200809
131642ms,131642,229.016,0.200860
131674ms,131674,229.485,0.200606
131706ms,131706,229.377,0.201355
131738ms,131738,229.514,0.201399
131770ms,131770,229.631,0.200914
131802ms,131802,229.448,0.201207
131834ms,131834,229.331,0.200912
131866ms,131866,229.182,0.201329
131898ms,131898,228.679,0.200908
131946ms,131946,228.646,0.199863
131978ms,131978,228.598,0.199969
132010ms,132010,228.807,0.200466
132042ms,132042,229.315,0.200892
132074ms,132074,229.620,0.201692
132106ms,132106,230.314,0.202087
132138ms,132138,230.498,0.201918
132170ms,132170,230.302,0.201773
132202ms,132202,230.377,0.201622
132234ms,132234,230.413,0.201641
132266ms,132266,230.406,0.201695
132298ms,132298,230.349,0.201716
132346ms,132346,230.336,0.201655
132378ms,132378,230.330,0.201874
132410ms,132410,230.441,0.201594
132442ms,132442,230.335,0.201598
132474ms,132474,230.380,0.201723
132506ms,132506,229.997,0.201736
132538ms,132538,229.430,0.203159
132570ms,132570,229.653,0.205003
132602ms,132602,230.201,0.202981
132634ms,132634,230.081,0.201769
132666ms,132666,229.808,0.201273
132714ms,132714,229.488,0.200962
132778ms,132778,229.344,0.201045
132810ms,132810,229.219,0.201063
132842ms,132842,229.310,0.200779
132874ms,132874,229.179,0.200338
132906ms,132906,229.211,0.199992
132938ms,132938,229.158,0.200566
132970ms,132970,229.252,0.200474
133002ms,133002,229.464,0.200737
133034ms,133034,229.389,0.201042
133082ms,133082,229.290,0.201024
133114ms,133114,229.099,0.200549
133146ms,133146,229.559,0.201420
133210ms,133210,229.552,0.201589
133242ms,133242,229.567,0.200923
133274ms,133274,229.639,0.201385
133306ms,133306,229.229,0.201127
133338ms,133338,229.168,0.201522
133370ms,133370,228.742,0.200859
133402ms,133402,228.609,0.200218
133434ms,133434,228.298,0.199853
133482ms,133482,229.004,0.200920
133514ms,133514,229.530,0.201184
133546ms,133546,229.694,0.201319
133578ms,133578,230.105,0.201583
133610ms,133610,230.384,0.201711
133642ms,133642,230.329,0.201817
133674ms,133674,230.447,0.201846
133706ms,133706,230.384,0.201382
133738ms,133738,230.399,0.201753
133770ms,133770,230.312,0.201859
133802ms,133802,230.284,0.201837
133850ms,133850,230.392,0.201869
133882ms,133882,230.376,0.201728
133914ms,133914,230.251,0.201596
133946ms,133946,230.350,0.201521
133978ms,133978,230.221,0.201661
134010ms,134010,229.553,0.202555
134042ms,134042,229.725,0.205592
134074ms,134074,230.205,0.203339
134106ms,134106,230.077,0.201704
134138ms,134138,229.873,0.201250
134170ms,134170,229.587,0.200996
134218ms,134218,229.675,0.201158
134250ms,134250,229.401,0.201270
134282ms,134282,229.244,0.200486
134314ms,134314,229.330,0.201175
134346ms,134346,229.149,0.200673
134378ms,134378,229.226,0.200305
134410ms,134410,229.190,0.200842
134442ms,134442,229.170,0.199761
134474ms,134474,229.364,0.200471
134506ms,134506,229.437,0.200897
134538ms,134538,229.270,0.201178
134570ms,134570,229.142,0.200831
134650ms,134650,229.238,0.200805
134682ms,134682,229.537,0.200880
134746ms,134746,229.500,0.201509
134778ms,134778,229.469,0.201301
134810ms,134810,229.126,0.201245
134842ms,134842,228.718,0.201006
134874ms,134874,228.628,0.200929
134906ms,134906,228.559,0.200048
134938ms,134938,228.722,0.200672
134986ms,134986,229.287,0.200841
135018ms,135018,229.487,0.201593
135050ms,135050,230.176,0.201762
135082ms,135082,230.130,0.202055
135114ms,135114,230.298,0.201957
135146ms,135146,230.235,0.201952
135178ms,135178,230.310,0.201788
135210ms,135210,230.320,0.201803
135242ms,135242,230.349,0.201524
135274ms,135274,230.376,0.201572
135306ms,135306,230.354,0.201592
135354ms,135354,230.302,0.201498
135386ms,135386,230.266,0.201712
135418ms,135418,230.249,0.201542
135450ms,135450,230.287,0.201823
135482ms,135482,229.618,0.201908
135514ms,135514,229.548,0.205088
135546ms,135546,230.015,0.203488
135578ms,135578,230.025,0.201859
135610ms,135610,230.165,0.201370
135642ms,135642,229.838,0.202383
135674ms,135674,229.652,0.201447
135706ms,135706,229.309,0.200976
135754ms,135754,229.168,0.201009
135786ms,135786,229.349,0.201455
135818ms,135818,229.216,0.200553
135850ms,135850,229.179,0.199921
135882ms,135882,229.150,0.200654
135914ms,135914,229.247,0.200637
135946ms,135946,229.392,0.200883
136010ms,136010,229.370,0.200865
136042ms,136042,229.122,0.200557
136074ms,136074,229.629,0.201725
136122ms,136122,229.496,0.201145
136154ms,136154,229.565,0.201287
136186ms,136186,229.669,0.200516
136218ms,136218,229.710,0.201593
136250ms,136250,229.384,0.201274
136282ms,136282,229.177,0.200707
136314ms,136314,228.813,0.201259
136378ms,136378,228.660,0.200143
136410ms,136410,228.841,0.200248
136442ms,136442,229.333,0.200881
136474ms,136474,229.523,0.201607
136522ms,136522,230.203,0.201589
136554ms,136554,230.330,0.201866
136586ms,136586,230.372,0.201796
136618ms,136618,230.300,0.201617
136650ms,136650,230.276,0.201736
136682ms,136682,230.264,0.201497
136714ms,136714,230.463,0.201744
136778ms,136778,230.355,0.201786
136810ms,136810,230.272,0.201930
136842ms,136842,230.317,0.201924
136890ms,136890,230.337,0.201853
136922ms,136922,230.158,0.201616
136954ms,136954,229.654,0.202596
136986ms,136986,229.559,0.205672
137018ms,137018,230.040,0.204046
137050ms,137050,230.048,0.201782
137082ms,137082,230.156,0.201984
137114ms,137114,229.734,0.201813
137146ms,137146,229.431,0.200701
137178ms,137178,229.485,0.200462
137210ms,137210,229.182,0.200604
137258ms,137258,229.370,0.200803
137290ms,137290,229.314,0.200293
137322ms,137322,229.256,0.199934
137354ms,137354,229.205,0.200178
137386ms,137386,229.341,0.200830
137418ms,137418,229.137,0.200579
137450ms,137450,229.404,0.201138
137482ms,137482,229.244,0.200162
137514ms,137514,229.080,0.200283
137546ms,137546,229.484,0.201060
137578ms,137578,229.372,0.201196
137626ms,137626,229.378,0.200547
137658ms,137658,229.682,0.200975
137690ms,137690,229.551,0.200817
137722ms,137722,229.478,0.200824
137754ms,137754,229.137,0.201202
137786ms,137786,228.770,0.200955
137818ms,137818,228.692,0.200629
137850ms,137850,228.658,0.200657
137882ms,137882,228.690,0.200400
137914ms,137914,229.192,0.200896
137946ms,137946,229.681,0.201551
137978ms,137978,230.102,0.201717
138026ms,138026,230.287,0.202230
138058ms,138058,230.399,0.201521
138090ms,138090,230.386,0.201559
138154ms,138154,230.327,0.201803
138186ms,138186,230.435,0.201570
138218ms,138218,230.375,0.201903
138250ms,138250,230.434,0.201863
138282ms,138282,230.423,0.201805
138314ms,138314,230.403,0.202136
138346ms,138346,230.320,0.201765
138394ms,138394,230.332,0.201739
138426ms,138426,229.756,0.202363
138458ms,138458,229.513,0.205124
138490ms,138490,229.944,0.203961
138522ms,138522,230.051,0.201306
138554ms,138554,230.195,0.202020
138586ms,138586,229.931,0.201797
138618ms,138618,229.568,0.201172
138650ms,138650,229.677,0.201328
138682ms,138682,229.273,0.200476
138714ms,138714,229.284,0.201054
138746ms,138746,229.181,0.201119
138826ms,138826,229.183,0.199833
138858ms,138858,229.382,0.200622
138890ms,138890,229.313,0.200776
138922ms,138922,229.478,0.200233
138954ms,138954,229.220,0.200116
138986ms,138986,229.242,0.201408
139018ms,139018,229.659,0.201817
139050ms,139050,229.562,0.201213
139082ms,139082,229.358,0.200738
139114ms,139114,229.678,0.200899
139162ms,139162,229.487,0.201711
139194ms,139194,229.497,0.200490
139226ms,139226,229.326,0.201524
139258ms,139258,228.938,0.201196
139290ms,139290,228.723,0.200425
139322ms,139322,228.699,0.200545
139354ms,139354,228.622,0.200613
139386ms,139386,229.188,0.200944
139418ms,139418,229.651,0.201168
139450ms,139450,229.835,0.201825
139482ms,139482,230.241,0.201954
139530ms,139530,230.288,0.202048
139562ms,139562,230.299,0.202094
139594ms,139594,230.289,0.201836
139626ms,139626,230.406,0.201902
139658ms,139658,230.318,0.201642
139690ms,139690,230.326,0.201712
139722ms,139722,230.389,0.202032
139754ms,139754,230.458,0.201958
139786ms,139786,230.350,0.201856
139818ms,139818,230.356,0.201788
139850ms,139850,230.316,0.201590
139882ms,139882,229.596,0.201824
139962ms,139962,229.773,0.204399
139994ms,139994,229.903,0.201406
140026ms,140026,230.175,0.201210
140058ms,140058,229.789,0.201288
140090ms,140090,229.491,0.201204
140122ms,140122,229.532,0.201087
140154ms,140154,229.218,0.200775
140186ms,140186,229.219,0.200420
140218ms,140218,229.141,0.201096
140298ms,140298,229.185,0.200459
140330ms,140330,229.226,0.200614
140362ms,140362,229.150,0.200436
140394ms,140394,229.598,0.201303
140426ms,140426,229.421,0.200827
140458ms,140458,229.263,0.200389
140490ms,140490,229.624,0.201203
140522ms,140522,229.439,0.200904
140554ms,140554,229.283,0.200611
140618ms,140618,229.522,0.201233
140666ms,140666,229.439,0.200806
140698ms,140698,229.302,0.200825
140730ms,140730,229.195,0.201714
140762ms,140762,228.765,0.201141
140794ms,140794,228.696,0.200658
140826ms,140826,228.617,0.200498
140858ms,140858,229.026,0.201253
140890ms,140890,229.506,0.201423
140922ms,140922,229.852,0.202057
140986ms,140986,230.396,0.201706
141034ms,141034,230.315,0.201665
141066ms,141066,230.338,0.201704
141098ms,141098,230.320,0.201661
141162ms,141162,230.308,0.201933
141194ms,141194,230.351,0.201669
141226ms,141226,230.379,0.201493
141258ms,141258,230.342,0.201951
141290ms,141290,230.287,0.201928
141322ms,141322,230.286,0.201707
141354ms,141354,229.959,0.201901
141386ms,141386,229.712,0.204090
141434ms,141434,229.683,0.204702
141466ms,141466,230.315,0.202870
141498ms,141498,230.069,0.201428
141530ms,141530,229.778,0.201611
141562ms,141562,229.598,0.201283
141594ms,141594,229.834,0.201464
141626ms,141626,229.423,0.201285
141658ms,141658,229.196,0.200748
141722ms,141722,229.304,0.199942
141754ms,141754,229.207,0.200063
141802ms,141802,229.191,0.200729
141834ms,141834,229.108,0.200440
141866ms,141866,229.576,0.201020
141898ms,141898,229.365,0.200352
141930ms,141930,229.231,0.200830
141962ms,141962,229.438,0.201222
141994ms,141994,229.516,0.200998
142026ms,142026,229.368,0.200623
142058ms,142058,229.634,0.201378
142090ms,142090,229.543,0.201089
142122ms,142122,229.562,0.201360
142170ms,142170,229.125,0.201395
142202ms,142202,229.081,0.201501
142234ms,142234,228.845,0.201437
142266ms,142266,228.770,0.200095
142298ms,142298,228.675,0.200038
142330ms,142330,229.111,0.200860
142362ms,142362,229.472,0.201278
142394ms,142394,229.889,0.201862
142426ms,142426,230.199,0.201567
142458ms,142458,230.176,0.202083
142490ms,142490,230.359,0.201850
142522ms,142522,230.411,0.201787
142570ms,142570,230.348,0.202164
142602ms,142602,230.400,0.201942
142634ms,142634,230.398,0.201548
142666ms,142666,230.368,0.201922
142698ms,142698,230.324,0.201946
142730ms,142730,230.274,0.201738
142762ms,142762,230.379,0.202191
142794ms,142794,230.265,0.201711
142826ms,142826,230.131,0.201881
142858ms,142858,229.459,0.203024
142890ms,142890,229.531,0.205620
142938ms,142938,230.282,0.203247
142970ms,142970,229.959,0.201506
143002ms,143002,229.769,0.201163
143066ms,143066,229.592,0.201691
143098ms,143098,229.511,0.201294
143130ms,143130,229.191,0.200867
143162ms,143162,229.302,0.200624
143194ms,143194,229.160,0.199767
143226ms,143226,229.261,0.199526
143258ms,143258,229.204,0.200526
143290ms,143290,229.153,0.200123
143338ms,143338,229.427,0.200534
143370ms,143370,229.487,0.200281
143402ms,143402,229.264,0.200592
143466ms,143466,229.539,0.200783
143498ms,143498,229.467,0.201120
143530ms,143530,229.702,0.201543
143562ms,143562,229.626,0.200729
143594ms,143594,229.693,0.201466
143626ms,143626,229.229,0.200714
143658ms,143658,229.215,0.201354
143706ms,143706,228.734,0.201191
143738ms,143738,228.572,0.200256
143770ms,143770,228.584,0.199742
143802ms,143802,228.979,0.200705
143834ms,143834,229.379,0.201066
143866ms,143866,229.789,0.201674
143898ms,143898,230.254,0.201912
143930ms,143930,230.267,0.202052
143962ms,143962,230.379,0.201874
143994ms,143994,230.327,0.201826
144026ms,144026,230.371,0.201844
144074ms,144074,230.353,0.201967
144106ms,144106,230.334,0.201985
144138ms,144138,230.295,0.201793
144170ms,144170,230.244,0.201662
144202ms,144202,230.263,0.202030
144234ms,144234,230.257,0.201707
144266ms,144266,230.368,0.201666
144298ms,144298,230.209,0.201710
144330ms,144330,229.703,0.202818
144362ms,144362,229.729,0.205491
144394ms,144394,230.156,0.203211
144426ms,144426,229.968,0.201574
144474ms,144474,230.022,0.201674
144506ms,144506,229.724,0.201163
144538ms,144538,229.562,0.200531
144570ms,144570,229.426,0.200803
144602ms,144602,229.345,0.200678
144634ms,144634,229.412,0.200993
144666ms,144666,229.070,0.200012
144698ms,144698,229.209,0.199744
144730ms,144730,229.168,0.200722
144762ms,144762,229.271,0.200198
144794ms,144794,229.387,0.200362
144842ms,144842,229.478,0.200581
144874ms,144874,229.194,0.200538
144906ms,144906,229.035,0.200348
144938ms,144938,229.458,0.200673
145002ms,145002,229.450,0.200735
145034ms,145034,229.541,0.201149
145098ms,145098,229.553,0.201204
145130ms,145130,229.158,0.201408
145162ms,145162,228.761,0.201740
145210ms,145210,228.686,0.200563
145242ms,145242,228.592,0.199962
145274ms,145274,228.799,0.200286
145306ms,145306,229.368,0.200754
145338ms,145338,229.616,0.201597
145370ms,145370,230.080,0.201712
145402ms,145402,230.256,0.201748
145434ms,145434,230.318,0.202026
145466ms,145466,230.337,0.202119
145498ms,145498,230.318,0.202327
145530ms,145530,230.235,0.201832
145562ms,145562,230.258,0.202029
145610ms,145610,230.196,0.201419
145642ms,145642,230.195,0.201992
145674ms,145674,230.262,0.201723
145706ms,145706,230.327,0.202225
145738ms,145738,230.178,0.201577
145770ms,145770,230.027,0.201792
145802ms,145802,229.706,0.202961
145834ms,145834,229.376,0.205195
145866ms,145866,229.955,0.203298
145898ms,145898,229.885,0.201639
145930ms,145930,230.078,0.201170
145978ms,145978,230.035,0.202195
146010ms,146010,229.507,0.201077
146042ms,146042,229.266,0.200659
146074ms,146074,229.146,0.200486
146106ms,146106,229.309,0.200918
146138ms,146138,229.208,0.200243
146170ms,146170,229.194,0.199963
146234ms,146234,229.310,0.200840
146266ms,146266,229.252,0.201239
146298ms,146298,229.410,0.200971
146330ms,146330,229.222,0.200290
146378ms,146378,229.133,0.200985
146410ms,146410,229.610,0.200757
146442ms,146442,229.521,0.201550
146474ms,146474,229.470,0.200846
146506ms,146506,229.509,0.200640
146538ms,146538,229.561,0.201285
146570ms,146570,229.560,0.200944
146602ms,146602,229.180,0.201056
146634ms,146634,228.807,0.201139
146666ms,146666,228.668,0.200562
146698ms,146698,228.492,0.200305
146746ms,146746,228.789,0.200592
146810ms,146810,229.650,0.201604
146842ms,146842,229.933,0.202002
146874ms,146874,230.341,0.202220
146906ms,146906,230.328,0.201948
146938ms,146938,230.270,0.201773
146970ms,146970,230.409,0.201812
147002ms,147002,230.317,0.201981
147034ms,147034,230.394,0.201853
147066ms,147066,230.335,0.201689
147114ms,147114,230.363,0.201865
147146ms,147146,230.351,0.201818
147178ms,147178,230.148,0.201476
147210ms,147210,230.239,0.201526
147242ms,147242,230.114,0.201559
147274ms,147274,229.602,0.202299
147306ms,147306,229.664,0.204729
147338ms,147338,230.188,0.203208
147370ms,147370,230.116,0.201555
147402ms,147402,230.018,0.201463
147434ms,147434,229.963,0.202289
147466ms,147466,229.519,0.201501
147514ms,147514,229.622,0.201843
147546ms,147546,229.244,0.200777
147578ms,147578,229.293,0.201164
147610ms,147610,229.183,0.200447
147642ms,147642,229.265,0.199668
147674ms,147674,229.120,0.200082
147706ms,147706,229.423,0.200517
147738ms,147738,229.337,0.200700
147770ms,147770,229.340,0.200858
147802ms,147802,229.344,0.200689
147834ms,147834,229.114,0.200730
147882ms,147882,229.612,0.201205
147946ms,147946,229.508,0.200966
147978ms,147978,229.651,0.200226
148010ms,148010,229.503,0.200772
148042ms,148042,229.361,0.201536
148074ms,148074,229.139,0.201408
148106ms,148106,228.711,0.201219
148138ms,148138,228.525,0.200199
148170ms,148170,228.615,0.200284
148202ms,148202,228.649,0.200405
148282ms,148282,229.428,0.201199
148314ms,148314,229.811,0.202197
148346ms,148346,230.187,0.201785
148378ms,148378,230.231,0.202084
148410ms,148410,230.288,0.201483
148442ms,148442,230.165,0.201434
148474ms,148474,230.171,0.201485
148506ms,148506,230.241,0.201908
148538ms,148538,230.246,0.201856
148570ms,148570,230.237,0.201484
148602ms,148602,230.225,0.201732
148650ms,148650,230.151,0.201866
148682ms,148682,230.313,0.202116
148714ms,148714,230.224,0.201887
148746ms,148746,229.712,0.201740
148778ms,148778,229.391,0.204593
148810ms,148810,229.841,0.204215
148842ms,148842,229.945,0.201457
148874ms,148874,230.204,0.201805
148906ms,148906,229.899,0.201404
148938ms,148938,229.603,0.201254
149018ms,149018,229.311,0.200521
149050ms,149050,229.182,0.200591
149082ms,149082,229.136,0.201312
149114ms,149114,229.223,0.200208
149146ms,149146,229.183,0.200705
149178ms,149178,229.212,0.200155
149210ms,149210,229.341,0.201097
149242ms,149242,229.600,0.201504
149274ms,149274,229.515,0.200723
149306ms,149306,229.284,0.201051
149338ms,149338,229.664,0.201927
149386ms,149386,229.631,0.201183
149418ms,149418,229.382,0.200990
149450ms,149450,229.688,0.200650
149482ms,149482,229.502,0.200919
149514ms,149514,229.394,0.200998
149546ms,149546,229.396,0.201377
149578ms,149578,228.976,0.201545
149610ms,149610,228.710,0.201236
149642ms,149642,228.529,0.200576
149674ms,149674,228.703,0.200349
149706ms,149706,229.317,0.201332
149738ms,149738,229.589,0.201711
149786ms,149786,229.925,0.202287
149818ms,149818,230.339,0.202082
149850ms,149850,230.394,0.201829
149882ms,149882,230.289,0.201802
149914ms,149914,230.390,0.201725
149946ms,149946,230.265,0.201851
149978ms,149978,230.307,0.201838
150010ms,150010,230.211,0.201609
150042ms,150042,230.334,0.201675
150074ms,150074,230.328,0.201819
150106ms,150106,230.284,0.201754
150154ms,150154,230.272,0.201720
150186ms,150186,230.216,0.201730
150218ms,150218,229.916,0.201759
150250ms,150250,229.409,0.203444
150282ms,150282,229.520,0.204436
150314ms,150314,230.191,0.202483
150378ms,150378,229.762,0.201329
150410ms,150410,229.410,0.200970
150474ms,150474,229.348,0.201191
150522ms,150522,229.156,0.200743
150554ms,150554,229.234,0.200941
150586ms,150586,229.301,0.200112
150618ms,150618,229.169,0.199920
150650ms,150650,229.212,0.200363
150682ms,150682,229.135,0.200522
150714ms,150714,229.568,0.200750
150746ms,150746,229.417,0.201377
150778ms,150778,229.172,0.200218
150810ms,150810,229.165,0.200352
150842ms,150842,229.505,0.200403
150874ms,150874,229.362,0.201173
150922ms,150922,229.531,0.201087
150954ms,150954,229.594,0.201014
150986ms,150986,229.578,0.200648
151018ms,151018,229.294,0.200631
151050ms,151050,229.147,0.201359
151082ms,151082,228.618,0.200767
151114ms,151114,228.652,0.200270
151146ms,151146,228.434,0.199684
151178ms,151178,229.037,0.201109
151210ms,151210,229.584,0.201361
151242ms,151242,229.738,0.202057
151290ms,151290,230.272,0.201877
151322ms,151322,230.381,0.202045
151354ms,151354,230.319,0.201804
151386ms,151386,230.363,0.201713
151418ms,151418,230.347,0.201812
151450ms,151450,230.348,0.201883
151482ms,151482,230.334,0.201651
151514ms,151514,230.352,0.201758
151546ms,151546,230.306,0.201776
151578ms,151578,230.316,0.202000
151610ms,151610,230.293,0.201922
151690ms,151690,229.950,0.201714
151722ms,151722,229.345,0.202193
151786ms,151786,230.334,0.202687
151818ms,151818,230.090,0.201111
151850ms,151850,229.890,0.201265
151882ms,151882,229.574,0.200890
151914ms,151914,229.914,0.201518
151946ms,151946,229.458,0.201115
151978ms,151978,229.265,0.200884
152026ms,152026,229.280,0.200744
152058ms,152058,229.211,0.200404
152090ms,152090,229.278,0.200066
152122ms,152122,229.252,0.200717
152154ms,152154,229.292,0.200225
152186ms,152186,229.318,0.200691
152218ms,152218,229.400,0.200822
152250ms,152250,229.254,0.200698
152282ms,152282,229.085,0.200615
152314ms,152314,229.528,0.200303
152346ms,152346,229.317,0.201066
152378ms,152378,229.581,0.201197
152426ms,152426,229.662,0.200852
152458ms,152458,229.519,0.201130
152490ms,152490,229.527,0.200913
152522ms,152522,229.332,0.200994
152554ms,152554,228.972,0.201517
152586ms,152586,228.468,0.200034
152618ms,152618,228.597,0.200175
152650ms,152650,228.944,0.200821
152682ms,152682,229.314,0.200723
152714ms,152714,229.688,0.201590
152746ms,152746,230.113,0.202016
152794ms,152794,230.198,0.202339
152826ms,152826,230.263,0.201928
152858ms,152858,230.229,0.201654
152922ms,152922,230.279,0.202216
152954ms,152954,230.265,0.201844
152986ms,152986,230.162,0.201690
153018ms,153018,230.251,0.201955
153050ms,153050,230.312,0.201808
153082ms,153082,230.265,0.201983
153114ms,153114,230.244,0.201752
153161ms,153161,230.033,0.201668
153194ms,153194,229.344,0.203316
153226ms,153226,229.449,0.204740
153226ms,153226,229.449,0.204740
153258ms,153258,230.117,0.203113
153258ms,153258,230.117,0.203113
153290ms,153290,230.058,0.201310
153322ms,153322,229.739,0.201512
153354ms,153354,229.532,0.201187
153386ms,153386,229.700,0.201507
153418ms,153418,229.389,0.200970
153450ms,153450,229.297,0.200488
153482ms,153482,229.257,0.201061
153529ms,153529,229.225,0.200256
153594ms,153594,229.161,0.200191
153625ms,153625,229.275,0.200465
153657ms,153657,229.430,0.200678
153690ms,153690,229.548,0.200613
153721ms,153721,229.277,0.200702
153754ms,153754,229.137,0.200725
153786ms,153786,229.488,0.200857
153818ms,153818,229.181,0.201119
153849ms,153849,229.523,0.201371
153882ms,153882,229.526,0.200843
153929ms,153929,229.526,0.201026
153961ms,153961,229.352,0.201425
153993ms,153993,229.136,0.201641
154025ms,154025,228.758,0.200898
154058ms,154058,228.539,0.200300
154089ms,154089,228.591,0.200140
154121ms,154121,228.962,0.200815
154154ms,154154,229.394,0.201247
154185ms,154185,229.652,0.201986
154217ms,154217,230.266,0.201616
154250ms,154250,230.379,0.201942
154297ms,154297,230.297,0.201766
154329ms,154329,230.209,0.201607
154361ms,154361,230.297,0.201849
154393ms,154393,230.221,0.201552
154426ms,154426,230.271,0.201746
154458ms,154458,230.230,0.201835
154489ms,154489,230.229,0.201787
154522ms,154522,230.199,0.201752
154553ms,154553,230.317,0.201802
154585ms,154585,230.345,0.201835
154618ms,154618,230.189,0.201943
154665ms,154665,229.482,0.202003
154697ms,154697,229.507,0.204680
154729ms,154729,230.010,0.202702
154761ms,154761,230.090,0.201452
154793ms,154793,229.875,0.201379
154826ms,154826,229.770,0.201586
154858ms,154858,229.416,0.200733
154890ms,154890,229.361,0.200257
154922ms,154922,229.332,0.200722
154953ms,154953,229.357,0.201174
154985ms,154985,229.252,0.200313
155018ms,155018,229.123,0.200396
155065ms,155065,229.305,0.200397
155097ms,155097,229.241,0.200490
155129ms,155129,229.295,0.200597
155161ms,155161,229.500,0.200831
155193ms,155193,229.387,0.200893
155226ms,155226,229.177,0.200431
155257ms,155257,229.466,0.200934
155289ms,155289,229.265,0.201027
155321ms,155321,229.402,0.201188
155353ms,155353,229.565,0.200952
155386ms,155386,229.447,0.201650
155433ms,155433,229.435,0.200658
155465ms,155465,229.201,0.200858
155497ms,155497,228.801,0.201420
155529ms,155529,228.515,0.200304
155561ms,155561,228.513,0.199770
155593ms,155593,228.689,0.200385
155657ms,155657,229.449,0.201338
155689ms,155689,230.051,0.201768
155721ms,155721,230.238,0.202250
155753ms,155753,230.246,0.201953
155786ms,155786,230.251,0.201835
155833ms,155833,230.235,0.201997
155865ms,155865,230.211,0.202060
155897ms,155897,230.176,0.201854
155929ms,155929,230.231,0.202181
155961ms,155961,230.241,0.202220
155993ms,155993,230.425,0.201763
156025ms,156025,230.236,0.201728
156057ms,156057,230.221,0.201640
156121ms,156121,229.501,0.202157
156153ms,156153,229.454,0.205786
156201ms,156201,230.072,0.203828
156233ms,156233,230.003,0.201899
156265ms,156265,229.994,0.201703
156297ms,156297,229.735,0.201992
156329ms,156329,229.521,0.200878
156361ms,156361,229.348,0.200469
156425ms,156425,229.283,0.200699
156457ms,156457,229.134,0.200098
156489ms,156489,229.290,0.199949
156521ms,156521,229.118,0.200796
156569ms,156569,229.210,0.199922
156601ms,156601,229.362,0.200568
156633ms,156633,229.517,0.201245
156665ms,156665,229.348,0.201234
156697ms,156697,229.192,0.200571
156729ms,156729,229.507,0.200711
156761ms,156761,229.457,0.200909
156793ms,156793,229.431,0.201371
156825ms,156825,229.620,0.201051
156857ms,156857,229.560,0.201401
156889ms,156889,229.390,0.201033
156937ms,156937,229.236,0.200949
156969ms,156969,228.727,0.201104
157001ms,157001,228.460,0.200144
157033ms,157033,228.441,0.199942
157065ms,157065,228.834,0.200581
157097ms,157097,229.298,0.201242
157129ms,157129,229.590,0.202226
157161ms,157161,230.083,0.201945
157193ms,157193,230.169,0.202386
157225ms,157225,230.280,0.202306
157257ms,157257,230.184,0.201994
157289ms,157289,230.247,0.202073
157337ms,157337,230.297,0.201713
157369ms,157369,230.188,0.201910
157401ms,157401,230.206,0.201617
157433ms,157433,230.212,0.201843
157465ms,157465,230.213,0.201729
157497ms,157497,230.282,0.201688
157529ms,157529,230.259,0.201631
157561ms,157561,230.122,0.201496
157593ms,157593,229.627,0.201667
157625ms,157625,229.439,0.205587
157657ms,157657,230.021,0.203594
157705ms,157705,229.958,0.201721
157737ms,157737,229.959,0.201288
157769ms,157769,229.883,0.202163
157801ms,157801,229.518,0.201480
157833ms,157833,229.220,0.200356
157865ms,157865,229.236,0.200504
157897ms,157897,229.385,0.200355
157929ms,157929,229.144,0.200564
157961ms,157961,229.191,0.200217
157993ms,157993,229.271,0.200188
158025ms,158025,229.316,0.200584
158057ms,158057,229.376,0.200723
158105ms,158105,229.289,0.200796
158137ms,158137,229.281,0.200415
158201ms,158201,229.554,0.201464
158233ms,158233,229.270,0.200833
158265ms,158265,229.353,0.200754
158297ms,158297,229.596,0.200891
158329ms,158329,229.384,0.200769
158361ms,158361,229.548,0.201236
158393ms,158393,229.100,0.200784
158425ms,158425,228.730,0.201758
158473ms,158473,228.582,0.200378
158505ms,158505,228.577,0.199902
158537ms,158537,228.599,0.200550
158569ms,158569,229.199,0.200833
158601ms,158601,229.563,0.201346
158665ms,158665,230.244,0.201670
158697ms,158697,230.319,0.202026
158729ms,158729,230.288,0.201659
158761ms,158761,230.352,0.201923
158793ms,158793,230.265,0.201867
158873ms,158873,230.292,0.201857
158905ms,158905,230.227,0.201854
158937ms,158937,230.269,0.201924
158969ms,158969,230.374,0.201906
159001ms,159001,230.405,0.202064
159033ms,159033,230.318,0.201550
159097ms,159097,229.326,0.205630
159129ms,159129,229.807,0.204160
159161ms,159161,229.802,0.201660
159209ms,159209,230.244,0.201666
159241ms,159241,229.919,0.201713
159273ms,159273,229.519,0.201161
159305ms,159305,229.569,0.200893
159337ms,159337,229.355,0.200774
159369ms,159369,229.213,0.201057
159401ms,159401,229.158,0.200511
159433ms,159433,229.234,0.200147
159465ms,159465,229.212,0.200244
159497ms,159497,229.351,0.200955
159529ms,159529,229.120,0.200386
159561ms,159561,229.452,0.201105
159609ms,159609,229.339,0.200464
159641ms,159641,229.238,0.200658
159673ms,159673,229.490,0.200762
159705ms,159705,229.467,0.201133
159737ms,159737,229.478,0.200880
159769ms,159769,229.688,0.200987
159801ms,159801,229.290,0.200715
159833ms,159833,229.594,0.201320
159865ms,159865,229.243,0.201242
159897ms,159897,228.875,0.201738
159929ms,159929,228.529,0.200793
160009ms,160009,228.632,0.200327
160041ms,160041,229.150,0.200858
160073ms,160073,229.678,0.201294
160105ms,160105,229.953,0.201859
160137ms,160137,230.334,0.201928
160169ms,160169,230.312,0.202000
160201ms,160201,230.291,0.201709
160233ms,160233,230.277,0.201638
160265ms,160265,230.262,0.202098
160297ms,160297,230.268,0.202247
160329ms,160329,230.320,0.201913
160377ms,160377,230.382,0.201880
160409ms,160409,230.367,0.201836
160441ms,160441,230.271,0.201775
160473ms,160473,230.261,0.201504
160505ms,160505,230.258,0.201597
160537ms,160537,229.736,0.202147
160569ms,160569,229.438,0.204364
160601ms,160601,229.813,0.204134
160633ms,160633,230.029,0.201738
160665ms,160665,230.213,0.201670
160697ms,160697,229.838,0.201409
160745ms,160745,229.424,0.201220
160777ms,160777,229.656,0.201321
160809ms,160809,229.304,0.200577
160841ms,160841,229.290,0.200417
160873ms,160873,229.120,0.201547
160905ms,160905,229.213,0.200066
160937ms,160937,229.078,0.200127
160969ms,160969,229.319,0.200445
161001ms,161001,229.175,0.200719
161033ms,161033,229.394,0.201088
161065ms,161065,229.508,0.201356
161113ms,161113,229.235,0.200840
161145ms,161145,229.726,0.201882
161177ms,161177,229.594,0.201066
161209ms,161209,229.329,0.200615
161241ms,161241,229.554,0.200508
161273ms,161273,229.422,0.201129
161305ms,161305,229.396,0.200849
161337ms,161337,229.233,0.201057
161369ms,161369,228.901,0.200944
161401ms,161401,228.745,0.200996
161433ms,161433,228.441,0.200349
161465ms,161465,228.536,0.200334
161577ms,161577,229.712,0.201878
161641ms,161641,230.225,0.201972
161673ms,161673,230.272,0.201723
161705ms,161705,230.311,0.202005
161737ms,161737,230.250,0.201709
161769ms,161769,230.167,0.201542
161801ms,161801,230.155,0.201712
161833ms,161833,230.195,0.201907
161881ms,161881,230.261,0.201482
161913ms,161913,230.229,0.201835
161945ms,161945,230.340,0.201990
161977ms,161977,230.189,0.201926
162009ms,162009,230.016,0.202081
162041ms,162041,229.538,0.203402
162073ms,162073,229.648,0.204531
162105ms,162105,230.121,0.202167
162169ms,162169,229.716,0.201647
162201ms,162201,229.518,0.201278
162249ms,162249,229.572,0.200776
162281ms,162281,229.435,0.200914
162313ms,162313,229.318,0.201157
162345ms,162345,229.198,0.201192
162377ms,162377,229.184,0.200079
162409ms,162409,229.110,0.200192
162441ms,162441,229.201,0.200368
162473ms,162473,229.105,0.201006
162505ms,162505,229.460,0.201001
162537ms,162537,229.404,0.201053
162569ms,162569,229.249,0.200395
162617ms,162617,229.435,0.200684
162649ms,162649,229.522,0.201179
162681ms,162681,229.347,0.200372
162713ms,162713,229.722,0.201591
162745ms,162745,229.385,0.201078
162777ms,162777,229.604,0.201234
162841ms,162841,229.119,0.201852
162873ms,162873,228.756,0.201027
162905ms,162905,228.597,0.200071
162937ms,162937,228.442,0.199782
162969ms,162969,229.053,0.200782
163017ms,163017,229.518,0.200936
163049ms,163049,229.751,0.201414
163081ms,163081,230.168,0.201922
163113ms,163113,230.324,0.202432
163145ms,163145,230.321,0.201839
163177ms,163177,230.319,0.201345
163209ms,163209,230.344,0.201630
163241ms,163241,230.212,0.201867
163273ms,163273,230.305,0.201689
163305ms,163305,230.298,0.201783
163337ms,163337,230.207,0.201614
163385ms,163385,230.400,0.202154
163417ms,163417,230.326,0.201881
163449ms,163449,230.271,0.201790
163481ms,163481,230.047,0.201759
163513ms,163513,229.470,0.203142
163545ms,163545,229.696,0.204754
163577ms,163577,230.253,0.202791
163609ms,163609,230.049,0.201352
163641ms,163641,229.760,0.201491
163673ms,163673,229.385,0.200773
163705ms,163705,229.770,0.201109
163753ms,163753,229.538,0.200944
163785ms,163785,229.265,0.200999
163817ms,163817,229.352,0.201102
163849ms,163849,229.254,0.199882
163881ms,163881,229.213,0.199844
163913ms,163913,229.203,0.200401
163945ms,163945,229.164,0.200691
163977ms,163977,229.484,0.201009
164009ms,164009,229.522,0.200671
164041ms,164041,229.119,0.200272
164073ms,164073,229.059,0.200573
164105ms,164105,229.456,0.200753
164153ms,164153,229.364,0.201680
164185ms,164185,229.671,0.201265
164217ms,164217,229.630,0.200701
164249ms,164249,229.552,0.200817
164281ms,164281,229.421,0.201087
164313ms,164313,229.192,0.201562
164345ms,164345,228.728,0.200848
164377ms,164377,228.448,0.200071
164409ms,164409,228.373,0.199858
164441ms,164441,228.993,0.200915
164473ms,164473,229.399,0.200837
164505ms,164505,229.687,0.201584
164553ms,164553,230.222,0.201723
164585ms,164585,230.181,0.201846
164617ms,164617,230.215,0.202098
164649ms,164649,230.145,0.201804
164681ms,164681,230.226,0.201759
164713ms,164713,230.180,0.201822
164777ms,164777,230.262,0.201822
164809ms,164809,230.259,0.201760
164841ms,164841,230.236,0.201675
164873ms,164873,230.262,0.201751
164921ms,164921,230.216,0.201663
164985ms,164985,229.590,0.202093
165017ms,165017,229.613,0.205634
165049ms,165049,230.148,0.202422
165081ms,165081,230.017,0.201669
165113ms,165113,229.854,0.201232
165145ms,165145,229.531,0.200808
165177ms,165177,229.569,0.201372
165209ms,165209,229.382,0.200256
165241ms,165241,229.315,0.200716
165321ms,165321,229.035,0.200189
165353ms,165353,229.157,0.200367
165385ms,165385,229.066,0.200832
165417ms,165417,229.079,0.200119
165449ms,165449,229.331,0.200503
165481ms,165481,229.495,0.201020
165513ms,165513,229.336,0.200785
165545ms,165545,229.042,0.201063
165577ms,165577,229.580,0.201258
165609ms,165609,229.338,0.201043
165657ms,165657,229.323,0.201434
165689ms,165689,229.535,0.200679
165721ms,165721,229.549,0.201292
165753ms,165753,229.246,0.201276
165785ms,165785,229.146,0.201572
165817ms,165817,228.695,0.200711
165849ms,165849,228.497,0.199722
165881ms,165881,228.429,0.199901
165913ms,165913,228.758,0.200448
165945ms,165945,229.308,0.200847
165977ms,165977,229.667,0.201766
166009ms,166009,230.137,0.202257
166057ms,166057,230.129,0.201731
166089ms,166089,230.189,0.201992
166121ms,166121,230.303,0.202121
166153ms,166153,230.247,0.201788
166185ms,166185,230.253,0.202204
166217ms,166217,230.201,0.202043
166249ms,166249,230.182,0.201744
166281ms,166281,230.217,0.201603
166313ms,166313,230.263,0.201993
166345ms,166345,230.244,0.201736
166377ms,166377,230.322,0.201638
166425ms,166425,229.977,0.201483
166457ms,166457,229.374,0.202479
166489ms,166489,229.517,0.205038
166521ms,166521,230.143,0.203376
166553ms,166553,229.937,0.201472
166585ms,166585,229.807,0.201308
166617ms,166617,229.441,0.200933
166649ms,166649,229.586,0.201058
166681ms,166681,229.310,0.200842
166713ms,166713,229.060,0.200277
166745ms,166745,229.296,0.201257
166777ms,166777,229.128,0.199822
166825ms,166825,229.294,0.200010
166857ms,166857,229.259,0.200541
166889ms,166889,229.275,0.200596
166921ms,166921,229.309,0.200904
166953ms,166953,229.531,0.200736
166985ms,166985,229.330,0.201165
167017ms,167017,229.102,0.201168
167081ms,167081,229.324,0.201187
167113ms,167113,229.525,0.201020
167193ms,167193,229.534,0.200946
167225ms,167225,229.355,0.200927
167257ms,167257,229.178,0.201478
167289ms,167289,228.796,0.201068
167321ms,167321,228.578,0.200278
167353ms,167353,228.405,0.200111
167385ms,167385,228.887,0.200556
167417ms,167417,229.448,0.201185
167449ms,167449,229.723,0.202394
167481ms,167481,230.178,0.202028
167513ms,167513,230.155,0.201999
167561ms,167561,230.229,0.202182
167593ms,167593,230.224,0.201947
167625ms,167625,230.281,0.202071
167657ms,167657,230.252,0.201999
167689ms,167689,230.220,0.201941
167721ms,167721,230.243,0.201575
167753ms,167753,230.268,0.201782
167785ms,167785,230.337,0.201983
167817ms,167817,230.344,0.201828
167849ms,167849,230.196,0.201457
167881ms,167881,230.025,0.201725
167913ms,167913,229.493,0.202520
167961ms,167961,229.710,0.205572
167993ms,167993,230.099,0.202347
168025ms,168025,229.970,0.201712
168057ms,168057,229.848,0.200944
168089ms,168089,229.520,0.200911
168121ms,168121,229.691,0.201593
168153ms,168153,229.476,0.200804
168185ms,168185,229.241,0.200635
168217ms,168217,229.251,0.200433
168249ms,168249,229.123,0.199986
168329ms,168329,229.213,0.199995
168361ms,168361,229.208,0.200248
168393ms,168393,229.500,0.200685
168425ms,168425,229.483,0.200381
168457ms,168457,229.272,0.200812
168489ms,168489,229.096,0.200816
168521ms,168521,229.533,0.200734
168553ms,168553,229.427,0.201296
168585ms,168585,229.461,0.201257
168617ms,168617,229.634,0.200764
168649ms,168649,229.605,0.201025
168697ms,168697,229.377,0.200957
168729ms,168729,229.063,0.201828
168761ms,168761,228.627,0.201095
168793ms,168793,228.406,0.199994
168825ms,168825,228.352,0.200036
168889ms,168889,229.189,0.201016
168921ms,168921,229.490,0.201581
168953ms,168953,230.133,0.202214
168985ms,168985,230.316,0.202065
169017ms,169017,230.135,0.202033
169049ms,169049,230.241,0.201785
169097ms,169097,230.242,0.201723
169129ms,169129,230.208,0.201560
169161ms,169161,230.189,0.201581
169193ms,169193,230.154,0.201773
169225ms,169225,230.199,0.201677
169257ms,169257,230.215,0.201768
169289ms,169289,230.218,0.201766
169321ms,169321,230.328,0.201905
169353ms,169353,230.060,0.201955
169385ms,169385,229.613,0.202221
169417ms,169417,229.340,0.204909
169465ms,169465,229.938,0.202590
169497ms,169497,230.034,0.201901
169529ms,169529,229.972,0.201720
169561ms,169561,229.522,0.201920
169593ms,169593,229.457,0.201174
169625ms,169625,229.419,0.200700
169657ms,169657,229.268,0.201068
169689ms,169689,229.273,0.201131
169721ms,169721,229.082,0.200638
169753ms,169753,229.208,0.200107
169785ms,169785,229.095,0.201043
169833ms,169833,229.261,0.200467
169865ms,169865,229.338,0.200687
169897ms,169897,229.528,0.200843
169929ms,169929,229.346,0.200890
169961ms,169961,228.969,0.200860
170025ms,170025,229.348,0.201438
170057ms,170057,229.448,0.201092
170089ms,170089,229.567,0.200572
170121ms,170121,229.536,0.201303
170153ms,170153,229.409,0.200843
170185ms,170185,229.181,0.201293
170233ms,170233,228.756,0.201025
170265ms,170265,228.468,0.200075
170297ms,170297,228.447,0.200382
170361ms,170361,229.216,0.200979
170393ms,170393,229.622,0.202054
170425ms,170425,230.063,0.201680
170457ms,170457,230.029,0.202141
170489ms,170489,230.145,0.201900
170521ms,170521,230.215,0.202091
170553ms,170553,230.257,0.201544
170601ms,170601,230.266,0.202019
170633ms,170633,230.281,0.201824
170697ms,170697,230.266,0.201410
170729ms,170729,230.234,0.201664
170761ms,170761,230.207,0.201826
170793ms,170793,230.331,0.201621
170825ms,170825,230.002,0.202141
170857ms,170857,229.549,0.202194
170889ms,170889,229.554,0.205871
170921ms,170921,229.934,0.202457
170969ms,170969,229.883,0.200847
171001ms,171001,230.058,0.201209
171065ms,171065,229.565,0.201545
171097ms,171097,229.422,0.200506
171129ms,171129,229.147,0.200488
171161ms,171161,229.383,0.200929
171225ms,171225,229.271,0.200064
171257ms,171257,229.225,0.200817
171289ms,171289,229.287,0.200297
171337ms,171337,229.255,0.200974
171369ms,171369,229.579,0.201107
171401ms,171401,229.312,0.200722
171433ms,171433,229.144,0.200797
171497ms,171497,229.165,0.200707
171529ms,171529,229.358,0.201243
171561ms,171561,229.613,0.200747
171593ms,171593,229.499,0.201169
171625ms,171625,229.346,0.201425
171657ms,171657,229.079,0.201738
171689ms,171689,228.859,0.201183
171737ms,171737,228.463,0.200516
171769ms,171769,228.503,0.200159
171801ms,171801,228.746,0.200307
171833ms,171833,229.308,0.200939
171865ms,171865,229.694,0.201123
171897ms,171897,230.075,0.201742
171929ms,171929,230.189,0.201469
171961ms,171961,230.365,0.201933
171993ms,171993,230.237,0.201791
172025ms,172025,230.344,0.201809
172057ms,172057,230.338,0.201939
172105ms,172105,230.327,0.201881
172137ms,172137,230.353,0.201721
172169ms,172169,230.226,0.201640
172201ms,172201,230.300,0.201709
172233ms,172233,230.329,0.201816
172265ms,172265,230.315,0.201701
172297ms,172297,230.029,0.201419
172329ms,172329,229.749,0.201848
172361ms,172361,229.479,0.205606
172393ms,172393,229.838,0.204050
172425ms,172425,230.072,0.201573
172473ms,172473,230.292,0.201623
172505ms,172505,229.993,0.201540
172537ms,172537,229.493,0.201304
172569ms,172569,229.451,0.201143
172601ms,172601,229.117,0.200240
172633ms,172633,229.350,0.201390
172665ms,172665,229.293,0.200418
172697ms,172697,229.262,0.200436
172729ms,172729,229.191,0.200754
172761ms,172761,229.346,0.200391
172793ms,172793,229.249,0.200746
172825ms,172825,229.442,0.200603
172873ms,172873,229.394,0.200531
172937ms,172937,229.525,0.200749
172969ms,172969,229.494,0.201434
173001ms,173001,229.430,0.201255
173033ms,173033,229.612,0.200777
173065ms,173065,229.612,0.201357
173097ms,173097,229.396,0.200997
173129ms,173129,229.061,0.201047
173161ms,173161,228.731,0.201446
173193ms,173193,228.474,0.200595
173241ms,173241,228.451,0.200244
173273ms,173273,228.703,0.200200
173305ms,173305,229.132,0.200859
173337ms,173337,229.508,0.201241
173369ms,173369,229.967,0.202100
173401ms,173401,230.339,0.202112
173433ms,173433,230.373,0.202446
173465ms,173465,230.366,0.201863
173497ms,173497,230.312,0.202112
173529ms,173529,230.323,0.202093
173561ms,173561,230.320,0.201731
173593ms,173593,230.338,0.201620
173641ms,173641,230.319,0.201814
173705ms,173705,230.389,0.202146
173737ms,173737,230.239,0.201750
173769ms,173769,230.308,0.201758
173801ms,173801,229.783,0.202105
173833ms,173833,229.342,0.205122
173865ms,173865,230.035,0.204522
173929ms,173929,230.279,0.202452
173961ms,173961,229.881,0.202398
174009ms,174009,229.412,0.202247
174041ms,174041,229.556,0.200885
174073ms,174073,229.268,0.200551
174105ms,174105,229.341,0.201110
174137ms,174137,229.102,0.200320
174169ms,174169,229.128,0.199979
174201ms,174201,229.189,0.200566
174233ms,174233,229.355,0.200557
174265ms,174265,229.257,0.200577
174297ms,174297,229.392,0.201175
174329ms,174329,229.329,0.201130
174377ms,174377,229.172,0.200386
174409ms,174409,229.500,0.200826
174441ms,174441,229.388,0.200800
174473ms,174473,229.361,0.200953
174505ms,174505,229.648,0.200510
174537ms,174537,229.502,0.200797
174569ms,174569,229.389,0.200950
174601ms,174601,229.155,0.201185
174633ms,174633,228.838,0.201539
174665ms,174665,228.586,0.200715
174697ms,174697,228.503,0.200360
174729ms,174729,228.699,0.200642
174809ms,174809,229.431,0.201187
174841ms,174841,229.799,0.201780
174873ms,174873,230.122,0.201629
174905ms,174905,230.351,0.201802
174937ms,174937,230.240,0.201480
174969ms,174969,230.283,0.201706
175001ms,175001,230.294,0.201698
175033ms,175033,230.363,0.201435
175065ms,175065,230.337,0.201917
175097ms,175097,230.306,0.201583
175145ms,175145,230.326,0.201701
175177ms,175177,230.339,0.202157
175209ms,175209,230.313,0.201903
175241ms,175241,230.271,0.201696
175273ms,175273,230.022,0.202011
175305ms,175305,229.595,0.204492
175337ms,175337,229.658,0.204777
175369ms,175369,230.033,0.202251
175401ms,175401,230.151,0.201333
175465ms,175465,229.367,0.201862
175513ms,175513,229.569,0.200759
175545ms,175545,229.459,0.201016
175577ms,175577,229.188,0.200717
175609ms,175609,229.279,0.201382
175641ms,175641,229.145,0.199806
175673ms,175673,229.239,0.200159
175705ms,175705,229.316,0.200474
175737ms,175737,229.208,0.200699
175769ms,175769,229.477,0.200566
175801ms,175801,229.466,0.200752
175833ms,175833,229.187,0.199884
175865ms,175865,229.133,0.200721
175913ms,175913,229.459,0.200775
175945ms,175945,229.380,0.201357
175977ms,175977,229.684,0.201728
176009ms,176009,229.545,0.201045
176041ms,176041,229.495,0.201305
176073ms,176073,229.244,0.201647
176105ms,176105,229.162,0.201465
176137ms,176137,228.745,0.201043
176169ms,176169,228.540,0.200189
176201ms,176201,228.350,0.199817
176249ms,176249,229.150,0.201227
176281ms,176281,229.449,0.200830
176313ms,176313,229.883,0.202296
176345ms,176345,230.297,0.201555
176409ms,176409,230.412,0.201982
176441ms,176441,230.339,0.201772
176473ms,176473,230.298,0.201665
176505ms,176505,230.353,0.202223
176537ms,176537,230.298,0.201614
176569ms,176569,230.234,0.201548
176601ms,176601,230.316,0.201837
176649ms,176649,230.314,0.201799
176681ms,176681,230.315,0.202111
176713ms,176713,230.321,0.201665
176745ms,176745,229.917,0.201611
176777ms,176777,229.677,0.202643
176809ms,176809,229.626,0.205565
176841ms,176841,230.242,0.203108
176873ms,176873,229.972,0.202040
176905ms,176905,229.839,0.201557
176937ms,176937,229.597,0.201095
176969ms,176969,229.625,0.201300
177017ms,177017,229.351,0.200274
177049ms,177049,229.222,0.200721
177081ms,177081,229.405,0.201199
177113ms,177113,229.221,0.200724
177145ms,177145,229.203,0.199979
177177ms,177177,229.304,0.200893
177209ms,177209,229.294,0.200182
177241ms,177241,229.329,0.201037
177273ms,177273,229.582,0.200526
177305ms,177305,229.319,0.200685
177337ms,177337,228.970,0.200506
177385ms,177385,229.580,0.201147
177449ms,177449,229.479,0.201245
177481ms,177481,229.537,0.200715
177513ms,177513,229.585,0.200864
177545ms,177545,229.357,0.201099
177577ms,177577,229.207,0.201235
177609ms,177609,228.832,0.200321
177641ms,177641,228.507,0.200495
177673ms,177673,228.535,0.200261
177705ms,177705,228.841,0.200557
177753ms,177753,229.379,0.200838
177785ms,177785,229.525,0.201950
177817ms,177817,230.092,0.201786
177849ms,177849,230.110,0.201976
177881ms,177881,230.181,0.201582
177913ms,177913,230.176,0.201865
177945ms,177945,230.179,0.201996
177977ms,177977,230.280,0.201966
178009ms,178009,230.287,0.201863
178041ms,178041,230.221,0.201766
178073ms,178073,230.279,0.202165
178105ms,178105,230.297,0.202102
178153ms,178153,230.339,0.202106
178185ms,178185,230.314,0.202123
178217ms,178217,230.059,0.201647
178249ms,178249,229.669,0.202524
178281ms,178281,229.530,0.205208
178345ms,178345,230.152,0.201495
178377ms,178377,229.957,0.201479
178409ms,178409,229.616,0.201698
178441ms,178441,229.474,0.201592
178473ms,178473,229.301,0.200879
178521ms,178521,229.168,0.200510
178553ms,178553,229.365,0.201101
178585ms,178585,229.179,0.200577
178617ms,178617,229.190,0.200017
178649ms,178649,229.113,0.200197
178681ms,178681,229.216,0.199578
178713ms,178713,229.262,0.200710
178745ms,178745,229.528,0.200991
178777ms,178777,229.366,0.200659
178809ms,178809,229.193,0.201106
178841ms,178841,229.445,0.200879
178873ms,178873,229.235,0.200683
178921ms,178921,229.366,0.201057
178952ms,178952,229.527,0.201623
178984ms,178984,229.403,0.200841
179017ms,179017,229.371,0.200824
179049ms,179049,229.226,0.201731
179081ms,179081,228.770,0.200897
179113ms,179113,228.591,0.200219
179145ms,179145,228.447,0.200056
179177ms,179177,228.871,0.200645
179209ms,179209,229.255,0.200982
179241ms,179241,229.679,0.201954
179289ms,179289,230.121,0.201553
179320ms,179320,230.107,0.202136
179352ms,179352,230.194,0.202059
179384ms,179384,230.246,0.201591
179417ms,179417,230.213,0.201880
179449ms,179449,230.326,0.201979
179481ms,179481,230.282,0.202003
179513ms,179513,230.267,0.201687
179545ms,179545,230.249,0.201899
179577ms,179577,230.352,0.201928
179609ms,179609,230.256,0.202043
179641ms,179641,230.392,0.201990
179689ms,179689,230.202,0.201828
179721ms,179721,229.640,0.202146
179752ms,179752,229.477,0.205206
179784ms,179784,230.001,0.203474
179817ms,179817,229.885,0.201388
179849ms,179849,230.189,0.201713
179881ms,179881,229.948,0.201722
179913ms,179913,229.445,0.200909
180009ms,180009,229.429,0.201269
180056ms,180056,229.129,0.201291
180089ms,180089,229.313,0.200131
180120ms,180120,229.140,0.200549
180153ms,180153,229.321,0.200563
180185ms,180185,229.305,0.200339
180217ms,180217,229.411,0.200989
180249ms,180249,229.237,0.200017
180281ms,180281,229.173,0.201195
180312ms,180312,229.741,0.201431
180344ms,180344,229.461,0.201234
180377ms,180377,229.433,0.200854
180424ms,180424,229.540,0.200556
180457ms,180457,229.575,0.201173
180489ms,180489,229.422,0.200690
180520ms,180520,229.180,0.200984
180553ms,180553,228.776,0.201690
180585ms,180585,228.534,0.200532
180649ms,180649,228.664,0.200555
180681ms,180681,229.293,0.201156
180712ms,180712,229.624,0.201411
180744ms,180744,229.880,0.201772
180777ms,180777,230.273,0.202051
180824ms,180824,230.355,0.202651
180856ms,180856,230.311,0.202208
180888ms,180888,230.289,0.201646
180920ms,180920,230.179,0.201806
180952ms,180952,230.223,0.202072
180984ms,180984,230.167,0.201694
181017ms,181017,230.143,0.201881
181049ms,181049,230.207,0.201789
181080ms,181080,230.178,0.201766
181144ms,181144,230.293,0.202026
181192ms,181192,229.811,0.202227
181224ms,181224,229.331,0.204817
181256ms,181256,229.830,0.203839
181288ms,181288,229.849,0.201509
181320ms,181320,230.207,0.201782
181352ms,181352,229.947,0.201770
181384ms,181384,229.451,0.201189
181416ms,181416,229.623,0.200866
181448ms,181448,229.335,0.200643
181480ms,181480,229.127,0.200436
181513ms,181513,229.165,0.200815
181560ms,181560,229.253,0.199991
181592ms,181592,229.155,0.199544
181624ms,181624,229.350,0.200387
181656ms,181656,229.306,0.201307
181688ms,181688,229.304,0.201096
181720ms,181720,229.314,0.200174
181752ms,181752,229.194,0.200722
181785ms,181785,229.508,0.201145
181816ms,181816,229.541,0.201338
181848ms,181848,229.391,0.200627
181880ms,181880,229.665,0.200834
181913ms,181913,229.481,0.201430
181960ms,181960,229.525,0.201102
181992ms,181992,229.281,0.201441
182024ms,182024,229.005,0.201317
182056ms,182056,228.623,0.200752
182088ms,182088,228.549,0.200155
182120ms,182120,228.610,0.200429
182152ms,182152,229.216,0.201055
182184ms,182184,229.543,0.201030
182216ms,182216,229.975,0.201743
182248ms,182248,230.211,0.201731
182280ms,182280,230.348,0.201794
182328ms,182328,230.246,0.201948
182360ms,182360,230.304,0.201942
182392ms,182392,230.318,0.201877
182424ms,182424,230.285,0.201976
182456ms,182456,230.235,0.201685
182488ms,182488,230.332,0.201627
182520ms,182520,230.357,0.201655
182552ms,182552,230.235,0.201767
182584ms,182584,230.270,0.201737
182616ms,182616,230.255,0.201607
182648ms,182648,229.772,0.202042
182680ms,182680,229.394,0.205218
182728ms,182728,229.863,0.204331
182792ms,182792,230.191,0.201517
182824ms,182824,229.902,0.201394
182856ms,182856,229.576,0.201331
182888ms,182888,229.577,0.200832
182920ms,182920,229.398,0.201111
182952ms,182952,229.160,0.200792
182984ms,182984,229.222,0.200919
183016ms,183016,229.223,0.200270
183048ms,183048,229.122,0.199936
183096ms,183096,229.354,0.200702
183128ms,183128,229.274,0.201052
183160ms,183160,229.321,0.200754
183192ms,183192,229.454,0.200526
183224ms,183224,229.332,0.200606
183256ms,183256,229.593,0.201544
183288ms,183288,229.639,0.201088
183320ms,183320,229.309,0.200602
183352ms,183352,229.671,0.201090
183384ms,183384,229.485,0.201245
183416ms,183416,229.513,0.201008
183464ms,183464,229.158,0.201766
183496ms,183496,228.898,0.201209
183528ms,183528,228.559,0.200824
183560ms,183560,228.481,0.200270
183592ms,183592,228.608,0.200374
183624ms,183624,229.180,0.201347
183656ms,183656,229.530,0.201593
183688ms,183688,229.792,0.202128
183720ms,183720,230.240,0.201527
183752ms,183752,230.259,0.202246
183784ms,183784,230.187,0.201887
183816ms,183816,230.226,0.202009
183864ms,183864,230.247,0.201793
183896ms,183896,230.275,0.201654
183928ms,183928,230.299,0.201968
183960ms,183960,230.196,0.201822
184024ms,184024,230.289,0.201765
184056ms,184056,230.206,0.201691
184088ms,184088,230.240,0.201707
184120ms,184120,230.038,0.202076
184152ms,184152,229.454,0.202899
184184ms,184184,229.539,0.203925
184232ms,184232,230.132,0.202057
184264ms,184264,230.165,0.201350
184296ms,184296,229.768,0.201494
184328ms,184328,229.529,0.201729
184360ms,184360,229.699,0.201263
184392ms,184392,229.352,0.201200
184424ms,184424,229.223,0.200457
184456ms,184456,229.352,0.201183
184488ms,184488,229.135,0.200108
184520ms,184520,229.126,0.199697
184552ms,184552,229.181,0.199829
184600ms,184600,229.158,0.201151
184632ms,184632,229.383,0.200871
184664ms,184664,229.406,0.200830
184696ms,184696,229.220,0.200390
184728ms,184728,229.271,0.200722
184792ms,184792,229.227,0.200620
184824ms,184824,229.765,0.201652
184856ms,184856,229.534,0.201461
184888ms,184888,229.404,0.200873
184920ms,184920,229.299,0.200730
184952ms,184952,229.130,0.201635
185000ms,185000,228.697,0.201156
185032ms,185032,228.486,0.199856
185064ms,185064,228.425,0.199868
185096ms,185096,228.995,0.200853
185128ms,185128,229.485,0.200981
185160ms,185160,229.642,0.201861
185224ms,185224,230.256,0.202055
185256ms,185256,230.161,0.201518
185288ms,185288,230.265,0.201594
185320ms,185320,230.283,0.201697
185368ms,185368,230.300,0.201893
185400ms,185400,230.267,0.201502
185432ms,185432,230.377,0.202092
185464ms,185464,230.154,0.201447
185496ms,185496,230.381,0.201758
185528ms,185528,230.267,0.201953
185560ms,185560,230.192,0.201709
185592ms,185592,230.000,0.201832
185624ms,185624,229.301,0.202203
185656ms,185656,229.567,0.204545
185688ms,185688,230.032,0.202854
185736ms,185736,229.934,0.201810
185768ms,185768,229.782,0.201192
185800ms,185800,229.586,0.201143
185832ms,185832,229.646,0.201006
185864ms,185864,229.240,0.200110
185896ms,185896,229.239,0.200596
185928ms,185928,229.359,0.201001
185960ms,185960,229.091,0.200296
185992ms,185992,229.033,0.199637
186024ms,186024,229.183,0.200829
186056ms,186056,229.109,0.200187
186104ms,186104,229.356,0.200728
186136ms,186136,229.498,0.201536
186168ms,186168,229.292,0.200796
186232ms,186232,229.505,0.200712
186264ms,186264,229.255,0.200834
186296ms,186296,229.552,0.200879
186328ms,186328,229.588,0.201079
186392ms,186392,229.500,0.200910
186424ms,186424,229.205,0.201530
186456ms,186456,228.741,0.201282
186504ms,186504,228.492,0.200338
186536ms,186536,228.522,0.199965
186568ms,186568,228.834,0.200830
186600ms,186600,229.178,0.200661
186632ms,186632,229.628,0.201749
186664ms,186664,230.057,0.201942
186696ms,186696,230.265,0.202699
186728ms,186728,230.235,0.202129
186760ms,186760,230.225,0.201952
186792ms,186792,230.229,0.201536
186824ms,186824,230.308,0.201968
186872ms,186872,230.212,0.201723
186904ms,186904,230.220,0.201771
186936ms,186936,230.278,0.201484
186968ms,186968,230.278,0.201560
187000ms,187000,230.328,0.201886
187032ms,187032,230.306,0.201833
187064ms,187064,230.277,0.201675
187096ms,187096,229.622,0.201421
187128ms,187128,229.468,0.205129
187160ms,187160,230.004,0.204690
187192ms,187192,230.052,0.201447
187240ms,187240,230.284,0.201373
187272ms,187272,230.047,0.201409
187304ms,187304,229.627,0.201154
187336ms,187336,229.470,0.200531
187368ms,187368,229.160,0.200588
187400ms,187400,229.387,0.200623
187432ms,187432,229.107,0.200761
187464ms,187464,229.315,0.200108
187496ms,187496,229.124,0.200287
187528ms,187528,229.284,0.200847
187560ms,187560,229.317,0.200747
187592ms,187592,229.402,0.200778
187640ms,187640,229.387,0.200145
187672ms,187672,229.058,0.200056
187704ms,187704,229.537,0.201752
187736ms,187736,229.435,0.201371
187768ms,187768,229.398,0.200879
187800ms,187800,229.675,0.200498
187832ms,187832,229.494,0.200946
187864ms,187864,229.380,0.201117
187896ms,187896,229.157,0.201170
187928ms,187928,228.818,0.201774
187960ms,187960,228.535,0.200650
187992ms,187992,228.580,0.200246
188040ms,188040,228.585,0.200098
188072ms,188072,229.043,0.200921
188104ms,188104,229.543,0.201369
188136ms,188136,229.988,0.201702
188168ms,188168,230.277,0.201784
188232ms,188232,230.363,0.201780
188264ms,188264,230.351,0.201906
188296ms,188296,230.326,0.201683
188328ms,188328,230.328,0.201622
188360ms,188360,230.341,0.202036
188408ms,188408,230.229,0.201773
188440ms,188440,230.303,0.201665
188472ms,188472,230.257,0.201789
188504ms,188504,230.215,0.201547
188536ms,188536,230.309,0.201766
188568ms,188568,229.733,0.201858
188600ms,188600,229.372,0.203682
188632ms,188632,229.872,0.203843
188664ms,188664,229.934,0.201354
188696ms,188696,230.068,0.201461
188728ms,188728,229.767,0.201339
188776ms,188776,229.438,0.201549
188808ms,188808,229.515,0.201070
188840ms,188840,229.467,0.200919
188872ms,188872,229.098,0.200436
188904ms,188904,229.200,0.201460
188936ms,188936,229.184,0.199872
188968ms,188968,229.089,0.200004
189000ms,189000,229.362,0.200802
189032ms,189032,229.095,0.200913
189064ms,189064,229.472,0.201906
189096ms,189096,229.118,0.199759
189144ms,189144,229.277,0.201055
189176ms,189176,229.589,0.201272
189208ms,189208,229.524,0.201033
189240ms,189240,229.317,0.200110
189304ms,189304,229.580,0.201435
189336ms,189336,229.459,0.200878
189368ms,189368,229.246,0.201358
189400ms,189400,228.981,0.201165
189432ms,189432,228.521,0.200985
189496ms,189496,228.577,0.200541
189544ms,189544,229.268,0.201258
189576ms,189576,229.515,0.200979
189608ms,189608,229.875,0.201870
189640ms,189640,230.123,0.201849
189672ms,189672,230.233,0.201959
189704ms,189704,230.095,0.201609
189736ms,189736,230.242,0.201922
189768ms,189768,230.177,0.201856
189832ms,189832,230.289,0.201922
189864ms,189864,230.228,0.201810
189912ms,189912,230.281,0.201755
189944ms,189944,230.283,0.201674
189976ms,189976,230.368,0.201910
190008ms,190008,230.202,0.201742
190040ms,190040,230.015,0.202016
190072ms,190072,229.467,0.203287
190104ms,190104,229.420,0.204859
190136ms,190136,230.021,0.202343
190200ms,190200,229.667,0.201656
190232ms,190232,229.490,0.201616
190280ms,190280,229.600,0.201076
190312ms,190312,229.298,0.201005
190376ms,190376,229.258,0.200772
190408ms,190408,229.104,0.199848
190440ms,190440,229.175,0.199666
190472ms,190472,229.211,0.200255
190504ms,190504,229.166,0.200528
190536ms,190536,229.469,0.200771
190568ms,190568,229.342,0.200696
190600ms,190600,229.201,0.200444
190648ms,190648,229.232,0.201235
190680ms,190680,229.505,0.201191
190712ms,190712,229.406,0.200197
190744ms,190744,229.815,0.201456
190776ms,190776,229.596,0.201829
190808ms,190808,229.523,0.201209
190840ms,190840,229.160,0.201749
190872ms,190872,229.059,0.201616
190904ms,190904,228.656,0.201215
190936ms,190936,228.541,0.200420
190968ms,190968,228.484,0.200087
191000ms,191000,229.129,0.200798
191048ms,191048,229.573,0.201405
191080ms,191080,229.753,0.201732
191112ms,191112,230.179,0.201812
191144ms,191144,230.180,0.202184
191176ms,191176,230.280,0.202126
191208ms,191208,230.174,0.201781
191240ms,191240,230.283,0.201801
191272ms,191272,230.305,0.201683
191304ms,191304,230.293,0.201471
191336ms,191336,230.301,0.201805
191368ms,191368,230.202,0.201570
191416ms,191416,230.233,0.201757
191448ms,191448,230.226,0.201945
191480ms,191480,230.181,0.201707
191512ms,191512,229.973,0.201683
191512ms,191512,229.973,0.201683
191544ms,191544,229.504,0.203584
191576ms,191576,229.646,0.204704
191608ms,191608,230.073,0.202531
191640ms,191640,230.154,0.201405
191672ms,191672,229.908,0.201228
191704ms,191704,229.627,0.201310
191736ms,191736,229.624,0.201756
191768ms,191768,229.570,0.201306
191816ms,191816,229.418,0.201063
191848ms,191848,229.312,0.201147
191880ms,191880,229.069,0.200350
191912ms,191912,229.225,0.199942
191944ms,191944,229.291,0.201006
191976ms,191976,229.201,0.200713
192008ms,192008,229.525,0.200846
192072ms,192072,229.253,0.200582
192104ms,192104,228.968,0.200495
192136ms,192136,229.405,0.200591
192184ms,192184,229.198,0.201091
192216ms,192216,229.392,0.200643
192280ms,192280,229.405,0.201523
192312ms,192312,229.372,0.201054
192344ms,192344,229.202,0.200993
192376ms,192376,228.875,0.201227
192408ms,192408,228.579,0.200350
192440ms,192440,228.518,0.199901
192472ms,192472,228.661,0.200149
192504ms,192504,229.085,0.201032
192536ms,192536,229.565,0.202252
192616ms,192616,230.266,0.202556
192648ms,192648,230.239,0.201818
192680ms,192680,230.342,0.202446
192712ms,192712,230.273,0.201807
192744ms,192744,230.294,0.202084
192776ms,192776,230.237,0.201917
192808ms,192808,230.274,0.202105
192840ms,192840,230.194,0.201622
192872ms,192872,230.191,0.201717
192904ms,192904,230.370,0.201669
192952ms,192952,230.301,0.201667
192984ms,192984,230.171,0.201881
193016ms,193016,229.553,0.202218
193048ms,193048,229.245,0.205255
193080ms,193080,229.866,0.203401
193112ms,193112,229.903,0.202133
193144ms,193144,230.166,0.201839
193176ms,193176,229.847,0.202008
193208ms,193208,229.422,0.200816
193240ms,193240,229.383,0.200941
193272ms,193272,229.154,0.200236
193320ms,193320,229.297,0.201632
193352ms,193352,229.254,0.200198
193384ms,193384,229.128,0.199819
193416ms,193416,229.127,0.200338
193480ms,193480,229.302,0.201061
193512ms,193512,229.428,0.201024
193544ms,193544,229.311,0.200882
193576ms,193576,229.154,0.200761
193640ms,193640,229.261,0.200335
193688ms,193688,229.542,0.201337
193720ms,193720,229.621,0.200361
193752ms,193752,229.440,0.201148
193784ms,193784,229.520,0.200706
193816ms,193816,229.242,0.201370
193848ms,193848,228.880,0.201596
193880ms,193880,228.578,0.200536
193912ms,193912,228.539,0.200360
193944ms,193944,228.754,0.200255
193976ms,193976,229.154,0.201024
194008ms,194008,229.428,0.201308
194040ms,194040,230.068,0.202015
194088ms,194088,230.194,0.201943
194120ms,194120,230.123,0.201604
194152ms,194152,230.254,0.201914
194184ms,194184,230.344,0.201988
194216ms,194216,230.346,0.202165
194248ms,194248,230.243,0.201945
194280ms,194280,230.339,0.201821
194312ms,194312,230.336,0.201857
194344ms,194344,230.386,0.201914
194376ms,194376,230.266,0.201946
194408ms,194408,230.307,0.201649
194456ms,194456,230.190,0.201413
194488ms,194488,229.672,0.201793
194520ms,194520,229.403,0.204976
194552ms,194552,229.842,0.204146
194584ms,194584,229.776,0.201588
194616ms,194616,230.237,0.201672
194648ms,194648,229.895,0.202101
194680ms,194680,229.433,0.201192
194712ms,194712,229.548,0.201453
194744ms,194744,229.219,0.200849
194776ms,194776,229.175,0.200239
194824ms,194824,229.228,0.200337
194856ms,194856,229.120,0.199944
194888ms,194888,229.200,0.200185
194920ms,194920,229.235,0.201421
194952ms,194952,229.199,0.200524
194984ms,194984,229.484,0.201077
195016ms,195016,229.490,0.200817
195048ms,195048,229.243,0.201037
195080ms,195080,229.554,0.201549
195112ms,195112,229.559,0.201020
195144ms,195144,229.361,0.200834
195176ms,195176,229.610,0.200801
195224ms,195224,229.426,0.200944
195256ms,195256,229.429,0.200833
195288ms,195288,229.199,0.201509
195352ms,195352,228.610,0.200448
195384ms,195384,228.450,0.200443
195416ms,195416,228.607,0.200316
195448ms,195448,229.190,0.201159
195480ms,195480,229.580,0.201572
195544ms,195544,230.071,0.201980
195592ms,195592,230.235,0.202116
195624ms,195624,230.242,0.202014
195656ms,195656,230.199,0.201993
195688ms,195688,230.180,0.202153
195720ms,195720,230.210,0.201917
195752ms,195752,230.234,0.202199
195784ms,195784,230.192,0.202035
195816ms,195816,230.208,0.202113
195880ms,195880,230.194,0.202047
195912ms,195912,230.234,0.202072
195960ms,195960,229.884,0.202214
195992ms,195992,229.539,0.204239
196024ms,196024,229.602,0.204888
196056ms,196056,230.097,0.201887
196088ms,196088,230.012,0.201299
196120ms,196120,229.722,0.201618
196152ms,196152,229.388,0.201382
196184ms,196184,229.606,0.200652
196248ms,196248,229.204,0.200673
196280ms,196280,229.421,0.201086
196312ms,196312,229.125,0.199774
196360ms,196360,229.076,0.200073
196392ms,196392,229.141,0.200325
196424ms,196424,229.114,0.200904
196456ms,196456,229.326,0.200556
196488ms,196488,229.429,0.200647
196520ms,196520,229.220,0.200174
196552ms,196552,229.267,0.200817
196584ms,196584,229.506,0.201032
196616ms,196616,229.335,0.200191
196648ms,196648,229.733,0.202089
196680ms,196680,229.494,0.201505
196728ms,196728,229.514,0.200577
196760ms,196760,229.391,0.200545
196792ms,196792,229.123,0.201591
196824ms,196824,228.779,0.200791
196856ms,196856,228.515,0.200007
196888ms,196888,228.290,0.200110
196920ms,196920,228.859,0.200807
196952ms,196952,229.311,0.201053
196984ms,196984,229.533,0.201367
197016ms,197016,229.890,0.202011
197048ms,197048,230.110,0.201842
197080ms,197080,230.224,0.201802
197128ms,197128,230.166,0.202151
197160ms,197160,230.282,0.202051
197192ms,197192,230.159,0.202148
197224ms,197224,230.206,0.202021
197256ms,197256,230.202,0.201885
197288ms,197288,230.308,0.201885
197320ms,197320,230.291,0.201742
197352ms,197352,230.296,0.201964
197384ms,197384,230.224,0.201615
197416ms,197416,230.121,0.201713
197496ms,197496,229.407,0.205702
197528ms,197528,229.916,0.202995
197560ms,197560,230.049,0.201756
197592ms,197592,230.175,0.201926
197624ms,197624,229.854,0.201897
197656ms,197656,229.537,0.201596
197688ms,197688,229.556,0.200623
197720ms,197720,229.161,0.200431
197752ms,197752,229.399,0.201199
197784ms,197784,229.196,0.200563
197816ms,197816,229.103,0.199982
197864ms,197864,229.136,0.199877
197896ms,197896,229.246,0.200217
197928ms,197928,229.309,0.200664
197960ms,197960,229.580,0.201611
197992ms,197992,229.362,0.200805
198024ms,198024,229.178,0.201013
198056ms,198056,229.592,0.201337
198088ms,198088,229.209,0.201226
198120ms,198120,229.468,0.200800
198152ms,198152,229.634,0.201107
198184ms,198184,229.414,0.201055
198216ms,198216,229.336,0.200861
198264ms,198264,229.076,0.201464
198296ms,198296,228.679,0.201289
198328ms,198328,228.570,0.200403
198360ms,198360,228.454,0.200122
198392ms,198392,228.678,0.200302
198424ms,198424,229.209,0.200997
198456ms,198456,229.604,0.201370
198488ms,198488,230.077,0.201934
198520ms,198520,230.159,0.201868
198552ms,198552,230.206,0.201712
198584ms,198584,230.265,0.202063
198632ms,198632,230.277,0.201874
198664ms,198664,230.285,0.202012
198696ms,198696,230.272,0.201858
198728ms,198728,230.307,0.202024
198760ms,198760,230.268,0.202018
198792ms,198792,230.255,0.202141
198824ms,198824,230.298,0.201600
198856ms,198856,230.252,0.201903
198920ms,198920,229.864,0.202118
198952ms,198952,229.388,0.204095
199000ms,199000,229.883,0.204156
199032ms,199032,230.006,0.201666
199064ms,199064,230.199,0.201524
199096ms,199096,229.796,0.201175
199128ms,199128,229.323,0.202195
199160ms,199160,229.522,0.200837
199192ms,199192,229.464,0.200483
199224ms,199224,229.078,0.200453
199256ms,199256,229.145,0.200681
199288ms,199288,229.193,0.199666
199320ms,199320,229.063,0.200113
199352ms,199352,229.329,0.200746
199400ms,199400,229.348,0.200826
199432ms,199432,229.424,0.200821
199464ms,199464,229.395,0.200866
199496ms,199496,229.196,0.200502
199528ms,199528,229.584,0.201736
199560ms,199560,229.481,0.200791
199592ms,199592,229.342,0.200656
199624ms,199624,229.636,0.201058
199656ms,199656,229.435,0.201492
199688ms,199688,229.380,0.201028
199720ms,199720,229.292,0.201316
199768ms,199768,228.941,0.201406
199800ms,199800,228.450,0.200849
199832ms,199832,228.436,0.199871
199864ms,199864,228.450,0.199666
199896ms,199896,229.146,0.201129
199960ms,199960,229.718,0.202215
199992ms,199992,230.191,0.201722
200024ms,200024,230.162,0.201976
200056ms,200056,230.153,0.202215
200088ms,200088,230.198,0.202036
200136ms,200136,230.172,0.201733
200168ms,200168,230.204,0.202342
200200ms,200200,230.163,0.201876
200264ms,200264,230.237,0.202042
200296ms,200296,230.199,0.202126
200328ms,200328,230.253,0.201936
200360ms,200360,230.225,0.201568
200392ms,200392,230.032,0.202406
200424ms,200424,229.341,0.203653
200456ms,200456,229.377,0.205118
200488ms,200488,230.036,0.202399
200536ms,200536,230.125,0.201492
200568ms,200568,229.660,0.201446
200600ms,200600,229.722,0.201245
200632ms,200632,229.585,0.201389
200664ms,200664,229.297,0.201500
200696ms,200696,229.093,0.200292
200728ms,200728,229.187,0.200904
200760ms,200760,229.144,0.199549
200792ms,200792,229.075,0.199999
200824ms,200824,229.226,0.200336
200856ms,200856,229.132,0.200996
200904ms,200904,229.577,0.201279
200936ms,200936,229.392,0.200724
200968ms,200968,229.240,0.200562
201000ms,201000,229.307,0.200769
201032ms,201032,229.490,0.201227
201064ms,201064,229.317,0.200459
201096ms,201096,229.767,0.202279
201128ms,201128,229.581,0.201127
201160ms,201160,229.639,0.201466
201192ms,201192,229.363,0.201098
201224ms,201224,229.231,0.201612
201272ms,201272,228.748,0.201018
201304ms,201304,228.476,0.199976
201336ms,201336,228.331,0.199969
201368ms,201368,229.017,0.201091
201400ms,201400,229.420,0.200968
201432ms,201432,229.723,0.202307
201464ms,201464,230.218,0.201956
201496ms,201496,230.275,0.201845
201528ms,201528,230.291,0.201381
201560ms,201560,230.271,0.202381
201592ms,201592,230.256,0.201715
201640ms,201640,230.301,0.201595
201672ms,201672,230.244,0.201753
201704ms,201704,230.217,0.201914
201736ms,201736,230.257,0.201789
201800ms,201800,230.197,0.201678
201832ms,201832,230.393,0.202002
201896ms,201896,229.414,0.203449
201928ms,201928,229.596,0.204837
201960ms,201960,230.239,0.202868
202008ms,202008,230.119,0.201216
202040ms,202040,229.764,0.201500
202072ms,202072,229.442,0.201211
202104ms,202104,229.462,0.201017
202136ms,202136,229.213,0.200500
202168ms,202168,229.263,0.200408
202200ms,202200,229.434,0.201718
202232ms,202232,229.172,0.200069
202264ms,202264,229.145,0.199996
202296ms,202296,229.223,0.200208
202328ms,202328,229.157,0.199738
202360ms,202360,229.371,0.200658
202408ms,202408,229.413,0.201267
202440ms,202440,229.334,0.201084
202472ms,202472,229.127,0.200520
202504ms,202504,229.448,0.200126
202536ms,202536,229.199,0.200716
202568ms,202568,229.310,0.200516
202600ms,202600,229.622,0.200473
202632ms,202632,229.527,0.201296
202664ms,202664,229.471,0.200928
202696ms,202696,229.079,0.200977
202728ms,202728,228.696,0.201344
202776ms,202776,228.381,0.200038
202808ms,202808,228.505,0.199911
202840ms,202840,228.787,0.200498
202872ms,202872,229.301,0.200791
202904ms,202904,229.608,0.201572
202936ms,202936,230.158,0.202188
202968ms,202968,230.192,0.202204
203032ms,203032,230.164,0.202103
203064ms,203064,230.259,0.202005
203096ms,203096,230.162,0.201963
203128ms,203128,230.194,0.201964
203176ms,203176,230.194,0.201975
203208ms,203208,230.240,0.202119
203240ms,203240,230.253,0.201945
203272ms,203272,230.310,0.202170
203304ms,203304,230.199,0.201892
203336ms,203336,230.137,0.201462
203368ms,203368,229.733,0.201529
203400ms,203400,229.480,0.206205
203432ms,203432,229.980,0.204460
203464ms,203464,229.988,0.201812
203496ms,203496,230.186,0.201355
203544ms,203544,229.886,0.202304
203608ms,203608,229.583,0.200549
203640ms,203640,229.282,0.200705
203672ms,203672,229.344,0.201343
203704ms,203704,229.171,0.200438
203736ms,203736,229.122,0.200538
203768ms,203768,229.187,0.200104
203800ms,203800,229.046,0.200027
203832ms,203832,229.291,0.200327
203864ms,203864,229.461,0.201081
203912ms,203912,229.334,0.200970
203944ms,203944,229.069,0.200265
203976ms,203976,229.467,0.200884
204008ms,204008,229.280,0.200602
204040ms,204040,229.410,0.201234
204072ms,204072,229.662,0.200170
204104ms,204104,229.485,0.201357
204136ms,204136,229.553,0.201200
204168ms,204168,229.087,0.201090
204200ms,204200,228.810,0.201543
204232ms,204232,228.542,0.200250
204264ms,204264,228.529,0.200428
204312ms,204312,228.648,0.200671
204344ms,204344,229.155,0.200745
204376ms,204376,229.501,0.201758
204408ms,204408,230.082,0.201894
204440ms,204440,230.222,0.201940
204472ms,204472,230.281,0.202209
204504ms,204504,230.232,0.201809
204536ms,204536,230.147,0.201797
204568ms,204568,230.298,0.202174
204600ms,204600,230.280,0.201919
204632ms,204632,230.244,0.202017
204679ms,204679,230.271,0.202220
204712ms,204712,230.269,0.201948
204744ms,204744,230.256,0.202214
204776ms,204776,230.204,0.202113
204808ms,204808,230.127,0.201440
204871ms,204871,229.198,0.205981
204904ms,204904,229.951,0.204210
204936ms,204936,229.959,0.201991
204968ms,204968,230.036,0.201196
205000ms,205000,229.833,0.202423
205047ms,205047,229.291,0.200809
205080ms,205080,229.429,0.200529
205112ms,205112,229.269,0.200696
205143ms,205143,229.366,0.201605
205176ms,205176,229.108,0.200177
205208ms,205208,229.105,0.200175
205240ms,205240,229.152,0.200435
205272ms,205272,229.279,0.200165
205335ms,205335,229.454,0.201245
205368ms,205368,229.328,0.200733
205400ms,205400,229.165,0.200814
205447ms,205447,229.426,0.200554
205480ms,205480,229.249,0.200464
205511ms,205511,229.437,0.201018
205543ms,205543,229.610,0.201027
205576ms,205576,229.552,0.201235
205608ms,205608,229.403,0.200954
205640ms,205640,229.174,0.201466
205672ms,205672,228.756,0.201384
205703ms,205703,228.446,0.200464
205735ms,205735,228.460,0.200134
205768ms,205768,228.701,0.200318
205815ms,205815,229.099,0.200894
205848ms,205848,229.432,0.201392
205879ms,205879,229.992,0.201915
205911ms,205911,230.310,0.201813
205944ms,205944,230.255,0.201665
205976ms,205976,230.305,0.201703
206008ms,206008,230.177,0.201826
206040ms,206040,230.177,0.201800
206071ms,206071,230.311,0.202097
206103ms,206103,230.317,0.201945
206136ms,206136,230.224,0.201605
206183ms,206183,230.271,0.202125
206216ms,206216,230.312,0.201718
206248ms,206248,230.394,0.201897
206279ms,206279,230.267,0.201695
206312ms,206312,229.732,0.202090
206344ms,206344,229.375,0.204462
206375ms,206375,230.084,0.204300
206408ms,206408,229.884,0.201386
206440ms,206440,230.344,0.201656
206471ms,206471,229.889,0.201845
206504ms,206504,229.699,0.201187
206536ms,206536,229.663,0.201082
206583ms,206583,229.346,0.200892
206615ms,206615,229.164,0.200481
206647ms,206647,229.189,0.200599
206679ms,206679,229.127,0.199957
206712ms,206712,228.995,0.200256
206743ms,206743,229.348,0.200565
206775ms,206775,229.197,0.200501
206808ms,206808,229.279,0.200962
206839ms,206839,229.297,0.200250
206871ms,206871,229.174,0.201038
206904ms,206904,229.597,0.200694
206951ms,206951,229.505,0.201661
206983ms,206983,229.253,0.200632
207015ms,207015,229.724,0.201216
207047ms,207047,229.528,0.201095
207079ms,207079,229.458,0.200940
207112ms,207112,229.299,0.201428
207143ms,207143,228.880,0.201460
207176ms,207176,228.564,0.200240
207208ms,207208,228.468,0.200507
207239ms,207239,228.543,0.200656
207272ms,207272,229.169,0.201274
207303ms,207303,229.547,0.201310
207351ms,207351,229.869,0.201984
207415ms,207415,230.264,0.201597
207447ms,207447,230.250,0.201862
207511ms,207511,230.278,0.202111
207543ms,207543,230.297,0.202006
207576ms,207576,230.243,0.201792
207607ms,207607,230.247,0.201870
207640ms,207640,230.264,0.202104
207672ms,207672,230.283,0.201928
207719ms,207719,230.224,0.201807
207751ms,207751,230.265,0.201716
207783ms,207783,229.806,0.201538
207815ms,207815,229.535,0.203483
207847ms,207847,229.568,0.205210
207879ms,207879,230.015,0.202922
207911ms,207911,230.079,0.201932
207943ms,207943,229.821,0.201622
207975ms,207975,229.467,0.201109
208007ms,208007,229.560,0.201670
208039ms,208039,229.160,0.200658
208087ms,208087,229.171,0.200917
208119ms,208119,229.127,0.200837
208151ms,208151,229.167,0.200749
208183ms,208183,229.063,0.199974
208215ms,208215,229.167,0.200113
208247ms,208247,229.298,0.200169
208279ms,208279,229.522,0.201282
208311ms,208311,229.492,0.200928
208343ms,208343,229.348,0.201065
208375ms,208375,229.116,0.200615
208407ms,208407,229.493,0.200758
208455ms,208455,229.240,0.201005
208487ms,208487,229.510,0.201864
208519ms,208519,229.630,0.200957
208551ms,208551,229.526,0.201235
208583ms,208583,229.434,0.200995
208615ms,208615,229.131,0.201423
208647ms,208647,228.768,0.201157
208679ms,208679,228.559,0.200162
208711ms,208711,228.391,0.199904
208743ms,208743,228.822,0.200478
208775ms,208775,229.515,0.201165
208807ms,208807,229.611,0.201667
208855ms,208855,230.041,0.202019
208887ms,208887,230.154,0.201963
208951ms,208951,230.237,0.202049
208983ms,208983,230.285,0.202088
209015ms,209015,230.263,0.202158
209047ms,209047,230.267,0.201825
209079ms,209079,230.256,0.201844
209111ms,209111,230.264,0.201859
209143ms,209143,230.224,0.201981
209175ms,209175,230.250,0.201722
209223ms,209223,230.294,0.201679
209255ms,209255,230.084,0.201525
209287ms,209287,229.710,0.202887
209319ms,209319,229.423,0.205831
209351ms,209351,230.001,0.202952
209383ms,209383,230.044,0.201724
209415ms,209415,229.862,0.201350
209447ms,209447,229.620,0.201820
209511ms,209511,229.326,0.200214
209543ms,209543,229.196,0.200701
209591ms,209591,229.400,0.200867
209623ms,209623,229.155,0.200632
209655ms,209655,229.226,0.200049
209687ms,209687,229.135,0.200265
209719ms,209719,229.189,0.200050
209751ms,209751,229.281,0.200244
209783ms,209783,229.523,0.200865
209815ms,209815,229.306,0.201023
209847ms,209847,229.108,0.200859
209879ms,209879,229.559,0.200961
209911ms,209911,229.285,0.200784
209943ms,209943,229.312,0.200792
209991ms,209991,229.640,0.200775
210023ms,210023,229.330,0.201245
210055ms,210055,229.388,0.201444
210087ms,210087,229.148,0.201460
210119ms,210119,228.857,0.201365
210151ms,210151,228.518,0.200514
210183ms,210183,228.392,0.200323
210215ms,210215,228.687,0.200671
210247ms,210247,229.087,0.200747
210279ms,210279,229.509,0.201748
210311ms,210311,230.156,0.201674
210359ms,210359,230.209,0.202034
210391ms,210391,230.249,0.201625
210423ms,210423,230.376,0.202210
210455ms,210455,230.315,0.201985
210487ms,210487,230.265,0.202078
210519ms,210519,230.235,0.202308
210551ms,210551,230.261,0.201802
210647ms,210647,230.299,0.201900
210679ms,210679,230.218,0.201857
210711ms,210711,230.200,0.201375
210759ms,210759,229.457,0.202055
210823ms,210823,229.854,0.204044
210855ms,210855,229.744,0.201488
210887ms,210887,230.203,0.202067
210919ms,210919,229.952,0.202050
210951ms,210951,229.581,0.200970
210983ms,210983,229.558,0.201598
211015ms,211015,229.332,0.200245
211047ms,211047,229.182,0.200337
211079ms,211079,229.148,0.200345
211127ms,211127,229.101,0.200052
211159ms,211159,229.120,0.200418
211191ms,211191,229.349,0.200509
211223ms,211223,229.233,0.200572
211255ms,211255,229.341,0.200917
211287ms,211287,229.344,0.200719
211319ms,211319,229.205,0.200534
211351ms,211351,229.510,0.201289
211383ms,211383,229.359,0.201003
211415ms,211415,229.397,0.200933
211447ms,211447,229.666,0.200700
211495ms,211495,229.638,0.201270
211527ms,211527,229.530,0.201432
211559ms,211559,229.137,0.201423
211591ms,211591,228.843,0.201370
211623ms,211623,228.474,0.200382
211655ms,211655,228.427,0.199918
211687ms,211687,228.623,0.200353
211719ms,211719,229.125,0.200853
211751ms,211751,229.521,0.201266
211783ms,211783,229.998,0.201742
211815ms,211815,230.217,0.202185
211847ms,211847,230.218,0.202309
211895ms,211895,230.167,0.201994
211927ms,211927,230.173,0.201664
211959ms,211959,230.214,0.202038
211991ms,211991,230.236,0.202288
212023ms,212023,230.233,0.202050
212055ms,212055,230.253,0.202114
212087ms,212087,230.234,0.201876
212119ms,212119,230.250,0.202066
212151ms,212151,230.164,0.201661
212215ms,212215,229.684,0.201591
212327ms,212327,229.979,0.201745
212359ms,212359,230.075,0.201518
212391ms,212391,229.942,0.202019
212423ms,212423,229.390,0.201023
212455ms,212455,229.471,0.201039
212487ms,212487,229.303,0.200828
212519ms,212519,229.326,0.201365
212551ms,212551,229.217,0.200443
212583ms,212583,229.190,0.200459
212631ms,212631,229.172,0.200616
212663ms,212663,229.344,0.200634
212695ms,212695,229.278,0.201108
212727ms,212727,229.387,0.200594
212759ms,212759,229.321,0.200654
212791ms,212791,229.060,0.200159
212823ms,212823,229.442,0.201484
212855ms,212855,229.425,0.201078
212887ms,212887,229.362,0.201184
212919ms,212919,229.627,0.200709
212951ms,212951,229.458,0.200942
212983ms,212983,229.509,0.200964
213031ms,213031,229.067,0.200993
213063ms,213063,228.877,0.201777
213095ms,213095,228.556,0.200528
213127ms,213127,228.491,0.200088
213159ms,213159,228.658,0.200600
213191ms,213191,229.025,0.200818
213223ms,213223,229.469,0.201336
213255ms,213255,229.878,0.201755
213287ms,213287,230.276,0.201805
213319ms,213319,230.161,0.201685
213351ms,213351,230.303,0.202285
213399ms,213399,230.183,0.201693
213431ms,213431,230.249,0.201604
213463ms,213463,230.234,0.202166
213527ms,213527,230.260,0.202023
213559ms,213559,230.254,0.201920
213623ms,213623,230.256,0.201799
213655ms,213655,230.324,0.201735
213687ms,213687,229.940,0.202187
213719ms,213719,229.415,0.203210
213767ms,213767,229.568,0.205529
213799ms,213799,230.219,0.202492
213831ms,213831,230.107,0.201448
213863ms,213863,229.778,0.200920
213895ms,213895,229.484,0.201483
213927ms,213927,229.690,0.201669
213959ms,213959,229.444,0.201142
213991ms,213991,229.347,0.200614
214023ms,214023,229.340,0.200926
214055ms,214055,229.180,0.200423
214087ms,214087,229.207,0.199850
214119ms,214119,229.285,0.200566
214167ms,214167,229.136,0.200791
214199ms,214199,229.621,0.201383
214231ms,214231,229.456,0.201116
214263ms,214263,229.215,0.200513
214295ms,214295,229.072,0.200462
214327ms,214327,229.527,0.200897
214359ms,214359,229.297,0.201011
214391ms,214391,229.366,0.200935
214423ms,214423,229.566,0.201296
214455ms,214455,229.589,0.201408
214487ms,214487,229.514,0.201202
214535ms,214535,229.078,0.201103
214567ms,214567,228.668,0.201004
214599ms,214599,228.565,0.200036
214631ms,214631,228.487,0.200018
214663ms,214663,228.858,0.200525
214695ms,214695,229.363,0.201010
214759ms,214759,230.155,0.202025
214823ms,214823,230.232,0.201790
214855ms,214855,230.232,0.202254
214903ms,214903,230.212,0.202163
214935ms,214935,230.237,0.202116
214967ms,214967,230.254,0.201782
214999ms,214999,230.216,0.201753
215031ms,215031,230.216,0.202056
215063ms,215063,230.190,0.201897
215095ms,215095,230.249,0.202134
215127ms,215127,230.248,0.201573
215159ms,215159,230.026,0.201765
215191ms,215191,229.374,0.202034
215223ms,215223,229.599,0.205438
215255ms,215255,230.047,0.203161
215303ms,215303,229.970,0.201623
215335ms,215335,229.924,0.201404
215367ms,215367,229.484,0.200822
215399ms,215399,229.583,0.201165
215431ms,215431,229.279,0.200096
215463ms,215463,229.168,0.200426
215495ms,215495,229.322,0.200908
215527ms,215527,229.230,0.200510
215559ms,215559,229.076,0.199643
215591ms,215591,229.108,0.200260
215623ms,215623,229.231,0.200363
215671ms,215671,229.489,0.200996
215703ms,215703,229.470,0.201548
215735ms,215735,229.203,0.200718
215767ms,215767,229.097,0.200545
215799ms,215799,229.510,0.201354
215831ms,215831,229.415,0.200899
215863ms,215863,229.321,0.200874
215895ms,215895,229.625,0.201073
215927ms,215927,229.452,0.200655
215959ms,215959,229.380,0.201152
215991ms,215991,229.145,0.201585
216023ms,216023,228.650,0.201118
216071ms,216071,228.434,0.200040
216103ms,216103,228.471,0.200033
216135ms,216135,228.844,0.200570
216167ms,216167,229.278,0.200981
216199ms,216199,229.606,0.201981
216263ms,216263,230.309,0.202221
216295ms,216295,230.230,0.201767
216327ms,216327,230.261,0.202125
216359ms,216359,230.277,0.202077
216391ms,216391,230.275,0.202214
216439ms,216439,230.273,0.202160
216471ms,216471,230.322,0.202212
216503ms,216503,230.301,0.202033
216535ms,216535,230.304,0.201885
216567ms,216567,230.320,0.201815
216599ms,216599,230.322,0.201496
216631ms,216631,230.097,0.201579
216663ms,216663,229.356,0.201953
216695ms,216695,229.576,0.204980
216759ms,216759,230.042,0.201616
216807ms,216807,229.915,0.201708
216839ms,216839,229.661,0.201711
216871ms,216871,229.453,0.200768
216903ms,216903,229.344,0.200423
216967ms,216967,229.364,0.201093
216999ms,216999,229.300,0.200656
217031ms,217031,229.162,0.199558
217063ms,217063,229.148,0.200766
217095ms,217095,229.192,0.199760
217127ms,217127,229.337,0.200716
217175ms,217175,229.415,0.201236
217207ms,217207,229.315,0.200476
217239ms,217239,229.141,0.201095
217271ms,217271,229.485,0.200812
217335ms,217335,229.522,0.200906
217367ms,217367,229.738,0.200887
217399ms,217399,229.456,0.201209
217431ms,217431,229.496,0.201333
217463ms,217463,229.049,0.201308
217495ms,217495,228.693,0.200738
217543ms,217543,228.463,0.200226
217575ms,217575,228.450,0.200051
217607ms,217607,228.770,0.200385
217639ms,217639,229.241,0.200795
217671ms,217671,229.579,0.201892
217703ms,217703,230.000,0.201628
217735ms,217735,230.294,0.201936
217767ms,217767,230.273,0.201972
217799ms,217799,230.300,0.201835
217831ms,217831,230.228,0.201678
217863ms,217863,230.223,0.201810
217895ms,217895,230.315,0.201993
217943ms,217943,230.240,0.201846
217975ms,217975,230.264,0.201718
218007ms,218007,230.299,0.201746
218039ms,218039,230.239,0.201776
218071ms,218071,230.110,0.201770
218103ms,218103,230.057,0.201939
218135ms,218135,229.650,0.202264
218167ms,218167,229.432,0.205210
218231ms,218231,229.957,0.201518
218263ms,218263,230.092,0.201603
218311ms,218311,229.851,0.202217
218343ms,218343,229.393,0.200975
218375ms,218375,229.346,0.200741
218407ms,218407,229.188,0.200648
218439ms,218439,229.367,0.201074
218503ms,218503,229.098,0.199496
218535ms,218535,229.197,0.200550
218567ms,218567,229.280,0.200392
218599ms,218599,229.294,0.200142
218631ms,218631,229.558,0.200968
218679ms,218679,229.385,0.200710
218711ms,218711,229.002,0.200753
218743ms,218743,229.495,0.200992
218775ms,218775,229.187,0.200504
218807ms,218807,229.571,0.200614
218839ms,218839,229.497,0.200663
218871ms,218871,229.308,0.200824
218903ms,218903,229.425,0.201270
218935ms,218935,229.108,0.201357
218967ms,218967,228.665,0.201435
218999ms,218999,228.563,0.200384
219031ms,219031,228.406,0.199987
219079ms,219079,228.702,0.200272
219111ms,219111,229.188,0.200754
219143ms,219143,229.641,0.201788
219175ms,219175,230.225,0.201807
219207ms,219207,230.354,0.202092
219239ms,219239,230.282,0.201940
219271ms,219271,230.246,0.202290
219303ms,219303,230.302,0.202108
219335ms,219335,230.227,0.201882
219367ms,219367,230.293,0.202158
219399ms,219399,230.307,0.201985
219447ms,219447,230.306,0.201987
219479ms,219479,230.313,0.202005
219511ms,219511,230.333,0.201854
219543ms,219543,230.275,0.201936
219575ms,219575,230.271,0.201961
219607ms,219607,229.736,0.202014
219639ms,219639,229.524,0.205335
219671ms,219671,230.031,0.204060
219703ms,219703,229.975,0.201653
219735ms,219735,230.209,0.202118
219767ms,219767,230.040,0.202082
219799ms,219799,229.540,0.201008
219847ms,219847,229.480,0.200749
219879ms,219879,229.182,0.200190
219911ms,219911,229.340,0.201308
219943ms,219943,229.068,0.201172
219975ms,219975,229.094,0.200421
220007ms,220007,229.112,0.200283
220039ms,220039,229.363,0.200478
220071ms,220071,229.123,0.200090
220103ms,220103,229.443,0.200807
220135ms,220135,229.353,0.200587
220215ms,220215,229.501,0.200767
220247ms,220247,229.400,0.201184
220311ms,220311,229.626,0.200459
220343ms,220343,229.479,0.201212
220375ms,220375,229.472,0.200691
220407ms,220407,229.202,0.200857
220439ms,220439,228.964,0.201280
220471ms,220471,228.577,0.200779
220503ms,220503,228.531,0.200401
220535ms,220535,228.715,0.200376
220567ms,220567,229.030,0.201003
220615ms,220615,229.655,0.201422
220647ms,220647,230.092,0.201725
220679ms,220679,230.323,0.201863
220711ms,220711,230.246,0.201629
220743ms,220743,230.299,0.201888
220775ms,220775,230.271,0.201874
220807ms,220807,230.268,0.201943
220839ms,220839,230.373,0.202198
220871ms,220871,230.311,0.202360
220903ms,220903,230.245,0.201860
220935ms,220935,230.353,0.201896
220983ms,220983,230.318,0.201529
221015ms,221015,230.189,0.201606
221047ms,221047,230.168,0.201548
221079ms,221079,229.655,0.201935
221111ms,221111,229.359,0.205525
221143ms,221143,229.954,0.204667
221175ms,221175,229.904,0.201732
221207ms,221207,230.232,0.202093
221239ms,221239,229.800,0.201679
221271ms,221271,229.387,0.201717
221303ms,221303,229.570,0.201117
221351ms,221351,229.260,0.200907
221383ms,221383,229.176,0.201237
221447ms,221447,229.085,0.200026
221479ms,221479,229.131,0.200307
221511ms,221511,229.365,0.200568
221543ms,221543,229.175,0.200746
221575ms,221575,229.420,0.200701
221607ms,221607,229.442,0.200851
221639ms,221639,229.194,0.200946
221671ms,221671,229.646,0.201527
221703ms,221703,229.499,0.201580
221751ms,221751,229.362,0.201014
221783ms,221783,229.690,0.200676
221815ms,221815,229.397,0.200901
221847ms,221847,229.482,0.200998
221879ms,221879,229.169,0.200731
221911ms,221911,228.882,0.201804
221943ms,221943,228.577,0.200551
221975ms,221975,228.497,0.200412
222007ms,222007,228.536,0.200575
222039ms,222039,229.207,0.201620
222119ms,222119,229.800,0.201759
222151ms,222151,230.267,0.202071
222183ms,222183,230.244,0.202047
222215ms,222215,230.243,0.202115
222247ms,222247,230.188,0.201618
222279ms,222279,230.213,0.201854
222343ms,222343,230.164,0.201662
222375ms,222375,230.226,0.201785
222407ms,222407,230.207,0.201927
222439ms,222439,230.215,0.201836
222487ms,222487,230.158,0.201666
222519ms,222519,230.226,0.201745
222551ms,222551,229.932,0.202278
222583ms,222583,229.521,0.204324
222615ms,222615,229.596,0.205283
222647ms,222647,229.925,0.202203
222679ms,222679,230.031,0.201601
222711ms,222711,229.797,0.201294
222743ms,222743,229.484,0.201426
222775ms,222775,229.697,0.200759
222807ms,222807,229.205,0.200636
222839ms,222839,229.214,0.200683
222887ms,222887,229.301,0.200915
222919ms,222919,229.038,0.200009
222951ms,222951,229.199,0.200192
222983ms,222983,229.298,0.200453
223015ms,223015,229.254,0.200987
223079ms,223079,229.439,0.200604
223111ms,223111,229.257,0.200608
223143ms,223143,229.095,0.200207
223175ms,223175,229.471,0.200957
223207ms,223207,229.366,0.200331
223255ms,223255,229.674,0.200935
223287ms,223287,229.503,0.200986
223319ms,223319,229.398,0.201213
223351ms,223351,229.228,0.201284
223383ms,223383,228.824,0.200959
223415ms,223415,228.598,0.201129
223447ms,223447,228.479,0.200085
223479ms,223479,228.520,0.200163
223511ms,223511,229.159,0.201252
223543ms,223543,229.558,0.201119
223575ms,223575,229.824,0.202070
223623ms,223623,230.291,0.201715
223655ms,223655,230.223,0.201866
223687ms,223687,230.200,0.201742
223719ms,223719,230.265,0.201907
223751ms,223751,230.125,0.201626
223783ms,223783,230.178,0.201673
223815ms,223815,230.259,0.201941
223847ms,223847,230.231,0.202060
223879ms,223879,230.199,0.201537
223943ms,223943,230.167,0.201898
223991ms,223991,230.105,0.201675
224023ms,224023,229.896,0.201952
224055ms,224055,229.465,0.203422
224119ms,224119,229.954,0.202517
224151ms,224151,230.113,0.201928
224183ms,224183,229.789,0.201488
224215ms,224215,229.388,0.201129
224247ms,224247,229.764,0.201470
224279ms,224279,229.410,0.201032
224311ms,224311,229.346,0.201186
224343ms,224343,229.291,0.200907
224391ms,224391,229.120,0.200199
224423ms,224423,229.171,0.200215
224455ms,224455,229.191,0.200274
224487ms,224487,229.214,0.200642
224519ms,224519,229.501,0.201270
224551ms,224551,229.393,0.200466
224583ms,224583,229.323,0.200702
224615ms,224615,229.164,0.201016
224647ms,224647,229.517,0.200995
224679ms,224679,229.255,0.200463
224711ms,224711,229.669,0.201384
224759ms,224759,229.429,0.201100
224791ms,224791,229.429,0.201210
224823ms,224823,229.239,0.201224
224855ms,224855,228.975,0.201677
224887ms,224887,228.601,0.200614
224919ms,224919,228.515,0.200009
224951ms,224951,228.538,0.200001
224983ms,224983,228.925,0.201083
225015ms,225015,229.435,0.201199
225047ms,225047,229.801,0.201775
225079ms,225079,230.340,0.202042
225127ms,225127,230.219,0.202270
225159ms,225159,230.218,0.202298
225191ms,225191,230.253,0.202395
225223ms,225223,230.256,0.202303
225255ms,225255,230.243,0.201553
225287ms,225287,230.259,0.201818
225319ms,225319,230.309,0.201720
225351ms,225351,230.216,0.201990
225383ms,225383,230.213,0.201851
225415ms,225415,230.215,0.201436
225447ms,225447,230.118,0.201588
225495ms,225495,229.880,0.201562
225527ms,225527,229.548,0.203218
225559ms,225559,229.556,0.204357
225591ms,225591,230.184,0.202667
225655ms,225655,229.904,0.201376
225687ms,225687,229.567,0.200886
225719ms,225719,229.816,0.201294
225751ms,225751,229.406,0.201107
225783ms,225783,229.249,0.200379
225847ms,225847,229.216,0.200725
225895ms,225895,229.158,0.200455
225927ms,225927,229.173,0.200491
225959ms,225959,229.163,0.200781
225991ms,225991,229.436,0.200985
226023ms,226023,229.414,0.200854
226087ms,226087,229.143,0.200795
226119ms,226119,229.456,0.200364
226151ms,226151,229.207,0.201094
226183ms,226183,229.434,0.200676
226215ms,226215,229.628,0.200490
226263ms,226263,229.380,0.201252
226327ms,226327,229.013,0.201607
226359ms,226359,228.658,0.201056
226391ms,226391,228.573,0.200036
226423ms,226423,228.356,0.199983
226455ms,226455,228.800,0.200285
226487ms,226487,229.375,0.201184
226519ms,226519,229.685,0.201944
226551ms,226551,230.126,0.202040
226583ms,226583,230.184,0.202103
226631ms,226631,230.204,0.201802
226663ms,226663,230.271,0.201748
226695ms,226695,230.208,0.201843
226727ms,226727,230.266,0.201940
226759ms,226759,230.191,0.201788
226791ms,226791,230.217,0.202075
226823ms,226823,230.314,0.202007
226855ms,226855,230.288,0.201842
226887ms,226887,230.297,0.201749
226919ms,226919,230.204,0.201728
226999ms,226999,229.695,0.202506
227031ms,227031,229.587,0.205078
227063ms,227063,229.899,0.203327
227095ms,227095,230.034,0.201326
227127ms,227127,229.841,0.201184
227159ms,227159,229.896,0.202044
227191ms,227191,229.556,0.201304
227223ms,227223,229.434,0.200845
227255ms,227255,229.158,0.199819
227287ms,227287,229.396,0.201305
227319ms,227319,229.142,0.201136
227351ms,227351,229.230,0.200349
227399ms,227399,229.130,0.200144
227431ms,227431,229.205,0.200261
227463ms,227463,229.322,0.200695
227495ms,227495,229.530,0.200836
227527ms,227527,229.317,0.200820
227559ms,227559,229.092,0.201129
227591ms,227591,229.483,0.200636
227623ms,227623,229.250,0.200503
227655ms,227655,229.404,0.201041
227687ms,227687,229.647,0.201164
227719ms,227719,229.396,0.201198
227767ms,227767,229.323,0.200956
227799ms,227799,229.129,0.201928
227831ms,227831,228.700,0.200784
227863ms,227863,228.590,0.200225
227895ms,227895,228.442,0.199831
227927ms,227927,228.852,0.200609
227959ms,227959,229.251,0.200710
227991ms,227991,229.599,0.201715
228023ms,228023,230.180,0.201859
228055ms,228055,230.305,0.202387
228087ms,228087,230.146,0.201807
228119ms,228119,230.246,0.202114
228167ms,228167,230.208,0.201948
228199ms,228199,230.232,0.201922
228231ms,228231,230.198,0.201849
228263ms,228263,230.233,0.202016
228295ms,228295,230.280,0.201980
228327ms,228327,230.261,0.202074
228359ms,228359,230.335,0.201911
228391ms,228391,230.211,0.201751
228423ms,228423,230.111,0.201677
228455ms,228455,229.773,0.202531
228487ms,228487,229.386,0.205307
228567ms,228567,230.106,0.201672
228599ms,228599,230.103,0.201835
228631ms,228631,230.000,0.202499
228663ms,228663,229.583,0.201154
228695ms,228695,229.626,0.201333
228727ms,228727,229.349,0.200625
228759ms,228759,229.165,0.201135
228791ms,228791,229.023,0.201209
228823ms,228823,229.209,0.199872
228855ms,228855,229.211,0.200740
228903ms,228903,229.295,0.200570
228935ms,228935,229.283,0.200604
228967ms,228967,229.327,0.201452
228999ms,228999,229.335,0.199973
229031ms,229031,229.208,0.200943
229063ms,229063,229.626,0.201307
229127ms,229127,229.379,0.200742
229159ms,229159,229.613,0.200397
229191ms,229191,229.398,0.201106
229223ms,229223,229.539,0.200833
229255ms,229255,229.160,0.200788
229303ms,229303,228.957,0.201647
229335ms,229335,228.644,0.200786
229367ms,229367,228.514,0.199887
229431ms,229431,229.102,0.201131
229463ms,229463,229.535,0.201557
229495ms,229495,229.907,0.202100
229527ms,229527,230.276,0.202023
229559ms,229559,230.299,0.202126
229591ms,229591,230.277,0.201926
229623ms,229623,230.260,0.201736
229671ms,229671,230.210,0.201555
229703ms,229703,230.293,0.201909
229735ms,229735,230.265,0.201862
229767ms,229767,230.313,0.201816
229799ms,229799,230.170,0.201721
229831ms,229831,230.175,0.201642
229863ms,229863,230.144,0.201592
229895ms,229895,230.277,0.201815
229927ms,229927,229.895,0.201774
229959ms,229959,229.465,0.204965
229991ms,229991,229.483,0.204608
230039ms,230039,229.996,0.202003
230071ms,230071,230.178,0.202117
230103ms,230103,229.635,0.201051
230167ms,230167,229.576,0.200966
230199ms,230199,229.352,0.200801
230231ms,230231,229.225,0.200495
230263ms,230263,229.164,0.200447
230295ms,230295,229.164,0.200145
230327ms,230327,229.168,0.200637
230359ms,230359,229.200,0.200387
230391ms,230391,229.270,0.200934
230439ms,230439,229.609,0.201820
230471ms,230471,229.353,0.200828
230503ms,230503,229.262,0.200644
230535ms,230535,229.190,0.200772
230567ms,230567,229.391,0.200968
230599ms,230599,229.365,0.200489
230631ms,230631,229.712,0.201526
230663ms,230663,229.565,0.201504
230695ms,230695,229.438,0.200976
230727ms,230727,229.192,0.201389
230759ms,230759,229.050,0.201483
230807ms,230807,228.686,0.200606
230839ms,230839,228.444,0.200376
230870ms,230870,228.390,0.200107
230902ms,230902,229.008,0.201106
230935ms,230935,229.473,0.201135
230967ms,230967,229.696,0.201531
230999ms,230999,230.144,0.201724
231031ms,231031,230.254,0.201773
231063ms,231063,230.337,0.202398
231095ms,231095,230.241,0.202204
231127ms,231127,230.286,0.201994
231174ms,231174,230.172,0.201916
231207ms,231207,230.203,0.201925
231239ms,231239,230.229,0.201916
231270ms,231270,230.200,0.201724
231302ms,231302,230.280,0.201836
231335ms,231335,230.141,0.201754
231367ms,231367,230.135,0.201485
231399ms,231399,230.129,0.201688
231431ms,231431,229.508,0.202162
231463ms,231463,229.386,0.205290
231495ms,231495,230.144,0.204173
231527ms,231527,230.102,0.202012
231574ms,231574,229.858,0.201123
231606ms,231606,229.872,0.202201
231638ms,231638,229.466,0.201719
231671ms,231671,229.425,0.200553
231703ms,231703,229.146,0.200737
231735ms,231735,229.417,0.200929
231767ms,231767,229.170,0.200686
231799ms,231799,229.095,0.199822
231831ms,231831,229.161,0.200287
231863ms,231863,229.304,0.200359
231895ms,231895,229.193,0.200599
231943ms,231943,229.413,0.200948
231974ms,231974,229.283,0.200319
232007ms,232007,229.003,0.200629
232038ms,232038,229.705,0.201326
232071ms,232071,229.567,0.201043
232103ms,232103,229.364,0.200884
232135ms,232135,229.621,0.201294
232167ms,232167,229.341,0.201075
232199ms,232199,229.474,0.200984
232263ms,232263,228.819,0.201123
232295ms,232295,228.558,0.200285
232374ms,232374,228.512,0.200295
232406ms,232406,229.140,0.201212
232438ms,232438,229.573,0.201965
232471ms,232471,229.834,0.201850
232502ms,232502,230.177,0.201872
232535ms,232535,230.228,0.202217
232567ms,232567,230.189,0.201578
232598ms,232598,230.148,0.201597
232630ms,232630,230.274,0.201395
232663ms,232663,230.272,0.201863
232710ms,232710,230.213,0.202020
232742ms,232742,230.236,0.202070
232774ms,232774,230.210,0.202029
232806ms,232806,230.297,0.202095
232839ms,232839,230.200,0.201838
232870ms,232870,230.372,0.202270
232902ms,232902,229.872,0.202062
232935ms,232935,229.375,0.204464
232966ms,232966,229.461,0.204503
232998ms,232998,230.060,0.202089
233031ms,233031,230.193,0.200860
233078ms,233078,229.839,0.201201
233110ms,233110,229.383,0.201937
233142ms,233142,229.589,0.201012
233174ms,233174,229.405,0.200970
233207ms,233207,229.169,0.200461
233239ms,233239,229.267,0.200943
233270ms,233270,229.330,0.199916
233302ms,233302,229.161,0.200369
233334ms,233334,229.318,0.200391
233366ms,233366,229.225,0.200690
233399ms,233399,229.505,0.201167
233431ms,233431,229.299,0.200718
233510ms,233510,229.467,0.200919
233542ms,233542,229.562,0.200911
233606ms,233606,229.675,0.200736
233638ms,233638,229.488,0.201021
233670ms,233670,229.381,0.200881
233702ms,233702,229.244,0.201140
233734ms,233734,229.007,0.201795
233766ms,233766,228.601,0.200652
233798ms,233798,228.465,0.200331
233846ms,233846,228.452,0.200267
233878ms,233878,229.092,0.201269
233910ms,233910,229.591,0.201021
233942ms,233942,229.831,0.201883
233974ms,233974,230.188,0.201554
234006ms,234006,230.272,0.201804
234038ms,234038,230.271,0.201814
234070ms,234070,230.235,0.202088
234102ms,234102,230.300,0.201884
234134ms,234134,230.161,0.201830
234166ms,234166,230.221,0.201988
234214ms,234214,230.254,0.201967
234246ms,234246,230.272,0.201749
234278ms,234278,230.299,0.202081
234310ms,234310,230.308,0.202116
234342ms,234342,230.171,0.201588
234374ms,234374,229.890,0.202333
234406ms,234406,229.178,0.203845
234438ms,234438,229.707,0.204473
234470ms,234470,229.907,0.202032
234502ms,234502,230.103,0.201378
234534ms,234534,229.806,0.201245
234566ms,234566,229.434,0.201730
234614ms,234614,229.482,0.200285
234646ms,234646,229.271,0.200899
234678ms,234678,229.212,0.200695
234710ms,234710,229.217,0.201177
234742ms,234742,229.102,0.200144
234774ms,234774,229.094,0.199963
234806ms,234806,229.295,0.200184
234870ms,234870,229.359,0.200750
234902ms,234902,229.114,0.200354
234934ms,234934,229.245,0.201005
234982ms,234982,229.613,0.201461
235014ms,235014,229.554,0.201040
235046ms,235046,229.231,0.200587
235078ms,235078,229.673,0.201247
235110ms,235110,229.551,0.201309
235142ms,235142,229.432,0.201314
235174ms,235174,229.239,0.201143
235206ms,235206,228.892,0.201502
235238ms,235238,228.660,0.200796
235270ms,235270,228.462,0.200223
235350ms,235350,229.051,0.201084
235382ms,235382,229.566,0.200976
235414ms,235414,229.878,0.201724
235446ms,235446,230.155,0.201678
235478ms,235478,230.222,0.202017
235542ms,235542,230.190,0.201844
235574ms,235574,230.330,0.201975
235606ms,235606,230.286,0.201830
235638ms,235638,230.125,0.201589
235670ms,235670,230.149,0.201692
235702ms,235702,230.273,0.201875
235782ms,235782,230.114,0.201595
235814ms,235814,230.136,0.201956
235846ms,235846,229.942,0.201852
235878ms,235878,229.404,0.202895
235910ms,235910,229.684,0.203862
235942ms,235942,230.203,0.202712
235974ms,235974,230.126,0.201676
236006ms,236006,229.816,0.201369
236038ms,236038,229.474,0.201211
236070ms,236070,229.685,0.200910
236118ms,236118,229.427,0.200951
236150ms,236150,229.200,0.200948
236182ms,236182,229.230,0.201193
236214ms,236214,229.292,0.200217
236246ms,236246,229.097,0.199911
236278ms,236278,229.245,0.200162
236310ms,236310,229.226,0.201028
236342ms,236342,229.531,0.201543
236374ms,236374,229.519,0.200916
236406ms,236406,229.313,0.201000
236438ms,236438,229.226,0.200481
236486ms,236486,229.475,0.200773
236518ms,236518,229.320,0.200541
236550ms,236550,229.704,0.201362
236582ms,236582,229.472,0.201520
236614ms,236614,229.425,0.200819
236646ms,236646,229.354,0.200945
236678ms,236678,228.961,0.201711
236710ms,236710,228.571,0.200741
236742ms,236742,228.310,0.199921
236774ms,236774,228.442,0.200280
236806ms,236806,229.071,0.201078
236838ms,236838,229.541,0.201376
236918ms,236918,230.347,0.202141
236950ms,236950,230.272,0.201771
236982ms,236982,230.132,0.201627
237014ms,237014,230.154,0.201717
237046ms,237046,230.223,0.201732
237078ms,237078,230.140,0.201836
237142ms,237142,230.277,0.201950
237174ms,237174,230.344,0.201969
237206ms,237206,230.266,0.201915
237254ms,237254,230.292,0.201742
237286ms,237286,230.111,0.201459
237318ms,237318,229.878,0.201870
237350ms,237350,229.284,0.203609
237382ms,237382,229.674,0.204977
237414ms,237414,230.005,0.202273
237446ms,237446,230.131,0.201451
237478ms,237478,229.621,0.201414
237510ms,237510,229.537,0.201508
237542ms,237542,229.466,0.201176
237574ms,237574,229.258,0.200649
237622ms,237622,229.182,0.200647
237654ms,237654,229.177,0.200500
237686ms,237686,229.032,0.200074
237718ms,237718,229.209,0.200234
237750ms,237750,229.311,0.200669
237814ms,237814,229.532,0.201563
237846ms,237846,229.460,0.201665
237878ms,237878,229.224,0.200572
237910ms,237910,229.085,0.200710
237942ms,237942,229.466,0.201238
237990ms,237990,229.391,0.200712
238022ms,238022,229.546,0.201107
238054ms,238054,229.486,0.201218
238086ms,238086,229.435,0.200928
238118ms,238118,229.286,0.200547
238150ms,238150,229.086,0.201732
238182ms,238182,228.706,0.201204
238214ms,238214,228.457,0.200202
238246ms,238246,228.422,0.200023
238278ms,238278,228.976,0.200604
238310ms,238310,229.393,0.201106
238342ms,238342,229.649,0.202064
238390ms,238390,230.121,0.201844
238422ms,238422,230.209,0.201908
238454ms,238454,230.232,0.202013
238486ms,238486,230.330,0.202148
238518ms,238518,230.268,0.201794
238550ms,238550,230.143,0.201861
238582ms,238582,230.106,0.201639
238614ms,238614,230.109,0.201677
238646ms,238646,230.145,0.201723
238678ms,238678,230.187,0.201895
238710ms,238710,230.367,0.201902
238758ms,238758,230.235,0.202033
238790ms,238790,230.056,0.201646
238822ms,238822,229.640,0.202797
238854ms,238854,229.596,0.204969
238886ms,238886,229.913,0.202658
238950ms,238950,229.796,0.201236
238982ms,238982,229.514,0.201713
239014ms,239014,229.594,0.201889
239046ms,239046,229.416,0.200724
239078ms,239078,229.263,0.200614
239110ms,239110,229.333,0.201286
239158ms,239158,229.261,0.200506
239190ms,239190,229.128,0.200649
239222ms,239222,229.202,0.200575
239254ms,239254,229.160,0.200444
239286ms,239286,229.424,0.200879
239318ms,239318,229.518,0.201796
239350ms,239350,229.342,0.200742
239382ms,239382,229.082,0.200526
239414ms,239414,229.374,0.200512
239446ms,239446,229.344,0.201272
239478ms,239478,229.401,0.200894
239526ms,239526,229.603,0.200955
239558ms,239558,229.419,0.200652
239590ms,239590,229.297,0.200980
239622ms,239622,229.109,0.201347
239654ms,239654,228.690,0.201442
239686ms,239686,228.489,0.200097
239718ms,239718,228.305,0.200141
239750ms,239750,228.764,0.200502
239782ms,239782,229.332,0.200836
239814ms,239814,229.572,0.201519
239846ms,239846,230.153,0.201901
239894ms,239894,230.302,0.202458
239926ms,239926,230.215,0.201770
239958ms,239958,230.174,0.202128
239990ms,239990,230.274,0.201966
240022ms,240022,230.247,0.201635
240086ms,240086,230.231,0.201924
240118ms,240118,230.214,0.201779
240150ms,240150,230.153,0.201749
240182ms,240182,230.217,0.201820
240214ms,240214,230.275,0.202127
240246ms,240246,229.960,0.201494
240326ms,240326,229.335,0.205274
240358ms,240358,229.929,0.203299
240390ms,240390,229.997,0.201925
240422ms,240422,230.048,0.201568
240454ms,240454,229.891,0.202116
240486ms,240486,229.479,0.201221
240518ms,240518,229.538,0.201042
240550ms,240550,229.165,0.200090
240582ms,240582,229.327,0.201668
240614ms,240614,229.096,0.200399
240662ms,240662,229.099,0.200521
240694ms,240694,229.200,0.200673
240726ms,240726,229.165,0.200119
240758ms,240758,229.263,0.200679
240790ms,240790,229.426,0.201360
240822ms,240822,229.332,0.200857
240854ms,240854,229.085,0.200459
240886ms,240886,229.471,0.200831
240918ms,240918,229.302,0.200766
240950ms,240950,229.483,0.201016
240982ms,240982,229.734,0.200358
241030ms,241030,229.544,0.201502
241062ms,241062,229.552,0.201420
241094ms,241094,229.162,0.201084
241126ms,241126,228.758,0.201854
241158ms,241158,228.475,0.200311
241190ms,241190,228.420,0.200227
241222ms,241222,228.686,0.201150
241254ms,241254,229.102,0.200789
241286ms,241286,229.561,0.201839
241318ms,241318,229.954,0.202308
241350ms,241350,230.077,0.201639
241382ms,241382,230.247,0.201831
241462ms,241462,230.229,0.201827
241494ms,241494,230.215,0.201752
241558ms,241558,230.238,0.201806
241590ms,241590,230.235,0.201928
241622ms,241622,230.172,0.201941
241654ms,241654,230.236,0.202090
241718ms,241718,230.241,0.201801
241750ms,241750,229.842,0.201935
241798ms,241798,229.412,0.204433
241830ms,241830,229.728,0.204451
241862ms,241862,230.033,0.201684
241894ms,241894,230.068,0.201676
241926ms,241926,229.839,0.201905
241958ms,241958,229.568,0.201114
241990ms,241990,229.616,0.201096
242022ms,242022,229.329,0.200831
242054ms,242054,229.102,0.200269
242086ms,242086,229.091,0.201181
242118ms,242118,229.181,0.200328
242166ms,242166,229.186,0.200553
242198ms,242198,229.372,0.200840
242230ms,242230,229.223,0.200407
242262ms,242262,229.355,0.200425
242294ms,242294,229.214,0.200012
242326ms,242326,229.263,0.200789
242358ms,242358,229.531,0.201659
242390ms,242390,229.553,0.200978
242422ms,242422,229.305,0.200585
242454ms,242454,229.621,0.201035
242486ms,242486,229.343,0.201243
242518ms,242518,229.382,0.201205
242566ms,242566,229.069,0.200604
242598ms,242598,228.962,0.201293
242630ms,242630,228.631,0.200614
242662ms,242662,228.408,0.200064
242694ms,242694,228.476,0.200236
242726ms,242726,229.057,0.201582
242758ms,242758,229.476,0.201079
242790ms,242790,229.876,0.201846
242822ms,242822,230.292,0.201809
242854ms,242854,230.203,0.201808
242886ms,242886,230.192,0.201743
242966ms,242966,230.260,0.201802
242998ms,242998,230.202,0.201679
243030ms,243030,230.157,0.201820
243062ms,243062,230.206,0.201647
243094ms,243094,230.205,0.201670
243126ms,243126,230.290,0.201584
243158ms,243158,230.133,0.201629
243190ms,243190,230.342,0.201559
243222ms,243222,230.071,0.202000
243254ms,243254,229.589,0.204199
243286ms,243286,229.751,0.204827
243334ms,243334,230.107,0.202079
243366ms,243366,230.113,0.201078
243398ms,243398,229.816,0.201500
243430ms,243430,229.323,0.201390
243462ms,243462,229.696,0.201857
243494ms,243494,229.340,0.200883
243526ms,243526,229.208,0.200713
243558ms,243558,229.224,0.201153
243590ms,243590,229.111,0.200107
243622ms,243622,229.235,0.199996
243654ms,243654,229.333,0.200849
243702ms,243702,229.261,0.201150
243734ms,243734,229.262,0.200520
243766ms,243766,229.228,0.199907
243798ms,243798,229.286,0.200620
243830ms,243830,229.349,0.201533
243862ms,243862,229.468,0.201102
243894ms,243894,229.371,0.200180
243926ms,243926,229.552,0.201697
243958ms,243958,229.606,0.201154
243990ms,243990,229.436,0.200989
244022ms,244022,229.390,0.201295
244070ms,244070,229.056,0.201939
244102ms,244102,228.563,0.200864
244134ms,244134,228.453,0.200156
244166ms,244166,228.524,0.200253
244198ms,244198,229.114,0.201265
244230ms,244230,229.485,0.201055
244262ms,244262,229.859,0.202046
244326ms,244326,230.237,0.202206
244358ms,244358,230.229,0.202188
244422ms,244422,230.230,0.201933
244470ms,244470,230.172,0.201967
244502ms,244502,230.227,0.201936
244534ms,244534,230.283,0.201735
244566ms,244566,230.255,0.202057
244598ms,244598,230.241,0.201675
244630ms,244630,230.194,0.201496
244662ms,244662,230.399,0.201803
244694ms,244694,229.904,0.201739
244758ms,244758,229.580,0.204045
244790ms,244790,230.185,0.201837
244838ms,244838,230.183,0.201302
244870ms,244870,229.776,0.201367
244902ms,244902,229.339,0.200981
244934ms,244934,229.743,0.201439
244966ms,244966,229.454,0.201258
244998ms,244998,229.244,0.201070
245030ms,245030,229.169,0.200970
245062ms,245062,229.243,0.200168
245094ms,245094,229.217,0.200348
245126ms,245126,229.303,0.200483
245158ms,245158,229.244,0.200615
245238ms,245238,229.337,0.200777
245270ms,245270,229.270,0.200173
245302ms,245302,229.306,0.200912
245334ms,245334,229.499,0.200729
245398ms,245398,229.620,0.200416
245430ms,245430,229.311,0.201302
245462ms,245462,229.401,0.200440
245494ms,245494,229.371,0.200461
245526ms,245526,229.009,0.201637
245574ms,245574,228.629,0.201174
245606ms,245606,228.431,0.200153
245638ms,245638,228.413,0.200084
245670ms,245670,229.019,0.201015
245702ms,245702,229.521,0.201642
245734ms,245734,229.862,0.201878
245766ms,245766,230.240,0.202137
245798ms,245798,230.212,0.202063
245830ms,245830,230.188,0.201706
245862ms,245862,230.273,0.202164
245894ms,245894,230.308,0.201910
245926ms,245926,230.126,0.201872
245974ms,245974,230.174,0.201840
246006ms,246006,230.194,0.201945
246038ms,246038,230.273,0.201617
246070ms,246070,230.259,0.201828
246102ms,246102,230.219,0.201720
246134ms,246134,230.253,0.202077
246166ms,246166,229.975,0.201565
246198ms,246198,229.391,0.201761
246230ms,246230,229.485,0.204747
246262ms,246262,230.090,0.202666
246294ms,246294,230.163,0.201930
246342ms,246342,229.901,0.201077
246374ms,246374,229.573,0.201440
246406ms,246406,229.606,0.201293
246438ms,246438,229.182,0.200602
246470ms,246470,229.135,0.200886
246502ms,246502,229.288,0.201120
246534ms,246534,229.197,0.200712
246566ms,246566,229.053,0.199895
246630ms,246630,229.057,0.200139
246662ms,246662,229.493,0.200974
246694ms,246694,229.510,0.201544
246742ms,246742,229.275,0.200247
246774ms,246774,229.095,0.200638
246806ms,246806,229.456,0.200822
246838ms,246838,229.238,0.201130
246870ms,246870,229.571,0.202457
246902ms,246902,229.609,0.200482
246934ms,246934,229.429,0.201001
246966ms,246966,229.376,0.201187
246998ms,246998,229.017,0.201133
247030ms,247030,228.720,0.200859
247110ms,247110,228.353,0.199729
247142ms,247142,228.890,0.200647
247174ms,247174,229.347,0.201269
247206ms,247206,229.690,0.201440
247270ms,247270,230.269,0.201762
247302ms,247302,230.215,0.201624
247334ms,247334,230.198,0.201969
247366ms,247366,230.201,0.201801
247398ms,247398,230.220,0.201668
247430ms,247430,230.176,0.201714
247478ms,247478,230.150,0.201232
247510ms,247510,230.370,0.201892
247542ms,247542,230.292,0.201667
247574ms,247574,230.375,0.201807
247606ms,247606,230.211,0.201843
247638ms,247638,229.931,0.201553
247670ms,247670,229.630,0.202883
247702ms,247702,229.384,0.205226
247766ms,247766,230.097,0.201981
247798ms,247798,229.762,0.201563
247846ms,247846,229.538,0.201805
247878ms,247878,229.248,0.200890
247910ms,247910,229.362,0.200646
247942ms,247942,229.165,0.200301
247974ms,247974,229.328,0.201261
248006ms,248006,229.145,0.200332
248038ms,248038,229.150,0.200548
248070ms,248070,229.147,0.200522
248102ms,248102,229.132,0.200055
248134ms,248134,229.428,0.200729
248166ms,248166,229.577,0.200881
248198ms,248198,229.272,0.200632
248246ms,248246,229.133,0.200786
248278ms,248278,229.401,0.200304
248310ms,248310,229.312,0.200745
248342ms,248342,229.302,0.201024
248374ms,248374,229.524,0.201136
248406ms,248406,229.528,0.200976
248438ms,248438,229.342,0.201008
248470ms,248470,229.181,0.201434
248502ms,248502,228.758,0.201410
248534ms,248534,228.448,0.200139
248566ms,248566,228.399,0.199800
248614ms,248614,228.699,0.200504
248646ms,248646,229.276,0.200969
248678ms,248678,229.569,0.201778
248710ms,248710,230.186,0.201689
248742ms,248742,230.261,0.202081
248774ms,248774,230.332,0.202123
248806ms,248806,230.207,0.202128
248838ms,248838,230.266,0.202173
248902ms,248902,230.325,0.201840
248934ms,248934,230.262,0.201917
248966ms,248966,230.260,0.201907
249014ms,249014,230.095,0.202007
249014ms,249014,230.095,0.202007
249046ms,249046,230.194,0.201797
249046ms,249046,230.194,0.201797
249078ms,249078,230.172,0.202155
249078ms,249078,230.172,0.202155
249110ms,249110,230.091,0.201616
249110ms,249110,230.091,0.201616
249142ms,249142,229.699,0.202220
249142ms,249142,229.699,0.202220
249174ms,249174,229.537,0.205297
249206ms,249206,229.853,0.202883
249238ms,249238,230.012,0.201826
249270ms,249270,229.988,0.201491
249302ms,249302,229.860,0.201938
249334ms,249334,229.485,0.201388
249382ms,249382,229.237,0.200500
249414ms,249414,229.228,0.200541
249446ms,249446,229.379,0.201002
249478ms,249478,229.210,0.200672
249510ms,249510,229.113,0.199996
249542ms,249542,229.266,0.200517
249574ms,249574,229.247,0.201329
249606ms,249606,229.521,0.200802
249638ms,249638,229.429,0.200996
249670ms,249670,229.248,0.200060
249702ms,249702,229.104,0.200252
249750ms,249750,229.339,0.200538
249782ms,249782,229.436,0.200924
249814ms,249814,229.333,0.201156
249846ms,249846,229.614,0.201180
249878ms,249878,229.485,0.201297
249942ms,249942,229.211,0.201047
249974ms,249974,228.793,0.201073
250006ms,250006,228.389,0.200018
250038ms,250038,228.334,0.200171
250070ms,250070,228.622,0.200530
250102ms,250102,229.283,0.201063
250150ms,250150,229.630,0.201906
250182ms,250182,230.167,0.202001
250214ms,250214,230.225,0.201774
250246ms,250246,230.245,0.202135
250278ms,250278,230.282,0.201829
250310ms,250310,230.170,0.202183
250342ms,250342,230.198,0.201701
250374ms,250374,230.181,0.201763
250406ms,250406,230.192,0.202094
250438ms,250438,230.260,0.202330
250470ms,250470,230.188,0.201606
250518ms,250518,230.349,0.202033
250550ms,250550,230.318,0.201996
250582ms,250582,229.916,0.201279
250614ms,250614,229.571,0.202276
250646ms,250646,229.402,0.204929
250678ms,250678,230.043,0.203738
250710ms,250710,229.986,0.201482
250742ms,250742,229.694,0.201384
250774ms,250774,229.508,0.201752
250806ms,250806,229.273,0.201281
250838ms,250838,229.297,0.200500
250886ms,250886,229.165,0.200440
250918ms,250918,229.314,0.201666
250950ms,250950,229.157,0.200432
250982ms,250982,229.136,0.200080
251014ms,251014,229.197,0.200591
251046ms,251046,229.304,0.200713
251078ms,251078,229.313,0.200699
251110ms,251110,229.502,0.200513
251142ms,251142,229.301,0.200789
251174ms,251174,228.993,0.200607
251206ms,251206,229.486,0.200927
251254ms,251254,229.354,0.201159
251286ms,251286,229.682,0.201600
251318ms,251318,229.592,0.200793
251350ms,251350,229.476,0.200850
251382ms,251382,229.410,0.201106
251414ms,251414,229.088,0.201515
251446ms,251446,228.900,0.201202
251478ms,251478,228.645,0.200275
251510ms,251510,228.501,0.200059
251542ms,251542,228.703,0.200325
251574ms,251574,229.159,0.200997
251654ms,251654,230.268,0.202135
251686ms,251686,230.257,0.202049
251718ms,251718,230.273,0.201569
251750ms,251750,230.266,0.201931
251782ms,251782,230.261,0.201808
251814ms,251814,230.236,0.202052
251878ms,251878,230.251,0.201861
251910ms,251910,230.197,0.201972
251942ms,251942,230.274,0.201975
251974ms,251974,230.193,0.201889
252022ms,252022,230.182,0.201603
252054ms,252054,230.043,0.201576
252086ms,252086,229.674,0.202019
252118ms,252118,229.323,0.204867
252150ms,252150,230.149,0.203355
252182ms,252182,230.053,0.201589
252214ms,252214,229.954,0.201657
252246ms,252246,229.836,0.201762
252278ms,252278,229.362,0.201415
252310ms,252310,229.462,0.200469
252342ms,252342,229.291,0.200437
252390ms,252390,229.254,0.201252
252422ms,252422,229.143,0.199970
252454ms,252454,229.185,0.200093
252486ms,252486,229.179,0.200143
252518ms,252518,229.300,0.200967
252550ms,252550,229.335,0.200834
252582ms,252582,229.516,0.200947
252614ms,252614,229.304,0.200897
252646ms,252646,229.093,0.200810
252678ms,252678,229.473,0.201423
252742ms,252742,229.404,0.200483
252790ms,252790,229.650,0.200654
252822ms,252822,229.345,0.201425
252854ms,252854,229.405,0.201098
252886ms,252886,229.130,0.201225
252918ms,252918,228.768,0.201330
252950ms,252950,228.390,0.200505
252982ms,252982,228.422,0.200353
253014ms,253014,228.594,0.200448
253046ms,253046,229.088,0.200877
253078ms,253078,229.523,0.202018
253110ms,253110,230.034,0.201688
253158ms,253158,230.277,0.202223
253222ms,253222,230.314,0.202124
253254ms,253254,230.171,0.202111
253286ms,253286,230.187,0.202122
253318ms,253318,230.299,0.202023
253350ms,253350,230.183,0.201716
253382ms,253382,230.203,0.201820
253414ms,253414,230.211,0.201747
253446ms,253446,230.224,0.201771
253478ms,253478,230.090,0.201957
253526ms,253526,230.190,0.201478
253558ms,253558,229.720,0.202035
253622ms,253622,230.045,0.204719
253654ms,253654,229.905,0.201521
253686ms,253686,230.353,0.201959
253718ms,253718,229.887,0.201853
253750ms,253750,229.553,0.201152
253782ms,253782,229.564,0.201205
253814ms,253814,229.266,0.200680
253846ms,253846,229.215,0.201062
253894ms,253894,229.083,0.201018
253926ms,253926,229.227,0.199803
253958ms,253958,229.139,0.200741
253990ms,253990,229.330,0.200923
254022ms,254022,229.195,0.200462
254054ms,254054,229.459,0.201115
254086ms,254086,229.250,0.200539
254118ms,254118,229.203,0.200798
254150ms,254150,229.515,0.201490
254182ms,254182,229.526,0.201184
254214ms,254214,229.386,0.201172
254246ms,254246,229.658,0.200556
254294ms,254294,229.412,0.201318
254326ms,254326,229.322,0.200783
254358ms,254358,229.161,0.201081
254390ms,254390,228.878,0.201441
254422ms,254422,228.506,0.200354
254454ms,254454,228.505,0.200173
254486ms,254486,228.594,0.200209
254518ms,254518,229.207,0.201512
254550ms,254550,229.573,0.201080
254582ms,254582,229.820,0.201786
254614ms,254614,230.246,0.201627
254662ms,254662,230.294,0.201981
254694ms,254694,230.192,0.201615
254726ms,254726,230.198,0.201744
254758ms,254758,230.252,0.201876
254790ms,254790,230.258,0.201929
254822ms,254822,230.184,0.201785
254854ms,254854,230.221,0.201690
254886ms,254886,230.225,0.201507
254918ms,254918,230.313,0.202117
254950ms,254950,230.307,0.202300
254982ms,254982,229.987,0.201469
255062ms,255062,229.382,0.203589
255094ms,255094,229.554,0.204401
255126ms,255126,230.117,0.201754
255158ms,255158,230.113,0.201207
255190ms,255190,229.755,0.201409
255222ms,255222,229.538,0.201376
255254ms,255254,229.493,0.201196
255286ms,255286,229.259,0.201443
255318ms,255318,229.214,0.200734
255350ms,255350,229.214,0.201202
255382ms,255382,229.108,0.199840
255430ms,255430,229.168,0.200332
255462ms,255462,229.290,0.200303
255494ms,255494,229.278,0.201117
255526ms,255526,229.421,0.200761
255558ms,255558,229.260,0.200054
255590ms,255590,229.244,0.200645
255622ms,255622,229.341,0.200702
255654ms,255654,229.475,0.201018
255686ms,255686,229.314,0.200841
255718ms,255718,229.591,0.200712
255798ms,255798,229.458,0.200859
255830ms,255830,229.259,0.200791
255862ms,255862,228.915,0.201351
255894ms,255894,228.517,0.200884
255926ms,255926,228.349,0.199790
255958ms,255958,228.458,0.200158
255990ms,255990,228.960,0.201263
256054ms,256054,229.711,0.202052
256086ms,256086,230.281,0.201738
256118ms,256118,230.255,0.201709
256150ms,256150,230.111,0.201652
256198ms,256198,230.184,0.201588
256230ms,256230,230.203,0.201583
256262ms,256262,230.191,0.201833
256294ms,256294,230.190,0.201768
256326ms,256326,230.224,0.201965
256358ms,256358,230.174,0.201689
256390ms,256390,230.225,0.201804
256422ms,256422,230.134,0.201670
256454ms,256454,230.167,0.201519
256486ms,256486,229.967,0.201854
256518ms,256518,229.495,0.202712
256565ms,256565,229.704,0.205445
256598ms,256598,230.166,0.204189
256661ms,256661,229.792,0.201114
256694ms,256694,229.491,0.201122
256726ms,256726,229.600,0.201335
256758ms,256758,229.188,0.200182
256790ms,256790,229.204,0.200395
256822ms,256822,229.381,0.201606
256853ms,256853,229.171,0.200521
256886ms,256886,229.019,0.199956
256933ms,256933,229.233,0.201270
256966ms,256966,229.202,0.200405
256998ms,256998,229.327,0.200696
257029ms,257029,229.410,0.201050
257062ms,257062,229.363,0.200418
257094ms,257094,229.165,0.200842
257126ms,257126,229.381,0.200773
257158ms,257158,229.339,0.200840
257190ms,257190,229.397,0.200800
257222ms,257222,229.621,0.200620
257254ms,257254,229.514,0.201070
257286ms,257286,229.354,0.201370
257333ms,257333,229.108,0.201376
257365ms,257365,228.684,0.201097
257397ms,257397,228.417,0.200073
257430ms,257430,228.432,0.200074
257462ms,257462,229.036,0.200690
257494ms,257494,229.412,0.201007
257526ms,257526,229.856,0.201844
257558ms,257558,230.301,0.202068
257590ms,257590,230.328,0.201466
257622ms,257622,230.283,0.201971
257654ms,257654,230.242,0.201357
257701ms,257701,230.304,0.201726
257734ms,257734,230.155,0.201799
257766ms,257766,230.100,0.201584
257798ms,257798,230.271,0.202026
257830ms,257830,230.213,0.202121
257862ms,257862,230.270,0.202118
257893ms,257893,230.182,0.201597
257926ms,257926,230.251,0.201637
257989ms,257989,229.485,0.202056
258022ms,258022,229.480,0.205155
258054ms,258054,230.001,0.203694
258101ms,258101,229.952,0.202006
258134ms,258134,229.699,0.201273
258165ms,258165,229.377,0.201324
258198ms,258198,229.579,0.201606
258230ms,258230,229.213,0.200436
258294ms,258294,229.189,0.200491
258326ms,258326,229.229,0.200551
258358ms,258358,229.099,0.199976
258390ms,258390,229.253,0.200678
258422ms,258422,229.190,0.200666
258469ms,258469,229.412,0.200832
258501ms,258501,229.455,0.201301
258533ms,258533,229.365,0.200405
258565ms,258565,229.036,0.200469
258598ms,258598,229.397,0.201073
258629ms,258629,229.373,0.200987
258661ms,258661,229.471,0.201174
258694ms,258694,229.614,0.201371
258725ms,258725,229.255,0.200720
258757ms,258757,229.353,0.200964
258790ms,258790,229.169,0.201342
258837ms,258837,228.687,0.200959
258869ms,258869,228.515,0.200165
258901ms,258901,228.294,0.199767
258933ms,258933,228.967,0.200638
258966ms,258966,229.406,0.201207
258998ms,258998,229.625,0.201969
259029ms,259029,230.250,0.201958
259062ms,259062,230.230,0.201626
259094ms,259094,230.152,0.201778
259125ms,259125,230.243,0.201676
259157ms,259157,230.277,0.201894
259189ms,259189,230.270,0.202023
259269ms,259269,230.151,0.201789
259301ms,259301,230.199,0.201894
259333ms,259333,230.186,0.201654
259365ms,259365,230.182,0.201757
259397ms,259397,230.312,0.202076
259430ms,259430,230.126,0.201583
259462ms,259462,229.687,0.202192
259493ms,259493,229.470,0.204242
259526ms,259526,230.205,0.203911
259558ms,259558,229.986,0.201845
259605ms,259605,229.815,0.201214
259637ms,259637,229.887,0.202050
259669ms,259669,229.593,0.201387
259701ms,259701,229.424,0.200674
259733ms,259733,229.191,0.200523
259765ms,259765,229.298,0.201496
259797ms,259797,229.133,0.200272
259829ms,259829,229.077,0.200058
259861ms,259861,229.215,0.200706
259893ms,259893,229.298,0.200490
259925ms,259925,229.346,0.201090
259973ms,259973,229.415,0.201553
260005ms,260005,229.262,0.200787
260037ms,260037,229.061,0.200667
260069ms,260069,229.467,0.200913
260101ms,260101,229.336,0.200905
260133ms,260133,229.403,0.201245
260165ms,260165,229.666,0.200931
260197ms,260197,229.329,0.201086
260229ms,260229,229.531,0.200776
260261ms,260261,229.211,0.201236
260293ms,260293,228.837,0.201107
260325ms,260325,228.476,0.200546
260373ms,260373,228.424,0.200367
260405ms,260405,228.648,0.200447
260437ms,260437,229.018,0.200901
260469ms,260469,229.604,0.201856
260501ms,260501,229.909,0.202631
260533ms,260533,230.236,0.202069
260565ms,260565,230.217,0.201597
260597ms,260597,230.155,0.201873
260629ms,260629,230.326,0.201942
260661ms,260661,230.256,0.201791
260693ms,260693,230.293,0.201890
260773ms,260773,230.349,0.202114
260805ms,260805,230.131,0.201647
260837ms,260837,230.236,0.202009
260869ms,260869,230.250,0.201778
260901ms,260901,230.087,0.201584
260933ms,260933,229.639,0.201851
260965ms,260965,229.366,0.205171
260997ms,260997,229.808,0.203782
261061ms,261061,230.064,0.201508
261109ms,261109,229.810,0.202814
261141ms,261141,229.472,0.201432
261173ms,261173,229.595,0.200404
261205ms,261205,229.215,0.200810
261237ms,261237,229.375,0.201303
261269ms,261269,229.139,0.200883
261301ms,261301,229.132,0.200261
261333ms,261333,229.146,0.200645
261365ms,261365,229.300,0.200198
261397ms,261397,229.417,0.200759
261429ms,261429,229.462,0.201523
261461ms,261461,229.360,0.200626
261509ms,261509,229.061,0.200113
261541ms,261541,229.449,0.200830
261573ms,261573,229.306,0.201039
261605ms,261605,229.485,0.200513
261637ms,261637,229.663,0.200883
261669ms,261669,229.270,0.201080
261701ms,261701,229.549,0.201005
261733ms,261733,229.231,0.201726
261765ms,261765,228.755,0.201208
261797ms,261797,228.503,0.200453
261829ms,261829,228.382,0.200281
261877ms,261877,228.641,0.200214
261909ms,261909,229.082,0.200808
261941ms,261941,229.458,0.201249
261973ms,261973,229.897,0.201888
262037ms,262037,230.320,0.202211
262069ms,262069,230.108,0.201570
262101ms,262101,230.200,0.201653
262133ms,262133,230.183,0.201947
262165ms,262165,230.174,0.201907
262197ms,262197,230.198,0.201825
262245ms,262245,230.185,0.201857
262277ms,262277,230.232,0.202041
262309ms,262309,230.154,0.201750
262341ms,262341,230.289,0.201678
262373ms,262373,230.252,0.201486
262405ms,262405,229.692,0.202145
262437ms,262437,229.294,0.204630
262501ms,262501,229.994,0.201968
262533ms,262533,230.087,0.201551
262565ms,262565,229.815,0.201940
262613ms,262613,229.213,0.201277
262677ms,262677,229.296,0.201819
262709ms,262709,229.255,0.201137
262741ms,262741,229.086,0.201073
262773ms,262773,229.113,0.200534
262805ms,262805,229.102,0.200630
262837ms,262837,229.359,0.200848
262869ms,262869,229.253,0.200809
262901ms,262901,229.306,0.200327
262933ms,262933,229.337,0.200285
262965ms,262965,229.245,0.200518
263013ms,263013,229.647,0.201725
263045ms,263045,229.474,0.201326
263077ms,263077,229.307,0.201114
263109ms,263109,229.610,0.200696
263141ms,263141,229.427,0.201105
263173ms,263173,229.385,0.200952
263205ms,263205,229.175,0.200973
263237ms,263237,228.827,0.201734
263269ms,263269,228.483,0.200632
263301ms,263301,228.394,0.200338
263333ms,263333,228.541,0.200313
263381ms,263381,229.093,0.201268
263413ms,263413,229.538,0.202075
263445ms,263445,229.939,0.201757
263477ms,263477,230.227,0.201589
263509ms,263509,230.351,0.201872
263541ms,263541,230.195,0.201656
263573ms,263573,230.194,0.201886
263605ms,263605,230.277,0.202053
263637ms,263637,230.256,0.202120
263701ms,263701,230.369,0.202227
263749ms,263749,230.173,0.201874
263781ms,263781,230.114,0.201747
263813ms,263813,230.155,0.201739
263845ms,263845,230.244,0.201793
263877ms,263877,229.632,0.201894
263909ms,263909,229.564,0.203439
263941ms,263941,229.677,0.205730
263973ms,263973,230.108,0.202196
264005ms,264005,230.209,0.201388
264037ms,264037,229.730,0.201371
264069ms,264069,229.500,0.201397
264101ms,264101,229.707,0.202095
264149ms,264149,229.449,0.201099
264181ms,264181,229.218,0.201375
264213ms,264213,229.264,0.200852
264245ms,264245,229.201,0.200830
264277ms,264277,229.202,0.200695
264309ms,264309,229.238,0.200691
264341ms,264341,229.207,0.201011
264373ms,264373,229.287,0.200472
264405ms,264405,229.318,0.200459
264437ms,264437,229.320,0.200602
264469ms,264469,229.414,0.200749
264517ms,264517,229.520,0.201102
264549ms,264549,229.353,0.200199
264581ms,264581,229.667,0.201378
264613ms,264613,229.523,0.201566
264645ms,264645,229.467,0.200734
264677ms,264677,229.360,0.201105
264709ms,264709,228.871,0.201317
264741ms,264741,228.586,0.200875
264773ms,264773,228.459,0.200196
264805ms,264805,228.525,0.200099
264837ms,264837,228.907,0.201111
264917ms,264917,229.819,0.202029
264949ms,264949,230.288,0.201918
264981ms,264981,230.326,0.202123
265013ms,265013,230.220,0.201587
265045ms,265045,230.184,0.201717
265077ms,265077,230.298,0.202201
265109ms,265109,230.229,0.202191
265141ms,265141,230.258,0.201978
265173ms,265173,230.167,0.201947
265205ms,265205,230.159,0.201939
265237ms,265237,230.243,0.202119
265285ms,265285,230.287,0.201847
265317ms,265317,230.281,0.202056
265349ms,265349,229.948,0.202095
265381ms,265381,229.312,0.203281
265445ms,265445,230.149,0.203379
265477ms,265477,230.044,0.201403
265541ms,265541,229.341,0.201054
265573ms,265573,229.706,0.201559
265605ms,265605,229.330,0.200580
265653ms,265653,229.285,0.200598
265685ms,265685,229.266,0.201298
265717ms,265717,229.122,0.201020
265749ms,265749,229.113,0.199794
265781ms,265781,229.223,0.200599
265813ms,265813,229.305,0.201025
265845ms,265845,229.508,0.201163
265877ms,265877,229.500,0.201293
265909ms,265909,229.203,0.200473
265941ms,265941,229.195,0.200268
265973ms,265973,229.437,0.200672
266005ms,266005,229.371,0.200938
266053ms,266053,229.635,0.201037
266117ms,266117,229.455,0.201347
266149ms,266149,229.295,0.201000
266181ms,266181,229.051,0.201579
266213ms,266213,228.624,0.200980
266245ms,266245,228.319,0.200002
266277ms,266277,228.513,0.200162
266309ms,266309,228.899,0.200961
266341ms,266341,229.474,0.201506
266373ms,266373,229.810,0.202345
266421ms,266421,230.233,0.201776
266453ms,266453,230.279,0.201791
266485ms,266485,230.272,0.201764
266517ms,266517,230.174,0.201749
266549ms,266549,230.227,0.201860
266581ms,266581,230.163,0.201862
266613ms,266613,230.217,0.201950
266645ms,266645,230.243,0.201830
266709ms,266709,230.188,0.201684
266741ms,266741,230.172,0.201794
266789ms,266789,230.212,0.201387
266821ms,266821,230.088,0.201605
266853ms,266853,229.598,0.202902
266885ms,266885,229.334,0.205112
266917ms,266917,230.171,0.202977
266949ms,266949,230.031,0.201143
266981ms,266981,229.740,0.201438
267013ms,267013,229.489,0.201237
267045ms,267045,229.383,0.200573
267077ms,267077,229.165,0.200048
267109ms,267109,229.243,0.200698
267141ms,267141,229.380,0.201259
267189ms,267189,229.177,0.200147
267221ms,267221,229.098,0.200110
267253ms,267253,229.133,0.200798
267285ms,267285,229.168,0.200433
267317ms,267317,229.317,0.200657
267349ms,267349,229.576,0.200693
267381ms,267381,229.321,0.200586
267413ms,267413,229.034,0.200776
267445ms,267445,229.459,0.200502
267477ms,267477,229.252,0.201055
267509ms,267509,229.279,0.201283
267557ms,267557,229.678,0.200792
267589ms,267589,229.317,0.200538
267621ms,267621,229.398,0.200912
267653ms,267653,229.028,0.201791
267685ms,267685,228.720,0.201164
267717ms,267717,228.404,0.200080
267749ms,267749,228.373,0.200210
267781ms,267781,228.790,0.200399
267813ms,267813,229.335,0.200769
267845ms,267845,229.626,0.201952
267877ms,267877,230.281,0.201651
267909ms,267909,230.325,0.202191
267957ms,267957,230.223,0.201912
267989ms,267989,230.244,0.201855
268021ms,268021,230.313,0.202001
268149ms,268149,230.334,0.201890
268213ms,268213,230.223,0.201926
268245ms,268245,230.214,0.202026
268325ms,268325,229.560,0.202442
268357ms,268357,229.291,0.205276
268389ms,268389,229.874,0.202625
268421ms,268421,230.022,0.202088
268453ms,268453,229.610,0.201329
268485ms,268485,229.426,0.201327
268517ms,268517,229.402,0.201584
268549ms,268549,229.300,0.200298
268581ms,268581,229.183,0.200369
268613ms,268613,229.274,0.201109
268645ms,268645,229.168,0.200103
268693ms,268693,229.156,0.200038
268725ms,268725,229.227,0.200665
268757ms,268757,229.187,0.200156
268789ms,268789,229.459,0.200625
268821ms,268821,229.477,0.200446
268885ms,268885,229.178,0.200655
268917ms,268917,229.438,0.200875
268949ms,268949,229.314,0.201335
268981ms,268981,229.491,0.200655
269013ms,269013,229.592,0.201228
269061ms,269061,229.347,0.201168
269125ms,269125,229.161,0.201527
269157ms,269157,228.698,0.200884
269189ms,269189,228.445,0.200523
269221ms,269221,228.438,0.200366
269253ms,269253,228.733,0.200456
269285ms,269285,229.056,0.200754
269317ms,269317,229.618,0.201437
269349ms,269349,229.961,0.201727
269381ms,269381,230.257,0.201872
269413ms,269413,230.221,0.202095
269461ms,269461,230.281,0.202169
269493ms,269493,230.227,0.202076
269525ms,269525,230.199,0.201859
269557ms,269557,230.273,0.202126
269589ms,269589,230.260,0.202059
269621ms,269621,230.223,0.201993
269653ms,269653,230.249,0.201963
269685ms,269685,230.282,0.201962
269749ms,269749,230.187,0.201844
269781ms,269781,229.653,0.201692
269829ms,269829,229.461,0.204405
269861ms,269861,229.824,0.203806
269893ms,269893,230.008,0.201747
269925ms,269925,230.245,0.201867
269957ms,269957,229.821,0.202015
269989ms,269989,229.497,0.201779
270021ms,270021,229.554,0.200741
270053ms,270053,229.238,0.200825
270085ms,270085,229.122,0.200314
270117ms,270117,229.060,0.200797
270149ms,270149,229.112,0.200511
270197ms,270197,229.095,0.200725
270229ms,270229,229.322,0.200846
270261ms,270261,229.108,0.200363
270293ms,270293,229.458,0.200997
270325ms,270325,229.310,0.200776
270357ms,270357,229.162,0.200847
270389ms,270389,229.438,0.201265
270421ms,270421,229.544,0.201568
270453ms,270453,229.269,0.200922
270485ms,270485,229.587,0.200286
270517ms,270517,229.346,0.201120
270549ms,270549,229.400,0.200956
270597ms,270597,229.134,0.201175
270629ms,270629,228.810,0.201367
270661ms,270661,228.563,0.200232
270693ms,270693,228.393,0.200371
270725ms,270725,228.532,0.200133
270757ms,270757,229.013,0.200853
270789ms,270789,229.608,0.201091
270821ms,270821,229.788,0.201895
270853ms,270853,230.313,0.201872
270885ms,270885,230.310,0.201924
270917ms,270917,230.263,0.201939
270997ms,270997,230.223,0.201989
271029ms,271029,230.156,0.201962
271061ms,271061,230.207,0.201759
271093ms,271093,230.230,0.202136
271125ms,271125,230.238,0.201848
271157ms,271157,230.291,0.201921
271189ms,271189,230.243,0.201907
271221ms,271221,230.350,0.201903
271253ms,271253,229.824,0.201665
271285ms,271285,229.424,0.203859
271317ms,271317,229.760,0.205165
271365ms,271365,230.062,0.201836
271397ms,271397,230.197,0.201075
271429ms,271429,229.825,0.201698
271461ms,271461,229.316,0.201610
271493ms,271493,229.469,0.201153
271525ms,271525,229.340,0.201512
271557ms,271557,229.202,0.200332
271589ms,271589,229.173,0.200914
271621ms,271621,229.132,0.199900
271653ms,271653,229.183,0.200552
271685ms,271685,229.201,0.200716
271733ms,271733,229.269,0.200688
271765ms,271765,229.321,0.200642
271797ms,271797,229.323,0.200997
271829ms,271829,229.345,0.201078
271861ms,271861,229.621,0.201604
271893ms,271893,229.622,0.201063
271925ms,271925,229.408,0.201042
271957ms,271957,229.718,0.201220
271989ms,271989,229.408,0.201352
272021ms,272021,229.504,0.200825
272053ms,272053,229.307,0.201058
272101ms,272101,228.944,0.201879
272133ms,272133,228.522,0.200259
272165ms,272165,228.433,0.199968
272197ms,272197,228.601,0.200295
272229ms,272229,229.098,0.201198
272261ms,272261,229.467,0.201434
272293ms,272293,229.890,0.201966
272357ms,272357,230.260,0.202042
272389ms,272389,230.174,0.201749
272421ms,272421,230.216,0.201914
272453ms,272453,230.218,0.202188
272501ms,272501,230.167,0.201911
272533ms,272533,230.216,0.201986
272565ms,272565,230.137,0.201575
272597ms,272597,230.240,0.201788
272629ms,272629,230.246,0.201972
272661ms,272661,230.110,0.201400
272693ms,272693,230.254,0.201494
272725ms,272725,229.837,0.201909
272757ms,272757,229.451,0.204819
272789ms,272789,229.699,0.204177
272821ms,272821,229.959,0.201723
272869ms,272869,230.215,0.201330
272901ms,272901,229.572,0.201463
272933ms,272933,229.478,0.201706
272965ms,272965,229.563,0.200606
272997ms,272997,229.308,0.201238
273061ms,273061,229.173,0.201548
273093ms,273093,229.156,0.200079
273125ms,273125,229.177,0.200482
273157ms,273157,229.444,0.200154
273189ms,273189,229.230,0.200746
273237ms,273237,229.407,0.200419
273269ms,273269,229.370,0.200618
273301ms,273301,229.309,0.200774
273333ms,273333,229.733,0.201682
273365ms,273365,229.542,0.201005
273397ms,273397,229.285,0.200349
273429ms,273429,229.631,0.200484
273461ms,273461,229.571,0.201391
273493ms,273493,229.346,0.201201
273525ms,273525,229.256,0.201321
273557ms,273557,228.839,0.201327
273589ms,273589,228.663,0.200938
273637ms,273637,228.447,0.200253
273669ms,273669,228.598,0.200152
273701ms,273701,229.009,0.201167
273765ms,273765,229.797,0.202050
273797ms,273797,230.152,0.201790
273829ms,273829,230.320,0.202186
273861ms,273861,230.191,0.201755
273925ms,273925,230.184,0.201992
273973ms,273973,230.171,0.202050
274005ms,274005,230.150,0.202113
274037ms,274037,230.238,0.202052
274069ms,274069,230.180,0.202035
274101ms,274101,230.299,0.201672
274133ms,274133,230.309,0.201900
274165ms,274165,230.183,0.201651
274197ms,274197,229.718,0.201609
274229ms,274229,229.448,0.203178
274261ms,274261,229.643,0.204828
274293ms,274293,230.147,0.202312
274325ms,274325,230.080,0.201595
274373ms,274373,229.729,0.201579
274405ms,274405,229.443,0.201516
274437ms,274437,229.514,0.200766
274469ms,274469,229.307,0.201199
274501ms,274501,229.161,0.201048
274533ms,274533,229.244,0.200892
274565ms,274565,229.237,0.200171
274597ms,274597,229.136,0.200711
274629ms,274629,229.296,0.200245
274661ms,274661,229.174,0.200683
274693ms,274693,229.411,0.200707
274741ms,274741,229.431,0.200810
274773ms,274773,229.236,0.200721
274805ms,274805,229.202,0.200440
274837ms,274837,229.480,0.200750
274869ms,274869,229.361,0.199971
274901ms,274901,229.551,0.201195
274933ms,274933,229.506,0.201520
274965ms,274965,229.447,0.200647
274997ms,274997,229.367,0.201395
275029ms,275029,228.874,0.201504
275061ms,275061,228.602,0.200725
275109ms,275109,228.309,0.199674
275141ms,275141,228.448,0.200184
275173ms,275173,228.964,0.201344
275205ms,275205,229.499,0.201702
275269ms,275269,230.271,0.202015
275301ms,275301,230.240,0.202056
275333ms,275333,230.132,0.201797
275365ms,275365,230.171,0.201913
275397ms,275397,230.149,0.201791
275429ms,275429,230.118,0.201604
275461ms,275461,230.066,0.201750
275509ms,275509,230.104,0.201681
275541ms,275541,230.178,0.201808
275573ms,275573,230.237,0.202059
275605ms,275605,230.324,0.201749
275637ms,275637,230.162,0.201590
275669ms,275669,229.862,0.201201
275701ms,275701,229.291,0.202644
275733ms,275733,229.615,0.206461
275765ms,275765,230.071,0.202756
275797ms,275797,230.165,0.201230
275829ms,275829,229.746,0.201271
275877ms,275877,229.458,0.200808
275909ms,275909,229.668,0.201657
275941ms,275941,229.433,0.201200
275973ms,275973,229.293,0.201439
276005ms,276005,229.310,0.201248
276037ms,276037,229.128,0.201087
276069ms,276069,229.196,0.200619
276101ms,276101,229.151,0.200531
276133ms,276133,229.223,0.200700
276165ms,276165,229.517,0.201082
276197ms,276197,229.478,0.201664
276245ms,276245,229.253,0.200833
276277ms,276277,229.242,0.200714
276309ms,276309,229.426,0.200816
276341ms,276341,229.191,0.200540
276373ms,276373,229.445,0.201386
276405ms,276405,229.494,0.201726
276437ms,276437,229.442,0.201168
276501ms,276501,229.173,0.201758
276533ms,276533,228.673,0.201145
276565ms,276565,228.381,0.200106
276597ms,276597,228.282,0.199877
276645ms,276645,228.930,0.201133
276677ms,276677,229.417,0.201063
276741ms,276741,230.200,0.201825
276773ms,276773,230.297,0.202038
276805ms,276805,230.136,0.201702
276837ms,276837,230.169,0.201654
276869ms,276869,230.176,0.201689
276933ms,276933,230.219,0.201944
276965ms,276965,230.207,0.201883
277013ms,277013,230.111,0.201638
277045ms,277045,230.163,0.201911
277077ms,277077,230.241,0.201818
277109ms,277109,230.298,0.201968
277141ms,277141,229.977,0.201509
277173ms,277173,229.464,0.202480
277205ms,277205,229.668,0.205395
277237ms,277237,230.126,0.203249
277269ms,277269,230.151,0.201668
277301ms,277301,229.590,0.201567
277333ms,277333,229.517,0.200843
277413ms,277413,229.321,0.201094
277445ms,277445,229.302,0.200863
277477ms,277477,229.276,0.201351
277509ms,277509,229.181,0.200327
277541ms,277541,229.189,0.199934
277573ms,277573,229.241,0.200781
277605ms,277605,229.220,0.200421
277637ms,277637,229.368,0.200637
277669ms,277669,229.471,0.200083
277701ms,277701,229.273,0.200381
277733ms,277733,229.071,0.200437
277781ms,277781,229.396,0.200574
277813ms,277813,229.353,0.200880
277845ms,277845,229.420,0.200904
277877ms,277877,229.622,0.201334
277909ms,277909,229.371,0.201139
277941ms,277941,229.315,0.200762
277973ms,277973,229.110,0.201429
278005ms,278005,228.706,0.200837
278037ms,278037,228.428,0.200207
278069ms,278069,228.411,0.199984
278101ms,278101,228.944,0.201054
278149ms,278149,229.385,0.201440
278181ms,278181,229.564,0.202019
278213ms,278213,230.210,0.201825
278245ms,278245,230.266,0.202015
278277ms,278277,230.277,0.201992
278309ms,278309,230.231,0.201820
278341ms,278341,230.225,0.201838
278373ms,278373,230.217,0.201768
278405ms,278405,230.234,0.202088
278437ms,278437,230.150,0.201620
278469ms,278469,230.129,0.201444
278517ms,278517,230.109,0.201829
278549ms,278549,230.298,0.201919
278581ms,278581,230.281,0.201888
278613ms,278613,230.020,0.201589
278645ms,278645,229.674,0.202086
278709ms,278709,229.941,0.202829
278741ms,278741,230.050,0.201898
278773ms,278773,229.865,0.201005
278805ms,278805,229.627,0.202387
278837ms,278837,229.347,0.201595
278869ms,278869,229.331,0.200233
278949ms,278949,229.287,0.201092
278981ms,278981,229.166,0.200837
279013ms,279013,229.130,0.200869
279045ms,279045,229.105,0.200555
279077ms,279077,229.322,0.200433
279141ms,279141,229.539,0.200487
279173ms,279173,229.320,0.200793
279205ms,279205,228.961,0.200450
279237ms,279237,229.481,0.200581
279285ms,279285,229.288,0.200882
279317ms,279317,229.314,0.200200
279349ms,279349,229.604,0.200887
279381ms,279381,229.513,0.200824
279413ms,279413,229.397,0.201222
279445ms,279445,229.155,0.201051
279477ms,279477,228.783,0.201003
279509ms,279509,228.401,0.200047
279541ms,279541,228.412,0.200051
279573ms,279573,228.808,0.200499
279605ms,279605,229.288,0.200691
279653ms,279653,229.504,0.201507
279685ms,279685,229.986,0.201564
279717ms,279717,230.353,0.202434
279749ms,279749,230.302,0.202001
279781ms,279781,230.212,0.201948
279813ms,279813,230.221,0.201995
279845ms,279845,230.085,0.201579
279877ms,279877,230.133,0.201743
279909ms,279909,230.210,0.201947
279941ms,279941,230.324,0.202054
279973ms,279973,230.255,0.201877
280005ms,280005,230.293,0.202054
280053ms,280053,230.294,0.202140
280085ms,280085,230.082,0.201858
280117ms,280117,229.650,0.202099
280149ms,280149,229.646,0.205957
280181ms,280181,229.803,0.204000
280213ms,280213,229.812,0.201695
280245ms,280245,229.875,0.201407
280277ms,280277,229.621,0.201975
280309ms,280309,229.356,0.201169
280341ms,280341,229.273,0.200174
280373ms,280373,229.173,0.200554
280421ms,280421,229.340,0.201101
280453ms,280453,229.091,0.200279
280485ms,280485,229.156,0.199853
280517ms,280517,229.165,0.200665
280549ms,280549,229.155,0.200028
280581ms,280581,229.274,0.200322
280613ms,280613,229.419,0.200601
280645ms,280645,229.302,0.200915
280677ms,280677,229.117,0.200132
280709ms,280709,229.416,0.200455
280821ms,280821,229.641,0.201067
280853ms,280853,229.182,0.200957
280885ms,280885,229.373,0.201127
280917ms,280917,229.223,0.201665
280949ms,280949,228.487,0.200825
280981ms,280981,228.476,0.200298
281013ms,281013,228.384,0.199910
281045ms,281045,228.829,0.200847
281077ms,281077,229.271,0.200819
281141ms,281141,230.202,0.201995
281189ms,281189,230.150,0.201810
281221ms,281221,230.172,0.201990
281253ms,281253,230.217,0.201841
281285ms,281285,230.219,0.201942
281317ms,281317,230.337,0.202205
281381ms,281381,230.151,0.201827
281413ms,281413,230.234,0.201799
281445ms,281445,230.242,0.202028
281477ms,281477,230.114,0.201867
281509ms,281509,230.143,0.201854
281557ms,281557,229.961,0.201576
281589ms,281589,229.649,0.202642
281621ms,281621,229.212,0.205615
281653ms,281653,230.022,0.203730
281685ms,281685,230.030,0.201564
281717ms,281717,229.831,0.201449
281749ms,281749,229.864,0.202392
281781ms,281781,229.428,0.201145
281813ms,281813,229.446,0.201074
281845ms,281845,229.241,0.200583
281877ms,281877,229.331,0.201340
281909ms,281909,229.111,0.201161
281957ms,281957,229.130,0.200013
281989ms,281989,229.170,0.200276
282021ms,282021,229.174,0.200148
282053ms,282053,229.323,0.200613
282085ms,282085,229.493,0.200873
282117ms,282117,229.260,0.200753
282149ms,282149,229.106,0.200927
282181ms,282181,229.495,0.201065
282213ms,282213,229.152,0.200644
282245ms,282245,229.339,0.200266
282277ms,282277,229.615,0.200662
282325ms,282325,229.427,0.201071
282357ms,282357,229.305,0.201051
282389ms,282389,229.153,0.201806
282421ms,282421,228.732,0.201241
282453ms,282453,228.565,0.200472
282485ms,282485,228.372,0.199655
282517ms,282517,228.621,0.200501
282580ms,282580,229.549,0.201247
282613ms,282613,229.874,0.201803
282692ms,282692,230.168,0.202072
282725ms,282725,230.147,0.201737
282788ms,282788,230.257,0.201693
282821ms,282821,230.289,0.201871
282853ms,282853,230.183,0.201899
282885ms,282885,230.243,0.202017
282917ms,282917,230.216,0.202038
282949ms,282949,230.298,0.201829
282981ms,282981,230.279,0.201818
283013ms,283013,230.110,0.201780
283045ms,283045,229.502,0.201708
283093ms,283093,229.472,0.205180
283124ms,283124,229.906,0.203970
283156ms,283156,230.013,0.201101
283189ms,283189,230.097,0.201863
283221ms,283221,229.870,0.202736
283253ms,283253,229.481,0.201726
283285ms,283285,229.507,0.200849
283317ms,283317,229.307,0.200136
283349ms,283349,229.178,0.200357
283381ms,283381,229.091,0.200833
283413ms,283413,229.120,0.199969
283461ms,283461,229.111,0.200584
283493ms,283493,229.263,0.200268
283524ms,283524,229.282,0.200873
283556ms,283556,229.416,0.201226
283589ms,283589,229.353,0.201017
283621ms,283621,229.085,0.200522
283653ms,283653,229.463,0.201189
283685ms,283685,229.311,0.201173
283717ms,283717,229.325,0.200925
283749ms,283749,229.642,0.200405
283781ms,283781,229.319,0.200880
283828ms,283828,229.597,0.200733
283861ms,283861,229.097,0.201272
283893ms,283893,228.743,0.201309
283924ms,283924,228.423,0.200652
283956ms,283956,228.426,0.200317
283989ms,283989,228.643,0.200600
284021ms,284021,229.080,0.200866
284085ms,284085,229.666,0.201420
284117ms,284117,230.155,0.201663
284149ms,284149,230.146,0.201964
284181ms,284181,230.153,0.201520
284228ms,284228,230.250,0.202226
284260ms,284260,230.208,0.201912
284324ms,284324,230.294,0.202007
284357ms,284357,230.238,0.201896
284388ms,284388,230.068,0.201498
284420ms,284420,230.167,0.201656
284453ms,284453,230.203,0.202004
284516ms,284516,229.690,0.202136
284549ms,284549,229.576,0.205641
284596ms,284596,229.956,0.204517
284628ms,284628,229.867,0.201421
284660ms,284660,230.025,0.201066
284692ms,284692,229.909,0.202124
284725ms,284725,229.485,0.201566
284756ms,284756,229.463,0.201092
284788ms,284788,229.398,0.200435
284821ms,284821,229.204,0.201056
284852ms,284852,229.078,0.200436
284884ms,284884,229.109,0.200145
284917ms,284917,229.100,0.200627
284996ms,284996,229.252,0.200949
285028ms,285028,229.389,0.201036
285060ms,285060,229.267,0.200810
285093ms,285093,229.157,0.200463
285156ms,285156,229.477,0.201142
285189ms,285189,229.381,0.200733
285220ms,285220,229.642,0.200572
285252ms,285252,229.400,0.201093
285284ms,285284,229.352,0.200937
285316ms,285316,229.109,0.201172
285396ms,285396,228.464,0.200738
285428ms,285428,228.425,0.199885
285460ms,285460,228.558,0.200540
285492ms,285492,228.994,0.201096
285524ms,285524,229.524,0.201866
285556ms,285556,229.771,0.201881
285588ms,285588,230.202,0.201462
285620ms,285620,230.201,0.201824
285653ms,285653,230.138,0.201982
285684ms,285684,230.194,0.201789
285732ms,285732,230.261,0.201900
285764ms,285764,230.178,0.201909
285796ms,285796,230.218,0.202028
285828ms,285828,230.249,0.202061
285860ms,285860,230.196,0.201683
285892ms,285892,230.200,0.201688
285924ms,285924,230.227,0.201684
285956ms,285956,230.219,0.201841
285988ms,285988,229.962,0.201710
286020ms,286020,229.533,0.202989
286052ms,286052,229.715,0.203891
286100ms,286100,230.286,0.202153
286132ms,286132,230.045,0.201699
286164ms,286164,229.716,0.201380
286196ms,286196,229.545,0.200832
286228ms,286228,229.695,0.202196
286260ms,286260,229.164,0.200836
286292ms,286292,229.270,0.200778
286324ms,286324,229.351,0.201464
286356ms,286356,229.185,0.200942
286388ms,286388,229.139,0.200899
286420ms,286420,229.209,0.200300
286453ms,286453,229.221,0.200990
286501ms,286501,229.487,0.201923
286532ms,286532,229.435,0.200801
286564ms,286564,229.255,0.200294
286596ms,286596,229.137,0.200732
286628ms,286628,229.525,0.200847
286660ms,286660,229.395,0.200278
286692ms,286692,229.533,0.201487
286724ms,286724,229.416,0.201472
286756ms,286756,229.405,0.200862
286788ms,286788,229.341,0.200826
286820ms,286820,228.974,0.201435
286868ms,286868,228.661,0.200955
286900ms,286900,228.548,0.200508
286964ms,286964,228.979,0.201436
286996ms,286996,229.458,0.200818
287028ms,287028,229.771,0.202405
287060ms,287060,230.121,0.201881
287092ms,287092,230.221,0.202315
287124ms,287124,230.117,0.201642
287156ms,287156,230.245,0.201876
287188ms,287188,230.264,0.201926
287220ms,287220,230.241,0.201963
287268ms,287268,230.220,0.201969
287332ms,287332,230.155,0.201658
287364ms,287364,230.261,0.202116
287364ms,287364,230.261,0.202116
287396ms,287396,230.236,0.201817
287396ms,287396,230.236,0.201817
287428ms,287428,230.181,0.201972
287428ms,287428,230.181,0.201972
287460ms,287460,229.879,0.201723
287460ms,287460,229.879,0.201723
287492ms,287492,229.365,0.203875
287492ms,287492,229.365,0.203875
287524ms,287524,229.590,0.205155
287556ms,287556,230.054,0.202649
287588ms,287588,230.099,0.201180
287636ms,287636,229.784,0.201420
287668ms,287668,229.382,0.201477
287700ms,287700,229.683,0.201276
287732ms,287732,229.421,0.200990
287764ms,287764,229.225,0.200644
287796ms,287796,229.338,0.200830
287828ms,287828,229.082,0.199925
287860ms,287860,229.082,0.200169
287892ms,287892,229.287,0.200272
287924ms,287924,229.174,0.200616
287956ms,287956,229.595,0.201656
288004ms,288004,229.444,0.200840
288036ms,288036,229.284,0.200675
288068ms,288068,229.193,0.200772
288100ms,288100,229.504,0.201055
288132ms,288132,229.332,0.200246
288164ms,288164,229.501,0.201305
288196ms,288196,229.405,0.201645
288228ms,288228,229.499,0.200696
288292ms,288292,229.068,0.201344
288324ms,288324,228.863,0.201040
288372ms,288372,228.425,0.200242
288404ms,288404,228.559,0.200331
288436ms,288436,228.943,0.201225
288468ms,288468,229.536,0.200934
288500ms,288500,229.798,0.202013
288532ms,288532,230.225,0.201774
288564ms,288564,230.212,0.202036
288596ms,288596,230.116,0.201599
288628ms,288628,230.219,0.201829
288660ms,288660,230.206,0.201787
288692ms,288692,230.167,0.201784
288724ms,288724,230.182,0.201816
288772ms,288772,230.184,0.201852
288804ms,288804,230.231,0.201987
288836ms,288836,230.209,0.202122
288868ms,288868,230.164,0.202046
288900ms,288900,230.239,0.202016
288932ms,288932,229.863,0.201738
288964ms,288964,229.467,0.203298
288996ms,288996,229.552,0.204678
289028ms,289028,230.192,0.203211
289060ms,289060,230.135,0.201485
289092ms,289092,229.754,0.201121
289140ms,289140,229.319,0.201121
289172ms,289172,229.702,0.202505
289204ms,289204,229.363,0.200956
289236ms,289236,229.249,0.200514
289268ms,289268,229.292,0.201412
289300ms,289300,229.249,0.200443
289332ms,289332,229.242,0.200289
289364ms,289364,229.274,0.200322
289396ms,289396,229.265,0.200767
289428ms,289428,229.424,0.201371
289460ms,289460,229.504,0.200807
289540ms,289540,229.123,0.200332
289572ms,289572,229.396,0.200852
289604ms,289604,229.360,0.200130
289636ms,289636,229.501,0.201417
289668ms,289668,229.567,0.200956
289700ms,289700,229.374,0.201050
289732ms,289732,229.388,0.201040
289764ms,289764,229.040,0.201524
289796ms,289796,228.659,0.201212
289828ms,289828,228.519,0.200132
289860ms,289860,228.427,0.199912
289908ms,289908,228.647,0.200341
289940ms,289940,229.410,0.200683
290004ms,290004,230.150,0.201566
290036ms,290036,230.202,0.201853
290068ms,290068,230.152,0.201879
290100ms,290100,230.160,0.201467
290132ms,290132,230.168,0.201807
290164ms,290164,230.208,0.201937
290196ms,290196,230.203,0.201693
290228ms,290228,230.205,0.201788
290276ms,290276,230.216,0.201950
290308ms,290308,230.194,0.201851
290340ms,290340,230.199,0.201992
290372ms,290372,230.163,0.201944
290404ms,290404,230.000,0.201532
290436ms,290436,229.551,0.202680
290468ms,290468,229.292,0.205156
290500ms,290500,229.942,0.203777
290532ms,290532,229.944,0.201464
290564ms,290564,229.710,0.201075
290596ms,290596,229.673,0.201646
290628ms,290628,229.558,0.201646
290676ms,290676,229.268,0.200699
290708ms,290708,229.162,0.201022
290740ms,290740,229.187,0.200501
290772ms,290772,229.239,0.200009
290804ms,290804,229.103,0.199723
290836ms,290836,229.196,0.200174
290868ms,290868,229.206,0.199804
290900ms,290900,229.429,0.200765
290964ms,290964,229.350,0.200727
290996ms,290996,228.994,0.200720
291044ms,291044,229.479,0.200294
291076ms,291076,229.146,0.200746
291108ms,291108,229.343,0.200231
291140ms,291140,229.585,0.201007
291172ms,291172,229.396,0.200783
291204ms,291204,229.440,0.200847
291236ms,291236,229.155,0.201327
291268ms,291268,228.799,0.201247
291300ms,291300,228.484,0.200341
291332ms,291332,228.479,0.200340
291364ms,291364,228.763,0.200577
291412ms,291412,229.195,0.200731
291444ms,291444,229.505,0.201404
291476ms,291476,230.032,0.201899
291508ms,291508,230.224,0.201733
291540ms,291540,230.213,0.201741
291572ms,291572,230.288,0.201633
291604ms,291604,230.364,0.202083
291636ms,291636,230.247,0.201607
291668ms,291668,230.326,0.201874
291700ms,291700,230.193,0.201868
291732ms,291732,230.230,0.201692
291764ms,291764,230.291,0.201898
291812ms,291812,230.277,0.202129
291844ms,291844,230.289,0.202069
291876ms,291876,230.090,0.201704
291908ms,291908,229.269,0.202438
291940ms,291940,229.387,0.204820
291972ms,291972,229.760,0.203580
292004ms,292004,230.044,0.201377
292036ms,292036,229.829,0.201400
292068ms,292068,229.752,0.202328
292100ms,292100,229.295,0.200944
292132ms,292132,229.192,0.200619
292212ms,292212,229.328,0.201058
292244ms,292244,229.141,0.200243
292276ms,292276,229.138,0.200269
292308ms,292308,229.275,0.200549
292340ms,292340,229.177,0.199848
292372ms,292372,229.347,0.201110
292404ms,292404,229.659,0.200942
292436ms,292436,229.364,0.201001
292468ms,292468,229.124,0.200874
292500ms,292500,229.426,0.200490
292548ms,292548,229.314,0.201414
292580ms,292580,229.243,0.200839
292612ms,292612,229.626,0.200928
292644ms,292644,229.324,0.200772
292676ms,292676,229.430,0.200845
292708ms,292708,229.114,0.201417
292740ms,292740,228.740,0.201180
292772ms,292772,228.565,0.200250
292804ms,292804,228.447,0.200328
292836ms,292836,228.715,0.200182
292868ms,292868,229.295,0.200768
292948ms,292948,230.122,0.201772
292980ms,292980,230.303,0.201753
293012ms,293012,230.269,0.202015
293044ms,293044,230.217,0.201839
293076ms,293076,230.190,0.201830
293108ms,293108,230.139,0.201630
293140ms,293140,230.250,0.201933
293172ms,293172,230.141,0.201597
293236ms,293236,230.215,0.201652
293268ms,293268,230.314,0.201983
293316ms,293316,230.270,0.202227
293348ms,293348,229.901,0.201589
293380ms,293380,229.697,0.202409
293412ms,293412,229.556,0.205630
293444ms,293444,230.056,0.203622
293476ms,293476,230.045,0.201940
293508ms,293508,230.133,0.202071
293540ms,293540,229.823,0.202184
293572ms,293572,229.508,0.201513
293604ms,293604,229.467,0.201221
293636ms,293636,229.115,0.200173
293684ms,293684,229.248,0.201659
293716ms,293716,229.141,0.200015
293748ms,293748,229.119,0.200250
293780ms,293780,229.155,0.200301
293812ms,293812,229.231,0.200098
293844ms,293844,229.327,0.200229
293876ms,293876,229.498,0.200976
293908ms,293908,229.236,0.200724
293940ms,293940,229.126,0.200371
293972ms,293972,229.455,0.201173
294004ms,294004,229.314,0.200685
294036ms,294036,229.209,0.200583
294084ms,294084,229.488,0.201032
294116ms,294116,229.149,0.200473
294148ms,294148,229.358,0.201384
294180ms,294180,228.810,0.201548
294212ms,294212,228.765,0.201149
294244ms,294244,228.495,0.200246
294276ms,294276,228.421,0.200201
294308ms,294308,228.602,0.200911
294340ms,294340,229.066,0.200913
294372ms,294372,229.496,0.201758
294404ms,294404,229.964,0.201794
294452ms,294452,230.285,0.201771
294484ms,294484,230.309,0.202178
294516ms,294516,230.220,0.201891
294548ms,294548,230.243,0.201647
294580ms,294580,230.221,0.201756
294612ms,294612,230.219,0.201662
294644ms,294644,230.171,0.201514
294676ms,294676,230.240,0.201988
294708ms,294708,230.234,0.201786
294740ms,294740,230.251,0.201972
294772ms,294772,230.157,0.201714
294804ms,294804,230.105,0.201934
294852ms,294852,229.779,0.202005
294884ms,294884,229.479,0.204926
294916ms,294916,229.877,0.204501
294948ms,294948,229.903,0.201918
295012ms,295012,229.759,0.201945
295044ms,295044,229.484,0.201430
295076ms,295076,229.648,0.201293
295108ms,295108,229.328,0.200664
295140ms,295140,229.224,0.200975
295172ms,295172,229.191,0.200172
295220ms,295220,229.116,0.199892
295252ms,295252,229.229,0.200114
295284ms,295284,229.301,0.200766
295316ms,295316,229.347,0.200595
295348ms,295348,229.376,0.201034
295380ms,295380,229.224,0.200307
295412ms,295412,229.159,0.200543
295444ms,295444,229.488,0.201073
295476ms,295476,229.615,0.201345
295508ms,295508,229.328,0.200539
295540ms,295540,229.592,0.200602
295588ms,295588,229.474,0.200954
295620ms,295620,229.374,0.201029
295652ms,295652,229.136,0.200753
295716ms,295716,228.500,0.200200
295748ms,295748,228.482,0.200397
295780ms,295780,228.496,0.200144
295812ms,295812,229.038,0.200972
295844ms,295844,229.551,0.201374
295876ms,295876,229.817,0.201948
295908ms,295908,230.203,0.201463
295940ms,295940,230.335,0.202073
295988ms,295988,230.270,0.202248
296020ms,296020,230.185,0.201740
296052ms,296052,230.179,0.201620
296084ms,296084,230.224,0.202088
296116ms,296116,230.228,0.201741
296148ms,296148,230.171,0.201728
296180ms,296180,230.144,0.201795
296212ms,296212,230.147,0.201707
296244ms,296244,230.157,0.201869
296276ms,296276,230.191,0.202116
296308ms,296308,229.902,0.201587
296356ms,296356,229.486,0.204263
296388ms,296388,229.525,0.204904
296420ms,296420,230.010,0.202249
296452ms,296452,230.123,0.201039
296484ms,296484,229.669,0.200932
296516ms,296516,229.387,0.202029
296548ms,296548,229.550,0.201050
296580ms,296580,229.394,0.201078
296612ms,296612,229.218,0.201312
296676ms,296676,229.075,0.199923
296724ms,296724,229.178,0.200249
296756ms,296756,229.277,0.200510
296788ms,296788,229.193,0.200385
296820ms,296820,229.427,0.200811
296852ms,296852,229.392,0.200938
296884ms,296884,229.290,0.200626
296916ms,296916,229.331,0.201256
296948ms,296948,229.482,0.200968
296980ms,296980,229.420,0.200864
297012ms,297012,229.557,0.201157
297044ms,297044,229.312,0.201048
297092ms,297092,229.395,0.200841
297124ms,297124,229.221,0.201305
297156ms,297156,228.939,0.201363
297188ms,297188,228.598,0.200932
297220ms,297220,228.419,0.200308
297284ms,297284,229.058,0.201438
297316ms,297316,229.495,0.201138
297348ms,297348,229.782,0.201962
297380ms,297380,230.179,0.201807
297412ms,297412,230.205,0.201958
297444ms,297444,229.987,0.201483
297492ms,297492,230.125,0.201726
297524ms,297524,230.127,0.201672
297556ms,297556,230.160,0.201808
297588ms,297588,230.111,0.201620
297620ms,297620,230.154,0.201890
297652ms,297652,230.165,0.201690
297684ms,297684,230.240,0.201743
297716ms,297716,230.162,0.201743
297748ms,297748,230.172,0.201966
297780ms,297780,229.912,0.201632
297812ms,297812,229.459,0.202982
297860ms,297860,229.522,0.203584
297892ms,297892,230.112,0.202457
297924ms,297924,230.053,0.201595
297956ms,297956,229.761,0.201233
297988ms,297988,229.560,0.201563
298020ms,298020,229.513,0.201480
298052ms,298052,229.337,0.201002
298116ms,298116,229.331,0.201605
298148ms,298148,229.120,0.200554
298180ms,298180,229.206,0.200929
298228ms,298228,229.324,0.200459
298260ms,298260,229.212,0.201131
298292ms,298292,229.394,0.201201
298324ms,298324,229.383,0.200360
298356ms,298356,229.382,0.200311
298388ms,298388,229.105,0.200937
298420ms,298420,229.475,0.201052
298452ms,298452,229.433,0.200561
298484ms,298484,229.544,0.200772
298516ms,298516,229.563,0.201295
298548ms,298548,229.367,0.201115
298596ms,298596,229.370,0.200711
298628ms,298628,229.072,0.201374
298660ms,298660,228.684,0.201028
298692ms,298692,228.438,0.199959
298724ms,298724,228.324,0.200032
298756ms,298756,228.865,0.200706
298788ms,298788,229.429,0.201117
298820ms,298820,229.487,0.201640
298852ms,298852,230.154,0.201616
298884ms,298884,230.180,0.202231
298916ms,298916,230.194,0.201958
298948ms,298948,230.207,0.201885
298996ms,298996,230.116,0.201804
299028ms,299028,230.262,0.201967
299060ms,299060,230.286,0.201988
299092ms,299092,230.265,0.202285
299124ms,299124,230.177,0.201727
299156ms,299156,230.273,0.202008
299188ms,299188,230.184,0.201732
299220ms,299220,230.135,0.201697
299252ms,299252,229.936,0.201443
299284ms,299284,229.503,0.201724
299364ms,299364,230.073,0.203024
299396ms,299396,229.942,0.202186
299428ms,299428,229.763,0.201407
299460ms,299460,229.438,0.201014
299492ms,299492,229.572,0.201635
299524ms,299524,229.188,0.200172
299588ms,299588,229.412,0.201505
299620ms,299620,229.117,0.200277
299652ms,299652,229.221,0.200543
299684ms,299684,229.117,0.200095
299732ms,299732,229.224,0.200191
299764ms,299764,229.526,0.201332
299796ms,299796,229.450,0.201106
299828ms,299828,229.309,0.200604
299860ms,299860,229.130,0.200691
299892ms,299892,229.464,0.201249
299924ms,299924,229.139,0.200591
299988ms,299988,229.461,0.201259
300020ms,300020,229.364,0.200994
300052ms,300052,229.429,0.200784
300100ms,300100,229.020,0.201545
300132ms,300132,228.574,0.200973
300164ms,300164,228.373,0.199813
300196ms,300196,228.334,0.199632
300228ms,300228,228.998,0.201120
300260ms,300260,229.472,0.201177
300292ms,300292,229.773,0.201739
300324ms,300324,230.275,0.201860
300356ms,300356,230.264,0.202167
300388ms,300388,230.069,0.201676
300420ms,300420,230.111,0.201553
300452ms,300452,230.106,0.201523
300500ms,300500,230.204,0.201818
300532ms,300532,230.132,0.201690
300564ms,300564,230.239,0.201988
300596ms,300596,230.168,0.201825
300628ms,300628,230.203,0.201825
300660ms,300660,230.280,0.201959
300692ms,300692,230.372,0.201870
300724ms,300724,229.848,0.201917
300756ms,300756,229.345,0.203575
300788ms,300788,229.557,0.204703
300820ms,300820,230.018,0.202466
300868ms,300868,230.045,0.201256
300900ms,300900,229.701,0.201399
300932ms,300932,229.413,0.201249
300964ms,300964,229.501,0.201603
300996ms,300996,229.323,0.200923
301028ms,301028,229.170,0.200624
301060ms,301060,229.295,0.201147
301092ms,301092,229.178,0.199797
301124ms,301124,229.025,0.200170
301156ms,301156,229.288,0.200166
301220ms,301220,229.300,0.200640
301268ms,301268,229.377,0.200817
301300ms,301300,229.307,0.200531
301332ms,301332,229.144,0.200852
301364ms,301364,229.467,0.200835
301396ms,301396,229.309,0.200315
301428ms,301428,229.467,0.201063
301460ms,301460,229.431,0.200917
301492ms,301492,229.516,0.201311
301524ms,301524,229.289,0.200951
301556ms,301556,229.027,0.201555
301588ms,301588,228.627,0.200927
301636ms,301636,228.401,0.200132
301668ms,301668,228.430,0.200162
301700ms,301700,228.810,0.201133
301732ms,301732,229.424,0.201349
301764ms,301764,229.749,0.201705
301796ms,301796,230.283,0.201719
301828ms,301828,230.265,0.201840
301860ms,301860,230.262,0.202017
301892ms,301892,230.241,0.201795
301924ms,301924,230.165,0.201680
301956ms,301956,230.177,0.201713
302004ms,302004,230.164,0.201887
302036ms,302036,230.144,0.201759
302068ms,302068,230.223,0.202076
302100ms,302100,230.187,0.201709
302132ms,302132,230.337,0.201985
302164ms,302164,230.177,0.201974
302196ms,302196,230.082,0.201823
302228ms,302228,229.506,0.202890
302260ms,302260,229.577,0.204883
302292ms,302292,230.198,0.203407
302324ms,302324,230.101,0.201230
302356ms,302356,229.901,0.200961
302404ms,302404,229.465,0.200935
302436ms,302436,229.713,0.201659
302468ms,302468,229.348,0.200898
302500ms,302500,229.331,0.200620
302532ms,302532,229.339,0.201022
302564ms,302564,229.076,0.200012
302596ms,302596,229.079,0.200065
302628ms,302628,229.263,0.200422
302724ms,302724,229.479,0.200690
302772ms,302772,229.235,0.200685
302804ms,302804,229.169,0.200998
302836ms,302836,229.460,0.200984
302868ms,302868,229.401,0.200265
302900ms,302900,229.533,0.200819
302964ms,302964,229.484,0.201049
302996ms,302996,229.282,0.200659
303028ms,303028,229.169,0.201935
303060ms,303060,228.707,0.200801
303092ms,303092,228.433,0.199857
303140ms,303140,228.382,0.200093
303172ms,303172,228.905,0.200970
303204ms,303204,229.343,0.201629
303236ms,303236,229.725,0.202131
303268ms,303268,230.209,0.201771
303300ms,303300,230.248,0.201880
303332ms,303332,230.166,0.201980
303364ms,303364,230.186,0.201815
303396ms,303396,230.211,0.201972
303428ms,303428,230.174,0.201853
303460ms,303460,230.280,0.202009
303492ms,303492,230.143,0.201588
303572ms,303572,230.123,0.201503
303604ms,303604,230.246,0.201645
303636ms,303636,230.232,0.201862
303668ms,303668,229.711,0.201457
303732ms,303732,229.570,0.204520
303764ms,303764,230.097,0.203615
303796ms,303796,230.121,0.201819
303828ms,303828,229.687,0.201343
303860ms,303860,229.415,0.201224
303908ms,303908,229.353,0.201396
303940ms,303940,229.338,0.200724
303972ms,303972,229.248,0.200797
304004ms,304004,229.288,0.201182
304036ms,304036,229.257,0.200996
304068ms,304068,229.235,0.200511
304100ms,304100,229.272,0.200671
304132ms,304132,229.205,0.200613
304164ms,304164,229.495,0.200756
304196ms,304196,229.559,0.200982
304228ms,304228,229.316,0.200443
304276ms,304276,229.057,0.200844
304308ms,304308,229.436,0.200578
304340ms,304340,229.232,0.201271
304372ms,304372,229.402,0.200709
304404ms,304404,229.512,0.201003
304436ms,304436,229.416,0.201631
304468ms,304468,229.370,0.200980
304532ms,304532,228.710,0.201415
304564ms,304564,228.363,0.200048
304596ms,304596,228.234,0.199983
304644ms,304644,228.850,0.200513
304676ms,304676,229.272,0.200964
304708ms,304708,229.595,0.201979
304740ms,304740,229.982,0.202123
304772ms,304772,230.268,0.202088
304804ms,304804,230.181,0.201818
304836ms,304836,230.209,0.201894
304868ms,304868,230.160,0.201956
304900ms,304900,230.196,0.202178
304932ms,304932,230.228,0.201822
304964ms,304964,230.187,0.201999
304996ms,304996,230.124,0.201561
305044ms,305044,230.203,0.202211
305076ms,305076,230.174,0.201801
305108ms,305108,230.253,0.201807
305140ms,305140,230.033,0.201690
305172ms,305172,229.640,0.201583
305236ms,305236,229.884,0.203227
305268ms,305268,229.811,0.201411
305300ms,305300,229.945,0.202059
305332ms,305332,229.864,0.202414
305364ms,305364,229.489,0.201550
305412ms,305412,229.556,0.200249
305444ms,305444,229.210,0.200809
305476ms,305476,229.172,0.200869
305508ms,305508,229.249,0.201078
305540ms,305540,229.085,0.200370
305572ms,305572,229.123,0.201132
305604ms,305604,229.225,0.200957
305636ms,305636,229.206,0.200649
305668ms,305668,229.460,0.201455
305700ms,305700,229.276,0.200631
305732ms,305732,229.080,0.200031
305764ms,305764,229.482,0.201020
305812ms,305812,229.401,0.200904
305844ms,305844,229.326,0.201018
305876ms,305876,229.721,0.200435
305908ms,305908,229.322,0.200802
305940ms,305940,229.376,0.200981
305972ms,305972,229.235,0.200653
306004ms,306004,228.796,0.201664
