timestamp_ms,elapsed_ms,pix_dist,m_dist
128ms,128,223.171,0.199323
160ms,160,223.030,0.197241
192ms,192,222.895,0.197921
224ms,224,223.277,0.198187
256ms,256,223.537,0.199292
288ms,288,224.043,0.199711
319ms,319,224.184,0.200481
367ms,367,224.514,0.200122
399ms,399,224.737,0.199103
432ms,432,224.829,0.200788
464ms,464,224.941,0.200046
496ms,496,225.240,0.199465
528ms,528,225.888,0.200004
560ms,560,226.133,0.200769
592ms,592,226.545,0.200583
624ms,624,226.632,0.201069
655ms,655,226.523,0.201125
687ms,687,226.602,0.200769
720ms,720,226.645,0.200730
767ms,767,226.641,0.201719
799ms,799,226.503,0.201041
831ms,831,226.577,0.200906
864ms,864,226.534,0.200969
895ms,895,226.562,0.201048
928ms,928,226.601,0.200948
960ms,960,226.778,0.201305
991ms,991,226.636,0.200864
1055ms,1055,226.436,0.200540
1088ms,1088,226.192,0.199973
1120ms,1120,225.545,0.200577
1167ms,1167,225.162,0.199860
1199ms,1199,224.635,0.197786
1232ms,1232,224.425,0.198061
1360ms,1360,224.017,0.196692
1663ms,1663,223.226,0.197388
1695ms,1695,223.087,0.197845
1727ms,1727,223.209,0.197472
1759ms,1759,223.390,0.197702
1791ms,1791,223.782,0.199282
1824ms,1824,224.204,0.200657
1856ms,1856,224.475,0.200741
1888ms,1888,224.835,0.199522
1920ms,1920,224.969,0.200604
1967ms,1967,224.948,0.199601
1999ms,1999,225.234,0.199510
2031ms,2031,225.592,0.200262
2063ms,2063,226.031,0.201290
2095ms,2095,226.473,0.201098
2127ms,2127,226.650,0.201209
2159ms,2159,226.589,0.201024
2191ms,2191,226.622,0.201071
2223ms,2223,226.648,0.201481
2287ms,2287,226.623,0.201699
2319ms,2319,226.647,0.201397
2367ms,2367,226.698,0.201686
2399ms,2399,226.642,0.201594
2431ms,2431,226.512,0.200882
2463ms,2463,226.641,0.201479
2495ms,2495,226.455,0.200895
2527ms,2527,226.798,0.200626
2559ms,2559,226.566,0.200545
2591ms,2591,226.251,0.200200
2623ms,2623,225.557,0.200583
2655ms,2655,225.313,0.200621
2687ms,2687,224.653,0.197738
2719ms,2719,224.567,0.197867
2799ms,2799,224.166,0.198385
2831ms,2831,224.079,0.197580
2991ms,2991,223.904,0.197176
3151ms,3151,223.178,0.196533
3199ms,3199,223.162,0.197512
3231ms,3231,223.269,0.197164
3263ms,3263,223.387,0.197500
3295ms,3295,223.709,0.198384
3327ms,3327,224.234,0.200657
3359ms,3359,224.464,0.200199
3391ms,3391,224.552,0.199318
3423ms,3423,224.722,0.200557
3455ms,3455,225.155,0.199254
3487ms,3487,225.150,0.199424
3519ms,3519,225.430,0.200855
3551ms,3551,226.039,0.200560
3599ms,3599,226.407,0.200981
3631ms,3631,226.708,0.201060
3663ms,3663,226.545,0.200479
3695ms,3695,226.545,0.201039
3727ms,3727,226.603,0.201331
3759ms,3759,226.675,0.201306
3823ms,3823,226.673,0.201316
3855ms,3855,226.616,0.201644
3887ms,3887,226.628,0.201227
3919ms,3919,226.674,0.200952
3951ms,3951,226.571,0.200569
3999ms,3999,226.485,0.200969
4031ms,4031,226.623,0.200085
4063ms,4063,226.639,0.200686
4095ms,4095,226.349,0.200073
4127ms,4127,225.506,0.200006
4159ms,4159,225.206,0.200634
4191ms,4191,224.651,0.197952
4223ms,4223,224.381,0.198642
4255ms,4255,224.278,0.198850
4319ms,4319,224.202,0.197187
4655ms,4655,223.210,0.197231
4687ms,4687,222.865,0.197417
4719ms,4719,223.043,0.198102
4751ms,4751,223.417,0.199084
4799ms,4799,223.723,0.199657
4831ms,4831,224.170,0.200804
4863ms,4863,224.359,0.199239
4895ms,4895,224.670,0.199066
4927ms,4927,224.739,0.200690
4959ms,4959,224.938,0.199843
4991ms,4991,225.135,0.199442
5055ms,5055,225.976,0.200775
5087ms,5087,226.401,0.201151
5119ms,5119,226.590,0.200944
5167ms,5167,226.471,0.200665
5199ms,5199,226.576,0.200661
5231ms,5231,226.729,0.201237
5263ms,5263,226.545,0.200941
5295ms,5295,226.640,0.201461
5327ms,5327,226.580,0.201035
5359ms,5359,226.623,0.200770
5391ms,5391,226.655,0.201393
5423ms,5423,226.580,0.200806
5455ms,5455,226.555,0.200803
5487ms,5487,226.362,0.200489
5519ms,5519,226.766,0.200373
5551ms,5551,226.627,0.200639
5599ms,5599,226.272,0.199749
5631ms,5631,225.558,0.200077
5663ms,5663,225.313,0.201239
5727ms,5727,224.595,0.197660
6191ms,6191,222.980,0.197445
6223ms,6223,223.229,0.197362
6255ms,6255,223.260,0.198444
6287ms,6287,223.790,0.198859
6319ms,6319,224.272,0.200091
6367ms,6367,224.474,0.200443
6399ms,6399,224.676,0.199173
6431ms,6431,224.784,0.201517
6463ms,6463,224.926,0.199333
6495ms,6495,225.106,0.199706
6527ms,6527,225.506,0.201067
6559ms,6559,225.914,0.200111
6591ms,6591,226.468,0.201240
6623ms,6623,226.684,0.200968
6655ms,6655,226.564,0.200317
6687ms,6687,226.548,0.200573
6719ms,6719,226.662,0.201100
6751ms,6751,226.686,0.201110
6799ms,6799,226.607,0.201426
6831ms,6831,226.643,0.200950
6863ms,6863,226.638,0.201297
6895ms,6895,226.686,0.201166
6927ms,6927,226.576,0.200898
6959ms,6959,226.538,0.200837
6991ms,6991,226.495,0.200800
7023ms,7023,226.774,0.200742
7055ms,7055,226.491,0.200607
7087ms,7087,226.350,0.199932
7119ms,7119,225.534,0.200949
7151ms,7151,225.361,0.201236
7199ms,7199,224.723,0.197710
7231ms,7231,224.596,0.197816
7263ms,7263,224.261,0.199343
7663ms,7663,223.104,0.196736
7695ms,7695,223.040,0.197423
7727ms,7727,223.199,0.197142
7791ms,7791,223.636,0.198592
7823ms,7823,224.206,0.200588
7855ms,7855,224.511,0.200525
7887ms,7887,224.656,0.199118
7919ms,7919,224.740,0.201813
7951ms,7951,224.900,0.199808
7999ms,7999,225.097,0.199775
8031ms,8031,225.547,0.200139
8063ms,8063,226.066,0.201208
8095ms,8095,226.520,0.201253
8127ms,8127,226.662,0.200982
8159ms,8159,226.442,0.201297
8191ms,8191,226.694,0.201597
8223ms,8223,226.676,0.201583
8255ms,8255,226.623,0.201622
8287ms,8287,226.592,0.201551
8319ms,8319,226.573,0.200930
8351ms,8351,226.579,0.201425
8399ms,8399,226.636,0.201420
8431ms,8431,226.585,0.201437
8463ms,8463,226.583,0.201090
8495ms,8495,226.475,0.200567
8559ms,8559,226.382,0.200551
8591ms,8591,226.236,0.199982
8623ms,8623,225.424,0.200506
8655ms,8655,225.143,0.200384
8687ms,8687,224.616,0.197902
8719ms,8719,224.342,0.197895
8991ms,8991,223.996,0.198002
9199ms,9199,223.123,0.197540
9231ms,9231,223.295,0.197976
9295ms,9295,224.064,0.200074
9327ms,9327,224.222,0.200795
9359ms,9359,224.473,0.199158
9391ms,9391,224.755,0.199620
9423ms,9423,224.863,0.199891
9455ms,9455,224.914,0.199788
9487ms,9487,225.193,0.200539
9519ms,9519,225.769,0.200680
9551ms,9551,226.105,0.200673
9599ms,9599,226.656,0.201014
9631ms,9631,226.714,0.200983
9663ms,9663,226.728,0.201170
9695ms,9695,226.722,0.201362
9727ms,9727,226.641,0.201531
9791ms,9791,226.727,0.201438
9823ms,9823,226.619,0.201430
9855ms,9855,226.634,0.201025
9887ms,9887,226.652,0.201137
9919ms,9919,226.650,0.201349
9951ms,9951,226.660,0.201172
9999ms,9999,226.709,0.200167
10031ms,10031,226.564,0.200371
10063ms,10063,226.383,0.199956
10095ms,10095,225.899,0.200272
10127ms,10127,225.405,0.200340
10159ms,10159,224.706,0.198045
10191ms,10191,224.665,0.197762
10623ms,10623,223.211,0.196701
10655ms,10655,223.137,0.197536
10687ms,10687,223.293,0.197524
10719ms,10719,223.423,0.199005
10751ms,10751,224.008,0.199273
10799ms,10799,224.204,0.200715
10831ms,10831,224.524,0.198658
10863ms,10863,224.745,0.199445
10895ms,10895,224.747,0.200749
10927ms,10927,224.907,0.199664
10959ms,10959,225.202,0.199351
11023ms,11023,226.055,0.200814
11055ms,11055,226.560,0.201098
11087ms,11087,226.608,0.201192
11119ms,11119,226.612,0.201273
11151ms,11151,226.566,0.201015
11199ms,11199,226.643,0.201437
11231ms,11231,226.632,0.201054
11263ms,11263,226.488,0.200933
11295ms,11295,226.604,0.201389
11327ms,11327,226.589,0.201042
11359ms,11359,226.575,0.201160
11391ms,11391,226.659,0.201507
11423ms,11423,226.633,0.201085
11455ms,11455,226.695,0.200599
11487ms,11487,226.594,0.200835
11519ms,11519,226.401,0.200337
11551ms,11551,226.124,0.200545
11583ms,11583,225.411,0.200559
11631ms,11631,225.024,0.198494
11663ms,11663,224.625,0.197440
11695ms,11695,224.471,0.198352
11727ms,11727,224.296,0.198485
12127ms,12127,223.130,0.197473
12159ms,12159,223.017,0.197475
12191ms,12191,223.069,0.198627
12255ms,12255,224.181,0.200923
12287ms,12287,224.392,0.200583
12319ms,12319,224.473,0.198855
12351ms,12351,224.724,0.200150
12383ms,12383,224.897,0.200050
12431ms,12431,224.957,0.198977
12463ms,12463,225.437,0.200098
12495ms,12495,226.037,0.200147
12527ms,12527,226.220,0.200634
12559ms,12559,226.628,0.201062
12591ms,12591,226.598,0.200914
12623ms,12623,226.660,0.201270
12655ms,12655,226.569,0.201154
12687ms,12687,226.580,0.200886
12719ms,12719,226.618,0.201125
12751ms,12751,226.653,0.201609
12783ms,12783,226.642,0.201541
12831ms,12831,226.682,0.201156
12863ms,12863,226.668,0.201204
12895ms,12895,226.681,0.201197
12927ms,12927,226.615,0.201609
12959ms,12959,226.675,0.200742
12991ms,12991,226.523,0.200786
13023ms,13023,226.295,0.200460
13055ms,13055,226.061,0.199969
13087ms,13087,225.422,0.201438
13119ms,13119,224.679,0.197700
13263ms,13263,224.216,0.197518
13583ms,13583,223.164,0.196584
13631ms,13631,223.052,0.197606
13663ms,13663,223.220,0.197254
13695ms,13695,223.342,0.198506
13727ms,13727,223.615,0.198414
13759ms,13759,224.253,0.201014
13791ms,13791,224.376,0.199115
13823ms,13823,224.636,0.198950
13855ms,13855,224.643,0.200598
13887ms,13887,224.996,0.199772
13919ms,13919,225.164,0.199765
13951ms,13951,225.601,0.199846
13983ms,13983,225.928,0.200260
14031ms,14031,226.456,0.201123
14063ms,14063,226.534,0.201127
14095ms,14095,226.533,0.201244
14127ms,14127,226.494,0.201218
14159ms,14159,226.512,0.201190
14191ms,14191,226.484,0.201063
14223ms,14223,226.538,0.201316
14255ms,14255,226.577,0.201232
14287ms,14287,226.554,0.201554
14319ms,14319,226.670,0.200813
14351ms,14351,226.610,0.201615
14383ms,14383,226.579,0.201703
14431ms,14431,226.877,0.200393
14463ms,14463,226.598,0.201415
14495ms,14495,226.448,0.201319
14527ms,14527,226.304,0.200158
14559ms,14559,225.689,0.199839
14591ms,14591,225.349,0.201843
14655ms,14655,224.640,0.197633
14751ms,14751,224.163,0.197424
15087ms,15087,223.127,0.197111
15119ms,15119,223.084,0.196987
15151ms,15151,223.309,0.197312
15231ms,15231,223.865,0.199963
15263ms,15263,224.175,0.200634
15295ms,15295,224.422,0.199187
15327ms,15327,224.775,0.199082
15359ms,15359,224.796,0.201782
15391ms,15391,224.850,0.199301
15423ms,15423,225.288,0.199526
15455ms,15455,225.842,0.199857
15487ms,15487,225.972,0.200497
15519ms,15519,226.471,0.200548
15551ms,15551,226.624,0.201670
15583ms,15583,226.541,0.201803
15631ms,15631,226.662,0.201889
15663ms,15663,226.661,0.201554
15695ms,15695,226.660,0.201444
15727ms,15727,226.675,0.201715
15759ms,15759,226.664,0.201361
15791ms,15791,226.684,0.201402
15823ms,15823,226.586,0.200932
15855ms,15855,226.622,0.201360
15887ms,15887,226.632,0.201210
15919ms,15919,226.608,0.200570
15951ms,15951,226.634,0.201110
15983ms,15983,226.317,0.200612
16031ms,16031,226.135,0.199825
16063ms,16063,225.441,0.200805
16095ms,16095,225.242,0.199763
16127ms,16127,224.681,0.197873
16159ms,16159,224.569,0.198150
16559ms,16559,222.897,0.197525
16591ms,16591,223.046,0.197845
16623ms,16623,223.006,0.197216
16655ms,16655,223.271,0.198228
16687ms,16687,223.266,0.198341
16719ms,16719,224.089,0.200146
16751ms,16751,224.205,0.199481
16783ms,16783,224.573,0.199142
16815ms,16815,224.958,0.199491
16863ms,16863,224.865,0.200137
16895ms,16895,224.920,0.199768
16927ms,16927,225.168,0.199238
16959ms,16959,225.924,0.200123
16991ms,16991,226.277,0.201127
17023ms,17023,226.684,0.201008
17055ms,17055,226.600,0.200523
17087ms,17087,226.615,0.200610
17119ms,17119,226.598,0.200564
17151ms,17151,226.545,0.200810
17183ms,17183,226.559,0.200858
17215ms,17215,226.639,0.201313
17263ms,17263,226.670,0.200700
17295ms,17295,226.536,0.200747
17327ms,17327,226.546,0.200850
17391ms,17391,226.622,0.200691
17423ms,17423,226.852,0.200656
17455ms,17455,226.621,0.200674
17487ms,17487,226.486,0.200208
17519ms,17519,225.920,0.200411
17551ms,17551,225.306,0.200780
17583ms,17583,224.843,0.197887
17615ms,17615,224.723,0.197774
17663ms,17663,224.153,0.199219
17695ms,17695,224.162,0.198526
17727ms,17727,224.048,0.197891
18063ms,18063,223.102,0.196757
18095ms,18095,223.006,0.197364
18127ms,18127,223.107,0.198009
18159ms,18159,223.300,0.198314
18191ms,18191,223.815,0.199241
18223ms,18223,224.220,0.200447
18255ms,18255,224.501,0.200042
18287ms,18287,224.625,0.199160
18319ms,18319,224.849,0.201287
18351ms,18351,225.268,0.198983
18383ms,18383,225.098,0.199744
18415ms,18415,225.493,0.200707
18463ms,18463,226.072,0.200902
18495ms,18495,226.292,0.200941
18527ms,18527,226.590,0.200942
18559ms,18559,226.558,0.201104
18591ms,18591,226.610,0.201094
18623ms,18623,226.564,0.200788
18655ms,18655,226.571,0.201005
18687ms,18687,226.507,0.200667
18719ms,18719,226.490,0.200721
18751ms,18751,226.571,0.200350
18783ms,18783,226.514,0.200401
18815ms,18815,226.562,0.201093
18863ms,18863,226.529,0.200865
18895ms,18895,226.412,0.201076
18927ms,18927,226.638,0.200619
18959ms,18959,226.525,0.200087
18991ms,18991,226.063,0.199926
19023ms,19023,225.588,0.199860
19119ms,19119,224.328,0.198014
19183ms,19183,224.137,0.198788
19551ms,19551,223.092,0.197343
19583ms,19583,223.074,0.198049
19615ms,19615,223.097,0.198115
19663ms,19663,223.421,0.199502
19695ms,19695,223.989,0.199787
19727ms,19727,224.309,0.200427
19759ms,19759,224.456,0.199373
19791ms,19791,224.853,0.199514
19823ms,19823,224.723,0.200782
19855ms,19855,224.847,0.199220
19887ms,19887,225.285,0.199657
19919ms,19919,225.893,0.200066
19951ms,19951,226.130,0.200922
19983ms,19983,226.577,0.200776
20015ms,20015,226.591,0.201408
20063ms,20063,226.634,0.201326
20095ms,20095,226.657,0.201428
20127ms,20127,226.615,0.201461
20159ms,20159,226.692,0.201323
20191ms,20191,226.637,0.201345
20223ms,20223,226.708,0.201473
20255ms,20255,226.583,0.201008
20287ms,20287,226.619,0.200982
20319ms,20319,226.517,0.201211
20351ms,20351,226.615,0.201276
20383ms,20383,226.580,0.200105
20415ms,20415,226.610,0.201405
20463ms,20463,226.388,0.200921
20495ms,20495,226.104,0.199860
20527ms,20527,225.413,0.200554
20559ms,20559,224.982,0.199674
20591ms,20591,224.618,0.197864
20623ms,20623,224.296,0.198374
20687ms,20687,224.244,0.198893
20719ms,20719,224.091,0.197311
21023ms,21023,223.071,0.198481
21087ms,21087,222.962,0.197240
21119ms,21119,223.210,0.197740
21183ms,21183,224.150,0.201158
21215ms,21215,224.365,0.200257
21263ms,21263,224.475,0.199003
21295ms,21295,224.999,0.199196
21327ms,21327,224.862,0.199963
21359ms,21359,224.896,0.199618
21391ms,21391,225.161,0.199212
21423ms,21423,225.846,0.200229
21455ms,21455,226.043,0.200573
21487ms,21487,226.540,0.200541
21519ms,21519,226.608,0.201490
21551ms,21551,226.535,0.201053
21583ms,21583,226.544,0.201018
21615ms,21615,226.562,0.201446
21647ms,21647,226.633,0.201294
21695ms,21695,226.632,0.201352
21727ms,21727,226.584,0.201434
21759ms,21759,226.587,0.201308
21791ms,21791,226.651,0.201213
21823ms,21823,226.658,0.201359
21855ms,21855,226.573,0.201036
21887ms,21887,226.641,0.200400
21919ms,21919,226.512,0.201092
21951ms,21951,226.291,0.200586
21983ms,21983,226.131,0.200155
22015ms,22015,225.415,0.200989
22047ms,22047,224.990,0.198669
22095ms,22095,224.701,0.198421
22127ms,22127,224.292,0.198412
22559ms,22559,223.133,0.197454
22591ms,22591,223.052,0.197455
22623ms,22623,223.127,0.197578
22655ms,22655,223.436,0.199090
22687ms,22687,224.162,0.199271
22719ms,22719,224.321,0.200458
22751ms,22751,224.630,0.199729
22783ms,22783,224.894,0.200518
22815ms,22815,224.940,0.200045
22847ms,22847,224.976,0.199849
22895ms,22895,225.341,0.199784
22927ms,22927,226.062,0.199620
22959ms,22959,226.194,0.200880
22991ms,22991,226.633,0.201716
23023ms,23023,226.590,0.201281
23055ms,23055,226.596,0.201518
23087ms,23087,226.614,0.201192
23119ms,23119,226.618,0.201246
23151ms,23151,226.571,0.201232
23183ms,23183,226.596,0.201715
23215ms,23215,226.662,0.201644
23247ms,23247,226.586,0.201318
23295ms,23295,226.636,0.201469
23327ms,23327,226.664,0.201647
23359ms,23359,226.855,0.200546
23391ms,23391,226.643,0.200700
23423ms,23423,226.593,0.201187
23455ms,23455,226.339,0.200758
23487ms,23487,226.038,0.200383
23519ms,23519,225.467,0.200296
23551ms,23551,224.858,0.197770
23583ms,23583,224.666,0.197936
23615ms,23615,224.290,0.198726
24047ms,24047,223.019,0.197492
24095ms,24095,223.155,0.197244
24127ms,24127,223.231,0.198213
24159ms,24159,223.724,0.198857
24191ms,24191,224.323,0.200947
24223ms,24223,224.404,0.200543
24255ms,24255,224.683,0.198649
24287ms,24287,224.862,0.199761
24319ms,24319,225.040,0.199891
24351ms,24351,224.938,0.199264
24383ms,24383,225.467,0.199746
24415ms,24415,226.006,0.200107
24447ms,24447,226.293,0.201192
24495ms,24495,226.737,0.200724
24527ms,24527,226.604,0.201581
24559ms,24559,226.593,0.201531
24591ms,24591,226.511,0.201149
24623ms,24623,226.477,0.200897
24655ms,24655,226.672,0.201567
24687ms,24687,226.597,0.201368
24719ms,24719,226.686,0.201307
24751ms,24751,226.727,0.201023
24783ms,24783,226.650,0.201188
24815ms,24815,226.708,0.201213
24847ms,24847,226.707,0.200414
24894ms,24894,226.649,0.201005
24927ms,24927,226.439,0.200966
24959ms,24959,226.199,0.200437
24991ms,24991,225.625,0.200112
25023ms,25023,225.401,0.201461
25055ms,25055,224.723,0.198267
25087ms,25087,224.599,0.198033
25551ms,25551,223.112,0.197716
25583ms,25583,223.188,0.197602
25647ms,25647,224.094,0.199352
25695ms,25695,224.341,0.200641
25726ms,25726,224.511,0.199947
25758ms,25758,224.921,0.199999
25791ms,25791,224.939,0.200976
25823ms,25823,224.957,0.199585
25855ms,25855,225.186,0.199291
25887ms,25887,225.869,0.200150
25919ms,25919,226.159,0.200305
25951ms,25951,226.638,0.200896
26014ms,26014,226.544,0.201223
26047ms,26047,226.634,0.201563
26094ms,26094,226.640,0.201506
26126ms,26126,226.570,0.201516
26159ms,26159,226.533,0.201285
26191ms,26191,226.568,0.201155
26223ms,26223,226.634,0.200963
26255ms,26255,226.563,0.200869
26287ms,26287,226.667,0.201207
26319ms,26319,226.660,0.201392
26351ms,26351,226.625,0.200222
26383ms,26383,226.548,0.201238
26415ms,26415,226.428,0.200636
26447ms,26447,226.060,0.200313
26479ms,26479,225.498,0.200437
26526ms,26526,224.930,0.197825
26559ms,26559,224.676,0.198354
26591ms,26591,224.324,0.199008
26655ms,26655,224.106,0.197501
26847ms,26847,223.865,0.198196
27022ms,27022,223.197,0.197594
27055ms,27055,223.060,0.197422
27087ms,27087,223.240,0.198962
27118ms,27118,223.625,0.198059
27151ms,27151,224.223,0.200402
27183ms,27183,224.353,0.199785
27214ms,27214,224.502,0.198967
27247ms,27247,224.542,0.201293
27279ms,27279,225.142,0.199780
27326ms,27326,225.034,0.199680
27358ms,27358,225.336,0.199715
27391ms,27391,226.069,0.200149
27422ms,27422,226.207,0.200677
27454ms,27454,226.662,0.201317
27486ms,27486,226.607,0.201476
27518ms,27518,226.628,0.201501
27550ms,27550,226.631,0.201122
27583ms,27583,226.615,0.200920
27614ms,27614,226.543,0.201348
27647ms,27647,226.695,0.201104
27679ms,27679,226.608,0.201068
27726ms,27726,226.649,0.201113
27758ms,27758,226.662,0.201098
27790ms,27790,226.564,0.201091
27822ms,27822,226.606,0.200749
27854ms,27854,226.668,0.201426
27886ms,27886,226.396,0.200742
27918ms,27918,226.271,0.200539
27982ms,27982,225.461,0.201047
28014ms,28014,224.775,0.198080
28046ms,28046,224.607,0.197739
28158ms,28158,224.044,0.197333
28526ms,28526,223.103,0.196979
28558ms,28558,223.213,0.197663
28590ms,28590,223.191,0.199247
28622ms,28622,224.021,0.198661
28654ms,28654,224.168,0.200223
28686ms,28686,224.572,0.200195
28718ms,28718,224.629,0.199425
28750ms,28750,224.862,0.201151
28782ms,28782,224.901,0.200064
28814ms,28814,225.114,0.199455
28846ms,28846,225.670,0.199776
28878ms,28878,226.006,0.200973
28926ms,28926,226.492,0.200480
28958ms,28958,226.528,0.201228
28990ms,28990,226.578,0.200929
29022ms,29022,226.617,0.201450
29054ms,29054,226.583,0.201098
29086ms,29086,226.654,0.201380
29118ms,29118,226.619,0.201130
29150ms,29150,226.662,0.201305
29182ms,29182,226.630,0.201185
29214ms,29214,226.646,0.201324
29246ms,29246,226.764,0.201754
29278ms,29278,226.708,0.201764
29326ms,29326,226.522,0.201311
29358ms,29358,226.729,0.200706
29390ms,29390,226.373,0.200531
29422ms,29422,226.159,0.200242
29454ms,29454,225.605,0.200069
29486ms,29486,225.262,0.199945
29518ms,29518,224.719,0.198703
29550ms,29550,224.575,0.197476
29646ms,29646,224.096,0.197068
29950ms,29950,223.121,0.196815
29982ms,29982,223.199,0.197773
30014ms,30014,223.126,0.197290
30046ms,30046,223.272,0.198645
30126ms,30126,224.134,0.201072
30158ms,30158,224.356,0.199977
30190ms,30190,224.469,0.199185
30222ms,30222,224.839,0.198861
30254ms,30254,224.901,0.200431
30286ms,30286,224.973,0.199599
30318ms,30318,225.193,0.199227
30350ms,30350,225.967,0.200022
30382ms,30382,226.258,0.201200
30414ms,30414,226.683,0.201116
30446ms,30446,226.551,0.201455
30478ms,30478,226.716,0.200746
30526ms,30526,226.557,0.201054
30558ms,30558,226.669,0.201380
30590ms,30590,226.740,0.201242
30622ms,30622,226.602,0.201239
30654ms,30654,226.601,0.201070
30686ms,30686,226.563,0.201246
30718ms,30718,226.757,0.201307
30750ms,30750,226.815,0.201505
30782ms,30782,226.747,0.200605
30814ms,30814,226.597,0.200711
30846ms,30846,226.477,0.201106
30878ms,30878,226.426,0.200383
30958ms,30958,225.442,0.200802
30990ms,30990,224.868,0.197839
31022ms,31022,224.618,0.198176
31054ms,31054,224.379,0.198918
31326ms,31326,223.865,0.198125
31486ms,31486,223.134,0.197326
31518ms,31518,223.183,0.197488
31550ms,31550,223.274,0.198885
31582ms,31582,223.569,0.198656
31614ms,31614,224.295,0.200781
31678ms,31678,224.603,0.198769
31726ms,31726,224.766,0.200152
31758ms,31758,225.017,0.198919
31790ms,31790,224.999,0.199383
31822ms,31822,225.418,0.199469
31854ms,31854,226.015,0.200342
31886ms,31886,226.323,0.201096
31918ms,31918,226.549,0.200976
31950ms,31950,226.647,0.201168
31982ms,31982,226.678,0.201158
32014ms,32014,226.661,0.201372
32046ms,32046,226.670,0.201583
32078ms,32078,226.666,0.201009
32126ms,32126,226.604,0.201140
32158ms,32158,226.639,0.201000
32190ms,32190,226.732,0.201542
32222ms,32222,226.544,0.200843
32254ms,32254,226.605,0.200918
32286ms,32286,226.442,0.201049
32318ms,32318,226.818,0.200887
32350ms,32350,226.484,0.200713
32382ms,32382,226.183,0.200111
32414ms,32414,225.813,0.200113
32446ms,32446,225.362,0.200741
32478ms,32478,224.931,0.197802
32526ms,32526,224.568,0.197559
32622ms,32622,224.057,0.197219
32958ms,32958,223.218,0.196782
32990ms,32990,223.249,0.197294
33022ms,33022,223.231,0.198324
33054ms,33054,223.477,0.198075
33086ms,33086,223.971,0.199120
33118ms,33118,224.246,0.200309
33150ms,33150,224.480,0.199823
33182ms,33182,224.812,0.199215
33214ms,33214,224.957,0.199792
33246ms,33246,224.932,0.199647
33278ms,33278,225.055,0.199576
33326ms,33326,225.689,0.200010
33390ms,33390,226.521,0.201416
33422ms,33422,226.692,0.201519
33454ms,33454,226.761,0.201500
33486ms,33486,226.747,0.201046
33518ms,33518,226.811,0.201025
33550ms,33550,226.749,0.201013
33582ms,33582,226.773,0.200771
33614ms,33614,226.840,0.201164
33646ms,33646,226.760,0.201321
33678ms,33678,226.762,0.201312
33726ms,33726,226.718,0.201459
33758ms,33758,226.784,0.201230
33790ms,33790,226.656,0.200388
33822ms,33822,226.673,0.201089
33854ms,33854,226.418,0.201081
33886ms,33886,226.143,0.200617
33918ms,33918,225.459,0.199755
33950ms,33950,225.270,0.201171
34014ms,34014,224.518,0.198126
34078ms,34078,224.222,0.198431
34126ms,34126,224.184,0.197555
34286ms,34286,224.077,0.197131
34478ms,34478,223.174,0.197784
34526ms,34526,223.071,0.197780
34590ms,34590,223.926,0.199321
34622ms,34622,224.158,0.200511
34654ms,34654,224.555,0.199542
34686ms,34686,224.784,0.199098
34718ms,34718,224.792,0.201160
34750ms,34750,224.886,0.199591
34782ms,34782,225.099,0.199533
34814ms,34814,225.830,0.200063
34846ms,34846,226.142,0.201125
34878ms,34878,226.611,0.201348
34910ms,34910,226.639,0.201418
34958ms,34958,226.587,0.201442
34990ms,34990,226.642,0.200824
35022ms,35022,226.622,0.201651
35054ms,35054,226.615,0.201557
35086ms,35086,226.540,0.201684
35118ms,35118,226.560,0.201374
35150ms,35150,226.552,0.201036
35182ms,35182,226.595,0.201681
35214ms,35214,226.685,0.201767
35246ms,35246,226.695,0.201506
35278ms,35278,226.584,0.200247
35310ms,35310,226.524,0.201056
35358ms,35358,226.287,0.200923
35390ms,35390,226.121,0.199905
35422ms,35422,225.402,0.200329
35454ms,35454,225.423,0.199666
35486ms,35486,224.651,0.198670
35518ms,35518,224.483,0.197730
35582ms,35582,224.204,0.198502
35950ms,35950,223.160,0.197091
35982ms,35982,223.016,0.197571
36014ms,36014,223.126,0.198375
36046ms,36046,223.260,0.197508
36078ms,36078,223.934,0.200417
36110ms,36110,224.311,0.200474
36158ms,36158,224.579,0.199046
36190ms,36190,224.947,0.199450
36222ms,36222,224.854,0.200123
36254ms,36254,224.918,0.199584
36286ms,36286,225.249,0.199808
36318ms,36318,225.958,0.200037
36350ms,36350,226.169,0.200987
36382ms,36382,226.610,0.201402
36414ms,36414,226.607,0.201313
36446ms,36446,226.526,0.201139
36478ms,36478,226.631,0.201698
36510ms,36510,226.664,0.201512
36558ms,36558,226.642,0.201484
36590ms,36590,226.672,0.201419
36622ms,36622,226.614,0.201143
36654ms,36654,226.648,0.201521
36686ms,36686,226.630,0.201679
36718ms,36718,226.542,0.201165
36750ms,36750,226.643,0.201098
36814ms,36814,226.679,0.201445
36846ms,36846,226.356,0.200801
36878ms,36878,226.046,0.199831
36910ms,36910,225.427,0.200536
36958ms,36958,225.125,0.198257
36990ms,36990,224.581,0.198776
37022ms,37022,224.471,0.198355
37054ms,37054,224.339,0.199048
37454ms,37454,223.139,0.197221
37486ms,37486,223.079,0.197520
37518ms,37518,223.099,0.198476
37550ms,37550,223.479,0.199663
37582ms,37582,224.065,0.200622
37614ms,37614,224.301,0.200212
37646ms,37646,224.418,0.198750
37678ms,37678,224.984,0.200378
37710ms,37710,224.972,0.199893
37758ms,37758,224.985,0.199573
37790ms,37790,225.253,0.200041
37822ms,37822,225.888,0.200201
37854ms,37854,226.200,0.200838
37886ms,37886,226.527,0.201058
37918ms,37918,226.571,0.200902
37950ms,37950,226.647,0.200950
37982ms,37982,226.512,0.200996
38046ms,38046,226.587,0.201095
38078ms,38078,226.576,0.200941
38286ms,38286,226.607,0.200008
38318ms,38318,226.502,0.200559
38350ms,38350,226.423,0.200783
38382ms,38382,226.121,0.200108
38414ms,38414,225.351,0.201166
38446ms,38446,225.125,0.198126
38478ms,38478,224.606,0.198292
38510ms,38510,224.405,0.198784
38558ms,38558,224.141,0.198776
38910ms,38910,223.056,0.196391
38958ms,38958,223.084,0.197030
38990ms,38990,223.176,0.197230
39022ms,39022,223.329,0.197676
39054ms,39054,223.324,0.198361
39086ms,39086,224.190,0.199751
39118ms,39118,224.400,0.200244
39150ms,39150,224.694,0.198796
39182ms,39182,224.776,0.202081
39214ms,39214,225.279,0.199000
39246ms,39246,225.048,0.199286
39278ms,39278,225.435,0.200844
39310ms,39310,226.075,0.200073
39358ms,39358,226.245,0.200700
39390ms,39390,226.633,0.200735
39422ms,39422,226.537,0.200451
39454ms,39454,226.608,0.200884
39486ms,39486,226.546,0.200886
39518ms,39518,226.562,0.200849
39550ms,39550,226.623,0.201620
39582ms,39582,226.618,0.201418
39614ms,39614,226.579,0.200894
39646ms,39646,226.621,0.201223
39678ms,39678,226.609,0.201184
39710ms,39710,226.630,0.201283
39742ms,39742,226.550,0.201020
39790ms,39790,226.778,0.200483
39822ms,39822,226.574,0.200645
39854ms,39854,226.242,0.200151
39886ms,39886,225.606,0.199344
39918ms,39918,225.431,0.201242
39950ms,39950,224.714,0.197800
39982ms,39982,224.590,0.197890
40014ms,40014,224.294,0.198830
40046ms,40046,224.300,0.198639
40078ms,40078,224.077,0.197530
40254ms,40254,224.162,0.197082
40382ms,40382,223.162,0.198930
40446ms,40446,223.256,0.197955
40478ms,40478,223.216,0.197148
40510ms,40510,223.417,0.197664
40542ms,40542,223.833,0.199210
40590ms,40590,224.216,0.200325
40622ms,40622,224.566,0.200373
40654ms,40654,224.655,0.199979
40686ms,40686,224.762,0.201235
40718ms,40718,224.924,0.199624
40750ms,40750,225.005,0.199703
40782ms,40782,225.730,0.200263
40814ms,40814,226.064,0.200350
40846ms,40846,226.572,0.200740
40878ms,40878,226.760,0.201201
40910ms,40910,226.638,0.201011
40942ms,40942,226.598,0.200898
40990ms,40990,226.678,0.201204
41022ms,41022,226.569,0.200872
41054ms,41054,226.636,0.201247
41086ms,41086,226.567,0.200992
41118ms,41118,226.675,0.200961
41150ms,41150,226.647,0.201016
41182ms,41182,226.491,0.201017
41214ms,41214,226.627,0.200896
41246ms,41246,226.637,0.200570
41278ms,41278,226.648,0.201508
41310ms,41310,226.374,0.200402
41342ms,41342,226.198,0.200097
41390ms,41390,225.444,0.200252
41422ms,41422,225.321,0.200347
41454ms,41454,224.776,0.198608
41486ms,41486,224.486,0.197446
41518ms,41518,224.361,0.198646
41918ms,41918,223.236,0.197083
41950ms,41950,223.150,0.197349
41982ms,41982,223.196,0.198737
42014ms,42014,223.393,0.198079
42046ms,42046,224.041,0.199442
42078ms,42078,224.287,0.200390
42110ms,42110,224.639,0.200077
42142ms,42142,224.712,0.199469
42190ms,42190,224.768,0.201452
42222ms,42222,224.865,0.199612
42254ms,42254,225.313,0.199711
42286ms,42286,225.968,0.199933
42318ms,42318,226.112,0.200218
42350ms,42350,226.578,0.201115
42382ms,42382,226.521,0.200996
42414ms,42414,226.701,0.201317
42446ms,42446,226.543,0.201220
42478ms,42478,226.628,0.201312
42510ms,42510,226.599,0.201041
42542ms,42542,226.701,0.201253
42590ms,42590,226.709,0.201387
42622ms,42622,226.674,0.201316
42654ms,42654,226.641,0.200955
42686ms,42686,226.662,0.200811
42718ms,42718,226.616,0.200916
42782ms,42782,226.496,0.201219
42814ms,42814,226.307,0.200535
42846ms,42846,226.201,0.199872
42878ms,42878,225.433,0.200567
42910ms,42910,225.221,0.198859
42942ms,42942,224.529,0.198781
42990ms,42990,224.440,0.198619
43022ms,43022,224.135,0.198840
43422ms,43422,223.164,0.197522
43454ms,43454,223.145,0.197393
43486ms,43486,223.156,0.197558
43518ms,43518,223.395,0.198152
43550ms,43550,224.005,0.199255
43582ms,43582,224.272,0.200057
43614ms,43614,224.473,0.198998
43646ms,43646,224.941,0.200838
43678ms,43678,224.945,0.199786
43710ms,43710,225.046,0.199648
43742ms,43742,225.196,0.199940
43790ms,43790,226.083,0.200082
43822ms,43822,226.250,0.201010
43854ms,43854,226.676,0.201127
43886ms,43886,226.783,0.201213
43918ms,43918,226.674,0.201507
43950ms,43950,226.690,0.201610
43982ms,43982,226.640,0.201517
44014ms,44014,226.648,0.201337
44046ms,44046,226.674,0.201154
44078ms,44078,226.573,0.200950
44110ms,44110,226.609,0.201100
44142ms,44142,226.547,0.201218
44190ms,44190,226.554,0.200904
44222ms,44222,226.705,0.201227
44254ms,44254,226.622,0.200232
44286ms,44286,226.508,0.200937
44318ms,44318,226.451,0.200357
44350ms,44350,225.916,0.200492
44382ms,44382,225.385,0.200736
44414ms,44414,224.803,0.198027
44446ms,44446,224.732,0.197891
44478ms,44478,224.286,0.198817
44510ms,44510,224.214,0.198513
44878ms,44878,223.211,0.197094
44910ms,44910,223.150,0.197313
44942ms,44942,223.171,0.197675
45022ms,45022,223.884,0.199227
45054ms,45054,224.216,0.200717
45086ms,45086,224.473,0.200568
45118ms,45118,224.735,0.198925
45150ms,45150,224.804,0.201397
45182ms,45182,224.865,0.199942
45214ms,45214,225.230,0.200041
45246ms,45246,225.557,0.200937
45278ms,45278,225.983,0.199980
45310ms,45310,226.500,0.201115
45342ms,45342,226.598,0.201300
45374ms,45374,226.737,0.201349
45422ms,45422,226.701,0.201694
45454ms,45454,226.610,0.201167
45486ms,45486,226.617,0.200954
45550ms,45550,226.694,0.201214
45582ms,45582,226.681,0.201744
45614ms,45614,226.723,0.201555
45646ms,45646,226.660,0.201413
45678ms,45678,226.711,0.200925
45710ms,45710,226.496,0.201273
45742ms,45742,226.677,0.200831
45774ms,45774,226.575,0.200625
45822ms,45822,226.197,0.199921
45854ms,45854,225.471,0.200566
45886ms,45886,225.276,0.199972
45918ms,45918,224.724,0.198820
45950ms,45950,224.443,0.198130
46046ms,46046,224.121,0.196729
46382ms,46382,222.994,0.197715
46414ms,46414,223.175,0.197724
46446ms,46446,223.193,0.198178
46478ms,46478,223.139,0.198329
46510ms,46510,224.066,0.200185
46542ms,46542,224.214,0.200192
46574ms,46574,224.472,0.199295
46622ms,46622,224.763,0.201115
46654ms,46654,225.124,0.199596
46686ms,46686,224.962,0.199681
46718ms,46718,225.078,0.200268
46750ms,46750,226.025,0.200236
46782ms,46782,226.265,0.201168
46814ms,46814,226.599,0.200678
46846ms,46846,226.530,0.200572
46878ms,46878,226.623,0.201331
46910ms,46910,226.637,0.200954
46942ms,46942,226.636,0.201283
46974ms,46974,226.616,0.201049
47022ms,47022,226.673,0.201281
47054ms,47054,226.671,0.201106
47086ms,47086,226.649,0.201119
47118ms,47118,226.611,0.200869
47150ms,47150,226.717,0.201219
47182ms,47182,226.777,0.201313
47214ms,47214,226.554,0.201028
47246ms,47246,226.588,0.200898
47278ms,47278,226.473,0.200396
47310ms,47310,226.069,0.200377
47342ms,47342,225.426,0.200696
47374ms,47374,225.069,0.198442
47454ms,47454,224.321,0.198141
47582ms,47582,224.145,0.196491
47918ms,47918,223.049,0.197664
47950ms,47950,223.137,0.198151
47982ms,47982,223.468,0.199246
48014ms,48014,224.179,0.200789
48046ms,48046,224.333,0.201037
48078ms,48078,224.631,0.200055
48110ms,48110,224.798,0.199549
48142ms,48142,225.142,0.199608
48174ms,48174,224.943,0.199714
48222ms,48222,225.095,0.200164
48254ms,48254,225.912,0.200623
48286ms,48286,226.267,0.201083
48318ms,48318,226.639,0.201022
48350ms,48350,226.712,0.201022
48382ms,48382,226.651,0.200480
48414ms,48414,226.735,0.200903
48446ms,48446,226.680,0.200450
48478ms,48478,226.718,0.201426
48510ms,48510,226.694,0.200741
48542ms,48542,226.593,0.200522
48574ms,48574,226.707,0.200965
48622ms,48622,226.683,0.200706
48654ms,48654,226.639,0.200603
48686ms,48686,226.661,0.200788
48718ms,48718,226.555,0.200747
48750ms,48750,226.725,0.200970
48782ms,48782,226.525,0.200502
48814ms,48814,226.102,0.199914
48846ms,48846,225.444,0.200589
48878ms,48878,224.963,0.197878
48910ms,48910,224.603,0.198347
48942ms,48942,224.346,0.198944
48974ms,48974,224.214,0.199538
49022ms,49022,224.098,0.197790
49214ms,49214,223.895,0.197942
49422ms,49422,223.078,0.197494
49454ms,49454,223.326,0.198681
49486ms,49486,223.428,0.198180
49518ms,49518,224.116,0.201141
49550ms,49550,224.293,0.200233
49582ms,49582,224.587,0.199270
49614ms,49614,224.947,0.200227
49646ms,49646,225.041,0.199536
49678ms,49678,224.896,0.199338
49710ms,49710,225.123,0.200533
49742ms,49742,226.075,0.200455
49774ms,49774,226.266,0.200906
49806ms,49806,226.597,0.200787
49854ms,49854,226.619,0.200798
49886ms,49886,226.589,0.200597
49918ms,49918,226.683,0.201078
49950ms,49950,226.693,0.201146
49982ms,49982,226.711,0.201151
50014ms,50014,226.658,0.201020
50046ms,50046,226.692,0.200897
50078ms,50078,226.670,0.200817
50110ms,50110,226.697,0.201102
50142ms,50142,226.719,0.200988
50174ms,50174,226.779,0.201279
50206ms,50206,226.700,0.199923
50254ms,50254,226.637,0.200323
50286ms,50286,226.476,0.200111
50318ms,50318,225.993,0.200658
50350ms,50350,225.435,0.200082
50382ms,50382,224.718,0.198012
50414ms,50414,224.738,0.197899
50446ms,50446,224.397,0.199074
50478ms,50478,224.307,0.198923
50510ms,50510,224.124,0.197690
50846ms,50846,223.007,0.197070
50878ms,50878,223.050,0.197565
50910ms,50910,223.193,0.198244
50942ms,50942,223.259,0.197552
50974ms,50974,223.716,0.198450
51006ms,51006,224.208,0.200762
51054ms,51054,224.590,0.199877
51086ms,51086,224.584,0.198771
51118ms,51118,224.722,0.201788
51150ms,51150,225.096,0.199436
51182ms,51182,225.069,0.199922
51214ms,51214,225.328,0.200756
51246ms,51246,226.016,0.200482
51278ms,51278,226.486,0.201709
51310ms,51310,226.681,0.201169
51342ms,51342,226.655,0.200801
51374ms,51374,226.670,0.200751
51406ms,51406,226.755,0.201054
51453ms,51453,226.730,0.201071
51486ms,51486,226.613,0.200908
51518ms,51518,226.697,0.201531
51549ms,51549,226.636,0.201593
51582ms,51582,226.656,0.201103
51614ms,51614,226.641,0.200951
51646ms,51646,226.567,0.201028
51678ms,51678,226.549,0.200642
51710ms,51710,226.896,0.200961
51742ms,51742,226.561,0.200601
51774ms,51774,226.343,0.199863
51806ms,51806,225.643,0.199976
51853ms,51853,225.326,0.201023
51885ms,51885,224.643,0.197938
51918ms,51918,224.621,0.197426
51950ms,51950,224.282,0.198823
51982ms,51982,224.178,0.197856
52350ms,52350,223.163,0.197095
52382ms,52382,223.024,0.197146
52414ms,52414,223.235,0.198397
52446ms,52446,223.386,0.198609
52478ms,52478,224.051,0.200478
52510ms,52510,224.259,0.200266
52541ms,52541,224.541,0.200339
52573ms,52573,224.709,0.198651
52606ms,52606,224.898,0.200732
52653ms,52653,224.853,0.199437
52685ms,52685,224.899,0.200146
52718ms,52718,225.693,0.200842
52750ms,52750,226.048,0.200520
52782ms,52782,226.574,0.201082
52814ms,52814,226.713,0.200962
52846ms,52846,226.719,0.200953
52877ms,52877,226.757,0.201241
52910ms,52910,226.686,0.201293
52942ms,52942,226.621,0.200991
52973ms,52973,226.634,0.201238
53006ms,53006,226.695,0.201002
53053ms,53053,226.647,0.200584
53085ms,53085,226.708,0.201172
53117ms,53117,226.681,0.200998
53150ms,53150,226.634,0.200931
53182ms,53182,226.442,0.200823
53214ms,53214,226.699,0.200285
53246ms,53246,226.380,0.200753
53278ms,53278,226.260,0.200033
53310ms,53310,225.516,0.200166
53342ms,53342,225.153,0.199363
53373ms,53373,224.594,0.198748
53406ms,53406,224.478,0.198099
53853ms,53853,223.053,0.197277
53885ms,53885,222.951,0.197242
53917ms,53917,223.337,0.198325
53950ms,53950,223.594,0.199714
53981ms,53981,224.285,0.200200
54014ms,54014,224.258,0.200095
54046ms,54046,224.618,0.199961
54078ms,54078,224.874,0.199406
54110ms,54110,225.070,0.199614
54142ms,54142,225.076,0.199471
54173ms,54173,225.138,0.201149
54205ms,54205,226.089,0.200726
54253ms,54253,226.403,0.201163
54285ms,54285,226.660,0.201258
54317ms,54317,226.717,0.200947
54349ms,54349,226.626,0.201009
54381ms,54381,226.696,0.200736
54413ms,54413,226.729,0.200857
54445ms,54445,226.670,0.200894
54477ms,54477,226.662,0.201280
54509ms,54509,226.652,0.201044
54541ms,54541,226.669,0.201002
54573ms,54573,226.669,0.200952
54605ms,54605,226.629,0.200539
54653ms,54653,226.612,0.201025
54685ms,54685,226.847,0.200514
54717ms,54717,226.686,0.200431
54749ms,54749,226.351,0.200291
54781ms,54781,225.619,0.199525
54813ms,54813,225.430,0.200988
54845ms,54845,224.725,0.198509
54877ms,54877,224.580,0.197845
54941ms,54941,224.264,0.198293
55309ms,55309,223.126,0.197334
55341ms,55341,223.071,0.197271
55373ms,55373,223.296,0.197740
55405ms,55405,223.466,0.198538
55453ms,55453,224.046,0.200489
55485ms,55485,224.211,0.200071
55517ms,55517,224.521,0.199989
55549ms,55549,224.686,0.198917
55581ms,55581,224.933,0.200777
55613ms,55613,224.933,0.199702
55645ms,55645,225.055,0.200521
55677ms,55677,225.669,0.201251
55709ms,55709,226.225,0.200963
55741ms,55741,226.590,0.201142
55773ms,55773,226.574,0.201257
55805ms,55805,226.639,0.200661
55853ms,55853,226.637,0.201063
55885ms,55885,226.592,0.201100
55917ms,55917,226.633,0.200975
55949ms,55949,226.662,0.201167
55981ms,55981,226.656,0.200974
56013ms,56013,226.569,0.200478
56045ms,56045,226.670,0.201103
56077ms,56077,226.687,0.201152
56109ms,56109,226.646,0.201211
56141ms,56141,226.424,0.200753
56173ms,56173,226.595,0.200091
56205ms,56205,226.529,0.200261
56253ms,56253,226.075,0.199995
56285ms,56285,225.467,0.200477
56317ms,56317,225.164,0.198828
56349ms,56349,224.604,0.198905
56381ms,56381,224.428,0.198090
56413ms,56413,224.255,0.198383
56445ms,56445,224.322,0.197957
56477ms,56477,224.195,0.197071
56813ms,56813,223.074,0.197610
56877ms,56877,223.190,0.198444
56909ms,56909,223.539,0.198361
56941ms,56941,224.202,0.200874
56973ms,56973,224.434,0.199840
57341ms,57341,226.731,0.201054
57373ms,57373,226.747,0.201151
57405ms,57405,226.625,0.200930
57453ms,57453,226.575,0.200601
57485ms,57485,226.667,0.200967
57517ms,57517,226.723,0.201007
57549ms,57549,226.753,0.201042
57581ms,57581,226.622,0.200740
57613ms,57613,226.669,0.200904
57677ms,57677,226.733,0.200598
57709ms,57709,226.450,0.200039
57741ms,57741,226.029,0.200291
57773ms,57773,225.438,0.200198
57805ms,57805,224.834,0.198129
57853ms,57853,224.603,0.197577
57917ms,57917,224.240,0.198615
57949ms,57949,224.080,0.197794
58285ms,58285,223.223,0.197183
58317ms,58317,223.080,0.197576
58349ms,58349,223.306,0.198020
58381ms,58381,223.169,0.198611
58413ms,58413,223.755,0.198824
58445ms,58445,224.070,0.199615
58477ms,58477,224.487,0.200832
58509ms,58509,224.701,0.199219
58541ms,58541,224.673,0.200602
58573ms,58573,225.097,0.199217
58605ms,58605,225.066,0.199353
58637ms,58637,225.479,0.200618
58685ms,58685,226.020,0.200175
58717ms,58717,226.446,0.201500
58749ms,58749,226.533,0.200537
58813ms,58813,226.624,0.200637
58845ms,58845,226.739,0.201383
58877ms,58877,226.711,0.200933
58909ms,58909,226.679,0.200998
58941ms,58941,226.625,0.200996
58973ms,58973,226.646,0.201198
59005ms,59005,226.655,0.201490
59037ms,59037,226.675,0.201005
59085ms,59085,226.586,0.200750
59117ms,59117,226.458,0.200908
59149ms,59149,226.786,0.200427
59181ms,59181,226.502,0.200800
59213ms,59213,226.349,0.200211
59245ms,59245,225.705,0.200485
59277ms,59277,225.416,0.200837
59341ms,59341,224.646,0.197784
59773ms,59773,223.159,0.196773
59805ms,59805,222.961,0.197030
59837ms,59837,223.204,0.197494
59917ms,59917,223.861,0.199470
59981ms,59981,224.461,0.199396
60013ms,60013,224.714,0.198757
60045ms,60045,224.709,0.201224
60077ms,60077,224.926,0.199639
60109ms,60109,225.280,0.199568
60141ms,60141,225.551,0.200483
60173ms,60173,225.971,0.200303
60205ms,60205,226.531,0.201394
60237ms,60237,226.664,0.201198
60285ms,60285,226.701,0.201245
60317ms,60317,226.585,0.200671
60349ms,60349,226.687,0.201056
60381ms,60381,226.734,0.200997
60413ms,60413,226.702,0.200660
60445ms,60445,226.598,0.200512
60477ms,60477,226.721,0.201111
60509ms,60509,226.632,0.200997
60541ms,60541,226.748,0.200920
60573ms,60573,226.763,0.200825
60605ms,60605,226.520,0.200950
60637ms,60637,226.948,0.200974
60685ms,60685,226.559,0.200409
60717ms,60717,226.294,0.200034
60749ms,60749,225.685,0.201127
60781ms,60781,225.434,0.200690
60813ms,60813,224.745,0.197964
60845ms,60845,224.585,0.197479
60941ms,60941,224.151,0.196778
61117ms,61117,224.008,0.197933
61277ms,61277,223.054,0.196927
61309ms,61309,223.257,0.197577
61341ms,61341,223.178,0.198663
61405ms,61405,223.997,0.198817
61437ms,61437,224.218,0.200119
61485ms,61485,224.482,0.199817
61517ms,61517,224.788,0.199458
61549ms,61549,224.778,0.200757
61581ms,61581,224.990,0.199716
61613ms,61613,225.190,0.199228
61645ms,61645,225.559,0.200314
61677ms,61677,226.116,0.200214
61709ms,61709,226.448,0.200754
61741ms,61741,226.598,0.200573
61773ms,61773,226.513,0.200859
61805ms,61805,226.546,0.200803
61837ms,61837,226.614,0.200652
61885ms,61885,226.563,0.200490
61917ms,61917,226.571,0.200669
61949ms,61949,226.579,0.200635
61981ms,61981,226.590,0.201145
62013ms,62013,226.572,0.200864
62045ms,62045,226.746,0.201175
62077ms,62077,226.751,0.201135
62109ms,62109,226.520,0.200618
62141ms,62141,226.604,0.200633
62173ms,62173,226.382,0.200332
62205ms,62205,226.112,0.199884
62237ms,62237,225.507,0.200631
62285ms,62285,225.423,0.199923
62317ms,62317,224.653,0.198854
62349ms,62349,224.441,0.198126
62381ms,62381,224.241,0.198777
62749ms,62749,223.048,0.197136
62781ms,62781,223.094,0.197184
62813ms,62813,223.095,0.197462
62845ms,62845,223.208,0.198724
62877ms,62877,223.373,0.197505
62909ms,62909,224.131,0.200765
62941ms,62941,224.294,0.200404
63005ms,63005,224.922,0.198879
63037ms,63037,224.930,0.200246
63085ms,63085,225.025,0.199846
63117ms,63117,225.284,0.199961
63149ms,63149,226.033,0.200118
63181ms,63181,226.466,0.201069
63213ms,63213,226.664,0.200879
63245ms,63245,226.661,0.201272
63277ms,63277,226.700,0.200922
63309ms,63309,226.552,0.200765
63341ms,63341,226.627,0.200755
63373ms,63373,226.643,0.201161
63405ms,63405,226.701,0.201411
63437ms,63437,226.704,0.201094
63469ms,63469,226.566,0.201052
63517ms,63517,226.632,0.201251
63549ms,63549,226.546,0.200863
63581ms,63581,226.645,0.200745
63613ms,63613,226.672,0.199743
63645ms,63645,226.482,0.200569
63677ms,63677,226.460,0.200136
63709ms,63709,226.146,0.200821
63741ms,63741,225.377,0.200725
63773ms,63773,224.890,0.197783
63805ms,63805,224.844,0.197751
63917ms,63917,224.213,0.198288
64077ms,64077,224.004,0.197342
64269ms,64269,223.131,0.198605
64317ms,64317,223.252,0.197927
64381ms,64381,223.788,0.199374
64445ms,64445,224.587,0.199882
64477ms,64477,224.547,0.198941
64509ms,64509,224.815,0.200809
64541ms,64541,225.165,0.199286
64573ms,64573,225.182,0.199939
64605ms,64605,225.417,0.201221
64637ms,64637,225.934,0.200551
64669ms,64669,226.452,0.201316
64717ms,64717,226.657,0.201199
64749ms,64749,226.648,0.200767
64781ms,64781,226.671,0.200923
64813ms,64813,226.637,0.200671
64845ms,64845,226.619,0.200552
64877ms,64877,226.666,0.201135
64909ms,64909,226.688,0.200755
64941ms,64941,226.777,0.201337
64973ms,64973,226.682,0.201173
65005ms,65005,226.636,0.201005
65037ms,65037,226.585,0.201176
65069ms,65069,226.608,0.201086
65117ms,65117,226.886,0.200346
65149ms,65149,226.643,0.200636
65181ms,65181,226.333,0.200134
65213ms,65213,225.605,0.200478
65245ms,65245,225.381,0.200735
65277ms,65277,224.892,0.197785
65309ms,65309,224.620,0.197478
65405ms,65405,224.159,0.197822
65773ms,65773,223.119,0.197249
65805ms,65805,223.331,0.197882
65869ms,65869,223.976,0.200472
65917ms,65917,224.150,0.200626
65949ms,65949,224.504,0.199711
65981ms,65981,224.722,0.198920
66013ms,66013,224.765,0.200293
66045ms,66045,224.944,0.199645
66077ms,66077,225.062,0.199593
66109ms,66109,225.603,0.200581
66141ms,66141,226.214,0.200282
66173ms,66173,226.672,0.201233
66205ms,66205,226.673,0.200919
66237ms,66237,226.636,0.200998
66269ms,66269,226.655,0.201057
66317ms,66317,226.685,0.201201
66349ms,66349,226.707,0.201165
66381ms,66381,226.663,0.201104
66413ms,66413,226.720,0.200810
66445ms,66445,226.714,0.200995
66477ms,66477,226.592,0.200585
66509ms,66509,226.726,0.201022
66541ms,66541,226.782,0.200938
66573ms,66573,226.442,0.200650
66605ms,66605,226.614,0.200353
66637ms,66637,226.384,0.200394
66669ms,66669,226.215,0.200158
66717ms,66717,225.451,0.200283
66813ms,66813,224.334,0.198859
67245ms,67245,223.038,0.197572
67277ms,67277,223.152,0.197252
67309ms,67309,223.205,0.198341
67341ms,67341,223.607,0.198015
67373ms,67373,224.193,0.199999
67405ms,67405,224.343,0.200286
67437ms,67437,224.595,0.199247
67469ms,67469,224.861,0.200897
67517ms,67517,225.114,0.199495
67549ms,67549,225.110,0.199657
67581ms,67581,225.183,0.200382
67613ms,67613,226.151,0.200029
67645ms,67645,226.411,0.200568
67677ms,67677,226.686,0.201184
67709ms,67709,226.624,0.201133
67741ms,67741,226.651,0.200917
67773ms,67773,226.681,0.201064
67805ms,67805,226.660,0.201031
67869ms,67869,226.704,0.200909
67917ms,67917,226.657,0.200988
67949ms,67949,226.706,0.200997
67981ms,67981,226.664,0.200615
68045ms,68045,226.644,0.201205
68077ms,68077,226.736,0.200668
68109ms,68109,226.631,0.200447
68141ms,68141,226.390,0.199875
68173ms,68173,225.993,0.200379
68205ms,68205,225.509,0.200067
68237ms,68237,224.721,0.198261
68269ms,68269,224.700,0.197436
68349ms,68349,224.225,0.198858
68541ms,68541,224.065,0.197461
68781ms,68781,223.206,0.197423
68813ms,68813,223.155,0.198180
68845ms,68845,223.720,0.199393
68877ms,68877,224.225,0.200156
68909ms,68909,224.348,0.200169
68941ms,68941,224.736,0.199255
68973ms,68973,224.862,0.201287
69005ms,69005,224.998,0.199777
69037ms,69037,225.105,0.199335
69069ms,69069,225.443,0.200945
69101ms,69101,226.069,0.201059
69149ms,69149,226.467,0.201099
69181ms,69181,226.676,0.201212
69213ms,69213,226.627,0.200801
69245ms,69245,226.652,0.200938
69277ms,69277,226.617,0.201282
69309ms,69309,226.657,0.201129
69341ms,69341,226.650,0.201104
69373ms,69373,226.679,0.201379
69405ms,69405,226.674,0.200856
69437ms,69437,226.728,0.201081
69469ms,69469,226.747,0.200930
69501ms,69501,226.738,0.201111
69549ms,69549,226.564,0.201281
69581ms,69581,226.787,0.200620
69613ms,69613,226.592,0.200178
69645ms,69645,226.325,0.200042
69677ms,69677,225.542,0.199905
69709ms,69709,225.305,0.200615
69773ms,69773,224.520,0.197860
69869ms,69869,224.217,0.197407
70205ms,70205,223.016,0.197658
70237ms,70237,223.150,0.197738
70301ms,70301,223.508,0.199500
70349ms,70349,224.203,0.200236
70381ms,70381,224.225,0.200220
70413ms,70413,224.490,0.198620
70445ms,70445,224.946,0.199017
70477ms,70477,224.940,0.200608
70509ms,70509,225.000,0.199515
70541ms,70541,225.248,0.199383
70573ms,70573,225.817,0.200724
70605ms,70605,226.268,0.200479
70637ms,70637,226.619,0.200734
70669ms,70669,226.581,0.201226
70701ms,70701,226.559,0.200671
70749ms,70749,226.645,0.200646
70781ms,70781,226.634,0.200884
70813ms,70813,226.689,0.201028
70845ms,70845,226.603,0.200963
70877ms,70877,226.715,0.200725
70909ms,70909,226.636,0.201035
70941ms,70941,226.675,0.200760
70973ms,70973,226.725,0.200964
71005ms,71005,226.609,0.200996
71037ms,71037,226.655,0.200825
71069ms,71069,226.711,0.200539
71101ms,71101,226.549,0.200358
71149ms,71149,226.190,0.200290
71181ms,71181,225.360,0.200987
71213ms,71213,224.782,0.197492
71245ms,71245,224.658,0.198608
71277ms,71277,224.247,0.198894
71373ms,71373,224.191,0.197278
71677ms,71677,223.231,0.196625
71709ms,71709,223.109,0.198035
71741ms,71741,223.417,0.197638
71773ms,71773,223.457,0.198438
71805ms,71805,223.824,0.199464
71837ms,71837,224.273,0.200275
71869ms,71869,224.498,0.200338
71901ms,71901,224.522,0.199726
71949ms,71949,224.820,0.200777
71981ms,71981,224.818,0.200171
72013ms,72013,224.789,0.200172
72045ms,72045,225.593,0.200912
72077ms,72077,226.077,0.200887
72109ms,72109,226.602,0.201296
72141ms,72141,226.609,0.201047
72173ms,72173,226.676,0.201094
72205ms,72205,226.633,0.201176
72237ms,72237,226.713,0.201062
72269ms,72269,226.668,0.201087
72301ms,72301,226.696,0.201009
72381ms,72381,226.620,0.200852
72413ms,72413,226.696,0.201215
72445ms,72445,226.695,0.201234
72477ms,72477,226.682,0.201086
72509ms,72509,226.487,0.201221
72541ms,72541,226.844,0.200432
72573ms,72573,226.631,0.200491
72605ms,72605,226.253,0.200026
72637ms,72637,225.518,0.200231
72669ms,72669,225.294,0.201133
72701ms,72701,224.634,0.197657
72749ms,72749,224.654,0.197818
73213ms,73213,222.787,0.197077
73245ms,73245,223.217,0.198094
73277ms,73277,223.467,0.198581
73309ms,73309,224.185,0.200104
73341ms,73341,224.238,0.200339
73373ms,73373,224.572,0.199494
73405ms,73405,224.832,0.200108
73437ms,73437,225.194,0.199714
73469ms,73469,225.015,0.199298
73501ms,73501,225.023,0.200790
73533ms,73533,225.712,0.200326
73581ms,73581,226.397,0.201075
73613ms,73613,226.707,0.201189
73645ms,73645,226.615,0.201117
73677ms,73677,226.673,0.201038
73709ms,73709,226.718,0.201098
73741ms,73741,226.684,0.201213
73773ms,73773,226.638,0.201023
73805ms,73805,226.674,0.201102
73837ms,73837,226.667,0.200838
73869ms,73869,226.661,0.201077
73901ms,73901,226.654,0.200971
73933ms,73933,226.732,0.201185
73981ms,73981,226.719,0.200921
74013ms,74013,226.598,0.200874
74045ms,74045,226.653,0.200314
74077ms,74077,226.527,0.200195
74109ms,74109,225.960,0.200286
74141ms,74141,225.293,0.201117
74173ms,74173,224.861,0.197775
74205ms,74205,224.662,0.198401
74269ms,74269,224.252,0.198247
74301ms,74301,224.064,0.198054
74637ms,74637,223.171,0.196668
74669ms,74669,223.014,0.197784
74701ms,74701,223.252,0.197667
74733ms,74733,223.319,0.199598
74781ms,74781,223.668,0.198777
74813ms,74813,224.212,0.200609
74845ms,74845,224.414,0.200405
74877ms,74877,224.620,0.198779
74909ms,74909,224.936,0.200911
74941ms,74941,225.145,0.199503
74973ms,74973,225.007,0.200024
75005ms,75005,225.447,0.199590
75037ms,75037,225.944,0.200817
75069ms,75069,226.312,0.200636
75101ms,75101,226.749,0.201311
75133ms,75133,226.664,0.201158
75181ms,75181,226.621,0.200772
75213ms,75213,226.504,0.201489
75245ms,75245,226.651,0.201236
75277ms,75277,226.615,0.201420
75309ms,75309,226.686,0.200984
75341ms,75341,226.668,0.201539
75373ms,75373,226.671,0.201369
75405ms,75405,226.609,0.201273
75437ms,75437,226.768,0.201424
75469ms,75469,226.776,0.200568
75501ms,75501,226.667,0.201541
75533ms,75533,226.365,0.200926
75581ms,75581,226.078,0.200630
75613ms,75613,225.748,0.200128
75645ms,75645,225.436,0.200492
75709ms,75709,224.650,0.197322
75805ms,75805,224.118,0.197739
76205ms,76205,223.254,0.197171
76237ms,76237,223.263,0.197471
76269ms,76269,223.987,0.200230
76477ms,76477,225.285,0.199975
76509ms,76509,225.693,0.199859
76541ms,76541,225.936,0.200732
76573ms,76573,226.523,0.201106
76605ms,76605,226.588,0.200969
76637ms,76637,226.553,0.201640
76669ms,76669,226.560,0.201855
76701ms,76701,226.523,0.201146
76733ms,76733,226.537,0.201210
76781ms,76781,226.636,0.201517
76813ms,76813,226.659,0.201041
76845ms,76845,226.654,0.201583
76877ms,76877,226.638,0.200957
76909ms,76909,226.597,0.200980
76941ms,76941,226.771,0.200852
76973ms,76973,226.512,0.200555
77005ms,77005,226.575,0.201193
77037ms,77037,226.372,0.200831
77069ms,77069,226.085,0.199786
77101ms,77101,225.401,0.201284
77133ms,77133,225.221,0.199246
77181ms,77181,224.785,0.197989
77469ms,77469,224.020,0.197738
77645ms,77645,222.999,0.197510
77677ms,77677,223.182,0.197670
77709ms,77709,223.230,0.198410
77741ms,77741,223.471,0.198510
77773ms,77773,224.193,0.200876
77805ms,77805,224.341,0.200244
77837ms,77837,224.627,0.200054
77869ms,77869,224.829,0.200752
77901ms,77901,224.905,0.200022
77933ms,77933,225.041,0.200018
77981ms,77981,225.393,0.199692
78012ms,78012,226.060,0.200266
78045ms,78045,226.183,0.200827
78077ms,78077,226.611,0.201149
78109ms,78109,226.600,0.200884
78141ms,78141,226.559,0.201190
78173ms,78173,226.588,0.200920
78204ms,78204,226.695,0.201729
78237ms,78237,226.527,0.201284
78269ms,78269,226.588,0.201100
78301ms,78301,226.575,0.200924
78333ms,78333,226.588,0.200957
78365ms,78365,226.683,0.201122
78412ms,78412,226.635,0.201050
78444ms,78444,226.538,0.200839
78477ms,78477,226.583,0.200861
78508ms,78508,226.540,0.201369
78540ms,78540,226.415,0.200644
78573ms,78573,226.052,0.200206
78604ms,78604,225.499,0.200325
78637ms,78637,224.791,0.197785
78669ms,78669,224.540,0.198333
79133ms,79133,223.114,0.197610
79180ms,79180,223.172,0.197415
79244ms,79244,223.763,0.198579
79277ms,79277,224.291,0.199955
79308ms,79308,224.442,0.199264
79341ms,79341,224.565,0.199093
79373ms,79373,224.773,0.201228
79404ms,79404,225.060,0.199852
79437ms,79437,225.160,0.199600
79469ms,79469,225.651,0.200027
79500ms,79500,226.034,0.201118
79533ms,79533,226.512,0.201440
79564ms,79564,226.616,0.201098
79612ms,79612,226.513,0.201375
79644ms,79644,226.593,0.201713
79676ms,79676,226.591,0.201087
79708ms,79708,226.562,0.201349
79741ms,79741,226.615,0.201640
79773ms,79773,226.646,0.201408
79804ms,79804,226.568,0.200779
79836ms,79836,226.545,0.200691
79868ms,79868,226.561,0.200880
79900ms,79900,226.629,0.200938
79932ms,79932,226.647,0.201085
79980ms,79980,226.725,0.200237
80012ms,80012,226.429,0.200617
80044ms,80044,226.222,0.200111
80076ms,80076,225.917,0.200631
80108ms,80108,225.417,0.201035
80140ms,80140,224.834,0.198285
80604ms,80604,223.217,0.196830
80636ms,80636,223.047,0.197345
80668ms,80668,223.236,0.198137
80732ms,80732,223.838,0.199823
80780ms,80780,224.177,0.199274
80812ms,80812,224.546,0.200092
80844ms,80844,224.734,0.199152
80876ms,80876,224.884,0.201584
80908ms,80908,224.945,0.199441
80940ms,80940,225.140,0.199702
80972ms,80972,225.590,0.200542
81004ms,81004,226.046,0.200177
81036ms,81036,226.470,0.201418
81068ms,81068,226.653,0.200974
81100ms,81100,226.520,0.200491
81132ms,81132,226.531,0.200644
81180ms,81180,226.618,0.201487
81212ms,81212,226.628,0.201409
81244ms,81244,226.600,0.201570
81276ms,81276,226.628,0.201702
81308ms,81308,226.681,0.201366
81340ms,81340,226.612,0.201489
81372ms,81372,226.540,0.201024
81404ms,81404,226.685,0.201011
81437ms,81437,226.539,0.201363
81469ms,81469,226.728,0.200532
81500ms,81500,226.449,0.200758
81532ms,81532,226.206,0.200007
81580ms,81580,225.546,0.199889
81612ms,81612,225.458,0.201177
81644ms,81644,224.814,0.198060
81676ms,81676,224.570,0.197452
82108ms,82108,223.190,0.197542
82140ms,82140,223.010,0.197203
82236ms,82236,224.178,0.198986
82268ms,82268,224.319,0.200959
82300ms,82300,224.501,0.199318
82332ms,82332,224.927,0.200370
82364ms,82364,224.852,0.201163
82412ms,82412,224.962,0.199607
82444ms,82444,225.181,0.200490
82476ms,82476,225.954,0.200769
82508ms,82508,226.245,0.201319
82540ms,82540,226.623,0.201477
82572ms,82572,226.644,0.201381
82604ms,82604,226.664,0.201112
82636ms,82636,226.702,0.201216
82668ms,82668,226.698,0.201297
82732ms,82732,226.641,0.200621
82764ms,82764,226.699,0.201204
82812ms,82812,226.599,0.200658
82844ms,82844,226.696,0.201221
82876ms,82876,226.669,0.200879
82908ms,82908,226.677,0.201668
82940ms,82940,226.621,0.200311
82972ms,82972,226.717,0.200933
83004ms,83004,226.633,0.200182
83036ms,83036,226.143,0.200200
83068ms,83068,225.389,0.201065
83100ms,83100,225.066,0.197910
83132ms,83132,224.578,0.198505
83164ms,83164,224.368,0.198556
83436ms,83436,223.914,0.197939
83612ms,83612,223.119,0.196880
83644ms,83644,223.081,0.197480
83676ms,83676,223.391,0.198089
83708ms,83708,223.477,0.198710
83740ms,83740,224.183,0.201021
83772ms,83772,224.324,0.200781
83804ms,83804,224.685,0.199972
83836ms,83836,224.894,0.199902
83868ms,83868,224.994,0.199904
83900ms,83900,224.970,0.199844
83932ms,83932,225.343,0.199906
83964ms,83964,226.061,0.199890
84012ms,84012,226.316,0.200966
84076ms,84076,226.694,0.201081
84108ms,84108,226.647,0.200792
84140ms,84140,226.653,0.200919
84172ms,84172,226.668,0.200751
84204ms,84204,226.700,0.201267
84236ms,84236,226.656,0.200582
84268ms,84268,226.603,0.200651
84300ms,84300,226.595,0.200625
84332ms,84332,226.628,0.200442
84364ms,84364,226.611,0.200857
84412ms,84412,226.650,0.201319
84444ms,84444,226.943,0.200823
84476ms,84476,226.532,0.200374
84508ms,84508,226.246,0.199733
84540ms,84540,225.924,0.200388
84572ms,84572,225.457,0.200997
85068ms,85068,223.166,0.197145
85100ms,85100,223.148,0.197037
85132ms,85132,223.276,0.197812
85212ms,85212,224.160,0.200295
85244ms,85244,224.237,0.200239
85276ms,85276,224.564,0.198887
85308ms,85308,224.604,0.198393
85340ms,85340,224.707,0.200631
85372ms,85372,224.938,0.199557
85404ms,85404,225.017,0.199808
85436ms,85436,225.622,0.201152
85468ms,85468,226.036,0.201026
85500ms,85500,226.618,0.201513
85532ms,85532,226.685,0.201078
85564ms,85564,226.684,0.201060
85612ms,85612,226.596,0.200565
85644ms,85644,226.681,0.200860
85708ms,85708,226.707,0.200966
85740ms,85740,226.662,0.200967
85772ms,85772,226.694,0.200916
85804ms,85804,226.651,0.201122
85836ms,85836,226.669,0.200927
85868ms,85868,226.711,0.201155
85900ms,85900,226.488,0.200916
85932ms,85932,226.649,0.200409
85964ms,85964,226.475,0.200045
86012ms,86012,226.172,0.200095
86044ms,86044,225.497,0.199644
86076ms,86076,225.044,0.199368
86140ms,86140,224.323,0.198336
86540ms,86540,223.093,0.198653
86572ms,86572,223.032,0.197464
86604ms,86604,223.135,0.197517
86636ms,86636,223.228,0.198202
86668ms,86668,223.524,0.199239
86700ms,86700,224.197,0.199361
86732ms,86732,224.257,0.200252
86764ms,86764,224.760,0.199385
86796ms,86796,224.993,0.200195
86844ms,86844,224.949,0.199955
86876ms,86876,225.143,0.199378
86908ms,86908,225.330,0.200795
86940ms,86940,226.044,0.200448
86972ms,86972,226.344,0.201444
87004ms,87004,226.674,0.200929
87036ms,87036,226.664,0.200956
87068ms,87068,226.630,0.200987
87100ms,87100,226.772,0.201005
87132ms,87132,226.737,0.201087
87164ms,87164,226.709,0.200919
87196ms,87196,226.645,0.200637
87244ms,87244,226.650,0.200608
87276ms,87276,226.703,0.201265
87308ms,87308,226.645,0.201136
87340ms,87340,226.721,0.201407
87372ms,87372,226.689,0.200925
87404ms,87404,226.636,0.201683
87436ms,87436,226.586,0.200643
87468ms,87468,226.525,0.200047
87500ms,87500,226.128,0.200540
87532ms,87532,225.382,0.200623
87564ms,87564,224.908,0.197860
87596ms,87596,224.801,0.197834
87708ms,87708,224.165,0.198012
88044ms,88044,223.164,0.196706
88076ms,88076,223.064,0.197382
88108ms,88108,223.214,0.197872
88140ms,88140,223.305,0.198091
88172ms,88172,223.837,0.199289
88204ms,88204,224.283,0.200270
88236ms,88236,224.509,0.199885
88268ms,88268,224.684,0.199598
88300ms,88300,224.830,0.201482
88332ms,88332,225.021,0.199611
88364ms,88364,225.103,0.199657
88396ms,88396,225.382,0.201232
88476ms,88476,226.404,0.201146
88508ms,88508,226.716,0.201310
88540ms,88540,226.702,0.200969
88572ms,88572,226.703,0.201038
88604ms,88604,226.716,0.201233
88636ms,88636,226.685,0.201042
88668ms,88668,226.708,0.201050
88700ms,88700,226.593,0.200494
88732ms,88732,226.672,0.201087
88764ms,88764,226.599,0.200729
88796ms,88796,226.669,0.200980
88844ms,88844,226.712,0.200982
88876ms,88876,226.520,0.201151
88908ms,88908,226.805,0.201088
88940ms,88940,226.515,0.200036
88972ms,88972,226.306,0.199843
89004ms,89004,225.515,0.200131
89036ms,89036,225.325,0.200790
89100ms,89100,224.551,0.197882
89132ms,89132,224.445,0.198499
89532ms,89532,223.157,0.197481
89564ms,89564,223.134,0.197359
89596ms,89596,223.344,0.197917
89676ms,89676,223.938,0.199352
89708ms,89708,224.282,0.200244
89740ms,89740,224.587,0.199892
89772ms,89772,224.720,0.199221
89804ms,89804,224.819,0.200783
89836ms,89836,224.945,0.200562
89868ms,89868,225.232,0.199574
89900ms,89900,225.729,0.199672
89932ms,89932,226.162,0.200615
89964ms,89964,226.608,0.201501
89996ms,89996,226.622,0.201001
90044ms,90044,226.641,0.201338
90076ms,90076,226.565,0.200805
90108ms,90108,226.591,0.200712
90140ms,90140,226.523,0.200957
90172ms,90172,226.553,0.201197
90204ms,90204,226.554,0.200986
90236ms,90236,226.550,0.201051
90268ms,90268,226.557,0.201300
90300ms,90300,226.563,0.201060
90332ms,90332,226.630,0.201118
90364ms,90364,226.759,0.200094
90396ms,90396,226.658,0.201020
90444ms,90444,226.401,0.200396
90476ms,90476,226.235,0.200146
90508ms,90508,225.501,0.199986
90540ms,90540,225.143,0.200011
90572ms,90572,224.683,0.199402
90604ms,90604,224.457,0.198437
91036ms,91036,223.075,0.197428
91068ms,91068,223.166,0.197397
91100ms,91100,223.301,0.198956
91164ms,91164,224.255,0.200927
91196ms,91196,224.319,0.200550
91244ms,91244,224.708,0.200232
91276ms,91276,224.850,0.200403
91308ms,91308,224.990,0.200410
91372ms,91372,225.329,0.200514
91404ms,91404,226.101,0.200394
91436ms,91436,226.362,0.201240
91468ms,91468,226.608,0.200947
91500ms,91500,226.680,0.200949
91532ms,91532,226.660,0.200783
91564ms,91564,226.666,0.200607
91596ms,91596,226.661,0.200673
91644ms,91644,226.667,0.200572
91676ms,91676,226.677,0.200783
91708ms,91708,226.693,0.201091
91740ms,91740,226.691,0.201151
91772ms,91772,226.713,0.201248
91804ms,91804,226.593,0.200518
91836ms,91836,226.697,0.200847
91868ms,91868,226.773,0.200325
91900ms,91900,226.680,0.200423
91932ms,91932,226.371,0.200009
91964ms,91964,226.021,0.200430
91996ms,91996,225.465,0.199847
92028ms,92028,224.844,0.197512
92076ms,92076,224.738,0.198049
92172ms,92172,224.244,0.197839
92540ms,92540,223.191,0.198033
92572ms,92572,223.339,0.197307
92604ms,92604,223.434,0.199934
92636ms,92636,223.779,0.199376
92668ms,92668,224.324,0.199546
92700ms,92700,224.447,0.200382
92732ms,92732,224.591,0.199375
92764ms,92764,224.802,0.201434
92796ms,92796,224.977,0.199577
92828ms,92828,225.102,0.199989
92876ms,92876,225.400,0.201243
92908ms,92908,225.938,0.200487
92940ms,92940,226.439,0.201524
92972ms,92972,226.614,0.201112
93004ms,93004,226.675,0.201034
93036ms,93036,226.734,0.200994
93068ms,93068,226.693,0.201039
93100ms,93100,226.740,0.201032
93132ms,93132,226.637,0.200892
93164ms,93164,226.697,0.200987
93196ms,93196,226.773,0.201189
93228ms,93228,226.678,0.200851
93276ms,93276,226.644,0.200624
93308ms,93308,226.704,0.201219
93340ms,93340,226.426,0.201047
93372ms,93372,226.854,0.201020
93404ms,93404,226.534,0.200264
93436ms,93436,226.275,0.199967
93468ms,93468,225.729,0.200262
93500ms,93500,225.329,0.201282
93564ms,93564,224.585,0.197745
93596ms,93596,224.352,0.199158
93676ms,93676,224.092,0.197324
94076ms,94076,223.221,0.198819
94140ms,94140,223.961,0.200135
94172ms,94172,224.375,0.200194
94204ms,94204,224.531,0.199788
94236ms,94236,224.625,0.199421
94268ms,94268,224.894,0.201020
94300ms,94300,224.930,0.199801
94332ms,94332,225.249,0.199741
94364ms,94364,225.832,0.199768
94396ms,94396,226.090,0.201064
94428ms,94428,226.656,0.201661
94476ms,94476,226.700,0.201752
94508ms,94508,226.573,0.200911
94540ms,94540,226.665,0.201467
94572ms,94572,226.676,0.201408
94604ms,94604,226.677,0.201620
94636ms,94636,226.563,0.201031
94668ms,94668,226.705,0.201601
94700ms,94700,226.605,0.201004
94732ms,94732,226.642,0.201104
94764ms,94764,226.629,0.201133
94796ms,94796,226.551,0.201114
94828ms,94828,226.585,0.200213
94876ms,94876,226.487,0.200845
94908ms,94908,226.378,0.200395
94940ms,94940,226.097,0.199655
94972ms,94972,225.413,0.200742
95004ms,95004,225.168,0.198704
95036ms,95036,224.574,0.199494
95068ms,95068,224.429,0.198225
95132ms,95132,224.223,0.198295
95340ms,95340,223.869,0.197962
95628ms,95628,224.039,0.200289
95676ms,95676,224.265,0.200385
95708ms,95708,224.642,0.199053
95740ms,95740,224.962,0.200906
95772ms,95772,224.992,0.200279
95804ms,95804,225.043,0.199585
95836ms,95836,225.278,0.200384
95868ms,95868,226.033,0.200012
95900ms,95900,226.247,0.200830
95932ms,95932,226.686,0.201108
95964ms,95964,226.662,0.201441
95996ms,95996,226.562,0.201346
96028ms,96028,226.500,0.201079
96076ms,96076,226.640,0.201476
96108ms,96108,226.608,0.201516
96140ms,96140,226.566,0.200975
96172ms,96172,226.512,0.200858
96204ms,96204,226.500,0.200904
96236ms,96236,226.558,0.201337
96268ms,96268,226.545,0.201278
96300ms,96300,226.617,0.201110
96332ms,96332,226.690,0.199955
96364ms,96364,226.523,0.200992
96396ms,96396,226.398,0.200653
96428ms,96428,226.123,0.200556
96476ms,96476,225.485,0.200069
96508ms,96508,224.817,0.197997
96572ms,96572,224.178,0.198887
97004ms,97004,223.083,0.197229
97036ms,97036,223.273,0.197562
97068ms,97068,223.433,0.198606
97100ms,97100,223.811,0.199780
97132ms,97132,224.216,0.200192
97164ms,97164,224.513,0.200561
97196ms,97196,224.543,0.199201
97228ms,97228,224.785,0.202045
97260ms,97260,224.969,0.199888
97308ms,97308,225.029,0.199819
97340ms,97340,225.264,0.200826
97372ms,97372,226.016,0.200809
97404ms,97404,226.492,0.201545
97436ms,97436,226.686,0.200764
97468ms,97468,226.716,0.201263
97500ms,97500,226.691,0.201363
97532ms,97532,226.704,0.200820
97564ms,97564,226.696,0.201259
97596ms,97596,226.745,0.201037
97628ms,97628,226.726,0.201160
97660ms,97660,226.675,0.201478
97708ms,97708,226.612,0.201119
97740ms,97740,226.584,0.201180
97772ms,97772,226.760,0.201157
97804ms,97804,226.416,0.200685
97836ms,97836,226.834,0.200942
97868ms,97868,226.333,0.200608
97900ms,97900,226.282,0.199887
97932ms,97932,225.642,0.200548
97964ms,97964,225.439,0.201223
98028ms,98028,224.532,0.198139
98060ms,98060,224.190,0.199692
98108ms,98108,224.308,0.198065
98140ms,98140,223.983,0.197100
98508ms,98508,223.002,0.197182
98604ms,98604,223.931,0.200300
98636ms,98636,224.241,0.200032
98668ms,98668,224.601,0.200033
98700ms,98700,224.808,0.199134
98732ms,98732,224.819,0.200672
98764ms,98764,224.931,0.199905
98796ms,98796,225.093,0.200299
98828ms,98828,225.847,0.200459
98860ms,98860,226.186,0.200641
98908ms,98908,226.581,0.200774
98940ms,98940,226.660,0.201359
98972ms,98972,226.612,0.201108
99004ms,99004,226.605,0.200948
99036ms,99036,226.668,0.201131
99068ms,99068,226.748,0.201137
99100ms,99100,226.677,0.201203
99132ms,99132,226.703,0.201248
99164ms,99164,226.677,0.201055
99196ms,99196,226.583,0.201041
99228ms,99228,226.691,0.201384
99260ms,99260,226.638,0.200787
99308ms,99308,226.550,0.200509
99340ms,99340,226.701,0.200318
99372ms,99372,226.391,0.200358
99404ms,99404,226.114,0.199764
99436ms,99436,225.436,0.200883
99468ms,99468,225.228,0.198769
99500ms,99500,224.618,0.199079
99532ms,99532,224.511,0.198890
99564ms,99564,224.220,0.198615
99772ms,99772,223.995,0.196882
99932ms,99932,223.211,0.196595
99964ms,99964,223.077,0.197679
99996ms,99996,223.130,0.197325
100028ms,100028,223.317,0.199375
100108ms,100108,224.107,0.199387
100140ms,100140,224.439,0.200407
100172ms,100172,224.696,0.199224
100204ms,100204,225.054,0.199247
100236ms,100236,224.949,0.200704
100268ms,100268,225.235,0.199684
100300ms,100300,225.515,0.200044
100332ms,100332,225.968,0.200143
100364ms,100364,226.328,0.200862
100396ms,100396,226.644,0.201727
100428ms,100428,226.609,0.200999
100460ms,100460,226.603,0.201068
100508ms,100508,226.606,0.201391
100540ms,100540,226.661,0.201743
100572ms,100572,226.536,0.201123
100604ms,100604,226.650,0.201574
100636ms,100636,226.731,0.201677
100668ms,100668,226.606,0.200975
100700ms,100700,226.636,0.201066
100732ms,100732,226.626,0.200933
100764ms,100764,226.903,0.201276
100796ms,100796,226.739,0.200763
100828ms,100828,226.581,0.201187
100860ms,100860,226.443,0.200610
100908ms,100908,226.090,0.200336
100940ms,100940,225.444,0.200372
100972ms,100972,224.871,0.197962
101036ms,101036,224.270,0.198853
101068ms,101068,224.217,0.198560
101436ms,101436,223.182,0.196687
101468ms,101468,223.029,0.197942
101500ms,101500,223.214,0.197950
101532ms,101532,223.261,0.198437
101564ms,101564,223.663,0.199121
101596ms,101596,224.140,0.199259
101628ms,101628,224.462,0.200431
101660ms,101660,224.502,0.198828
101692ms,101692,224.721,0.200879
101740ms,101740,225.217,0.199140
101772ms,101772,225.017,0.199420
101804ms,101804,225.292,0.200699
101836ms,101836,226.014,0.200781
101868ms,101868,226.466,0.201765
101900ms,101900,226.649,0.200972
101932ms,101932,226.591,0.201191
101964ms,101964,226.584,0.200828
101996ms,101996,226.607,0.200982
102028ms,102028,226.689,0.201309
102060ms,102060,226.668,0.201064
102092ms,102092,226.726,0.201412
102140ms,102140,226.594,0.200942
102172ms,102172,226.640,0.200817
102204ms,102204,226.710,0.201224
102236ms,102236,226.667,0.200886
102268ms,102268,226.404,0.200510
102300ms,102300,226.784,0.200727
102332ms,102332,226.450,0.200803
102364ms,102364,226.221,0.199973
102396ms,102396,225.513,0.200550
102428ms,102428,225.348,0.200665
102460ms,102460,224.648,0.198576
102492ms,102492,224.523,0.198695
102972ms,102972,223.279,0.198285
103004ms,103004,223.209,0.197710
103068ms,103068,223.886,0.199479
103100ms,103100,224.209,0.200317
103132ms,103132,224.531,0.199737
103164ms,103164,224.632,0.198528
103196ms,103196,224.782,0.201351
103228ms,103228,225.108,0.199345
103260ms,103260,225.206,0.199725
103292ms,103292,225.574,0.199906
103339ms,103339,226.026,0.201134
103372ms,103372,226.479,0.200747
103404ms,103404,226.554,0.200511
103436ms,103436,226.501,0.200947
103468ms,103468,226.708,0.201206
103500ms,103500,226.684,0.201697
103532ms,103532,226.658,0.201701
103564ms,103564,226.713,0.201813
103596ms,103596,226.625,0.201694
103628ms,103628,226.609,0.201629
103660ms,103660,226.629,0.200866
103692ms,103692,226.548,0.201174
103739ms,103739,226.625,0.201078
103772ms,103772,226.553,0.201079
103804ms,103804,226.681,0.200699
103836ms,103836,226.409,0.200353
103900ms,103900,225.433,0.200000
103932ms,103932,225.309,0.200104
103964ms,103964,224.686,0.199115
104027ms,104027,224.387,0.198736
104428ms,104428,223.143,0.197527
104460ms,104460,223.150,0.197596
104508ms,104508,223.119,0.199259
104539ms,104539,223.286,0.198250
104572ms,104572,224.019,0.201008
104603ms,104603,224.295,0.199937
104635ms,104635,224.603,0.199786
104668ms,104668,224.853,0.200892
104700ms,104700,224.978,0.201345
104732ms,104732,224.826,0.199198
104764ms,104764,225.184,0.199901
104796ms,104796,225.891,0.199902
104827ms,104827,226.237,0.200386
104859ms,104859,226.589,0.200570
104907ms,104907,226.696,0.201339
104939ms,104939,226.601,0.201665
104971ms,104971,226.682,0.201524
105004ms,105004,226.649,0.201463
105035ms,105035,226.643,0.200973
105068ms,105068,226.642,0.201068
105100ms,105100,226.678,0.201795
105131ms,105131,226.572,0.201292
105164ms,105164,226.665,0.201731
105227ms,105227,226.709,0.201823
105260ms,105260,226.543,0.200539
105292ms,105292,226.580,0.200832
105339ms,105339,226.326,0.200458
105371ms,105371,226.123,0.200097
105403ms,105403,225.471,0.200968
105435ms,105435,225.161,0.198598
105467ms,105467,224.780,0.198463
105499ms,105499,224.333,0.198676
105563ms,105563,224.198,0.198584
105899ms,105899,223.139,0.197086
105931ms,105931,223.103,0.197625
105963ms,105963,223.183,0.197378
106059ms,106059,224.115,0.199604
106091ms,106091,224.328,0.200076
106139ms,106139,224.509,0.200423
106171ms,106171,224.817,0.200680
106203ms,106203,225.083,0.200306
106235ms,106235,225.036,0.199925
106267ms,106267,225.167,0.199514
106299ms,106299,226.023,0.200306
106331ms,106331,226.296,0.200869
106363ms,106363,226.647,0.201048
106395ms,106395,226.717,0.201294
106427ms,106427,226.682,0.201191
106459ms,106459,226.681,0.201717
106491ms,106491,226.670,0.201381
106539ms,106539,226.542,0.201552
106571ms,106571,226.588,0.201309
106603ms,106603,226.550,0.201159
106635ms,106635,226.625,0.201319
106667ms,106667,226.675,0.201212
106699ms,106699,226.671,0.201304
106731ms,106731,226.741,0.200853
106763ms,106763,226.605,0.200886
106795ms,106795,226.451,0.200870
106827ms,106827,226.367,0.200659
106859ms,106859,226.072,0.200457
106891ms,106891,225.431,0.200265
106939ms,106939,224.835,0.197659
106971ms,106971,224.666,0.198378
107003ms,107003,224.281,0.198168
107035ms,107035,224.283,0.197963
107435ms,107435,223.108,0.196975
107467ms,107467,223.246,0.197383
107499ms,107499,223.284,0.198232
107595ms,107595,224.456,0.200470
107627ms,107627,224.664,0.199711
107659ms,107659,224.840,0.201145
107691ms,107691,224.985,0.199553
107739ms,107739,225.061,0.199661
107771ms,107771,225.391,0.200548
107803ms,107803,226.127,0.199864
107835ms,107835,226.527,0.201486
107867ms,107867,226.694,0.201108
107899ms,107899,226.706,0.200967
107931ms,107931,226.713,0.200827
107963ms,107963,226.742,0.201283
107995ms,107995,226.673,0.200900
108027ms,108027,226.669,0.201070
108059ms,108059,226.740,0.200912
108091ms,108091,226.705,0.201263
108139ms,108139,226.685,0.201292
108171ms,108171,226.675,0.201360
108203ms,108203,226.761,0.201115
108235ms,108235,226.497,0.201005
108267ms,108267,226.728,0.200511
108299ms,108299,226.441,0.200835
108331ms,108331,226.205,0.199843
108363ms,108363,225.597,0.200229
108395ms,108395,225.241,0.200320
108459ms,108459,224.551,0.197919
108939ms,108939,223.138,0.196764
108971ms,108971,223.316,0.197921
109003ms,109003,223.172,0.198285
109035ms,109035,223.982,0.200557
109067ms,109067,224.207,0.200104
109099ms,109099,224.611,0.199547
109131ms,109131,224.824,0.199502
109163ms,109163,224.772,0.200673
109195ms,109195,224.871,0.199823
109227ms,109227,225.161,0.199555
109259ms,109259,225.594,0.200283
109291ms,109291,226.025,0.200664
109339ms,109339,226.599,0.201094
109371ms,109371,226.706,0.201221
109403ms,109403,226.643,0.201366
109435ms,109435,226.724,0.201133
109467ms,109467,226.769,0.201163
109499ms,109499,226.730,0.201043
109531ms,109531,226.636,0.200954
109563ms,109563,226.627,0.201386
109595ms,109595,226.694,0.201473
109627ms,109627,226.743,0.201243
109659ms,109659,226.762,0.201346
109691ms,109691,226.721,0.201310
109739ms,109739,226.730,0.200133
109771ms,109771,226.749,0.200607
109803ms,109803,226.436,0.200410
109835ms,109835,226.149,0.200210
109867ms,109867,225.444,0.201098
109899ms,109899,225.139,0.198554
109931ms,109931,224.602,0.199246
109963ms,109963,224.517,0.197559
110027ms,110027,224.310,0.198542
110395ms,110395,223.105,0.197201
110491ms,110491,223.486,0.199346
110523ms,110523,224.295,0.200207
110571ms,110571,224.256,0.200518
110603ms,110603,224.594,0.199455
110635ms,110635,224.877,0.200036
110667ms,110667,224.973,0.199685
110699ms,110699,224.914,0.199559
110731ms,110731,225.107,0.200402
110763ms,110763,225.821,0.201096
110795ms,110795,226.377,0.200406
110827ms,110827,226.568,0.200815
110859ms,110859,226.601,0.200746
110891ms,110891,226.615,0.200622
110923ms,110923,226.799,0.200925
110971ms,110971,226.725,0.200760
111003ms,111003,226.709,0.200879
111035ms,111035,226.692,0.200699
111067ms,111067,226.679,0.200479
111099ms,111099,226.799,0.201147
111131ms,111131,226.723,0.201299
111163ms,111163,226.705,0.201323
111195ms,111195,226.848,0.201511
111227ms,111227,226.655,0.200728
111259ms,111259,226.750,0.201587
111291ms,111291,226.536,0.200415
111323ms,111323,226.077,0.200494
111371ms,111371,225.466,0.200408
111403ms,111403,224.895,0.197823
111435ms,111435,224.828,0.197999
111867ms,111867,223.118,0.196846
111899ms,111899,223.076,0.197512
111931ms,111931,223.256,0.198178
111963ms,111963,223.298,0.197707
112027ms,112027,224.291,0.200051
112059ms,112059,224.386,0.200269
112091ms,112091,224.617,0.199195
112123ms,112123,224.737,0.200745
112171ms,112171,224.937,0.199483
112203ms,112203,225.027,0.199421
112235ms,112235,225.330,0.201052
112267ms,112267,225.879,0.199945
112299ms,112299,226.500,0.200938
112331ms,112331,226.664,0.201100
112363ms,112363,226.592,0.200911
112395ms,112395,226.693,0.201027
112427ms,112427,226.610,0.200736
112459ms,112459,226.633,0.200745
112491ms,112491,226.717,0.201141
112523ms,112523,226.661,0.200997
112571ms,112571,226.702,0.201369
112603ms,112603,226.674,0.200823
112635ms,112635,226.744,0.200934
112667ms,112667,226.697,0.200750
112699ms,112699,226.508,0.201013
112731ms,112731,226.787,0.200011
112763ms,112763,226.694,0.200629
112795ms,112795,226.302,0.200096
112827ms,112827,225.827,0.200841
112859ms,112859,225.463,0.200005
112923ms,112923,224.534,0.197919
112971ms,112971,224.294,0.199098
113403ms,113403,223.171,0.197379
113435ms,113435,223.296,0.198827
113467ms,113467,223.282,0.199349
113499ms,113499,224.061,0.200613
113531ms,113531,224.276,0.200418
113563ms,113563,224.508,0.198728
113595ms,113595,224.778,0.198871
113627ms,113627,224.928,0.200700
113659ms,113659,224.931,0.199447
113691ms,113691,225.129,0.200448
113771ms,113771,226.186,0.200866
113803ms,113803,226.595,0.201445
113835ms,113835,226.661,0.200957
113867ms,113867,226.727,0.200968
113899ms,113899,226.785,0.201144
113931ms,113931,226.616,0.200917
113963ms,113963,226.657,0.200963
113995ms,113995,226.689,0.200976
114027ms,114027,226.603,0.200545
114059ms,114059,226.621,0.200799
114091ms,114091,226.680,0.201118
114123ms,114123,226.671,0.200566
114171ms,114171,226.665,0.200832
114203ms,114203,226.430,0.200601
114235ms,114235,226.617,0.200121
114267ms,114267,226.561,0.200176
114299ms,114299,226.191,0.200429
114331ms,114331,225.419,0.200753
114363ms,114363,224.927,0.198300
114395ms,114395,224.641,0.198805
114427ms,114427,224.449,0.198012
114827ms,114827,223.139,0.196499
114859ms,114859,223.032,0.197516
114891ms,114891,223.070,0.197300
114923ms,114923,223.532,0.197682
115003ms,115003,224.251,0.200703
115035ms,115035,224.325,0.200253
115099ms,115099,224.798,0.200184
115131ms,115131,225.023,0.200334
115163ms,115163,225.178,0.199626
115195ms,115195,225.255,0.200977
115227ms,115227,226.114,0.200038
115259ms,115259,226.318,0.200880
115291ms,115291,226.572,0.200726
115323ms,115323,226.629,0.200957
115355ms,115355,226.647,0.201361
115403ms,115403,226.684,0.200884
115435ms,115435,226.665,0.200860
115467ms,115467,226.597,0.200779
115499ms,115499,226.576,0.200684
115531ms,115531,226.651,0.200681
115563ms,115563,226.742,0.201111
115595ms,115595,226.723,0.201050
115627ms,115627,226.746,0.201140
115659ms,115659,226.707,0.201390
115691ms,115691,226.630,0.200919
115723ms,115723,226.693,0.200495
115755ms,115755,226.421,0.199941
115803ms,115803,226.006,0.199977
115835ms,115835,225.545,0.200019
115899ms,115899,224.768,0.197484
115931ms,115931,224.345,0.198952
116363ms,116363,223.126,0.197857
116395ms,116395,223.314,0.197509
116427ms,116427,223.376,0.198255
116491ms,116491,224.233,0.200304
116523ms,116523,224.485,0.200104
116555ms,116555,224.543,0.198935
116603ms,116603,224.767,0.201137
116667ms,116667,225.175,0.199605
116699ms,116699,225.323,0.200905
116731ms,116731,225.953,0.200634
116763ms,116763,226.366,0.200287
116795ms,116795,226.697,0.201363
116827ms,116827,226.694,0.201139
116859ms,116859,226.770,0.201033
116891ms,116891,226.695,0.200960
116923ms,116923,226.655,0.200847
116955ms,116955,226.666,0.200836
117003ms,117003,226.572,0.201450
117035ms,117035,226.712,0.201341
117067ms,117067,226.667,0.201268
117099ms,117099,226.714,0.200772
117131ms,117131,226.703,0.201199
117163ms,117163,226.634,0.201317
117195ms,117195,226.825,0.200072
117227ms,117227,226.650,0.200797
117259ms,117259,226.400,0.200154
117291ms,117291,225.985,0.200312
117323ms,117323,225.412,0.200431
117403ms,117403,224.630,0.197587
117867ms,117867,223.299,0.197859
117899ms,117899,223.255,0.197569
117963ms,117963,223.816,0.199294
117995ms,117995,224.094,0.200261
118027ms,118027,224.589,0.200245
118059ms,118059,224.670,0.199234
118091ms,118091,224.811,0.201188
118123ms,118123,224.834,0.199697
118155ms,118155,225.037,0.199783
118203ms,118203,225.537,0.200618
118235ms,118235,226.081,0.201220
118299ms,118299,226.725,0.201222
118331ms,118331,226.668,0.200904
118363ms,118363,226.642,0.201090
118395ms,118395,226.699,0.201059
118427ms,118427,226.690,0.201148
118459ms,118459,226.661,0.201173
118491ms,118491,226.689,0.201112
118523ms,118523,226.729,0.201021
118555ms,118555,226.727,0.201027
118603ms,118603,226.740,0.201022
118635ms,118635,226.745,0.200875
118667ms,118667,226.431,0.200820
118699ms,118699,226.877,0.200507
118731ms,118731,226.624,0.200763
118763ms,118763,226.367,0.200301
118795ms,118795,225.511,0.199998
118827ms,118827,225.455,0.200401
118859ms,118859,224.663,0.199079
119003ms,119003,224.080,0.196958
119323ms,119323,223.116,0.197918
119355ms,119355,223.201,0.197113
119403ms,119403,223.250,0.198151
119467ms,119467,223.922,0.199244
119499ms,119499,224.353,0.199726
119531ms,119531,224.513,0.199238
119563ms,119563,224.831,0.199115
119595ms,119595,224.949,0.200141
119627ms,119627,224.981,0.199369
119659ms,119659,225.129,0.201021
119691ms,119691,225.819,0.201223
119723ms,119723,226.334,0.200841
119755ms,119755,226.661,0.200964
119803ms,119803,226.655,0.201245
119835ms,119835,226.675,0.200920
119867ms,119867,226.657,0.201021
119899ms,119899,226.649,0.200947
119931ms,119931,226.689,0.201030
119963ms,119963,226.696,0.200943
119995ms,119995,226.666,0.200400
120027ms,120027,226.672,0.200957
120059ms,120059,226.658,0.200971
120091ms,120091,226.667,0.201087
120123ms,120123,226.801,0.201087
120155ms,120155,226.673,0.201371
120187ms,120187,226.669,0.200383
120235ms,120235,226.548,0.200018
120267ms,120267,226.059,0.199994
120299ms,120299,225.472,0.200671
120331ms,120331,225.217,0.198451
120363ms,120363,224.572,0.198958
120395ms,120395,224.400,0.197946
120795ms,120795,223.185,0.196613
120827ms,120827,223.099,0.197441
120859ms,120859,223.206,0.197321
120891ms,120891,223.199,0.198075
120923ms,120923,223.794,0.199520
120955ms,120955,224.224,0.199496
120987ms,120987,224.506,0.200090
121035ms,121035,224.689,0.198786
121067ms,121067,224.825,0.200924
121099ms,121099,224.906,0.199361
121131ms,121131,225.017,0.199786
121163ms,121163,225.290,0.201365
121195ms,121195,226.000,0.200650
121227ms,121227,226.530,0.200682
121259ms,121259,226.605,0.201254
121291ms,121291,226.699,0.201226
121323ms,121323,226.657,0.200676
121355ms,121355,226.670,0.200992
121387ms,121387,226.727,0.200990
121435ms,121435,226.656,0.200628
121467ms,121467,226.629,0.200916
121499ms,121499,226.703,0.200917
121531ms,121531,226.717,0.200850
121563ms,121563,226.604,0.200618
121595ms,121595,226.670,0.200714
121627ms,121627,226.415,0.201072
121659ms,121659,226.670,0.200817
121691ms,121691,226.471,0.200432
121723ms,121723,226.239,0.199836
121755ms,121755,225.770,0.200682
121787ms,121787,225.349,0.199665
121867ms,121867,224.604,0.197687
121931ms,121931,224.378,0.198384
122123ms,122123,224.053,0.197817
122299ms,122299,223.166,0.197563
122331ms,122331,223.312,0.197283
122363ms,122363,223.415,0.197673
122395ms,122395,223.463,0.198887
122427ms,122427,224.177,0.199895
122459ms,122459,224.224,0.200241
122491ms,122491,224.614,0.200682
122555ms,122555,224.934,0.200599
122635ms,122635,225.058,0.200384
122667ms,122667,225.704,0.200927
122699ms,122699,226.196,0.200341
122731ms,122731,226.705,0.201104
122763ms,122763,226.637,0.201017
122795ms,122795,226.674,0.201035
122827ms,122827,226.744,0.201086
122859ms,122859,226.699,0.200930
122891ms,122891,226.649,0.200392
122923ms,122923,226.720,0.201019
122955ms,122955,226.667,0.200661
123035ms,123035,226.605,0.200586
123067ms,123067,226.599,0.200955
123099ms,123099,226.634,0.201119
123131ms,123131,226.404,0.200674
123163ms,123163,226.660,0.200208
123195ms,123195,226.471,0.199842
123227ms,123227,226.174,0.199903
123259ms,123259,225.384,0.200674
123291ms,123291,225.013,0.198584
123323ms,123323,224.554,0.198878
123355ms,123355,224.404,0.197858
123787ms,123787,223.016,0.197885
123835ms,123835,223.233,0.197872
123867ms,123867,223.338,0.197508
123931ms,123931,224.212,0.200469
123963ms,123963,224.440,0.200602
123995ms,123995,224.581,0.199693
124027ms,124027,224.806,0.200801
124059ms,124059,225.202,0.199087
124091ms,124091,225.071,0.199742
124123ms,124123,225.239,0.200959
124155ms,124155,226.123,0.200885
124187ms,124187,226.445,0.200467
124235ms,124235,226.705,0.201108
124267ms,124267,226.682,0.201344
124299ms,124299,226.714,0.201055
124331ms,124331,226.742,0.201049
124363ms,124363,226.703,0.201128
124395ms,124395,226.580,0.200562
124427ms,124427,226.645,0.200981
124459ms,124459,226.677,0.201039
124491ms,124491,226.715,0.201042
124523ms,124523,226.703,0.200967
124555ms,124555,226.728,0.201141
124587ms,124587,226.419,0.200685
124635ms,124635,226.827,0.200460
124667ms,124667,226.620,0.200291
124699ms,124699,226.392,0.199937
124731ms,124731,225.837,0.200881
124763ms,124763,225.346,0.201199
124827ms,124827,224.579,0.197812
125259ms,125259,223.226,0.197112
125291ms,125291,223.170,0.197114
125323ms,125323,223.323,0.197578
125355ms,125355,223.250,0.197722
125387ms,125387,223.933,0.199602
125419ms,125419,224.109,0.199671
125467ms,125467,224.464,0.199857
125499ms,125499,224.669,0.198734
125531ms,125531,224.801,0.200707
125563ms,125563,224.875,0.199944
125595ms,125595,224.961,0.199814
125627ms,125627,225.660,0.200851
125659ms,125659,226.259,0.200660
125691ms,125691,226.724,0.201412
125723ms,125723,226.658,0.201368
125755ms,125755,226.630,0.201294
125787ms,125787,226.724,0.200960
125819ms,125819,226.753,0.201214
125867ms,125867,226.718,0.201203
125899ms,125899,226.633,0.200892
125931ms,125931,226.740,0.201337
125963ms,125963,226.750,0.201119
125995ms,125995,226.688,0.201261
126027ms,126027,226.675,0.201096
126059ms,126059,226.688,0.201260
126091ms,126091,226.431,0.200685
126123ms,126123,226.694,0.200417
126155ms,126155,226.411,0.200415
126187ms,126187,226.220,0.200183
126219ms,126219,225.479,0.200637
126331ms,126331,224.534,0.197591
126763ms,126763,223.198,0.197327
126795ms,126795,223.161,0.197530
126827ms,126827,223.220,0.198404
126859ms,126859,223.562,0.198519
126891ms,126891,224.175,0.200291
126923ms,126923,224.366,0.200510
126955ms,126955,224.587,0.199862
126987ms,126987,224.922,0.200901
127019ms,127019,225.053,0.199705
127067ms,127067,225.146,0.199594
127099ms,127099,225.472,0.199700
127131ms,127131,226.071,0.200513
127163ms,127163,226.425,0.201692
127195ms,127195,226.674,0.201273
127227ms,127227,226.602,0.201715
127259ms,127259,226.708,0.201610
127291ms,127291,226.675,0.201433
127323ms,127323,226.700,0.201420
127355ms,127355,226.686,0.201253
127387ms,127387,226.644,0.201469
127419ms,127419,226.640,0.201115
127467ms,127467,226.600,0.201302
127499ms,127499,226.544,0.201285
127531ms,127531,226.598,0.201628
127563ms,127563,226.746,0.200631
127595ms,127595,226.626,0.201357
127627ms,127627,226.496,0.201233
127659ms,127659,226.192,0.200659
127691ms,127691,225.787,0.199969
127723ms,127723,225.483,0.200738
127787ms,127787,224.628,0.197221
127867ms,127867,224.273,0.198456
128299ms,128299,223.177,0.197581
128331ms,128331,223.462,0.198934
128363ms,128363,223.922,0.199153
128395ms,128395,224.112,0.199366
128427ms,128427,224.583,0.200348
128459ms,128459,224.599,0.198911
128491ms,128491,224.802,0.201170
128523ms,128523,224.890,0.200324
128555ms,128555,225.132,0.199680
128587ms,128587,225.498,0.201627
128635ms,128635,225.990,0.200679
128667ms,128667,226.555,0.200968
128699ms,128699,226.660,0.201005
128731ms,128731,226.799,0.201017
128763ms,128763,226.721,0.201160
128795ms,128795,226.687,0.201135
128827ms,128827,226.826,0.201328
128859ms,128859,226.678,0.201487
128891ms,128891,226.666,0.201480
128923ms,128923,226.684,0.201667
128955ms,128955,226.632,0.200902
128987ms,128987,226.723,0.201654
129019ms,129019,226.754,0.201597
129067ms,129067,226.645,0.201370
129099ms,129099,226.821,0.200640
129131ms,129131,226.479,0.200664
129163ms,129163,226.301,0.199989
129195ms,129195,225.571,0.200338
129227ms,129227,225.256,0.200354
129291ms,129291,224.589,0.197670
129755ms,129755,223.139,0.197590
129787ms,129787,223.285,0.197883
129867ms,129867,224.165,0.200577
129930ms,129930,224.505,0.199126
129962ms,129962,224.869,0.199252
129994ms,129994,225.001,0.199767
130027ms,130027,224.994,0.199721
130058ms,130058,225.187,0.200794
130090ms,130090,226.003,0.200919
130123ms,130123,226.301,0.200552
130154ms,130154,226.617,0.200916
130187ms,130187,226.678,0.200989
130219ms,130219,226.722,0.201097
130266ms,130266,226.690,0.201418
130298ms,130298,226.641,0.200727
130331ms,130331,226.742,0.200804
130362ms,130362,226.704,0.201105
130394ms,130394,226.696,0.201192
130426ms,130426,226.703,0.201201
130458ms,130458,226.716,0.201006
130490ms,130490,226.647,0.201084
130523ms,130523,226.773,0.201463
130554ms,130554,226.631,0.200165
130587ms,130587,226.550,0.200610
130618ms,130618,226.244,0.200269
130666ms,130666,226.021,0.200615
130698ms,130698,225.505,0.200280
130763ms,130763,224.724,0.197665
130794ms,130794,224.234,0.198611
130827ms,130827,224.256,0.198497
131227ms,131227,223.088,0.197727
131259ms,131259,223.218,0.197651
131290ms,131290,223.485,0.198975
131323ms,131323,223.920,0.199355
131354ms,131354,224.131,0.199970
131386ms,131386,224.585,0.199567
131419ms,131419,224.646,0.199025
131466ms,131466,224.797,0.200844
131498ms,131498,224.934,0.199770
131530ms,131530,225.113,0.199993
131562ms,131562,225.485,0.201384
131594ms,131594,226.118,0.200640
131626ms,131626,226.581,0.201439
131658ms,131658,226.686,0.201329
131690ms,131690,226.635,0.200947
131722ms,131722,226.742,0.201061
131754ms,131754,226.680,0.201067
131786ms,131786,226.685,0.201133
131818ms,131818,226.619,0.201070
131866ms,131866,226.642,0.201119
131898ms,131898,226.699,0.200995
131930ms,131930,226.737,0.201124
131962ms,131962,226.728,0.201164
131994ms,131994,226.749,0.201163
132026ms,132026,226.481,0.200998
132058ms,132058,226.690,0.200230
132090ms,132090,226.449,0.200201
132122ms,132122,226.179,0.199499
132154ms,132154,225.545,0.200029
132186ms,132186,225.371,0.200249
132218ms,132218,224.633,0.198161
132698ms,132698,222.920,0.197432
132730ms,132730,223.269,0.197668
132762ms,132762,223.252,0.198923
132794ms,132794,223.842,0.199374
132826ms,132826,224.219,0.200811
132858ms,132858,224.353,0.200688
132890ms,132890,224.571,0.199249
132922ms,132922,225.004,0.199549
132954ms,132954,225.134,0.199768
132986ms,132986,225.165,0.200002
133018ms,133018,225.256,0.200826
133050ms,133050,226.083,0.200709
133098ms,133098,226.405,0.200803
133130ms,133130,226.673,0.201424
133162ms,133162,226.695,0.201298
133226ms,133226,226.660,0.200909
133258ms,133258,226.678,0.200930
133290ms,133290,226.617,0.200860
133322ms,133322,226.657,0.201002
133354ms,133354,226.596,0.200716
133386ms,133386,226.634,0.200886
133418ms,133418,226.726,0.200884
133466ms,133466,226.665,0.201343
133498ms,133498,226.659,0.201282
133530ms,133530,226.606,0.200604
133562ms,133562,226.718,0.200903
133594ms,133594,226.562,0.199940
133626ms,133626,226.164,0.200523
133658ms,133658,225.332,0.200335
133690ms,133690,224.891,0.198043
133722ms,133722,224.640,0.197705
133754ms,133754,224.260,0.199146
134186ms,134186,223.254,0.197774
134218ms,134218,223.299,0.198371
134250ms,134250,223.425,0.198552
134330ms,134330,224.236,0.200075
134362ms,134362,224.439,0.200108
134394ms,134394,224.627,0.199378
134426ms,134426,224.837,0.201620
134458ms,134458,224.975,0.199599
134490ms,134490,224.899,0.200145
134522ms,134522,225.262,0.200974
134554ms,134554,226.027,0.200072
134586ms,134586,226.418,0.201370
134618ms,134618,226.702,0.201339
134650ms,134650,226.717,0.201025
134698ms,134698,226.726,0.201147
134730ms,134730,226.637,0.200653
134762ms,134762,226.683,0.200503
134794ms,134794,226.684,0.200809
134826ms,134826,226.702,0.201038
134858ms,134858,226.686,0.201164
134890ms,134890,226.712,0.200947
134922ms,134922,226.685,0.200965
134954ms,134954,226.606,0.200571
134986ms,134986,226.521,0.201092
135018ms,135018,226.935,0.201127
135050ms,135050,226.631,0.200209
135098ms,135098,226.330,0.200060
135130ms,135130,225.787,0.200140
135162ms,135162,225.479,0.201008
135226ms,135226,224.643,0.197188
135258ms,135258,224.143,0.198853
135690ms,135690,223.160,0.197391
135722ms,135722,223.329,0.197582
135754ms,135754,223.386,0.198411
135786ms,135786,223.882,0.199278
135818ms,135818,224.108,0.199239
135850ms,135850,224.432,0.199253
135898ms,135898,224.587,0.199248
135930ms,135930,224.840,0.201255
135962ms,135962,224.954,0.199876
135994ms,135994,225.109,0.199839
136026ms,136026,225.380,0.201219
136090ms,136090,226.453,0.201234
136122ms,136122,226.707,0.201360
136154ms,136154,226.576,0.201087
136186ms,136186,226.706,0.201096
136218ms,136218,226.740,0.200816
136250ms,136250,226.742,0.200955
136298ms,136298,226.704,0.201141
136330ms,136330,226.702,0.201053
136362ms,136362,226.674,0.201339
136394ms,136394,226.751,0.201228
136426ms,136426,226.744,0.200998
136458ms,136458,226.809,0.201219
136490ms,136490,226.509,0.201010
136522ms,136522,226.806,0.200389
136554ms,136554,226.669,0.200095
136586ms,136586,226.406,0.199980
136618ms,136618,225.577,0.199940
136826ms,136826,224.063,0.197406
137162ms,137162,223.250,0.197029
137194ms,137194,223.157,0.197565
137226ms,137226,223.274,0.197609
137258ms,137258,223.329,0.197950
137290ms,137290,224.002,0.199280
137322ms,137322,224.203,0.200082
137354ms,137354,224.462,0.199388
137386ms,137386,224.745,0.198976
137418ms,137418,224.794,0.200505
137450ms,137450,225.197,0.199193
137498ms,137498,225.157,0.199105
137530ms,137530,225.516,0.201464
137562ms,137562,226.078,0.200498
137594ms,137594,226.537,0.201299
137626ms,137626,226.612,0.201340
137658ms,137658,226.633,0.201097
137690ms,137690,226.853,0.201039
137722ms,137722,226.719,0.201003
137754ms,137754,226.823,0.200964
137786ms,137786,226.822,0.201146
137818ms,137818,226.718,0.200757
137850ms,137850,226.690,0.200794
137898ms,137898,226.782,0.201098
137930ms,137930,226.758,0.200702
137962ms,137962,226.767,0.200932
137994ms,137994,226.464,0.200575
138026ms,138026,226.824,0.200192
138058ms,138058,226.588,0.200348
138090ms,138090,226.266,0.200036
138122ms,138122,225.569,0.200144
138154ms,138154,225.402,0.200309
138186ms,138186,224.778,0.198168
138282ms,138282,224.230,0.198906
138650ms,138650,223.038,0.197353
138682ms,138682,223.123,0.197604
138730ms,138730,223.290,0.198623
138762ms,138762,223.268,0.198568
138794ms,138794,224.079,0.199561
138826ms,138826,224.319,0.200027
138858ms,138858,224.615,0.199905
138890ms,138890,225.095,0.199200
138922ms,138922,224.903,0.200089
138954ms,138954,224.982,0.199784
138986ms,138986,225.202,0.200877
139018ms,139018,225.780,0.201204
139050ms,139050,226.359,0.201107
139082ms,139082,226.708,0.201305
139130ms,139130,226.521,0.200755
139162ms,139162,226.642,0.200974
139194ms,139194,226.614,0.200645
139226ms,139226,226.593,0.200716
139258ms,139258,226.728,0.201101
139290ms,139290,226.765,0.201088
139322ms,139322,226.631,0.200989
139354ms,139354,226.621,0.200756
139386ms,139386,226.624,0.200647
139418ms,139418,226.718,0.201073
139450ms,139450,226.801,0.201090
139482ms,139482,226.473,0.200861
139530ms,139530,226.708,0.200260
139562ms,139562,226.519,0.200150
139594ms,139594,226.152,0.199954
139626ms,139626,225.484,0.200661
139658ms,139658,225.109,0.198476
139690ms,139690,224.569,0.198696
139962ms,139962,224.094,0.197048
140154ms,140154,223.118,0.197533
140186ms,140186,223.225,0.197920
140218ms,140218,223.249,0.198493
140250ms,140250,223.566,0.197946
140282ms,140282,224.026,0.199455
140330ms,140330,224.404,0.200904
140362ms,140362,224.538,0.199520
140394ms,140394,224.780,0.199272
140426ms,140426,225.148,0.199596
140458ms,140458,225.074,0.199596
140490ms,140490,225.147,0.200521
140522ms,140522,225.980,0.200736
140554ms,140554,226.401,0.200660
140586ms,140586,226.675,0.200904
140618ms,140618,226.701,0.201105
140650ms,140650,226.710,0.200730
140682ms,140682,226.766,0.201058
140730ms,140730,226.651,0.200565
140762ms,140762,226.658,0.200703
140826ms,140826,226.617,0.200563
140858ms,140858,226.601,0.200447
140890ms,140890,226.704,0.201027
140922ms,140922,226.696,0.200944
140954ms,140954,226.705,0.201194
140986ms,140986,226.684,0.200796
141018ms,141018,226.715,0.200523
141050ms,141050,226.460,0.199759
141082ms,141082,225.988,0.200497
141130ms,141130,225.514,0.200161
141162ms,141162,224.908,0.198234
141194ms,141194,224.730,0.197409
141226ms,141226,224.194,0.198505
141258ms,141258,224.336,0.198313
141658ms,141658,223.222,0.197941
141690ms,141690,223.380,0.198508
141722ms,141722,223.390,0.197625
141754ms,141754,223.824,0.199380
141786ms,141786,224.270,0.200559
141818ms,141818,224.380,0.199745
141850ms,141850,224.654,0.198603
141882ms,141882,224.781,0.200757
141930ms,141930,225.064,0.200024
141962ms,141962,225.121,0.199855
141994ms,141994,225.144,0.200739
142058ms,142058,226.375,0.200926
142090ms,142090,226.686,0.201156
142122ms,142122,226.762,0.201071
142154ms,142154,226.747,0.200977
142186ms,142186,226.648,0.200664
142218ms,142218,226.763,0.200934
142250ms,142250,226.726,0.200968
142282ms,142282,226.639,0.200738
142330ms,142330,226.736,0.201255
142362ms,142362,226.709,0.201196
142394ms,142394,226.715,0.201580
142426ms,142426,226.656,0.201538
142458ms,142458,226.817,0.201254
142490ms,142490,226.821,0.201005
142522ms,142522,226.497,0.200876
142554ms,142554,226.389,0.200841
142586ms,142586,226.046,0.200792
142618ms,142618,225.510,0.200644
142650ms,142650,224.911,0.198136
142682ms,142682,224.729,0.198140
142730ms,142730,224.312,0.199027
142762ms,142762,224.193,0.198489
142794ms,142794,224.196,0.197851
142954ms,142954,223.932,0.197211
143130ms,143130,223.154,0.196696
143162ms,143162,223.156,0.197851
143194ms,143194,223.292,0.197531
143226ms,143226,223.471,0.198031
143290ms,143290,224.259,0.200614
143322ms,143322,224.521,0.200667
143354ms,143354,224.620,0.199483
143386ms,143386,224.746,0.201174
143418ms,143418,225.072,0.199749
143450ms,143450,225.161,0.199861
143482ms,143482,225.458,0.200165
143514ms,143514,226.024,0.200256
143562ms,143562,226.232,0.200502
143594ms,143594,226.642,0.201239
143626ms,143626,226.656,0.201008
143658ms,143658,226.631,0.201171
143690ms,143690,226.595,0.201284
143722ms,143722,226.523,0.201370
143786ms,143786,226.521,0.201382
143818ms,143818,226.579,0.201456
143850ms,143850,226.654,0.201288
143882ms,143882,226.737,0.201005
143914ms,143914,226.597,0.201375
143962ms,143962,226.773,0.200888
143994ms,143994,226.785,0.201612
144026ms,144026,226.446,0.201107
144058ms,144058,226.136,0.200725
144090ms,144090,225.620,0.200280
144122ms,144122,225.408,0.200893
144186ms,144186,224.653,0.197654
144218ms,144218,224.271,0.199246
144650ms,144650,223.163,0.197417
144682ms,144682,223.372,0.198377
144714ms,144714,223.305,0.197788
144762ms,144762,224.026,0.199900
144794ms,144794,224.307,0.199132
144826ms,144826,224.637,0.200787
144858ms,144858,224.749,0.198857
144890ms,144890,224.803,0.201157
144954ms,144954,225.261,0.200029
144986ms,144986,225.873,0.199927
145018ms,145018,226.167,0.201281
145050ms,145050,226.536,0.200785
145082ms,145082,226.662,0.201368
145114ms,145114,226.600,0.201228
145162ms,145162,226.760,0.200781
145194ms,145194,226.653,0.201265
145226ms,145226,226.754,0.201014
145258ms,145258,226.748,0.201076
145290ms,145290,226.705,0.201570
145322ms,145322,226.715,0.201299
145354ms,145354,226.745,0.201012
145386ms,145386,226.740,0.200923
145418ms,145418,226.731,0.201041
145450ms,145450,226.642,0.200279
145482ms,145482,226.517,0.201179
145514ms,145514,226.345,0.201036
145562ms,145562,226.215,0.199911
145594ms,145594,225.401,0.200643
145626ms,145626,225.396,0.201195
145658ms,145658,224.786,0.198319
145690ms,145690,224.610,0.197665
146186ms,146186,223.306,0.198479
146218ms,146218,223.426,0.199433
146250ms,146250,224.062,0.200522
146282ms,146282,224.095,0.199452
146314ms,146314,224.517,0.199525
146362ms,146362,224.916,0.199393
146394ms,146394,224.832,0.201560
146426ms,146426,224.847,0.199612
146458ms,146458,225.321,0.200084
146490ms,146490,225.874,0.199812
146522ms,146522,226.063,0.200850
146554ms,146554,226.458,0.201507
146586ms,146586,226.772,0.201132
146618ms,146618,226.796,0.200993
146650ms,146650,226.714,0.200569
146682ms,146682,226.597,0.200563
146714ms,146714,226.856,0.200708
146762ms,146762,226.786,0.200771
146794ms,146794,226.760,0.201263
146826ms,146826,226.920,0.200896
146858ms,146858,226.771,0.200430
146890ms,146890,226.815,0.200389
146922ms,146922,226.857,0.200346
146954ms,146954,226.522,0.200416
146986ms,146986,226.537,0.201167
147018ms,147018,226.242,0.200925
147050ms,147050,226.120,0.200093
147082ms,147082,225.337,0.200504
147114ms,147114,224.935,0.199365
147162ms,147162,224.516,0.198346
147626ms,147626,223.072,0.197123
147658ms,147658,223.078,0.197619
147690ms,147690,223.322,0.197474
147754ms,147754,224.094,0.199067
147786ms,147786,224.251,0.200181
147818ms,147818,224.483,0.199358
147850ms,147850,224.824,0.200024
147882ms,147882,224.998,0.200013
147914ms,147914,225.008,0.199529
147994ms,147994,226.093,0.200044
148026ms,148026,226.220,0.200943
148058ms,148058,226.634,0.201358
148090ms,148090,226.767,0.201326
148122ms,148122,226.632,0.201345
148154ms,148154,226.640,0.200517
148186ms,148186,226.751,0.201225
148218ms,148218,226.707,0.200998
148250ms,148250,226.702,0.201237
148282ms,148282,226.707,0.201209
148314ms,148314,226.727,0.201188
148362ms,148362,226.699,0.201177
148394ms,148394,226.697,0.201535
148426ms,148426,226.732,0.201175
148458ms,148458,226.610,0.200356
148490ms,148490,226.755,0.200589
148522ms,148522,226.528,0.200213
148554ms,148554,226.158,0.199998
148586ms,148586,225.461,0.201133
148618ms,148618,225.202,0.198628
148650ms,148650,224.534,0.198552
148682ms,148682,224.522,0.198346
148714ms,148714,224.333,0.198759
148746ms,148746,224.198,0.198537
149194ms,149194,223.230,0.198627
149226ms,149226,223.349,0.198242
149258ms,149258,224.241,0.200932
149290ms,149290,224.252,0.199315
149354ms,149354,224.853,0.200668
149386ms,149386,224.964,0.199776
149418ms,149418,224.950,0.200103
149450ms,149450,225.104,0.200181
149482ms,149482,226.013,0.200345
149514ms,149514,226.179,0.200736
149546ms,149546,226.670,0.201357
149594ms,149594,226.648,0.201240
149626ms,149626,226.695,0.201327
149658ms,149658,226.641,0.201202
149690ms,149690,226.714,0.200728
149722ms,149722,226.675,0.200672
149754ms,149754,226.682,0.201068
149786ms,149786,226.672,0.200821
149818ms,149818,226.684,0.201058
149850ms,149850,226.664,0.201085
149882ms,149882,226.601,0.200681
149914ms,149914,226.669,0.201421
149946ms,149946,226.661,0.200600
149994ms,149994,226.758,0.200285
150026ms,150026,226.405,0.200435
150058ms,150058,226.117,0.199886
150090ms,150090,225.475,0.200594
150122ms,150122,225.304,0.199529
150154ms,150154,224.588,0.198854
150618ms,150618,223.082,0.197413
150650ms,150650,223.155,0.197090
150682ms,150682,223.363,0.197746
150746ms,150746,224.237,0.200378
150794ms,150794,224.324,0.200686
150826ms,150826,224.581,0.198971
150858ms,150858,224.739,0.200266
150890ms,150890,225.054,0.199763
150922ms,150922,224.888,0.199438
150954ms,150954,225.207,0.200184
150986ms,150986,225.967,0.200724
151018ms,151018,226.152,0.200793
151050ms,151050,226.612,0.200990
151082ms,151082,226.596,0.201389
151114ms,151114,226.635,0.201067
151146ms,151146,226.650,0.200553
151194ms,151194,226.776,0.201031
151226ms,151226,226.727,0.201021
151258ms,151258,226.620,0.200567
151290ms,151290,226.672,0.201175
151322ms,151322,226.704,0.200972
151354ms,151354,226.603,0.200470
151386ms,151386,226.659,0.200904
151418ms,151418,226.674,0.201045
151450ms,151450,226.594,0.200545
151482ms,151482,226.716,0.200283
151514ms,151514,226.438,0.200070
151546ms,151546,226.034,0.200186
151594ms,151594,225.315,0.201257
151626ms,151626,225.141,0.198754
151658ms,151658,224.691,0.198424
151690ms,151690,224.252,0.199191
151754ms,151754,224.172,0.198989
152122ms,152122,223.165,0.197472
152154ms,152154,223.239,0.197575
152186ms,152186,223.229,0.197995
152250ms,152250,224.292,0.200211
152282ms,152282,224.289,0.200530
152314ms,152314,224.566,0.198861
152346ms,152346,224.827,0.199103
152394ms,152394,224.975,0.200267
152426ms,152426,224.958,0.199816
152458ms,152458,225.076,0.200530
152490ms,152490,225.871,0.201006
152522ms,152522,226.284,0.200162
152554ms,152554,226.652,0.201065
152618ms,152618,226.747,0.201168
152650ms,152650,226.737,0.200801
152682ms,152682,226.732,0.201102
152714ms,152714,226.788,0.201064
152746ms,152746,226.704,0.200762
152794ms,152794,226.732,0.200858
152826ms,152826,226.701,0.201067
152858ms,152858,226.742,0.201219
152890ms,152890,226.714,0.201099
152922ms,152922,226.702,0.201295
152954ms,152954,226.502,0.201538
152986ms,152986,226.810,0.200448
153018ms,153018,226.508,0.200197
153050ms,153050,226.130,0.200715
153050ms,153050,226.130,0.200715
153082ms,153082,225.371,0.201092
153082ms,153082,225.371,0.201092
153114ms,153114,225.061,0.198221
153146ms,153146,224.498,0.198640
153418ms,153418,224.001,0.196834
153658ms,153658,223.092,0.197338
153690ms,153690,223.361,0.198659
153722ms,153722,223.213,0.198110
153754ms,153754,224.089,0.200203
153818ms,153818,224.562,0.199934
153850ms,153850,224.837,0.198469
153882ms,153882,224.969,0.200833
153914ms,153914,224.908,0.199536
153946ms,153946,225.131,0.200306
153994ms,153994,225.890,0.201007
154026ms,154026,226.265,0.200522
154058ms,154058,226.643,0.201066
154090ms,154090,226.671,0.200963
154122ms,154122,226.548,0.200767
154154ms,154154,226.658,0.200866
154186ms,154186,226.646,0.200801
154218ms,154218,226.666,0.200871
154250ms,154250,226.667,0.200638
154282ms,154282,226.693,0.200972
154314ms,154314,226.658,0.201049
154346ms,154346,226.707,0.201094
154394ms,154394,226.696,0.201057
154426ms,154426,226.739,0.201335
154458ms,154458,226.406,0.200852
154490ms,154490,226.791,0.200755
154522ms,154522,226.626,0.200334
154554ms,154554,226.184,0.200002
154586ms,154586,225.532,0.199909
154618ms,154618,225.431,0.200318
154650ms,154650,224.658,0.198840
154682ms,154682,224.488,0.197875
154794ms,154794,224.157,0.196747
155082ms,155082,223.083,0.197749
155146ms,155146,223.067,0.197093
155194ms,155194,223.159,0.198400
155225ms,155225,223.392,0.198309
155258ms,155258,224.272,0.200713
155290ms,155290,224.223,0.200117
155322ms,155322,224.640,0.199852
155354ms,155354,224.866,0.199040
155386ms,155386,225.026,0.199671
155417ms,155417,225.059,0.199891
155450ms,155450,225.083,0.200478
155481ms,155481,225.782,0.200157
155513ms,155513,226.324,0.200772
155546ms,155546,226.631,0.201023
155594ms,155594,226.570,0.200688
155625ms,155625,226.653,0.201150
155658ms,155658,226.573,0.201174
155690ms,155690,226.604,0.200760
155722ms,155722,226.649,0.200708
155754ms,155754,226.572,0.200637
155786ms,155786,226.592,0.200574
155817ms,155817,226.594,0.200695
155850ms,155850,226.619,0.200610
155882ms,155882,226.667,0.200554
155913ms,155913,226.792,0.200973
155946ms,155946,226.612,0.200740
155993ms,155993,226.771,0.200285
156057ms,156057,226.106,0.199946
156090ms,156090,225.399,0.201138
156121ms,156121,225.127,0.197857
156153ms,156153,224.665,0.197750
156617ms,156617,223.028,0.197266
156650ms,156650,223.134,0.197428
156682ms,156682,223.160,0.198333
156713ms,156713,223.353,0.198640
156746ms,156746,224.165,0.199407
156793ms,156793,224.303,0.200585
156825ms,156825,224.577,0.199484
156857ms,156857,224.887,0.199194
156890ms,156890,224.981,0.200228
156921ms,156921,225.028,0.199948
156954ms,156954,225.119,0.200254
156986ms,156986,225.742,0.200636
157017ms,157017,226.337,0.200786
157050ms,157050,226.653,0.201042
157082ms,157082,226.667,0.201001
157113ms,157113,226.702,0.200932
157146ms,157146,226.600,0.200897
157178ms,157178,226.629,0.200727
157225ms,157225,226.741,0.200966
157257ms,157257,226.700,0.201112
157289ms,157289,226.676,0.200834
157321ms,157321,226.689,0.201210
157353ms,157353,226.653,0.200866
157385ms,157385,226.716,0.201022
157417ms,157417,226.792,0.200781
157449ms,157449,226.501,0.200691
157481ms,157481,226.805,0.200720
157513ms,157513,226.553,0.200077
157545ms,157545,226.169,0.200544
157577ms,157577,225.362,0.200980
157625ms,157625,225.056,0.198625
157657ms,157657,224.527,0.199013
157689ms,157689,224.247,0.198522
158121ms,158121,223.080,0.197622
158153ms,158153,223.250,0.197519
158185ms,158185,223.355,0.199543
158217ms,158217,223.334,0.197762
158249ms,158249,224.140,0.199789
158281ms,158281,224.284,0.200005
158313ms,158313,224.647,0.198591
158345ms,158345,224.743,0.201084
158377ms,158377,225.090,0.199543
158425ms,158425,225.135,0.199282
158457ms,158457,225.259,0.200697
158489ms,158489,225.850,0.201553
158521ms,158521,226.342,0.200679
158553ms,158553,226.671,0.200874
158585ms,158585,226.619,0.201138
158617ms,158617,226.635,0.200989
158649ms,158649,226.696,0.201062
158681ms,158681,226.653,0.201102
158713ms,158713,226.682,0.200544
158745ms,158745,226.666,0.200625
158777ms,158777,226.652,0.200859
158825ms,158825,226.635,0.200716
158857ms,158857,226.633,0.200635
158889ms,158889,226.669,0.200829
158921ms,158921,226.764,0.201499
158953ms,158953,226.651,0.201163
158985ms,158985,226.751,0.200305
159017ms,159017,226.621,0.200189
159049ms,159049,226.016,0.200286
159081ms,159081,225.471,0.199893
159113ms,159113,224.985,0.198268
159177ms,159177,224.156,0.198417
159225ms,159225,224.009,0.199467
159577ms,159577,223.265,0.196607
159625ms,159625,222.986,0.197305
159657ms,159657,223.255,0.198036
159689ms,159689,223.284,0.198236
159721ms,159721,223.421,0.198914
159753ms,159753,224.328,0.200712
159785ms,159785,224.372,0.200373
159817ms,159817,224.671,0.199175
159849ms,159849,224.755,0.200843
159881ms,159881,224.992,0.199852
159913ms,159913,225.156,0.199502
159945ms,159945,225.163,0.200952
159977ms,159977,225.889,0.201153
160025ms,160025,226.430,0.200643
160057ms,160057,226.637,0.201083
160089ms,160089,226.655,0.200850
160121ms,160121,226.634,0.201277
160153ms,160153,226.584,0.200625
160185ms,160185,226.642,0.200760
160217ms,160217,226.614,0.200693
160249ms,160249,226.595,0.200647
160281ms,160281,226.579,0.200589
160313ms,160313,226.671,0.200933
160345ms,160345,226.645,0.200982
160377ms,160377,226.668,0.200961
160425ms,160425,226.642,0.201029
160457ms,160457,226.477,0.200608
160521ms,160521,226.665,0.200160
160553ms,160553,226.174,0.200299
160585ms,160585,225.394,0.200908
160617ms,160617,225.059,0.198110
160649ms,160649,224.679,0.198564
160681ms,160681,224.462,0.198164
161113ms,161113,223.056,0.197791
161145ms,161145,223.212,0.197229
161225ms,161225,223.561,0.199018
161257ms,161257,224.182,0.199415
161289ms,161289,224.393,0.200630
161321ms,161321,224.702,0.199327
161353ms,161353,224.741,0.200417
161385ms,161385,225.158,0.198974
161417ms,161417,225.101,0.199299
161449ms,161449,225.238,0.200628
161481ms,161481,226.119,0.200870
161513ms,161513,226.441,0.200553
161545ms,161545,226.640,0.201073
161577ms,161577,226.733,0.201057
161609ms,161609,226.672,0.200983
161657ms,161657,226.677,0.200991
161689ms,161689,226.671,0.200866
161721ms,161721,226.740,0.201053
161753ms,161753,226.672,0.200875
161785ms,161785,226.681,0.200928
161849ms,161849,226.595,0.200542
161881ms,161881,226.609,0.201245
161913ms,161913,226.708,0.200843
161945ms,161945,226.530,0.200801
161977ms,161977,226.781,0.200519
162009ms,162009,226.597,0.200359
162057ms,162057,226.072,0.200781
162089ms,162089,225.417,0.201078
162121ms,162121,224.960,0.197865
162153ms,162153,224.475,0.197602
162185ms,162185,224.362,0.198924
162649ms,162649,223.245,0.197215
162681ms,162681,223.307,0.198827
162713ms,162713,223.611,0.198799
162745ms,162745,224.149,0.200342
162777ms,162777,224.424,0.199909
162809ms,162809,224.649,0.199314
162857ms,162857,225.146,0.199534
162889ms,162889,225.022,0.200154
162921ms,162921,225.058,0.199776
162953ms,162953,225.195,0.200028
162985ms,162985,225.823,0.201712
163017ms,163017,226.395,0.201274
163049ms,163049,226.745,0.201278
163081ms,163081,226.725,0.200815
163113ms,163113,226.668,0.200927
163145ms,163145,226.680,0.201075
163177ms,163177,226.708,0.201095
163209ms,163209,226.677,0.200968
163257ms,163257,226.697,0.200906
163289ms,163289,226.726,0.200947
163321ms,163321,226.707,0.200971
163353ms,163353,226.645,0.200495
163385ms,163385,226.616,0.200480
163417ms,163417,226.688,0.201034
163449ms,163449,226.621,0.200318
163481ms,163481,226.798,0.201215
163513ms,163513,226.553,0.199844
163545ms,163545,226.167,0.200913
163577ms,163577,225.468,0.200503
163609ms,163609,224.961,0.198060
163657ms,163657,224.660,0.198216
163689ms,163689,224.357,0.198863
163721ms,163721,224.180,0.198396
163753ms,163753,224.128,0.197572
163945ms,163945,223.945,0.197554
164089ms,164089,223.326,0.196623
164121ms,164121,222.969,0.197633
164185ms,164185,223.312,0.198496
164217ms,164217,223.629,0.198970
164249ms,164249,224.204,0.199413
164281ms,164281,224.388,0.200521
164313ms,164313,224.630,0.199187
164345ms,164345,224.816,0.200874
164377ms,164377,225.281,0.199212
164409ms,164409,225.098,0.199221
164457ms,164457,225.282,0.200351
164489ms,164489,225.961,0.201013
164521ms,164521,226.394,0.201067
164553ms,164553,226.658,0.200951
164585ms,164585,226.706,0.200830
164617ms,164617,226.689,0.200708
164649ms,164649,226.679,0.200904
164681ms,164681,226.725,0.201158
164713ms,164713,226.725,0.200973
164745ms,164745,226.647,0.200867
164777ms,164777,226.704,0.201017
164809ms,164809,226.717,0.201031
164857ms,164857,226.741,0.200884
164889ms,164889,226.683,0.200731
164921ms,164921,226.651,0.200906
164953ms,164953,226.535,0.201107
164985ms,164985,226.691,0.200681
165017ms,165017,226.478,0.200056
165049ms,165049,226.034,0.200058
165081ms,165081,225.442,0.200525
165113ms,165113,224.834,0.197292
165145ms,165145,224.765,0.197691
165177ms,165177,224.421,0.198479
165289ms,165289,224.121,0.196948
165609ms,165609,223.222,0.197292
165657ms,165657,223.213,0.197478
165689ms,165689,223.251,0.198757
165721ms,165721,223.596,0.199115
165753ms,165753,224.225,0.200639
165785ms,165785,224.353,0.200099
165817ms,165817,224.706,0.199591
165849ms,165849,224.942,0.201034
165881ms,165881,225.140,0.199967
165913ms,165913,225.179,0.199633
165945ms,165945,225.225,0.200783
165977ms,165977,225.908,0.200381
166009ms,166009,226.397,0.201171
166057ms,166057,226.675,0.201030
166089ms,166089,226.679,0.201063
166121ms,166121,226.611,0.200775
166153ms,166153,226.567,0.200663
166185ms,166185,226.717,0.200965
166217ms,166217,226.617,0.200952
166249ms,166249,226.612,0.200795
166281ms,166281,226.590,0.200644
166313ms,166313,226.696,0.200934
166345ms,166345,226.638,0.200485
166377ms,166377,226.601,0.200708
166409ms,166409,226.726,0.201284
166457ms,166457,226.548,0.200591
166489ms,166489,226.702,0.200401
166521ms,166521,226.372,0.199736
166553ms,166553,226.011,0.200053
166617ms,166617,224.983,0.197602
166649ms,166649,224.643,0.197497
166681ms,166681,224.290,0.198773
167081ms,167081,223.194,0.196910
167113ms,167113,223.191,0.197563
167145ms,167145,223.223,0.197338
167209ms,167209,223.848,0.198907
167241ms,167241,224.106,0.199382
167289ms,167289,224.417,0.200331
167321ms,167321,224.645,0.198625
167353ms,167353,224.868,0.199991
167385ms,167385,224.927,0.199743
167417ms,167417,225.254,0.199642
167449ms,167449,225.379,0.200795
167481ms,167481,225.991,0.200572
167513ms,167513,226.405,0.201050
167545ms,167545,226.671,0.201145
167577ms,167577,226.718,0.201000
167609ms,167609,226.668,0.200848
167641ms,167641,226.633,0.200674
167689ms,167689,226.575,0.200502
167721ms,167721,226.596,0.200477
167753ms,167753,226.567,0.200508
167785ms,167785,226.572,0.200456
167817ms,167817,226.659,0.200662
167849ms,167849,226.752,0.200956
167881ms,167881,226.682,0.201014
167913ms,167913,226.510,0.200636
167945ms,167945,226.785,0.200493
167977ms,167977,226.570,0.200705
168009ms,168009,226.395,0.200367
168041ms,168041,225.799,0.200877
168089ms,168089,225.489,0.201272
168185ms,168185,224.219,0.198829
168249ms,168249,224.035,0.197382
168617ms,168617,223.285,0.197868
168649ms,168649,223.212,0.197857
168713ms,168713,224.017,0.199714
168745ms,168745,224.232,0.199607
168777ms,168777,224.447,0.199935
168809ms,168809,224.647,0.198612
168841ms,168841,224.794,0.201372
168889ms,168889,224.868,0.200227
168921ms,168921,224.910,0.199973
168953ms,168953,225.399,0.201073
168985ms,168985,226.055,0.200281
169017ms,169017,226.516,0.201110
169049ms,169049,226.589,0.201204
169081ms,169081,226.672,0.201101
169113ms,169113,226.580,0.200259
169145ms,169145,226.730,0.200738
169177ms,169177,226.695,0.200731
169209ms,169209,226.628,0.200490
169241ms,169241,226.697,0.201016
169289ms,169289,226.698,0.201033
169321ms,169321,226.723,0.200827
169353ms,169353,226.703,0.200757
169385ms,169385,226.690,0.200952
169417ms,169417,226.527,0.201312
169449ms,169449,226.811,0.200225
169481ms,169481,226.620,0.200279
169513ms,169513,226.303,0.200121
169577ms,169577,225.406,0.200289
169609ms,169609,224.672,0.197799
169689ms,169689,224.324,0.198461
170121ms,170121,223.156,0.198060
170217ms,170217,223.887,0.198640
170249ms,170249,224.226,0.199519
170281ms,170281,224.411,0.199407
170313ms,170313,224.673,0.198742
170345ms,170345,224.916,0.200521
170377ms,170377,224.886,0.200230
170409ms,170409,224.866,0.199914
170441ms,170441,225.474,0.200872
170489ms,170489,225.879,0.200807
170521ms,170521,226.531,0.201725
170553ms,170553,226.687,0.201537
170585ms,170585,226.696,0.200940
170617ms,170617,226.625,0.200633
170649ms,170649,226.689,0.201043
170681ms,170681,226.709,0.200979
170713ms,170713,226.634,0.200593
170745ms,170745,226.666,0.200672
170777ms,170777,226.688,0.200607
170809ms,170809,226.672,0.200798
170841ms,170841,226.768,0.200774
170889ms,170889,226.660,0.200972
170921ms,170921,226.585,0.200782
170953ms,170953,226.837,0.200963
170985ms,170985,226.606,0.200381
171017ms,171017,226.323,0.200334
171049ms,171049,225.531,0.200337
171081ms,171081,225.213,0.200612
171113ms,171113,224.787,0.198124
171145ms,171145,224.593,0.197343
171241ms,171241,224.123,0.197035
171577ms,171577,223.060,0.197294
171609ms,171609,223.147,0.197212
171641ms,171641,223.179,0.197891
171673ms,171673,223.369,0.197438
171753ms,171753,224.158,0.199032
171817ms,171817,224.893,0.198959
171849ms,171849,224.888,0.200467
171881ms,171881,225.066,0.199805
171913ms,171913,225.082,0.200160
171945ms,171945,225.579,0.200314
171977ms,171977,225.971,0.200828
172009ms,172009,226.324,0.201379
172041ms,172041,226.578,0.201349
172073ms,172073,226.710,0.200943
172121ms,172121,226.723,0.200915
172153ms,172153,226.725,0.200680
172185ms,172185,226.719,0.200825
172185ms,172185,226.719,0.200825
172217ms,172217,226.675,0.201249
172217ms,172217,226.675,0.201249
172249ms,172249,226.691,0.200689
172249ms,172249,226.691,0.200689
172281ms,172281,226.658,0.200556
172313ms,172313,226.739,0.201204
172345ms,172345,226.723,0.200874
172377ms,172377,226.738,0.201082
172409ms,172409,226.559,0.201016
172441ms,172441,226.606,0.201077
172473ms,172473,226.716,0.200074
172521ms,172521,226.362,0.200170
172553ms,172553,225.798,0.200427
172585ms,172585,225.344,0.200904
172617ms,172617,224.720,0.198100
172649ms,172649,224.520,0.197953
172713ms,172713,224.212,0.198633
172777ms,172777,224.280,0.196922
172921ms,172921,224.047,0.197136
173081ms,173081,223.076,0.197272
173113ms,173113,223.173,0.197655
173145ms,173145,223.200,0.197600
173177ms,173177,223.293,0.197797
173209ms,173209,223.959,0.199460
173241ms,173241,224.182,0.200215
173273ms,173273,224.610,0.199865
173321ms,173321,224.778,0.198895
173353ms,173353,224.874,0.201159
173385ms,173385,224.905,0.199691
173417ms,173417,225.094,0.200144
173449ms,173449,225.658,0.200766
173481ms,173481,226.144,0.200683
173513ms,173513,226.631,0.201462
173545ms,173545,226.616,0.201046
173577ms,173577,226.527,0.200533
173609ms,173609,226.697,0.200916
173641ms,173641,226.583,0.200687
173673ms,173673,226.592,0.200929
173721ms,173721,226.697,0.201122
173785ms,173785,226.665,0.201079
173817ms,173817,226.625,0.200827
173849ms,173849,226.640,0.200749
173881ms,173881,226.669,0.200925
173913ms,173913,226.438,0.200534
173945ms,173945,226.723,0.200214
173977ms,173977,226.566,0.200168
174009ms,174009,226.264,0.200082
174073ms,174073,225.282,0.200160
174121ms,174121,224.654,0.197802
174153ms,174153,224.622,0.197681
174249ms,174249,224.161,0.197416
174585ms,174585,223.140,0.197580
174649ms,174649,223.285,0.197364
174713ms,174713,224.316,0.200030
174745ms,174745,224.342,0.200084
174777ms,174777,224.665,0.200110
174809ms,174809,225.057,0.198964
174841ms,174841,224.945,0.199997
174873ms,174873,224.899,0.199304
174921ms,174921,225.026,0.200415
174953ms,174953,225.870,0.201116
174985ms,174985,226.271,0.200974
175017ms,175017,226.596,0.201210
175049ms,175049,226.671,0.201186
175081ms,175081,226.645,0.200457
175113ms,175113,226.590,0.200594
175145ms,175145,226.680,0.201113
175177ms,175177,226.641,0.200931
175209ms,175209,226.669,0.200836
175241ms,175241,226.667,0.200893
175321ms,175321,226.667,0.200827
175353ms,175353,226.643,0.200976
175385ms,175385,226.675,0.200799
175417ms,175417,226.378,0.200576
175449ms,175449,226.837,0.200539
175481ms,175481,226.447,0.200064
175513ms,175513,226.295,0.200040
175545ms,175545,225.583,0.199898
175641ms,175641,224.377,0.198416
175673ms,175673,224.228,0.199096
176041ms,176041,223.138,0.196777
176073ms,176073,223.097,0.197803
176121ms,176121,223.208,0.197644
176153ms,176153,223.194,0.198768
176185ms,176185,223.575,0.199476
176217ms,176217,224.119,0.200385
176249ms,176249,224.312,0.199994
176281ms,176281,224.600,0.199018
176313ms,176313,224.996,0.199269
176345ms,176345,225.080,0.199817
176377ms,176377,225.106,0.199388
176409ms,176409,225.181,0.200618
176441ms,176441,226.023,0.200053
176473ms,176473,226.427,0.201089
176521ms,176521,226.705,0.201193
176553ms,176553,226.604,0.200840
176585ms,176585,226.630,0.200755
176617ms,176617,226.682,0.200974
176649ms,176649,226.666,0.200930
176681ms,176681,226.701,0.200982
176713ms,176713,226.620,0.200571
176745ms,176745,226.606,0.200601
176777ms,176777,226.708,0.200629
176809ms,176809,226.648,0.200787
176841ms,176841,226.726,0.200791
176873ms,176873,226.628,0.200847
176905ms,176905,226.601,0.200957
176953ms,176953,226.796,0.200383
176985ms,176985,226.575,0.200070
177017ms,177017,226.067,0.199868
177081ms,177081,224.964,0.197867
177113ms,177113,224.682,0.197823
177577ms,177577,223.133,0.197517
177609ms,177609,223.086,0.197390
177641ms,177641,223.307,0.198006
177705ms,177705,224.296,0.200391
177753ms,177753,224.386,0.199796
177785ms,177785,224.522,0.199331
177817ms,177817,224.917,0.200552
177849ms,177849,225.241,0.199137
177881ms,177881,225.126,0.199322
177913ms,177913,225.247,0.200832
177977ms,177977,226.356,0.201258
178009ms,178009,226.754,0.200926
178041ms,178041,226.623,0.200803
178073ms,178073,226.684,0.200798
178105ms,178105,226.581,0.200647
178153ms,178153,226.639,0.200997
178185ms,178185,226.615,0.200815
178217ms,178217,226.656,0.200782
178249ms,178249,226.658,0.200580
178281ms,178281,226.655,0.200521
178313ms,178313,226.701,0.201035
178345ms,178345,226.623,0.200493
178377ms,178377,226.668,0.200741
178409ms,178409,226.773,0.201123
178441ms,178441,226.709,0.200405
178473ms,178473,226.408,0.199677
178521ms,178521,226.036,0.199890
178553ms,178553,225.449,0.200070
178585ms,178585,224.776,0.198236
178617ms,178617,224.566,0.197263
179113ms,179113,223.301,0.197429
179145ms,179145,223.219,0.199144
179177ms,179177,223.829,0.198945
179209ms,179209,224.221,0.200193
179241ms,179241,224.525,0.200376
179273ms,179273,224.695,0.200074
179321ms,179321,224.871,0.200964
179353ms,179353,224.945,0.200215
179385ms,179385,225.087,0.199600
179417ms,179417,225.336,0.200921
179449ms,179449,225.967,0.201810
179481ms,179481,226.455,0.200812
179545ms,179545,226.693,0.200924
179577ms,179577,226.664,0.200875
179609ms,179609,226.670,0.200872
179641ms,179641,226.578,0.200594
179673ms,179673,226.663,0.200938
179721ms,179721,226.677,0.200641
179753ms,179753,226.695,0.200775
179785ms,179785,226.729,0.200901
179817ms,179817,226.745,0.200794
179849ms,179849,226.659,0.200931
179881ms,179881,226.541,0.200911
179913ms,179913,226.743,0.200614
179945ms,179945,226.672,0.200313
179977ms,179977,226.151,0.199888
180009ms,180009,225.846,0.199801
180041ms,180041,225.361,0.200478
180073ms,180073,224.818,0.197651
180553ms,180553,223.186,0.197067
180585ms,180585,223.265,0.197907
180617ms,180617,223.387,0.197920
180649ms,180649,223.446,0.199521
180681ms,180681,223.937,0.199467
180713ms,180713,224.296,0.200299
180777ms,180777,224.734,0.199624
180809ms,180809,224.880,0.200823
180841ms,180841,224.797,0.199991
180873ms,180873,225.066,0.200699
180905ms,180905,225.741,0.200711
180952ms,180952,226.134,0.200620
180985ms,180985,226.599,0.200994
181017ms,181017,226.624,0.200895
181049ms,181049,226.653,0.200714
181081ms,181081,226.684,0.200832
181113ms,181113,226.704,0.200747
181145ms,181145,226.609,0.200978
181177ms,181177,226.648,0.201043
181209ms,181209,226.594,0.200636
181241ms,181241,226.645,0.201046
181273ms,181273,226.707,0.200942
181305ms,181305,226.671,0.200508
181352ms,181352,226.678,0.200825
181385ms,181385,226.403,0.200727
181417ms,181417,226.777,0.200349
181449ms,181449,226.472,0.200214
181481ms,181481,226.211,0.199735
181513ms,181513,225.438,0.200385
181544ms,181544,225.415,0.200185
181577ms,181577,224.765,0.198227
181609ms,181609,224.521,0.197600
182073ms,182073,223.136,0.197875
182105ms,182105,223.230,0.198133
182152ms,182152,223.370,0.198527
182185ms,182185,224.137,0.200278
182217ms,182217,224.241,0.200104
182248ms,182248,224.598,0.199278
182280ms,182280,224.986,0.199396
182313ms,182313,224.947,0.200649
182345ms,182345,224.868,0.199796
182377ms,182377,225.039,0.200706
182409ms,182409,225.832,0.200632
182441ms,182441,226.300,0.200524
182473ms,182473,226.610,0.200796
182505ms,182505,226.659,0.201085
182552ms,182552,226.649,0.200292
182584ms,182584,226.651,0.200507
182616ms,182616,226.606,0.200514
182648ms,182648,226.667,0.200830
182680ms,182680,226.668,0.200682
182713ms,182713,226.644,0.200724
182744ms,182744,226.617,0.201004
182776ms,182776,226.624,0.201029
182809ms,182809,226.674,0.200959
182840ms,182840,226.665,0.201090
182872ms,182872,226.452,0.200584
182904ms,182904,226.718,0.200296
182952ms,182952,226.532,0.199935
182984ms,182984,226.108,0.200283
183016ms,183016,225.372,0.200474
183048ms,183048,225.008,0.198785
183608ms,183608,223.231,0.199452
183640ms,183640,223.715,0.198463
183672ms,183672,224.242,0.199128
183704ms,183704,224.341,0.199511
183752ms,183752,224.695,0.199976
183784ms,183784,224.718,0.200415
183816ms,183816,225.033,0.199652
183848ms,183848,225.186,0.199767
183880ms,183880,225.239,0.200873
183912ms,183912,226.120,0.200749
183944ms,183944,226.353,0.201216
183976ms,183976,226.627,0.200986
184008ms,184008,226.653,0.201344
184040ms,184040,226.671,0.200668
184072ms,184072,226.753,0.200887
184152ms,184152,226.696,0.200812
184184ms,184184,226.700,0.200407
184216ms,184216,226.666,0.201034
184248ms,184248,226.620,0.200963
184280ms,184280,226.740,0.200794
184312ms,184312,226.684,0.200868
184344ms,184344,226.602,0.200893
184376ms,184376,226.710,0.200922
184408ms,184408,226.643,0.200084
184440ms,184440,226.510,0.200144
184472ms,184472,226.023,0.200528
184504ms,184504,225.493,0.199542
184552ms,184552,224.978,0.197332
184584ms,184584,224.758,0.197276
184616ms,184616,224.259,0.198915
184680ms,184680,224.179,0.198057
185016ms,185016,223.230,0.196555
185048ms,185048,222.992,0.197184
185080ms,185080,223.137,0.197541
185112ms,185112,223.216,0.198543
185144ms,185144,223.545,0.198872
185176ms,185176,224.190,0.200997
185208ms,185208,224.265,0.200066
185240ms,185240,224.621,0.199036
185304ms,185304,224.885,0.200133
185352ms,185352,225.058,0.200036
185384ms,185384,225.269,0.199455
185416ms,185416,226.076,0.199827
185448ms,185448,226.268,0.201448
185480ms,185480,226.695,0.200955
185512ms,185512,226.682,0.201407
185544ms,185544,226.538,0.201434
185576ms,185576,226.626,0.201301
185608ms,185608,226.725,0.201050
185640ms,185640,226.591,0.200977
185672ms,185672,226.560,0.201291
185704ms,185704,226.637,0.201144
185736ms,185736,226.708,0.200819
185784ms,185784,226.707,0.201172
185816ms,185816,226.720,0.200704
185848ms,185848,226.864,0.200636
185880ms,185880,226.632,0.201168
185912ms,185912,226.521,0.200935
185944ms,185944,226.192,0.200973
185976ms,185976,225.893,0.200486
186008ms,186008,225.480,0.200186
186040ms,186040,224.989,0.198168
186072ms,186072,224.804,0.197481
186104ms,186104,224.350,0.198067
186184ms,186184,224.155,0.198185
186536ms,186536,222.956,0.197028
186584ms,186584,223.194,0.197979
186616ms,186616,223.301,0.197308
186648ms,186648,223.861,0.198741
186680ms,186680,224.266,0.200133
186712ms,186712,224.451,0.200021
186744ms,186744,224.666,0.198933
186776ms,186776,224.802,0.201225
186808ms,186808,225.031,0.199579
186840ms,186840,225.134,0.199739
186872ms,186872,225.489,0.200977
186904ms,186904,226.038,0.200323
186936ms,186936,226.370,0.200692
186984ms,186984,226.599,0.200456
187016ms,187016,226.670,0.200840
187048ms,187048,226.700,0.200913
187080ms,187080,226.650,0.200493
187112ms,187112,226.616,0.200336
187144ms,187144,226.623,0.200420
187176ms,187176,226.560,0.200557
187208ms,187208,226.637,0.200469
187240ms,187240,226.611,0.200522
187272ms,187272,226.737,0.200884
187304ms,187304,226.709,0.201115
187336ms,187336,226.510,0.200847
187384ms,187384,226.794,0.200388
187416ms,187416,226.584,0.200377
187448ms,187448,226.411,0.200100
187480ms,187480,225.642,0.199401
187512ms,187512,225.361,0.201268
187576ms,187576,224.633,0.197246
187608ms,187608,224.222,0.198907
188040ms,188040,223.021,0.197552
188072ms,188072,223.271,0.197269
188104ms,188104,223.187,0.199245
188136ms,188136,223.932,0.198724
188184ms,188184,224.305,0.199778
188216ms,188216,224.354,0.199304
188248ms,188248,224.667,0.199406
188280ms,188280,224.824,0.200562
188312ms,188312,224.980,0.199579
188344ms,188344,225.067,0.199323
188376ms,188376,225.325,0.200452
188408ms,188408,225.854,0.200693
188440ms,188440,226.443,0.200918
188472ms,188472,226.674,0.200897
188504ms,188504,226.652,0.200869
188536ms,188536,226.646,0.200385
188584ms,188584,226.664,0.200815
188616ms,188616,226.710,0.200835
188648ms,188648,226.681,0.200714
188680ms,188680,226.704,0.201086
188712ms,188712,226.733,0.200854
188744ms,188744,226.704,0.201011
188776ms,188776,226.559,0.200329
188808ms,188808,226.667,0.200377
188840ms,188840,226.400,0.200715
188872ms,188872,226.679,0.200726
188904ms,188904,226.526,0.199810
188936ms,188936,226.328,0.199984
188984ms,188984,225.615,0.200179
189016ms,189016,225.376,0.201250
189544ms,189544,223.218,0.197444
189576ms,189576,223.208,0.197473
189608ms,189608,223.430,0.197876
189640ms,189640,223.790,0.199747
189672ms,189672,224.289,0.200476
189704ms,189704,224.383,0.199754
189736ms,189736,224.596,0.199047
189784ms,189784,224.773,0.200627
189816ms,189816,225.038,0.199790
189848ms,189848,225.041,0.199517
189880ms,189880,225.487,0.200902
189912ms,189912,225.914,0.200599
189944ms,189944,226.501,0.200895
189976ms,189976,226.639,0.200838
190008ms,190008,226.767,0.200884
190040ms,190040,226.621,0.200412
190072ms,190072,226.745,0.200814
190104ms,190104,226.742,0.201133
190136ms,190136,226.712,0.200754
190184ms,190184,226.709,0.200736
190216ms,190216,226.718,0.200415
190248ms,190248,226.692,0.200521
190280ms,190280,226.790,0.200810
190312ms,190312,226.745,0.200958
190344ms,190344,226.655,0.201059
190376ms,190376,226.753,0.200239
190440ms,190440,226.300,0.199994
190472ms,190472,225.527,0.200394
190504ms,190504,225.344,0.200146
190568ms,190568,224.549,0.197659
191048ms,191048,223.110,0.197256
191080ms,191080,223.285,0.197508
191144ms,191144,223.918,0.200367
191176ms,191176,224.295,0.199905
191208ms,191208,224.532,0.199586
191272ms,191272,224.817,0.200388
191272ms,191272,224.817,0.200388
191304ms,191304,224.888,0.199882
191304ms,191304,224.888,0.199882
191336ms,191336,225.042,0.199701
191336ms,191336,225.042,0.199701
191368ms,191368,225.467,0.200503
191368ms,191368,225.467,0.200503
191416ms,191416,226.047,0.200071
191416ms,191416,226.047,0.200071
191448ms,191448,226.566,0.201476
191480ms,191480,226.675,0.201018
191512ms,191512,226.591,0.200954
191576ms,191576,226.589,0.200587
191608ms,191608,226.599,0.200617
191640ms,191640,226.718,0.200851
191672ms,191672,226.624,0.201006
191704ms,191704,226.640,0.201011
191736ms,191736,226.663,0.200803
191768ms,191768,226.620,0.200591
191816ms,191816,226.716,0.201108
191848ms,191848,226.451,0.200559
191880ms,191880,226.730,0.200321
191912ms,191912,226.523,0.200088
191944ms,191944,226.312,0.200038
191976ms,191976,225.787,0.199771
192008ms,192008,225.332,0.201668
192072ms,192072,224.545,0.197793
192504ms,192504,223.164,0.197059
192536ms,192536,223.213,0.197737
192568ms,192568,223.242,0.198149
192648ms,192648,224.059,0.199540
192680ms,192680,224.302,0.200331
192712ms,192712,224.561,0.199560
192744ms,192744,224.706,0.199551
192776ms,192776,224.780,0.200889
192808ms,192808,224.899,0.200093
192840ms,192840,224.934,0.200215
192872ms,192872,225.492,0.200617
192904ms,192904,226.170,0.200392
192936ms,192936,226.552,0.201054
192968ms,192968,226.678,0.200999
193016ms,193016,226.602,0.200397
193048ms,193048,226.594,0.200656
193080ms,193080,226.579,0.200392
193112ms,193112,226.605,0.200275
193144ms,193144,226.664,0.200794
193176ms,193176,226.556,0.200476
193208ms,193208,226.679,0.200665
193240ms,193240,226.611,0.200674
193272ms,193272,226.640,0.200501
193304ms,193304,226.614,0.200770
193336ms,193336,226.434,0.200438
193368ms,193368,226.696,0.200471
193416ms,193416,226.597,0.200096
193448ms,193448,226.199,0.200074
193480ms,193480,225.481,0.200101
193512ms,193512,225.373,0.199578
193576ms,193576,224.504,0.197248
194040ms,194040,223.036,0.197635
194072ms,194072,223.179,0.197942
194104ms,194104,223.183,0.197891
194136ms,194136,223.891,0.199889
194168ms,194168,224.310,0.199520
194216ms,194216,224.414,0.198725
194248ms,194248,224.752,0.199298
194280ms,194280,224.854,0.201252
194312ms,194312,224.851,0.200324
194344ms,194344,224.986,0.200001
194376ms,194376,225.522,0.200390
194408ms,194408,225.971,0.200228
194440ms,194440,226.631,0.201599
194472ms,194472,226.747,0.200896
194504ms,194504,226.731,0.200765
194536ms,194536,226.638,0.200947
194568ms,194568,226.614,0.200668
194616ms,194616,226.663,0.200861
194648ms,194648,226.605,0.200513
194680ms,194680,226.610,0.200743
194712ms,194712,226.668,0.200877
194744ms,194744,226.616,0.200930
194776ms,194776,226.597,0.200600
194808ms,194808,226.728,0.200422
194840ms,194840,226.399,0.200576
194872ms,194872,226.767,0.200750
194904ms,194904,226.543,0.200109
194936ms,194936,226.253,0.200313
194968ms,194968,225.714,0.199910
195000ms,195000,225.311,0.200948
195512ms,195512,223.084,0.196989
195576ms,195576,223.273,0.198656
195608ms,195608,223.279,0.198409
195640ms,195640,223.907,0.199517
195672ms,195672,224.207,0.200270
195704ms,195704,224.508,0.199377
195736ms,195736,224.829,0.199238
195768ms,195768,224.766,0.200357
195800ms,195800,224.979,0.199907
195848ms,195848,225.189,0.199600
195880ms,195880,225.671,0.200859
195912ms,195912,226.201,0.201443
195944ms,195944,226.646,0.201341
195976ms,195976,226.700,0.201161
196008ms,196008,226.665,0.200657
196040ms,196040,226.715,0.200949
196072ms,196072,226.668,0.200862
196104ms,196104,226.581,0.200437
196136ms,196136,226.581,0.200467
196168ms,196168,226.643,0.200600
196200ms,196200,226.644,0.200515
196248ms,196248,226.712,0.200923
196280ms,196280,226.598,0.200462
196312ms,196312,226.629,0.200293
196344ms,196344,226.407,0.200592
196376ms,196376,226.758,0.200293
196408ms,196408,226.501,0.200024
196440ms,196440,226.223,0.200177
196472ms,196472,225.596,0.199402
196504ms,196504,225.236,0.199567
196568ms,196568,224.509,0.197876
197000ms,197000,223.057,0.197448
197048ms,197048,223.061,0.197928
197080ms,197080,223.217,0.198206
197112ms,197112,223.377,0.199020
197144ms,197144,224.081,0.200840
197176ms,197176,224.263,0.200121
197208ms,197208,224.600,0.200209
197240ms,197240,224.906,0.199296
197272ms,197272,224.861,0.201244
197304ms,197304,224.835,0.199641
197336ms,197336,225.315,0.199751
197368ms,197368,225.683,0.200038
197400ms,197400,226.193,0.199853
197448ms,197448,226.519,0.200706
197480ms,197480,226.607,0.200672
197512ms,197512,226.581,0.200494
197544ms,197544,226.682,0.200515
197576ms,197576,226.617,0.200565
197608ms,197608,226.727,0.200538
197640ms,197640,226.735,0.200834
197672ms,197672,226.665,0.200962
197704ms,197704,226.677,0.201015
197736ms,197736,226.607,0.200742
197768ms,197768,226.649,0.200855
197800ms,197800,226.686,0.201121
197848ms,197848,226.352,0.200541
197880ms,197880,226.735,0.200146
197912ms,197912,226.418,0.199930
197944ms,197944,226.138,0.199995
197976ms,197976,225.525,0.199788
198072ms,198072,224.417,0.198036
198504ms,198504,223.096,0.197407
198536ms,198536,223.097,0.197406
198568ms,198568,223.210,0.198257
198600ms,198600,223.426,0.198918
198648ms,198648,224.206,0.200794
198680ms,198680,224.377,0.200251
198712ms,198712,224.587,0.198942
198776ms,198776,225.068,0.199607
198808ms,198808,224.941,0.199744
198840ms,198840,225.129,0.200424
198872ms,198872,225.972,0.200962
198904ms,198904,226.403,0.201311
198936ms,198936,226.655,0.200562
198968ms,198968,226.603,0.200435
199000ms,199000,226.634,0.200529
199048ms,199048,226.630,0.200558
199080ms,199080,226.644,0.200842
199112ms,199112,226.662,0.200942
199144ms,199144,226.696,0.201029
199176ms,199176,226.757,0.201099
199208ms,199208,226.662,0.200531
199240ms,199240,226.658,0.200733
199272ms,199272,226.605,0.200547
199304ms,199304,226.597,0.200667
199336ms,199336,226.472,0.200716
199368ms,199368,226.746,0.200486
199400ms,199400,226.488,0.199805
199448ms,199448,226.134,0.199757
199480ms,199480,225.396,0.200826
199512ms,199512,224.838,0.198191
199544ms,199544,224.535,0.197692
199640ms,199640,224.091,0.197946
200072ms,200072,223.205,0.198348
200104ms,200104,223.786,0.199120
200136ms,200136,224.181,0.201119
200168ms,200168,224.423,0.200509
200200ms,200200,224.660,0.198472
200248ms,200248,224.758,0.200660
200280ms,200280,224.974,0.199749
200312ms,200312,225.023,0.199817
200344ms,200344,225.310,0.200408
200376ms,200376,226.110,0.200684
200408ms,200408,226.455,0.200723
200440ms,200440,226.711,0.201176
200472ms,200472,226.553,0.200634
200504ms,200504,226.627,0.200589
200536ms,200536,226.651,0.200535
200568ms,200568,226.644,0.200646
200600ms,200600,226.676,0.200729
200632ms,200632,226.631,0.200691
200680ms,200680,226.554,0.200362
200712ms,200712,226.659,0.200566
200744ms,200744,226.668,0.200973
200776ms,200776,226.707,0.200902
200808ms,200808,226.592,0.200926
200840ms,200840,226.780,0.200404
200872ms,200872,226.565,0.200306
200904ms,200904,226.345,0.200140
200936ms,200936,225.896,0.200350
200968ms,200968,225.438,0.200463
201000ms,201000,224.844,0.197868
201032ms,201032,224.600,0.197043
201112ms,201112,224.173,0.198284
201544ms,201544,223.210,0.197601
201576ms,201576,223.367,0.197775
201608ms,201608,223.925,0.199219
201640ms,201640,224.392,0.199642
201672ms,201672,224.568,0.200109
201704ms,201704,224.691,0.198937
201736ms,201736,224.775,0.201233
201768ms,201768,224.905,0.199820
201800ms,201800,225.181,0.199540
201848ms,201848,225.596,0.200697
201880ms,201880,226.104,0.201307
201912ms,201912,226.442,0.200778
201944ms,201944,226.579,0.200874
201976ms,201976,226.680,0.200688
202008ms,202008,226.668,0.200609
202040ms,202040,226.679,0.200688
202072ms,202072,226.754,0.200946
202104ms,202104,226.690,0.200503
202136ms,202136,226.638,0.200763
202168ms,202168,226.601,0.200747
202200ms,202200,226.592,0.200630
202248ms,202248,226.672,0.200989
202280ms,202280,226.711,0.200820
202312ms,202312,226.504,0.200546
202344ms,202344,226.758,0.200635
202376ms,202376,226.476,0.199956
202408ms,202408,226.239,0.199670
202504ms,202504,224.707,0.198242
202568ms,202568,224.318,0.198654
203000ms,203000,223.050,0.197731
203048ms,203048,223.316,0.197857
203112ms,203112,224.093,0.200059
203144ms,203144,224.250,0.200465
203176ms,203176,224.476,0.199196
203208ms,203208,224.580,0.198662
203240ms,203240,224.917,0.200407
203272ms,203272,224.915,0.199875
203304ms,203304,225.141,0.200250
203336ms,203336,225.683,0.200921
203368ms,203368,226.305,0.200628
203400ms,203400,226.569,0.200859
203448ms,203448,226.584,0.200895
203480ms,203480,226.578,0.200855
203512ms,203512,226.687,0.200498
203544ms,203544,226.669,0.200712
203576ms,203576,226.644,0.200918
203608ms,203608,226.657,0.200825
203704ms,203704,226.630,0.200433
203736ms,203736,226.623,0.200887
203768ms,203768,226.595,0.200679
203800ms,203800,226.475,0.201098
203848ms,203848,226.857,0.200222
203880ms,203880,226.496,0.200059
203912ms,203912,226.138,0.200192
203944ms,203944,225.573,0.199606
203976ms,203976,225.152,0.199203
204008ms,204008,224.654,0.198278
204040ms,204040,224.453,0.198445
204136ms,204136,224.117,0.197204
204472ms,204472,222.971,0.197150
204504ms,204504,223.111,0.197100
204536ms,204536,223.325,0.198740
204568ms,204568,223.535,0.199664
204600ms,204600,224.158,0.201100
204632ms,204632,224.261,0.200429
204680ms,204680,224.541,0.199319
204712ms,204712,225.074,0.199051
204744ms,204744,225.129,0.199898
204776ms,204776,224.894,0.199776
204808ms,204808,225.103,0.200412
204840ms,204840,225.781,0.200241
204904ms,204904,226.639,0.200496
204936ms,204936,226.684,0.200935
204968ms,204968,226.611,0.200767
205000ms,205000,226.720,0.200982
205032ms,205032,226.639,0.200893
205080ms,205080,226.692,0.200561
205112ms,205112,226.690,0.200968
205144ms,205144,226.652,0.201033
205176ms,205176,226.704,0.200597
205208ms,205208,226.570,0.200538
205240ms,205240,226.645,0.200892
205272ms,205272,226.625,0.200605
205304ms,205304,226.552,0.200427
205336ms,205336,226.659,0.200244
205368ms,205368,226.540,0.199955
205400ms,205400,225.882,0.200442
205432ms,205432,225.436,0.199989
205576ms,205576,224.229,0.198262
205944ms,205944,223.199,0.197466
205976ms,205976,222.988,0.197516
206008ms,206008,223.218,0.198832
206040ms,206040,223.271,0.198622
206072ms,206072,223.860,0.199884
206104ms,206104,224.156,0.200482
206136ms,206136,224.429,0.200237
206168ms,206168,224.680,0.198883
206200ms,206200,224.783,0.200883
206232ms,206232,224.860,0.199746
206280ms,206280,224.947,0.199814
206312ms,206312,225.348,0.200805
206344ms,206344,226.030,0.201197
206376ms,206376,226.383,0.200984
206408ms,206408,226.609,0.200895
206440ms,206440,226.698,0.200609
206472ms,206472,226.658,0.200448
206504ms,206504,226.711,0.200794
206536ms,206536,226.648,0.200723
206568ms,206568,226.696,0.200662
206600ms,206600,226.627,0.200687
206632ms,206632,226.713,0.200853
206680ms,206680,226.605,0.200555
206712ms,206712,226.588,0.200680
206776ms,206776,226.607,0.200944
206808ms,206808,226.804,0.200206
206840ms,206840,226.603,0.200001
206872ms,206872,226.361,0.199976
206904ms,206904,225.639,0.199745
206936ms,206936,225.336,0.200002
206968ms,206968,224.801,0.198205
207000ms,207000,224.555,0.197478
207032ms,207032,224.376,0.198590
207144ms,207144,224.198,0.196776
207432ms,207432,223.224,0.197313
207479ms,207479,223.253,0.197579
207511ms,207511,223.145,0.197991
207544ms,207544,223.360,0.197843
207576ms,207576,224.088,0.199661
207608ms,207608,224.263,0.199897
207640ms,207640,224.501,0.199988
207672ms,207672,224.819,0.199483
207703ms,207703,224.954,0.201428
207736ms,207736,224.966,0.199611
207768ms,207768,224.937,0.199905
207800ms,207800,225.591,0.200868
207832ms,207832,226.097,0.200533
207880ms,207880,226.522,0.201075
207912ms,207912,226.687,0.201014
207943ms,207943,226.631,0.200755
207976ms,207976,226.654,0.200879
208039ms,208039,226.713,0.200792
208072ms,208072,226.710,0.200899
208103ms,208103,226.697,0.200873
208136ms,208136,226.719,0.200748
208168ms,208168,226.743,0.200738
208200ms,208200,226.745,0.200914
208232ms,208232,226.682,0.200703
208279ms,208279,226.575,0.200545
208311ms,208311,226.779,0.200511
208375ms,208375,226.358,0.199988
208408ms,208408,225.756,0.199802
208440ms,208440,225.495,0.200994
208503ms,208503,224.563,0.197602
208536ms,208536,224.321,0.198537
208599ms,208599,224.032,0.197068
208936ms,208936,223.050,0.197142
208968ms,208968,223.240,0.197804
208999ms,208999,223.329,0.198015
209064ms,209064,223.777,0.199120
209111ms,209111,224.154,0.200458
209143ms,209143,224.381,0.199560
209176ms,209176,224.733,0.200102
209207ms,209207,224.722,0.201104
209240ms,209240,224.928,0.199971
209272ms,209272,225.154,0.199314
209303ms,209303,225.295,0.200656
209336ms,209336,226.258,0.199841
209368ms,209368,226.453,0.200933
209399ms,209399,226.671,0.200729
209432ms,209432,226.708,0.200751
209463ms,209463,226.639,0.200540
209511ms,209511,226.623,0.200908
209575ms,209575,226.584,0.200713
209639ms,209639,226.715,0.200979
209671ms,209671,226.715,0.200999
209703ms,209703,226.634,0.200582
209736ms,209736,226.729,0.200818
209768ms,209768,226.608,0.200876
209799ms,209799,226.773,0.200226
209831ms,209831,226.739,0.200544
209863ms,209863,226.434,0.200076
209943ms,209943,225.503,0.199966
209975ms,209975,224.826,0.197649
210007ms,210007,224.663,0.196908
210039ms,210039,224.312,0.198964
210103ms,210103,224.142,0.197530
210439ms,210439,223.208,0.197000
210439ms,210439,223.208,0.197000
210503ms,210503,223.179,0.197335
210503ms,210503,223.179,0.197335
210535ms,210535,223.269,0.197982
210535ms,210535,223.269,0.197982
210567ms,210567,223.619,0.198103
210567ms,210567,223.619,0.198103
210599ms,210599,224.177,0.201022
210599ms,210599,224.177,0.201022
210631ms,210631,224.302,0.200270
210631ms,210631,224.302,0.200270
210663ms,210663,224.656,0.199196
210711ms,210711,224.920,0.200338
210743ms,210743,225.070,0.200079
210775ms,210775,225.005,0.199453
210807ms,210807,225.120,0.200625
210839ms,210839,225.927,0.200978
210871ms,210871,226.403,0.200662
210903ms,210903,226.616,0.200479
210935ms,210935,226.656,0.200920
210967ms,210967,226.655,0.200746
210999ms,210999,226.662,0.200777
211031ms,211031,226.711,0.200459
211063ms,211063,226.729,0.200922
211111ms,211111,226.685,0.200890
211143ms,211143,226.664,0.200739
211175ms,211175,226.667,0.200268
211207ms,211207,226.666,0.200867
211239ms,211239,226.713,0.200816
211303ms,211303,226.382,0.200744
211335ms,211335,226.781,0.200361
211367ms,211367,226.613,0.200207
211399ms,211399,226.030,0.200421
211431ms,211431,225.404,0.200221
211463ms,211463,224.940,0.198033
211511ms,211511,224.691,0.197585
211607ms,211607,224.209,0.197883
211975ms,211975,223.093,0.197359
212007ms,212007,223.236,0.197432
212039ms,212039,223.269,0.198945
212071ms,212071,223.760,0.199216
212103ms,212103,224.271,0.200500
212135ms,212135,224.480,0.200619
212167ms,212167,224.592,0.199220
212199ms,212199,224.814,0.200978
212231ms,212231,224.897,0.199794
212263ms,212263,225.040,0.199762
212311ms,212311,225.408,0.200747
212343ms,212343,226.121,0.201412
212375ms,212375,226.429,0.201286
212407ms,212407,226.614,0.200691
212439ms,212439,226.673,0.200954
212471ms,212471,226.719,0.200701
212535ms,212535,226.734,0.200704
212567ms,212567,226.722,0.200350
212599ms,212599,226.747,0.200356
212631ms,212631,226.729,0.200709
212663ms,212663,226.721,0.200502
212711ms,212711,226.687,0.200579
212743ms,212743,226.792,0.200947
212775ms,212775,226.669,0.200858
212807ms,212807,226.653,0.200717
212839ms,212839,226.785,0.200575
212871ms,212871,226.529,0.199998
212903ms,212903,226.026,0.200136
212935ms,212935,225.451,0.200149
212967ms,212967,224.950,0.197594
213063ms,213063,224.350,0.198501
213511ms,213511,223.114,0.197741
213543ms,213543,223.292,0.197722
213607ms,213607,224.294,0.199378
213639ms,213639,224.267,0.200064
213671ms,213671,224.722,0.199232
213703ms,213703,224.791,0.200376
213735ms,213735,225.013,0.199416
213767ms,213767,225.136,0.199598
213799ms,213799,225.230,0.200556
213831ms,213831,225.787,0.201585
213863ms,213863,226.385,0.200759
213943ms,213943,226.704,0.201057
213975ms,213975,226.728,0.200984
214007ms,214007,226.690,0.200879
214039ms,214039,226.729,0.200963
214071ms,214071,226.733,0.200980
214103ms,214103,226.712,0.200935
214135ms,214135,226.766,0.201013
214167ms,214167,226.731,0.200810
214199ms,214199,226.767,0.200917
214231ms,214231,226.675,0.200577
214263ms,214263,226.745,0.201022
214295ms,214295,226.546,0.200517
214343ms,214343,226.668,0.200039
214375ms,214375,226.597,0.199728
214407ms,214407,225.997,0.200683
214439ms,214439,225.458,0.200020
214471ms,214471,224.918,0.198115
214503ms,214503,224.601,0.198034
214935ms,214935,223.131,0.196440
214967ms,214967,223.015,0.197691
214999ms,214999,223.247,0.197922
215031ms,215031,223.313,0.198761
215095ms,215095,224.294,0.200416
215143ms,215143,224.435,0.199831
215175ms,215175,224.709,0.198812
215207ms,215207,224.901,0.200612
215239ms,215239,224.897,0.199910
215271ms,215271,224.871,0.199772
215303ms,215303,225.347,0.201005
215335ms,215335,226.091,0.199838
215367ms,215367,226.474,0.200179
215399ms,215399,226.639,0.200953
215431ms,215431,226.628,0.200527
215463ms,215463,226.647,0.200506
215495ms,215495,226.732,0.200698
215543ms,215543,226.730,0.200777
215575ms,215575,226.764,0.200602
215607ms,215607,226.673,0.200620
215639ms,215639,226.679,0.200692
215671ms,215671,226.694,0.201013
215703ms,215703,226.724,0.200814
215735ms,215735,226.644,0.200551
215767ms,215767,226.643,0.200908
215799ms,215799,226.568,0.200927
215831ms,215831,226.677,0.200543
215863ms,215863,226.339,0.199755
215895ms,215895,226.089,0.199802
215943ms,215943,225.588,0.199833
216007ms,216007,224.693,0.197394
216071ms,216071,224.206,0.198362
216103ms,216103,224.175,0.197839
216471ms,216471,222.925,0.197644
216503ms,216503,223.116,0.197643
216535ms,216535,223.272,0.198335
216567ms,216567,223.435,0.199159
216599ms,216599,224.148,0.200151
216631ms,216631,224.323,0.200093
216663ms,216663,224.657,0.200486
216695ms,216695,224.803,0.199940
216743ms,216743,225.078,0.199909
216775ms,216775,225.027,0.199522
216807ms,216807,225.023,0.200346
216839ms,216839,225.808,0.200528
216871ms,216871,226.164,0.200306
216903ms,216903,226.578,0.200521
216935ms,216935,226.700,0.200901
216967ms,216967,226.648,0.200598
216999ms,216999,226.717,0.200891
217031ms,217031,226.582,0.200681
217063ms,217063,226.692,0.200912
217095ms,217095,226.656,0.200837
217143ms,217143,226.647,0.200726
217175ms,217175,226.665,0.200859
217207ms,217207,226.631,0.200472
217239ms,217239,226.672,0.200519
217271ms,217271,226.606,0.200546
217303ms,217303,226.424,0.200441
217335ms,217335,226.655,0.200001
217367ms,217367,226.531,0.200187
217399ms,217399,226.165,0.199666
217463ms,217463,225.215,0.199456
217543ms,217543,224.367,0.197577
217575ms,217575,224.451,0.197997
217607ms,217607,224.267,0.197964
217975ms,217975,223.103,0.197291
218007ms,218007,223.117,0.197577
218039ms,218039,223.293,0.198195
218103ms,218103,224.084,0.200697
218135ms,218135,224.254,0.200179
218167ms,218167,224.516,0.200139
218199ms,218199,224.851,0.198706
218231ms,218231,224.853,0.200485
218263ms,218263,225.034,0.199698
218295ms,218295,225.103,0.200218
218343ms,218343,225.688,0.200463
218375ms,218375,226.209,0.200449
218407ms,218407,226.498,0.200939
218439ms,218439,226.691,0.200733
218471ms,218471,226.633,0.200676
218503ms,218503,226.615,0.200620
218535ms,218535,226.702,0.200694
218567ms,218567,226.674,0.200466
218599ms,218599,226.646,0.200584
218631ms,218631,226.728,0.200740
218695ms,218695,226.704,0.200467
218743ms,218743,226.693,0.200488
218775ms,218775,226.694,0.200701
218807ms,218807,226.528,0.200903
218839ms,218839,226.749,0.200463
218871ms,218871,226.644,0.200284
218903ms,218903,226.285,0.199827
218935ms,218935,225.622,0.200151
218967ms,218967,225.496,0.200814
218999ms,218999,224.777,0.198229
219031ms,219031,224.558,0.197465
219063ms,219063,224.225,0.199077
219127ms,219127,223.978,0.197284
219495ms,219495,223.053,0.197451
219527ms,219527,223.176,0.197533
219575ms,219575,223.216,0.197503
219607ms,219607,223.893,0.199570
219639ms,219639,224.260,0.200045
219671ms,219671,224.526,0.200342
219703ms,219703,224.678,0.199569
219735ms,219735,224.774,0.200962
219767ms,219767,224.962,0.199231
219799ms,219799,225.141,0.199828
219831ms,219831,225.512,0.200762
219863ms,219863,226.105,0.200800
219895ms,219895,226.439,0.200961
219927ms,219927,226.666,0.200929
219975ms,219975,226.678,0.200784
220007ms,220007,226.617,0.200573
220039ms,220039,226.657,0.201096
220071ms,220071,226.794,0.200834
220103ms,220103,226.740,0.200838
220135ms,220135,226.668,0.200954
220167ms,220167,226.653,0.200881
220199ms,220199,226.738,0.200875
220231ms,220231,226.658,0.200565
220263ms,220263,226.618,0.200539
220295ms,220295,226.519,0.200339
220327ms,220327,226.849,0.200716
220375ms,220375,226.584,0.200162
220407ms,220407,226.266,0.199710
220439ms,220439,225.805,0.199666
220471ms,220471,225.464,0.200564
220503ms,220503,224.862,0.198316
220567ms,220567,224.329,0.198525
221031ms,221031,223.224,0.199131
221063ms,221063,223.442,0.198607
221095ms,221095,223.781,0.198410
221127ms,221127,224.284,0.200092
221175ms,221175,224.377,0.199707
221207ms,221207,224.688,0.199181
221239ms,221239,224.846,0.200802
221271ms,221271,224.825,0.199903
221303ms,221303,224.765,0.199956
221335ms,221335,225.442,0.200914
221367ms,221367,226.134,0.200046
221399ms,221399,226.510,0.200976
221431ms,221431,226.640,0.200742
221463ms,221463,226.716,0.201057
221495ms,221495,226.630,0.200751
221527ms,221527,226.662,0.200631
221575ms,221575,226.633,0.200902
221607ms,221607,226.610,0.200922
221639ms,221639,226.690,0.200995
221671ms,221671,226.713,0.200981
221703ms,221703,226.678,0.200857
221735ms,221735,226.710,0.200824
221767ms,221767,226.788,0.200876
221799ms,221799,226.531,0.200822
221831ms,221831,226.812,0.200385
221863ms,221863,226.627,0.200536
221895ms,221895,226.336,0.200079
221927ms,221927,225.704,0.200025
221975ms,221975,225.384,0.201055
222007ms,222007,224.791,0.198073
222471ms,222471,223.177,0.197361
222503ms,222503,223.204,0.198025
222535ms,222535,223.229,0.198003
222567ms,222567,223.173,0.198486
222599ms,222599,224.217,0.200661
222631ms,222631,224.319,0.200060
222663ms,222663,224.647,0.199868
222695ms,222695,224.846,0.199466
222727ms,222727,224.861,0.200326
222775ms,222775,224.953,0.199509
222807ms,222807,225.082,0.200150
222839ms,222839,225.732,0.200787
222871ms,222871,226.337,0.200595
222903ms,222903,226.597,0.200520
222935ms,222935,226.656,0.200849
222967ms,222967,226.613,0.200953
222999ms,222999,226.655,0.200799
223031ms,223031,226.692,0.200802
223063ms,223063,226.710,0.200798
223095ms,223095,226.711,0.200745
223127ms,223127,226.721,0.200941
223159ms,223159,226.582,0.200589
223207ms,223207,226.649,0.200656
223239ms,223239,226.683,0.200592
223271ms,223271,226.648,0.200548
223335ms,223335,226.802,0.200433
223399ms,223399,226.173,0.199920
223431ms,223431,225.605,0.199932
223463ms,223463,225.134,0.199545
223495ms,223495,224.631,0.198689
223527ms,223527,224.425,0.198289
223799ms,223799,223.931,0.198465
223959ms,223959,223.131,0.197420
224007ms,224007,223.154,0.197420
224039ms,224039,223.300,0.197699
224071ms,224071,223.429,0.198859
224103ms,224103,224.244,0.200958
224135ms,224135,224.368,0.200200
224167ms,224167,224.477,0.199079
224199ms,224199,224.912,0.200715
224231ms,224231,225.087,0.199405
224263ms,224263,225.138,0.199568
224295ms,224295,225.197,0.200429
224327ms,224327,225.909,0.201066
224359ms,224359,226.478,0.200766
224407ms,224407,226.690,0.201366
224439ms,224439,226.631,0.201052
224471ms,224471,226.631,0.200602
224503ms,224503,226.591,0.200687
224535ms,224535,226.663,0.200630
224567ms,224567,226.656,0.200687
224599ms,224599,226.647,0.200788
224631ms,224631,226.627,0.200441
224663ms,224663,226.694,0.200780
224695ms,224695,226.663,0.200758
224727ms,224727,226.733,0.200893
224759ms,224759,226.544,0.200919
224807ms,224807,226.611,0.200721
224839ms,224839,226.640,0.200405
224871ms,224871,226.361,0.199977
224903ms,224903,225.875,0.199359
224935ms,224935,225.448,0.200378
224967ms,224967,224.925,0.197801
224999ms,224999,224.663,0.197031
225063ms,225063,224.149,0.198641
225463ms,225463,223.164,0.197303
225495ms,225495,223.239,0.198001
225527ms,225527,223.254,0.197224
225559ms,225559,224.018,0.198950
225607ms,225607,224.268,0.200424
225639ms,225639,224.388,0.199366
225671ms,225671,224.611,0.199519
225703ms,225703,224.816,0.200915
225735ms,225735,224.897,0.199518
225767ms,225767,225.087,0.200621
225799ms,225799,225.665,0.200785
225831ms,225831,226.155,0.200689
225863ms,225863,226.695,0.201602
225895ms,225895,226.697,0.200937
225927ms,225927,226.669,0.200843
225959ms,225959,226.753,0.200964
226007ms,226007,226.684,0.200785
226039ms,226039,226.635,0.200515
226071ms,226071,226.726,0.200832
226103ms,226103,226.677,0.200632
226135ms,226135,226.714,0.200912
226167ms,226167,226.643,0.200603
226199ms,226199,226.647,0.200374
226231ms,226231,226.641,0.200928
226263ms,226263,226.363,0.200697
226295ms,226295,226.833,0.200321
226327ms,226327,226.465,0.200379
226375ms,226375,226.161,0.200070
226407ms,226407,225.573,0.199821
226439ms,226439,225.396,0.199651
226471ms,226471,224.871,0.197645
226503ms,226503,224.326,0.197846
226935ms,226935,223.294,0.197387
226967ms,226967,223.281,0.197409
226999ms,226999,223.196,0.198014
227063ms,227063,223.987,0.200518
227095ms,227095,224.339,0.200327
227127ms,227127,224.491,0.199870
227175ms,227175,224.643,0.198994
227207ms,227207,224.858,0.201087
227239ms,227239,224.896,0.199755
227271ms,227271,225.038,0.200086
227303ms,227303,225.620,0.200580
227335ms,227335,226.104,0.200666
227367ms,227367,226.615,0.201129
227399ms,227399,226.694,0.201268
227431ms,227431,226.551,0.200694
227463ms,227463,226.619,0.200393
227495ms,227495,226.689,0.200765
227527ms,227527,226.671,0.200483
227559ms,227559,226.646,0.200540
227607ms,227607,226.636,0.200554
227639ms,227639,226.584,0.200543
227671ms,227671,226.665,0.200780
227703ms,227703,226.667,0.200943
227735ms,227735,226.739,0.200672
227767ms,227767,226.479,0.200684
227799ms,227799,226.858,0.200534
227831ms,227831,226.555,0.200029
227863ms,227863,226.294,0.200000
227895ms,227895,225.540,0.199742
227927ms,227927,225.452,0.199924
227959ms,227959,224.787,0.197757
228007ms,228007,224.523,0.197983
228071ms,228071,224.313,0.198568
228359ms,228359,223.470,0.197271
228471ms,228471,223.305,0.197787
228503ms,228503,223.279,0.198095
228567ms,228567,223.992,0.199328
228599ms,228599,224.229,0.199998
228631ms,228631,224.606,0.200070
228663ms,228663,224.708,0.199103
228695ms,228695,224.849,0.200985
228727ms,228727,224.886,0.199655
228759ms,228759,225.031,0.200160
228807ms,228807,225.721,0.200491
228839ms,228839,226.181,0.201063
228871ms,228871,226.594,0.200761
228903ms,228903,226.690,0.201000
228935ms,228935,226.565,0.200407
228967ms,228967,226.558,0.200509
228999ms,228999,226.615,0.200823
229031ms,229031,226.615,0.201146
229063ms,229063,226.648,0.200543
229095ms,229095,226.607,0.200509
229127ms,229127,226.672,0.200918
229159ms,229159,226.737,0.200833
229239ms,229239,226.711,0.200588
229271ms,229271,226.389,0.200521
229303ms,229303,226.725,0.200260
229335ms,229335,226.558,0.200144
229367ms,229367,226.362,0.200201
229399ms,229399,225.566,0.200053
229431ms,229431,225.344,0.199331
229463ms,229463,224.729,0.197931
229495ms,229495,224.424,0.198225
229607ms,229607,224.092,0.197048
229607ms,229607,224.092,0.197048
229895ms,229895,223.068,0.196641
229927ms,229927,223.100,0.197774
229959ms,229959,223.250,0.197798
230007ms,230007,223.210,0.198786
230039ms,230039,223.561,0.198065
230071ms,230071,224.174,0.199072
230103ms,230103,224.260,0.199469
230135ms,230135,224.570,0.199033
230167ms,230167,224.841,0.200917
230199ms,230199,224.967,0.199630
230231ms,230231,225.086,0.199481
230263ms,230263,225.239,0.200541
230295ms,230295,225.885,0.201204
230327ms,230327,226.455,0.200597
230359ms,230359,226.669,0.200798
230439ms,230439,226.727,0.200833
230503ms,230503,226.782,0.200715
230535ms,230535,226.600,0.200562
230567ms,230567,226.678,0.200616
230599ms,230599,226.779,0.201009
230631ms,230631,226.733,0.200995
230663ms,230663,226.703,0.200892
230695ms,230695,226.746,0.200810
230727ms,230727,226.671,0.201068
230759ms,230759,226.874,0.200752
230807ms,230807,226.662,0.200680
230839ms,230839,226.310,0.200060
230871ms,230871,225.990,0.199625
230903ms,230903,225.623,0.200057
231239ms,231239,223.921,0.197315
231431ms,231431,223.098,0.197443
231463ms,231463,223.226,0.198249
231495ms,231495,223.182,0.197939
231527ms,231527,223.877,0.199926
231559ms,231559,224.235,0.200470
231607ms,231607,224.560,0.200410
231639ms,231639,224.618,0.199193
231671ms,231671,224.789,0.200669
231703ms,231703,224.970,0.199671
231735ms,231735,224.941,0.200283
231767ms,231767,225.485,0.200662
231799ms,231799,226.145,0.201258
231831ms,231831,226.489,0.200791
231863ms,231863,226.633,0.200568
231895ms,231895,226.643,0.200848
231927ms,231927,226.610,0.200536
231959ms,231959,226.634,0.200516
232039ms,232039,226.602,0.200529
232071ms,232071,226.677,0.201002
232103ms,232103,226.637,0.200746
232135ms,232135,226.674,0.200820
232167ms,232167,226.729,0.200993
232199ms,232199,226.690,0.200818
232231ms,232231,226.477,0.200669
232263ms,232263,226.769,0.200388
232295ms,232295,226.572,0.200542
232327ms,232327,226.231,0.200042
232359ms,232359,225.693,0.198986
232391ms,232391,225.316,0.200601
232439ms,232439,224.556,0.198818
232471ms,232471,224.719,0.197502
232935ms,232935,223.143,0.198187
232967ms,232967,223.162,0.197930
232999ms,232999,223.459,0.197793
233063ms,233063,224.302,0.200227
233095ms,233095,224.422,0.199271
233127ms,233127,224.874,0.199832
233159ms,233159,224.964,0.199680
233191ms,233191,224.972,0.199554
233238ms,233238,225.210,0.199841
233271ms,233271,225.733,0.200641
233303ms,233303,226.243,0.200633
233335ms,233335,226.570,0.200817
233367ms,233367,226.698,0.200898
233399ms,233399,226.697,0.200897
233430ms,233430,226.714,0.201119
233462ms,233462,226.643,0.201003
233495ms,233495,226.661,0.200964
233527ms,233527,226.681,0.201103
233559ms,233559,226.712,0.200829
233591ms,233591,226.681,0.201221
233638ms,233638,226.705,0.200911
233670ms,233670,226.729,0.200757
233702ms,233702,226.760,0.201198
233734ms,233734,226.425,0.200570
233767ms,233767,226.678,0.200407
233799ms,233799,226.612,0.199666
233830ms,233830,226.170,0.200127
233862ms,233862,225.469,0.199924
233895ms,233895,225.026,0.197914
233926ms,233926,224.724,0.198387
233959ms,233959,224.415,0.197814
234391ms,234391,222.973,0.197330
234470ms,234470,223.148,0.198429
234502ms,234502,223.597,0.198535
234534ms,234534,224.264,0.200575
234566ms,234566,224.451,0.200500
234599ms,234599,224.603,0.198909
234630ms,234630,224.840,0.200923
234662ms,234662,224.913,0.199684
234695ms,234695,224.957,0.200263
234726ms,234726,225.409,0.200508
234759ms,234759,225.875,0.200766
234791ms,234791,226.465,0.201111
234838ms,234838,226.690,0.201086
234870ms,234870,226.658,0.200903
234902ms,234902,226.647,0.200434
234934ms,234934,226.632,0.201093
234966ms,234966,226.715,0.200750
234999ms,234999,226.640,0.200575
235030ms,235030,226.696,0.200542
235062ms,235062,226.614,0.200680
235094ms,235094,226.722,0.200837
235126ms,235126,226.650,0.200915
235158ms,235158,226.684,0.200929
235191ms,235191,226.679,0.200843
235238ms,235238,226.641,0.201122
235270ms,235270,226.626,0.201188
235302ms,235302,226.420,0.199788
235334ms,235334,226.079,0.200086
235366ms,235366,225.465,0.199943
235430ms,235430,224.717,0.197268
235462ms,235462,224.376,0.198325
235526ms,235526,224.006,0.197274
235894ms,235894,223.135,0.197178
235926ms,235926,223.191,0.198212
235958ms,235958,223.316,0.197442
235990ms,235990,223.824,0.199674
236038ms,236038,224.263,0.200273
236070ms,236070,224.467,0.199617
236102ms,236102,224.592,0.198835
236134ms,236134,224.820,0.200507
236166ms,236166,224.927,0.199986
236198ms,236198,224.859,0.199705
236230ms,236230,225.609,0.200725
236262ms,236262,225.923,0.201435
236294ms,236294,226.490,0.202027
236326ms,236326,226.681,0.201115
236358ms,236358,226.711,0.201003
236390ms,236390,226.790,0.201236
236438ms,236438,226.722,0.200836
236470ms,236470,226.731,0.201004
236502ms,236502,226.695,0.201007
236534ms,236534,226.727,0.200886
236566ms,236566,226.709,0.200680
236598ms,236598,226.704,0.201057
236630ms,236630,226.714,0.200767
236662ms,236662,226.677,0.200645
236694ms,236694,226.478,0.201085
236726ms,236726,226.856,0.200528
236758ms,236758,226.621,0.200162
236790ms,236790,226.258,0.199874
236822ms,236822,225.449,0.199639
236870ms,236870,225.291,0.198897
236934ms,236934,224.494,0.198043
236966ms,236966,224.222,0.199307
237366ms,237366,223.086,0.197461
237398ms,237398,223.092,0.197698
237430ms,237430,223.143,0.198257
237462ms,237462,223.481,0.199502
237494ms,237494,223.972,0.200196
237526ms,237526,224.245,0.200051
237558ms,237558,224.452,0.199952
237590ms,237590,224.772,0.199340
237622ms,237622,224.967,0.201239
237670ms,237670,224.979,0.199548
237702ms,237702,225.139,0.200347
237734ms,237734,225.706,0.200615
237766ms,237766,225.902,0.201159
237798ms,237798,226.536,0.201152
237830ms,237830,226.632,0.200877
237862ms,237862,226.685,0.200940
237894ms,237894,226.719,0.200964
237926ms,237926,226.706,0.200991
237958ms,237958,226.748,0.200971
237990ms,237990,226.812,0.200950
238022ms,238022,226.717,0.200617
238070ms,238070,226.761,0.200807
238102ms,238102,226.723,0.200990
238134ms,238134,226.728,0.200691
238166ms,238166,226.753,0.200997
238230ms,238230,226.785,0.200284
238262ms,238262,226.544,0.199906
238294ms,238294,226.217,0.200332
238326ms,238326,225.394,0.200242
238358ms,238358,225.327,0.199489
238390ms,238390,224.731,0.198356
238422ms,238422,224.422,0.197705
238902ms,238902,223.022,0.198120
238934ms,238934,223.266,0.198312
238998ms,238998,224.229,0.199678
239030ms,239030,224.374,0.199777
239062ms,239062,224.680,0.200019
239094ms,239094,224.885,0.200056
239126ms,239126,225.171,0.199434
239158ms,239158,224.925,0.199368
239190ms,239190,225.284,0.200297
239222ms,239222,225.902,0.201061
239270ms,239270,226.368,0.200981
239302ms,239302,226.640,0.201064
239334ms,239334,226.616,0.200899
239366ms,239366,226.681,0.201153
239398ms,239398,226.621,0.200900
239430ms,239430,226.705,0.201151
239462ms,239462,226.699,0.200878
239494ms,239494,226.717,0.200964
239526ms,239526,226.669,0.200980
239558ms,239558,226.588,0.200533
239590ms,239590,226.676,0.200947
239622ms,239622,226.603,0.200664
239670ms,239670,226.783,0.200749
239702ms,239702,226.472,0.201588
239734ms,239734,226.730,0.200223
239766ms,239766,226.484,0.199986
239798ms,239798,226.091,0.200004
239830ms,239830,225.477,0.200608
239862ms,239862,224.871,0.197816
239894ms,239894,224.732,0.197356
239926ms,239926,224.253,0.198410
240326ms,240326,223.122,0.197111
240358ms,240358,223.121,0.197049
240390ms,240390,223.270,0.198793
240422ms,240422,223.281,0.198586
240470ms,240470,223.661,0.198699
240502ms,240502,224.212,0.199667
240534ms,240534,224.512,0.200572
240566ms,240566,224.717,0.200194
240598ms,240598,224.785,0.200984
240630ms,240630,224.885,0.200182
240662ms,240662,224.892,0.200094
240694ms,240694,225.578,0.201092
240726ms,240726,225.968,0.201873
240758ms,240758,226.400,0.201784
240790ms,240790,226.722,0.201064
240822ms,240822,226.663,0.200840
240870ms,240870,226.730,0.200681
240902ms,240902,226.738,0.201011
240934ms,240934,226.630,0.200550
240966ms,240966,226.697,0.200790
240998ms,240998,226.637,0.200643
241030ms,241030,226.638,0.200518
241094ms,241094,226.717,0.200891
241126ms,241126,226.737,0.201042
241158ms,241158,226.696,0.200797
241190ms,241190,226.800,0.200909
241222ms,241222,226.580,0.200207
241270ms,241270,226.270,0.200091
241302ms,241302,225.630,0.199305
241334ms,241334,225.459,0.200772
241366ms,241366,224.790,0.198178
241398ms,241398,224.561,0.197408
241862ms,241862,223.087,0.197470
241894ms,241894,223.168,0.198517
241926ms,241926,223.420,0.198803
241958ms,241958,223.984,0.199668
241990ms,241990,224.234,0.199414
242022ms,242022,224.441,0.199745
242070ms,242070,224.746,0.199474
242102ms,242102,224.893,0.200322
242134ms,242134,224.954,0.199634
242166ms,242166,225.084,0.199807
242198ms,242198,225.690,0.200975
242230ms,242230,226.189,0.200545
242262ms,242262,226.617,0.201212
242294ms,242294,226.676,0.201252
242326ms,242326,226.646,0.201009
242358ms,242358,226.641,0.200813
242390ms,242390,226.659,0.200607
242502ms,242502,226.749,0.200934
242534ms,242534,226.764,0.201077
242566ms,242566,226.660,0.201036
242598ms,242598,226.763,0.200955
242630ms,242630,226.688,0.200868
242662ms,242662,226.439,0.200477
242694ms,242694,226.792,0.200215
242726ms,242726,226.521,0.200155
242758ms,242758,226.201,0.200127
242790ms,242790,225.500,0.200385
242822ms,242822,225.128,0.198607
242854ms,242854,224.631,0.199077
242902ms,242902,224.418,0.198058
243334ms,243334,223.019,0.197779
243366ms,243366,223.143,0.197534
243398ms,243398,223.261,0.198032
243430ms,243430,223.442,0.197656
243462ms,243462,224.203,0.198720
243494ms,243494,224.220,0.199467
243526ms,243526,224.673,0.200676
243558ms,243558,224.995,0.201493
243590ms,243590,225.135,0.199537
243622ms,243622,224.973,0.199712
243654ms,243654,225.405,0.200272
243702ms,243702,225.872,0.200786
243734ms,243734,226.240,0.201552
243766ms,243766,226.597,0.201227
243798ms,243798,226.720,0.201023
243862ms,243862,226.713,0.201157
243894ms,243894,226.681,0.200865
243926ms,243926,226.700,0.200767
243958ms,243958,226.629,0.200442
243990ms,243990,226.687,0.200796
244022ms,244022,226.644,0.200761
244054ms,244054,226.738,0.200927
244102ms,244102,226.742,0.200865
244134ms,244134,226.800,0.201284
244166ms,244166,226.561,0.201205
244198ms,244198,226.716,0.200220
244230ms,244230,226.513,0.199955
244262ms,244262,226.225,0.199686
244294ms,244294,225.588,0.199968
244358ms,244358,224.635,0.197196
244790ms,244790,223.047,0.197083
244822ms,244822,223.080,0.197617
244902ms,244902,223.320,0.199248
244934ms,244934,223.881,0.199177
244966ms,244966,224.288,0.200248
244998ms,244998,224.458,0.200849
245030ms,245030,224.655,0.199807
245062ms,245062,224.936,0.200704
245094ms,245094,224.971,0.200062
245126ms,245126,224.926,0.200202
245158ms,245158,225.647,0.200697
245190ms,245190,225.989,0.200588
245222ms,245222,226.357,0.201346
245254ms,245254,226.566,0.201195
245302ms,245302,226.642,0.200553
245334ms,245334,226.708,0.200628
245366ms,245366,226.674,0.200372
245398ms,245398,226.650,0.200428
245430ms,245430,226.716,0.200824
245462ms,245462,226.747,0.201162
245494ms,245494,226.700,0.200957
245526ms,245526,226.561,0.200606
245558ms,245558,226.651,0.200901
245590ms,245590,226.618,0.200888
245622ms,245622,226.581,0.200819
245654ms,245654,226.580,0.201288
245702ms,245702,226.689,0.200149
245734ms,245734,226.380,0.199778
245766ms,245766,225.657,0.199397
245798ms,245798,225.552,0.200324
245830ms,245830,224.789,0.198358
245862ms,245862,224.580,0.197449
245926ms,245926,224.199,0.198518
246358ms,246358,223.213,0.198188
246422ms,246422,224.161,0.199962
246486ms,246486,224.480,0.199687
246534ms,246534,224.635,0.199007
246566ms,246566,225.048,0.200364
246598ms,246598,224.989,0.199895
246630ms,246630,225.202,0.200279
246662ms,246662,225.819,0.200356
246694ms,246694,226.217,0.201019
246726ms,246726,226.526,0.201587
246758ms,246758,226.645,0.201149
246790ms,246790,226.595,0.200464
246822ms,246822,226.605,0.200519
246854ms,246854,226.648,0.200767
246902ms,246902,226.690,0.200750
246934ms,246934,226.671,0.200793
246966ms,246966,226.674,0.200867
246998ms,246998,226.674,0.200850
247030ms,247030,226.629,0.200624
247062ms,247062,226.675,0.200619
247094ms,247094,226.683,0.200762
247126ms,247126,226.390,0.200654
247158ms,247158,226.793,0.200206
247190ms,247190,226.495,0.200318
247222ms,247222,226.195,0.200184
247254ms,247254,225.369,0.200924
247286ms,247286,225.203,0.199180
247334ms,247334,224.741,0.197443
247366ms,247366,224.412,0.198002
247798ms,247798,222.999,0.197771
247862ms,247862,223.315,0.197937
247894ms,247894,223.628,0.198922
247926ms,247926,224.155,0.200166
247958ms,247958,224.405,0.200306
247990ms,247990,224.585,0.199482
248022ms,248022,224.703,0.200178
248054ms,248054,225.257,0.199115
248086ms,248086,224.909,0.200072
248134ms,248134,225.466,0.200042
248166ms,248166,225.837,0.201692
248198ms,248198,226.349,0.201183
248230ms,248230,226.607,0.201197
248262ms,248262,226.660,0.200800
248294ms,248294,226.746,0.201085
248358ms,248358,226.743,0.200754
248390ms,248390,226.732,0.200844
248422ms,248422,226.662,0.200955
248454ms,248454,226.694,0.200979
248486ms,248486,226.637,0.200987
248534ms,248534,226.615,0.201007
248566ms,248566,226.713,0.200910
248598ms,248598,226.652,0.201136
248630ms,248630,226.530,0.201124
248662ms,248662,226.675,0.200176
248662ms,248662,226.675,0.200176
248694ms,248694,226.396,0.199985
248694ms,248694,226.396,0.199985
248726ms,248726,226.179,0.199711
248726ms,248726,226.179,0.199711
248758ms,248758,225.373,0.200620
248758ms,248758,225.373,0.200620
248790ms,248790,224.933,0.197623
248822ms,248822,224.629,0.198047
248854ms,248854,224.288,0.198594
249286ms,249286,223.047,0.197568
249334ms,249334,223.080,0.198098
249398ms,249398,223.976,0.199780
249430ms,249430,224.279,0.200212
249462ms,249462,224.482,0.200466
249494ms,249494,224.670,0.199757
249526ms,249526,224.951,0.200170
249558ms,249558,224.945,0.199931
249590ms,249590,224.926,0.200005
249622ms,249622,225.693,0.200324
249654ms,249654,226.074,0.201736
249686ms,249686,226.590,0.201594
249734ms,249734,226.606,0.201962
249766ms,249766,226.651,0.200835
249798ms,249798,226.641,0.200384
249830ms,249830,226.594,0.200559
249862ms,249862,226.701,0.200537
249894ms,249894,226.633,0.200750
249926ms,249926,226.670,0.200603
249958ms,249958,226.679,0.200796
249990ms,249990,226.687,0.201066
250022ms,250022,226.633,0.200891
250054ms,250054,226.717,0.201013
250086ms,250086,226.426,0.200480
250134ms,250134,226.703,0.200270
250166ms,250166,226.543,0.200031
250198ms,250198,226.231,0.199933
250230ms,250230,225.528,0.199946
250262ms,250262,225.160,0.199264
250294ms,250294,224.602,0.198759
250326ms,250326,224.290,0.198312
250758ms,250758,223.053,0.197760
250790ms,250790,223.120,0.197771
250822ms,250822,223.203,0.198610
250854ms,250854,223.424,0.198457
250902ms,250902,224.112,0.199143
250934ms,250934,224.352,0.200304
250966ms,250966,224.590,0.199053
250998ms,250998,224.932,0.200876
251030ms,251030,225.003,0.199356
251062ms,251062,224.822,0.200728
251094ms,251094,225.353,0.200573
251126ms,251126,225.921,0.201362
251158ms,251158,226.282,0.200947
251190ms,251190,226.678,0.200638
251222ms,251222,226.738,0.200984
251254ms,251254,226.618,0.200602
251286ms,251286,226.687,0.201012
251334ms,251334,226.658,0.200611
251366ms,251366,226.628,0.200889
251398ms,251398,226.718,0.200987
251430ms,251430,226.731,0.200987
251462ms,251462,226.667,0.200627
251494ms,251494,226.655,0.200790
251526ms,251526,226.674,0.200801
251558ms,251558,226.619,0.201019
251590ms,251590,226.425,0.200872
251622ms,251622,226.736,0.200188
251654ms,251654,226.440,0.199872
251686ms,251686,226.085,0.199495
251734ms,251734,225.452,0.200061
251798ms,251798,224.584,0.197397
252230ms,252230,223.157,0.197272
252262ms,252262,223.024,0.198029
252294ms,252294,223.183,0.197846
252358ms,252358,223.851,0.199144
252390ms,252390,224.201,0.199028
252422ms,252422,224.382,0.199014
252454ms,252454,224.770,0.199660
252486ms,252486,224.916,0.201134
252534ms,252534,224.865,0.200347
252566ms,252566,224.995,0.199942
252598ms,252598,225.657,0.199929
252630ms,252630,226.055,0.201817
252662ms,252662,226.336,0.201523
252694ms,252694,226.446,0.201431
252726ms,252726,226.632,0.201667
252758ms,252758,226.665,0.201372
252790ms,252790,226.603,0.201033
252822ms,252822,226.715,0.200972
252854ms,252854,226.738,0.200958
252934ms,252934,226.764,0.201173
252966ms,252966,226.681,0.200970
252998ms,252998,226.752,0.200570
253030ms,253030,226.702,0.200788
253062ms,253062,226.503,0.200514
253094ms,253094,226.612,0.201603
253126ms,253126,226.725,0.200394
253158ms,253158,226.420,0.200319
253190ms,253190,225.785,0.199940
253222ms,253222,225.289,0.200208
253286ms,253286,224.667,0.197279
253334ms,253334,224.269,0.198857
253766ms,253766,223.047,0.197419
253798ms,253798,223.181,0.198253
253830ms,253830,223.242,0.197709
253862ms,253862,223.982,0.199343
253894ms,253894,224.266,0.199041
253926ms,253926,224.548,0.199987
253958ms,253958,224.601,0.199339
253990ms,253990,224.823,0.200661
254022ms,254022,224.888,0.199823
254054ms,254054,225.112,0.200260
254086ms,254086,225.841,0.200555
254166ms,254166,226.582,0.201379
254198ms,254198,226.702,0.201272
254230ms,254230,226.653,0.200942
254262ms,254262,226.709,0.200987
254294ms,254294,226.734,0.201078
254326ms,254326,226.651,0.200842
254358ms,254358,226.678,0.200983
254390ms,254390,226.662,0.201028
254422ms,254422,226.708,0.200966
254454ms,254454,226.680,0.200845
254486ms,254486,226.723,0.200805
254534ms,254534,226.758,0.200927
254566ms,254566,226.507,0.200563
254598ms,254598,226.738,0.200436
254630ms,254630,226.599,0.199945
254662ms,254662,226.367,0.199867
254694ms,254694,225.627,0.199362
254726ms,254726,225.256,0.199938
254758ms,254758,224.562,0.198545
255286ms,255286,223.145,0.198369
255366ms,255366,224.085,0.199901
255398ms,255398,224.326,0.200019
255430ms,255430,224.617,0.200228
255462ms,255462,224.779,0.199109
255494ms,255494,225.043,0.199884
255526ms,255526,224.940,0.199532
255558ms,255558,225.210,0.199932
255590ms,255590,225.860,0.200788
255622ms,255622,225.987,0.201564
255654ms,255654,226.537,0.201525
255686ms,255686,226.726,0.200943
255718ms,255718,226.756,0.200790
255798ms,255798,226.766,0.200521
255830ms,255830,226.769,0.200746
255862ms,255862,226.672,0.200717
255894ms,255894,226.743,0.200783
255926ms,255926,226.735,0.200635
255958ms,255958,226.781,0.200759
255990ms,255990,226.738,0.200784
256022ms,256022,226.676,0.200682
256054ms,256054,226.465,0.200724
256086ms,256086,226.682,0.200384
256118ms,256118,226.555,0.200122
256166ms,256166,226.169,0.200116
256198ms,256198,225.533,0.200513
256230ms,256230,225.209,0.199330
256694ms,256694,223.124,0.196637
256726ms,256726,223.039,0.197327
256758ms,256758,223.244,0.197307
256790ms,256790,223.185,0.198622
256822ms,256822,223.545,0.198170
256854ms,256854,224.142,0.200418
256886ms,256886,224.346,0.200016
256918ms,256918,224.731,0.200283
256966ms,256966,224.756,0.201335
256998ms,256998,225.029,0.199391
257030ms,257030,225.010,0.199525
257062ms,257062,225.364,0.200379
257094ms,257094,225.990,0.201014
257126ms,257126,226.438,0.201425
257158ms,257158,226.517,0.201151
257222ms,257222,226.670,0.200500
257254ms,257254,226.568,0.201092
257286ms,257286,226.619,0.200569
257318ms,257318,226.678,0.201101
257366ms,257366,226.658,0.200868
257398ms,257398,226.660,0.200827
257430ms,257430,226.651,0.200830
257462ms,257462,226.631,0.200669
257494ms,257494,226.683,0.200864
257526ms,257526,226.733,0.201205
257558ms,257558,226.617,0.201226
257590ms,257590,226.701,0.200253
257622ms,257622,226.453,0.200094
257654ms,257654,225.944,0.199666
257686ms,257686,225.468,0.200470
257766ms,257766,224.561,0.197455
257798ms,257798,224.188,0.198938
258197ms,258197,223.180,0.197111
258230ms,258230,223.184,0.197642
258262ms,258262,223.174,0.198748
258326ms,258326,223.931,0.199447
258358ms,258358,224.238,0.200410
258390ms,258390,224.369,0.199585
258422ms,258422,224.644,0.199433
258454ms,258454,224.651,0.200761
258486ms,258486,224.911,0.199751
258518ms,258518,224.959,0.199937
258566ms,258566,225.700,0.200315
258598ms,258598,225.874,0.201330
258630ms,258630,226.357,0.202070
258662ms,258662,226.512,0.201725
258694ms,258694,226.470,0.201696
258726ms,258726,226.600,0.200764
258758ms,258758,226.675,0.201372
258790ms,258790,226.605,0.200551
258822ms,258822,226.546,0.200859
258853ms,258853,226.683,0.200828
258886ms,258886,226.521,0.201274
258918ms,258918,226.562,0.200944
258965ms,258965,226.631,0.200824
258997ms,258997,226.612,0.200756
259030ms,259030,226.420,0.200443
259062ms,259062,226.546,0.201283
259094ms,259094,226.700,0.200370
259126ms,259126,226.168,0.200474
259158ms,259158,225.742,0.200531
259190ms,259190,225.242,0.200833
259718ms,259718,222.954,0.197345
259829ms,259829,224.005,0.199141
259862ms,259862,224.274,0.199869
259894ms,259894,224.555,0.200655
259926ms,259926,224.924,0.199836
259958ms,259958,225.002,0.199262
259990ms,259990,224.997,0.199417
260022ms,260022,225.151,0.200266
260053ms,260053,225.797,0.200983
260085ms,260085,225.998,0.201836
260118ms,260118,226.382,0.202224
260166ms,260166,226.662,0.201116
260197ms,260197,226.561,0.200782
260229ms,260229,226.645,0.200567
260262ms,260262,226.537,0.200870
260293ms,260293,226.586,0.200899
260326ms,260326,226.649,0.200961
260357ms,260357,226.566,0.200977
260389ms,260389,226.472,0.201217
260422ms,260422,226.698,0.200720
260454ms,260454,226.641,0.201070
260485ms,260485,226.656,0.200798
260518ms,260518,226.496,0.200537
260550ms,260550,226.633,0.201397
260629ms,260629,226.374,0.199693
260662ms,260662,225.725,0.200022
260694ms,260694,225.536,0.199517
260757ms,260757,224.522,0.198726
260789ms,260789,224.408,0.198764
261222ms,261222,222.975,0.198264
261254ms,261254,223.159,0.198112
261285ms,261285,223.236,0.198409
261318ms,261318,224.016,0.199486
261349ms,261349,224.263,0.200198
261397ms,261397,224.412,0.199361
261429ms,261429,224.661,0.199765
261461ms,261461,224.927,0.199985
261493ms,261493,225.026,0.199394
261526ms,261526,225.206,0.200258
261558ms,261558,225.941,0.200251
261589ms,261589,226.049,0.201488
261621ms,261621,226.376,0.201629
261653ms,261653,226.423,0.201406
261686ms,261686,226.556,0.201048
261718ms,261718,226.541,0.201799
261749ms,261749,226.577,0.201897
261829ms,261829,226.562,0.201774
261861ms,261861,226.580,0.201035
261893ms,261893,226.527,0.201767
261925ms,261925,226.563,0.201699
261957ms,261957,226.472,0.201733
261989ms,261989,226.698,0.200780
262021ms,262021,226.496,0.200642
262053ms,262053,226.545,0.201175
262085ms,262085,226.670,0.200395
262117ms,262117,226.043,0.200448
262149ms,262149,225.711,0.199044
262197ms,262197,225.252,0.200365
262229ms,262229,224.505,0.198440
262261ms,262261,224.572,0.197796
262725ms,262725,223.055,0.197753
262757ms,262757,223.240,0.198373
262821ms,262821,223.960,0.199263
262853ms,262853,224.308,0.200174
262885ms,262885,224.550,0.200656
262917ms,262917,224.795,0.200031
262949ms,262949,224.923,0.200230
262997ms,262997,225.011,0.199671
263093ms,263093,225.992,0.202084
263125ms,263125,226.443,0.201656
263157ms,263157,226.468,0.201287
263189ms,263189,226.532,0.200934
263221ms,263221,226.507,0.201145
263253ms,263253,226.565,0.200900
263285ms,263285,226.498,0.201346
263317ms,263317,226.573,0.201533
263349ms,263349,226.572,0.200610
263397ms,263397,226.569,0.201526
263429ms,263429,226.627,0.201321
263461ms,263461,226.446,0.201605
263493ms,263493,226.615,0.200676
263525ms,263525,226.430,0.200938
263557ms,263557,226.573,0.201059
263589ms,263589,226.568,0.200393
263621ms,263621,226.262,0.200448
263653ms,263653,225.551,0.200481
263685ms,263685,225.282,0.200915
263749ms,263749,224.524,0.197350
264229ms,264229,222.906,0.197864
264325ms,264325,224.063,0.199831
264357ms,264357,224.271,0.200192
264389ms,264389,224.497,0.200633
264421ms,264421,224.751,0.199575
264453ms,264453,224.988,0.200366
264485ms,264485,224.959,0.199281
264517ms,264517,225.127,0.199930
264549ms,264549,225.827,0.200576
264597ms,264597,225.988,0.202001
264629ms,264629,226.443,0.202178
264661ms,264661,226.333,0.201410
264693ms,264693,226.557,0.201383
264725ms,264725,226.462,0.201445
264757ms,264757,226.677,0.201211
264789ms,264789,226.512,0.201674
264821ms,264821,226.683,0.201325
264853ms,264853,226.734,0.201326
264885ms,264885,226.492,0.201444
264917ms,264917,226.590,0.201141
264949ms,264949,226.635,0.201276
264997ms,264997,226.639,0.201370
265029ms,265029,226.504,0.200709
265061ms,265061,226.573,0.200317
265093ms,265093,226.558,0.200197
265125ms,265125,225.991,0.201133
265157ms,265157,225.626,0.199609
265189ms,265189,225.214,0.201174
265253ms,265253,224.664,0.197590
265717ms,265717,223.168,0.197288
265749ms,265749,223.156,0.198609
265781ms,265781,223.527,0.199018
265829ms,265829,223.972,0.199915
265861ms,265861,224.390,0.200017
265893ms,265893,224.510,0.200165
265925ms,265925,224.779,0.199564
265957ms,265957,224.805,0.201055
265989ms,265989,224.970,0.199573
266021ms,266021,225.148,0.200373
266053ms,266053,225.843,0.200829
266085ms,266085,225.963,0.201148
266117ms,266117,226.380,0.202086
266149ms,266149,226.408,0.202226
266181ms,266181,226.631,0.200943
266229ms,266229,226.642,0.201505
266261ms,266261,226.478,0.201187
266293ms,266293,226.624,0.201230
266325ms,266325,226.693,0.201473
266357ms,266357,226.657,0.201374
266389ms,266389,226.587,0.201547
266421ms,266421,226.564,0.201010
266453ms,266453,226.627,0.201445
266485ms,266485,226.575,0.201062
266517ms,266517,226.493,0.201031
266549ms,266549,226.554,0.201544
266581ms,266581,226.645,0.200253
266629ms,266629,226.127,0.200599
266661ms,266661,225.521,0.200372
266693ms,266693,225.404,0.200480
266757ms,266757,224.541,0.197496
267189ms,267189,223.009,0.197590
267221ms,267221,223.098,0.198336
267253ms,267253,223.261,0.198559
267317ms,267317,224.113,0.199046
267349ms,267349,224.240,0.199948
267381ms,267381,224.426,0.199403
267429ms,267429,224.736,0.199477
267461ms,267461,224.878,0.201393
267493ms,267493,224.938,0.200005
267525ms,267525,225.096,0.200223
267557ms,267557,225.819,0.201228
267589ms,267589,226.046,0.202699
267621ms,267621,226.363,0.202565
267653ms,267653,226.717,0.201547
267685ms,267685,226.577,0.200868
267717ms,267717,226.614,0.201029
267749ms,267749,226.688,0.201142
267781ms,267781,226.615,0.201066
267781ms,267781,226.615,0.201066
267829ms,267829,226.608,0.200630
267829ms,267829,226.608,0.200630
267861ms,267861,226.633,0.200855
267861ms,267861,226.633,0.200855
267893ms,267893,226.656,0.200631
267893ms,267893,226.656,0.200631
267925ms,267925,226.597,0.200643
267957ms,267957,226.624,0.200924
267989ms,267989,226.555,0.200668
268021ms,268021,226.367,0.200661
268053ms,268053,226.714,0.200872
268085ms,268085,226.607,0.200381
268117ms,268117,226.061,0.200112
268149ms,268149,225.698,0.199881
268293ms,268293,224.378,0.198684
268693ms,268693,222.946,0.197933
268725ms,268725,223.074,0.197493
268757ms,268757,223.200,0.198655
268789ms,268789,223.564,0.198946
268821ms,268821,224.145,0.200677
268853ms,268853,224.186,0.199232
268885ms,268885,224.489,0.199834
268917ms,268917,224.867,0.199728
268949ms,268949,224.803,0.201745
268981ms,268981,224.968,0.199413
269029ms,269029,225.183,0.200467
269061ms,269061,225.880,0.200491
269125ms,269125,226.366,0.201952
269157ms,269157,226.551,0.201285
269189ms,269189,226.587,0.200857
269221ms,269221,226.657,0.201419
269253ms,269253,226.518,0.200844
269285ms,269285,226.673,0.201229
269317ms,269317,226.670,0.200912
269349ms,269349,226.646,0.201511
269381ms,269381,226.693,0.201295
269429ms,269429,226.600,0.201390
269461ms,269461,226.693,0.201296
269493ms,269493,226.706,0.202070
269525ms,269525,226.533,0.201333
269557ms,269557,226.762,0.200631
269589ms,269589,226.476,0.200023
269621ms,269621,225.947,0.201048
269653ms,269653,225.704,0.199271
269685ms,269685,225.126,0.199291
269717ms,269717,224.424,0.198629
270181ms,270181,222.939,0.197814
270229ms,270229,223.112,0.197935
270261ms,270261,223.075,0.199005
270325ms,270325,224.257,0.199302
270357ms,270357,224.413,0.200156
270389ms,270389,224.665,0.199979
270421ms,270421,224.595,0.200988
270453ms,270453,224.888,0.200132
270485ms,270485,224.825,0.200295
270581ms,270581,226.204,0.202778
270613ms,270613,226.405,0.201458
270661ms,270661,226.596,0.201663
270693ms,270693,226.725,0.200997
270725ms,270725,226.651,0.201115
270757ms,270757,226.724,0.201195
270789ms,270789,226.699,0.201182
270821ms,270821,226.655,0.201060
270853ms,270853,226.547,0.201289
270885ms,270885,226.630,0.201262
270917ms,270917,226.565,0.200911
270949ms,270949,226.575,0.201209
270981ms,270981,226.663,0.201546
271013ms,271013,226.516,0.202102
271061ms,271061,226.525,0.201271
271093ms,271093,226.491,0.200292
271125ms,271125,226.081,0.200818
271157ms,271157,225.612,0.199516
271189ms,271189,224.986,0.199735
271493ms,271493,223.942,0.197267
271717ms,271717,223.071,0.197779
271749ms,271749,223.256,0.198930
271813ms,271813,224.237,0.199290
271861ms,271861,224.440,0.199842
271893ms,271893,224.541,0.199223
271925ms,271925,224.607,0.200442
271957ms,271957,224.944,0.200147
271989ms,271989,225.083,0.199233
272021ms,272021,225.269,0.200765
272053ms,272053,226.110,0.201202
272085ms,272085,226.269,0.202564
272117ms,272117,226.421,0.201712
272149ms,272149,226.530,0.201509
272213ms,272213,226.677,0.201392
272261ms,272261,226.672,0.201054
272293ms,272293,226.689,0.201275
272325ms,272325,226.632,0.200919
272357ms,272357,226.638,0.201393
272389ms,272389,226.697,0.201067
272421ms,272421,226.668,0.201230
272453ms,272453,226.612,0.201624
272485ms,272485,226.592,0.201173
272517ms,272517,226.536,0.201470
272581ms,272581,226.469,0.200016
272613ms,272613,225.834,0.201193
272661ms,272661,225.516,0.199511
272693ms,272693,224.971,0.197969
273221ms,273221,223.351,0.197958
273253ms,273253,223.202,0.198316
273285ms,273285,223.510,0.197841
273317ms,273317,224.257,0.200304
273349ms,273349,224.427,0.200267
273381ms,273381,224.645,0.200038
273413ms,273413,224.753,0.201171
273461ms,273461,224.947,0.200488
273493ms,273493,224.880,0.200260
273525ms,273525,225.276,0.200934
273557ms,273557,225.799,0.202175
273589ms,273589,226.086,0.201448
273621ms,273621,226.628,0.200744
273653ms,273653,226.637,0.201072
273685ms,273685,226.602,0.200741
273717ms,273717,226.627,0.200836
273781ms,273781,226.631,0.200665
273813ms,273813,226.614,0.200832
273861ms,273861,226.563,0.200663
273893ms,273893,226.613,0.200731
273925ms,273925,226.651,0.201147
273957ms,273957,226.674,0.201467
273989ms,273989,226.553,0.201398
274021ms,274021,226.592,0.201379
274053ms,274053,226.735,0.200284
274085ms,274085,226.401,0.200078
274117ms,274117,225.707,0.200494
274149ms,274149,225.529,0.199830
274181ms,274181,224.927,0.197514
274293ms,274293,224.149,0.198361
274325ms,274325,224.138,0.197437
274725ms,274725,223.182,0.198247
274757ms,274757,223.364,0.198617
274789ms,274789,223.808,0.198999
274821ms,274821,224.242,0.200193
274853ms,274853,224.480,0.200322
274885ms,274885,224.618,0.199103
274917ms,274917,224.734,0.201932
274949ms,274949,224.901,0.199800
274981ms,274981,224.936,0.200716
275013ms,275013,225.737,0.201112
275045ms,275045,225.851,0.201881
275093ms,275093,226.405,0.202571
275125ms,275125,226.506,0.202049
275157ms,275157,226.484,0.200848
275189ms,275189,226.620,0.201352
275221ms,275221,226.667,0.201365
275253ms,275253,226.660,0.201111
275317ms,275317,226.659,0.200789
275349ms,275349,226.624,0.201231
275381ms,275381,226.615,0.201441
275413ms,275413,226.664,0.201344
275461ms,275461,226.604,0.201212
275493ms,275493,226.441,0.200864
275525ms,275525,226.454,0.201030
275557ms,275557,226.522,0.200242
275589ms,275589,225.912,0.200236
275621ms,275621,225.671,0.199503
275653ms,275653,225.207,0.200815
275717ms,275717,224.579,0.197522
276149ms,276149,223.059,0.197560
276181ms,276181,223.055,0.196779
276213ms,276213,223.177,0.198527
276325ms,276325,224.227,0.199384
276357ms,276357,224.636,0.200611
276389ms,276389,224.816,0.199779
276421ms,276421,224.847,0.200594
276453ms,276453,225.114,0.199667
276485ms,276485,225.313,0.200922
276517ms,276517,226.010,0.201032
276549ms,276549,226.165,0.202038
276581ms,276581,226.328,0.201744
276613ms,276613,226.584,0.201701
276661ms,276661,226.696,0.201541
276693ms,276693,226.640,0.200873
276725ms,276725,226.628,0.201075
276757ms,276757,226.565,0.200779
276789ms,276789,226.671,0.201309
276821ms,276821,226.766,0.201053
276853ms,276853,226.786,0.200992
276885ms,276885,226.687,0.201099
276917ms,276917,226.658,0.201081
276949ms,276949,226.678,0.201406
276981ms,276981,226.500,0.201955
277013ms,277013,226.713,0.200224
277061ms,277061,226.397,0.199957
277093ms,277093,225.736,0.201542
277125ms,277125,225.520,0.199417
277157ms,277157,224.863,0.198286
277221ms,277221,224.418,0.198206
277285ms,277285,224.179,0.197796
277653ms,277653,222.978,0.197449
277685ms,277685,222.941,0.198059
277717ms,277717,223.209,0.198531
277749ms,277749,223.742,0.199032
277781ms,277781,224.389,0.200076
277813ms,277813,224.428,0.199878
277861ms,277861,224.728,0.200481
277893ms,277893,224.757,0.201714
277925ms,277925,224.894,0.200427
277989ms,277989,225.593,0.201150
278021ms,278021,225.969,0.202090
278053ms,278053,226.288,0.202585
278085ms,278085,226.486,0.201704
278117ms,278117,226.609,0.200884
278149ms,278149,226.621,0.201221
278181ms,278181,226.664,0.201119
278213ms,278213,226.711,0.200861
278261ms,278261,226.758,0.201095
278293ms,278293,226.695,0.201131
278325ms,278325,226.729,0.201219
278357ms,278357,226.651,0.201190
278389ms,278389,226.730,0.201280
278421ms,278421,226.631,0.200943
278453ms,278453,226.480,0.200968
278485ms,278485,226.532,0.201030
278517ms,278517,226.664,0.200462
278549ms,278549,226.395,0.200148
278581ms,278581,225.691,0.201031
278613ms,278613,225.343,0.201280
279157ms,279157,223.100,0.197216
279189ms,279189,223.158,0.198654
279221ms,279221,223.297,0.198953
279253ms,279253,223.936,0.199698
279285ms,279285,224.246,0.200414
279317ms,279317,224.450,0.200311
279349ms,279349,224.696,0.199097
279381ms,279381,224.733,0.201834
279413ms,279413,224.889,0.199966
279445ms,279445,225.004,0.200327
279493ms,279493,225.675,0.200998
279525ms,279525,225.884,0.202845
279557ms,279557,226.357,0.202343
279589ms,279589,226.576,0.201716
279621ms,279621,226.554,0.200777
279653ms,279653,226.720,0.201255
279685ms,279685,226.637,0.200859
279717ms,279717,226.734,0.201396
279749ms,279749,226.764,0.201353
279781ms,279781,226.598,0.200778
279813ms,279813,226.590,0.200827
279845ms,279845,226.703,0.200750
279893ms,279893,226.737,0.201092
279925ms,279925,226.707,0.201050
279957ms,279957,226.492,0.200971
279989ms,279989,226.632,0.200529
280021ms,280021,226.620,0.200224
280053ms,280053,226.327,0.199984
280085ms,280085,225.671,0.200104
280117ms,280117,225.272,0.200490
280693ms,280693,223.119,0.198643
280725ms,280725,223.385,0.198621
280757ms,280757,224.178,0.199771
280789ms,280789,224.239,0.199320
280821ms,280821,224.507,0.200767
280853ms,280853,224.778,0.199229
280885ms,280885,224.797,0.201434
280917ms,280917,224.943,0.199636
280949ms,280949,225.109,0.200480
280981ms,280981,225.857,0.201057
281013ms,281013,226.113,0.201506
281045ms,281045,226.582,0.201717
281093ms,281093,226.551,0.201660
281125ms,281125,226.642,0.200868
281157ms,281157,226.613,0.201058
281189ms,281189,226.666,0.201146
281221ms,281221,226.786,0.201356
281253ms,281253,226.621,0.201091
281285ms,281285,226.659,0.201134
281317ms,281317,226.658,0.200734
281349ms,281349,226.699,0.201130
281381ms,281381,226.719,0.201268
281413ms,281413,226.674,0.201688
281445ms,281445,226.435,0.201098
281493ms,281493,226.782,0.200497
281525ms,281525,226.637,0.200178
281557ms,281557,225.824,0.201166
281589ms,281589,225.494,0.199708
281621ms,281621,224.909,0.197895
282117ms,282117,223.091,0.198318
282149ms,282149,223.305,0.198542
282181ms,282181,223.279,0.198560
282213ms,282213,223.761,0.198898
282245ms,282245,224.199,0.199773
282293ms,282293,224.374,0.199597
282325ms,282325,224.606,0.199656
282357ms,282357,224.767,0.201824
282389ms,282389,224.773,0.201125
282421ms,282421,225.154,0.199907
282453ms,282453,225.366,0.200976
282485ms,282485,225.973,0.201188
282517ms,282517,226.351,0.201377
282549ms,282549,226.514,0.201308
282581ms,282581,226.474,0.201062
282613ms,282613,226.545,0.201383
282645ms,282645,226.555,0.202348
282693ms,282693,226.440,0.201470
282725ms,282725,226.586,0.201999
282757ms,282757,226.562,0.201704
282789ms,282789,226.535,0.201476
282821ms,282821,226.549,0.201260
282853ms,282853,226.564,0.201650
282885ms,282885,226.571,0.201767
282917ms,282917,226.561,0.201024
282949ms,282949,226.686,0.200872
282981ms,282981,226.376,0.201405
283013ms,283013,226.202,0.200647
283045ms,283045,225.659,0.200625
283093ms,283093,225.437,0.201244
283157ms,283157,224.542,0.198128
283589ms,283589,223.089,0.198174
283621ms,283621,223.052,0.197316
283653ms,283653,223.193,0.198182
283717ms,283717,223.932,0.199926
283749ms,283749,224.282,0.199909
283781ms,283781,224.555,0.200538
283813ms,283813,224.805,0.199631
283845ms,283845,224.671,0.202182
283893ms,283893,224.669,0.201260
283925ms,283925,225.027,0.200380
283957ms,283957,225.498,0.200837
283989ms,283989,226.036,0.201522
284021ms,284021,226.589,0.201115
284053ms,284053,226.581,0.200793
284085ms,284085,226.548,0.200971
284117ms,284117,226.573,0.200852
284149ms,284149,226.557,0.201269
284181ms,284181,226.560,0.201487
284213ms,284213,226.609,0.201049
284245ms,284245,226.638,0.201092
284277ms,284277,226.564,0.201654
284325ms,284325,226.511,0.201302
284357ms,284357,226.451,0.200858
284389ms,284389,226.557,0.201323
284453ms,284453,226.623,0.201279
284485ms,284485,226.327,0.201177
284517ms,284517,226.270,0.200221
284549ms,284549,225.493,0.200584
284581ms,284581,225.058,0.199551
284613ms,284613,224.522,0.198801
285077ms,285077,223.035,0.197301
285124ms,285124,223.128,0.198227
285156ms,285156,223.156,0.198705
285189ms,285189,223.614,0.198200
285221ms,285221,224.302,0.200707
285253ms,285253,224.160,0.199198
285285ms,285285,224.553,0.200647
285317ms,285317,224.631,0.201336
285349ms,285349,224.865,0.201137
285381ms,285381,224.951,0.199858
285413ms,285413,225.157,0.200633
285445ms,285445,225.836,0.201309
285477ms,285477,226.360,0.201137
285525ms,285525,226.574,0.201187
285556ms,285556,226.495,0.200615
285588ms,285588,226.522,0.201574
285621ms,285621,226.552,0.201543
285652ms,285652,226.531,0.201664
285685ms,285685,226.623,0.200953
285717ms,285717,226.506,0.201093
285748ms,285748,226.450,0.201471
285781ms,285781,226.532,0.201717
285813ms,285813,226.568,0.201744
285924ms,285924,226.661,0.201064
285956ms,285956,226.457,0.201559
285988ms,285988,226.231,0.200793
286020ms,286020,226.033,0.200412
286052ms,286052,225.278,0.201470
286085ms,286085,224.856,0.197753
286149ms,286149,224.250,0.197783
286181ms,286181,224.254,0.198309
286580ms,286580,222.972,0.197345
286612ms,286612,223.114,0.197896
286644ms,286644,223.208,0.198521
286676ms,286676,223.490,0.198072
286724ms,286724,224.317,0.199960
286756ms,286756,224.398,0.200316
286788ms,286788,224.696,0.200090
286820ms,286820,224.830,0.201718
286852ms,286852,224.960,0.200691
286885ms,286885,225.073,0.200088
286885ms,286885,225.073,0.200088
286916ms,286916,225.239,0.200992
286916ms,286916,225.239,0.200992
286948ms,286948,226.002,0.201998
286948ms,286948,226.002,0.201998
286981ms,286981,226.407,0.201371
286981ms,286981,226.407,0.201371
287012ms,287012,226.565,0.201425
287044ms,287044,226.532,0.201362
287077ms,287077,226.583,0.201186
287156ms,287156,226.607,0.201039
287188ms,287188,226.527,0.201122
287220ms,287220,226.624,0.201302
287252ms,287252,226.682,0.201021
287284ms,287284,226.620,0.200848
287316ms,287316,226.698,0.201169
287348ms,287348,226.579,0.200774
287380ms,287380,226.542,0.201044
287412ms,287412,226.530,0.200869
287444ms,287444,226.503,0.201117
287476ms,287476,226.378,0.201016
287524ms,287524,226.029,0.200182
287556ms,287556,225.170,0.201754
287588ms,287588,224.776,0.197808
287652ms,287652,224.300,0.197754
288084ms,288084,222.971,0.197214
288116ms,288116,222.997,0.197805
288148ms,288148,223.167,0.198757
288180ms,288180,223.442,0.198879
288244ms,288244,224.398,0.200224
288276ms,288276,224.636,0.200050
288324ms,288324,224.765,0.201395
288356ms,288356,225.056,0.200458
288388ms,288388,225.153,0.199732
288420ms,288420,225.288,0.200914
288452ms,288452,226.087,0.202258
288484ms,288484,226.498,0.201273
288516ms,288516,226.614,0.200997
288548ms,288548,226.603,0.201087
288580ms,288580,226.699,0.201335
288612ms,288612,226.524,0.201213
288644ms,288644,226.709,0.201299
288676ms,288676,226.594,0.201062
288724ms,288724,226.583,0.201407
288756ms,288756,226.613,0.201669
288788ms,288788,226.498,0.201389
288820ms,288820,226.598,0.201562
288852ms,288852,226.583,0.201418
288884ms,288884,226.650,0.201419
288916ms,288916,226.707,0.200739
288948ms,288948,226.368,0.201540
288980ms,288980,226.190,0.200704
289012ms,289012,225.846,0.200716
289044ms,289044,225.503,0.200800
289076ms,289076,224.685,0.198495
289588ms,289588,223.035,0.197506
289620ms,289620,223.084,0.197936
289652ms,289652,223.056,0.198853
289684ms,289684,223.732,0.198921
289716ms,289716,224.263,0.200153
289748ms,289748,224.444,0.200500
289780ms,289780,224.657,0.200188
289812ms,289812,224.694,0.202143
289844ms,289844,224.767,0.201009
289876ms,289876,224.959,0.200381
289908ms,289908,225.371,0.200273
289956ms,289956,225.892,0.200686
289988ms,289988,226.507,0.201009
290020ms,290020,226.533,0.201218
290052ms,290052,226.476,0.201918
290084ms,290084,226.562,0.201391
290116ms,290116,226.556,0.202120
290148ms,290148,226.615,0.201993
290180ms,290180,226.552,0.201739
290212ms,290212,226.566,0.201612
290244ms,290244,226.519,0.201654
290276ms,290276,226.590,0.201953
290308ms,290308,226.461,0.201807
290356ms,290356,226.505,0.201999
290388ms,290388,226.373,0.201877
290420ms,290420,226.628,0.201296
290452ms,290452,226.281,0.201427
290484ms,290484,226.106,0.200186
290516ms,290516,225.500,0.200465
290548ms,290548,225.293,0.201410
291076ms,291076,223.099,0.198018
291108ms,291108,223.070,0.198809
291156ms,291156,223.345,0.198215
291188ms,291188,224.094,0.198765
291220ms,291220,224.245,0.200263
291252ms,291252,224.519,0.200732
291284ms,291284,224.694,0.199185
291316ms,291316,224.769,0.201719
291348ms,291348,224.695,0.201655
291380ms,291380,225.075,0.201082
291412ms,291412,225.616,0.201300
291444ms,291444,226.172,0.202356
291476ms,291476,226.569,0.201068
291508ms,291508,226.528,0.201169
291556ms,291556,226.579,0.201121
291588ms,291588,226.485,0.201615
291620ms,291620,226.534,0.202037
291652ms,291652,226.587,0.201631
291684ms,291684,226.401,0.201568
291716ms,291716,226.447,0.201428
291748ms,291748,226.474,0.201711
291780ms,291780,226.458,0.201830
291812ms,291812,226.431,0.201572
291844ms,291844,226.569,0.201137
291876ms,291876,226.351,0.201141
291908ms,291908,226.590,0.201217
291956ms,291956,226.313,0.201485
291988ms,291988,226.152,0.200000
292020ms,292020,225.463,0.200822
292052ms,292052,225.153,0.200304
292084ms,292084,224.510,0.199270
292116ms,292116,224.475,0.197162
292548ms,292548,222.961,0.197374
292580ms,292580,223.054,0.197615
292612ms,292612,223.245,0.198697
292644ms,292644,223.571,0.198608
292676ms,292676,224.154,0.200838
292708ms,292708,224.358,0.200553
292756ms,292756,224.580,0.199899
292788ms,292788,224.785,0.199105
292820ms,292820,224.841,0.201293
292852ms,292852,224.753,0.200862
292884ms,292884,224.977,0.200029
292916ms,292916,225.604,0.201479
292948ms,292948,226.261,0.201685
292980ms,292980,226.536,0.201059
293012ms,293012,226.617,0.201515
293044ms,293044,226.462,0.201418
293076ms,293076,226.609,0.201613
293108ms,293108,226.563,0.201871
293156ms,293156,226.502,0.201462
293188ms,293188,226.500,0.201971
293220ms,293220,226.619,0.201461
293252ms,293252,226.611,0.201329
293284ms,293284,226.585,0.201913
293316ms,293316,226.542,0.200973
293348ms,293348,226.648,0.201702
293380ms,293380,226.559,0.200729
293412ms,293412,226.520,0.200946
293444ms,293444,226.364,0.201344
293476ms,293476,226.117,0.200404
293508ms,293508,225.215,0.201469
293540ms,293540,225.154,0.198492
293588ms,293588,224.494,0.198152
293620ms,293620,224.387,0.198221
294052ms,294052,222.948,0.197615
294084ms,294084,223.137,0.198344
294116ms,294116,223.221,0.198590
294148ms,294148,223.416,0.198562
294180ms,294180,224.226,0.199478
294212ms,294212,224.288,0.200357
294244ms,294244,224.507,0.199466
294276ms,294276,224.899,0.201481
294308ms,294308,225.081,0.200654
294340ms,294340,224.981,0.200097
294388ms,294388,225.116,0.200996
294420ms,294420,225.913,0.201322
294452ms,294452,226.353,0.201512
294484ms,294484,226.554,0.200868
294516ms,294516,226.568,0.201081
294548ms,294548,226.575,0.200965
294580ms,294580,226.666,0.200787
294612ms,294612,226.577,0.201231
294644ms,294644,226.615,0.201351
294676ms,294676,226.531,0.201219
294708ms,294708,226.652,0.201154
294740ms,294740,226.573,0.200930
294788ms,294788,226.552,0.201564
294820ms,294820,226.552,0.201436
294852ms,294852,226.612,0.201329
294884ms,294884,226.780,0.200840
294916ms,294916,226.483,0.201080
294948ms,294948,226.200,0.200863
294980ms,294980,225.781,0.200639
295012ms,295012,225.302,0.201115
295044ms,295044,224.599,0.198697
295540ms,295540,222.944,0.198213
295588ms,295588,223.204,0.199153
295652ms,295652,223.935,0.200007
295684ms,295684,224.322,0.200764
295716ms,295716,224.409,0.200608
295748ms,295748,224.651,0.199105
295780ms,295780,224.750,0.201957
295812ms,295812,224.833,0.201174
295844ms,295844,224.884,0.200169
295876ms,295876,225.675,0.201227
295908ms,295908,226.168,0.201754
295940ms,295940,226.477,0.201830
295988ms,295988,226.601,0.200809
296020ms,296020,226.553,0.201037
296052ms,296052,226.576,0.200903
296084ms,296084,226.591,0.201016
296116ms,296116,226.592,0.201096
296148ms,296148,226.625,0.201422
296180ms,296180,226.697,0.201557
296212ms,296212,226.582,0.200867
296244ms,296244,226.602,0.201252
296276ms,296276,226.590,0.201203
296308ms,296308,226.607,0.200941
296340ms,296340,226.454,0.201257
296388ms,296388,226.821,0.201136
296420ms,296420,226.392,0.201305
296452ms,296452,226.187,0.200174
296484ms,296484,225.538,0.200708
296516ms,296516,225.185,0.200194
296580ms,296580,224.513,0.197419
297044ms,297044,223.164,0.198737
297076ms,297076,223.223,0.198045
297108ms,297108,223.376,0.198347
297140ms,297140,224.221,0.199723
297188ms,297188,224.450,0.200176
297220ms,297220,224.670,0.200442
297252ms,297252,224.843,0.200431
297284ms,297284,224.824,0.201074
297316ms,297316,225.066,0.199531
297348ms,297348,225.265,0.201077
297380ms,297380,225.803,0.202402
297412ms,297412,226.284,0.202627
297444ms,297444,226.664,0.201668
297476ms,297476,226.587,0.201387
297508ms,297508,226.591,0.200889
297540ms,297540,226.552,0.200793
297588ms,297588,226.572,0.201076
297620ms,297620,226.669,0.201112
297652ms,297652,226.554,0.200933
297684ms,297684,226.510,0.201243
297716ms,297716,226.572,0.201244
297748ms,297748,226.564,0.201232
297780ms,297780,226.637,0.201336
297812ms,297812,226.652,0.201269
297844ms,297844,226.352,0.201613
297876ms,297876,226.553,0.201035
297908ms,297908,226.260,0.200672
297940ms,297940,225.751,0.200942
297988ms,297988,225.403,0.201432
298020ms,298020,224.700,0.199320
298548ms,298548,222.941,0.198098
298612ms,298612,223.951,0.199003
298644ms,298644,224.258,0.200239
298676ms,298676,224.433,0.200487
298708ms,298708,224.769,0.199844
298740ms,298740,224.739,0.201872
298788ms,298788,224.759,0.201584
298820ms,298820,224.981,0.200653
298852ms,298852,225.549,0.201725
298884ms,298884,226.074,0.201711
298916ms,298916,226.511,0.201869
298948ms,298948,226.587,0.201196
298980ms,298980,226.518,0.200824
299012ms,299012,226.636,0.201083
299044ms,299044,226.618,0.201406
299076ms,299076,226.591,0.201304
299108ms,299108,226.599,0.200970
299140ms,299140,226.538,0.201583
299172ms,299172,226.531,0.201115
299220ms,299220,226.601,0.201418
299252ms,299252,226.561,0.201337
299284ms,299284,226.554,0.201118
299316ms,299316,226.398,0.201246
299348ms,299348,226.727,0.201192
299380ms,299380,226.459,0.201248
299412ms,299412,226.196,0.199971
299444ms,299444,225.443,0.200592
299476ms,299476,225.419,0.200231
299508ms,299508,224.493,0.198727
299540ms,299540,224.508,0.197849
299572ms,299572,224.472,0.198541
300020ms,300020,222.983,0.198112
300052ms,300052,223.088,0.199281
300116ms,300116,224.109,0.200092
300148ms,300148,224.179,0.199734
300180ms,300180,224.600,0.200456
300212ms,300212,224.638,0.199356
300244ms,300244,224.788,0.201705
300276ms,300276,224.812,0.200397
300308ms,300308,225.109,0.200834
300340ms,300340,225.760,0.201552
300388ms,300388,226.121,0.201236
300420ms,300420,226.575,0.201462
300452ms,300452,226.592,0.201277
300484ms,300484,226.496,0.201406
300516ms,300516,226.624,0.201605
300548ms,300548,226.611,0.201174
300580ms,300580,226.606,0.201651
300612ms,300612,226.513,0.201526
300676ms,300676,226.642,0.201951
300708ms,300708,226.612,0.201708
300740ms,300740,226.557,0.201540
300788ms,300788,226.602,0.201515
300820ms,300820,226.471,0.202213
300852ms,300852,226.675,0.201106
300884ms,300884,226.426,0.200896
300916ms,300916,226.231,0.200374
300948ms,300948,225.426,0.201610
300980ms,300980,225.101,0.199645
301012ms,301012,224.367,0.198982
301044ms,301044,224.409,0.197571
301108ms,301108,224.311,0.198933
301476ms,301476,223.061,0.197774
301508ms,301508,222.991,0.198370
301540ms,301540,223.155,0.198811
301588ms,301588,223.532,0.199408
301620ms,301620,224.137,0.199984
301652ms,301652,224.364,0.200449
301684ms,301684,224.624,0.199879
301716ms,301716,224.908,0.200925
301748ms,301748,224.887,0.201666
301780ms,301780,224.792,0.200862
301812ms,301812,225.141,0.200484
301844ms,301844,225.922,0.201149
301876ms,301876,226.303,0.201442
301908ms,301908,226.535,0.201234
301940ms,301940,226.567,0.200879
301972ms,301972,226.530,0.201407
302020ms,302020,226.484,0.201513
302052ms,302052,226.498,0.201571
302084ms,302084,226.584,0.201610
302116ms,302116,226.680,0.201782
302148ms,302148,226.652,0.201686
302180ms,302180,226.615,0.202103
302212ms,302212,226.499,0.201591
302244ms,302244,226.566,0.201564
302340ms,302340,226.493,0.201152
302388ms,302388,226.275,0.201435
302420ms,302420,226.027,0.200813
302452ms,302452,225.308,0.202591
302484ms,302484,224.806,0.197962
302516ms,302516,224.281,0.198162
302612ms,302612,224.225,0.197721
303012ms,303012,223.105,0.197734
303044ms,303044,223.238,0.198730
303108ms,303108,224.214,0.199545
303140ms,303140,224.348,0.199957
303172ms,303172,224.516,0.199450
303220ms,303220,224.754,0.199510
303252ms,303252,224.970,0.201333
303284ms,303284,224.843,0.201120
303316ms,303316,225.129,0.200911
303348ms,303348,225.886,0.201413
303380ms,303380,226.280,0.201888
303412ms,303412,226.554,0.201713
303444ms,303444,226.560,0.201553
303476ms,303476,226.647,0.201260
303508ms,303508,226.622,0.201618
303540ms,303540,226.597,0.201961
303572ms,303572,226.601,0.201739
303620ms,303620,226.635,0.201428
303652ms,303652,226.555,0.201330
303684ms,303684,226.663,0.202077
303716ms,303716,226.566,0.201303
303748ms,303748,226.588,0.201509
303780ms,303780,226.583,0.201334
303812ms,303812,226.656,0.201357
303844ms,303844,226.439,0.201249
303876ms,303876,226.293,0.201495
303908ms,303908,226.100,0.200650
303972ms,303972,225.034,0.199094
304052ms,304052,224.406,0.197865
304116ms,304116,224.392,0.199051
304484ms,304484,222.842,0.198381
304516ms,304516,223.033,0.197895
304548ms,304548,223.284,0.198437
304580ms,304580,223.587,0.198910
304612ms,304612,224.394,0.199887
304644ms,304644,224.354,0.199467
304676ms,304676,224.681,0.199671
304708ms,304708,224.673,0.201274
304740ms,304740,224.844,0.200506
304772ms,304772,224.979,0.200432
304820ms,304820,225.391,0.201064
304852ms,304852,226.084,0.201090
304884ms,304884,226.454,0.201788
304916ms,304916,226.652,0.200953
304948ms,304948,226.504,0.201168
304980ms,304980,226.588,0.201587
305012ms,305012,226.582,0.201498
305044ms,305044,226.546,0.201460
305076ms,305076,226.567,0.201581
305108ms,305108,226.687,0.201829
305140ms,305140,226.638,0.201747
305172ms,305172,226.546,0.201234
305220ms,305220,226.518,0.201428
305252ms,305252,226.484,0.201479
305284ms,305284,226.522,0.201728
305316ms,305316,226.867,0.201104
305348ms,305348,226.490,0.201431
305412ms,305412,225.600,0.200554
305444ms,305444,225.402,0.201888
305476ms,305476,224.582,0.199304
305508ms,305508,224.425,0.198490
