timestamp_ms,elapsed_ms,pix_dist,m_dist
111ms,111,101.407,0.205259
271ms,271,101.454,0.197009
303ms,303,101.718,0.198815
335ms,335,101.777,0.199974
367ms,367,101.769,0.197810
400ms,400,101.822,0.199655
432ms,432,102.053,0.200280
464ms,464,102.433,0.200606
575ms,575,103.017,0.203793
607ms,607,103.240,0.216782
671ms,671,103.659,0.204742
704ms,704,103.796,0.203441
736ms,736,103.802,0.204019
768ms,768,103.868,0.204004
800ms,800,103.842,0.205358
831ms,831,103.922,0.204249
879ms,879,103.964,0.204812
911ms,911,103.869,0.205437
943ms,943,103.999,0.202888
975ms,975,103.785,0.208248
1007ms,1007,103.789,0.204753
1040ms,1040,103.758,0.204204
1071ms,1071,103.897,0.207582
1103ms,1103,103.955,0.207360
1136ms,1136,103.685,0.208285
1167ms,1167,103.295,0.205295
1200ms,1200,103.050,0.201750
1279ms,1279,102.296,0.201455
1311ms,1311,102.108,0.199988
1407ms,1407,101.623,0.198953
1647ms,1647,101.564,0.198983
1679ms,1679,101.390,0.197288
1744ms,1744,101.486,0.199572
1775ms,1775,101.579,0.198505
1808ms,1808,101.617,0.197438
1936ms,1936,102.020,0.199012
1968ms,1968,102.443,0.199626
2047ms,2047,102.767,0.201545
2111ms,2111,103.048,0.202737
2143ms,2143,103.486,0.203773
2175ms,2175,103.554,0.204500
2207ms,2207,103.887,0.204552
2240ms,2240,103.831,0.205814
2304ms,2304,103.825,0.203938
2336ms,2336,104.059,0.206425
2368ms,2368,103.982,0.204498
2415ms,2415,103.855,0.205974
2447ms,2447,103.978,0.204297
2480ms,2480,103.991,0.204768
2512ms,2512,103.992,0.203619
2544ms,2544,103.811,0.204555
2576ms,2576,104.019,0.205689
2608ms,2608,103.791,0.204350
2672ms,2672,103.217,0.203834
2704ms,2704,102.852,0.201015
2784ms,2784,102.243,0.199966
2815ms,2815,101.675,0.199963
3183ms,3183,101.350,0.200450
3215ms,3215,101.381,0.197837
3247ms,3247,101.566,0.196695
3280ms,3280,101.523,0.198594
3376ms,3376,101.828,0.197749
3408ms,3408,102.002,0.199048
3472ms,3472,102.579,0.200518
3551ms,3551,102.653,0.202539
3583ms,3583,102.987,0.201438
3616ms,3616,103.438,0.206949
3647ms,3647,103.238,0.202848
3712ms,3712,103.827,0.204136
3744ms,3744,103.948,0.207556
3776ms,3776,103.819,0.205734
3808ms,3808,104.025,0.207479
3840ms,3840,103.783,0.206216
3872ms,3872,103.984,0.204098
3919ms,3919,103.798,0.204379
3951ms,3951,103.941,0.204276
3984ms,3984,103.955,0.209898
4016ms,4016,103.909,0.203860
4048ms,4048,103.786,0.205369
4079ms,4079,103.924,0.203936
4111ms,4111,103.660,0.205619
4144ms,4144,103.386,0.204976
4176ms,4176,103.078,0.203763
4240ms,4240,102.361,0.199423
4319ms,4319,101.891,0.199302
4655ms,4655,101.169,0.198313
4687ms,4687,101.295,0.198769
4751ms,4751,101.419,0.199061
4816ms,4816,101.549,0.197389
4848ms,4848,101.868,0.202266
4880ms,4880,101.938,0.204080
5008ms,5008,102.648,0.203644
5055ms,5055,103.012,0.201099
5087ms,5087,103.125,0.201188
5119ms,5119,103.363,0.203168
5151ms,5151,103.569,0.204912
5183ms,5183,103.828,0.205190
5216ms,5216,103.984,0.208679
5248ms,5248,103.865,0.206473
5280ms,5280,103.842,0.204062
5312ms,5312,103.784,0.203050
5344ms,5344,103.929,0.203549
5376ms,5376,103.917,0.206313
5423ms,5423,103.904,0.206219
5455ms,5455,103.869,0.205948
5487ms,5487,103.962,0.206529
5519ms,5519,103.903,0.205279
5552ms,5552,103.868,0.203990
5584ms,5584,103.667,0.205003
5616ms,5616,103.574,0.203999
5648ms,5648,103.300,0.208976
5680ms,5680,102.901,0.201566
5712ms,5712,102.471,0.201500
5744ms,5744,102.159,0.198521
5823ms,5823,101.598,0.199087
5855ms,5855,101.717,0.200032
5984ms,5984,101.685,0.199783
6079ms,6079,101.395,0.201225
6191ms,6191,101.422,0.199242
6256ms,6256,101.608,0.196713
6288ms,6288,101.527,0.197698
6352ms,6352,101.963,0.198879
6384ms,6384,102.149,0.198729
6512ms,6512,103.126,0.202942
6559ms,6559,103.070,0.201548
6591ms,6591,103.491,0.203242
6623ms,6623,103.570,0.204211
6656ms,6656,103.805,0.210641
6687ms,6687,103.925,0.205162
6720ms,6720,103.993,0.206410
6752ms,6752,103.889,0.204916
6784ms,6784,103.837,0.202946
6816ms,6816,103.971,0.204256
6848ms,6848,103.991,0.205117
6880ms,6880,103.895,0.203872
6912ms,6912,103.995,0.204656
6959ms,6959,103.981,0.203605
6991ms,6991,103.834,0.205878
7023ms,7023,103.943,0.206264
7056ms,7056,103.822,0.207943
7088ms,7088,103.591,0.205159
7120ms,7120,103.283,0.205216
7152ms,7152,102.831,0.202310
7216ms,7216,102.301,0.199731
7248ms,7248,102.065,0.198815
7280ms,7280,101.911,0.198993
7327ms,7327,101.706,0.199658
7359ms,7359,101.661,0.199105
7616ms,7616,101.302,0.197387
7648ms,7648,101.347,0.201001
7727ms,7727,101.430,0.201275
7759ms,7759,101.803,0.196951
7791ms,7791,101.586,0.198840
7824ms,7824,102.025,0.198768
7856ms,7856,101.961,0.199936
7888ms,7888,102.148,0.198854
7920ms,7920,102.381,0.201582
7952ms,7952,102.566,0.202081
7984ms,7984,102.660,0.201154
8016ms,8016,103.070,0.201014
8048ms,8048,103.403,0.201675
8095ms,8095,103.563,0.204428
8159ms,8159,103.818,0.204407
8191ms,8191,104.039,0.204708
8224ms,8224,103.800,0.204362
8256ms,8256,103.945,0.204367
8288ms,8288,103.980,0.208776
8319ms,8319,103.729,0.203542
8352ms,8352,104.002,0.210235
8384ms,8384,103.898,0.204555
8416ms,8416,103.943,0.203571
8463ms,8463,103.935,0.205123
8495ms,8495,103.931,0.203549
8528ms,8528,103.858,0.206509
8559ms,8559,103.785,0.204993
8592ms,8592,103.420,0.204122
8624ms,8624,103.302,0.213765
8656ms,8656,102.754,0.202351
8688ms,8688,102.353,0.201548
8752ms,8752,101.905,0.200642
8831ms,8831,101.811,0.200182
9024ms,9024,101.411,0.199916
9056ms,9056,101.437,0.202717
9088ms,9088,101.447,0.198727
9152ms,9152,101.347,0.197249
9199ms,9199,101.328,0.198161
9263ms,9263,101.573,0.197418
9296ms,9296,101.985,0.198553
9327ms,9327,101.904,0.198014
9359ms,9359,102.053,0.199574
9392ms,9392,102.281,0.200068
9488ms,9488,102.798,0.202701
9520ms,9520,103.144,0.203692
9552ms,9552,103.456,0.203351
9599ms,9599,103.527,0.203785
9631ms,9631,103.719,0.208127
9663ms,9663,104.006,0.203457
9695ms,9695,103.979,0.207584
9728ms,9728,104.041,0.204203
9759ms,9759,103.920,0.204735
9792ms,9792,103.944,0.205807
9824ms,9824,103.978,0.203764
9856ms,9856,103.886,0.202527
9888ms,9888,103.873,0.203289
9920ms,9920,104.016,0.203536
9967ms,9967,103.947,0.204524
9999ms,9999,104.008,0.209749
10031ms,10031,103.871,0.204886
10063ms,10063,103.676,0.203402
10095ms,10095,103.290,0.203247
10127ms,10127,102.846,0.202092
10160ms,10160,102.453,0.201279
10192ms,10192,102.262,0.198659
10288ms,10288,101.753,0.201438
10528ms,10528,101.430,0.204274
10624ms,10624,101.323,0.196662
10656ms,10656,101.194,0.197351
10688ms,10688,101.606,0.196957
10735ms,10735,101.574,0.196771
10767ms,10767,101.980,0.198839
10799ms,10799,102.019,0.198503
10832ms,10832,102.330,0.199961
10928ms,10928,102.675,0.202556
10991ms,10991,103.099,0.201555
11024ms,11024,103.458,0.206928
11056ms,11056,103.682,0.204246
11103ms,11103,103.744,0.204137
11135ms,11135,103.984,0.205350
11167ms,11167,103.883,0.204199
11199ms,11199,103.970,0.205536
11231ms,11231,103.980,0.203954
11264ms,11264,104.001,0.204005
11296ms,11296,103.944,0.205143
11328ms,11328,103.841,0.205654
11359ms,11359,104.019,0.204812
11392ms,11392,103.934,0.202540
11424ms,11424,104.021,0.204891
11456ms,11456,103.984,0.203646
11503ms,11503,103.951,0.204850
11535ms,11535,103.853,0.205514
11567ms,11567,103.237,0.204794
11599ms,11599,102.808,0.201722
11632ms,11632,102.691,0.201277
11663ms,11663,102.338,0.199442
11696ms,11696,102.116,0.198494
11760ms,11760,101.609,0.202960
11967ms,11967,101.475,0.198519
12032ms,12032,101.311,0.198595
12096ms,12096,101.406,0.198421
12128ms,12128,101.262,0.198528
12160ms,12160,101.359,0.206971
12224ms,12224,101.444,0.197307
12303ms,12303,101.907,0.198498
12335ms,12335,102.200,0.200415
12399ms,12399,102.586,0.200222
12464ms,12464,102.938,0.202494
12496ms,12496,103.223,0.201251
12528ms,12528,103.487,0.203993
12560ms,12560,103.444,0.205599
12592ms,12592,103.771,0.206239
12639ms,12639,103.949,0.203715
12672ms,12672,103.993,0.204803
12703ms,12703,104.061,0.208976
12736ms,12736,104.072,0.208881
12767ms,12767,103.958,0.205664
12800ms,12800,104.068,0.203420
12832ms,12832,104.005,0.203475
12864ms,12864,103.968,0.209719
12896ms,12896,103.914,0.204332
12928ms,12928,103.892,0.203231
12960ms,12960,103.879,0.202818
13007ms,13007,103.730,0.205826
13039ms,13039,103.554,0.202755
13071ms,13071,103.254,0.201548
13103ms,13103,102.985,0.201636
13136ms,13136,102.466,0.201554
13199ms,13199,101.907,0.198342
13231ms,13231,101.677,0.199149
13264ms,13264,101.761,0.198774
13360ms,13360,101.294,0.198858
13504ms,13504,101.290,0.198399
13664ms,13664,101.548,0.195951
13728ms,13728,102.028,0.198680
13775ms,13775,101.854,0.198255
13807ms,13807,102.227,0.200307
13839ms,13839,102.177,0.200640
13936ms,13936,102.817,0.199774
13968ms,13968,103.026,0.202860
14000ms,14000,103.309,0.202432
14032ms,14032,103.624,0.204146
14064ms,14064,103.753,0.205401
14096ms,14096,103.952,0.205966
14143ms,14143,103.934,0.203485
14175ms,14175,103.889,0.202383
14207ms,14207,104.122,0.207223
14239ms,14239,103.991,0.203956
14272ms,14272,103.944,0.205414
14304ms,14304,103.908,0.202520
14336ms,14336,103.863,0.203573
14368ms,14368,103.971,0.205115
14400ms,14400,104.000,0.208451
14432ms,14432,103.960,0.204444
14464ms,14464,103.890,0.207216
14511ms,14511,103.721,0.204046
14544ms,14544,103.298,0.204626
14575ms,14575,103.004,0.203786
14640ms,14640,102.285,0.200159
14672ms,14672,102.215,0.198997
14975ms,14975,101.410,0.197599
15007ms,15007,101.540,0.202225
15039ms,15039,101.424,0.197725
15071ms,15071,101.390,0.196825
15136ms,15136,101.380,0.203450
15232ms,15232,101.930,0.198439
15280ms,15280,102.091,0.198440
15311ms,15311,102.195,0.201329
15376ms,15376,102.572,0.201087
15407ms,15407,102.924,0.202901
15439ms,15439,103.001,0.201661
15472ms,15472,103.284,0.203066
15504ms,15504,103.343,0.202948
15536ms,15536,103.506,0.204014
15568ms,15568,103.676,0.206247
15600ms,15600,104.074,0.205236
15632ms,15632,103.934,0.202827
15679ms,15679,103.925,0.203074
15711ms,15711,103.829,0.204485
15743ms,15743,103.962,0.203264
15776ms,15776,103.884,0.206353
15807ms,15807,103.954,0.203571
15840ms,15840,103.916,0.203696
15872ms,15872,103.990,0.205169
15904ms,15904,103.788,0.202593
15968ms,15968,103.821,0.203750
16000ms,16000,103.458,0.204732
16047ms,16047,103.300,0.203805
16111ms,16111,102.491,0.204449
16143ms,16143,102.219,0.199135
16271ms,16271,101.555,0.199038
16336ms,16336,101.383,0.197944
16416ms,16416,101.460,0.198425
16479ms,16479,101.367,0.200864
16544ms,16544,101.302,0.197500
16576ms,16576,101.270,0.198187
16608ms,16608,101.304,0.196822
16640ms,16640,101.660,0.196881
16704ms,16704,101.930,0.199589
16736ms,16736,101.883,0.197714
16783ms,16783,102.122,0.199383
16815ms,16815,102.083,0.200764
16912ms,16912,102.883,0.200043
16976ms,16976,103.208,0.203969
17007ms,17007,103.463,0.203855
17040ms,17040,103.798,0.206407
17071ms,17071,103.847,0.204452
17104ms,17104,103.904,0.207466
17136ms,17136,103.925,0.205530
17183ms,17183,103.954,0.203377
17215ms,17215,103.969,0.204017
17247ms,17247,103.794,0.203661
17280ms,17280,103.902,0.202903
17312ms,17312,103.902,0.204865
17344ms,17344,103.889,0.203187
17376ms,17376,104.024,0.203886
17407ms,17407,103.969,0.203277
17440ms,17440,103.974,0.205704
17472ms,17472,103.615,0.211080
17504ms,17504,103.275,0.204423
17551ms,17551,103.152,0.201671
17648ms,17648,102.299,0.198166
17712ms,17712,101.700,0.199688
17744ms,17744,101.571,0.198795
17776ms,17776,101.490,0.198695
17951ms,17951,101.254,0.197868
17983ms,17983,101.465,0.200346
18016ms,18016,101.273,0.200198
18047ms,18047,101.298,0.199959
18111ms,18111,101.403,0.197214
18144ms,18144,101.585,0.196575
18176ms,18176,101.592,0.197063
18208ms,18208,101.927,0.198643
18240ms,18240,102.057,0.199988
18272ms,18272,102.054,0.200281
18351ms,18351,102.525,0.201220
18383ms,18383,102.923,0.205707
18415ms,18415,102.971,0.201976
18479ms,18479,103.493,0.203917
18512ms,18512,103.784,0.206019
18544ms,18544,103.830,0.204814
18576ms,18576,103.961,0.204601
18608ms,18608,103.895,0.205362
18640ms,18640,103.998,0.206293
18687ms,18687,103.913,0.203823
18719ms,18719,103.847,0.203499
18751ms,18751,103.949,0.204420
18784ms,18784,103.875,0.203839
18816ms,18816,103.888,0.203389
18848ms,18848,103.865,0.204957
18879ms,18879,103.889,0.204693
18912ms,18912,103.977,0.204429
18944ms,18944,103.792,0.205155
18976ms,18976,103.540,0.204158
19008ms,19008,103.270,0.202679
19040ms,19040,102.875,0.201476
19087ms,19087,102.511,0.202159
19119ms,19119,102.296,0.198899
19408ms,19408,101.400,0.197755
19455ms,19455,101.307,0.201344
19519ms,19519,101.310,0.201518
19551ms,19551,101.321,0.199357
19616ms,19616,101.602,0.197566
19648ms,19648,101.609,0.197314
19743ms,19743,101.927,0.199992
19776ms,19776,102.212,0.200164
19808ms,19808,102.514,0.200950
19856ms,19856,102.592,0.202816
19887ms,19887,102.819,0.200020
19919ms,19919,103.072,0.201721
19952ms,19952,103.427,0.203923
19984ms,19984,103.651,0.203185
20016ms,20016,103.755,0.206000
20048ms,20048,103.860,0.205376
20079ms,20079,104.038,0.207582
20111ms,20111,103.924,0.203831
20144ms,20144,103.894,0.204125
20176ms,20176,103.864,0.204508
20223ms,20223,103.885,0.203127
20255ms,20255,103.958,0.202489
20287ms,20287,103.998,0.203695
20351ms,20351,103.972,0.202646
20384ms,20384,104.046,0.204584
20416ms,20416,104.004,0.205315
20448ms,20448,103.708,0.203198
20480ms,20480,103.468,0.203662
20512ms,20512,103.092,0.204277
20591ms,20591,102.252,0.200129
20623ms,20623,102.139,0.198732
20655ms,20655,101.737,0.199556
20848ms,20848,101.430,0.198376
20991ms,20991,101.376,0.202616
21055ms,21055,101.341,0.202409
21087ms,21087,101.245,0.197295
21184ms,21184,101.951,0.199752
21247ms,21247,102.124,0.199842
21359ms,21359,102.806,0.203935
21391ms,21391,102.955,0.202142
21423ms,21423,103.164,0.203200
21487ms,21487,103.811,0.206124
21519ms,21519,103.911,0.204360
21551ms,21551,103.880,0.205628
21584ms,21584,103.817,0.202139
21616ms,21616,103.778,0.202117
21648ms,21648,103.950,0.203062
21680ms,21680,104.021,0.204382
21727ms,21727,103.943,0.203687
21759ms,21759,103.852,0.205870
21791ms,21791,103.953,0.204230
21823ms,21823,103.851,0.205770
21855ms,21855,103.855,0.207739
21888ms,21888,104.006,0.205438
21919ms,21919,103.765,0.206205
21952ms,21952,103.521,0.203254
21984ms,21984,103.395,0.202892
22016ms,22016,102.982,0.202038
22048ms,22048,102.487,0.202062
22095ms,22095,102.279,0.199227
22127ms,22127,101.904,0.197687
22159ms,22159,101.671,0.200416
22495ms,22495,101.267,0.199591
22559ms,22559,101.513,0.202176
22591ms,22591,101.612,0.197620
22623ms,22623,101.677,0.201299
22719ms,22719,101.960,0.200454
22863ms,22863,102.990,0.202534
22895ms,22895,103.075,0.201045
22927ms,22927,103.455,0.205032
22960ms,22960,103.726,0.203923
22991ms,22991,103.688,0.204328
23024ms,23024,104.052,0.205195
23056ms,23056,104.059,0.204872
23087ms,23087,103.963,0.202626
23120ms,23120,103.867,0.203113
23152ms,23152,103.861,0.201996
23184ms,23184,103.929,0.205037
23231ms,23231,103.956,0.206217
23263ms,23263,104.013,0.207395
23295ms,23295,103.926,0.202580
23327ms,23327,103.934,0.205134
23359ms,23359,103.947,0.202902
23391ms,23391,103.812,0.203839
23424ms,23424,103.490,0.207625
23456ms,23456,103.187,0.202528
23552ms,23552,102.242,0.200359
23631ms,23631,101.798,0.204537
23952ms,23952,101.314,0.200966
23999ms,23999,101.447,0.198045
24063ms,24063,101.488,0.196387
24095ms,24095,101.798,0.196985
24127ms,24127,101.884,0.199341
24159ms,24159,101.892,0.198508
24224ms,24224,102.311,0.200087
24256ms,24256,102.242,0.199335
24320ms,24320,103.012,0.203156
24352ms,24352,103.120,0.201262
24399ms,24399,103.390,0.202285
24431ms,24431,103.474,0.203823
24463ms,24463,103.735,0.204675
24495ms,24495,103.928,0.205260
24527ms,24527,103.911,0.204137
24560ms,24560,103.924,0.203275
24592ms,24592,103.921,0.203861
24655ms,24655,103.967,0.205132
24688ms,24688,103.950,0.203712
24720ms,24720,103.828,0.202732
24767ms,24767,104.041,0.205357
24799ms,24799,103.987,0.204926
24831ms,24831,103.875,0.203149
24863ms,24863,104.027,0.204892
24895ms,24895,103.748,0.205184
24928ms,24928,103.498,0.202774
24991ms,24991,102.765,0.200790
25024ms,25024,102.328,0.201459
25056ms,25056,102.103,0.198060
25088ms,25088,101.741,0.198077
25392ms,25392,101.258,0.197984
25424ms,25424,101.398,0.200001
25456ms,25456,101.299,0.203858
25535ms,25535,101.347,0.197953
25567ms,25567,101.663,0.196699
25599ms,25599,101.633,0.198237
25631ms,25631,101.799,0.198356
25663ms,25663,102.011,0.198590
25696ms,25696,102.003,0.199479
25728ms,25728,102.398,0.200116
25760ms,25760,102.415,0.200175
25824ms,25824,102.804,0.201555
25856ms,25856,103.155,0.202238
25903ms,25903,103.536,0.204162
25935ms,25935,103.554,0.205316
25967ms,25967,103.716,0.206006
25999ms,25999,103.976,0.203831
26031ms,26031,103.858,0.203209
26063ms,26063,103.698,0.204203
26095ms,26095,103.874,0.203361
26128ms,26128,103.829,0.203736
26160ms,26160,103.836,0.203958
26191ms,26191,103.960,0.203116
26224ms,26224,103.913,0.204406
26271ms,26271,103.866,0.203978
26303ms,26303,104.049,0.206988
26335ms,26335,103.930,0.203353
26367ms,26367,103.834,0.204007
26399ms,26399,103.694,0.203633
26432ms,26432,103.249,0.203548
26496ms,26496,102.612,0.206152
26528ms,26528,102.175,0.199401
26624ms,26624,101.622,0.198660
26800ms,26800,101.462,0.198209
26928ms,26928,101.392,0.197120
26960ms,26960,101.436,0.198215
26992ms,26992,101.312,0.199278
27039ms,27039,101.512,0.197635
27071ms,27071,101.614,0.197025
27103ms,27103,101.933,0.199804
27136ms,27136,101.974,0.198498
27200ms,27200,102.013,0.200675
27232ms,27232,102.409,0.201557
27296ms,27296,102.938,0.205590
27328ms,27328,103.087,0.201894
27359ms,27359,103.402,0.203927
27407ms,27407,103.609,0.204549
27471ms,27471,103.945,0.205548
27503ms,27503,103.897,0.203780
27536ms,27536,103.914,0.204307
27568ms,27568,103.886,0.202307
27599ms,27599,103.910,0.202963
27632ms,27632,103.994,0.203386
27664ms,27664,103.903,0.204546
27696ms,27696,103.953,0.204763
27728ms,27728,103.963,0.204044
27760ms,27760,103.939,0.202792
27807ms,27807,104.007,0.204312
27839ms,27839,103.932,0.202753
27904ms,27904,103.568,0.204259
27936ms,27936,103.167,0.204712
28000ms,28000,102.313,0.199214
28032ms,28032,102.294,0.198719
28063ms,28063,101.826,0.200815
28175ms,28175,101.561,0.198437
28271ms,28271,101.467,0.198251
28432ms,28432,101.382,0.203140
28464ms,28464,101.303,0.197837
28496ms,28496,101.328,0.202188
28528ms,28528,101.678,0.197652
28575ms,28575,101.702,0.198522
28607ms,28607,102.196,0.198851
28671ms,28671,102.112,0.200237
28736ms,28736,102.437,0.200256
28768ms,28768,102.755,0.203724
28800ms,28800,102.801,0.201187
28864ms,28864,103.498,0.202992
28896ms,28896,103.689,0.203816
28943ms,28943,103.806,0.205892
28975ms,28975,103.970,0.204782
29039ms,29039,103.944,0.208017
29071ms,29071,103.873,0.203434
29103ms,29103,103.820,0.203166
29136ms,29136,103.894,0.203360
29168ms,29168,103.811,0.205631
29200ms,29200,103.930,0.203406
29232ms,29232,104.015,0.204013
29264ms,29264,103.865,0.204280
29311ms,29311,103.887,0.204754
29343ms,29343,103.771,0.206757
29375ms,29375,103.538,0.204251
29407ms,29407,103.170,0.202528
29472ms,29472,102.495,0.201004
29600ms,29600,101.724,0.198913
29840ms,29840,101.360,0.197769
29904ms,29904,101.418,0.198089
29936ms,29936,101.430,0.197901
29968ms,29968,101.472,0.196818
30000ms,30000,101.565,0.197588
30032ms,30032,101.670,0.196452
30079ms,30079,101.566,0.197427
30143ms,30143,102.060,0.199733
30175ms,30175,102.164,0.199322
30272ms,30272,102.933,0.204479
30304ms,30304,103.021,0.201373
30336ms,30336,103.320,0.202603
30368ms,30368,103.529,0.204663
30400ms,30400,103.757,0.206395
30447ms,30447,103.742,0.205405
30479ms,30479,103.945,0.203237
30511ms,30511,103.841,0.203464
30543ms,30543,103.959,0.202653
30576ms,30576,103.831,0.204148
30608ms,30608,103.802,0.203134
30640ms,30640,103.906,0.202689
30672ms,30672,103.967,0.206492
30704ms,30704,103.978,0.205992
30736ms,30736,103.896,0.203404
30768ms,30768,103.912,0.202678
30815ms,30815,103.966,0.204721
30847ms,30847,103.805,0.205977
30879ms,30879,103.779,0.202931
30911ms,30911,103.307,0.202969
30944ms,30944,102.772,0.201077
30975ms,30975,102.557,0.202047
31040ms,31040,102.264,0.197666
31071ms,31071,101.616,0.199251
31247ms,31247,101.571,0.198500
31407ms,31407,101.255,0.196914
31472ms,31472,101.260,0.198614
31504ms,31504,101.706,0.197968
31536ms,31536,101.787,0.197127
31615ms,31615,101.998,0.198081
31647ms,31647,101.840,0.199131
31679ms,31679,102.230,0.199009
31744ms,31744,102.642,0.202038
31776ms,31776,102.867,0.201766
31808ms,31808,103.042,0.201814
31840ms,31840,103.465,0.202903
31872ms,31872,103.677,0.205480
31904ms,31904,103.722,0.203913
31936ms,31936,104.033,0.205046
31983ms,31983,103.922,0.203663
32015ms,32015,103.891,0.203172
32079ms,32079,103.806,0.207666
32111ms,32111,103.933,0.203177
32144ms,32144,103.933,0.205241
32176ms,32176,103.832,0.205546
32208ms,32208,103.922,0.203055
32240ms,32240,103.904,0.203484
32272ms,32272,104.064,0.205931
32304ms,32304,103.747,0.207406
32351ms,32351,103.501,0.205764
32383ms,32383,103.310,0.201783
32415ms,32415,103.042,0.201637
32448ms,32448,102.451,0.200461
32479ms,32479,102.296,0.201287
32512ms,32512,102.081,0.199124
32544ms,32544,101.875,0.200202
32576ms,32576,101.763,0.199048
32639ms,32639,101.618,0.198138
32880ms,32880,101.201,0.202305
32912ms,32912,101.416,0.199693
32944ms,32944,101.127,0.199661
32976ms,32976,101.674,0.199264
33040ms,33040,101.808,0.197703
33151ms,33151,101.997,0.200733
33247ms,33247,102.819,0.201735
33280ms,33280,103.016,0.202604
33312ms,33312,103.464,0.204252
33344ms,33344,103.611,0.204235
33376ms,33376,103.649,0.204930
33407ms,33407,103.827,0.205015
33440ms,33440,103.926,0.203236
33488ms,33488,103.876,0.205832
33519ms,33519,103.907,0.205378
33551ms,33551,103.927,0.204970
33584ms,33584,103.980,0.204605
33616ms,33616,103.873,0.202113
33647ms,33647,103.841,0.203643
33680ms,33680,103.935,0.203672
33712ms,33712,103.918,0.202913
33744ms,33744,103.885,0.202743
33776ms,33776,103.904,0.205413
33808ms,33808,103.789,0.204880
33856ms,33856,103.521,0.203198
33887ms,33887,103.185,0.205069
33919ms,33919,102.699,0.205314
33952ms,33952,102.375,0.202382
34016ms,34016,101.942,0.198611
34351ms,34351,101.495,0.199709
34416ms,34416,101.247,0.199617
34448ms,34448,101.287,0.206046
34480ms,34480,101.642,0.198759
34512ms,34512,101.642,0.199947
34544ms,34544,101.792,0.198843
34576ms,34576,101.955,0.198330
34623ms,34623,102.184,0.199755
34720ms,34720,102.773,0.204666
34751ms,34751,102.894,0.201300
34816ms,34816,103.585,0.203775
34848ms,34848,103.588,0.204422
34880ms,34880,103.779,0.204795
34943ms,34943,103.946,0.208015
34991ms,34991,103.961,0.204754
35023ms,35023,103.956,0.203650
35055ms,35055,103.834,0.205891
35087ms,35087,103.912,0.203336
35119ms,35119,103.931,0.204371
35152ms,35152,103.827,0.206230
35184ms,35184,103.918,0.203827
35216ms,35216,103.856,0.203277
35248ms,35248,103.894,0.205727
35280ms,35280,103.731,0.207944
35312ms,35312,103.585,0.205267
35344ms,35344,103.365,0.202577
35423ms,35423,102.469,0.204201
35519ms,35519,101.743,0.199017
35552ms,35552,101.742,0.199657
35712ms,35712,101.671,0.198309
35791ms,35791,101.428,0.198999
35823ms,35823,101.194,0.197211
35888ms,35888,101.315,0.196740
35920ms,35920,101.274,0.201597
35952ms,35952,101.569,0.197301
35984ms,35984,101.760,0.197770
36016ms,36016,101.811,0.197201
36048ms,36048,101.873,0.198347
36080ms,36080,101.993,0.198749
36224ms,36224,102.937,0.201584
36256ms,36256,103.143,0.201703
36288ms,36288,103.439,0.202684
36320ms,36320,103.453,0.203715
36352ms,36352,103.848,0.207988
36384ms,36384,104.001,0.204548
36416ms,36416,103.986,0.205469
36448ms,36448,103.949,0.204428
36495ms,36495,103.997,0.208132
36527ms,36527,103.956,0.206737
36559ms,36559,103.910,0.203728
36591ms,36591,103.968,0.203844
36623ms,36623,103.995,0.204255
36656ms,36656,103.854,0.205695
36688ms,36688,103.940,0.202532
36720ms,36720,103.980,0.202940
36751ms,36751,103.931,0.205882
36784ms,36784,103.832,0.205337
36816ms,36816,103.572,0.202855
36848ms,36848,103.027,0.201400
36927ms,36927,102.155,0.199835
36959ms,36959,102.168,0.198470
37184ms,37184,101.649,0.198273
37248ms,37248,101.318,0.198193
37327ms,37327,101.387,0.197826
37359ms,37359,101.376,0.199580
37424ms,37424,101.296,0.203201
37456ms,37456,101.633,0.197406
37488ms,37488,101.627,0.198067
37520ms,37520,102.123,0.201178
37552ms,37552,101.919,0.198450
37695ms,37695,102.790,0.200687
37727ms,37727,102.867,0.201463
37791ms,37791,103.413,0.203477
37824ms,37824,103.467,0.205248
37856ms,37856,103.760,0.204208
37888ms,37888,103.898,0.208385
37920ms,37920,103.957,0.203629
37952ms,37952,103.817,0.204977
37984ms,37984,103.895,0.205873
38031ms,38031,103.910,0.203170
38063ms,38063,103.874,0.204388
38095ms,38095,103.922,0.204494
38127ms,38127,103.948,0.205034
38160ms,38160,103.884,0.203610
38191ms,38191,103.971,0.203754
38224ms,38224,103.858,0.203658
38256ms,38256,103.878,0.203837
38288ms,38288,103.692,0.206591
38320ms,38320,103.257,0.203384
38431ms,38431,102.256,0.198848
38495ms,38495,101.714,0.199254
38527ms,38527,101.682,0.199823
38688ms,38688,101.633,0.198414
38752ms,38752,101.448,0.198841
38831ms,38831,101.376,0.199304
38928ms,38928,101.396,0.197350
38960ms,38960,101.751,0.196630
39024ms,39024,101.950,0.197872
39056ms,39056,101.924,0.198932
39120ms,39120,102.597,0.199636
39199ms,39199,102.915,0.206106
39231ms,39231,103.083,0.200784
39263ms,39263,103.375,0.203683
39296ms,39296,103.584,0.203744
39328ms,39328,103.739,0.205946
39360ms,39360,103.990,0.205221
39392ms,39392,104.014,0.206806
39424ms,39424,103.867,0.203587
39456ms,39456,103.993,0.204875
39488ms,39488,103.945,0.203777
39535ms,39535,103.936,0.205860
39567ms,39567,103.957,0.204604
39599ms,39599,104.081,0.209613
39631ms,39631,103.901,0.206072
39664ms,39664,103.983,0.203080
39696ms,39696,103.984,0.209979
39728ms,39728,104.055,0.206218
39759ms,39759,103.669,0.205307
39792ms,39792,103.417,0.205101
39824ms,39824,102.953,0.201948
39856ms,39856,102.809,0.206810
39935ms,39935,102.244,0.198764
40224ms,40224,101.408,0.198848
40303ms,40303,101.447,0.198940
40335ms,40335,101.452,0.199776
40367ms,40367,101.442,0.197555
40400ms,40400,101.409,0.199706
40432ms,40432,101.704,0.196635
40464ms,40464,101.646,0.199051
40496ms,40496,101.815,0.199162
40528ms,40528,102.001,0.201528
40560ms,40560,101.940,0.200030
40624ms,40624,102.502,0.202489
40656ms,40656,102.885,0.203544
40703ms,40703,102.995,0.203176
40767ms,40767,103.369,0.202097
40800ms,40800,103.638,0.204033
40832ms,40832,103.850,0.205589
40864ms,40864,103.893,0.203209
40960ms,40960,103.832,0.202818
40992ms,40992,103.912,0.203355
41024ms,41024,103.919,0.203001
41071ms,41071,103.858,0.202412
41103ms,41103,103.900,0.203271
41135ms,41135,103.892,0.202684
41167ms,41167,103.963,0.204441
41199ms,41199,103.983,0.203252
41231ms,41231,103.741,0.203217
41263ms,41263,103.672,0.204875
41295ms,41295,103.224,0.202719
41327ms,41327,102.803,0.201931
41359ms,41359,102.433,0.200581
41392ms,41392,102.282,0.200138
41439ms,41439,101.843,0.198898
41471ms,41471,101.651,0.198973
41503ms,41503,101.719,0.198394
41807ms,41807,101.443,0.197454
41871ms,41871,101.368,0.202510
41903ms,41903,101.452,0.198916
41936ms,41936,101.698,0.196659
41967ms,41967,101.961,0.198475
42000ms,42000,102.181,0.198218
42064ms,42064,102.128,0.204356
42160ms,42160,103.028,0.203660
42207ms,42207,103.303,0.201770
42271ms,42271,103.507,0.204720
42303ms,42303,103.691,0.205212
42335ms,42335,103.919,0.206390
42367ms,42367,103.994,0.202750
42400ms,42400,103.898,0.203068
42432ms,42432,103.987,0.205000
42464ms,42464,103.997,0.206329
42496ms,42496,103.988,0.202800
42528ms,42528,103.904,0.202928
42575ms,42575,103.914,0.202577
42607ms,42607,103.936,0.203042
42639ms,42639,103.766,0.204374
42671ms,42671,103.900,0.205479
42703ms,42703,104.006,0.203004
42736ms,42736,103.676,0.206057
42768ms,42768,103.412,0.204598
42864ms,42864,102.333,0.199395
42896ms,42896,102.266,0.198695
42943ms,42943,101.908,0.201885
43343ms,43343,101.403,0.198305
43376ms,43376,101.376,0.196516
43407ms,43407,101.667,0.196962
43439ms,43439,101.591,0.198060
43472ms,43472,101.951,0.199443
43504ms,43504,102.172,0.200120
43536ms,43536,102.219,0.199570
43632ms,43632,102.938,0.201432
43664ms,43664,102.974,0.201509
43711ms,43711,103.179,0.201703
43743ms,43743,103.455,0.202583
43776ms,43776,103.608,0.205379
43807ms,43807,103.877,0.205180
43840ms,43840,103.913,0.204988
43872ms,43872,103.922,0.204880
43968ms,43968,103.891,0.203402
44000ms,44000,103.970,0.205759
44032ms,44032,103.936,0.204928
44079ms,44079,103.887,0.203841
44111ms,44111,103.919,0.203288
44143ms,44143,103.884,0.203823
44176ms,44176,104.060,0.204272
44208ms,44208,103.994,0.204129
44239ms,44239,103.655,0.206235
44272ms,44272,103.168,0.202247
44304ms,44304,102.852,0.202639
44336ms,44336,102.429,0.203748
44368ms,44368,102.254,0.200407
44400ms,44400,102.031,0.200515
44768ms,44768,101.228,0.199369
44847ms,44847,101.371,0.208928
44879ms,44879,101.621,0.197518
44911ms,44911,101.566,0.198864
44943ms,44943,102.036,0.200594
44976ms,44976,101.900,0.198105
45008ms,45008,102.048,0.199498
45040ms,45040,102.123,0.201171
45104ms,45104,102.833,0.200693
45136ms,45136,103.079,0.205408
45168ms,45168,103.300,0.202473
45200ms,45200,103.295,0.202691
45247ms,45247,103.553,0.204493
45279ms,45279,103.688,0.205199
45311ms,45311,103.956,0.205025
45344ms,45344,103.875,0.204363
45376ms,45376,103.800,0.202378
45408ms,45408,103.875,0.202792
45440ms,45440,103.916,0.202979
45472ms,45472,103.841,0.202314
45504ms,45504,103.806,0.202836
45536ms,45536,103.876,0.202585
45568ms,45568,103.800,0.204177
45615ms,45615,103.899,0.203790
45647ms,45647,103.996,0.207409
45679ms,45679,104.014,0.208173
45712ms,45712,103.767,0.205798
45743ms,45743,103.413,0.205756
45808ms,45808,102.744,0.204955
45840ms,45840,102.414,0.199687
45872ms,45872,102.145,0.198128
45936ms,45936,101.542,0.202036
46239ms,46239,101.354,0.196911
46304ms,46304,101.380,0.197031
46336ms,46336,101.240,0.204651
46383ms,46383,101.635,0.196735
46415ms,46415,101.663,0.200014
46479ms,46479,102.048,0.198998
46511ms,46511,102.216,0.199995
46576ms,46576,102.460,0.201234
46608ms,46608,102.793,0.204807
46640ms,46640,103.103,0.200700
46672ms,46672,103.340,0.202638
46704ms,46704,103.435,0.204770
46751ms,46751,103.723,0.204741
46783ms,46783,103.751,0.205047
46815ms,46815,103.886,0.204164
46847ms,46847,103.765,0.202782
46880ms,46880,103.842,0.202733
46912ms,46912,103.892,0.202754
46944ms,46944,103.932,0.203639
46976ms,46976,104.016,0.205325
47008ms,47008,103.750,0.203202
47040ms,47040,103.926,0.205404
47072ms,47072,103.910,0.205847
47104ms,47104,103.989,0.208947
47151ms,47151,103.974,0.203557
47183ms,47183,103.895,0.205472
47279ms,47279,102.761,0.200774
47312ms,47312,102.501,0.200227
47344ms,47344,102.345,0.198695
47808ms,47808,101.425,0.199351
47840ms,47840,101.663,0.198931
47887ms,47887,101.711,0.197083
47951ms,47951,102.103,0.197481
47984ms,47984,102.070,0.198891
48112ms,48112,103.044,0.203819
48144ms,48144,102.988,0.201361
48176ms,48176,103.518,0.203040
48207ms,48207,103.437,0.203751
48255ms,48255,103.764,0.204656
48287ms,48287,104.013,0.204851
48319ms,48319,103.959,0.203755
48351ms,48351,103.967,0.203162
48383ms,48383,103.934,0.203517
48416ms,48416,103.933,0.203956
48448ms,48448,103.754,0.206351
48480ms,48480,103.854,0.203005
48512ms,48512,103.915,0.203029
48544ms,48544,103.967,0.205735
48576ms,48576,103.991,0.206621
48607ms,48607,103.808,0.204545
48655ms,48655,104.055,0.208243
48687ms,48687,103.854,0.205468
48719ms,48719,103.287,0.203998
48783ms,48783,102.703,0.201077
48848ms,48848,102.158,0.198956
48944ms,48944,101.704,0.198459
49023ms,49023,101.565,0.200473
49184ms,49184,101.523,0.201429
49216ms,49216,101.319,0.199717
49248ms,49248,101.362,0.201231
49312ms,49312,101.288,0.199799
49376ms,49376,101.581,0.197925
49423ms,49423,101.836,0.198952
49487ms,49487,102.062,0.200367
49551ms,49551,102.688,0.203977
49584ms,49584,102.795,0.201207
49616ms,49616,102.938,0.201987
49648ms,49648,103.225,0.203294
49680ms,49680,103.595,0.205672
49712ms,49712,103.594,0.204113
49744ms,49744,103.690,0.204489
49791ms,49791,103.878,0.203919
49823ms,49823,104.030,0.206180
49855ms,49855,103.886,0.202920
49887ms,49887,103.822,0.204294
49919ms,49919,103.889,0.203435
49952ms,49952,103.918,0.202478
49984ms,49984,103.750,0.205121
50016ms,50016,103.900,0.203770
50048ms,50048,103.988,0.206824
50079ms,50079,103.839,0.203951
50112ms,50112,103.907,0.205993
50159ms,50159,103.996,0.205425
50191ms,50191,103.637,0.204161
50223ms,50223,103.459,0.202198
50255ms,50255,102.876,0.203231
50287ms,50287,102.472,0.202564
50320ms,50320,102.275,0.198528
50384ms,50384,101.719,0.199801
50751ms,50751,101.394,0.197989
50816ms,50816,101.662,0.197579
50880ms,50880,102.143,0.199284
50927ms,50927,102.005,0.198105
50959ms,50959,101.923,0.199646
50991ms,50991,102.238,0.201372
51087ms,51087,102.860,0.202332
51120ms,51120,103.160,0.201206
51152ms,51152,103.463,0.202148
51184ms,51184,103.657,0.204732
51216ms,51216,103.829,0.207839
51248ms,51248,104.045,0.204711
51295ms,51295,103.865,0.203561
51327ms,51327,103.954,0.204750
51359ms,51359,103.932,0.204474
51391ms,51391,103.936,0.203321
51423ms,51423,103.996,0.203629
51456ms,51456,103.930,0.203851
51487ms,51487,103.918,0.203386
51520ms,51520,103.948,0.202598
51551ms,51551,103.902,0.204125
51583ms,51583,103.954,0.204550
51616ms,51616,104.106,0.206892
51663ms,51663,103.855,0.205233
51695ms,51695,103.441,0.204963
51727ms,51727,103.007,0.201236
51759ms,51759,102.729,0.201046
51792ms,51792,102.358,0.199935
51824ms,51824,102.254,0.198705
51856ms,51856,101.746,0.198753
51888ms,51888,101.914,0.198590
52159ms,52159,101.531,0.200855
52224ms,52224,101.385,0.198201
52256ms,52256,101.295,0.197178
52288ms,52288,101.337,0.198607
52352ms,52352,101.641,0.197708
52431ms,52431,101.814,0.199488
52463ms,52463,102.057,0.199385
52495ms,52495,102.404,0.200945
52559ms,52559,102.931,0.201525
52591ms,52591,103.098,0.202256
52655ms,52655,103.375,0.202167
52688ms,52688,103.546,0.204110
52720ms,52720,103.792,0.205189
52752ms,52752,103.907,0.205511
52800ms,52800,103.877,0.203102
52831ms,52831,103.883,0.204739
52863ms,52863,103.891,0.203986
52895ms,52895,103.870,0.204781
52927ms,52927,103.945,0.202148
52959ms,52959,103.888,0.202841
52992ms,52992,103.963,0.204038
53024ms,53024,103.885,0.203420
53056ms,53056,103.951,0.204044
53088ms,53088,103.953,0.206890
53119ms,53119,103.956,0.206292
53152ms,53152,103.569,0.204111
53199ms,53199,103.212,0.203122
53327ms,53327,102.127,0.197987
53360ms,53360,101.764,0.200631
53424ms,53424,101.477,0.198852
53695ms,53695,101.394,0.197291
53760ms,53760,101.370,0.197990
53792ms,53792,101.580,0.197283
53856ms,53856,101.580,0.197597
54063ms,54063,102.982,0.203194
54096ms,54096,103.151,0.201269
54128ms,54128,103.442,0.203514
54192ms,54192,103.788,0.204983
54223ms,54223,104.012,0.204851
54256ms,54256,103.979,0.203825
54288ms,54288,103.939,0.202542
54335ms,54335,103.840,0.202462
54367ms,54367,103.940,0.203375
54399ms,54399,103.913,0.202763
54431ms,54431,103.869,0.203531
54463ms,54463,103.867,0.204386
54495ms,54495,103.876,0.204274
54527ms,54527,103.910,0.203297
54559ms,54559,103.950,0.203299
54591ms,54591,103.950,0.205424
54624ms,54624,103.815,0.204214
54656ms,54656,103.576,0.205271
54735ms,54735,102.712,0.202308
54767ms,54767,102.435,0.200710
54800ms,54800,102.185,0.200148
54896ms,54896,101.574,0.199160
55168ms,55168,101.391,0.197927
55296ms,55296,101.571,0.197011
55328ms,55328,101.701,0.198132
55360ms,55360,102.147,0.200378
55392ms,55392,101.983,0.198880
55424ms,55424,102.166,0.199309
55567ms,55567,102.918,0.202276
55599ms,55599,103.346,0.201315
55632ms,55632,103.421,0.203937
55664ms,55664,103.585,0.204512
55696ms,55696,103.804,0.210074
55728ms,55728,103.994,0.203700
55760ms,55760,103.988,0.206516
55792ms,55792,104.022,0.205653
55871ms,55871,103.850,0.203614
55904ms,55904,103.968,0.206847
55935ms,55935,103.887,0.206655
55968ms,55968,103.988,0.207563
56000ms,56000,103.959,0.204480
56032ms,56032,103.963,0.204236
56063ms,56063,103.983,0.202454
56096ms,56096,103.959,0.205173
56127ms,56127,103.678,0.205337
56160ms,56160,103.334,0.202574
56239ms,56239,102.613,0.202289
56272ms,56272,102.202,0.199560
56335ms,56335,101.880,0.199587
56607ms,56607,101.408,0.203151
56639ms,56639,101.421,0.200065
56671ms,56671,101.333,0.197682
56736ms,56736,101.453,0.198295
56768ms,56768,101.341,0.198267
56800ms,56800,101.757,0.197787
56832ms,56832,101.910,0.198317
56864ms,56864,101.807,0.198255
56896ms,56896,102.042,0.199491
56928ms,56928,102.096,0.199483
56960ms,56960,102.422,0.200032
57007ms,57007,102.678,0.200592
57039ms,57039,102.869,0.206206
57104ms,57104,103.181,0.202765
57135ms,57135,103.684,0.204032
57168ms,57168,103.814,0.206135
57200ms,57200,103.854,0.206926
57231ms,57231,104.120,0.207439
57264ms,57264,103.960,0.204261
57296ms,57296,103.911,0.202046
57328ms,57328,103.950,0.202621
57375ms,57375,103.941,0.203041
57407ms,57407,103.928,0.202686
57439ms,57439,104.002,0.204055
57471ms,57471,103.999,0.204741
57504ms,57504,103.984,0.202917
57536ms,57536,104.036,0.206627
57568ms,57568,103.977,0.203305
57600ms,57600,103.917,0.207048
57632ms,57632,103.527,0.205393
57664ms,57664,103.175,0.201606
57696ms,57696,102.752,0.201226
57743ms,57743,102.425,0.200425
57775ms,57775,102.184,0.199422
57807ms,57807,101.943,0.200311
57903ms,57903,101.454,0.198239
58207ms,58207,101.486,0.200135
58239ms,58239,101.340,0.198380
58272ms,58272,101.628,0.197572
58303ms,58303,101.559,0.197411
58368ms,58368,101.906,0.198968
58400ms,58400,102.037,0.199396
58464ms,58464,102.594,0.201236
58511ms,58511,102.795,0.204872
58543ms,58543,102.985,0.201592
58575ms,58575,103.107,0.201561
58607ms,58607,103.490,0.203058
58639ms,58639,103.726,0.204689
58671ms,58671,103.830,0.206429
58704ms,58704,103.906,0.204508
58736ms,58736,103.822,0.206013
58768ms,58768,103.896,0.203979
58800ms,58800,103.946,0.203630
58832ms,58832,103.836,0.204480
58879ms,58879,103.923,0.204811
58911ms,58911,103.925,0.203803
58943ms,58943,103.875,0.202291
58975ms,58975,103.891,0.202349
59007ms,59007,103.919,0.205328
59039ms,59039,103.959,0.203145
59071ms,59071,104.085,0.208331
59103ms,59103,103.736,0.204998
59136ms,59136,103.415,0.202699
59232ms,59232,102.351,0.199395
59279ms,59279,102.096,0.200197
59647ms,59647,101.438,0.198833
59711ms,59711,101.268,0.197797
59743ms,59743,101.402,0.197121
59808ms,59808,101.698,0.200226
59839ms,59839,102.133,0.199522
59904ms,59904,102.214,0.199900
59967ms,59967,102.875,0.198968
60047ms,60047,103.020,0.201921
60079ms,60079,103.320,0.202439
60111ms,60111,103.506,0.204441
60143ms,60143,103.714,0.205321
60175ms,60175,103.785,0.204702
60207ms,60207,103.855,0.203667
60239ms,60239,103.900,0.207607
60272ms,60272,103.886,0.202411
60304ms,60304,103.853,0.202013
60336ms,60336,103.823,0.203564
60368ms,60368,103.728,0.203473
60415ms,60415,103.845,0.203959
60447ms,60447,103.963,0.203766
60479ms,60479,103.956,0.203421
60511ms,60511,103.902,0.204193
60543ms,60543,104.051,0.203815
60576ms,60576,104.057,0.204134
60608ms,60608,103.549,0.205199
60640ms,60640,103.284,0.204682
60672ms,60672,102.819,0.201809
60704ms,60704,102.498,0.202193
60847ms,60847,101.678,0.200215
61072ms,61072,101.401,0.201240
61104ms,61104,101.375,0.199750
61151ms,61151,101.323,0.197795
61183ms,61183,101.380,0.198610
61344ms,61344,102.206,0.197910
61376ms,61376,102.110,0.198493
61440ms,61440,102.563,0.200345
61471ms,61471,102.706,0.202916
61504ms,61504,102.912,0.201831
61551ms,61551,102.931,0.200618
61583ms,61583,103.426,0.202531
61615ms,61615,103.361,0.204869
61647ms,61647,103.652,0.204240
61679ms,61679,103.796,0.205327
61712ms,61712,103.935,0.207153
61743ms,61743,103.944,0.202678
61776ms,61776,103.968,0.204669
61807ms,61807,103.918,0.204614
61840ms,61840,103.873,0.206716
61872ms,61872,103.943,0.205975
61919ms,61919,103.938,0.207247
61951ms,61951,103.957,0.207987
61983ms,61983,103.828,0.204210
62016ms,62016,103.932,0.203166
62048ms,62048,103.993,0.203598
62079ms,62079,103.775,0.205296
62111ms,62111,103.287,0.205378
62175ms,62175,102.846,0.202900
62207ms,62207,102.316,0.200270
62240ms,62240,102.363,0.198409
62287ms,62287,101.808,0.199911
62576ms,62576,101.506,0.199472
62608ms,62608,101.260,0.199333
62751ms,62751,101.649,0.196445
62848ms,62848,102.048,0.198858
62879ms,62879,102.102,0.199085
62944ms,62944,102.488,0.202295
62976ms,62976,102.858,0.202579
63008ms,63008,103.145,0.201896
63055ms,63055,103.250,0.203162
63087ms,63087,103.561,0.206390
63119ms,63119,103.556,0.203659
63151ms,63151,103.725,0.204679
63183ms,63183,103.998,0.206848
63215ms,63215,103.932,0.204707
63248ms,63248,103.892,0.205180
63280ms,63280,103.888,0.202803
63312ms,63312,103.818,0.203772
63344ms,63344,103.841,0.202946
63375ms,63375,103.875,0.204143
63423ms,63423,103.857,0.202506
63455ms,63455,103.927,0.202431
63487ms,63487,103.955,0.206868
63519ms,63519,103.871,0.207478
63552ms,63552,103.918,0.204588
63584ms,63584,103.489,0.204909
63616ms,63616,103.282,0.202117
63648ms,63648,102.849,0.201726
63680ms,63680,102.496,0.204054
63712ms,63712,102.383,0.198828
63744ms,63744,102.350,0.200201
63823ms,63823,101.725,0.200459
64079ms,64079,101.342,0.198418
64223ms,64223,101.572,0.199193
64287ms,64287,101.906,0.197612
64319ms,64319,101.924,0.198464
64352ms,64352,101.928,0.199398
64384ms,64384,102.125,0.200608
64480ms,64480,102.856,0.203280
64512ms,64512,103.063,0.201296
64544ms,64544,103.335,0.202273
64591ms,64591,103.683,0.204205
64623ms,64623,103.721,0.208193
64655ms,64655,103.977,0.204629
64687ms,64687,103.906,0.204902
64719ms,64719,103.830,0.208310
64752ms,64752,103.889,0.206441
64784ms,64784,103.856,0.202357
64816ms,64816,103.854,0.202933
64848ms,64848,103.747,0.202702
64880ms,64880,103.882,0.203167
64912ms,64912,103.880,0.203211
64959ms,64959,103.900,0.205132
64991ms,64991,103.879,0.203614
65023ms,65023,104.109,0.208004
65056ms,65056,103.764,0.209223
65087ms,65087,103.460,0.207660
65120ms,65120,103.099,0.208220
65184ms,65184,102.290,0.199293
65216ms,65216,102.226,0.199093
65280ms,65280,101.690,0.202354
65551ms,65551,101.512,0.200811
65648ms,65648,101.600,0.197660
65680ms,65680,101.537,0.196735
65727ms,65727,101.699,0.198148
65759ms,65759,101.619,0.198480
65791ms,65791,101.806,0.198380
65824ms,65824,102.065,0.198729
65856ms,65856,102.207,0.199530
65887ms,65887,102.330,0.199498
65920ms,65920,102.587,0.201332
65984ms,65984,102.917,0.203631
66047ms,66047,103.399,0.204141
66095ms,66095,103.775,0.204918
66127ms,66127,103.935,0.205398
66159ms,66159,104.088,0.203356
66191ms,66191,103.911,0.202947
66224ms,66224,103.958,0.203972
66255ms,66255,103.855,0.204656
66287ms,66287,103.949,0.204935
66319ms,66319,104.022,0.204131
66351ms,66351,103.898,0.202580
66384ms,66384,103.851,0.202718
66416ms,66416,103.891,0.203431
66463ms,66463,103.989,0.203173
66495ms,66495,104.023,0.203119
66527ms,66527,103.791,0.204840
66559ms,66559,103.535,0.204391
66591ms,66591,103.245,0.202548
66623ms,66623,102.948,0.202968
66656ms,66656,102.515,0.204552
66688ms,66688,102.262,0.200347
67023ms,67023,101.386,0.202076
67056ms,67056,101.317,0.200048
67183ms,67183,101.614,0.196833
67231ms,67231,101.708,0.196636
67263ms,67263,101.937,0.199431
67295ms,67295,102.081,0.197634
67327ms,67327,102.053,0.199294
67359ms,67359,102.341,0.199189
67392ms,67392,102.410,0.199358
67519ms,67519,103.472,0.202969
67552ms,67552,103.691,0.204466
67599ms,67599,103.534,0.204643
67631ms,67631,103.863,0.205631
67663ms,67663,103.881,0.203672
67695ms,67695,103.836,0.203491
67727ms,67727,103.929,0.202652
67759ms,67759,103.864,0.204672
67792ms,67792,103.868,0.202474
67823ms,67823,103.859,0.203762
67856ms,67856,103.914,0.202699
67887ms,67887,103.835,0.202948
67920ms,67920,103.869,0.202970
67967ms,67967,103.939,0.203952
67999ms,67999,103.975,0.207826
68031ms,68031,103.947,0.204516
68063ms,68063,103.454,0.205307
68095ms,68095,103.241,0.206535
68127ms,68127,102.859,0.201238
68159ms,68159,102.296,0.200690
68192ms,68192,102.223,0.200238
68287ms,68287,101.640,0.198658
68656ms,68656,101.251,0.198142
68688ms,68688,101.761,0.197034
68735ms,68735,101.554,0.197384
68767ms,68767,101.937,0.198720
68863ms,68863,102.397,0.200092
68895ms,68895,102.642,0.201040
68927ms,68927,102.807,0.205210
68960ms,68960,102.796,0.201795
68992ms,68992,103.107,0.203584
69024ms,69024,103.476,0.203794
69056ms,69056,103.638,0.204237
69103ms,69103,103.787,0.205872
69135ms,69135,103.922,0.203475
69167ms,69167,103.916,0.202844
69199ms,69199,103.817,0.203890
69231ms,69231,103.892,0.201844
69264ms,69264,103.972,0.204334
69296ms,69296,103.932,0.204916
69327ms,69327,103.943,0.203582
69359ms,69359,103.935,0.205778
69392ms,69392,103.997,0.204431
69424ms,69424,103.952,0.204588
69456ms,69456,103.932,0.203524
69503ms,69503,104.081,0.204122
69535ms,69535,103.779,0.203941
69567ms,69567,103.194,0.204175
69599ms,69599,102.760,0.201584
69632ms,69632,102.565,0.200934
69696ms,69696,102.194,0.197975
69727ms,69727,101.856,0.197160
70000ms,70000,101.501,0.203661
70191ms,70191,101.886,0.196693
70224ms,70224,101.666,0.198506
70303ms,70303,101.907,0.199447
70335ms,70335,102.159,0.199044
70399ms,70399,102.481,0.200718
70431ms,70431,102.986,0.203614
70464ms,70464,103.094,0.201137
70496ms,70496,103.316,0.202092
70528ms,70528,103.487,0.203986
70560ms,70560,103.795,0.204935
70592ms,70592,103.969,0.204765
70703ms,70703,103.938,0.208154
70735ms,70735,103.946,0.205431
70799ms,70799,103.919,0.205852
70831ms,70831,103.861,0.202827
70863ms,70863,103.946,0.205828
70896ms,70896,103.963,0.204170
70928ms,70928,103.900,0.203120
70959ms,70959,103.725,0.203601
71007ms,71007,103.803,0.205609
71039ms,71039,103.500,0.205309
71071ms,71071,103.153,0.207205
71103ms,71103,102.761,0.201207
71135ms,71135,102.456,0.201813
71232ms,71232,101.768,0.199514
71328ms,71328,101.450,0.197855
71503ms,71503,101.342,0.201451
71567ms,71567,101.329,0.198904
71632ms,71632,101.617,0.197591
71664ms,71664,101.633,0.198216
71696ms,71696,101.513,0.198507
71775ms,71775,102.065,0.197733
71839ms,71839,102.286,0.200573
71872ms,71872,102.533,0.199958
71903ms,71903,102.864,0.202317
71936ms,71936,102.844,0.201468
71967ms,71967,103.166,0.202004
72031ms,72031,103.647,0.203838
72064ms,72064,103.872,0.204791
72096ms,72096,103.976,0.205164
72143ms,72143,103.861,0.203261
72175ms,72175,103.878,0.203018
72207ms,72207,103.863,0.202967
72239ms,72239,103.924,0.203855
72271ms,72271,103.935,0.203060
72304ms,72304,103.802,0.202977
72335ms,72335,103.750,0.202653
72368ms,72368,103.856,0.203752
72400ms,72400,103.926,0.206109
72432ms,72432,104.069,0.205470
72464ms,72464,103.891,0.206485
72496ms,72496,103.645,0.204160
72543ms,72543,103.194,0.203593
72575ms,72575,103.012,0.202532
72639ms,72639,102.323,0.199761
72671ms,72671,102.169,0.198638
73007ms,73007,101.458,0.197836
73039ms,73039,101.269,0.197738
73103ms,73103,101.233,0.198153
73167ms,73167,101.756,0.196977
73200ms,73200,101.871,0.201745
73232ms,73232,101.692,0.197969
73311ms,73311,102.198,0.199753
73375ms,73375,102.555,0.202490
73407ms,73407,102.986,0.203546
73440ms,73440,102.937,0.201392
73472ms,73472,103.342,0.202150
73504ms,73504,103.510,0.204823
73536ms,73536,103.769,0.205216
73568ms,73568,103.921,0.205382
73600ms,73600,103.999,0.203487
73632ms,73632,103.888,0.202664
73679ms,73679,103.998,0.209759
73711ms,73711,103.902,0.204307
73744ms,73744,103.948,0.204783
73775ms,73775,103.927,0.204333
73807ms,73807,103.878,0.202751
73840ms,73840,103.873,0.207653
73871ms,73871,103.943,0.203673
73903ms,73903,103.919,0.207666
73936ms,73936,103.990,0.203871
73968ms,73968,103.658,0.205257
74000ms,74000,103.634,0.203097
74111ms,74111,102.388,0.198791
74143ms,74143,102.041,0.198234
74543ms,74543,101.334,0.204111
74575ms,74575,101.411,0.197293
74607ms,74607,101.325,0.199350
74639ms,74639,101.603,0.197377
74672ms,74672,101.610,0.198024
74736ms,74736,102.102,0.202455
74768ms,74768,102.195,0.199937
74815ms,74815,102.297,0.200097
74847ms,74847,102.629,0.202300
74879ms,74879,102.927,0.202228
74911ms,74911,102.951,0.201935
74943ms,74943,103.254,0.202082
74976ms,74976,103.490,0.202836
75007ms,75007,103.665,0.204911
75040ms,75040,103.792,0.205053
75071ms,75071,103.941,0.203355
75135ms,75135,103.908,0.203648
75183ms,75183,103.887,0.203084
75215ms,75215,103.959,0.203745
75247ms,75247,103.926,0.202930
75279ms,75279,103.892,0.203149
75311ms,75311,103.965,0.202796
75344ms,75344,103.915,0.206678
75375ms,75375,103.946,0.207127
75408ms,75408,103.909,0.202929
75440ms,75440,103.940,0.205140
75472ms,75472,103.525,0.203449
75504ms,75504,103.293,0.202575
75551ms,75551,102.776,0.200514
75583ms,75583,102.600,0.204833
75615ms,75615,102.358,0.198718
75951ms,75951,101.428,0.198963
75983ms,75983,101.348,0.201307
76079ms,76079,101.717,0.198105
76143ms,76143,101.562,0.197870
76176ms,76176,102.051,0.199161
76208ms,76208,102.007,0.198447
76240ms,76240,102.088,0.199625
76319ms,76319,102.488,0.199850
76351ms,76351,102.845,0.201287
76383ms,76383,102.946,0.200832
76415ms,76415,103.028,0.202837
76447ms,76447,103.369,0.204526
76479ms,76479,103.699,0.205200
76511ms,76511,103.732,0.204029
76544ms,76544,103.981,0.206867
76576ms,76576,103.880,0.204629
76608ms,76608,103.912,0.204411
76640ms,76640,103.883,0.205745
76672ms,76672,103.939,0.205251
76719ms,76719,103.896,0.205647
76751ms,76751,103.879,0.204631
76847ms,76847,103.981,0.203824
76879ms,76879,103.927,0.204364
76912ms,76912,103.912,0.203990
76944ms,76944,103.637,0.204439
76976ms,76976,103.185,0.202763
77040ms,77040,102.538,0.200809
77183ms,77183,101.684,0.198171
77216ms,77216,101.540,0.198289
77408ms,77408,101.527,0.201434
77408ms,77408,101.527,0.201434
77551ms,77551,101.497,0.201536
77551ms,77551,101.497,0.201536
77583ms,77583,101.517,0.197378
77583ms,77583,101.517,0.197378
77615ms,77615,101.801,0.196994
77647ms,77647,101.954,0.200313
77680ms,77680,101.971,0.198566
77712ms,77712,101.961,0.200108
77744ms,77744,102.127,0.200095
77823ms,77823,102.743,0.199940
77855ms,77855,103.045,0.201991
77887ms,77887,103.026,0.200481
77919ms,77919,103.166,0.202258
77951ms,77951,103.513,0.204000
77983ms,77983,103.788,0.206827
78015ms,78015,103.858,0.204573
78047ms,78047,104.047,0.204601
78079ms,78079,103.968,0.202227
78112ms,78112,103.960,0.202803
78144ms,78144,103.783,0.203365
78176ms,78176,103.877,0.203205
78223ms,78223,103.927,0.203213
78255ms,78255,103.882,0.206760
78287ms,78287,103.892,0.202676
78319ms,78319,103.824,0.206209
78351ms,78351,104.020,0.207433
78383ms,78383,103.965,0.205667
78416ms,78416,103.696,0.206669
78448ms,78448,103.357,0.205468
78544ms,78544,102.193,0.201017
78591ms,78591,102.204,0.198860
78912ms,78912,101.468,0.201482
78991ms,78991,101.278,0.197134
79087ms,79087,101.800,0.197623
79119ms,79119,101.682,0.197671
79215ms,79215,102.116,0.200310
79279ms,79279,102.547,0.202659
79359ms,79359,102.880,0.201259
79423ms,79423,103.278,0.204972
79455ms,79455,103.563,0.203994
79487ms,79487,103.745,0.205216
79520ms,79520,104.117,0.209382
79551ms,79551,103.883,0.203990
79584ms,79584,103.840,0.203391
79616ms,79616,103.918,0.203631
79647ms,79647,103.875,0.203285
79679ms,79679,103.939,0.203947
79727ms,79727,103.984,0.205787
79759ms,79759,103.816,0.204353
79791ms,79791,103.920,0.204160
79823ms,79823,103.834,0.202375
79856ms,79856,103.860,0.202498
79888ms,79888,103.895,0.205135
79920ms,79920,103.673,0.205098
79951ms,79951,103.430,0.203049
80016ms,80016,102.524,0.205945
80127ms,80127,101.818,0.199177
80159ms,80159,101.791,0.199233
80384ms,80384,101.383,0.204313
80495ms,80495,101.339,0.200469
80559ms,80559,101.478,0.197355
80623ms,80623,101.626,0.198119
80688ms,80688,101.896,0.198951
80720ms,80720,102.214,0.199312
80752ms,80752,102.398,0.199939
80816ms,80816,102.811,0.200320
80863ms,80863,103.153,0.200839
80927ms,80927,103.587,0.205193
80959ms,80959,103.610,0.206454
80991ms,80991,103.692,0.205110
81023ms,81023,103.868,0.203473
81056ms,81056,103.940,0.204079
81087ms,81087,103.911,0.203840
81152ms,81152,103.902,0.202528
81184ms,81184,104.028,0.203573
81216ms,81216,103.755,0.204955
81263ms,81263,103.896,0.203439
81295ms,81295,104.040,0.204618
81327ms,81327,104.036,0.204417
81359ms,81359,103.976,0.204185
81392ms,81392,103.931,0.205646
81455ms,81455,103.111,0.207738
81488ms,81488,102.632,0.201090
81520ms,81520,102.266,0.200567
81552ms,81552,102.211,0.199706
81663ms,81663,101.634,0.204233
81727ms,81727,101.448,0.198529
81887ms,81887,101.394,0.200885
81920ms,81920,101.343,0.198505
81952ms,81952,101.289,0.196719
81999ms,81999,101.469,0.196947
82031ms,82031,101.272,0.199856
82063ms,82063,101.666,0.196931
82095ms,82095,101.493,0.197189
82127ms,82127,101.859,0.198629
82159ms,82159,102.084,0.198028
82191ms,82191,102.196,0.200156
82223ms,82223,102.305,0.200372
82287ms,82287,102.934,0.203180
82319ms,82319,102.895,0.201870
82352ms,82352,103.232,0.202460
82399ms,82399,103.547,0.202650
82431ms,82431,103.736,0.205207
82463ms,82463,103.811,0.205512
82495ms,82495,103.977,0.209945
82527ms,82527,103.949,0.204837
82559ms,82559,103.962,0.203826
82591ms,82591,103.904,0.202718
82624ms,82624,103.946,0.206030
82656ms,82656,103.942,0.202269
82687ms,82687,103.905,0.202719
82720ms,82720,103.931,0.202389
82767ms,82767,103.848,0.204883
82799ms,82799,103.917,0.207583
82831ms,82831,103.797,0.203145
82863ms,82863,103.753,0.204198
82927ms,82927,103.164,0.202622
82960ms,82960,102.788,0.201279
82991ms,82991,102.464,0.202995
83024ms,83024,102.200,0.198519
83120ms,83120,101.680,0.201674
83423ms,83423,101.302,0.197491
83535ms,83535,101.610,0.197301
83567ms,83567,101.654,0.197521
83631ms,83631,101.833,0.198188
83663ms,83663,101.953,0.200167
83696ms,83696,102.240,0.200000
83727ms,83727,102.553,0.200782
83792ms,83792,102.914,0.203970
83824ms,83824,102.952,0.202169
83856ms,83856,103.456,0.203954
83903ms,83903,103.554,0.204947
83935ms,83935,103.682,0.205509
83967ms,83967,103.945,0.205174
83999ms,83999,103.864,0.205765
84031ms,84031,103.821,0.205259
84063ms,84063,103.844,0.203903
84095ms,84095,103.906,0.204594
84128ms,84128,103.834,0.206289
84160ms,84160,103.878,0.208577
84192ms,84192,103.947,0.201913
84271ms,84271,103.803,0.202409
84303ms,84303,103.981,0.203976
84335ms,84335,103.862,0.206096
84367ms,84367,103.552,0.203052
84399ms,84399,103.195,0.203627
84464ms,84464,102.492,0.200928
84496ms,84496,102.176,0.199672
84528ms,84528,102.123,0.197482
84560ms,84560,101.705,0.200533
84959ms,84959,101.499,0.197383
84992ms,84992,101.449,0.197121
85071ms,85071,101.901,0.198870
85103ms,85103,101.986,0.197971
85167ms,85167,102.121,0.199336
85232ms,85232,102.501,0.202637
85296ms,85296,103.116,0.200251
85328ms,85328,103.348,0.202970
85360ms,85360,103.604,0.204322
85392ms,85392,103.837,0.204786
85439ms,85439,104.040,0.205309
85471ms,85471,103.872,0.202340
85503ms,85503,103.942,0.206567
85567ms,85567,103.915,0.202635
85599ms,85599,103.989,0.203906
85631ms,85631,104.060,0.206023
85664ms,85664,103.961,0.205639
85696ms,85696,103.850,0.203560
85728ms,85728,103.793,0.206242
85760ms,85760,103.965,0.203546
85807ms,85807,104.025,0.207339
85839ms,85839,103.759,0.208157
85871ms,85871,103.504,0.203213
85903ms,85903,102.886,0.201090
85968ms,85968,102.434,0.199393
86000ms,86000,102.145,0.198896
86335ms,86335,101.368,0.199062
86543ms,86543,101.656,0.199910
86639ms,86639,102.267,0.200037
86704ms,86704,102.504,0.200342
86735ms,86735,103.052,0.202504
86767ms,86767,102.897,0.201225
86800ms,86800,103.189,0.202847
86832ms,86832,103.557,0.204857
86864ms,86864,103.717,0.203266
86896ms,86896,103.992,0.204465
86943ms,86943,104.025,0.203771
86975ms,86975,103.830,0.205622
87007ms,87007,103.965,0.203521
87039ms,87039,103.961,0.203081
87071ms,87071,103.917,0.203860
87103ms,87103,103.908,0.204165
87135ms,87135,103.975,0.201931
87167ms,87167,103.975,0.202843
87199ms,87199,103.938,0.203182
87232ms,87232,103.827,0.205492
87264ms,87264,103.913,0.203230
87311ms,87311,103.846,0.205435
87343ms,87343,103.499,0.204951
87407ms,87407,102.667,0.201424
87439ms,87439,102.560,0.201146
87807ms,87807,101.416,0.204746
87968ms,87968,101.682,0.198554
88079ms,88079,101.933,0.198668
88272ms,88272,103.060,0.201760
88304ms,88304,103.473,0.204478
88336ms,88336,103.704,0.204313
88368ms,88368,103.733,0.205409
88400ms,88400,104.010,0.209454
88479ms,88479,103.883,0.203504
88511ms,88511,103.953,0.203350
88543ms,88543,103.915,0.203204
88575ms,88575,104.085,0.210186
88607ms,88607,103.858,0.202691
88640ms,88640,103.829,0.209670
88672ms,88672,103.843,0.202829
88704ms,88704,103.914,0.202783
88736ms,88736,103.980,0.204191
88768ms,88768,103.961,0.205042
88815ms,88815,103.702,0.203613
88847ms,88847,103.286,0.204444
88943ms,88943,102.379,0.199338
88976ms,88976,102.196,0.198007
89040ms,89040,101.663,0.198866
89311ms,89311,101.376,0.201268
89408ms,89408,101.603,0.197794
89440ms,89440,101.525,0.199348
89504ms,89504,101.843,0.198505
89536ms,89536,101.953,0.198577
89679ms,89679,102.603,0.201837
89712ms,89712,102.823,0.206409
89744ms,89744,102.892,0.201407
89776ms,89776,103.281,0.202084
89808ms,89808,103.418,0.203055
89840ms,89840,103.669,0.205548
89872ms,89872,103.781,0.205042
89904ms,89904,103.959,0.203582
89936ms,89936,103.970,0.207637
89983ms,89983,103.826,0.205702
90015ms,90015,103.849,0.203951
90047ms,90047,103.881,0.204343
90079ms,90079,103.893,0.202544
90175ms,90175,103.794,0.202928
90208ms,90208,103.982,0.204207
90240ms,90240,103.983,0.203353
90272ms,90272,103.969,0.203795
90304ms,90304,103.575,0.204043
90351ms,90351,103.238,0.214430
90383ms,90383,102.674,0.200446
90415ms,90415,102.341,0.199607
90447ms,90447,102.122,0.197923
90479ms,90479,101.956,0.200924
90879ms,90879,101.466,0.198292
90976ms,90976,101.572,0.198345
91040ms,91040,102.161,0.199836
91151ms,91151,102.544,0.200562
91183ms,91183,102.963,0.201810
91247ms,91247,103.258,0.201552
91280ms,91280,103.551,0.203057
91343ms,91343,103.692,0.204610
91376ms,91376,104.018,0.203663
91408ms,91408,103.901,0.202611
91440ms,91440,103.982,0.203092
91487ms,91487,103.903,0.202770
91519ms,91519,103.791,0.209890
91551ms,91551,103.854,0.204970
91583ms,91583,103.917,0.202972
91616ms,91616,103.966,0.203840
91648ms,91648,103.864,0.202378
91680ms,91680,103.904,0.202942
91712ms,91712,104.088,0.207635
91744ms,91744,103.779,0.205003
91776ms,91776,103.464,0.206648
91808ms,91808,103.297,0.204904
91840ms,91840,102.879,0.201284
91887ms,91887,102.432,0.202961
91984ms,91984,101.746,0.198387
92016ms,92016,101.699,0.198289
92384ms,92384,101.417,0.200274
92415ms,92415,101.771,0.197643
92448ms,92448,101.572,0.197742
92512ms,92512,101.899,0.198184
92544ms,92544,102.123,0.199454
92655ms,92655,102.692,0.201833
92688ms,92688,102.790,0.199906
92719ms,92719,103.148,0.201673
92752ms,92752,103.327,0.203667
92784ms,92784,103.451,0.203132
92816ms,92816,103.692,0.205911
92848ms,92848,104.144,0.204989
92880ms,92880,103.927,0.204283
92912ms,92912,103.817,0.202391
92944ms,92944,103.938,0.202447
92976ms,92976,103.823,0.204703
93056ms,93056,103.780,0.203026
93087ms,93087,103.918,0.202874
93119ms,93119,103.920,0.202620
93151ms,93151,103.933,0.203202
93184ms,93184,104.021,0.204199
93215ms,93215,104.040,0.207702
93248ms,93248,103.917,0.203906
93279ms,93279,103.445,0.205704
93312ms,93312,102.855,0.203630
93391ms,93391,102.350,0.199918
93423ms,93423,102.292,0.198634
93455ms,93455,101.968,0.199678
93551ms,93551,101.439,0.199099
93791ms,93791,101.483,0.197883
93823ms,93823,101.523,0.199155
93855ms,93855,101.356,0.198506
93887ms,93887,101.336,0.198309
93920ms,93920,101.631,0.197954
93951ms,93951,101.602,0.197501
93984ms,93984,102.148,0.199381
94016ms,94016,101.941,0.199604
94048ms,94048,102.198,0.198821
94159ms,94159,102.930,0.202315
94191ms,94191,103.143,0.201242
94223ms,94223,103.277,0.202498
94255ms,94255,103.540,0.205534
94287ms,94287,103.710,0.205800
94320ms,94320,103.826,0.204782
94351ms,94351,103.815,0.205284
94384ms,94384,103.908,0.206145
94416ms,94416,103.889,0.204488
94447ms,94447,103.927,0.203417
94480ms,94480,103.917,0.204299
94527ms,94527,103.817,0.203697
94559ms,94559,103.857,0.203508
94591ms,94591,103.925,0.202935
94623ms,94623,103.887,0.203321
94656ms,94656,104.031,0.206280
94688ms,94688,104.065,0.204797
94720ms,94720,103.756,0.204949
94752ms,94752,103.615,0.204884
94784ms,94784,103.128,0.201304
94848ms,94848,102.457,0.202943
94927ms,94927,101.636,0.198237
94959ms,94959,101.721,0.199078
95216ms,95216,101.529,0.200705
95359ms,95359,101.367,0.199882
95391ms,95391,101.762,0.198698
95424ms,95424,101.667,0.197991
95487ms,95487,101.989,0.199026
95520ms,95520,102.087,0.199569
95583ms,95583,102.490,0.201976
95616ms,95616,102.872,0.202488
95663ms,95663,102.902,0.201272
95695ms,95695,103.296,0.202185
95727ms,95727,103.272,0.204876
95759ms,95759,103.595,0.205117
95792ms,95792,103.723,0.207711
95824ms,95824,103.983,0.207744
95887ms,95887,103.864,0.204150
95920ms,95920,103.922,0.202833
95983ms,95983,103.868,0.203171
96031ms,96031,103.951,0.202613
96063ms,96063,103.810,0.202725
96095ms,96095,103.832,0.202770
96127ms,96127,103.965,0.205614
96160ms,96160,103.994,0.204386
96192ms,96192,103.887,0.206401
96224ms,96224,103.634,0.205698
96256ms,96256,103.462,0.202423
96288ms,96288,102.850,0.201116
96320ms,96320,102.491,0.202225
96352ms,96352,102.353,0.199513
96399ms,96399,102.083,0.198812
96687ms,96687,101.469,0.200169
96799ms,96799,101.215,0.198372
96799ms,96799,101.215,0.198372
96831ms,96831,101.578,0.197244
96831ms,96831,101.578,0.197244
96863ms,96863,101.760,0.197065
96927ms,96927,101.800,0.200196
96960ms,96960,102.167,0.201057
96992ms,96992,102.104,0.199714
97024ms,97024,102.313,0.201155
97056ms,97056,102.504,0.201078
97087ms,97087,102.774,0.199744
97120ms,97120,102.921,0.202340
97167ms,97167,103.131,0.202816
97199ms,97199,103.488,0.202534
97231ms,97231,103.586,0.204625
97263ms,97263,103.688,0.205531
97295ms,97295,104.022,0.203762
97327ms,97327,103.892,0.203106
97360ms,97360,103.847,0.206917
97392ms,97392,103.847,0.203673
97424ms,97424,103.762,0.202035
97456ms,97456,103.830,0.202443
97488ms,97488,103.861,0.203626
97520ms,97520,103.912,0.203451
97567ms,97567,103.901,0.203424
97599ms,97599,103.917,0.203547
97631ms,97631,103.928,0.205562
97663ms,97663,103.948,0.207013
97696ms,97696,103.677,0.204893
97727ms,97727,103.211,0.203910
97823ms,97823,102.243,0.198966
97888ms,97888,101.851,0.201208
98191ms,98191,101.369,0.198142
98335ms,98335,101.730,0.198863
98367ms,98367,101.864,0.198013
98431ms,98431,102.034,0.198089
98463ms,98463,101.883,0.199902
98496ms,98496,101.986,0.199970
98624ms,98624,103.101,0.201346
98656ms,98656,103.266,0.201961
98703ms,98703,103.599,0.205406
98735ms,98735,103.869,0.204733
98767ms,98767,103.771,0.205265
98799ms,98799,103.866,0.203206
98832ms,98832,103.868,0.205386
98864ms,98864,103.754,0.205074
98896ms,98896,103.911,0.204371
98928ms,98928,103.939,0.204272
98992ms,98992,103.821,0.205998
99024ms,99024,103.998,0.203156
99071ms,99071,104.007,0.203348
99103ms,99103,103.854,0.204405
99135ms,99135,104.107,0.209138
99167ms,99167,103.884,0.204987
99199ms,99199,103.500,0.204087
99231ms,99231,103.218,0.209107
99263ms,99263,102.806,0.202796
99295ms,99295,102.192,0.199988
99327ms,99327,102.081,0.197737
99360ms,99360,101.882,0.202549
99392ms,99392,101.735,0.198635
99439ms,99439,101.745,0.199403
99728ms,99728,101.362,0.197636
99760ms,99760,101.341,0.198185
99792ms,99792,101.305,0.201402
99839ms,99839,101.726,0.197060
99903ms,99903,101.988,0.201565
99935ms,99935,102.016,0.198362
99967ms,99967,102.194,0.199229
100000ms,100000,102.244,0.199527
100031ms,100031,102.496,0.201478
100063ms,100063,102.867,0.202938
100096ms,100096,102.992,0.200676
100128ms,100128,103.065,0.201849
100160ms,100160,103.617,0.204231
100207ms,100207,103.613,0.205024
100239ms,100239,103.768,0.205733
100271ms,100271,104.039,0.211390
100303ms,100303,103.822,0.207380
100335ms,100335,103.943,0.204285
100367ms,100367,103.959,0.203895
100400ms,100400,103.999,0.203596
100432ms,100432,103.796,0.208078
100464ms,100464,103.918,0.203596
100496ms,100496,103.927,0.203219
100528ms,100528,103.878,0.203792
100560ms,100560,103.886,0.202683
100607ms,100607,103.886,0.203436
100639ms,100639,103.867,0.205626
100671ms,100671,103.633,0.204274
100703ms,100703,103.221,0.202878
100736ms,100736,102.948,0.202203
100767ms,100767,102.556,0.203391
100800ms,100800,102.254,0.200223
100832ms,100832,101.928,0.198652
100896ms,100896,101.620,0.201173
101264ms,101264,101.477,0.198181
101296ms,101296,101.649,0.197299
101536ms,101536,102.775,0.201135
101568ms,101568,102.900,0.204958
101600ms,101600,102.949,0.203290
101632ms,101632,103.494,0.202994
101664ms,101664,103.733,0.203913
101696ms,101696,103.678,0.205676
101743ms,101743,103.951,0.204831
101775ms,101775,103.919,0.204362
101807ms,101807,103.829,0.202855
101839ms,101839,103.953,0.203371
101871ms,101871,103.969,0.204828
101904ms,101904,103.829,0.202634
101936ms,101936,103.903,0.203643
101968ms,101968,103.889,0.204761
102000ms,102000,103.808,0.205246
102032ms,102032,103.839,0.204275
102064ms,102064,104.024,0.203363
102111ms,102111,103.835,0.205539
102175ms,102175,103.298,0.205513
102207ms,102207,102.866,0.201251
102304ms,102304,102.215,0.198292
102336ms,102336,101.833,0.200876
102511ms,102511,101.211,0.197331
102736ms,102736,101.382,0.198157
102768ms,102768,101.563,0.196841
102800ms,102800,101.717,0.197031
102847ms,102847,101.903,0.199607
102879ms,102879,101.972,0.198669
102911ms,102911,102.088,0.199134
103007ms,103007,102.445,0.200853
103040ms,103040,102.873,0.205035
103103ms,103103,103.253,0.202544
103135ms,103135,103.682,0.204572
103168ms,103168,103.642,0.205898
103199ms,103199,103.951,0.204161
103247ms,103247,103.975,0.202913
103279ms,103279,103.985,0.202882
103311ms,103311,103.964,0.203677
103344ms,103344,103.888,0.203168
103376ms,103376,103.896,0.203135
103407ms,103407,103.856,0.202889
103439ms,103439,104.043,0.209690
103472ms,103472,103.974,0.205326
103504ms,103504,103.952,0.206506
103536ms,103536,103.941,0.206209
103567ms,103567,104.081,0.208427
103615ms,103615,103.723,0.205253
103647ms,103647,103.479,0.207104
103711ms,103711,102.702,0.203559
103743ms,103743,102.341,0.200536
103776ms,103776,102.287,0.199115
103840ms,103840,101.848,0.199151
103936ms,103936,101.420,0.198846
104111ms,104111,101.460,0.200025
104144ms,104144,101.256,0.199173
104175ms,104175,101.295,0.198969
104207ms,104207,101.383,0.197542
104240ms,104240,101.485,0.196862
104336ms,104336,102.132,0.200958
104415ms,104415,102.092,0.199720
104447ms,104447,102.332,0.200166
104511ms,104511,102.943,0.201515
104544ms,104544,102.858,0.202465
104576ms,104576,103.138,0.204663
104608ms,104608,103.458,0.202349
104640ms,104640,103.621,0.204658
104672ms,104672,103.889,0.205006
104704ms,104704,103.977,0.205211
104751ms,104751,103.941,0.205237
104783ms,104783,103.911,0.202204
104815ms,104815,103.781,0.202457
104847ms,104847,103.902,0.205455
104879ms,104879,103.933,0.205419
104912ms,104912,103.869,0.202523
104944ms,104944,103.927,0.204848
104976ms,104976,103.951,0.203679
105008ms,105008,103.943,0.203318
105039ms,105039,103.983,0.203706
105071ms,105071,103.879,0.205564
105104ms,105104,103.573,0.205754
105151ms,105151,103.253,0.203220
105247ms,105247,102.173,0.198721
105583ms,105583,101.418,0.201394
105711ms,105711,101.362,0.200493
105743ms,105743,101.508,0.197769
105776ms,105776,101.637,0.197474
105840ms,105840,101.783,0.198402
105951ms,105951,102.609,0.199367
106016ms,106016,103.163,0.201474
106048ms,106048,103.038,0.202355
106079ms,106079,103.408,0.202279
106112ms,106112,103.597,0.204909
106144ms,106144,103.752,0.204896
106176ms,106176,104.009,0.205967
106207ms,106207,103.957,0.205391
106255ms,106255,103.923,0.205529
106287ms,106287,103.915,0.204669
106319ms,106319,103.950,0.204367
106351ms,106351,103.788,0.204733
106383ms,106383,103.942,0.202847
106416ms,106416,103.840,0.203083
106448ms,106448,103.874,0.206160
106480ms,106480,103.849,0.202698
106512ms,106512,103.935,0.204654
106544ms,106544,103.917,0.208392
106576ms,106576,103.675,0.204531
106608ms,106608,103.277,0.205337
106655ms,106655,102.976,0.201812
106719ms,106719,102.298,0.199441
107119ms,107119,101.249,0.197949
107215ms,107215,101.362,0.197688
107312ms,107312,101.842,0.197970
107344ms,107344,102.104,0.198800
107376ms,107376,102.085,0.200255
107423ms,107423,102.446,0.200042
107487ms,107487,102.909,0.207651
107520ms,107520,103.172,0.200849
107552ms,107552,103.383,0.201649
107584ms,107584,103.423,0.203720
107616ms,107616,103.697,0.205757
107648ms,107648,103.871,0.205949
107712ms,107712,103.956,0.204504
107744ms,107744,103.922,0.201803
107791ms,107791,103.947,0.202693
107823ms,107823,103.918,0.205214
107855ms,107855,103.821,0.203050
107887ms,107887,103.916,0.202948
107919ms,107919,103.986,0.207250
107951ms,107951,103.970,0.201956
107984ms,107984,103.912,0.203325
108016ms,108016,103.994,0.202957
108048ms,108048,103.881,0.204592
108079ms,108079,103.355,0.207035
108159ms,108159,102.830,0.202984
108191ms,108191,102.335,0.199543
108223ms,108223,102.283,0.197935
108255ms,108255,101.966,0.199267
108352ms,108352,101.319,0.197792
108559ms,108559,101.414,0.198684
108655ms,108655,101.324,0.196976
108687ms,108687,101.294,0.204578
108719ms,108719,101.601,0.196181
108784ms,108784,101.900,0.199909
108816ms,108816,102.018,0.198487
108848ms,108848,102.251,0.199599
108959ms,108959,102.925,0.201529
108991ms,108991,102.949,0.200815
109023ms,109023,103.161,0.202564
109055ms,109055,103.481,0.205225
109087ms,109087,103.721,0.204964
109119ms,109119,103.793,0.204939
109152ms,109152,103.949,0.204451
109184ms,109184,103.784,0.204135
109216ms,109216,103.910,0.203080
109248ms,109248,103.957,0.203754
109280ms,109280,103.875,0.204446
109327ms,109327,103.923,0.203728
109359ms,109359,103.921,0.205112
109391ms,109391,103.845,0.202962
109423ms,109423,103.903,0.202444
109456ms,109456,103.951,0.202834
109488ms,109488,103.925,0.203699
109520ms,109520,104.055,0.209739
109552ms,109552,103.641,0.207029
109584ms,109584,103.309,0.203902
109696ms,109696,102.180,0.199125
109759ms,109759,101.761,0.198547
110095ms,110095,101.291,0.197030
110191ms,110191,101.430,0.197723
110223ms,110223,101.615,0.196988
110256ms,110256,101.616,0.198607
110287ms,110287,102.021,0.199000
110320ms,110320,102.003,0.198025
110352ms,110352,102.282,0.199973
110384ms,110384,102.449,0.200558
110416ms,110416,102.595,0.201170
110463ms,110463,102.976,0.209917
110495ms,110495,103.196,0.201501
110527ms,110527,103.287,0.202448
110559ms,110559,103.653,0.205623
110591ms,110591,103.714,0.205899
110623ms,110623,104.029,0.204771
110656ms,110656,103.949,0.203721
110688ms,110688,103.890,0.204367
110720ms,110720,103.884,0.203426
110752ms,110752,103.834,0.204602
110784ms,110784,103.906,0.204458
110831ms,110831,103.853,0.202396
110863ms,110863,103.886,0.203165
110895ms,110895,103.949,0.203291
110927ms,110927,103.838,0.207335
110959ms,110959,103.863,0.203746
110992ms,110992,103.975,0.204163
111024ms,111024,103.867,0.205428
111056ms,111056,103.480,0.204826
111087ms,111087,103.050,0.203404
111119ms,111119,102.816,0.200862
111151ms,111151,102.452,0.201039
111199ms,111199,102.250,0.200431
111551ms,111551,101.308,0.198718
111631ms,111631,101.350,0.196729
111663ms,111663,101.109,0.199182
111696ms,111696,101.750,0.197144
111727ms,111727,101.715,0.196663
111791ms,111791,102.040,0.197992
111823ms,111823,102.112,0.199423
111888ms,111888,102.674,0.200217
111967ms,111967,102.949,0.205814
111999ms,111999,103.104,0.202774
112031ms,112031,103.363,0.203501
112063ms,112063,103.614,0.203875
112095ms,112095,103.809,0.205458
112127ms,112127,104.106,0.206896
112159ms,112159,103.856,0.202612
112191ms,112191,103.862,0.204858
112224ms,112224,103.956,0.205113
112256ms,112256,103.841,0.203645
112288ms,112288,103.902,0.203953
112335ms,112335,103.803,0.203992
112367ms,112367,103.854,0.207114
112399ms,112399,103.916,0.203602
112431ms,112431,103.828,0.206783
112463ms,112463,104.022,0.203502
112496ms,112496,103.794,0.202359
112527ms,112527,103.695,0.204481
112560ms,112560,103.256,0.202126
112687ms,112687,102.153,0.198751
112735ms,112735,101.594,0.199070
112767ms,112767,101.704,0.199017
113135ms,113135,101.246,0.198025
113167ms,113167,101.521,0.198614
113327ms,113327,102.232,0.200087
113392ms,113392,102.590,0.201061
113424ms,113424,102.874,0.201822
113471ms,113471,103.072,0.201079
113503ms,113503,103.260,0.201597
113535ms,113535,103.423,0.203401
113567ms,113567,103.658,0.205340
113632ms,113632,103.967,0.203783
113663ms,113663,103.878,0.202740
113696ms,113696,103.858,0.202875
113727ms,113727,103.777,0.204596
113760ms,113760,103.802,0.205393
113792ms,113792,103.909,0.205287
113824ms,113824,103.918,0.203998
113903ms,113903,103.646,0.205260
113935ms,113935,103.937,0.203686
113967ms,113967,104.125,0.207616
114000ms,114000,103.801,0.204863
114031ms,114031,103.422,0.204612
114095ms,114095,102.891,0.202333
114127ms,114127,102.310,0.199779
114159ms,114159,102.254,0.199744
114496ms,114496,101.448,0.201458
114527ms,114527,101.344,0.199624
114639ms,114639,101.640,0.197903
114703ms,114703,101.547,0.198300
114736ms,114736,101.995,0.198175
114799ms,114799,102.207,0.200353
114864ms,114864,102.601,0.201399
114895ms,114895,102.947,0.201460
114928ms,114928,102.925,0.201493
114959ms,114959,103.233,0.201665
115007ms,115007,103.599,0.206382
115039ms,115039,103.526,0.204602
115071ms,115071,103.584,0.204582
115104ms,115104,103.814,0.205242
115136ms,115136,103.893,0.206331
115167ms,115167,103.782,0.205117
115200ms,115200,103.815,0.204730
115232ms,115232,103.861,0.202969
115264ms,115264,103.762,0.206922
115296ms,115296,103.882,0.204298
115328ms,115328,103.874,0.201855
115375ms,115375,103.901,0.202861
115407ms,115407,103.956,0.202781
115439ms,115439,103.788,0.203094
115471ms,115471,103.843,0.205212
115503ms,115503,103.419,0.204065
115535ms,115535,103.164,0.203306
115567ms,115567,102.830,0.204883
115599ms,115599,102.459,0.200254
115632ms,115632,102.326,0.198355
115663ms,115663,101.885,0.203934
115743ms,115743,101.485,0.199543
115967ms,115967,101.445,0.203979
116095ms,116095,101.505,0.197374
116175ms,116175,101.567,0.198028
116239ms,116239,101.903,0.198521
116271ms,116271,102.127,0.199990
116335ms,116335,102.476,0.200004
116368ms,116368,102.965,0.201244
116400ms,116400,103.014,0.201330
116432ms,116432,103.088,0.201976
116464ms,116464,103.692,0.208171
116511ms,116511,103.565,0.203671
116543ms,116543,103.688,0.205126
116575ms,116575,104.039,0.208068
116607ms,116607,103.817,0.202380
116639ms,116639,103.963,0.205776
116671ms,116671,103.831,0.202479
116704ms,116704,103.860,0.203002
116736ms,116736,103.959,0.203423
116768ms,116768,103.961,0.204592
116799ms,116799,103.927,0.204634
116832ms,116832,103.926,0.204048
116879ms,116879,103.898,0.203737
116911ms,116911,103.764,0.203619
116943ms,116943,103.778,0.204980
116975ms,116975,103.494,0.205853
117007ms,117007,103.288,0.203605
117039ms,117039,102.826,0.202225
117071ms,117071,102.534,0.201672
117103ms,117103,102.278,0.199214
117200ms,117200,101.782,0.199793
117568ms,117568,101.380,0.198912
117679ms,117679,102.071,0.198985
117776ms,117776,102.235,0.202019
117807ms,117807,102.535,0.200151
117872ms,117872,102.933,0.201571
117904ms,117904,103.022,0.201407
117936ms,117936,103.345,0.201585
117968ms,117968,103.508,0.203976
118000ms,118000,103.640,0.204896
118047ms,118047,103.937,0.204712
118079ms,118079,103.895,0.203078
118111ms,118111,103.860,0.202896
118143ms,118143,103.863,0.202542
118175ms,118175,103.775,0.202332
118207ms,118207,103.997,0.203856
118240ms,118240,103.824,0.205094
118272ms,118272,103.973,0.202668
118304ms,118304,103.935,0.204034
118336ms,118336,103.993,0.203326
118368ms,118368,103.893,0.203435
118415ms,118415,104.107,0.207820
118447ms,118447,103.660,0.204923
118479ms,118479,103.255,0.203847
118576ms,118576,102.417,0.200217
118640ms,118640,101.652,0.200156
118672ms,118672,101.748,0.199474
118911ms,118911,101.564,0.204503
119008ms,119008,101.287,0.197543
119071ms,119071,101.649,0.197786
119136ms,119136,101.932,0.198761
119183ms,119183,101.968,0.199561
119247ms,119247,102.219,0.200758
119279ms,119279,102.438,0.200138
119344ms,119344,102.791,0.202268
119376ms,119376,103.043,0.201633
119408ms,119408,103.456,0.202082
119439ms,119439,103.615,0.204301
119472ms,119472,103.625,0.205155
119551ms,119551,103.943,0.202793
119583ms,119583,103.965,0.204711
119615ms,119615,103.761,0.203525
119647ms,119647,103.855,0.204467
119711ms,119711,103.712,0.205193
119744ms,119744,103.904,0.202349
119776ms,119776,103.822,0.203920
119808ms,119808,103.806,0.204159
119840ms,119840,103.812,0.204137
119872ms,119872,103.934,0.203777
119919ms,119919,103.766,0.205060
120047ms,120047,102.516,0.199510
120080ms,120080,102.242,0.199912
120176ms,120176,101.591,0.199058
120415ms,120415,101.479,0.199166
120479ms,120479,101.296,0.197160
120512ms,120512,101.460,0.198551
120543ms,120543,101.400,0.197951
120608ms,120608,101.648,0.198198
120640ms,120640,102.058,0.198111
120719ms,120719,102.213,0.200114
120783ms,120783,102.550,0.201507
120816ms,120816,103.149,0.202909
120848ms,120848,103.079,0.201217
120912ms,120912,103.461,0.202994
120943ms,120943,103.600,0.205265
120975ms,120975,103.739,0.205078
121008ms,121008,103.908,0.202044
121055ms,121055,103.941,0.203995
121087ms,121087,103.879,0.203214
121151ms,121151,103.675,0.203128
121183ms,121183,103.882,0.202840
121215ms,121215,103.963,0.203059
121247ms,121247,103.939,0.202485
121280ms,121280,103.970,0.202862
121312ms,121312,103.873,0.203069
121344ms,121344,103.908,0.204573
121376ms,121376,103.899,0.205785
121408ms,121408,103.511,0.206035
121455ms,121455,103.201,0.202593
121519ms,121519,102.373,0.200336
121551ms,121551,102.197,0.198534
121583ms,121583,101.921,0.198118
121616ms,121616,101.659,0.198772
121887ms,121887,101.438,0.201924
121952ms,121952,101.396,0.198633
121984ms,121984,101.328,0.197469
122047ms,122047,101.638,0.197334
122112ms,122112,101.857,0.198680
122144ms,122144,102.117,0.200265
122223ms,122223,102.372,0.199982
122287ms,122287,102.780,0.200584
122352ms,122352,103.063,0.201275
122384ms,122384,103.594,0.202978
122416ms,122416,103.694,0.205326
122448ms,122448,103.773,0.204839
122480ms,122480,103.973,0.203804
122512ms,122512,103.935,0.205710
122559ms,122559,103.770,0.204812
122591ms,122591,103.804,0.204998
122623ms,122623,103.756,0.204849
122655ms,122655,103.881,0.204785
122687ms,122687,103.874,0.204505
122719ms,122719,103.876,0.204134
122752ms,122752,103.891,0.206276
122784ms,122784,103.959,0.205883
122816ms,122816,103.994,0.204057
122848ms,122848,104.113,0.205099
122880ms,122880,103.693,0.206531
122912ms,122912,103.325,0.205410
123024ms,123024,102.305,0.199517
123456ms,123456,101.446,0.199880
123488ms,123488,101.402,0.198117
123584ms,123584,101.810,0.198018
123616ms,123616,101.894,0.199500
123648ms,123648,102.184,0.199660
123759ms,123759,102.467,0.200770
123791ms,123791,102.948,0.204148
123823ms,123823,102.943,0.200703
123856ms,123856,103.233,0.202486
123887ms,123887,103.632,0.204982
123920ms,123920,103.617,0.205418
123952ms,123952,103.766,0.205816
123984ms,123984,104.041,0.203430
124016ms,124016,103.987,0.204830
124048ms,124048,103.896,0.202755
124095ms,124095,103.914,0.203249
124127ms,124127,103.800,0.203628
124159ms,124159,103.801,0.203572
124191ms,124191,103.784,0.204510
124223ms,124223,103.753,0.204283
124255ms,124255,103.806,0.202396
124288ms,124288,103.954,0.205274
124351ms,124351,103.943,0.205685
124384ms,124384,103.446,0.202707
124416ms,124416,103.122,0.202251
124495ms,124495,102.311,0.198644
124527ms,124527,102.374,0.198675
124559ms,124559,101.986,0.199168
124863ms,124863,101.391,0.204778
124927ms,124927,101.439,0.197417
124992ms,124992,101.493,0.199888
125023ms,125023,101.637,0.197002
125056ms,125056,101.781,0.197278
125120ms,125120,102.077,0.199234
125263ms,125263,102.835,0.201749
125295ms,125295,102.931,0.201540
125327ms,125327,102.932,0.203213
125359ms,125359,103.421,0.203893
125392ms,125392,103.535,0.205542
125424ms,125424,103.794,0.204901
125456ms,125456,103.848,0.204876
125487ms,125487,103.907,0.204250
125519ms,125519,103.870,0.203039
125552ms,125552,103.788,0.204686
125599ms,125599,103.806,0.204982
125631ms,125631,103.911,0.203064
125663ms,125663,103.973,0.206189
125695ms,125695,103.912,0.202679
125791ms,125791,103.883,0.202604
125824ms,125824,104.053,0.203285
125856ms,125856,103.588,0.203154
125888ms,125888,103.287,0.203581
125920ms,125920,102.875,0.202440
125999ms,125999,102.267,0.201236
126031ms,126031,102.005,0.198197
126063ms,126063,101.938,0.197589
126095ms,126095,101.720,0.199453
126319ms,126319,101.574,0.202592
126463ms,126463,101.361,0.197944
126496ms,126496,101.587,0.197571
126527ms,126527,101.734,0.197183
126560ms,126560,101.828,0.199646
126656ms,126656,102.383,0.199098
126767ms,126767,103.139,0.202972
126799ms,126799,103.075,0.201374
126831ms,126831,103.429,0.201700
126863ms,126863,103.351,0.203091
126895ms,126895,103.704,0.205313
126927ms,126927,103.980,0.203671
126960ms,126960,103.933,0.202739
126992ms,126992,103.850,0.203221
127024ms,127024,103.900,0.202726
127056ms,127056,103.895,0.201989
127088ms,127088,103.846,0.203851
127135ms,127135,103.927,0.202537
127167ms,127167,103.801,0.203402
127199ms,127199,103.766,0.206978
127231ms,127231,103.814,0.204367
127263ms,127263,104.023,0.204434
127296ms,127296,104.012,0.203470
127327ms,127327,103.825,0.205412
127360ms,127360,103.245,0.203694
127503ms,127503,102.257,0.198527
127535ms,127535,101.838,0.198634
127824ms,127824,101.476,0.202259
127903ms,127903,101.344,0.198988
127999ms,127999,101.747,0.199182
128063ms,128063,102.049,0.199304
128096ms,128096,101.916,0.198526
128128ms,128128,102.393,0.200230
128192ms,128192,102.636,0.200204
128224ms,128224,102.995,0.205394
128271ms,128271,102.931,0.201305
128303ms,128303,103.292,0.201376
128335ms,128335,103.544,0.203254
128367ms,128367,103.746,0.204521
128399ms,128399,104.076,0.204171
128431ms,128431,103.976,0.203950
128463ms,128463,104.058,0.201797
128496ms,128496,103.870,0.202667
128528ms,128528,103.883,0.202606
128559ms,128559,103.848,0.205030
128592ms,128592,103.757,0.204498
128639ms,128639,103.797,0.201919
128671ms,128671,103.863,0.203717
128735ms,128735,103.836,0.203226
128767ms,128767,103.795,0.202534
128800ms,128800,103.788,0.204875
128831ms,128831,103.445,0.204827
128864ms,128864,103.215,0.201789
128928ms,128928,102.567,0.199973
128960ms,128960,102.375,0.198989
129407ms,129407,101.388,0.197098
129471ms,129471,101.657,0.197534
129503ms,129503,101.638,0.198362
129567ms,129567,101.913,0.197738
129600ms,129600,101.932,0.199743
129632ms,129632,102.367,0.201862
129664ms,129664,102.752,0.201898
129728ms,129728,102.909,0.200424
129807ms,129807,103.437,0.203147
129839ms,129839,103.628,0.205148
129871ms,129871,103.768,0.204660
129903ms,129903,103.781,0.205685
129936ms,129936,103.712,0.209149
129968ms,129968,103.900,0.201687
130000ms,130000,103.799,0.207053
130032ms,130032,103.839,0.204837
130063ms,130063,103.825,0.207046
130096ms,130096,103.919,0.204866
130128ms,130128,103.939,0.204193
130175ms,130175,103.744,0.202467
130207ms,130207,103.829,0.202296
130239ms,130239,103.747,0.205982
130272ms,130272,103.813,0.204350
130304ms,130304,103.646,0.204616
130335ms,130335,103.293,0.203346
130400ms,130400,102.609,0.201151
130432ms,130432,102.348,0.198884
130464ms,130464,102.091,0.199689
130496ms,130496,101.745,0.203548
130864ms,130864,101.383,0.201024
130943ms,130943,101.352,0.200657
131007ms,131007,101.802,0.198434
131103ms,131103,102.122,0.200534
131200ms,131200,102.914,0.203157
131232ms,131232,103.123,0.201301
131311ms,131311,103.622,0.205928
131343ms,131343,103.675,0.204683
131375ms,131375,103.974,0.203918
131407ms,131407,103.760,0.208254
131439ms,131439,103.743,0.202921
131471ms,131471,103.861,0.204721
131504ms,131504,103.802,0.204798
131536ms,131536,103.972,0.204914
131568ms,131568,103.847,0.203033
131600ms,131600,103.869,0.208732
131632ms,131632,103.857,0.204747
131679ms,131679,103.860,0.205448
131711ms,131711,103.725,0.209639
131743ms,131743,103.975,0.205292
131775ms,131775,103.846,0.206261
131807ms,131807,103.346,0.204431
131840ms,131840,103.125,0.202172
131904ms,131904,102.362,0.199537
131936ms,131936,102.082,0.199056
131968ms,131968,101.614,0.199277
132272ms,132272,101.478,0.203687
132368ms,132368,101.444,0.196513
132400ms,132400,101.507,0.197038
132479ms,132479,101.776,0.197656
132511ms,132511,101.945,0.199772
132575ms,132575,102.000,0.199842
132672ms,132672,102.879,0.201788
132704ms,132704,102.971,0.200427
132736ms,132736,103.158,0.202724
132768ms,132768,103.585,0.206662
132815ms,132815,103.510,0.204463
132847ms,132847,103.727,0.204983
132879ms,132879,103.978,0.203912
132911ms,132911,103.848,0.202034
132944ms,132944,103.757,0.203481
132976ms,132976,103.862,0.203565
133008ms,133008,103.933,0.202286
133040ms,133040,103.935,0.202598
133071ms,133071,103.770,0.201566
133104ms,133104,103.809,0.205114
133135ms,133135,103.781,0.204045
133183ms,133183,103.860,0.203271
133215ms,133215,103.927,0.202841
133247ms,133247,103.845,0.202737
133279ms,133279,103.487,0.205780
133312ms,133312,103.289,0.204334
133343ms,133343,102.756,0.202227
133375ms,133375,102.474,0.201076
133407ms,133407,102.253,0.200073
133440ms,133440,101.894,0.198502
133744ms,133744,101.490,0.199506
133776ms,133776,101.437,0.199769
133808ms,133808,101.256,0.199954
133839ms,133839,101.478,0.198605
133872ms,133872,101.370,0.197470
133904ms,133904,101.655,0.197868
133951ms,133951,101.727,0.196684
133983ms,133983,102.063,0.198525
134079ms,134079,102.240,0.199205
134111ms,134111,102.448,0.200608
134144ms,134144,102.723,0.200387
134176ms,134176,103.146,0.206565
134208ms,134208,103.040,0.200965
134239ms,134239,103.227,0.202394
134271ms,134271,103.516,0.202921
134319ms,134319,103.507,0.204628
134383ms,134383,104.014,0.202412
134415ms,134415,103.908,0.202546
134479ms,134479,103.674,0.206603
134511ms,134511,103.791,0.207696
134543ms,134543,103.866,0.203955
134576ms,134576,103.878,0.202124
134607ms,134607,103.932,0.202284
134640ms,134640,103.959,0.202180
134672ms,134672,103.799,0.204427
134719ms,134719,103.943,0.205414
134751ms,134751,103.710,0.205010
134783ms,134783,103.216,0.203835
134815ms,134815,102.931,0.201378
134847ms,134847,102.651,0.203891
134879ms,134879,102.430,0.200666
134911ms,134911,102.333,0.198254
134944ms,134944,101.904,0.197279
135247ms,135247,101.408,0.201900
135344ms,135344,101.314,0.198134
135376ms,135376,101.471,0.197303
135519ms,135519,101.979,0.198803
135616ms,135616,102.687,0.199750
135680ms,135680,103.190,0.205274
135711ms,135711,103.212,0.202413
135744ms,135744,103.518,0.202193
135776ms,135776,103.551,0.205417
135808ms,135808,103.828,0.205161
135855ms,135855,103.744,0.206723
135887ms,135887,103.728,0.203131
135919ms,135919,103.756,0.202977
135951ms,135951,103.889,0.202587
135983ms,135983,103.863,0.201955
136016ms,136016,103.992,0.202659
136048ms,136048,103.888,0.203568
136112ms,136112,103.853,0.204096
136144ms,136144,103.722,0.202993
136176ms,136176,103.783,0.210342
136223ms,136223,103.907,0.203801
136255ms,136255,103.456,0.203376
136287ms,136287,103.145,0.201876
136319ms,136319,102.893,0.202248
136351ms,136351,102.555,0.199854
136416ms,136416,101.944,0.198458
136719ms,136719,101.601,0.201878
136751ms,136751,101.301,0.197905
136879ms,136879,101.710,0.197371
136912ms,136912,101.772,0.197063
136944ms,136944,101.752,0.198345
137023ms,137023,102.086,0.199098
137055ms,137055,102.154,0.201507
137152ms,137152,102.846,0.203049
137184ms,137184,103.258,0.201885
137216ms,137216,103.449,0.202885
137248ms,137248,103.470,0.204904
137280ms,137280,103.744,0.204777
137312ms,137312,103.701,0.203318
137359ms,137359,103.680,0.207730
137391ms,137391,103.802,0.204007
137423ms,137423,103.748,0.202610
137455ms,137455,103.692,0.203201
137487ms,137487,103.791,0.205507
137519ms,137519,103.702,0.203500
137552ms,137552,103.763,0.201378
137583ms,137583,103.713,0.202464
137615ms,137615,103.824,0.204568
137648ms,137648,103.798,0.206744
137680ms,137680,103.958,0.204326
137759ms,137759,103.194,0.202501
137791ms,137791,102.973,0.201970
137823ms,137823,102.605,0.204137
137856ms,137856,102.441,0.199539
137887ms,137887,102.016,0.198336
138256ms,138256,101.375,0.198389
138320ms,138320,101.361,0.197525
138352ms,138352,101.564,0.197653
138415ms,138415,101.519,0.198064
138527ms,138527,102.066,0.200712
138559ms,138559,102.336,0.200317
138591ms,138591,102.601,0.200528
138623ms,138623,102.807,0.202012
138656ms,138656,103.226,0.203268
138688ms,138688,103.183,0.202049
138720ms,138720,103.501,0.203654
138752ms,138752,103.759,0.205143
138784ms,138784,103.690,0.206299
138816ms,138816,103.701,0.202737
138848ms,138848,103.749,0.204383
138895ms,138895,103.791,0.204546
138927ms,138927,103.792,0.206186
138959ms,138959,103.743,0.203179
138991ms,138991,103.749,0.202787
139023ms,139023,103.696,0.202997
139087ms,139087,103.743,0.202511
139119ms,139119,103.752,0.204481
139152ms,139152,103.733,0.204156
139184ms,139184,103.915,0.203988
139216ms,139216,103.436,0.204182
139327ms,139327,102.514,0.202149
139359ms,139359,102.200,0.199947
139392ms,139392,101.989,0.198768
139759ms,139759,101.373,0.197215
139792ms,139792,101.418,0.198118
139856ms,139856,101.671,0.197101
139920ms,139920,101.721,0.198209
140031ms,140031,102.264,0.200212
140127ms,140127,103.066,0.202046
140159ms,140159,103.244,0.201629
140192ms,140192,103.459,0.203079
140223ms,140223,103.491,0.204760
140287ms,140287,103.846,0.205419
140320ms,140320,103.754,0.203967
140352ms,140352,103.852,0.203509
140399ms,140399,103.780,0.203167
140431ms,140431,103.708,0.204268
140463ms,140463,103.771,0.204983
140495ms,140495,103.708,0.204733
140527ms,140527,103.779,0.205713
140559ms,140559,103.841,0.204830
140624ms,140624,103.787,0.203943
140656ms,140656,104.069,0.205002
140688ms,140688,103.648,0.203326
140720ms,140720,103.371,0.202521
140799ms,140799,102.649,0.202210
140863ms,140863,102.146,0.198483
140895ms,140895,101.735,0.198747
141231ms,141231,101.365,0.201100
141328ms,141328,101.452,0.198851
141392ms,141392,101.607,0.198470
141455ms,141455,102.071,0.198894
141488ms,141488,102.109,0.200541
141567ms,141567,102.807,0.199903
141599ms,141599,103.162,0.204444
141631ms,141631,103.142,0.202827
141663ms,141663,103.401,0.201260
141696ms,141696,103.510,0.202252
141728ms,141728,103.704,0.204933
141760ms,141760,103.592,0.203939
141792ms,141792,103.838,0.203145
141824ms,141824,103.911,0.206806
141856ms,141856,103.708,0.204233
141903ms,141903,103.767,0.203364
141935ms,141935,103.887,0.204110
141967ms,141967,103.721,0.203376
141999ms,141999,103.722,0.203849
142031ms,142031,103.915,0.204832
142096ms,142096,103.909,0.204742
142128ms,142128,103.884,0.203665
142160ms,142160,103.844,0.203848
142192ms,142192,103.268,0.203882
142256ms,142256,102.774,0.201681
142335ms,142335,102.173,0.198520
142367ms,142367,101.784,0.197721
142703ms,142703,101.319,0.198968
142735ms,142735,101.277,0.199609
142767ms,142767,101.368,0.199870
142831ms,142831,101.680,0.197543
142864ms,142864,101.707,0.196909
142960ms,142960,102.023,0.199887
143039ms,143039,102.716,0.201911
143071ms,143071,102.773,0.201699
143103ms,143103,103.195,0.201152
143135ms,143135,103.242,0.203780
143167ms,143167,103.457,0.202801
143200ms,143200,103.733,0.204888
143232ms,143232,103.589,0.204253
143264ms,143264,103.740,0.202791
143296ms,143296,103.741,0.202312
143328ms,143328,103.751,0.204142
143360ms,143360,103.846,0.204763
143407ms,143407,103.802,0.203707
143439ms,143439,103.834,0.203215
143471ms,143471,103.843,0.204889
143503ms,143503,103.828,0.205288
143535ms,143535,103.858,0.203373
143567ms,143567,103.778,0.204401
143600ms,143600,104.015,0.207000
143632ms,143632,103.800,0.203615
143664ms,143664,103.655,0.205887
143696ms,143696,103.143,0.206853
143728ms,143728,102.821,0.201855
143760ms,143760,102.426,0.200077
143807ms,143807,102.365,0.198932
143839ms,143839,102.153,0.198242
143871ms,143871,101.624,0.198076
144160ms,144160,101.468,0.201475
144207ms,144207,101.325,0.198872
144303ms,144303,101.357,0.200248
144335ms,144335,101.886,0.197423
144432ms,144432,102.079,0.199560
144464ms,144464,102.182,0.201281
144496ms,144496,102.644,0.199410
144575ms,144575,103.100,0.202493
144607ms,144607,103.182,0.201638
144639ms,144639,103.425,0.204266
144671ms,144671,103.575,0.204079
144703ms,144703,103.745,0.204900
144735ms,144735,103.853,0.207050
144767ms,144767,103.847,0.205434
144800ms,144800,103.802,0.203666
144832ms,144832,103.739,0.203316
144864ms,144864,103.663,0.201752
144896ms,144896,103.714,0.204820
144943ms,144943,103.687,0.202769
144975ms,144975,103.695,0.202515
145039ms,145039,103.749,0.203505
145071ms,145071,103.808,0.206411
145104ms,145104,104.052,0.203372
145135ms,145135,103.618,0.205863
145168ms,145168,103.408,0.203710
145200ms,145200,102.936,0.203024
145264ms,145264,102.445,0.199158
145296ms,145296,102.031,0.200077
145375ms,145375,101.561,0.198667
145743ms,145743,101.390,0.198206
145775ms,145775,101.386,0.196801
145839ms,145839,101.641,0.198311
145871ms,145871,102.195,0.199740
145936ms,145936,102.186,0.200320
146032ms,146032,103.077,0.202474
146079ms,146079,103.412,0.203845
146111ms,146111,103.329,0.202315
146143ms,146143,103.490,0.205480
146175ms,146175,103.944,0.203405
146207ms,146207,103.919,0.208569
146240ms,146240,103.734,0.207861
146272ms,146272,103.617,0.201584
146304ms,146304,103.683,0.204071
146336ms,146336,103.673,0.202679
146399ms,146399,103.722,0.202627
146447ms,146447,103.789,0.204788
146479ms,146479,103.838,0.205287
146511ms,146511,103.767,0.204975
146543ms,146543,103.951,0.203202
146575ms,146575,103.730,0.207427
146607ms,146607,103.740,0.204940
146640ms,146640,103.395,0.204423
146736ms,146736,102.378,0.200103
146768ms,146768,102.293,0.198648
146800ms,146800,101.901,0.197578
147168ms,147168,101.259,0.198820
147247ms,147247,101.363,0.201916
147343ms,147343,102.007,0.200346
147407ms,147407,102.141,0.199326
147504ms,147504,102.920,0.203593
147536ms,147536,103.163,0.205080
147568ms,147568,103.473,0.202041
147615ms,147615,103.418,0.202076
147647ms,147647,103.711,0.204183
147679ms,147679,103.691,0.204675
147712ms,147712,103.771,0.205533
147744ms,147744,103.959,0.202816
147775ms,147775,103.923,0.206494
147807ms,147807,103.870,0.204475
147840ms,147840,103.714,0.204209
147871ms,147871,103.862,0.205562
147904ms,147904,103.908,0.207135
147936ms,147936,103.876,0.206854
147983ms,147983,103.780,0.203385
148015ms,148015,103.794,0.206694
148047ms,148047,103.788,0.203483
148079ms,148079,103.828,0.204038
148143ms,148143,103.331,0.203184
148176ms,148176,102.765,0.203731
148208ms,148208,102.384,0.204969
148240ms,148240,102.401,0.198753
148272ms,148272,101.912,0.198498
148383ms,148383,101.633,0.199188
148671ms,148671,101.311,0.204417
148703ms,148703,101.490,0.197093
148912ms,148912,102.073,0.200859
149007ms,149007,103.032,0.204229
149040ms,149040,103.051,0.201562
149071ms,149071,103.378,0.202314
149119ms,149119,103.514,0.203681
149152ms,149152,103.584,0.203970
149215ms,149215,103.790,0.206781
149247ms,149247,103.680,0.203745
149280ms,149280,103.629,0.202515
149311ms,149311,103.616,0.203952
149344ms,149344,103.818,0.208782
149376ms,149376,103.670,0.204000
149408ms,149408,103.729,0.203108
149440ms,149440,103.805,0.206387
149487ms,149487,103.732,0.204926
149519ms,149519,103.841,0.203233
149551ms,149551,103.855,0.204784
149583ms,149583,103.546,0.206262
149615ms,149615,103.427,0.203616
149648ms,149648,102.916,0.203998
149711ms,149711,102.304,0.202091
149743ms,149743,101.989,0.198233
149807ms,149807,101.545,0.198137
150144ms,150144,101.468,0.197675
150175ms,150175,101.350,0.197171
150255ms,150255,101.777,0.196886
150287ms,150287,101.727,0.197795
150319ms,150319,102.146,0.199178
150351ms,150351,102.055,0.198959
150383ms,150383,102.012,0.199838
150448ms,150448,102.636,0.200307
150480ms,150480,102.946,0.208425
150512ms,150512,103.269,0.201509
150544ms,150544,103.191,0.201713
150576ms,150576,103.376,0.203613
150655ms,150655,103.776,0.205095
150687ms,150687,103.665,0.203786
150719ms,150719,103.764,0.203161
150752ms,150752,103.790,0.204817
150783ms,150783,103.774,0.203979
150816ms,150816,103.698,0.205560
150848ms,150848,103.777,0.202924
150880ms,150880,103.693,0.205534
150912ms,150912,103.794,0.202984
150944ms,150944,103.812,0.202553
150976ms,150976,103.735,0.201985
151023ms,151023,103.789,0.205759
151055ms,151055,103.991,0.203989
151087ms,151087,103.630,0.203643
151119ms,151119,103.195,0.202371
151184ms,151184,102.450,0.199252
151247ms,151247,101.826,0.198833
151615ms,151615,101.483,0.200299
151648ms,151648,101.415,0.199330
151680ms,151680,101.519,0.198474
151823ms,151823,101.887,0.198276
151888ms,151888,102.423,0.200332
151952ms,151952,102.834,0.200657
151984ms,151984,103.256,0.206688
152016ms,152016,103.316,0.202399
152047ms,152047,103.527,0.203604
152079ms,152079,103.605,0.202493
152112ms,152112,103.645,0.204927
152159ms,152159,103.787,0.203374
152223ms,152223,103.726,0.203443
152256ms,152256,103.892,0.206343
152287ms,152287,103.863,0.203995
152319ms,152319,103.952,0.201739
152352ms,152352,103.849,0.205193
152384ms,152384,103.693,0.202386
152415ms,152415,103.696,0.202413
152480ms,152480,103.906,0.206636
152527ms,152527,103.889,0.205343
152559ms,152559,103.614,0.206442
152591ms,152591,103.236,0.201828
152623ms,152623,102.855,0.201379
152655ms,152655,102.479,0.201594
152687ms,152687,102.336,0.199130
152720ms,152720,101.932,0.201852
152752ms,152752,101.660,0.198469
153087ms,153087,101.457,0.198115
153184ms,153184,101.389,0.199525
153248ms,153248,101.600,0.198077
153295ms,153295,102.083,0.199689
153327ms,153327,101.954,0.199933
153391ms,153391,102.514,0.200344
153456ms,153456,103.100,0.205424
153487ms,153487,103.423,0.205576
153520ms,153520,103.503,0.203967
153552ms,153552,103.514,0.205090
153584ms,153584,103.797,0.203840
153616ms,153616,103.742,0.204234
153663ms,153663,103.880,0.205964
153695ms,153695,103.784,0.204382
153727ms,153727,103.771,0.203035
153759ms,153759,103.776,0.203561
153791ms,153791,103.834,0.204951
153823ms,153823,103.861,0.205538
153855ms,153855,104.046,0.202972
153888ms,153888,103.816,0.202398
153920ms,153920,103.754,0.202403
153952ms,153952,103.864,0.203904
153984ms,153984,103.925,0.205715
154016ms,154016,103.822,0.203986
154063ms,154063,103.410,0.203747
154191ms,154191,102.270,0.198561
154591ms,154591,101.389,0.196715
154799ms,154799,101.980,0.199041
154895ms,154895,102.655,0.199864
154927ms,154927,102.912,0.201094
154959ms,154959,103.213,0.204574
154992ms,154992,103.367,0.204788
155024ms,155024,103.563,0.202592
155056ms,155056,103.725,0.203993
155087ms,155087,103.670,0.207391
155119ms,155119,103.749,0.202524
155152ms,155152,103.773,0.203698
155199ms,155199,103.789,0.204432
155231ms,155231,103.708,0.206676
155263ms,155263,103.832,0.204291
155296ms,155296,103.762,0.207051
155328ms,155328,103.592,0.204550
155360ms,155360,103.746,0.202541
155392ms,155392,103.792,0.207266
155424ms,155424,103.756,0.203032
155456ms,155456,103.798,0.209496
155488ms,155488,103.715,0.203437
155520ms,155520,103.495,0.203503
155599ms,155599,102.778,0.200860
155631ms,155631,102.350,0.200724
155663ms,155663,102.238,0.198620
155695ms,155695,101.882,0.198699
155727ms,155727,101.721,0.199467
156031ms,156031,101.328,0.202214
156096ms,156096,101.494,0.198781
156160ms,156160,101.725,0.197377
156192ms,156192,101.830,0.197267
156224ms,156224,101.950,0.198700
156256ms,156256,101.981,0.198652
156367ms,156367,102.612,0.199922
156432ms,156432,103.249,0.204329
156495ms,156495,103.521,0.202795
156528ms,156528,103.808,0.207390
156560ms,156560,103.779,0.205434
156591ms,156591,103.767,0.205174
156624ms,156624,103.888,0.206627
156656ms,156656,103.852,0.205220
156703ms,156703,103.763,0.203671
156735ms,156735,103.735,0.203266
156767ms,156767,103.787,0.205361
156799ms,156799,103.760,0.203913
156863ms,156863,103.752,0.202567
156895ms,156895,103.780,0.203506
156928ms,156928,103.772,0.202818
156960ms,156960,103.952,0.204782
156992ms,156992,103.506,0.206852
157024ms,157024,103.384,0.202344
157071ms,157071,102.879,0.202381
157103ms,157103,102.437,0.203511
157167ms,157167,101.988,0.199230
157296ms,157296,101.484,0.199137
157567ms,157567,101.446,0.198757
157599ms,157599,101.367,0.199427
157664ms,157664,101.730,0.197496
157696ms,157696,101.811,0.198244
157792ms,157792,102.018,0.200635
157839ms,157839,102.340,0.200568
157871ms,157871,102.707,0.199236
157903ms,157903,102.894,0.200809
157935ms,157935,103.178,0.205670
157967ms,157967,103.375,0.203969
158032ms,158032,103.549,0.206667
158063ms,158063,103.561,0.205049
158095ms,158095,103.831,0.203630
158128ms,158128,103.756,0.202994
158160ms,158160,103.657,0.203099
158207ms,158207,103.690,0.202263
158239ms,158239,103.874,0.204895
158271ms,158271,103.813,0.203448
158303ms,158303,103.704,0.204658
158335ms,158335,103.800,0.203272
158367ms,158367,103.795,0.203151
158399ms,158399,103.854,0.203113
158431ms,158431,103.706,0.202439
158464ms,158464,103.797,0.204857
158496ms,158496,103.362,0.204253
158528ms,158528,103.167,0.202146
158639ms,158639,102.218,0.198731
158671ms,158671,101.962,0.198697
159007ms,159007,101.314,0.197822
159071ms,159071,101.453,0.199287
159136ms,159136,101.775,0.196881
159199ms,159199,101.686,0.199093
159231ms,159231,101.886,0.198378
159264ms,159264,101.907,0.199370
159296ms,159296,102.069,0.200931
159407ms,159407,103.109,0.206547
159439ms,159439,103.131,0.201362
159472ms,159472,103.474,0.202625
159504ms,159504,103.594,0.203402
159536ms,159536,103.811,0.204983
159568ms,159568,103.800,0.210102
159600ms,159600,103.738,0.202407
159632ms,159632,103.650,0.202429
159664ms,159664,103.822,0.203578
159696ms,159696,103.832,0.203822
159743ms,159743,103.761,0.202245
159775ms,159775,103.750,0.203461
159807ms,159807,103.650,0.202491
159839ms,159839,103.719,0.202351
159871ms,159871,103.784,0.202688
159904ms,159904,103.839,0.204930
159936ms,159936,103.916,0.204210
160000ms,160000,103.348,0.203843
160032ms,160032,102.886,0.201375
160111ms,160111,102.446,0.199936
160143ms,160143,102.134,0.199044
160272ms,160272,101.528,0.200040
160607ms,160607,101.195,0.196651
160671ms,160671,101.778,0.198511
160768ms,160768,102.034,0.200129
160800ms,160800,102.231,0.199996
160832ms,160832,102.752,0.200514
160879ms,160879,102.966,0.203334
160911ms,160911,103.221,0.202912
160975ms,160975,103.672,0.202662
161007ms,161007,103.717,0.207690
161040ms,161040,103.876,0.204337
161104ms,161104,103.683,0.203557
161136ms,161136,103.729,0.204363
161168ms,161168,103.752,0.203154
161200ms,161200,103.573,0.202415
161247ms,161247,103.853,0.205674
161279ms,161279,103.670,0.204487
161311ms,161311,103.736,0.203511
161343ms,161343,103.712,0.202812
161375ms,161375,103.695,0.203264
161407ms,161407,103.819,0.205338
161440ms,161440,103.682,0.204310
161471ms,161471,103.466,0.206227
161535ms,161535,102.728,0.200431
161568ms,161568,102.229,0.200159
161615ms,161615,102.116,0.198442
161647ms,161647,101.914,0.198401
161968ms,161968,101.370,0.202991
162047ms,162047,101.421,0.197520
162111ms,162111,101.639,0.199474
162144ms,162144,101.830,0.196748
162175ms,162175,102.032,0.199298
162271ms,162271,102.461,0.200606
162304ms,162304,102.504,0.200721
162383ms,162383,103.120,0.202300
162415ms,162415,103.239,0.203416
162447ms,162447,103.413,0.203872
162479ms,162479,103.678,0.203421
162511ms,162511,103.713,0.204403
162543ms,162543,103.575,0.201371
162576ms,162576,103.657,0.204075
162608ms,162608,103.871,0.202758
162639ms,162639,103.712,0.203092
162671ms,162671,103.749,0.205390
162704ms,162704,103.873,0.205859
162736ms,162736,103.764,0.202500
162783ms,162783,103.715,0.203176
162815ms,162815,103.934,0.205654
162847ms,162847,103.844,0.203824
162879ms,162879,103.813,0.203696
162912ms,162912,103.837,0.205373
162944ms,162944,103.563,0.203478
163039ms,163039,102.421,0.200306
163071ms,163071,102.389,0.199657
163104ms,163104,101.960,0.204155
163183ms,163183,101.725,0.198110
163440ms,163440,101.465,0.200909
163472ms,163472,101.470,0.199337
163519ms,163519,101.529,0.200661
163551ms,163551,101.261,0.198283
163583ms,163583,101.663,0.198094
163615ms,163615,101.856,0.197751
163647ms,163647,101.766,0.199322
163679ms,163679,101.988,0.200065
163743ms,163743,102.154,0.200009
163776ms,163776,102.529,0.199578
163808ms,163808,102.917,0.200174
163840ms,163840,103.020,0.207848
163872ms,163872,103.363,0.200091
163919ms,163919,103.302,0.202763
163951ms,163951,103.725,0.205133
163983ms,163983,103.698,0.204732
164015ms,164015,103.875,0.203053
164047ms,164047,103.712,0.204916
164080ms,164080,103.640,0.204392
164112ms,164112,103.660,0.203677
164144ms,164144,103.824,0.203147
164176ms,164176,103.708,0.204649
164208ms,164208,103.668,0.203784
164240ms,164240,103.843,0.204527
164287ms,164287,103.717,0.201937
164319ms,164319,103.696,0.203180
164351ms,164351,103.804,0.203242
164415ms,164415,103.519,0.203991
164448ms,164448,103.239,0.201898
164479ms,164479,102.898,0.202021
164512ms,164512,102.613,0.204623
164544ms,164544,102.410,0.200019
164576ms,164576,102.010,0.199482
165007ms,165007,101.497,0.199569
165087ms,165087,101.808,0.197005
165119ms,165119,101.760,0.197135
165151ms,165151,102.006,0.200816
165247ms,165247,102.445,0.201166
165344ms,165344,103.214,0.201995
165376ms,165376,103.305,0.202036
165423ms,165423,103.458,0.203326
165455ms,165455,103.666,0.205522
165487ms,165487,103.756,0.204319
165519ms,165519,103.850,0.203631
165551ms,165551,103.647,0.204083
165583ms,165583,103.821,0.205154
165616ms,165616,103.772,0.205278
165647ms,165647,103.812,0.205297
165679ms,165679,103.773,0.202853
165712ms,165712,103.739,0.203388
165744ms,165744,103.621,0.202991
165791ms,165791,103.662,0.207725
165823ms,165823,103.773,0.203729
165855ms,165855,103.757,0.204307
165887ms,165887,103.800,0.207253
165919ms,165919,103.495,0.203754
165951ms,165951,103.150,0.202615
166016ms,166016,102.332,0.200322
166048ms,166048,102.144,0.199664
166384ms,166384,101.326,0.199691
166448ms,166448,101.054,0.199300
166480ms,166480,101.393,0.198278
166559ms,166559,101.696,0.197561
166591ms,166591,101.779,0.197411
166719ms,166719,102.409,0.199819
166752ms,166752,102.664,0.200078
166816ms,166816,103.148,0.208469
166848ms,166848,103.179,0.201546
166880ms,166880,103.497,0.203241
166927ms,166927,103.726,0.203256
166959ms,166959,103.800,0.205878
166991ms,166991,103.924,0.203711
167023ms,167023,103.695,0.203379
167055ms,167055,103.655,0.205407
167087ms,167087,103.633,0.202021
167119ms,167119,103.599,0.201448
167151ms,167151,103.669,0.201329
167184ms,167184,103.718,0.205146
167216ms,167216,103.767,0.203318
167248ms,167248,103.640,0.202047
167280ms,167280,103.757,0.204456
167327ms,167327,103.736,0.204324
167359ms,167359,103.999,0.203876
167391ms,167391,103.479,0.204316
167423ms,167423,103.399,0.204476
167455ms,167455,102.918,0.201285
167487ms,167487,102.307,0.201389
167952ms,167952,101.222,0.200640
168016ms,168016,101.481,0.198787
168095ms,168095,101.569,0.198110
168127ms,168127,101.967,0.199479
168191ms,168191,102.028,0.201479
168223ms,168223,102.600,0.199486
168288ms,168288,102.890,0.204373
168320ms,168320,103.263,0.204586
168352ms,168352,103.476,0.205048
168384ms,168384,103.590,0.203440
168431ms,168431,103.765,0.206943
168463ms,168463,103.940,0.204183
168495ms,168495,103.637,0.202066
168527ms,168527,103.656,0.206415
168559ms,168559,103.814,0.209134
168591ms,168591,103.748,0.202787
168623ms,168623,103.677,0.202655
168656ms,168656,103.841,0.206431
168687ms,168687,103.766,0.206271
168720ms,168720,103.768,0.205174
168752ms,168752,103.812,0.206522
168784ms,168784,103.816,0.203886
168831ms,168831,103.842,0.203850
168863ms,168863,103.703,0.204343
168895ms,168895,103.387,0.203117
168959ms,168959,102.724,0.201030
169087ms,169087,101.705,0.199388
169327ms,169327,101.170,0.199037
169391ms,169391,101.379,0.199015
169487ms,169487,101.551,0.198687
169520ms,169520,101.684,0.197943
169552ms,169552,101.885,0.197041
169727ms,169727,102.495,0.200699
169759ms,169759,102.934,0.202344
169792ms,169792,103.161,0.204396
169824ms,169824,103.320,0.202048
169856ms,169856,103.468,0.202608
169887ms,169887,103.699,0.203998
169920ms,169920,103.703,0.204521
169967ms,169967,103.739,0.204367
169999ms,169999,103.749,0.210285
170031ms,170031,103.920,0.202252
170063ms,170063,103.669,0.203092
170096ms,170096,103.709,0.203480
170128ms,170128,103.776,0.205131
170160ms,170160,103.637,0.202736
170192ms,170192,103.607,0.201819
170224ms,170224,103.724,0.204397
170256ms,170256,103.682,0.203623
170288ms,170288,103.679,0.204160
170335ms,170335,103.889,0.205165
170367ms,170367,103.700,0.204351
170399ms,170399,103.161,0.204734
170431ms,170431,103.002,0.201747
170463ms,170463,102.504,0.199855
170496ms,170496,102.289,0.199635
170863ms,170863,101.559,0.203688
170895ms,170895,101.452,0.199038
171023ms,171023,101.851,0.197499
171056ms,171056,101.622,0.198297
171103ms,171103,101.928,0.200766
171135ms,171135,101.993,0.199134
171167ms,171167,102.105,0.201327
171264ms,171264,103.102,0.208621
171295ms,171295,103.303,0.201523
171328ms,171328,103.299,0.203448
171392ms,171392,103.575,0.204392
171424ms,171424,103.720,0.204683
171456ms,171456,103.961,0.205064
171503ms,171503,103.899,0.202003
171535ms,171535,103.733,0.207934
171599ms,171599,103.992,0.204034
171631ms,171631,103.810,0.202961
171664ms,171664,103.711,0.205544
171696ms,171696,103.804,0.204788
171727ms,171727,103.806,0.204309
171760ms,171760,103.886,0.209102
171792ms,171792,103.701,0.210922
171824ms,171824,103.682,0.204512
171871ms,171871,103.339,0.204609
172031ms,172031,101.734,0.203745
172528ms,172528,101.723,0.197613
172607ms,172607,102.182,0.198687
172639ms,172639,102.044,0.201287
172767ms,172767,103.309,0.204902
172799ms,172799,103.389,0.201947
172832ms,172832,103.617,0.202668
172864ms,172864,103.819,0.204057
172896ms,172896,103.665,0.204557
172928ms,172928,103.680,0.203759
172959ms,172959,103.757,0.202609
173007ms,173007,103.842,0.208834
173039ms,173039,103.838,0.202744
173071ms,173071,103.803,0.203500
173103ms,173103,103.667,0.204715
173135ms,173135,103.879,0.204739
173167ms,173167,103.620,0.202491
173200ms,173200,103.645,0.205094
173232ms,173232,103.613,0.204379
173264ms,173264,103.805,0.202623
173296ms,173296,103.851,0.204179
173328ms,173328,103.542,0.203840
173375ms,173375,103.239,0.205316
173439ms,173439,102.356,0.200340
173471ms,173471,102.209,0.198469
173503ms,173503,102.048,0.198258
173839ms,173839,101.395,0.203272
174143ms,174143,102.287,0.201090
174207ms,174207,102.925,0.210456
174239ms,174239,103.196,0.202934
174271ms,174271,103.409,0.201981
174304ms,174304,103.385,0.205003
174336ms,174336,103.799,0.203854
174431ms,174431,103.749,0.204776
174464ms,174464,103.888,0.206624
174511ms,174511,103.656,0.205713
174543ms,174543,103.672,0.202887
174575ms,174575,103.710,0.204346
174607ms,174607,103.885,0.205032
174639ms,174639,103.798,0.202560
174671ms,174671,103.785,0.202454
174703ms,174703,103.648,0.204706
174736ms,174736,103.655,0.203620
174768ms,174768,103.847,0.204442
174799ms,174799,103.542,0.204566
174831ms,174831,103.277,0.203025
174879ms,174879,102.985,0.203057
174911ms,174911,102.510,0.202250
174943ms,174943,102.416,0.199385
174975ms,174975,102.156,0.198754
175039ms,175039,101.521,0.199602
175343ms,175343,101.331,0.197799
175504ms,175504,101.617,0.197698
175536ms,175536,102.034,0.198988
175600ms,175600,102.173,0.203960
175679ms,175679,102.827,0.202440
175711ms,175711,103.070,0.208817
175743ms,175743,103.398,0.203053
175775ms,175775,103.436,0.206443
175807ms,175807,103.773,0.203502
175840ms,175840,103.672,0.203118
175872ms,175872,103.890,0.205297
175904ms,175904,103.830,0.203828
175936ms,175936,103.708,0.204195
175999ms,175999,103.801,0.203060
176047ms,176047,103.681,0.205430
176079ms,176079,103.741,0.204304
176111ms,176111,103.669,0.203562
176143ms,176143,103.699,0.202756
176175ms,176175,103.690,0.204159
176207ms,176207,103.662,0.204109
176239ms,176239,104.032,0.203402
176272ms,176272,103.799,0.203487
176336ms,176336,102.943,0.201278
176367ms,176367,102.501,0.200832
176511ms,176511,101.571,0.201655
176879ms,176879,101.305,0.201710
176976ms,176976,101.899,0.197887
177040ms,177040,102.094,0.198923
177135ms,177135,102.880,0.199662
177215ms,177215,103.050,0.200474
177247ms,177247,103.312,0.201542
177279ms,177279,103.623,0.203692
177311ms,177311,103.879,0.203664
177343ms,177343,103.873,0.203326
177439ms,177439,103.697,0.205741
177472ms,177472,103.687,0.203139
177504ms,177504,103.637,0.204234
177551ms,177551,103.701,0.205161
177583ms,177583,103.765,0.205856
177615ms,177615,103.734,0.202326
177647ms,177647,103.644,0.203125
177679ms,177679,103.738,0.203945
177711ms,177711,103.863,0.205787
177743ms,177743,103.842,0.204406
177776ms,177776,103.466,0.203566
177840ms,177840,102.737,0.201335
177872ms,177872,102.489,0.200978
177919ms,177919,102.264,0.198577
177951ms,177951,101.902,0.201623
178287ms,178287,101.318,0.199886
178351ms,178351,101.453,0.200956
178383ms,178383,101.363,0.198508
178415ms,178415,101.514,0.197983
178447ms,178447,101.854,0.196749
178479ms,178479,101.593,0.198566
178512ms,178512,102.095,0.199730
178544ms,178544,101.988,0.199932
178576ms,178576,102.339,0.201959
178687ms,178687,103.134,0.201834
178719ms,178719,103.196,0.201970
178751ms,178751,103.445,0.203327
178783ms,178783,103.724,0.205645
178815ms,178815,103.808,0.204820
178847ms,178847,103.747,0.203523
178879ms,178879,103.818,0.202884
178912ms,178912,103.712,0.202606
178943ms,178943,103.689,0.202628
178976ms,178976,103.701,0.203818
179007ms,179007,103.770,0.205529
179055ms,179055,103.896,0.203419
179087ms,179087,103.654,0.203402
179119ms,179119,103.889,0.206465
179151ms,179151,103.933,0.203497
179183ms,179183,103.727,0.203070
179247ms,179247,103.456,0.204948
179279ms,179279,103.158,0.203154
179311ms,179311,102.870,0.201110
179343ms,179343,102.469,0.201448
179375ms,179375,102.295,0.199697
179408ms,179408,101.944,0.199221
179519ms,179519,101.348,0.198328
179744ms,179744,101.498,0.202893
179919ms,179919,101.779,0.198086
179951ms,179951,101.775,0.198359
179983ms,179983,102.072,0.203301
180047ms,180047,102.032,0.202522
180079ms,180079,102.545,0.200760
180112ms,180112,102.797,0.200502
180144ms,180144,103.072,0.212017
180191ms,180191,103.214,0.202322
180223ms,180223,103.424,0.202697
180255ms,180255,103.550,0.203535
180287ms,180287,103.872,0.204407
180319ms,180319,103.780,0.208146
180351ms,180351,103.839,0.204634
180415ms,180415,103.790,0.204084
180448ms,180448,103.714,0.204684
180480ms,180480,103.678,0.203959
180512ms,180512,103.782,0.203699
180544ms,180544,103.795,0.204456
180591ms,180591,103.707,0.204904
180623ms,180623,103.721,0.205683
180687ms,180687,103.832,0.202581
180719ms,180719,103.682,0.203603
180751ms,180751,103.508,0.203213
180848ms,180848,102.439,0.199490
180879ms,180879,102.104,0.199414
181280ms,181280,101.552,0.198719
181391ms,181391,101.818,0.198404
181423ms,181423,101.749,0.197692
181455ms,181455,102.050,0.200102
181519ms,181519,102.135,0.200909
181551ms,181551,102.499,0.200398
181583ms,181583,102.857,0.200742
181648ms,181648,103.063,0.201211
181680ms,181680,103.220,0.202326
181727ms,181727,103.637,0.203882
181759ms,181759,103.812,0.204923
181791ms,181791,103.550,0.204018
181823ms,181823,103.615,0.202825
181855ms,181855,103.714,0.203567
181887ms,181887,103.713,0.205671
181919ms,181919,103.721,0.203670
181983ms,181983,103.657,0.203170
182016ms,182016,103.859,0.202503
182048ms,182048,103.711,0.202749
182095ms,182095,103.686,0.204396
182127ms,182127,103.679,0.203405
182159ms,182159,103.853,0.202772
182223ms,182223,103.376,0.203070
182320ms,182320,102.491,0.199560
182352ms,182352,102.285,0.199048
182384ms,182384,101.905,0.198142
182784ms,182784,101.472,0.200058
182927ms,182927,101.910,0.199696
182991ms,182991,101.903,0.200295
183023ms,183023,102.349,0.202441
183119ms,183119,103.204,0.204344
183152ms,183152,103.366,0.201443
183184ms,183184,103.575,0.203740
183231ms,183231,103.674,0.203667
183263ms,183263,103.764,0.205990
183295ms,183295,103.812,0.203426
183327ms,183327,103.659,0.203820
183359ms,183359,103.889,0.204266
183391ms,183391,103.671,0.202874
183424ms,183424,103.801,0.205490
183456ms,183456,103.791,0.202699
183488ms,183488,103.758,0.202800
183520ms,183520,103.698,0.203238
183552ms,183552,103.811,0.206550
183584ms,183584,103.708,0.203688
183663ms,183663,103.585,0.208084
183695ms,183695,103.487,0.203650
183727ms,183727,103.119,0.204598
183791ms,183791,102.458,0.200636
183824ms,183824,102.324,0.198444
183856ms,183856,101.940,0.199439
183951ms,183951,101.477,0.197910
184191ms,184191,101.398,0.200400
184319ms,184319,101.480,0.198179
184367ms,184367,101.890,0.197816
184399ms,184399,101.504,0.198208
184463ms,184463,102.029,0.199712
184495ms,184495,102.062,0.201187
184591ms,184591,103.080,0.206306
184624ms,184624,103.492,0.202321
184656ms,184656,103.179,0.201756
184688ms,184688,103.609,0.204377
184735ms,184735,103.732,0.205781
184767ms,184767,103.845,0.205664
184799ms,184799,103.784,0.208713
184831ms,184831,103.844,0.207119
184863ms,184863,103.709,0.204983
184895ms,184895,103.687,0.204342
184927ms,184927,103.866,0.203612
184959ms,184959,103.646,0.204925
184991ms,184991,103.735,0.204656
185024ms,185024,103.703,0.206989
185055ms,185055,103.741,0.204573
185087ms,185087,103.764,0.203620
185135ms,185135,103.883,0.204605
185167ms,185167,103.766,0.203868
185199ms,185199,103.422,0.203523
185263ms,185263,102.571,0.202538
185295ms,185295,102.345,0.199518
185392ms,185392,101.526,0.201345
185424ms,185424,101.547,0.199013
185663ms,185663,101.447,0.201163
185696ms,185696,101.356,0.199338
185727ms,185727,101.301,0.198370
185760ms,185760,101.364,0.198090
185791ms,185791,101.542,0.197885
185824ms,185824,101.826,0.197286
185855ms,185855,101.718,0.197523
185935ms,185935,102.003,0.198883
185967ms,185967,101.992,0.201352
186031ms,186031,102.855,0.200039
186063ms,186063,102.893,0.203157
186095ms,186095,103.444,0.203721
186159ms,186159,103.519,0.203787
186192ms,186192,103.781,0.204106
186224ms,186224,103.688,0.204590
186271ms,186271,103.721,0.206515
186303ms,186303,103.687,0.203051
186335ms,186335,103.701,0.203411
186367ms,186367,103.728,0.204141
186399ms,186399,103.769,0.202693
186432ms,186432,103.893,0.205320
186463ms,186463,103.861,0.206139
186495ms,186495,103.872,0.203185
186528ms,186528,103.784,0.204938
186560ms,186560,103.735,0.204351
186592ms,186592,103.901,0.204238
186671ms,186671,103.463,0.205212
186767ms,186767,102.420,0.200119
186799ms,186799,102.433,0.198279
187167ms,187167,101.285,0.201468
187231ms,187231,101.444,0.198344
187296ms,187296,101.862,0.197147
187327ms,187327,101.684,0.196912
187360ms,187360,101.706,0.199557
187439ms,187439,102.142,0.199739
187471ms,187471,102.293,0.201101
187503ms,187503,102.825,0.200524
187567ms,187567,103.068,0.202332
187631ms,187631,103.407,0.203657
187664ms,187664,103.694,0.204372
187696ms,187696,103.665,0.204384
187728ms,187728,103.897,0.204092
187775ms,187775,103.812,0.210923
187807ms,187807,103.661,0.204141
187839ms,187839,103.653,0.205482
187871ms,187871,103.718,0.205004
187904ms,187904,103.809,0.202688
187935ms,187935,103.689,0.205536
187967ms,187967,103.623,0.204036
188000ms,188000,103.608,0.203546
188032ms,188032,103.623,0.202121
188063ms,188063,103.722,0.203810
188095ms,188095,103.737,0.203689
188128ms,188128,103.678,0.203723
188175ms,188175,103.302,0.202952
188239ms,188239,102.454,0.200992
188303ms,188303,101.965,0.198811
188367ms,188367,101.624,0.198555
188400ms,188400,101.325,0.198199
188639ms,188639,101.359,0.201127
188671ms,188671,101.389,0.199948
188703ms,188703,101.272,0.198719
188736ms,188736,101.284,0.199509
188767ms,188767,101.367,0.196794
188831ms,188831,101.621,0.199228
188911ms,188911,101.947,0.199380
188943ms,188943,102.156,0.200754
188975ms,188975,102.519,0.200584
189007ms,189007,102.887,0.200607
189039ms,189039,102.957,0.217278
189071ms,189071,103.420,0.201599
189103ms,189103,103.460,0.201895
189199ms,189199,103.847,0.203287
189231ms,189231,103.797,0.205063
189264ms,189264,103.811,0.203304
189311ms,189311,103.785,0.203686
189343ms,189343,103.742,0.204114
189375ms,189375,103.837,0.206518
189407ms,189407,103.758,0.202794
189439ms,189439,103.791,0.206039
189472ms,189472,103.735,0.204407
189504ms,189504,103.690,0.204141
189536ms,189536,103.641,0.203996
189568ms,189568,103.957,0.207164
189600ms,189600,103.737,0.203980
189711ms,189711,102.672,0.206794
189743ms,189743,102.403,0.199310
189776ms,189776,102.091,0.199577
189839ms,189839,101.687,0.201470
190111ms,190111,101.488,0.200038
190143ms,190143,101.296,0.198875
190207ms,190207,101.283,0.196429
190272ms,190272,101.745,0.197882
190303ms,190303,101.791,0.198094
190336ms,190336,102.118,0.198750
190367ms,190367,102.083,0.199214
190400ms,190400,101.945,0.200484
190447ms,190447,102.582,0.201049
190479ms,190479,102.846,0.200618
190511ms,190511,102.952,0.205780
190575ms,190575,103.303,0.203813
190607ms,190607,103.545,0.203206
190639ms,190639,103.776,0.202826
190671ms,190671,103.670,0.206957
190704ms,190704,103.596,0.204641
190735ms,190735,103.917,0.203887
190767ms,190767,103.771,0.203175
190815ms,190815,103.718,0.202614
190847ms,190847,103.688,0.206849
190879ms,190879,103.686,0.205940
190911ms,190911,103.892,0.204282
190943ms,190943,103.670,0.204000
190975ms,190975,103.802,0.207252
191007ms,191007,103.674,0.202610
191040ms,191040,103.806,0.204215
191071ms,191071,103.750,0.203599
191103ms,191103,103.389,0.203619
191183ms,191183,102.640,0.201311
191215ms,191215,102.456,0.200429
191311ms,191311,101.547,0.204339
191375ms,191375,101.615,0.198939
191615ms,191615,101.474,0.197804
191647ms,191647,101.340,0.199434
191679ms,191679,101.488,0.197536
191743ms,191743,101.714,0.197508
191776ms,191776,101.967,0.197967
191872ms,191872,102.176,0.199361
191904ms,191904,102.486,0.200436
191951ms,191951,102.633,0.199083
191983ms,191983,102.909,0.204204
192015ms,192015,103.291,0.201510
192047ms,192047,103.525,0.202940
192111ms,192111,103.775,0.203533
192143ms,192143,103.786,0.204302
192175ms,192175,103.777,0.203750
192207ms,192207,103.860,0.202977
192239ms,192239,103.767,0.202416
192271ms,192271,103.930,0.202674
192303ms,192303,103.698,0.202683
192351ms,192351,103.807,0.204105
192383ms,192383,103.678,0.205960
192415ms,192415,103.939,0.202417
192447ms,192447,103.739,0.203396
192479ms,192479,103.868,0.202948
192511ms,192511,103.888,0.208294
192544ms,192544,103.718,0.205359
192575ms,192575,103.515,0.202829
192608ms,192608,103.343,0.203303
192671ms,192671,102.464,0.200013
192719ms,192719,102.062,0.200926
192751ms,192751,102.030,0.198688
192976ms,192976,101.332,0.197657
193119ms,193119,101.410,0.200143
193215ms,193215,101.476,0.199579
193279ms,193279,101.687,0.197982
193311ms,193311,102.135,0.200881
193375ms,193375,102.069,0.201252
193407ms,193407,102.393,0.207057
193439ms,193439,102.862,0.204397
193439ms,193439,102.862,0.204397
193487ms,193487,102.940,0.200981
193487ms,193487,102.940,0.200981
193519ms,193519,103.114,0.202073
193519ms,193519,103.114,0.202073
193583ms,193583,103.583,0.206338
193615ms,193615,103.894,0.203789
193647ms,193647,103.989,0.203422
193679ms,193679,103.869,0.203358
193711ms,193711,103.945,0.204156
193744ms,193744,103.761,0.202738
193776ms,193776,103.985,0.203581
193808ms,193808,103.755,0.204453
193855ms,193855,103.747,0.202910
193887ms,193887,103.844,0.203703
193919ms,193919,103.780,0.203755
193951ms,193951,103.780,0.203599
193983ms,193983,103.791,0.205962
194015ms,194015,103.892,0.202761
194047ms,194047,103.710,0.206493
194079ms,194079,103.449,0.201772
194112ms,194112,103.157,0.201591
194176ms,194176,102.332,0.200649
194223ms,194223,102.202,0.198208
194687ms,194687,101.372,0.196542
194719ms,194719,101.556,0.197871
194751ms,194751,101.860,0.198527
194783ms,194783,101.735,0.197547
194847ms,194847,102.030,0.198832
194880ms,194880,101.948,0.201153
194911ms,194911,102.617,0.202857
194944ms,194944,102.896,0.200541
194991ms,194991,103.108,0.202845
195023ms,195023,103.248,0.204240
195087ms,195087,103.675,0.205591
195119ms,195119,103.934,0.203491
195151ms,195151,103.896,0.204637
195184ms,195184,103.965,0.203244
195215ms,195215,103.753,0.202842
195248ms,195248,103.738,0.204698
195279ms,195279,103.930,0.203202
195312ms,195312,103.771,0.204055
195359ms,195359,103.724,0.203480
195391ms,195391,103.937,0.203607
195423ms,195423,103.772,0.203223
195455ms,195455,103.913,0.203299
195487ms,195487,103.850,0.204001
195519ms,195519,103.829,0.205036
195552ms,195552,103.610,0.205101
195584ms,195584,103.406,0.203986
196079ms,196079,101.428,0.203957
196127ms,196127,101.431,0.198890
196159ms,196159,101.562,0.198938
196223ms,196223,101.678,0.197521
196319ms,196319,102.022,0.198958
196415ms,196415,102.636,0.199950
196495ms,196495,103.065,0.200653
196527ms,196527,103.397,0.202430
196559ms,196559,103.658,0.205279
196591ms,196591,103.833,0.204868
196623ms,196623,103.766,0.204535
196656ms,196656,103.758,0.203334
196687ms,196687,104.087,0.202899
196720ms,196720,103.882,0.202589
196751ms,196751,103.799,0.204490
196784ms,196784,103.669,0.203616
196815ms,196815,103.828,0.207063
196863ms,196863,103.894,0.204162
196895ms,196895,103.783,0.203120
196927ms,196927,103.874,0.202759
196959ms,196959,103.811,0.204454
196991ms,196991,103.859,0.204683
197023ms,197023,103.676,0.204395
197055ms,197055,103.457,0.202699
197152ms,197152,102.584,0.199369
197184ms,197184,102.278,0.198832
197631ms,197631,101.290,0.200724
197663ms,197663,101.180,0.199881
197695ms,197695,101.595,0.198286
197759ms,197759,101.740,0.197900
197791ms,197791,102.008,0.199758
197888ms,197888,102.656,0.200439
197920ms,197920,102.821,0.201578
197952ms,197952,103.152,0.210998
197984ms,197984,103.590,0.202752
198031ms,198031,103.490,0.205606
198063ms,198063,103.554,0.205406
198095ms,198095,103.929,0.204412
198159ms,198159,103.781,0.204459
198191ms,198191,103.851,0.203933
198224ms,198224,103.778,0.205155
198256ms,198256,103.860,0.203083
198288ms,198288,103.981,0.203205
198319ms,198319,103.708,0.202446
198351ms,198351,103.906,0.205127
198399ms,198399,103.880,0.204894
198431ms,198431,103.767,0.205179
198463ms,198463,103.901,0.203874
198495ms,198495,103.972,0.210356
198527ms,198527,103.642,0.204017
198559ms,198559,103.441,0.202663
198656ms,198656,102.515,0.199662
198687ms,198687,101.978,0.198889
199056ms,199056,101.475,0.197256
199087ms,199087,101.376,0.199508
199120ms,199120,101.530,0.196849
199199ms,199199,101.857,0.197245
199231ms,199231,101.691,0.201357
199295ms,199295,102.143,0.199546
199359ms,199359,102.380,0.204171
199423ms,199423,102.953,0.203673
199456ms,199456,103.262,0.201772
199487ms,199487,103.517,0.202368
199567ms,199567,103.956,0.203910
199631ms,199631,103.932,0.202270
199663ms,199663,103.765,0.203306
199727ms,199727,103.730,0.202941
199760ms,199760,103.855,0.202740
199792ms,199792,103.895,0.202128
199823ms,199823,103.747,0.203934
199856ms,199856,103.766,0.203044
199904ms,199904,103.665,0.202828
199935ms,199935,103.656,0.203693
199967ms,199967,103.651,0.203877
199999ms,199999,103.837,0.204580
200031ms,200031,103.551,0.202565
200063ms,200063,103.195,0.207024
200127ms,200127,102.420,0.199563
200159ms,200159,102.322,0.199061
200560ms,200560,101.248,0.199065
200591ms,200591,101.315,0.198038
200624ms,200624,101.420,0.197755
200671ms,200671,101.678,0.198743
200703ms,200703,101.633,0.197240
200735ms,200735,101.647,0.199022
200767ms,200767,102.062,0.202574
200864ms,200864,102.626,0.201244
200896ms,200896,102.829,0.201389
200928ms,200928,103.122,0.209885
200959ms,200959,103.483,0.202239
201024ms,201024,103.582,0.205089
201071ms,201071,103.928,0.204189
201103ms,201103,104.010,0.204136
201167ms,201167,103.671,0.203625
201199ms,201199,103.914,0.204078
201231ms,201231,103.822,0.203720
201264ms,201264,103.879,0.203430
201296ms,201296,103.895,0.204793
201327ms,201327,103.774,0.204381
201360ms,201360,103.879,0.205708
201392ms,201392,103.923,0.206117
201439ms,201439,103.724,0.203729
201471ms,201471,103.917,0.204112
201503ms,201503,103.824,0.205383
201535ms,201535,103.542,0.202675
201567ms,201567,102.996,0.201597
201599ms,201599,102.648,0.200249
201631ms,201631,102.459,0.200180
202063ms,202063,101.407,0.201248
202096ms,202096,101.452,0.197274
202175ms,202175,101.641,0.197670
202207ms,202207,101.987,0.197902
202271ms,202271,102.152,0.199224
202303ms,202303,101.952,0.200648
202335ms,202335,102.627,0.200793
202367ms,202367,102.726,0.200225
202431ms,202431,103.348,0.205064
202463ms,202463,103.370,0.203240
202495ms,202495,103.393,0.203021
202528ms,202528,103.645,0.206123
202575ms,202575,103.798,0.204923
202607ms,202607,103.901,0.205568
202639ms,202639,103.713,0.203455
202671ms,202671,103.686,0.203393
202703ms,202703,103.856,0.202964
202735ms,202735,103.831,0.204188
202767ms,202767,103.827,0.201991
202799ms,202799,103.789,0.202649
202832ms,202832,103.948,0.202579
202864ms,202864,103.835,0.203490
202896ms,202896,103.769,0.203541
202943ms,202943,103.877,0.202787
202975ms,202975,103.799,0.204088
203007ms,203007,103.449,0.202119
203039ms,203039,103.055,0.202056
203071ms,203071,102.811,0.200713
203103ms,203103,102.504,0.201251
203136ms,203136,102.353,0.199362
203168ms,203168,102.011,0.197604
203200ms,203200,101.516,0.203311
203503ms,203503,101.533,0.200231
203535ms,203535,101.310,0.199369
203599ms,203599,101.405,0.197040
203631ms,203631,101.536,0.197987
203711ms,203711,101.804,0.199035
203775ms,203775,102.065,0.200462
203807ms,203807,102.262,0.199897
203871ms,203871,102.823,0.201135
203904ms,203904,103.253,0.205376
203936ms,203936,103.347,0.202254
203968ms,203968,103.372,0.201859
204000ms,204000,103.599,0.206698
204032ms,204032,103.941,0.205692
204079ms,204079,103.946,0.204862
204111ms,204111,103.790,0.202607
204143ms,204143,103.755,0.203777
204175ms,204175,103.822,0.204163
204207ms,204207,103.843,0.202856
204239ms,204239,103.691,0.205880
204271ms,204271,103.845,0.204477
204303ms,204303,103.896,0.203529
204335ms,204335,103.697,0.205591
204368ms,204368,103.837,0.204445
204400ms,204400,103.892,0.203048
204432ms,204432,103.868,0.209254
204479ms,204479,103.661,0.203575
204543ms,204543,103.033,0.202222
204575ms,204575,102.518,0.201190
204607ms,204607,102.506,0.199833
204639ms,204639,102.108,0.198540
204671ms,204671,101.928,0.199252
205007ms,205007,101.362,0.201066
205071ms,205071,101.451,0.201721
205135ms,205135,101.801,0.197236
205168ms,205168,101.633,0.198552
205279ms,205279,102.016,0.200616
205375ms,205375,103.020,0.200174
205407ms,205407,103.252,0.202753
205439ms,205439,103.509,0.202406
205471ms,205471,103.567,0.206633
205503ms,205503,103.812,0.203642
205536ms,205536,103.830,0.204229
205567ms,205567,103.759,0.204149
205615ms,205615,103.781,0.204406
205647ms,205647,103.868,0.205125
205679ms,205679,103.751,0.203083
205711ms,205711,103.799,0.203282
205744ms,205744,103.814,0.203784
205775ms,205775,103.857,0.203617
205839ms,205839,103.992,0.202952
205872ms,205872,103.674,0.203631
205904ms,205904,103.989,0.208562
205936ms,205936,103.818,0.204990
205984ms,205984,103.464,0.202487
206047ms,206047,102.731,0.201357
206079ms,206079,102.421,0.200388
206111ms,206111,102.125,0.198590
206479ms,206479,101.505,0.201382
206608ms,206608,101.826,0.198783
206672ms,206672,101.781,0.198218
206704ms,206704,102.108,0.197428
206751ms,206751,102.196,0.200716
206783ms,206783,102.373,0.202329
206847ms,206847,103.000,0.201298
206879ms,206879,103.373,0.205728
206911ms,206911,103.607,0.202988
206943ms,206943,103.511,0.202437
206975ms,206975,103.787,0.208498
207008ms,207008,103.697,0.204462
207040ms,207040,103.710,0.202548
207071ms,207071,103.746,0.203796
207119ms,207119,103.679,0.202413
207151ms,207151,103.836,0.205270
207183ms,207183,103.905,0.203270
207215ms,207215,103.974,0.202536
207311ms,207311,103.810,0.204711
207344ms,207344,103.857,0.204404
207375ms,207375,103.887,0.204321
207407ms,207407,103.794,0.207020
207440ms,207440,103.581,0.202945
207487ms,207487,103.322,0.204285
207519ms,207519,102.822,0.200991
207551ms,207551,102.455,0.200890
207583ms,207583,102.308,0.197646
207615ms,207615,101.975,0.198332
207647ms,207647,101.806,0.198375
207808ms,207808,101.350,0.198963
207951ms,207951,101.543,0.206319
207983ms,207983,101.230,0.201028
208016ms,208016,101.549,0.197471
208047ms,208047,101.409,0.200924
208079ms,208079,101.607,0.201374
208111ms,208111,102.007,0.197180
208144ms,208144,101.825,0.199130
208176ms,208176,102.148,0.199667
208319ms,208319,102.831,0.203842
208351ms,208351,103.165,0.206713
208416ms,208416,103.503,0.204646
208479ms,208479,103.755,0.206011
208511ms,208511,103.856,0.203047
208544ms,208544,103.965,0.205452
208576ms,208576,103.811,0.203361
208608ms,208608,103.813,0.205638
208655ms,208655,103.821,0.204639
208687ms,208687,103.690,0.205728
208719ms,208719,103.788,0.203565
208751ms,208751,103.949,0.203233
208783ms,208783,103.833,0.207153
208815ms,208815,103.720,0.203506
208847ms,208847,103.786,0.207378
208879ms,208879,103.815,0.203173
208912ms,208912,103.513,0.203121
209023ms,209023,102.517,0.201257
209055ms,209055,102.183,0.198911
209087ms,209087,102.085,0.197911
209423ms,209423,101.529,0.205056
209455ms,209455,101.339,0.199757
209487ms,209487,101.361,0.196477
209616ms,209616,101.804,0.198285
209712ms,209712,102.188,0.202065
209744ms,209744,102.473,0.201233
209791ms,209791,102.820,0.202340
209823ms,209823,103.117,0.208340
209855ms,209855,103.175,0.202076
209887ms,209887,103.206,0.202363
209919ms,209919,103.587,0.203624
209983ms,209983,104.002,0.204199
210016ms,210016,103.658,0.204305
210048ms,210048,103.875,0.202929
210079ms,210079,103.867,0.203547
210111ms,210111,103.831,0.203835
210159ms,210159,103.798,0.202773
210191ms,210191,103.866,0.204625
210223ms,210223,103.885,0.205224
210255ms,210255,103.931,0.205077
210287ms,210287,103.811,0.204645
210320ms,210320,103.718,0.204504
210384ms,210384,103.742,0.205142
210416ms,210416,103.455,0.202631
210448ms,210448,103.071,0.202480
210527ms,210527,102.433,0.199731
210559ms,210559,101.997,0.198622
210927ms,210927,101.453,0.198425
210959ms,210959,101.288,0.196904
210991ms,210991,101.482,0.198356
211055ms,211055,101.683,0.197538
211087ms,211087,101.836,0.197814
211119ms,211119,101.785,0.198943
211215ms,211215,102.376,0.200664
211247ms,211247,102.768,0.200565
211295ms,211295,103.109,0.205861
211391ms,211391,103.565,0.204064
211424ms,211424,103.738,0.205997
211456ms,211456,103.668,0.204602
211487ms,211487,103.936,0.204011
211520ms,211520,103.783,0.205147
211552ms,211552,103.964,0.203146
211584ms,211584,103.844,0.204136
211616ms,211616,103.920,0.202990
211663ms,211663,103.807,0.205795
211695ms,211695,103.856,0.203887
211727ms,211727,103.765,0.203500
211759ms,211759,103.727,0.203435
211791ms,211791,103.645,0.204637
211824ms,211824,103.680,0.204236
211856ms,211856,103.779,0.204775
211887ms,211887,103.659,0.205692
211920ms,211920,103.149,0.202333
211952ms,211952,102.795,0.201882
211984ms,211984,102.551,0.201162
212095ms,212095,101.754,0.199424
212127ms,212127,101.491,0.198555
212352ms,212352,101.226,0.196898
212384ms,212384,101.496,0.201981
212431ms,212431,101.445,0.197213
212463ms,212463,101.404,0.198307
212495ms,212495,101.215,0.198629
212527ms,212527,101.740,0.197473
212591ms,212591,101.770,0.198896
212688ms,212688,102.223,0.200187
212752ms,212752,102.978,0.202189
212799ms,212799,103.280,0.200995
212831ms,212831,103.555,0.201803
212831ms,212831,103.555,0.201803
212863ms,212863,103.427,0.203286
212895ms,212895,103.698,0.206470
212927ms,212927,103.673,0.204957
212959ms,212959,103.901,0.203108
212991ms,212991,103.606,0.203484
213055ms,213055,103.829,0.202905
213087ms,213087,103.821,0.204338
213119ms,213119,103.768,0.203894
213151ms,213151,103.815,0.204337
213199ms,213199,103.850,0.203290
213231ms,213231,103.938,0.202564
213263ms,213263,103.899,0.205888
213295ms,213295,103.837,0.204414
213327ms,213327,103.923,0.204548
213359ms,213359,103.412,0.203361
213391ms,213391,103.153,0.202957
213456ms,213456,102.418,0.206183
213488ms,213488,102.331,0.199095
213567ms,213567,101.745,0.201771
213999ms,213999,101.551,0.197981
214063ms,214063,101.852,0.197793
214256ms,214256,102.989,0.211447
214288ms,214288,103.292,0.200764
214335ms,214335,103.195,0.201345
214367ms,214367,103.403,0.202615
214399ms,214399,103.804,0.204940
214463ms,214463,103.918,0.203614
214496ms,214496,103.755,0.206475
214527ms,214527,103.791,0.203388
214559ms,214559,103.991,0.203993
214592ms,214592,103.770,0.208184
214624ms,214624,103.835,0.205251
214655ms,214655,103.871,0.206496
214703ms,214703,103.916,0.203871
214735ms,214735,103.918,0.203818
214767ms,214767,103.805,0.204355
214799ms,214799,103.865,0.204018
214831ms,214831,103.726,0.204557
214863ms,214863,103.515,0.202550
214927ms,214927,102.788,0.200261
214992ms,214992,102.111,0.199519
215135ms,215135,101.541,0.198687
215359ms,215359,101.593,0.204816
215392ms,215392,101.428,0.198671
215471ms,215471,101.495,0.197439
215503ms,215503,101.508,0.198439
215535ms,215535,102.022,0.196587
215567ms,215567,101.659,0.198013
215631ms,215631,102.020,0.199663
215663ms,215663,102.214,0.202241
215695ms,215695,102.584,0.199483
215760ms,215760,103.209,0.206033
215792ms,215792,103.306,0.202892
215839ms,215839,103.413,0.203688
215871ms,215871,103.677,0.205799
215935ms,215935,103.844,0.202658
215967ms,215967,103.893,0.204163
215999ms,215999,103.895,0.202048
216031ms,216031,103.901,0.204379
216063ms,216063,103.762,0.205229
216095ms,216095,104.003,0.203450
216127ms,216127,103.619,0.202199
216159ms,216159,103.889,0.203348
216207ms,216207,103.927,0.204622
216239ms,216239,103.966,0.204174
216271ms,216271,103.901,0.202378
216303ms,216303,103.898,0.203360
216335ms,216335,103.598,0.204516
216367ms,216367,103.455,0.203896
216431ms,216431,102.372,0.200146
216464ms,216464,102.179,0.199514
216527ms,216527,101.711,0.197293
216607ms,216607,101.482,0.198220
216735ms,216735,101.408,0.200507
216975ms,216975,101.398,0.197912
217039ms,217039,101.833,0.198351
217135ms,217135,102.044,0.201374
217167ms,217167,102.680,0.200361
217200ms,217200,102.847,0.201597
217232ms,217232,102.924,0.204755
217295ms,217295,103.391,0.202598
217328ms,217328,103.565,0.202675
217375ms,217375,103.744,0.203986
217407ms,217407,103.692,0.203763
217439ms,217439,103.939,0.205212
217471ms,217471,103.937,0.202470
217503ms,217503,103.780,0.203751
217536ms,217536,103.691,0.204590
217568ms,217568,103.794,0.205804
217600ms,217600,103.887,0.204435
217632ms,217632,103.866,0.204374
217664ms,217664,103.787,0.203065
217696ms,217696,103.844,0.203937
217743ms,217743,103.980,0.204558
217775ms,217775,103.974,0.209608
217807ms,217807,103.761,0.203822
217871ms,217871,103.148,0.202333
217936ms,217936,102.507,0.199955
217968ms,217968,102.143,0.198726
218032ms,218032,101.817,0.199067
218064ms,218064,101.500,0.199092
218367ms,218367,101.380,0.198212
218400ms,218400,101.386,0.202126
218432ms,218432,101.548,0.196585
218479ms,218479,101.578,0.196867
218511ms,218511,101.870,0.197067
218543ms,218543,101.659,0.198575
218575ms,218575,102.283,0.200584
218639ms,218639,102.187,0.201025
218736ms,218736,103.091,0.201575
218767ms,218767,103.214,0.202849
218800ms,218800,103.301,0.202466
218831ms,218831,103.654,0.203734
218879ms,218879,103.788,0.206200
218911ms,218911,103.884,0.204023
218943ms,218943,103.889,0.203525
218975ms,218975,103.872,0.203705
219007ms,219007,103.849,0.204720
219039ms,219039,103.884,0.202929
219103ms,219103,104.027,0.208918
219136ms,219136,103.953,0.203294
219199ms,219199,103.868,0.203101
219247ms,219247,103.865,0.204462
219279ms,219279,103.886,0.204302
219311ms,219311,103.605,0.203333
219343ms,219343,103.475,0.204244
219407ms,219407,102.496,0.200445
219439ms,219439,102.411,0.198572
219471ms,219471,102.203,0.197286
219839ms,219839,101.241,0.200605
219872ms,219872,101.223,0.200710
220015ms,220015,101.705,0.197363
220079ms,220079,102.113,0.200718
220111ms,220111,102.122,0.200541
220143ms,220143,102.401,0.200804
220176ms,220176,102.891,0.200093
220240ms,220240,103.230,0.201971
220272ms,220272,103.349,0.202692
220304ms,220304,103.538,0.204577
220336ms,220336,103.647,0.208785
220383ms,220383,103.731,0.203940
220415ms,220415,103.943,0.204790
220447ms,220447,103.895,0.205378
220479ms,220479,103.905,0.202981
220511ms,220511,103.798,0.203988
220543ms,220543,103.869,0.204355
220575ms,220575,103.747,0.203815
220639ms,220639,103.797,0.203670
220672ms,220672,103.775,0.205112
220703ms,220703,103.909,0.204338
220736ms,220736,103.931,0.203518
220783ms,220783,103.784,0.208758
220815ms,220815,103.429,0.202648
220847ms,220847,103.146,0.203013
220911ms,220911,102.450,0.199601
220943ms,220943,102.342,0.197834
221311ms,221311,101.497,0.201392
221343ms,221343,101.291,0.202475
221376ms,221376,101.407,0.201688
221407ms,221407,101.366,0.197376
221440ms,221440,101.303,0.197732
221519ms,221519,101.659,0.198869
221551ms,221551,102.186,0.199419
221583ms,221583,101.936,0.200000
221647ms,221647,102.518,0.200597
221679ms,221679,102.903,0.204101
221711ms,221711,103.092,0.206566
221743ms,221743,103.261,0.203222
221776ms,221776,103.304,0.203469
221807ms,221807,103.642,0.204340
221840ms,221840,104.004,0.204065
221887ms,221887,104.116,0.204372
221919ms,221919,104.118,0.204605
221951ms,221951,104.028,0.205465
221983ms,221983,104.171,0.202804
222015ms,222015,104.036,0.203504
222047ms,222047,103.996,0.204464
222079ms,222079,103.929,0.205079
222111ms,222111,104.052,0.203654
222144ms,222144,103.876,0.204949
222176ms,222176,103.964,0.205425
222207ms,222207,104.107,0.203376
222240ms,222240,104.129,0.207254
222287ms,222287,103.828,0.202112
222319ms,222319,103.468,0.203994
222351ms,222351,103.055,0.200792
222383ms,222383,102.345,0.200688
222415ms,222415,102.454,0.199944
222479ms,222479,101.780,0.197739
222719ms,222719,101.441,0.199709
222847ms,222847,101.489,0.198480
222879ms,222879,101.504,0.198888
222944ms,222944,101.723,0.197685
222976ms,222976,101.757,0.197282
223087ms,223087,101.932,0.201116
223119ms,223119,102.463,0.200915
223215ms,223215,103.118,0.200737
223247ms,223247,103.288,0.203031
223280ms,223280,103.541,0.202412
223311ms,223311,103.876,0.203270
223344ms,223344,103.966,0.206811
223376ms,223376,104.027,0.205532
223423ms,223423,104.146,0.203480
223455ms,223455,104.003,0.205130
223487ms,223487,103.968,0.204018
223519ms,223519,104.108,0.202558
223551ms,223551,104.021,0.204469
223583ms,223583,103.886,0.204727
223615ms,223615,104.036,0.203561
223647ms,223647,104.153,0.203286
223680ms,223680,104.204,0.203750
223712ms,223712,104.045,0.205058
223744ms,223744,103.761,0.204712
223791ms,223791,103.593,0.202132
223823ms,223823,103.117,0.206907
223887ms,223887,102.452,0.201399
224016ms,224016,101.583,0.198390
224144ms,224144,101.503,0.200754
224191ms,224191,101.535,0.202974
224384ms,224384,101.376,0.197496
224448ms,224448,101.869,0.198294
224511ms,224511,102.209,0.199784
224687ms,224687,103.057,0.206146
224719ms,224719,103.278,0.203510
224751ms,224751,103.533,0.204071
224784ms,224784,103.828,0.203058
224816ms,224816,103.866,0.203380
224848ms,224848,103.980,0.205661
224880ms,224880,104.031,0.204718
224912ms,224912,103.960,0.203678
224959ms,224959,104.171,0.204605
224991ms,224991,104.109,0.204236
225023ms,225023,104.108,0.205606
225055ms,225055,103.974,0.204758
225087ms,225087,103.956,0.203412
225151ms,225151,104.074,0.203354
225184ms,225184,104.072,0.202931
225216ms,225216,104.102,0.204586
225247ms,225247,103.668,0.204507
225280ms,225280,103.234,0.204384
225327ms,225327,102.830,0.202577
225359ms,225359,102.521,0.199738
225423ms,225423,102.069,0.198405
225455ms,225455,101.844,0.199168
225584ms,225584,101.606,0.197963
225647ms,225647,101.670,0.198110
225727ms,225727,101.263,0.197736
225759ms,225759,101.395,0.200891
225791ms,225791,101.480,0.199031
225823ms,225823,101.368,0.199230
225856ms,225856,101.318,0.197926
225888ms,225888,101.393,0.199338
225920ms,225920,101.648,0.200316
225952ms,225952,101.707,0.198743
226063ms,226063,102.141,0.202367
226095ms,226095,102.616,0.200590
226127ms,226127,102.947,0.202266
226159ms,226159,103.171,0.209680
226191ms,226191,103.417,0.201302
226223ms,226223,103.439,0.203762
226255ms,226255,103.701,0.203891
226287ms,226287,103.871,0.202875
226319ms,226319,104.015,0.203324
226383ms,226383,104.057,0.205085
226416ms,226416,104.201,0.202270
226463ms,226463,104.146,0.203101
226495ms,226495,103.981,0.204895
226527ms,226527,104.170,0.203316
226559ms,226559,103.969,0.203491
226591ms,226591,103.939,0.202618
226623ms,226623,103.948,0.202944
226656ms,226656,104.180,0.205745
226687ms,226687,104.193,0.205290
226719ms,226719,103.733,0.202956
226784ms,226784,102.997,0.201527
226863ms,226863,102.370,0.200009
226895ms,226895,102.021,0.198522
227152ms,227152,101.453,0.199765
227199ms,227199,101.325,0.197773
227263ms,227263,101.561,0.198155
227295ms,227295,101.488,0.198670
227327ms,227327,101.348,0.196467
227423ms,227423,101.855,0.198548
227520ms,227520,102.131,0.201225
227552ms,227552,102.540,0.202529
227631ms,227631,103.116,0.208197
227663ms,227663,103.544,0.206877
227727ms,227727,103.678,0.203230
227759ms,227759,103.777,0.204437
227791ms,227791,103.786,0.203654
227823ms,227823,104.159,0.204273
227856ms,227856,104.113,0.203486
227887ms,227887,104.199,0.204717
227920ms,227920,104.045,0.204286
227967ms,227967,103.952,0.203373
227999ms,227999,104.080,0.204482
228031ms,228031,103.934,0.203522
228063ms,228063,103.836,0.203944
228095ms,228095,104.063,0.203618
228127ms,228127,104.076,0.203490
228191ms,228191,103.730,0.203128
228288ms,228288,102.580,0.201113
228320ms,228320,102.489,0.200157
228431ms,228431,101.508,0.206597
228623ms,228623,101.529,0.198374
228688ms,228688,101.343,0.199397
228767ms,228767,101.390,0.199079
228799ms,228799,101.564,0.199815
228831ms,228831,101.355,0.198123
228895ms,228895,101.938,0.199282
228928ms,228928,101.811,0.198870
228959ms,228959,102.109,0.198515
228992ms,228992,102.091,0.200781
229024ms,229024,102.532,0.200580
229056ms,229056,102.688,0.201597
229135ms,229135,103.257,0.200544
229167ms,229167,103.448,0.202265
229199ms,229199,103.453,0.203348
229231ms,229231,103.831,0.203876
229263ms,229263,103.887,0.211346
229296ms,229296,104.187,0.202912
229328ms,229328,104.077,0.202876
229360ms,229360,104.011,0.202754
229392ms,229392,104.034,0.203076
229424ms,229424,104.076,0.204090
229471ms,229471,104.106,0.203459
229503ms,229503,104.138,0.203075
229535ms,229535,104.139,0.201949
229567ms,229567,104.178,0.203784
229599ms,229599,104.134,0.203427
229631ms,229631,104.277,0.203833
229663ms,229663,103.974,0.207052
229695ms,229695,103.694,0.202389
229728ms,229728,103.207,0.203471
229792ms,229792,102.470,0.199508
229824ms,229824,102.148,0.198682
229903ms,229903,101.884,0.203027
229935ms,229935,101.611,0.198913
230239ms,230239,101.397,0.199339
230271ms,230271,101.417,0.198170
230335ms,230335,101.475,0.197009
230367ms,230367,101.699,0.199678
230399ms,230399,101.728,0.200313
230464ms,230464,102.058,0.199797
230496ms,230496,102.368,0.207998
230607ms,230607,103.141,0.208558
230639ms,230639,103.362,0.204486
230703ms,230703,103.639,0.205217
230735ms,230735,103.852,0.207480
230767ms,230767,104.074,0.203127
230799ms,230799,103.983,0.202880
230831ms,230831,104.037,0.203550
230863ms,230863,104.018,0.203505
230896ms,230896,104.034,0.204099
230928ms,230928,104.073,0.204087
230960ms,230960,104.087,0.202601
231007ms,231007,103.877,0.207268
231039ms,231039,103.997,0.203625
231071ms,231071,104.086,0.204468
231103ms,231103,104.193,0.202855
231167ms,231167,103.908,0.203260
231199ms,231199,103.441,0.204010
231231ms,231231,103.030,0.202942
231264ms,231264,102.528,0.202337
231375ms,231375,101.648,0.198529
231600ms,231600,101.474,0.200516
231664ms,231664,101.352,0.199195
231871ms,231871,101.764,0.198012
231935ms,231935,101.996,0.199341
231967ms,231967,102.166,0.200782
231999ms,231999,102.555,0.200330
232096ms,232096,103.294,0.202857
232143ms,232143,103.358,0.202702
232175ms,232175,103.691,0.203286
232207ms,232207,103.870,0.204634
232207ms,232207,103.870,0.204634
232239ms,232239,103.933,0.212594
232239ms,232239,103.933,0.212594
232271ms,232271,103.985,0.205488
232271ms,232271,103.985,0.205488
232303ms,232303,104.020,0.203590
232303ms,232303,104.020,0.203590
232335ms,232335,103.977,0.203540
232399ms,232399,104.011,0.204331
232432ms,232432,104.189,0.203567
232464ms,232464,104.188,0.202998
232511ms,232511,104.130,0.204153
232543ms,232543,104.084,0.203265
232575ms,232575,104.219,0.204255
232607ms,232607,104.203,0.204610
232639ms,232639,103.871,0.204186
232671ms,232671,103.664,0.203355
232768ms,232768,102.422,0.202677
232800ms,232800,102.238,0.200363
232832ms,232832,101.876,0.197961
232864ms,232864,101.882,0.199410
233007ms,233007,101.522,0.197753
233039ms,233039,101.634,0.199300
233072ms,233072,101.560,0.203137
233103ms,233103,101.344,0.198476
233200ms,233200,101.286,0.199150
233232ms,233232,101.402,0.199173
233279ms,233279,101.495,0.199368
233375ms,233375,101.667,0.199059
233407ms,233407,102.341,0.200885
233471ms,233471,102.083,0.202130
233536ms,233536,102.928,0.201705
233632ms,233632,103.247,0.202196
233711ms,233711,103.934,0.204795
233743ms,233743,104.074,0.204342
233775ms,233775,104.028,0.204490
233807ms,233807,104.040,0.203894
233871ms,233871,104.128,0.204365
233904ms,233904,104.045,0.203086
233936ms,233936,103.966,0.205343
233967ms,233967,104.107,0.203107
233999ms,233999,103.902,0.205147
234047ms,234047,104.038,0.204712
234079ms,234079,104.183,0.203372
234111ms,234111,103.958,0.204990
234143ms,234143,103.684,0.202241
234175ms,234175,103.407,0.204922
234239ms,234239,102.449,0.200543
234271ms,234271,102.088,0.198164
234336ms,234336,102.068,0.201334
234447ms,234447,101.219,0.198405
234511ms,234511,101.554,0.198555
234671ms,234671,101.436,0.200845
234736ms,234736,101.463,0.198161
234768ms,234768,101.572,0.198463
234815ms,234815,101.826,0.198422
234847ms,234847,101.713,0.198464
234879ms,234879,102.098,0.199187
234911ms,234911,102.104,0.199273
234943ms,234943,102.455,0.203499
235007ms,235007,102.766,0.203512
235039ms,235039,103.245,0.204351
235103ms,235103,103.296,0.202892
235136ms,235136,103.685,0.204544
235183ms,235183,103.959,0.209225
235215ms,235215,103.915,0.203801
235247ms,235247,104.083,0.205151
235279ms,235279,104.100,0.204600
235311ms,235311,103.996,0.203767
235343ms,235343,104.047,0.202739
235375ms,235375,104.121,0.202872
235407ms,235407,104.134,0.204372
235440ms,235440,104.077,0.203515
235472ms,235472,104.055,0.204768
235504ms,235504,104.132,0.203837
235551ms,235551,104.178,0.205051
235583ms,235583,104.148,0.205292
235615ms,235615,103.697,0.205269
235647ms,235647,103.347,0.205837
235679ms,235679,103.055,0.201745
235711ms,235711,102.524,0.200325
235775ms,235775,102.027,0.198031
235951ms,235951,101.511,0.199482
236047ms,236047,101.347,0.197619
236175ms,236175,101.241,0.206546
236207ms,236207,101.413,0.200235
236239ms,236239,101.444,0.197454
236319ms,236319,101.868,0.198399
236383ms,236383,102.046,0.199279
236415ms,236415,102.179,0.200708
236447ms,236447,102.340,0.201359
236479ms,236479,102.817,0.201808
236511ms,236511,103.174,0.204060
236544ms,236544,103.439,0.201346
236575ms,236575,103.249,0.202694
236639ms,236639,103.832,0.204118
236687ms,236687,104.124,0.211485
236719ms,236719,104.035,0.203898
236751ms,236751,104.051,0.203332
236783ms,236783,104.188,0.204277
236815ms,236815,104.064,0.203368
236847ms,236847,104.240,0.203455
236879ms,236879,104.139,0.203733
236912ms,236912,103.991,0.204036
236944ms,236944,103.947,0.202923
236976ms,236976,103.966,0.203445
237008ms,237008,104.066,0.203362
237040ms,237040,104.159,0.205589
237087ms,237087,104.020,0.205173
237119ms,237119,103.637,0.202524
237151ms,237151,103.154,0.203955
237215ms,237215,102.479,0.200207
237279ms,237279,101.839,0.196674
237311ms,237311,101.573,0.198685
237344ms,237344,101.592,0.198907
237455ms,237455,101.637,0.198225
237583ms,237583,101.509,0.198246
237647ms,237647,101.257,0.197105
237679ms,237679,101.447,0.199430
237744ms,237744,101.615,0.198431
237775ms,237775,101.821,0.197975
237823ms,237823,101.946,0.201310
237887ms,237887,102.198,0.199672
237983ms,237983,103.106,0.201253
238015ms,238015,103.219,0.206050
238047ms,238047,103.527,0.201622
238079ms,238079,103.683,0.204326
238111ms,238111,103.788,0.203380
238143ms,238143,103.881,0.204779
238175ms,238175,104.051,0.204134
238223ms,238223,104.094,0.204028
238255ms,238255,104.065,0.202571
238287ms,238287,104.099,0.202731
238319ms,238319,104.061,0.203485
238351ms,238351,104.144,0.205947
238383ms,238383,103.947,0.203371
238416ms,238416,103.971,0.203696
238448ms,238448,104.160,0.204395
238480ms,238480,104.184,0.203504
238512ms,238512,104.103,0.202964
238544ms,238544,104.024,0.205736
238591ms,238591,103.676,0.202366
238687ms,238687,102.344,0.201788
238751ms,238751,101.918,0.198423
238784ms,238784,101.886,0.204687
238959ms,238959,101.651,0.200247
239023ms,239023,101.350,0.197649
239055ms,239055,101.484,0.197857
239087ms,239087,101.304,0.198392
239151ms,239151,101.396,0.197328
239183ms,239183,101.408,0.199572
239215ms,239215,101.345,0.200218
239279ms,239279,101.810,0.198034
239359ms,239359,102.091,0.199395
239391ms,239391,101.982,0.200358
239423ms,239423,102.585,0.201343
239519ms,239519,103.424,0.203073
239551ms,239551,103.348,0.204973
239584ms,239584,103.608,0.205663
239616ms,239616,104.006,0.204256
239648ms,239648,104.034,0.205539
239680ms,239680,104.034,0.203869
239727ms,239727,104.068,0.205053
239759ms,239759,103.769,0.202772
239791ms,239791,104.090,0.202741
239823ms,239823,104.161,0.203112
239855ms,239855,104.031,0.203499
239887ms,239887,104.184,0.204192
239919ms,239919,104.131,0.204424
239951ms,239951,104.211,0.203148
239983ms,239983,104.198,0.203233
240016ms,240016,104.080,0.204137
240047ms,240047,103.938,0.202436
240095ms,240095,103.504,0.202666
240127ms,240127,103.182,0.203127
240159ms,240159,102.850,0.201406
240191ms,240191,102.479,0.200196
240384ms,240384,101.364,0.199027
240527ms,240527,101.368,0.198060
240591ms,240591,101.424,0.199836
240623ms,240623,101.215,0.198583
240719ms,240719,101.632,0.196841
240752ms,240752,101.838,0.197532
240784ms,240784,101.807,0.198193
240863ms,240863,102.072,0.199617
240895ms,240895,102.335,0.207876
240927ms,240927,102.773,0.201706
240959ms,240959,102.990,0.213271
240991ms,240991,103.315,0.208411
241087ms,241087,103.800,0.203850
241119ms,241119,103.968,0.208644
241152ms,241152,104.121,0.202248
241184ms,241184,104.011,0.203687
241231ms,241231,104.157,0.202790
241263ms,241263,104.076,0.203409
241295ms,241295,103.894,0.203246
241327ms,241327,103.938,0.203180
241359ms,241359,103.952,0.203394
241391ms,241391,104.048,0.204084
241423ms,241423,104.128,0.202787
241456ms,241456,104.131,0.203727
241488ms,241488,104.196,0.207665
241519ms,241519,103.954,0.204252
241552ms,241552,103.832,0.202828
241584ms,241584,103.366,0.204516
241695ms,241695,102.187,0.198314
241759ms,241759,101.871,0.199542
241824ms,241824,101.596,0.198504
241856ms,241856,101.252,0.198848
241888ms,241888,101.600,0.199184
242031ms,242031,101.347,0.198685
242095ms,242095,101.249,0.197942
242127ms,242127,101.363,0.198329
242159ms,242159,101.411,0.198039
242191ms,242191,101.475,0.197627
242224ms,242224,101.519,0.197251
242256ms,242256,101.770,0.198205
242288ms,242288,102.107,0.199059
242319ms,242319,102.127,0.199585
242352ms,242352,102.155,0.201295
242399ms,242399,102.587,0.199923
242463ms,242463,103.297,0.206124
242495ms,242495,103.251,0.201944
242559ms,242559,103.810,0.203529
242592ms,242592,103.861,0.204077
242624ms,242624,104.163,0.206871
242656ms,242656,104.076,0.203380
242688ms,242688,104.213,0.204336
242720ms,242720,103.991,0.202937
242767ms,242767,104.043,0.203934
242799ms,242799,104.010,0.203916
242831ms,242831,104.177,0.205568
242863ms,242863,104.081,0.203214
242895ms,242895,103.922,0.203663
242927ms,242927,104.123,0.203437
242959ms,242959,104.127,0.203112
242991ms,242991,104.107,0.204448
243024ms,243024,103.973,0.203577
243056ms,243056,103.589,0.203006
243087ms,243087,102.877,0.204342
243135ms,243135,102.614,0.201253
243167ms,243167,102.380,0.199943
243199ms,243199,102.024,0.200422
243263ms,243263,101.680,0.200298
243327ms,243327,101.526,0.198515
243360ms,243360,101.387,0.197402
243488ms,243488,101.363,0.198457
243535ms,243535,101.337,0.200714
243567ms,243567,101.369,0.198143
243599ms,243599,101.377,0.200320
243631ms,243631,101.420,0.198177
243695ms,243695,101.586,0.197731
243727ms,243727,101.839,0.197951
243760ms,243760,102.236,0.201635
243792ms,243792,102.059,0.198729
243824ms,243824,101.951,0.200334
243903ms,243903,102.935,0.199343
243935ms,243935,102.999,0.204261
243967ms,243967,103.233,0.204440
243999ms,243999,103.353,0.202499
244031ms,244031,103.489,0.202932
244063ms,244063,103.797,0.204838
244096ms,244096,103.716,0.212574
244127ms,244127,104.179,0.203522
244159ms,244159,103.964,0.203701
244192ms,244192,104.130,0.203515
244224ms,244224,104.018,0.204837
244271ms,244271,104.074,0.204397
244303ms,244303,104.069,0.203647
244335ms,244335,103.967,0.203531
244367ms,244367,104.058,0.203303
244399ms,244399,104.088,0.203470
244431ms,244431,104.072,0.204273
244464ms,244464,104.128,0.204564
244496ms,244496,103.881,0.203754
244528ms,244528,103.674,0.202833
244591ms,244591,102.709,0.201229
244624ms,244624,102.375,0.201313
244671ms,244671,102.411,0.198219
244703ms,244703,101.876,0.199700
244799ms,244799,101.372,0.199791
244896ms,244896,101.404,0.199183
244927ms,244927,101.504,0.199186
245071ms,245071,101.228,0.199044
245135ms,245135,101.473,0.198731
245167ms,245167,101.549,0.198035
245231ms,245231,101.690,0.198483
245264ms,245264,102.150,0.203755
245328ms,245328,102.089,0.200712
245407ms,245407,102.813,0.202909
245439ms,245439,103.081,0.211540
245471ms,245471,103.479,0.202255
245503ms,245503,103.242,0.202363
245535ms,245535,103.770,0.206101
245567ms,245567,103.883,0.205888
245600ms,245600,104.022,0.204457
245631ms,245631,103.950,0.203900
245663ms,245663,103.830,0.204333
245696ms,245696,103.740,0.205148
245728ms,245728,104.041,0.202703
245760ms,245760,103.879,0.205353
245807ms,245807,104.071,0.205082
245839ms,245839,104.091,0.203379
245871ms,245871,103.949,0.204485
245903ms,245903,103.945,0.204490
245935ms,245935,103.994,0.202911
245967ms,245967,104.119,0.208213
245999ms,245999,103.757,0.203658
246031ms,246031,103.693,0.203962
246095ms,246095,102.541,0.202071
246127ms,246127,102.355,0.199131
246399ms,246399,101.600,0.199697
246496ms,246496,101.343,0.198343
246575ms,246575,101.514,0.197361
246703ms,246703,101.763,0.198385
246767ms,246767,102.066,0.199532
246800ms,246800,102.142,0.201506
246864ms,246864,102.696,0.199327
246943ms,246943,103.057,0.201325
247007ms,247007,103.612,0.203327
247071ms,247071,103.926,0.203638
247103ms,247103,103.724,0.204024
247135ms,247135,103.827,0.205654
247167ms,247167,103.892,0.203498
247199ms,247199,103.832,0.204819
247231ms,247231,103.772,0.203332
247264ms,247264,103.821,0.205017
247311ms,247311,103.866,0.205632
247343ms,247343,103.681,0.204456
247375ms,247375,103.832,0.203800
247407ms,247407,103.870,0.203078
247439ms,247439,103.820,0.204217
247471ms,247471,103.853,0.203683
247504ms,247504,103.558,0.203100
247567ms,247567,102.814,0.200994
247599ms,247599,102.421,0.200137
247632ms,247632,102.257,0.198418
247743ms,247743,101.468,0.198713
247775ms,247775,101.483,0.198485
247903ms,247903,101.468,0.201438
247968ms,247968,101.382,0.198359
248047ms,248047,101.424,0.197608
248111ms,248111,101.428,0.197662
248143ms,248143,101.364,0.198497
248175ms,248175,101.818,0.196779
248304ms,248304,102.031,0.202092
248367ms,248367,102.716,0.200720
248399ms,248399,103.163,0.204047
248447ms,248447,103.319,0.202524
248479ms,248479,103.456,0.202022
248511ms,248511,103.505,0.204682
248543ms,248543,103.840,0.205037
248575ms,248575,103.943,0.204917
248607ms,248607,103.855,0.203760
248639ms,248639,103.732,0.205401
248671ms,248671,103.654,0.204069
248703ms,248703,103.697,0.202935
248735ms,248735,103.807,0.204596
248767ms,248767,103.846,0.205089
248815ms,248815,103.836,0.204388
248847ms,248847,103.915,0.203387
248879ms,248879,103.692,0.205349
248911ms,248911,103.912,0.203781
248943ms,248943,103.988,0.203216
248976ms,248976,103.654,0.203634
249007ms,249007,103.525,0.202744
249071ms,249071,102.878,0.201252
249103ms,249103,102.508,0.200002
249135ms,249135,102.181,0.198525
249215ms,249215,101.953,0.197201
249311ms,249311,101.234,0.198694
249407ms,249407,101.510,0.198889
249439ms,249439,101.336,0.198366
249471ms,249471,101.234,0.197571
249615ms,249615,101.399,0.197314
249647ms,249647,101.536,0.197630
249679ms,249679,101.829,0.196923
249743ms,249743,102.125,0.199629
249807ms,249807,102.406,0.201246
249839ms,249839,102.629,0.202806
249872ms,249872,102.881,0.201460
249904ms,249904,103.209,0.208288
249951ms,249951,103.220,0.206055
249983ms,249983,103.352,0.203269
250047ms,250047,103.855,0.205268
250079ms,250079,103.950,0.202742
250111ms,250111,103.861,0.203085
250144ms,250144,103.866,0.203866
250176ms,250176,103.824,0.204899
250207ms,250207,103.794,0.204183
250240ms,250240,103.644,0.204318
250272ms,250272,103.851,0.203746
250304ms,250304,103.914,0.203211
250351ms,250351,103.844,0.203503
250383ms,250383,103.854,0.205653
250415ms,250415,103.906,0.205397
250447ms,250447,103.973,0.206493
250479ms,250479,103.657,0.206798
250511ms,250511,103.401,0.203221
250544ms,250544,102.750,0.201727
250576ms,250576,102.445,0.201503
250608ms,250608,102.393,0.199409
250640ms,250640,102.018,0.200131
250719ms,250719,101.751,0.199584
250751ms,250751,101.386,0.199391
250879ms,250879,101.628,0.199090
250943ms,250943,101.250,0.201341
250976ms,250976,101.421,0.198722
251007ms,251007,101.159,0.200687
251040ms,251040,101.471,0.201994
251119ms,251119,101.402,0.197297
251151ms,251151,101.775,0.197292
251183ms,251183,101.809,0.197738
251279ms,251279,102.115,0.199705
251407ms,251407,103.343,0.205098
251519ms,251519,103.744,0.206549
251551ms,251551,103.753,0.205027
251583ms,251583,103.729,0.208284
251616ms,251616,103.871,0.203670
251647ms,251647,103.758,0.204071
251680ms,251680,103.653,0.205417
251712ms,251712,103.695,0.204595
251744ms,251744,103.687,0.204682
251775ms,251775,103.813,0.203398
251808ms,251808,103.855,0.203056
251855ms,251855,103.850,0.204249
251887ms,251887,103.825,0.202939
251919ms,251919,103.769,0.202259
251951ms,251951,103.699,0.207112
251983ms,251983,103.638,0.203880
252015ms,252015,103.244,0.202784
252047ms,252047,102.903,0.202246
252079ms,252079,102.418,0.200983
252111ms,252111,102.324,0.199166
252143ms,252143,102.059,0.198905
252351ms,252351,101.596,0.196120
252511ms,252511,101.589,0.197441
252543ms,252543,101.375,0.199168
252576ms,252576,101.418,0.197919
252623ms,252623,101.640,0.197745
252687ms,252687,101.737,0.197321
252783ms,252783,102.100,0.200671
252815ms,252815,102.245,0.202603
252879ms,252879,103.116,0.205803
252912ms,252912,103.364,0.202382
252944ms,252944,103.671,0.205415
252991ms,252991,103.619,0.205321
253023ms,253023,103.817,0.204896
253055ms,253055,104.008,0.206317
253087ms,253087,103.852,0.204057
253119ms,253119,103.939,0.202881
253151ms,253151,103.806,0.203425
253183ms,253183,103.866,0.205213
253216ms,253216,103.826,0.202615
253247ms,253247,103.773,0.204727
253280ms,253280,103.858,0.203365
253312ms,253312,103.890,0.204721
253344ms,253344,103.996,0.202680
253391ms,253391,103.715,0.204100
253423ms,253423,103.878,0.202895
253455ms,253455,103.734,0.203935
253487ms,253487,103.435,0.202660
253519ms,253519,103.061,0.204411
253584ms,253584,102.418,0.200798
253712ms,253712,101.591,0.199743
253823ms,253823,101.537,0.200679
253887ms,253887,101.480,0.199757
253919ms,253919,101.336,0.198287
253951ms,253951,101.199,0.197513
253984ms,253984,101.564,0.199383
254015ms,254015,101.315,0.197933
254127ms,254127,101.608,0.197930
254223ms,254223,102.051,0.199410
254255ms,254255,102.050,0.199397
254384ms,254384,103.069,0.204452
254415ms,254415,103.445,0.201953
254480ms,254480,103.755,0.204683
254527ms,254527,103.962,0.204506
254559ms,254559,103.883,0.202168
254591ms,254591,103.917,0.203934
254623ms,254623,103.835,0.203423
254655ms,254655,103.946,0.203555
254687ms,254687,103.855,0.203364
254719ms,254719,103.801,0.202002
254751ms,254751,103.879,0.202085
254784ms,254784,103.828,0.202313
254816ms,254816,103.717,0.202864
254848ms,254848,103.816,0.203694
254895ms,254895,104.029,0.204750
254927ms,254927,103.857,0.208973
254959ms,254959,103.776,0.203331
254991ms,254991,103.649,0.203226
255055ms,255055,102.652,0.203533
255087ms,255087,102.381,0.200339
255119ms,255119,102.417,0.199158
255151ms,255151,101.773,0.198134
255263ms,255263,101.556,0.198812
255455ms,255455,101.327,0.198838
255487ms,255487,101.561,0.201185
255519ms,255519,101.344,0.201868
255552ms,255552,101.436,0.197789
255631ms,255631,101.718,0.198392
255663ms,255663,101.592,0.197841
255695ms,255695,102.049,0.199146
255727ms,255727,102.047,0.201240
255759ms,255759,101.945,0.200201
255791ms,255791,102.550,0.201088
255823ms,255823,102.789,0.200227
255887ms,255887,103.418,0.203379
255919ms,255919,103.488,0.202299
255951ms,255951,103.540,0.204257
255984ms,255984,103.762,0.206176
256031ms,256031,103.694,0.205667
256063ms,256063,103.766,0.202809
256095ms,256095,103.987,0.205107
256127ms,256127,103.731,0.203152
256159ms,256159,103.752,0.203311
256191ms,256191,103.708,0.204336
256255ms,256255,103.769,0.204266
256288ms,256288,103.801,0.207338
256351ms,256351,103.820,0.204292
256399ms,256399,103.982,0.202515
256431ms,256431,103.864,0.204448
256463ms,256463,103.698,0.204926
256559ms,256559,102.462,0.201097
256623ms,256623,101.890,0.198893
256656ms,256656,101.839,0.200081
256799ms,256799,101.450,0.198530
256831ms,256831,101.337,0.197310
256863ms,256863,101.399,0.199629
257023ms,257023,101.569,0.200360
257088ms,257088,101.374,0.197642
257120ms,257120,101.849,0.196761
257231ms,257231,102.106,0.200149
257263ms,257263,102.251,0.201786
257295ms,257295,102.686,0.200229
257359ms,257359,103.352,0.201862
257391ms,257391,103.433,0.202787
257423ms,257423,103.479,0.202769
257456ms,257456,103.739,0.205991
257488ms,257488,103.704,0.206397
257535ms,257535,103.754,0.203337
257567ms,257567,103.731,0.205618
257599ms,257599,103.814,0.205729
257631ms,257631,103.708,0.202250
257663ms,257663,103.823,0.204000
257695ms,257695,103.920,0.204325
257727ms,257727,103.834,0.203071
257759ms,257759,103.763,0.203672
257791ms,257791,103.875,0.205581
257824ms,257824,103.948,0.203228
257856ms,257856,103.759,0.202831
257887ms,257887,103.929,0.203539
257935ms,257935,103.496,0.204146
257967ms,257967,103.250,0.204032
257999ms,257999,102.845,0.201199
258031ms,258031,102.674,0.201166
258255ms,258255,101.506,0.198088
258367ms,258367,101.481,0.199708
258431ms,258431,101.459,0.203444
258463ms,258463,101.347,0.202966
258527ms,258527,101.360,0.196962
258624ms,258624,101.736,0.198266
258671ms,258671,102.063,0.198948
258703ms,258703,102.071,0.198785
258735ms,258735,101.904,0.200548
258864ms,258864,103.311,0.201240
258896ms,258896,103.311,0.201943
258927ms,258927,103.733,0.204991
258960ms,258960,103.781,0.206510
258992ms,258992,103.871,0.203564
259024ms,259024,103.726,0.205607
259071ms,259071,103.776,0.206458
259103ms,259103,103.713,0.203608
259135ms,259135,103.828,0.203271
259167ms,259167,103.895,0.204575
259199ms,259199,103.810,0.204987
259231ms,259231,103.735,0.206564
259263ms,259263,103.767,0.205336
259295ms,259295,103.910,0.206450
259327ms,259327,103.830,0.203500
259360ms,259360,103.931,0.204402
259392ms,259392,103.863,0.204298
259439ms,259439,103.484,0.202577
259567ms,259567,102.091,0.198559
259631ms,259631,101.830,0.198473
259663ms,259663,101.498,0.198187
259760ms,259760,101.485,0.198211
259807ms,259807,101.594,0.198436
259839ms,259839,101.522,0.199249
259871ms,259871,101.386,0.200252
259903ms,259903,101.278,0.197477
259967ms,259967,101.451,0.198934
260031ms,260031,101.497,0.198217
260063ms,260063,101.704,0.198121
260127ms,260127,101.830,0.198735
260207ms,260207,102.103,0.198877
260239ms,260239,102.126,0.201034
260335ms,260335,103.177,0.203457
260367ms,260367,103.471,0.203311
260399ms,260399,103.506,0.202479
260431ms,260431,103.587,0.203994
260463ms,260463,103.737,0.204184
260496ms,260496,103.728,0.203284
260528ms,260528,103.696,0.202999
260575ms,260575,103.653,0.202141
260607ms,260607,103.907,0.205744
260639ms,260639,103.830,0.203306
260671ms,260671,104.013,0.202452
260703ms,260703,103.883,0.203258
260735ms,260735,103.836,0.203998
260767ms,260767,103.731,0.202441
260799ms,260799,103.837,0.203569
260831ms,260831,103.931,0.204355
260864ms,260864,103.918,0.205708
260896ms,260896,103.641,0.205056
260975ms,260975,102.961,0.201892
261007ms,261007,102.538,0.200957
261071ms,261071,102.053,0.200722
261343ms,261343,101.396,0.198038
261439ms,261439,101.309,0.197583
261471ms,261471,101.374,0.204866
261535ms,261535,101.443,0.202646
261567ms,261567,101.691,0.197431
261599ms,261599,101.671,0.197328
261711ms,261711,102.035,0.200693
261775ms,261775,102.628,0.200607
261807ms,261807,103.226,0.206374
261839ms,261839,103.274,0.201974
261903ms,261903,103.611,0.202574
261935ms,261935,103.696,0.203426
261967ms,261967,103.885,0.204470
261999ms,261999,103.891,0.204150
262031ms,262031,103.728,0.204195
262079ms,262079,103.731,0.206062
262111ms,262111,103.750,0.205201
262143ms,262143,103.849,0.202707
262175ms,262175,103.723,0.202442
262207ms,262207,103.689,0.204294
262239ms,262239,103.903,0.203222
262271ms,262271,103.871,0.203214
262303ms,262303,103.630,0.203151
262335ms,262335,103.942,0.206271
262367ms,262367,103.649,0.204827
262399ms,262399,103.400,0.204671
262479ms,262479,102.745,0.201406
262511ms,262511,102.359,0.200381
262607ms,262607,101.855,0.199739
262704ms,262704,101.329,0.198549
262800ms,262800,101.425,0.198869
262847ms,262847,101.280,0.197079
262975ms,262975,101.513,0.198516
263007ms,263007,101.332,0.197644
263039ms,263039,101.483,0.197739
263071ms,263071,101.839,0.196805
263311ms,263311,103.313,0.205443
263343ms,263343,103.320,0.202438
263375ms,263375,103.579,0.202492
263407ms,263407,103.833,0.204172
263439ms,263439,103.644,0.204816
263472ms,263472,103.743,0.204197
263503ms,263503,103.564,0.203567
263536ms,263536,103.663,0.203393
263568ms,263568,103.728,0.203229
263615ms,263615,103.842,0.206329
263647ms,263647,103.899,0.206964
263679ms,263679,103.794,0.204570
263711ms,263711,103.796,0.202231
263743ms,263743,103.728,0.204672
263775ms,263775,103.997,0.203133
263807ms,263807,103.815,0.205458
263840ms,263840,103.815,0.202950
263872ms,263872,103.698,0.203695
263903ms,263903,103.435,0.203760
263936ms,263936,102.910,0.202503
263983ms,263983,102.447,0.206990
264015ms,264015,102.351,0.199911
264271ms,264271,101.575,0.199215
264304ms,264304,101.492,0.198126
264447ms,264447,101.337,0.203443
264479ms,264479,101.435,0.197382
264543ms,264543,101.656,0.196681
264575ms,264575,101.807,0.198189
264640ms,264640,101.998,0.200663
264672ms,264672,102.168,0.200282
264783ms,264783,103.102,0.207867
264815ms,264815,103.470,0.203463
264847ms,264847,103.494,0.204988
264879ms,264879,103.671,0.204394
264911ms,264911,103.881,0.205284
264943ms,264943,103.994,0.209478
264975ms,264975,103.865,0.205716
265007ms,265007,103.997,0.203188
265039ms,265039,103.939,0.205229
265071ms,265071,103.858,0.205466
265119ms,265119,103.824,0.206703
265151ms,265151,103.806,0.204836
265183ms,265183,104.007,0.203766
265215ms,265215,103.806,0.203496
265247ms,265247,103.850,0.203499
265279ms,265279,103.773,0.205030
265311ms,265311,104.122,0.204792
265375ms,265375,103.664,0.203318
265407ms,265407,103.019,0.202751
265440ms,265440,102.599,0.201162
265472ms,265472,102.462,0.200789
265551ms,265551,101.873,0.198774
265583ms,265583,101.789,0.198533
265711ms,265711,101.558,0.197614
265743ms,265743,101.451,0.201029
265776ms,265776,101.549,0.198404
265807ms,265807,101.488,0.197198
265840ms,265840,101.274,0.202557
265887ms,265887,101.435,0.198877
265951ms,265951,101.381,0.199379
266015ms,266015,101.607,0.197589
266047ms,266047,101.639,0.197865
266079ms,266079,102.083,0.199105
266111ms,266111,102.064,0.199572
266144ms,266144,102.036,0.201716
266176ms,266176,102.423,0.200714
266208ms,266208,102.925,0.202888
266255ms,266255,102.901,0.202361
266287ms,266287,103.134,0.202822
266319ms,266319,103.591,0.203724
266351ms,266351,103.549,0.202456
266383ms,266383,103.844,0.203708
266415ms,266415,103.687,0.205509
266447ms,266447,103.862,0.203617
266479ms,266479,103.833,0.203172
266511ms,266511,103.843,0.203132
266544ms,266544,103.679,0.203147
266576ms,266576,103.753,0.205489
266607ms,266607,103.695,0.204369
266655ms,266655,103.788,0.204851
266687ms,266687,103.832,0.202830
266719ms,266719,103.920,0.203654
266751ms,266751,103.781,0.204281
266783ms,266783,103.978,0.206218
266816ms,266816,103.828,0.206158
266847ms,266847,103.488,0.202403
266879ms,266879,103.113,0.203082
266943ms,266943,102.375,0.201528
266976ms,266976,102.242,0.198779
267023ms,267023,101.965,0.197278
267055ms,267055,101.665,0.198490
267119ms,267119,101.420,0.198345
267216ms,267216,101.583,0.197669
267247ms,267247,101.458,0.197793
267423ms,267423,101.500,0.200557
267519ms,267519,101.634,0.196973
267552ms,267552,101.808,0.197808
267647ms,267647,102.154,0.202953
267680ms,267680,102.547,0.199911
267711ms,267711,102.941,0.201658
267744ms,267744,103.104,0.207391
267791ms,267791,103.358,0.201847
267823ms,267823,103.343,0.202939
267855ms,267855,103.517,0.205508
267887ms,267887,103.740,0.205194
267919ms,267919,103.773,0.208128
267951ms,267951,103.813,0.203540
267983ms,267983,103.917,0.204029
268016ms,268016,103.771,0.204819
268047ms,268047,103.873,0.204928
268079ms,268079,103.735,0.202283
268112ms,268112,103.783,0.203273
268159ms,268159,103.710,0.203015
268191ms,268191,103.857,0.204474
268223ms,268223,103.821,0.205410
268255ms,268255,103.921,0.205202
268287ms,268287,103.921,0.204919
268319ms,268319,103.652,0.203870
268351ms,268351,103.344,0.203347
268384ms,268384,103.044,0.201453
268416ms,268416,102.415,0.204061
268447ms,268447,102.307,0.199533
268480ms,268480,101.980,0.200303
268527ms,268527,101.719,0.198155
268591ms,268591,101.467,0.203230
268655ms,268655,101.605,0.197148
268687ms,268687,101.589,0.198676
268751ms,268751,101.469,0.197782
268848ms,268848,101.323,0.197464
268959ms,268959,101.272,0.199905
268991ms,268991,101.660,0.197933
269023ms,269023,101.702,0.197497
269055ms,269055,102.029,0.199628
269087ms,269087,102.076,0.198802
269119ms,269119,101.915,0.200565
269184ms,269184,102.567,0.201841
269215ms,269215,103.189,0.203961
269248ms,269248,103.475,0.202993
269295ms,269295,103.296,0.203533
269327ms,269327,103.568,0.203086
269359ms,269359,103.784,0.204820
269391ms,269391,103.896,0.204296
269423ms,269423,103.911,0.203680
269455ms,269455,103.892,0.203890
269487ms,269487,103.822,0.203949
269551ms,269551,103.898,0.203996
269584ms,269584,103.814,0.204700
269615ms,269615,103.945,0.202957
269663ms,269663,103.855,0.205484
269695ms,269695,103.739,0.205623
269727ms,269727,103.745,0.203058
269759ms,269759,103.708,0.203741
269791ms,269791,103.797,0.204435
269823ms,269823,103.567,0.203095
269920ms,269920,102.395,0.200936
269951ms,269951,101.943,0.204325
269984ms,269984,101.779,0.202211
270159ms,270159,101.698,0.199507
270255ms,270255,101.264,0.202464
270288ms,270288,101.348,0.198203
270463ms,270463,101.532,0.197586
270495ms,270495,101.699,0.197486
270591ms,270591,102.014,0.199873
270624ms,270624,102.486,0.200381
270687ms,270687,103.029,0.203377
270720ms,270720,103.431,0.200981
270752ms,270752,103.436,0.201982
270784ms,270784,103.447,0.204206
270831ms,270831,103.796,0.204947
270895ms,270895,103.913,0.202565
270927ms,270927,103.817,0.202892
270959ms,270959,103.823,0.203763
270991ms,270991,103.744,0.207699
271024ms,271024,103.935,0.204119
271056ms,271056,103.947,0.204061
271087ms,271087,103.853,0.205087
271119ms,271119,103.811,0.204899
271151ms,271151,103.830,0.203608
271199ms,271199,103.809,0.203995
271231ms,271231,103.865,0.207175
271263ms,271263,103.856,0.204721
271520ms,271520,101.594,0.200109
271631ms,271631,101.671,0.198504
271695ms,271695,101.604,0.198899
271727ms,271727,101.305,0.197892
271759ms,271759,101.460,0.199124
271824ms,271824,101.461,0.198972
271856ms,271856,101.430,0.198606
271920ms,271920,101.585,0.197341
271967ms,271967,101.639,0.197203
272031ms,272031,102.078,0.197988
272063ms,272063,102.088,0.198984
272159ms,272159,103.131,0.201644
272191ms,272191,103.361,0.203919
272223ms,272223,103.488,0.202046
272255ms,272255,103.474,0.203468
272288ms,272288,103.738,0.208466
272335ms,272335,103.622,0.204487
272367ms,272367,103.873,0.203246
272399ms,272399,103.837,0.203720
272431ms,272431,103.665,0.205081
272463ms,272463,103.715,0.206282
272495ms,272495,103.813,0.202877
272527ms,272527,103.786,0.202994
272560ms,272560,103.684,0.203265
272591ms,272591,103.914,0.202977
272623ms,272623,103.731,0.204436
272656ms,272656,103.871,0.205621
272703ms,272703,103.708,0.202269
272735ms,272735,103.795,0.203528
272767ms,272767,103.579,0.202540
272799ms,272799,103.084,0.202443
272863ms,272863,102.564,0.202100
272895ms,272895,102.253,0.199762
272927ms,272927,101.892,0.198389
273024ms,273024,101.501,0.198442
273056ms,273056,101.202,0.198850
273135ms,273135,101.744,0.199764
273167ms,273167,101.618,0.200369
273263ms,273263,101.515,0.200477
273327ms,273327,101.376,0.197405
273392ms,273392,101.315,0.197060
273471ms,273471,101.850,0.197969
273503ms,273503,101.904,0.199293
273599ms,273599,102.467,0.199386
273631ms,273631,102.887,0.201517
273663ms,273663,103.155,0.204767
273696ms,273696,103.349,0.201758
273760ms,273760,103.643,0.204349
273792ms,273792,103.757,0.204767
273839ms,273839,103.742,0.204867
273871ms,273871,103.747,0.204735
273903ms,273903,103.813,0.203659
273935ms,273935,104.018,0.202521
273967ms,273967,104.054,0.203008
273999ms,273999,103.885,0.203378
274031ms,274031,103.864,0.203218
274063ms,274063,103.780,0.203204
274095ms,274095,103.863,0.203944
274127ms,274127,103.887,0.203063
274160ms,274160,103.862,0.203400
274207ms,274207,103.877,0.202218
274239ms,274239,103.642,0.203781
274271ms,274271,103.369,0.204129
274303ms,274303,103.086,0.203045
274335ms,274335,102.639,0.201697
274399ms,274399,102.048,0.201148
274639ms,274639,101.722,0.198229
274735ms,274735,101.234,0.197628
274799ms,274799,101.461,0.200055
274832ms,274832,101.523,0.197383
274928ms,274928,101.739,0.197430
275007ms,275007,102.168,0.200992
275039ms,275039,102.178,0.200230
275071ms,275071,102.430,0.202649
275103ms,275103,102.812,0.200465
275135ms,275135,102.916,0.201080
275167ms,275167,103.388,0.207414
275231ms,275231,103.674,0.205322
275263ms,275263,103.756,0.203751
275296ms,275296,103.850,0.204127
275327ms,275327,103.817,0.203692
275375ms,275375,103.919,0.202977
275407ms,275407,103.815,0.207975
275439ms,275439,103.998,0.204128
275471ms,275471,103.900,0.205433
275503ms,275503,103.895,0.207685
275535ms,275535,103.729,0.206755
275567ms,275567,103.766,0.205943
275600ms,275600,103.820,0.203281
275632ms,275632,103.760,0.202721
275664ms,275664,103.857,0.203499
275696ms,275696,103.825,0.205344
275743ms,275743,103.641,0.203566
275775ms,275775,103.115,0.205633
275871ms,275871,102.222,0.199749
276111ms,276111,101.588,0.201382
276143ms,276143,101.510,0.199565
276239ms,276239,101.485,0.199313
276304ms,276304,101.397,0.200339
276336ms,276336,101.442,0.197262
276368ms,276368,101.649,0.196908
276400ms,276400,101.904,0.197116
276479ms,276479,102.105,0.201313
276543ms,276543,102.187,0.204750
276575ms,276575,102.486,0.203329
276607ms,276607,103.033,0.204283
276639ms,276639,103.192,0.209929
276671ms,276671,103.493,0.202690
276703ms,276703,103.477,0.205220
276736ms,276736,103.766,0.202996
276767ms,276767,103.793,0.205819
276799ms,276799,103.710,0.202716
276832ms,276832,103.877,0.204342
276879ms,276879,104.049,0.202878
276911ms,276911,103.891,0.204303
276943ms,276943,103.792,0.203282
276975ms,276975,103.986,0.205701
277007ms,277007,103.917,0.205653
277039ms,277039,103.879,0.202023
277071ms,277071,103.870,0.203195
277104ms,277104,103.844,0.202232
277136ms,277136,103.957,0.208400
277168ms,277168,103.767,0.204170
277200ms,277200,103.703,0.205360
277247ms,277247,103.141,0.202883
277279ms,277279,102.793,0.201054
277311ms,277311,102.476,0.201342
277343ms,277343,102.312,0.199486
277375ms,277375,102.024,0.197923
277471ms,277471,101.489,0.198126
277536ms,277536,101.435,0.198547
277647ms,277647,101.361,0.198791
277711ms,277711,101.336,0.200800
277775ms,277775,101.452,0.200881
277807ms,277807,101.355,0.199080
277871ms,277871,101.605,0.196999
277904ms,277904,101.735,0.198293
277968ms,277968,101.928,0.198421
278015ms,278015,102.106,0.200645
278047ms,278047,102.599,0.201028
278079ms,278079,102.889,0.202240
278111ms,278111,102.994,0.204662
278143ms,278143,103.518,0.201714
278175ms,278175,103.371,0.203241
278207ms,278207,103.660,0.203198
278239ms,278239,103.849,0.204662
278271ms,278271,103.694,0.202131
278304ms,278304,103.887,0.203583
278336ms,278336,104.093,0.203100
278367ms,278367,103.965,0.203346
278447ms,278447,103.806,0.205908
278479ms,278479,103.801,0.205972
278543ms,278543,103.890,0.206115
278575ms,278575,103.863,0.205019
278607ms,278607,103.986,0.202789
278640ms,278640,103.860,0.204796
278672ms,278672,103.701,0.204343
278704ms,278704,103.426,0.203211
278736ms,278736,102.997,0.201881
278783ms,278783,102.598,0.202417
278847ms,278847,102.172,0.198506
278943ms,278943,101.623,0.199819
278975ms,278975,101.469,0.198380
279007ms,279007,101.453,0.198889
279104ms,279104,101.408,0.200885
279183ms,279183,101.351,0.199298
279247ms,279247,101.539,0.197312
279279ms,279279,101.451,0.197817
279311ms,279311,101.447,0.198648
279343ms,279343,101.660,0.196553
279375ms,279375,101.822,0.196167
279439ms,279439,102.013,0.197985
279471ms,279471,102.066,0.199815
279504ms,279504,102.412,0.201687
279551ms,279551,102.747,0.200662
279583ms,279583,103.011,0.201938
279615ms,279615,103.429,0.200995
279647ms,279647,103.497,0.202477
279679ms,279679,103.514,0.207588
279711ms,279711,103.704,0.203439
279743ms,279743,103.872,0.204885
279776ms,279776,103.942,0.203332
279807ms,279807,103.844,0.202172
279840ms,279840,103.844,0.202627
279919ms,279919,103.649,0.204382
279951ms,279951,103.712,0.203448
279983ms,279983,103.716,0.204636
280015ms,280015,103.900,0.205304
280047ms,280047,103.913,0.204869
280079ms,280079,103.990,0.203372
280111ms,280111,103.884,0.203014
280144ms,280144,103.887,0.203446
280175ms,280175,103.497,0.202597
280240ms,280240,102.810,0.201398
280287ms,280287,102.553,0.201140
280319ms,280319,102.204,0.202276
280351ms,280351,101.953,0.198207
280383ms,280383,101.923,0.199743
280479ms,280479,101.340,0.198156
280576ms,280576,101.531,0.200391
280607ms,280607,101.358,0.199283
280640ms,280640,101.409,0.197478
280687ms,280687,101.539,0.199242
280751ms,280751,101.246,0.200870
280783ms,280783,101.335,0.198124
280815ms,280815,101.510,0.198924
280847ms,280847,101.699,0.196886
280879ms,280879,102.011,0.198027
281055ms,281055,102.840,0.204091
281087ms,281087,103.268,0.204278
281119ms,281119,103.543,0.201910
281151ms,281151,103.452,0.202637
281183ms,281183,103.758,0.203805
281215ms,281215,103.859,0.203134
281247ms,281247,103.912,0.204918
281279ms,281279,103.870,0.202900
281311ms,281311,103.734,0.203070
281344ms,281344,103.709,0.203465
281376ms,281376,103.894,0.202945
281423ms,281423,103.873,0.202956
281455ms,281455,103.790,0.203713
281487ms,281487,103.961,0.203179
281519ms,281519,103.800,0.205739
281551ms,281551,103.831,0.203386
281583ms,281583,103.803,0.203631
281615ms,281615,103.942,0.202389
281647ms,281647,103.651,0.201953
281679ms,281679,103.332,0.202930
281711ms,281711,102.897,0.200939
281744ms,281744,102.505,0.200370
281823ms,281823,101.909,0.197779
281855ms,281855,101.788,0.201190
281951ms,281951,101.488,0.198573
282144ms,282144,101.438,0.199325
282223ms,282223,101.363,0.201689
282287ms,282287,101.502,0.200922
282319ms,282319,101.589,0.201568
282351ms,282351,101.861,0.199135
282447ms,282447,102.054,0.201550
282479ms,282479,102.529,0.200776
282512ms,282512,102.782,0.200143
282559ms,282559,103.073,0.216807
282591ms,282591,103.372,0.201477
282655ms,282655,103.624,0.203075
282687ms,282687,103.696,0.205614
282719ms,282719,103.885,0.205184
282751ms,282751,103.825,0.203289
282783ms,282783,103.637,0.205510
282815ms,282815,103.862,0.204486
282847ms,282847,103.917,0.205255
282880ms,282880,103.778,0.205250
282912ms,282912,103.813,0.203258
282959ms,282959,103.792,0.205101
282991ms,282991,103.851,0.203817
283023ms,283023,103.882,0.202995
283087ms,283087,103.878,0.204794
283119ms,283119,103.628,0.204777
283151ms,283151,103.487,0.202986
283183ms,283183,102.969,0.203741
283215ms,283215,102.583,0.201635
283247ms,283247,102.393,0.199305
283455ms,283455,101.641,0.198788
283519ms,283519,101.602,0.199943
283584ms,283584,101.348,0.199018
283727ms,283727,101.418,0.197255
283823ms,283823,101.796,0.196971
283887ms,283887,101.972,0.198324
283919ms,283919,101.926,0.200777
283983ms,283983,102.639,0.202941
284016ms,284016,103.008,0.207587
284063ms,284063,103.353,0.201252
284095ms,284095,103.522,0.202817
284127ms,284127,103.478,0.202221
284159ms,284159,103.713,0.202803
284191ms,284191,103.957,0.205450
284223ms,284223,103.837,0.204860
284255ms,284255,103.823,0.203693
284287ms,284287,103.760,0.204883
284320ms,284320,103.886,0.202861
284352ms,284352,103.834,0.203100
284384ms,284384,103.735,0.204359
284416ms,284416,103.804,0.203501
284463ms,284463,103.786,0.203982
284495ms,284495,103.805,0.201622
284527ms,284527,103.865,0.203397
284559ms,284559,103.819,0.203327
284591ms,284591,103.664,0.204079
284623ms,284623,103.729,0.202579
284720ms,284720,102.518,0.200382
284831ms,284831,101.774,0.201873
284895ms,284895,101.256,0.197917
285055ms,285055,101.510,0.198271
285184ms,285184,101.599,0.199665
285231ms,285231,101.478,0.197610
285263ms,285263,101.557,0.199673
285327ms,285327,101.632,0.199387
285359ms,285359,102.191,0.203327
285423ms,285423,102.275,0.201566
285456ms,285456,102.722,0.200147
285520ms,285520,103.081,0.202342
285551ms,285551,103.278,0.202276
285663ms,285663,103.856,0.204846
285695ms,285695,103.775,0.203647
285727ms,285727,103.765,0.204478
285759ms,285759,103.781,0.205395
285791ms,285791,103.991,0.202898
285823ms,285823,103.947,0.203991
285856ms,285856,103.828,0.202499
285888ms,285888,103.873,0.203712
285919ms,285919,103.787,0.203728
285967ms,285967,103.848,0.203278
285999ms,285999,103.800,0.208588
286031ms,286031,103.788,0.203320
286063ms,286063,103.940,0.204324
286095ms,286095,103.515,0.203089
286128ms,286128,103.283,0.203055
286159ms,286159,102.968,0.200337
286191ms,286191,102.596,0.200707
286224ms,286224,102.413,0.200062
286256ms,286256,101.975,0.200459
286287ms,286287,101.824,0.199374
286399ms,286399,101.369,0.198198
286495ms,286495,101.524,0.198977
286591ms,286591,101.362,0.205774
286623ms,286623,101.222,0.199908
286655ms,286655,101.427,0.200391
286735ms,286735,101.315,0.197683
286799ms,286799,101.786,0.197563
286863ms,286863,102.036,0.199325
286895ms,286895,102.100,0.202267
286927ms,286927,102.608,0.201045
286959ms,286959,102.890,0.200656
286991ms,286991,103.192,0.202524
287023ms,287023,103.299,0.201345
287056ms,287056,103.350,0.203008
287088ms,287088,103.587,0.203584
287135ms,287135,103.855,0.204192
287167ms,287167,103.754,0.203189
287199ms,287199,103.823,0.203132
287231ms,287231,103.877,0.207508
287263ms,287263,103.775,0.205656
287295ms,287295,103.822,0.203916
287327ms,287327,104.031,0.202770
287359ms,287359,104.023,0.202427
287392ms,287392,103.795,0.205532
287424ms,287424,103.767,0.207860
287456ms,287456,103.972,0.203295
287503ms,287503,103.830,0.202885
287535ms,287535,103.796,0.203129
287567ms,287567,103.426,0.206290
287599ms,287599,103.123,0.203718
287631ms,287631,102.969,0.200992
287663ms,287663,102.533,0.200113
287727ms,287727,102.080,0.198179
287903ms,287903,101.385,0.198721
287967ms,287967,101.698,0.199530
288127ms,288127,101.396,0.197259
288160ms,288160,101.502,0.197719
288192ms,288192,101.368,0.198016
288224ms,288224,101.887,0.198313
288271ms,288271,101.851,0.197145
288303ms,288303,102.347,0.200427
288367ms,288367,102.114,0.201927
288399ms,288399,102.513,0.202502
288464ms,288464,103.028,0.207381
288496ms,288496,103.304,0.205334
288639ms,288639,103.865,0.206021
288671ms,288671,103.855,0.204081
288703ms,288703,103.874,0.204192
288735ms,288735,103.776,0.201492
288767ms,288767,103.844,0.204445
288799ms,288799,103.779,0.204065
288831ms,288831,103.877,0.203127
288864ms,288864,103.876,0.203416
288896ms,288896,103.950,0.202095
288928ms,288928,103.844,0.203519
288960ms,288960,103.796,0.204730
289007ms,289007,104.005,0.205530
289039ms,289039,103.862,0.203543
289071ms,289071,103.617,0.205266
289103ms,289103,103.100,0.202293
289135ms,289135,102.668,0.201936
289167ms,289167,102.457,0.200596
289232ms,289232,101.838,0.197981
289439ms,289439,101.615,0.199163
289471ms,289471,101.545,0.197524
289503ms,289503,101.317,0.200424
289535ms,289535,101.315,0.197912
289599ms,289599,101.364,0.197348
289631ms,289631,101.344,0.198615
289727ms,289727,101.934,0.197748
289775ms,289775,101.858,0.199287
289839ms,289839,102.108,0.199175
289935ms,289935,103.168,0.202230
289967ms,289967,103.315,0.204933
289999ms,289999,103.403,0.204955
290031ms,290031,103.585,0.205007
290063ms,290063,103.923,0.203000
290096ms,290096,104.005,0.203314
290143ms,290143,103.892,0.202493
290239ms,290239,104.015,0.202826
290271ms,290271,103.847,0.204900
290303ms,290303,103.883,0.203379
290336ms,290336,104.010,0.202829
290367ms,290367,103.881,0.204641
290399ms,290399,104.045,0.203398
290431ms,290431,104.031,0.202498
290464ms,290464,103.919,0.202884
290511ms,290511,103.835,0.203797
290543ms,290543,103.525,0.202834
290607ms,290607,102.834,0.200467
290639ms,290639,102.575,0.201081
290703ms,290703,101.817,0.197955
291039ms,291039,101.274,0.200024
291071ms,291071,101.455,0.198991
291103ms,291103,101.420,0.200506
291135ms,291135,101.517,0.200289
291167ms,291167,101.386,0.198205
291199ms,291199,101.751,0.197456
291231ms,291231,101.725,0.198302
291279ms,291279,102.114,0.201775
291311ms,291311,102.037,0.199817
291375ms,291375,102.813,0.201225
291407ms,291407,102.933,0.200086
291439ms,291439,103.073,0.213881
291471ms,291471,103.501,0.201825
291503ms,291503,103.403,0.202077
291536ms,291536,103.681,0.203908
291567ms,291567,103.721,0.205587
291600ms,291600,104.022,0.204510
291632ms,291632,103.883,0.205181
291679ms,291679,103.852,0.205040
291711ms,291711,103.950,0.203076
291743ms,291743,103.799,0.202846
291775ms,291775,103.817,0.203184
291807ms,291807,104.055,0.203261
291839ms,291839,103.940,0.203142
291871ms,291871,103.853,0.205797
291904ms,291904,103.830,0.203834
291936ms,291936,104.044,0.202251
291968ms,291968,103.843,0.203485
291999ms,291999,103.424,0.203066
292047ms,292047,103.247,0.203086
292079ms,292079,102.894,0.201071
292111ms,292111,102.482,0.201100
292143ms,292143,102.350,0.197874
292175ms,292175,102.018,0.198050
292272ms,292272,101.629,0.198207
292415ms,292415,101.641,0.198467
292447ms,292447,101.451,0.197714
292511ms,292511,101.306,0.202086
292575ms,292575,101.396,0.206969
292671ms,292671,101.643,0.197269
292704ms,292704,101.670,0.197587
292736ms,292736,102.194,0.199620
292815ms,292815,102.275,0.199608
292879ms,292879,102.769,0.202510
292911ms,292911,102.952,0.215143
292943ms,292943,103.218,0.204104
292975ms,292975,103.375,0.202940
293007ms,293007,103.704,0.204863
293039ms,293039,103.716,0.206206
293071ms,293071,103.794,0.204387
293103ms,293103,103.944,0.202953
293135ms,293135,104.054,0.203102
293183ms,293183,103.992,0.203615
293215ms,293215,104.062,0.202652
293247ms,293247,103.831,0.204669
293279ms,293279,104.097,0.203519
293311ms,293311,103.869,0.203820
293343ms,293343,103.891,0.202781
293375ms,293375,103.911,0.202227
293407ms,293407,103.984,0.203400
293440ms,293440,103.965,0.205232
293472ms,293472,103.581,0.203686
293504ms,293504,103.518,0.203663
293551ms,293551,103.029,0.201789
293583ms,293583,102.376,0.201324
293615ms,293615,102.445,0.198943
293679ms,293679,101.812,0.198173
293808ms,293808,101.302,0.198447
293840ms,293840,101.620,0.200045
293872ms,293872,101.548,0.198221
293904ms,293904,101.460,0.197556
294047ms,294047,101.267,0.196173
294079ms,294079,101.475,0.197199
294175ms,294175,101.937,0.197633
294207ms,294207,101.841,0.199026
294240ms,294240,102.107,0.198785
294351ms,294351,102.510,0.203497
294415ms,294415,103.301,0.202843
294447ms,294447,103.370,0.201955
294479ms,294479,103.565,0.204288
294511ms,294511,103.881,0.203844
294544ms,294544,103.920,0.211850
294576ms,294576,103.831,0.203406
294607ms,294607,103.955,0.202521
294640ms,294640,103.919,0.204328
294687ms,294687,103.811,0.203678
294719ms,294719,104.126,0.202015
294751ms,294751,103.852,0.202127
294783ms,294783,103.990,0.202991
294815ms,294815,103.908,0.202904
294847ms,294847,103.874,0.204591
294879ms,294879,103.924,0.202699
294912ms,294912,103.897,0.203395
294944ms,294944,103.719,0.203952
295007ms,295007,103.250,0.202625
295040ms,295040,102.699,0.203627
295247ms,295247,101.376,0.198093
295343ms,295343,101.555,0.201592
295376ms,295376,101.575,0.198221
295407ms,295407,101.365,0.201047
295519ms,295519,101.355,0.200544
295551ms,295551,101.400,0.198724
295615ms,295615,101.612,0.197275
295679ms,295679,101.860,0.198749
295711ms,295711,102.220,0.199157
295744ms,295744,102.028,0.200688
295807ms,295807,102.795,0.201154
295855ms,295855,103.084,0.206799
295887ms,295887,103.284,0.202806
295919ms,295919,103.308,0.202113
295951ms,295951,103.646,0.202738
295983ms,295983,103.953,0.204011
296015ms,296015,103.793,0.204613
296047ms,296047,103.934,0.203186
296111ms,296111,103.893,0.202195
296144ms,296144,104.021,0.203057
296176ms,296176,104.079,0.203310
296223ms,296223,104.064,0.203509
296255ms,296255,103.900,0.202930
296287ms,296287,103.860,0.204010
296319ms,296319,103.973,0.204050
296351ms,296351,103.860,0.205888
296383ms,296383,103.855,0.202450
296415ms,296415,103.819,0.204727
296447ms,296447,103.617,0.204939
296591ms,296591,102.356,0.200049
296687ms,296687,101.661,0.200214
296719ms,296719,101.408,0.198059
296847ms,296847,101.587,0.199137
296912ms,296912,101.393,0.199345
296991ms,296991,101.506,0.197574
297023ms,297023,101.366,0.203434
297087ms,297087,101.710,0.197539
297183ms,297183,102.172,0.200269
297216ms,297216,102.234,0.199213
297280ms,297280,102.703,0.203109
297359ms,297359,103.215,0.202245
297391ms,297391,103.334,0.202603
297423ms,297423,103.324,0.203148
297455ms,297455,103.845,0.205484
297487ms,297487,103.880,0.208475
297519ms,297519,103.910,0.203308
297551ms,297551,103.887,0.204009
297584ms,297584,103.857,0.203664
297616ms,297616,103.950,0.203944
297647ms,297647,103.882,0.202987
297680ms,297680,103.931,0.204365
297727ms,297727,103.849,0.202735
297759ms,297759,103.916,0.203403
297791ms,297791,104.067,0.203946
297823ms,297823,103.921,0.203329
297887ms,297887,103.854,0.205487
297919ms,297919,103.450,0.205240
297951ms,297951,103.300,0.203864
297983ms,297983,102.855,0.200929
298016ms,298016,102.474,0.200197
298048ms,298048,102.373,0.198611
298080ms,298080,102.000,0.198044
298127ms,298127,101.838,0.201473
298287ms,298287,101.559,0.198434
298319ms,298319,101.318,0.197910
298352ms,298352,101.433,0.197621
298448ms,298448,101.283,0.197925
298495ms,298495,101.550,0.198197
298623ms,298623,101.685,0.198125
298655ms,298655,102.155,0.199372
298719ms,298719,101.965,0.200525
298751ms,298751,102.400,0.201460
298784ms,298784,102.810,0.199703
298816ms,298816,102.914,0.210210
298863ms,298863,103.338,0.203431
298895ms,298895,103.428,0.203470
298927ms,298927,103.624,0.203156
298959ms,298959,103.798,0.204403
298991ms,298991,103.942,0.203518
299023ms,299023,103.936,0.202575
299055ms,299055,103.898,0.204070
299088ms,299088,103.989,0.204007
299119ms,299119,103.867,0.202902
299151ms,299151,103.899,0.203901
299184ms,299184,103.795,0.202055
299215ms,299215,103.883,0.204014
299263ms,299263,103.922,0.203614
299295ms,299295,103.980,0.202384
299359ms,299359,103.673,0.204452
299391ms,299391,103.640,0.203811
299423ms,299423,103.501,0.204960
299456ms,299456,103.080,0.202606
299487ms,299487,102.574,0.202270
299727ms,299727,101.496,0.200028
299791ms,299791,101.484,0.200418
299823ms,299823,101.407,0.200789
299887ms,299887,101.383,0.197683
299920ms,299920,101.478,0.198015
299952ms,299952,101.213,0.197272
299999ms,299999,101.479,0.203124
300095ms,300095,101.878,0.197667
300127ms,300127,101.812,0.199040
300159ms,300159,102.086,0.200157
300191ms,300191,102.073,0.200344
300224ms,300224,102.441,0.202734
300256ms,300256,102.629,0.200376
300288ms,300288,102.924,0.202202
300320ms,300320,103.383,0.207091
300352ms,300352,103.312,0.203155
300431ms,300431,103.921,0.203486
300463ms,300463,103.814,0.205102
300495ms,300495,103.969,0.202695
300527ms,300527,104.071,0.203531
300559ms,300559,104.082,0.202698
300591ms,300591,104.017,0.202487
300623ms,300623,104.124,0.202389
300655ms,300655,104.065,0.202638
300687ms,300687,103.963,0.202810
300719ms,300719,103.897,0.202655
300767ms,300767,103.925,0.204062
300799ms,300799,103.883,0.204476
300831ms,300831,103.792,0.208026
300863ms,300863,103.854,0.205347
300895ms,300895,103.424,0.202657
300927ms,300927,103.275,0.203481
300991ms,300991,102.432,0.202697
301023ms,301023,102.406,0.199450
301056ms,301056,102.057,0.199755
301087ms,301087,101.718,0.203296
301167ms,301167,101.539,0.198949
301327ms,301327,101.425,0.197878
301391ms,301391,101.326,0.200466
301456ms,301456,101.425,0.208533
301535ms,301535,101.785,0.197538
301599ms,301599,101.843,0.199626
301631ms,301631,101.965,0.199847
301695ms,301695,102.048,0.200638
301727ms,301727,102.543,0.200045
301759ms,301759,102.899,0.199861
301791ms,301791,103.022,0.211828
301824ms,301824,103.468,0.202149
301856ms,301856,103.422,0.203741
301903ms,301903,103.602,0.203434
301935ms,301935,103.893,0.203418
301967ms,301967,103.906,0.204363
301999ms,301999,103.820,0.202669
302031ms,302031,103.943,0.203574
302063ms,302063,103.996,0.201322
302095ms,302095,103.899,0.202301
302127ms,302127,103.857,0.202898
302159ms,302159,103.800,0.203792
302191ms,302191,103.943,0.207352
302224ms,302224,103.890,0.204034
302271ms,302271,103.813,0.204469
302303ms,302303,103.881,0.203777
302335ms,302335,104.076,0.205763
302367ms,302367,103.664,0.205269
302399ms,302399,103.290,0.202970
302463ms,302463,102.550,0.203997
302495ms,302495,102.444,0.199862
302639ms,302639,101.629,0.198835
302799ms,302799,101.538,0.199219
302928ms,302928,101.311,0.198430
302959ms,302959,101.455,0.199226
303039ms,303039,101.739,0.199534
303103ms,303103,101.720,0.198524
303167ms,303167,102.136,0.199958
303199ms,303199,102.414,0.200535
303263ms,303263,102.959,0.201179
303296ms,303296,103.329,0.202646
303327ms,303327,103.345,0.202981
303360ms,303360,103.414,0.203179
303407ms,303407,103.788,0.204458
303439ms,303439,103.785,0.204416
303471ms,303471,104.107,0.204258
303503ms,303503,103.986,0.202437
303535ms,303535,104.048,0.202798
303567ms,303567,103.903,0.203426
303599ms,303599,103.975,0.202570
303631ms,303631,103.994,0.204120
303663ms,303663,103.831,0.204710
303696ms,303696,103.801,0.204897
303759ms,303759,103.814,0.203929
303807ms,303807,103.827,0.204096
303839ms,303839,103.802,0.204777
303871ms,303871,103.354,0.202788
303935ms,303935,102.857,0.200571
303967ms,303967,102.640,0.200581
303999ms,303999,102.197,0.200186
304367ms,304367,101.293,0.200344
304431ms,304431,101.401,0.199976
304495ms,304495,101.573,0.198003
304575ms,304575,101.915,0.199749
304607ms,304607,102.117,0.199438
304671ms,304671,102.143,0.206031
304735ms,304735,102.825,0.201752
304800ms,304800,103.364,0.201005
304831ms,304831,103.498,0.203542
304863ms,304863,103.782,0.203554
304896ms,304896,103.695,0.203413
304943ms,304943,103.989,0.204223
304975ms,304975,103.677,0.205817
305007ms,305007,103.823,0.204593
305039ms,305039,103.883,0.204704
305072ms,305072,103.940,0.206448
305103ms,305103,104.085,0.203398
305135ms,305135,103.931,0.206854
305167ms,305167,104.028,0.203178
305231ms,305231,103.947,0.204899
305264ms,305264,104.043,0.203024
305311ms,305311,103.701,0.204771
305343ms,305343,103.637,0.203219
305375ms,305375,103.349,0.202665
305439ms,305439,102.604,0.200832
305471ms,305471,102.524,0.200109
305599ms,305599,101.641,0.198700
305664ms,305664,101.564,0.198279
305839ms,305839,101.230,0.197545
305935ms,305935,101.363,0.199788
305999ms,305999,101.639,0.198939
306031ms,306031,101.738,0.196895
306079ms,306079,101.753,0.198385
306111ms,306111,102.018,0.199497
306143ms,306143,102.078,0.200516
306271ms,306271,103.294,0.209579
306304ms,306304,103.348,0.202552
306336ms,306336,103.626,0.202753
306367ms,306367,103.683,0.203684
306400ms,306400,103.760,0.205140
306447ms,306447,103.908,0.205105
306479ms,306479,103.832,0.202451
306511ms,306511,103.880,0.201810
306543ms,306543,103.808,0.204217
306575ms,306575,103.980,0.203241
306607ms,306607,103.793,0.203082
306639ms,306639,103.817,0.204470
306671ms,306671,103.969,0.205394
306704ms,306704,104.053,0.203610
306735ms,306735,104.000,0.203184
306767ms,306767,104.011,0.203464
306815ms,306815,103.895,0.205696
306847ms,306847,103.410,0.203185
306911ms,306911,103.070,0.201965
306943ms,306943,102.557,0.200619
306975ms,306975,102.398,0.198397
307215ms,307215,101.564,0.198630
307247ms,307247,101.407,0.200987
307343ms,307343,101.280,0.200485
307375ms,307375,101.509,0.201101
307471ms,307471,101.393,0.197595
307536ms,307536,101.641,0.197413
307583ms,307583,101.850,0.204300
307615ms,307615,102.086,0.199293
307647ms,307647,102.285,0.201804
307711ms,307711,102.788,0.207640
307775ms,307775,103.252,0.207897
307807ms,307807,103.407,0.204807
307840ms,307840,103.467,0.203313
307872ms,307872,103.728,0.206430
307903ms,307903,103.623,0.203056
307936ms,307936,103.603,0.205570
307983ms,307983,103.935,0.205932
308015ms,308015,103.750,0.205398
308047ms,308047,103.847,0.204714
308079ms,308079,103.922,0.201541
308143ms,308143,103.982,0.202925
308176ms,308176,103.724,0.204412
308207ms,308207,103.670,0.206396
308272ms,308272,103.927,0.208063
308304ms,308304,103.617,0.204751
308415ms,308415,102.643,0.201881
308447ms,308447,102.380,0.210156
308479ms,308479,102.069,0.202002
308639ms,308639,101.399,0.197983
308879ms,308879,101.440,0.197488
308911ms,308911,101.539,0.197531
308943ms,308943,101.703,0.202666
