timestamp_ms,elapsed_ms,pix_dist,m_dist
0ms,0,225.952,0.198682
32ms,32,225.880,0.198572
64ms,64,226.075,0.198627
96ms,96,225.772,0.198861
864ms,864,223.924,0.197256
928ms,928,224.587,0.197820
960ms,960,224.701,0.198401
1024ms,1024,224.979,0.198262
1056ms,1056,225.516,0.198332
1088ms,1088,225.765,0.198611
1135ms,1135,225.775,0.198253
1167ms,1167,225.931,0.198708
1199ms,1199,225.989,0.198754
1232ms,1232,225.982,0.198811
1327ms,1327,226.098,0.198313
1360ms,1360,226.058,0.198553
1392ms,1392,225.946,0.198439
1423ms,1423,225.982,0.198283
1456ms,1456,226.180,0.198469
1503ms,1503,226.034,0.198780
1535ms,1535,225.861,0.198921
1567ms,1567,225.750,0.198637
1600ms,1600,225.496,0.198719
1631ms,1631,225.059,0.198192
2303ms,2303,223.989,0.197414
2335ms,2335,223.948,0.197028
2400ms,2400,224.354,0.197473
2431ms,2431,224.786,0.197902
2559ms,2559,225.584,0.198075
2591ms,2591,225.955,0.198691
2639ms,2639,226.140,0.198717
2671ms,2671,226.125,0.198130
2703ms,2703,226.021,0.198460
2735ms,2735,226.023,0.198691
2767ms,2767,226.165,0.198417
2799ms,2799,226.005,0.198455
2831ms,2831,226.013,0.198858
2863ms,2863,225.994,0.198780
2895ms,2895,225.968,0.198956
2927ms,2927,226.021,0.198764
2959ms,2959,226.217,0.198584
2991ms,2991,226.028,0.198355
3775ms,3775,223.792,0.197160
3807ms,3807,223.895,0.196966
3903ms,3903,224.678,0.197876
3935ms,3935,224.818,0.198267
3967ms,3967,224.886,0.198234
3999ms,3999,225.277,0.197672
4031ms,4031,225.694,0.198497
4063ms,4063,225.940,0.198726
4095ms,4095,225.849,0.198229
4127ms,4127,225.922,0.198510
4175ms,4175,226.131,0.198664
4207ms,4207,226.150,0.198850
4239ms,4239,225.959,0.199103
4271ms,4271,226.102,0.198346
4303ms,4303,225.973,0.198455
4335ms,4335,226.084,0.198430
4367ms,4367,225.984,0.198262
4399ms,4399,225.972,0.198691
4431ms,4431,226.039,0.198683
4463ms,4463,225.778,0.198358
4495ms,4495,225.877,0.198449
4543ms,4543,225.795,0.198633
4575ms,4575,225.572,0.199113
5263ms,5263,224.119,0.197083
5407ms,5407,224.647,0.198202
5439ms,5439,224.776,0.197900
5503ms,5503,225.520,0.198683
5535ms,5535,225.948,0.198549
5567ms,5567,225.793,0.198624
5599ms,5599,225.913,0.198420
5631ms,5631,225.972,0.198804
5679ms,5679,226.090,0.198826
5711ms,5711,225.988,0.198547
5743ms,5743,225.948,0.198544
5775ms,5775,225.998,0.198850
5807ms,5807,225.994,0.198702
5839ms,5839,225.935,0.198797
5871ms,5871,226.125,0.198775
5903ms,5903,226.029,0.198857
5935ms,5935,226.070,0.199063
5967ms,5967,225.857,0.198329
5999ms,5999,225.753,0.198989
6047ms,6047,225.691,0.198909
6879ms,6879,224.647,0.198170
6943ms,6943,225.009,0.198506
6975ms,6975,225.399,0.198018
7007ms,7007,225.673,0.199089
7071ms,7071,225.847,0.198462
7103ms,7103,226.096,0.198774
7135ms,7135,225.896,0.198887
7247ms,7247,225.928,0.198924
7279ms,7279,226.044,0.198388
7311ms,7311,226.009,0.198800
7343ms,7343,226.012,0.198145
7375ms,7375,225.918,0.198938
7439ms,7439,225.925,0.199117
7471ms,7471,225.835,0.198733
7503ms,7503,225.732,0.199169
7535ms,7535,225.242,0.198335
7583ms,7583,224.569,0.198002
8319ms,8319,224.341,0.198023
8383ms,8383,224.579,0.198321
8415ms,8415,224.687,0.198221
8479ms,8479,225.690,0.198769
8511ms,8511,225.960,0.198693
8543ms,8543,225.762,0.198625
8575ms,8575,225.906,0.198360
8639ms,8639,226.084,0.198692
8687ms,8687,226.139,0.198746
8719ms,8719,225.962,0.198904
8879ms,8879,225.991,0.198563
8911ms,8911,225.869,0.199047
8943ms,8943,225.864,0.199018
8975ms,8975,225.803,0.199189
9007ms,9007,225.699,0.199339
9055ms,9055,225.084,0.198314
9711ms,9711,223.915,0.197482
9743ms,9743,224.034,0.197597
9823ms,9823,224.415,0.197798
9855ms,9855,224.509,0.197575
9887ms,9887,225.010,0.197928
9951ms,9951,225.586,0.198795
9983ms,9983,225.709,0.198819
10015ms,10015,225.797,0.198703
10047ms,10047,226.089,0.198444
10079ms,10079,226.078,0.198488
10111ms,10111,226.040,0.198793
10143ms,10143,226.116,0.198730
10175ms,10175,226.058,0.198510
10223ms,10223,226.034,0.198890
10255ms,10255,226.027,0.198949
10287ms,10287,226.023,0.198691
10319ms,10319,226.073,0.198515
10351ms,10351,226.039,0.199076
10383ms,10383,225.962,0.198797
10415ms,10415,225.767,0.199242
10447ms,10447,225.822,0.199325
10479ms,10479,225.674,0.199420
10511ms,10511,225.206,0.198249
10623ms,10623,223.915,0.197363
11455ms,11455,225.712,0.198997
11487ms,11487,225.783,0.198754
11519ms,11519,225.818,0.198562
11551ms,11551,225.851,0.198599
11583ms,11583,225.946,0.198877
11615ms,11615,225.849,0.198810
11647ms,11647,225.830,0.198591
11727ms,11727,226.021,0.198809
11759ms,11759,225.879,0.198589
11791ms,11791,225.995,0.198806
11823ms,11823,225.963,0.198938
11855ms,11855,225.872,0.198734
11887ms,11887,225.818,0.198998
11919ms,11919,225.721,0.198974
11951ms,11951,225.757,0.199210
11983ms,11983,225.433,0.199177
12687ms,12687,223.787,0.197467
12783ms,12783,224.350,0.197705
12815ms,12815,224.485,0.197875
12895ms,12895,225.128,0.198229
12927ms,12927,225.360,0.198658
12959ms,12959,225.771,0.198765
12991ms,12991,225.890,0.198546
13023ms,13023,225.539,0.198578
13055ms,13055,225.610,0.198381
13087ms,13087,225.587,0.198517
13119ms,13119,225.636,0.198292
13151ms,13151,225.579,0.198502
13183ms,13183,225.786,0.198615
13231ms,13231,225.688,0.198608
13263ms,13263,225.690,0.198930
13295ms,13295,225.836,0.198510
13327ms,13327,225.757,0.199034
13359ms,13359,225.782,0.198418
13391ms,13391,225.764,0.199246
13423ms,13423,225.689,0.199278
13455ms,13455,225.489,0.199060
13487ms,13487,225.301,0.198862
13583ms,13583,223.950,0.197312
14319ms,14319,224.650,0.198080
14367ms,14367,224.979,0.198180
14463ms,14463,225.696,0.198739
14495ms,14495,225.538,0.198238
14527ms,14527,225.711,0.198617
14559ms,14559,225.886,0.198769
14591ms,14591,225.776,0.198585
14623ms,14623,225.653,0.198921
14655ms,14655,225.666,0.198460
14687ms,14687,225.884,0.198757
14719ms,14719,225.846,0.198537
14767ms,14767,225.625,0.198567
14799ms,14799,225.712,0.198947
14831ms,14831,225.616,0.198527
14863ms,14863,225.861,0.198605
14895ms,14895,225.654,0.198569
14927ms,14927,225.616,0.198845
14959ms,14959,225.432,0.199090
15663ms,15663,223.840,0.197567
15791ms,15791,224.565,0.198116
15823ms,15823,224.704,0.198540
15855ms,15855,224.980,0.198292
15903ms,15903,225.174,0.198113
15935ms,15935,225.791,0.198556
15967ms,15967,225.749,0.198473
15999ms,15999,225.851,0.198508
16031ms,16031,225.620,0.198493
16063ms,16063,225.750,0.198715
16095ms,16095,225.737,0.198685
16127ms,16127,225.857,0.198621
16159ms,16159,225.661,0.198720
16191ms,16191,225.620,0.198824
16223ms,16223,225.685,0.198414
16271ms,16271,225.674,0.198553
16303ms,16303,225.873,0.198502
16335ms,16335,225.786,0.198821
16367ms,16367,225.833,0.199078
16399ms,16399,225.654,0.198509
16431ms,16431,225.651,0.199158
16463ms,16463,225.330,0.198441
17135ms,17135,223.820,0.196790
17199ms,17199,223.966,0.197575
17263ms,17263,224.572,0.197916
17295ms,17295,224.695,0.198435
17327ms,17327,224.888,0.199372
17359ms,17359,225.300,0.198088
17407ms,17407,225.538,0.198564
17439ms,17439,225.773,0.198408
17471ms,17471,225.497,0.198694
17503ms,17503,225.510,0.198755
17535ms,17535,225.618,0.198713
17567ms,17567,225.604,0.198425
17599ms,17599,225.594,0.198712
17631ms,17631,225.763,0.198362
17663ms,17663,225.544,0.198815
17695ms,17695,225.685,0.198788
17727ms,17727,225.686,0.198769
17759ms,17759,225.645,0.198714
17807ms,17807,225.800,0.198886
17839ms,17839,225.658,0.198707
17871ms,17871,225.659,0.198985
17903ms,17903,225.616,0.198738
17999ms,17999,224.553,0.198060
18575ms,18575,223.386,0.196998
18639ms,18639,223.906,0.197587
18735ms,18735,224.527,0.198029
18767ms,18767,224.761,0.197972
18895ms,18895,225.791,0.198674
18943ms,18943,225.834,0.198714
18975ms,18975,225.614,0.199015
19007ms,19007,225.729,0.198764
19039ms,19039,225.617,0.198792
19071ms,19071,225.712,0.198388
19103ms,19103,225.578,0.198364
19135ms,19135,225.681,0.198655
19167ms,19167,225.776,0.198558
19199ms,19199,225.774,0.198976
19231ms,19231,225.658,0.198536
19263ms,19263,225.598,0.198586
19343ms,19343,225.680,0.198815
19375ms,19375,225.770,0.198568
19407ms,19407,225.659,0.198569
20207ms,20207,224.417,0.197975
20239ms,20239,224.604,0.198191
20271ms,20271,224.778,0.198157
20303ms,20303,224.935,0.198462
20367ms,20367,225.567,0.198779
20399ms,20399,225.791,0.198736
20447ms,20447,225.698,0.199036
20479ms,20479,225.669,0.198747
20511ms,20511,225.653,0.198539
20543ms,20543,225.703,0.198582
20575ms,20575,225.626,0.198932
20607ms,20607,225.707,0.198923
20639ms,20639,225.625,0.198852
20671ms,20671,225.696,0.198882
20703ms,20703,225.716,0.198850
20735ms,20735,225.705,0.198858
20767ms,20767,225.719,0.198961
20815ms,20815,225.721,0.198981
20847ms,20847,225.693,0.199068
20911ms,20911,225.177,0.198854
21535ms,21535,223.487,0.196897
21647ms,21647,223.960,0.197488
21743ms,21743,224.640,0.197509
21871ms,21871,225.746,0.198657
21903ms,21903,225.711,0.198281
21951ms,21951,225.728,0.198594
22015ms,22015,225.676,0.199075
22047ms,22047,225.685,0.199176
22079ms,22079,225.687,0.199052
22239ms,22239,225.713,0.199044
22271ms,22271,225.707,0.198791
22303ms,22303,225.658,0.199130
22351ms,22351,225.669,0.198822
23039ms,23039,223.722,0.196969
23071ms,23071,223.922,0.197008
23183ms,23183,224.454,0.197963
23215ms,23215,224.570,0.198442
23343ms,23343,225.641,0.199239
23375ms,23375,225.994,0.198285
23407ms,23407,225.898,0.198889
23439ms,23439,225.821,0.198991
23487ms,23487,225.866,0.199116
23519ms,23519,225.847,0.198685
23551ms,23551,225.832,0.198580
23583ms,23583,225.653,0.198759
23615ms,23615,225.737,0.198890
23647ms,23647,225.737,0.198519
23679ms,23679,225.767,0.198543
23711ms,23711,225.836,0.198724
23743ms,23743,225.824,0.198721
23775ms,23775,225.781,0.198771
23807ms,23807,225.766,0.199157
23855ms,23855,225.600,0.198695
23886ms,23886,225.264,0.198529
23918ms,23918,224.919,0.198429
24510ms,24510,223.545,0.196459
24575ms,24575,224.024,0.197371
24622ms,24622,224.135,0.197616
24718ms,24718,224.748,0.198687
24783ms,24783,225.155,0.198201
24847ms,24847,225.758,0.199141
24879ms,24879,225.666,0.198264
24910ms,24910,225.756,0.198519
24943ms,24943,225.679,0.198751
24990ms,24990,225.701,0.198708
25022ms,25022,225.686,0.198650
25086ms,25086,225.732,0.198868
25118ms,25118,225.677,0.198833
25151ms,25151,225.705,0.198812
25182ms,25182,225.803,0.198857
25214ms,25214,225.666,0.198854
25247ms,25247,225.627,0.199002
25278ms,25278,225.801,0.199030
25311ms,25311,225.765,0.198927
25358ms,25358,225.570,0.198775
25390ms,25390,225.385,0.198424
26014ms,26014,223.552,0.196193
26126ms,26126,224.127,0.197165
26222ms,26222,224.722,0.198206
26286ms,26286,225.217,0.198445
26318ms,26318,225.479,0.198304
26350ms,26350,225.664,0.199246
26382ms,26382,225.689,0.198713
26414ms,26414,225.820,0.198803
26446ms,26446,225.904,0.198903
26478ms,26478,225.857,0.198814
26526ms,26526,225.748,0.198942
26558ms,26558,225.703,0.198831
26590ms,26590,225.758,0.198739
26622ms,26622,225.870,0.198613
26654ms,26654,225.740,0.198986
26686ms,26686,225.755,0.198852
26750ms,26750,225.937,0.199182
26782ms,26782,225.751,0.199033
26814ms,26814,225.615,0.199085
26846ms,26846,225.475,0.198551
26958ms,26958,223.881,0.197142
27614ms,27614,224.362,0.198073
27694ms,27694,224.666,0.198156
27726ms,27726,224.935,0.198496
27790ms,27790,225.762,0.198081
27822ms,27822,225.911,0.199048
27854ms,27854,225.830,0.198786
27886ms,27886,225.810,0.198601
27918ms,27918,225.848,0.199122
27950ms,27950,225.759,0.198747
27982ms,27982,225.700,0.198781
28030ms,28030,225.668,0.198720
28062ms,28062,225.644,0.198624
28126ms,28126,225.688,0.198567
28190ms,28190,225.744,0.198823
28222ms,28222,225.811,0.199131
28254ms,28254,225.810,0.198891
28318ms,28318,225.616,0.198676
28990ms,28990,223.640,0.196746
29022ms,29022,223.816,0.197225
29198ms,29198,224.749,0.198203
29230ms,29230,225.025,0.198320
29294ms,29294,225.747,0.198626
29326ms,29326,225.708,0.198948
29358ms,29358,225.716,0.198803
29390ms,29390,225.735,0.199097
29422ms,29422,225.761,0.198903
29454ms,29454,225.615,0.198702
29486ms,29486,225.633,0.198702
29534ms,29534,225.641,0.198850
29566ms,29566,225.665,0.198699
29630ms,29630,225.698,0.198769
29662ms,29662,225.672,0.198710
29694ms,29694,225.607,0.198732
29726ms,29726,225.740,0.198967
29758ms,29758,225.723,0.198821
29790ms,29790,225.712,0.198764
29934ms,29934,223.913,0.197556
30670ms,30670,224.667,0.197745
30734ms,30734,225.169,0.198292
30766ms,30766,225.588,0.198187
30798ms,30798,225.786,0.198248
30862ms,30862,225.657,0.198786
30926ms,30926,225.667,0.199047
30958ms,30958,225.609,0.199184
30990ms,30990,225.599,0.198760
31022ms,31022,225.699,0.198927
31070ms,31070,225.638,0.198894
31102ms,31102,225.642,0.199033
31166ms,31166,225.625,0.199019
31198ms,31198,225.652,0.198580
31262ms,31262,225.762,0.199309
31294ms,31294,225.658,0.199014
31966ms,31966,223.529,0.196775
32158ms,32158,224.548,0.198307
32238ms,32238,225.156,0.197860
32302ms,32302,225.845,0.198354
32334ms,32334,225.658,0.198650
32366ms,32366,225.811,0.198797
32398ms,32398,225.682,0.198910
32430ms,32430,225.700,0.198856
32462ms,32462,225.749,0.199120
32494ms,32494,225.719,0.199020
32526ms,32526,225.841,0.198789
32606ms,32606,225.795,0.199029
32670ms,32670,225.823,0.198897
32734ms,32734,225.564,0.198830
32766ms,32766,225.628,0.198894
32798ms,32798,225.487,0.198729
33438ms,33438,223.490,0.196878
33534ms,33534,223.989,0.197240
33806ms,33806,225.604,0.198750
33838ms,33838,225.603,0.198478
33870ms,33870,225.630,0.198778
33902ms,33902,225.677,0.198779
33934ms,33934,225.738,0.198837
33966ms,33966,225.578,0.198991
33998ms,33998,225.687,0.198850
34030ms,34030,225.700,0.198636
34078ms,34078,225.765,0.198510
34110ms,34110,225.734,0.198558
34142ms,34142,225.755,0.198493
34206ms,34206,225.718,0.199447
34238ms,34238,225.685,0.199031
34270ms,34270,225.516,0.198713
34302ms,34302,225.257,0.198704
34366ms,34366,224.475,0.197342
34974ms,34974,223.972,0.197650
35038ms,35038,224.117,0.198072
35102ms,35102,224.537,0.197597
35134ms,35134,224.576,0.198371
35166ms,35166,224.879,0.198088
35310ms,35310,225.656,0.198819
35342ms,35342,225.610,0.198647
35374ms,35374,225.607,0.198995
35406ms,35406,225.542,0.198520
35438ms,35438,225.640,0.198833
35470ms,35470,225.745,0.198972
35502ms,35502,225.734,0.198776
35534ms,35534,225.668,0.198670
35582ms,35582,225.649,0.198825
35614ms,35614,225.721,0.198616
35646ms,35646,225.738,0.198831
35678ms,35678,225.691,0.198776
35710ms,35710,225.576,0.198513
35742ms,35742,225.560,0.198595
35870ms,35870,224.084,0.197469
36510ms,36510,224.139,0.197665
36606ms,36606,224.785,0.198613
36718ms,36718,225.445,0.198565
36750ms,36750,225.624,0.198360
36782ms,36782,225.682,0.198807
36814ms,36814,225.513,0.198627
36846ms,36846,225.656,0.198554
36878ms,36878,225.653,0.199008
36910ms,36910,225.570,0.198868
36942ms,36942,225.533,0.199119
36974ms,36974,225.578,0.198756
37038ms,37038,225.681,0.198947
37070ms,37070,225.605,0.198839
37118ms,37118,225.603,0.198675
37150ms,37150,225.660,0.198616
37182ms,37182,225.692,0.198766
37214ms,37214,225.708,0.199237
37982ms,37982,224.052,0.198096
38110ms,38110,224.920,0.198724
38142ms,38142,224.989,0.198234
38206ms,38206,225.741,0.198853
38254ms,38254,225.945,0.198522
38286ms,38286,225.678,0.198803
38318ms,38318,225.754,0.198705
38350ms,38350,225.733,0.198696
38382ms,38382,225.699,0.198757
38478ms,38478,225.635,0.198718
38510ms,38510,225.617,0.198674
38574ms,38574,225.625,0.198899
38622ms,38622,225.774,0.198963
38654ms,38654,225.575,0.199034
38686ms,38686,225.719,0.199273
38718ms,38718,225.611,0.198694
38782ms,38782,225.021,0.198406
38846ms,38846,223.964,0.197731
39486ms,39486,223.949,0.197558
39550ms,39550,224.411,0.198150
39614ms,39614,224.717,0.198404
39646ms,39646,225.084,0.198016
39678ms,39678,225.421,0.198523
39710ms,39710,225.622,0.198266
39758ms,39758,225.585,0.198569
39790ms,39790,225.694,0.198742
39822ms,39822,225.768,0.198691
39854ms,39854,225.685,0.198788
39886ms,39886,225.689,0.198824
39950ms,39950,225.676,0.198651
40014ms,40014,225.636,0.198782
40046ms,40046,225.650,0.198709
40078ms,40078,225.692,0.198776
40126ms,40126,225.751,0.198890
40158ms,40158,225.595,0.199030
40190ms,40190,225.653,0.198518
40990ms,40990,224.037,0.197854
41054ms,41054,224.579,0.198050
41118ms,41118,224.905,0.198332
41182ms,41182,225.529,0.198450
41214ms,41214,225.811,0.198964
41262ms,41262,225.541,0.198681
41294ms,41294,225.600,0.198777
41326ms,41326,225.703,0.199111
41358ms,41358,225.691,0.199018
41422ms,41422,225.699,0.198965
41454ms,41454,225.575,0.198964
41486ms,41486,225.590,0.198545
41518ms,41518,225.615,0.198350
41550ms,41550,225.581,0.198522
41582ms,41582,225.626,0.198677
41614ms,41614,225.683,0.199085
41662ms,41662,225.799,0.199203
42430ms,42430,223.983,0.197809
42462ms,42462,224.060,0.197819
42718ms,42718,225.788,0.198905
42750ms,42750,225.717,0.198708
42798ms,42798,225.546,0.198888
42830ms,42830,225.623,0.198775
42862ms,42862,225.674,0.198998
42894ms,42894,225.618,0.198505
42926ms,42926,225.571,0.198602
42958ms,42958,225.639,0.198840
42990ms,42990,225.672,0.199188
43022ms,43022,225.659,0.199016
43054ms,43054,225.642,0.198679
43086ms,43086,225.735,0.199232
43118ms,43118,225.558,0.198974
43166ms,43166,225.563,0.198485
43886ms,43886,223.952,0.196997
43934ms,43934,224.191,0.197633
44062ms,44062,224.630,0.198122
44094ms,44094,225.014,0.197888
44158ms,44158,225.725,0.198998
44190ms,44190,225.785,0.198676
44222ms,44222,225.699,0.198941
44254ms,44254,225.543,0.198994
44334ms,44334,225.707,0.198761
44366ms,44366,225.601,0.198809
44398ms,44398,225.528,0.198394
44430ms,44430,225.652,0.198671
44462ms,44462,225.630,0.198454
44494ms,44494,225.590,0.198750
44526ms,44526,225.632,0.198950
44558ms,44558,225.671,0.198646
44590ms,44590,225.775,0.199289
44622ms,44622,225.724,0.198869
44702ms,44702,225.336,0.199155
44734ms,44734,224.835,0.197922
45262ms,45262,222.930,0.196137
45438ms,45438,224.016,0.198044
45470ms,45470,224.454,0.198120
45534ms,45534,224.773,0.198480
45566ms,45566,225.038,0.198366
45662ms,45662,225.785,0.199258
45694ms,45694,225.626,0.198665
45726ms,45726,225.734,0.198637
45758ms,45758,225.680,0.198893
45790ms,45790,225.669,0.198975
45838ms,45838,225.622,0.198886
45870ms,45870,225.663,0.198523
45902ms,45902,225.645,0.198848
45934ms,45934,225.635,0.198581
45966ms,45966,225.681,0.198524
45998ms,45998,225.715,0.198644
46030ms,46030,225.647,0.198715
46094ms,46094,225.676,0.198370
46126ms,46126,225.607,0.198712
46862ms,46862,224.096,0.197200
46894ms,46894,224.009,0.197600
46926ms,46926,224.449,0.197819
47006ms,47006,224.757,0.198013
47069ms,47069,225.061,0.198303
47134ms,47134,225.854,0.198437
47166ms,47166,225.734,0.198759
47198ms,47198,225.751,0.198692
47230ms,47230,225.711,0.198585
47262ms,47262,225.605,0.198413
47294ms,47294,225.643,0.198785
47341ms,47341,225.730,0.198698
47374ms,47374,225.715,0.198631
47405ms,47405,225.788,0.198791
47437ms,47437,225.763,0.198609
47470ms,47470,225.746,0.198664
47501ms,47501,225.675,0.198555
47533ms,47533,225.642,0.198747
47566ms,47566,225.721,0.199107
47597ms,47597,225.765,0.199509
47629ms,47629,225.564,0.198760
48429ms,48429,224.486,0.198260
48541ms,48541,225.176,0.198268
48573ms,48573,225.344,0.198420
48605ms,48605,225.597,0.198538
48637ms,48637,225.881,0.198734
48669ms,48669,225.600,0.198917
48701ms,48701,225.627,0.198655
48765ms,48765,225.600,0.198537
48797ms,48797,225.698,0.198656
48877ms,48877,225.667,0.198721
48941ms,48941,225.662,0.198551
48973ms,48973,225.623,0.198568
49005ms,49005,225.715,0.198754
49037ms,49037,225.814,0.199094
49069ms,49069,225.579,0.199042
49101ms,49101,225.733,0.198809
49773ms,49773,223.378,0.196546
49869ms,49869,223.985,0.198039
49981ms,49981,224.548,0.198337
50045ms,50045,225.067,0.198024
50109ms,50109,225.606,0.199196
50141ms,50141,225.669,0.198731
50205ms,50205,225.624,0.198863
50381ms,50381,225.595,0.198595
50413ms,50413,225.572,0.198827
50477ms,50477,225.540,0.198699
50509ms,50509,225.579,0.198498
50541ms,50541,225.553,0.198657
50573ms,50573,225.799,0.198982
50605ms,50605,225.493,0.198635
50637ms,50637,225.258,0.198556
51181ms,51181,223.081,0.196503
51277ms,51277,223.791,0.196612
51373ms,51373,224.069,0.198010
51469ms,51469,224.602,0.198097
51517ms,51517,225.106,0.198495
51549ms,51549,225.178,0.198242
51613ms,51613,225.698,0.198608
51645ms,51645,225.638,0.198753
51677ms,51677,225.655,0.198565
51709ms,51709,225.670,0.198741
51741ms,51741,225.712,0.198762
51773ms,51773,225.717,0.198852
51805ms,51805,225.648,0.198858
51885ms,51885,225.689,0.198567
51917ms,51917,225.583,0.198679
51949ms,51949,225.567,0.198476
51981ms,51981,225.666,0.198398
52045ms,52045,225.594,0.199126
52141ms,52141,225.157,0.198599
52813ms,52813,223.975,0.197120
52845ms,52845,224.170,0.197672
52941ms,52941,224.696,0.198118
53085ms,53085,225.629,0.198593
53117ms,53117,225.733,0.198740
53149ms,53149,225.717,0.198867
53181ms,53181,225.656,0.198775
53213ms,53213,225.756,0.198712
53245ms,53245,225.570,0.198469
53277ms,53277,225.538,0.198735
53309ms,53309,225.637,0.198674
53341ms,53341,225.583,0.198811
53373ms,53373,225.617,0.198740
53421ms,53421,225.675,0.198809
53453ms,53453,225.635,0.198801
53485ms,53485,225.591,0.198681
53517ms,53517,225.724,0.198863
53549ms,53549,225.729,0.198944
53613ms,53613,225.302,0.198403
54285ms,54285,223.947,0.197105
54317ms,54317,223.925,0.197640
54381ms,54381,224.421,0.198038
54477ms,54477,224.973,0.198491
54557ms,54557,225.515,0.198881
54589ms,54589,225.714,0.198883
54621ms,54621,225.664,0.198893
54653ms,54653,225.620,0.198968
54685ms,54685,225.685,0.199024
54717ms,54717,225.667,0.199025
54781ms,54781,225.675,0.199083
54813ms,54813,225.704,0.199062
54845ms,54845,225.692,0.198904
54877ms,54877,225.655,0.198531
54925ms,54925,225.662,0.198791
54957ms,54957,225.663,0.198492
54989ms,54989,225.587,0.198674
55789ms,55789,224.064,0.197518
55821ms,55821,224.143,0.198014
56061ms,56061,225.603,0.198310
56093ms,56093,225.749,0.198716
56125ms,56125,225.644,0.198380
56157ms,56157,225.692,0.198463
56189ms,56189,225.704,0.198743
56221ms,56221,225.593,0.198925
56253ms,56253,225.740,0.198701
56317ms,56317,225.667,0.198363
56349ms,56349,225.601,0.198679
56381ms,56381,225.571,0.198631
56429ms,56429,225.639,0.198443
56461ms,56461,225.631,0.198687
56493ms,56493,225.707,0.198811
56589ms,56589,225.294,0.198936
56685ms,56685,224.067,0.197299
57565ms,57565,225.792,0.198563
57597ms,57597,225.687,0.198709
57629ms,57629,225.771,0.198541
57661ms,57661,225.669,0.198922
57693ms,57693,225.762,0.198744
57725ms,57725,225.776,0.198899
57757ms,57757,225.727,0.198602
57789ms,57789,225.649,0.199053
57821ms,57821,225.659,0.199118
57853ms,57853,225.642,0.199096
57885ms,57885,225.612,0.198997
57933ms,57933,225.604,0.198793
57965ms,57965,225.627,0.198803
57997ms,57997,225.808,0.199131
58061ms,58061,225.684,0.199125
58797ms,58797,223.949,0.198044
58861ms,58861,224.632,0.198792
58893ms,58893,224.777,0.198469
58925ms,58925,224.769,0.198424
58957ms,58957,225.057,0.198165
58989ms,58989,225.201,0.198495
59021ms,59021,225.652,0.199282
59069ms,59069,225.853,0.198986
59101ms,59101,225.643,0.198831
59133ms,59133,225.679,0.198634
59165ms,59165,225.666,0.198704
59197ms,59197,225.639,0.198928
59229ms,59229,225.607,0.198653
59261ms,59261,225.572,0.198593
59293ms,59293,225.628,0.198416
59325ms,59325,225.714,0.198798
59357ms,59357,225.631,0.198682
59389ms,59389,225.649,0.198637
59437ms,59437,225.678,0.198447
59469ms,59469,225.754,0.198545
59565ms,59565,225.440,0.198834
60205ms,60205,223.539,0.196934
60269ms,60269,224.066,0.197948
60301ms,60301,224.132,0.197864
60397ms,60397,224.706,0.198219
60461ms,60461,224.990,0.197880
60525ms,60525,225.710,0.198561
60573ms,60573,225.634,0.198690
60605ms,60605,225.631,0.198558
60637ms,60637,225.661,0.198649
60669ms,60669,225.669,0.198567
60701ms,60701,225.622,0.199065
60733ms,60733,225.642,0.198638
60765ms,60765,225.656,0.198648
60797ms,60797,225.686,0.198868
60829ms,60829,225.713,0.198781
60861ms,60861,225.641,0.198864
60893ms,60893,225.554,0.198646
60925ms,60925,225.629,0.198677
60973ms,60973,225.660,0.198648
61005ms,61005,225.739,0.198604
61837ms,61837,224.557,0.197635
61901ms,61901,224.763,0.198326
61933ms,61933,225.065,0.198738
62029ms,62029,225.755,0.198442
62061ms,62061,225.625,0.198457
62109ms,62109,225.551,0.198513
62141ms,62141,225.534,0.198503
62173ms,62173,225.620,0.198366
62205ms,62205,225.586,0.198481
62237ms,62237,225.563,0.198360
62269ms,62269,225.563,0.198530
62301ms,62301,225.593,0.198613
62333ms,62333,225.578,0.198612
62365ms,62365,225.668,0.198777
62397ms,62397,225.553,0.198395
62429ms,62429,225.587,0.198991
62477ms,62477,225.770,0.198759
63277ms,63277,223.952,0.198070
63309ms,63309,224.129,0.197856
63373ms,63373,224.690,0.198207
63501ms,63501,225.553,0.198912
63533ms,63533,225.799,0.198374
63565ms,63565,225.608,0.198439
63613ms,63613,225.615,0.198568
63645ms,63645,225.580,0.198586
63709ms,63709,225.541,0.198863
63741ms,63741,225.581,0.198474
63773ms,63773,225.545,0.198841
63805ms,63805,225.679,0.198688
63837ms,63837,225.689,0.198623
63869ms,63869,225.663,0.198771
63933ms,63933,225.614,0.198824
64045ms,64045,225.252,0.199026
64749ms,64749,223.925,0.197425
64845ms,64845,224.619,0.197854
64877ms,64877,224.903,0.198425
64941ms,64941,225.136,0.198292
65005ms,65005,225.567,0.199027
65037ms,65037,225.549,0.198539
65069ms,65069,225.685,0.198402
65101ms,65101,225.645,0.198492
65149ms,65149,225.630,0.198799
65181ms,65181,225.649,0.198881
65277ms,65277,225.656,0.198557
65341ms,65341,225.613,0.198541
65405ms,65405,225.608,0.198467
65469ms,65469,225.738,0.198979
66237ms,66237,223.886,0.198206
66317ms,66317,224.706,0.197946
66349ms,66349,224.644,0.198288
66381ms,66381,224.851,0.198582
66413ms,66413,224.972,0.197833
66445ms,66445,225.198,0.198130
66509ms,66509,225.680,0.198612
66541ms,66541,225.671,0.198559
66573ms,66573,225.655,0.198605
66605ms,66605,225.634,0.198573
66653ms,66653,225.675,0.198575
66685ms,66685,225.554,0.198285
66717ms,66717,225.623,0.198380
66749ms,66749,225.577,0.198543
66781ms,66781,225.698,0.198278
66813ms,66813,225.712,0.198542
66845ms,66845,225.600,0.198569
66877ms,66877,225.659,0.198777
66909ms,66909,225.680,0.198532
66941ms,66941,225.750,0.198652
67021ms,67021,225.226,0.198791
67053ms,67053,224.923,0.198775
67117ms,67117,223.980,0.197794
67645ms,67645,223.686,0.196246
67741ms,67741,224.112,0.197855
67885ms,67885,224.950,0.198588
67917ms,67917,225.187,0.197750
68013ms,68013,225.610,0.198279
68045ms,68045,225.647,0.198511
68077ms,68077,225.607,0.198522
68109ms,68109,225.584,0.198372
68157ms,68157,225.670,0.198467
68189ms,68189,225.655,0.198527
68221ms,68221,225.578,0.198804
68253ms,68253,225.653,0.198912
68285ms,68285,225.665,0.198756
68317ms,68317,225.581,0.198935
68349ms,68349,225.707,0.198630
68413ms,68413,225.680,0.198790
68445ms,68445,225.740,0.198589
69181ms,69181,224.086,0.197449
69213ms,69213,223.977,0.197485
69485ms,69485,225.723,0.198765
69517ms,69517,225.593,0.198742
69549ms,69549,225.562,0.198706
69581ms,69581,225.694,0.198654
69645ms,69645,225.675,0.198698
69692ms,69692,225.572,0.198787
69724ms,69724,225.628,0.198941
69757ms,69757,225.609,0.198631
69789ms,69789,225.646,0.198910
69821ms,69821,225.671,0.198451
69853ms,69853,225.588,0.198593
69885ms,69885,225.567,0.198873
69917ms,69917,225.566,0.198957
70621ms,70621,223.574,0.196056
70685ms,70685,223.911,0.197629
70716ms,70716,224.054,0.197867
70781ms,70781,224.634,0.198220
70860ms,70860,225.075,0.198388
70892ms,70892,225.261,0.198028
70924ms,70924,225.285,0.198234
70956ms,70956,225.538,0.198710
70988ms,70988,225.728,0.198651
71020ms,71020,225.665,0.198812
71052ms,71052,225.647,0.198739
71084ms,71084,225.633,0.198748
71116ms,71116,225.643,0.198983
71148ms,71148,225.595,0.198965
71228ms,71228,225.701,0.198752
71260ms,71260,225.595,0.198805
71292ms,71292,225.651,0.198821
71356ms,71356,225.667,0.198876
71388ms,71388,225.750,0.199205
71420ms,71420,225.675,0.198821
72156ms,72156,223.922,0.197143
72188ms,72188,223.925,0.197911
72252ms,72252,224.623,0.198130
72460ms,72460,225.506,0.198353
72556ms,72556,225.574,0.198504
72700ms,72700,225.511,0.198648
72732ms,72732,225.643,0.198702
72764ms,72764,225.630,0.198671
72796ms,72796,225.530,0.198500
72828ms,72828,225.580,0.198473
72860ms,72860,225.654,0.198876
72892ms,72892,225.720,0.198828
72956ms,72956,225.399,0.198339
73052ms,73052,223.998,0.197918
73660ms,73660,223.923,0.197584
73820ms,73820,225.073,0.198584
73868ms,73868,225.106,0.198143
73932ms,73932,225.756,0.198711
74028ms,74028,225.654,0.198812
74060ms,74060,225.735,0.198856
74092ms,74092,225.661,0.198929
74124ms,74124,225.748,0.198868
74268ms,74268,225.747,0.198981
74300ms,74300,225.675,0.199034
74332ms,74332,225.690,0.198603
74364ms,74364,225.855,0.199147
74396ms,74396,225.665,0.198899
75100ms,75100,223.703,0.197104
75132ms,75132,224.040,0.197586
75228ms,75228,224.631,0.197844
75404ms,75404,225.405,0.198797
75468ms,75468,225.618,0.198649
75500ms,75500,225.669,0.198547
75532ms,75532,225.533,0.198667
75564ms,75564,225.583,0.198488
75596ms,75596,225.667,0.198682
75628ms,75628,225.633,0.198654
75740ms,75740,225.716,0.198844
75772ms,75772,225.693,0.198994
75804ms,75804,225.759,0.198558
75836ms,75836,225.723,0.198799
75932ms,75932,225.361,0.199070
76028ms,76028,223.982,0.197153
76636ms,76636,223.800,0.197841
76700ms,76700,224.423,0.197713
76796ms,76796,225.025,0.198382
76828ms,76828,225.174,0.197983
76908ms,76908,225.769,0.198712
76940ms,76940,225.601,0.198557
76972ms,76972,225.641,0.198747
77004ms,77004,225.587,0.198211
77036ms,77036,225.550,0.198755
77068ms,77068,225.664,0.198759
77100ms,77100,225.624,0.198806
77132ms,77132,225.625,0.198918
77196ms,77196,225.706,0.198840
77228ms,77228,225.761,0.198930
77276ms,77276,225.650,0.198645
77308ms,77308,225.500,0.199197
77340ms,77340,225.577,0.199002
77404ms,77404,225.449,0.199162
77436ms,77436,224.825,0.198192
78140ms,78140,224.140,0.197667
78204ms,78204,224.749,0.198328
78236ms,78236,224.825,0.198347
78364ms,78364,225.736,0.198397
78412ms,78412,225.670,0.198732
78444ms,78444,225.635,0.198524
78476ms,78476,225.618,0.198603
78508ms,78508,225.526,0.198429
78540ms,78540,225.572,0.198481
78572ms,78572,225.641,0.198854
78604ms,78604,225.581,0.198675
78636ms,78636,225.578,0.198713
78668ms,78668,225.704,0.198715
78700ms,78700,225.663,0.198911
78732ms,78732,225.586,0.199007
78780ms,78780,225.551,0.198673
79468ms,79468,223.155,0.196824
79612ms,79612,223.895,0.197774
79644ms,79644,224.143,0.197973
79676ms,79676,224.439,0.197797
79708ms,79708,224.681,0.198401
79772ms,79772,225.008,0.197927
79836ms,79836,225.586,0.198767
79868ms,79868,225.692,0.198509
79916ms,79916,225.578,0.198504
79980ms,79980,225.684,0.198852
80012ms,80012,225.730,0.199042
80044ms,80044,225.604,0.198987
80076ms,80076,225.700,0.198724
80108ms,80108,225.622,0.198704
80140ms,80140,225.611,0.198858
80172ms,80172,225.599,0.198611
80284ms,80284,225.658,0.198628
80316ms,80316,225.591,0.198672
80380ms,80380,225.362,0.199032
80412ms,80412,224.915,0.198624
80444ms,80444,224.566,0.197991
80476ms,80476,223.955,0.197405
81116ms,81116,224.070,0.198111
81212ms,81212,224.744,0.198152
81276ms,81276,225.160,0.197968
81308ms,81308,225.584,0.198539
81340ms,81340,225.541,0.198652
81372ms,81372,225.646,0.198474
81420ms,81420,225.636,0.198436
81452ms,81452,225.609,0.198477
81484ms,81484,225.670,0.198687
81516ms,81516,225.619,0.198811
81548ms,81548,225.638,0.198777
81580ms,81580,225.627,0.198757
81612ms,81612,225.538,0.198550
81644ms,81644,225.592,0.198752
81676ms,81676,225.672,0.198865
81708ms,81708,225.669,0.198676
81740ms,81740,225.620,0.198427
82716ms,82716,224.874,0.198001
82812ms,82812,225.481,0.198860
82844ms,82844,225.594,0.198576
82876ms,82876,225.606,0.198696
82924ms,82924,225.560,0.198535
82988ms,82988,225.638,0.198638
83020ms,83020,225.694,0.198504
83052ms,83052,225.646,0.198617
83084ms,83084,225.637,0.198529
83116ms,83116,225.677,0.198536
83148ms,83148,225.585,0.198585
83180ms,83180,225.668,0.198512
83212ms,83212,225.533,0.198865
83244ms,83244,225.593,0.198724
83356ms,83356,225.284,0.198935
84012ms,84012,223.869,0.197230
84252ms,84252,225.202,0.198380
84316ms,84316,225.691,0.198655
84348ms,84348,225.614,0.198655
84412ms,84412,225.614,0.198570
84460ms,84460,225.615,0.198573
84492ms,84492,225.679,0.198541
84524ms,84524,225.657,0.198722
84556ms,84556,225.695,0.198789
84588ms,84588,225.585,0.198843
84620ms,84620,225.531,0.198812
84652ms,84652,225.581,0.198805
84684ms,84684,225.609,0.198639
84716ms,84716,225.667,0.198632
84748ms,84748,225.682,0.198606
85452ms,85452,223.479,0.196473
85548ms,85548,224.198,0.197753
85628ms,85628,224.555,0.198127
85660ms,85660,224.781,0.198465
85788ms,85788,225.676,0.198682
85820ms,85820,225.660,0.198523
85852ms,85852,225.723,0.198635
85884ms,85884,225.674,0.198693
85916ms,85916,225.631,0.198855
85964ms,85964,225.598,0.198567
85996ms,85996,225.583,0.198811
86028ms,86028,225.674,0.198928
86060ms,86060,225.701,0.198760
86092ms,86092,225.649,0.198672
86124ms,86124,225.668,0.198987
86156ms,86156,225.630,0.198593
86188ms,86188,225.627,0.198421
86220ms,86220,225.634,0.198769
86252ms,86252,225.752,0.198786
86284ms,86284,225.722,0.199137
87020ms,87020,224.072,0.197788
87132ms,87132,224.727,0.198468
87164ms,87164,224.996,0.198450
87260ms,87260,225.491,0.198579
87292ms,87292,225.545,0.198495
87324ms,87324,225.585,0.198650
87356ms,87356,225.615,0.198464
87388ms,87388,225.593,0.198435
87420ms,87420,225.597,0.198675
87500ms,87500,225.578,0.198846
87532ms,87532,225.590,0.198845
87564ms,87564,225.509,0.198885
87596ms,87596,225.602,0.198884
87628ms,87628,225.637,0.198783
87660ms,87660,225.616,0.198673
87692ms,87692,225.722,0.198867
87788ms,87788,225.278,0.198823
88364ms,88364,222.967,0.196208
88492ms,88492,223.886,0.197556
88604ms,88604,224.753,0.197997
88668ms,88668,225.021,0.198335
88764ms,88764,225.517,0.198722
88796ms,88796,225.717,0.198623
88828ms,88828,225.660,0.198254
88892ms,88892,225.594,0.198493
88924ms,88924,225.661,0.198341
89004ms,89004,225.539,0.198628
89036ms,89036,225.607,0.198810
89068ms,89068,225.643,0.198643
89100ms,89100,225.783,0.198694
89164ms,89164,225.551,0.198710
89196ms,89196,225.776,0.198959
89324ms,89324,224.675,0.198267
89964ms,89964,223.997,0.197327
89996ms,89996,223.930,0.197857
90060ms,90060,224.580,0.197894
90268ms,90268,225.606,0.198521
90428ms,90428,225.638,0.198902
90508ms,90508,225.527,0.199065
90572ms,90572,225.649,0.198714
90604ms,90604,225.731,0.198528
90668ms,90668,225.747,0.198882
90700ms,90700,225.704,0.198856
90732ms,90732,225.611,0.198750
91468ms,91468,223.891,0.197700
91500ms,91500,224.040,0.197514
91644ms,91644,225.075,0.198505
91676ms,91676,225.114,0.198249
91740ms,91740,225.543,0.198985
91772ms,91772,225.432,0.198490
91804ms,91804,225.608,0.198628
91836ms,91836,225.570,0.198508
91868ms,91868,225.583,0.198882
91932ms,91932,225.688,0.198601
91964ms,91964,225.605,0.198495
92075ms,92075,225.623,0.198466
92108ms,92108,225.703,0.198769
92140ms,92140,225.552,0.198911
92940ms,92940,223.948,0.198229
92971ms,92971,223.951,0.197524
93003ms,93003,224.386,0.198195
93036ms,93036,224.551,0.198213
93179ms,93179,225.460,0.198579
93211ms,93211,225.669,0.198494
93243ms,93243,225.691,0.198285
93275ms,93275,225.670,0.198580
93307ms,93307,225.666,0.198567
93404ms,93404,225.603,0.198384
93436ms,93436,225.532,0.198664
93467ms,93467,225.542,0.199029
93500ms,93500,225.666,0.198988
93547ms,93547,225.698,0.198858
93611ms,93611,225.569,0.198671
93643ms,93643,225.696,0.198917
93771ms,93771,224.660,0.198521
94315ms,94315,223.117,0.196618
94540ms,94540,224.688,0.198626
94603ms,94603,224.998,0.198227
94715ms,94715,225.451,0.198548
94747ms,94747,225.467,0.198408
94779ms,94779,225.445,0.198426
94843ms,94843,225.573,0.198733
94907ms,94907,225.506,0.199111
94939ms,94939,225.702,0.198918
94971ms,94971,225.688,0.198978
95003ms,95003,225.724,0.199024
95051ms,95051,225.652,0.198714
95307ms,95307,224.012,0.197910
95947ms,95947,224.072,0.197900
96011ms,96011,224.613,0.197953
96107ms,96107,224.966,0.198472
96139ms,96139,225.499,0.198381
96187ms,96187,225.676,0.198663
96219ms,96219,225.496,0.198458
96251ms,96251,225.515,0.198410
96283ms,96283,225.518,0.198600
96315ms,96315,225.513,0.198620
96347ms,96347,225.530,0.198639
96379ms,96379,225.517,0.198647
96411ms,96411,225.559,0.198923
96443ms,96443,225.511,0.198645
96475ms,96475,225.475,0.198622
96507ms,96507,225.571,0.198774
96539ms,96539,225.598,0.198461
96619ms,96619,225.681,0.198867
96715ms,96715,225.055,0.198820
97275ms,97275,223.197,0.196846
97419ms,97419,224.003,0.197883
97483ms,97483,224.552,0.198019
97547ms,97547,224.781,0.198576
97611ms,97611,225.245,0.198805
97675ms,97675,225.684,0.198752
97723ms,97723,225.614,0.198429
97755ms,97755,225.740,0.198744
97787ms,97787,225.711,0.198646
97819ms,97819,225.645,0.198645
97851ms,97851,225.600,0.198642
97883ms,97883,225.715,0.198661
97915ms,97915,225.630,0.198558
97947ms,97947,225.686,0.198597
97979ms,97979,225.610,0.198564
98011ms,98011,225.635,0.198693
98043ms,98043,225.653,0.198668
98219ms,98219,225.001,0.198227
98283ms,98283,223.821,0.197403
98891ms,98891,224.049,0.197972
98923ms,98923,223.983,0.197284
99019ms,99019,224.892,0.198542
99115ms,99115,225.197,0.198136
99147ms,99147,225.490,0.198488
99227ms,99227,225.490,0.198555
99259ms,99259,225.493,0.198591
99291ms,99291,225.542,0.198565
99323ms,99323,225.563,0.198581
99355ms,99355,225.633,0.198698
99387ms,99387,225.476,0.198593
99451ms,99451,225.494,0.198576
99483ms,99483,225.604,0.198999
99515ms,99515,225.582,0.198864
99659ms,99659,225.690,0.198262
99691ms,99691,225.296,0.198883
100251ms,100251,223.259,0.197287
100395ms,100395,223.869,0.197943
100491ms,100491,224.872,0.198076
100523ms,100523,224.884,0.198737
100555ms,100555,224.985,0.198147
100587ms,100587,225.113,0.198335
100651ms,100651,225.639,0.198529
100683ms,100683,225.562,0.198456
100715ms,100715,225.565,0.198640
100763ms,100763,225.554,0.198493
100795ms,100795,225.567,0.198439
100827ms,100827,225.534,0.198328
100859ms,100859,225.630,0.198482
100891ms,100891,225.535,0.198397
100923ms,100923,225.544,0.198528
100955ms,100955,225.410,0.198804
100987ms,100987,225.591,0.198699
101019ms,101019,225.599,0.198687
101051ms,101051,225.559,0.198874
101083ms,101083,225.624,0.198705
101163ms,101163,225.234,0.198564
101851ms,101851,223.927,0.197618
101899ms,101899,224.120,0.197714
101995ms,101995,224.893,0.198184
102059ms,102059,225.090,0.197994
102123ms,102123,225.469,0.198702
102155ms,102155,225.632,0.198500
102187ms,102187,225.546,0.198800
102219ms,102219,225.720,0.198971
102363ms,102363,225.553,0.198546
102395ms,102395,225.587,0.198731
102427ms,102427,225.585,0.198669
102523ms,102523,225.534,0.198378
103323ms,103323,223.840,0.197038
103499ms,103499,225.121,0.198856
103595ms,103595,225.440,0.198712
103627ms,103627,225.738,0.198594
103659ms,103659,225.552,0.198863
103691ms,103691,225.670,0.198667
103723ms,103723,225.542,0.198759
103771ms,103771,225.666,0.198780
103803ms,103803,225.656,0.198572
103835ms,103835,225.601,0.198826
103867ms,103867,225.658,0.198496
103899ms,103899,225.634,0.198875
103931ms,103931,225.642,0.198930
103963ms,103963,225.620,0.199027
103995ms,103995,225.603,0.198550
104059ms,104059,225.679,0.198915
104091ms,104091,225.604,0.198854
104123ms,104123,225.263,0.198976
104171ms,104171,224.950,0.198790
104859ms,104859,224.082,0.198098
104971ms,104971,224.888,0.198657
105003ms,105003,224.952,0.198335
105099ms,105099,225.537,0.198591
105163ms,105163,225.705,0.198808
105195ms,105195,225.622,0.198546
105227ms,105227,225.570,0.198701
105259ms,105259,225.529,0.198657
105307ms,105307,225.689,0.198582
105339ms,105339,225.617,0.198822
105371ms,105371,225.551,0.198789
105403ms,105403,225.506,0.198688
105435ms,105435,225.593,0.198937
105467ms,105467,225.541,0.198837
106299ms,106299,223.993,0.197332
106331ms,106331,224.234,0.198067
106507ms,106507,225.025,0.198130
106571ms,106571,225.428,0.199026
106635ms,106635,225.733,0.198918
106699ms,106699,225.520,0.198756
106731ms,106731,225.527,0.198618
106779ms,106779,225.502,0.198694
106811ms,106811,225.586,0.198697
106875ms,106875,225.618,0.198407
106907ms,106907,225.548,0.198609
106939ms,106939,225.498,0.198739
106971ms,106971,225.639,0.198961
107003ms,107003,225.657,0.199221
107131ms,107131,224.803,0.198149
107675ms,107675,223.068,0.196664
107835ms,107835,224.040,0.197792
107915ms,107915,224.702,0.198225
107947ms,107947,224.868,0.198458
107979ms,107979,224.954,0.198610
108011ms,108011,225.242,0.198353
108043ms,108043,225.449,0.198386
108075ms,108075,225.562,0.198498
108107ms,108107,225.609,0.198539
108139ms,108139,225.623,0.198600
108171ms,108171,225.699,0.199052
108203ms,108203,225.561,0.198740
108235ms,108235,225.553,0.198664
108267ms,108267,225.649,0.198793
108315ms,108315,225.514,0.198462
108347ms,108347,225.591,0.198609
108379ms,108379,225.660,0.198702
108475ms,108475,225.597,0.199056
108635ms,108635,224.451,0.197989
109275ms,109275,224.027,0.197617
109307ms,109307,224.201,0.197642
109339ms,109339,224.379,0.197981
109403ms,109403,224.817,0.198592
109451ms,109451,224.869,0.198614
109483ms,109483,225.114,0.198414
109515ms,109515,225.388,0.198451
109547ms,109547,225.632,0.198767
109979ms,109979,225.746,0.199262
110011ms,110011,225.661,0.198657
110107ms,110107,224.791,0.197799
110747ms,110747,223.914,0.197449
110811ms,110811,224.051,0.197648
110987ms,110987,225.061,0.198551
111083ms,111083,225.666,0.198740
111115ms,111115,225.561,0.198815
111147ms,111147,225.565,0.198666
111179ms,111179,225.531,0.198955
111211ms,111211,225.683,0.198791
111275ms,111275,225.669,0.198625
111323ms,111323,225.612,0.198989
111355ms,111355,225.565,0.198843
111387ms,111387,225.645,0.198854
111419ms,111419,225.789,0.198852
111451ms,111451,225.719,0.198645
111483ms,111483,225.528,0.198564
111547ms,111547,225.326,0.198521
111643ms,111643,223.783,0.197134
112251ms,112251,223.837,0.197668
112283ms,112283,224.053,0.197728
112443ms,112443,225.055,0.198740
112491ms,112491,225.320,0.198300
112523ms,112523,225.577,0.198583
112619ms,112619,225.542,0.198511
112651ms,112651,225.513,0.198553
112683ms,112683,225.648,0.198512
112715ms,112715,225.460,0.198591
112779ms,112779,225.506,0.198698
112859ms,112859,225.620,0.198724
112923ms,112923,225.549,0.198607
112955ms,112955,225.682,0.199019
113723ms,113723,223.816,0.197606
113755ms,113755,223.822,0.198271
113851ms,113851,224.782,0.198253
113947ms,113947,225.171,0.197994
113995ms,113995,225.354,0.198981
114027ms,114027,225.528,0.198800
114059ms,114059,225.588,0.198584
114091ms,114091,225.586,0.198540
114155ms,114155,225.586,0.198704
114187ms,114187,225.594,0.198746
114219ms,114219,225.635,0.198853
114251ms,114251,225.573,0.198815
114283ms,114283,225.599,0.198710
114315ms,114315,225.628,0.198957
114363ms,114363,225.657,0.198928
114395ms,114395,225.541,0.198766
114427ms,114427,225.579,0.198855
114523ms,114523,225.303,0.198801
115355ms,115355,224.876,0.198475
115387ms,115387,225.026,0.198358
115419ms,115419,225.236,0.198582
115530ms,115530,225.626,0.198530
115563ms,115563,225.542,0.199239
115594ms,115594,225.605,0.198829
115659ms,115659,225.686,0.198967
115691ms,115691,225.630,0.198897
115723ms,115723,225.589,0.198943
115755ms,115755,225.595,0.198777
115819ms,115819,225.601,0.198987
115851ms,115851,225.782,0.199048
115898ms,115898,225.735,0.199109
115962ms,115962,225.508,0.198614
116698ms,116698,223.912,0.197558
116730ms,116730,223.978,0.197325
116762ms,116762,224.038,0.197993
116794ms,116794,224.634,0.197991
117034ms,117034,225.672,0.198509
117066ms,117066,225.509,0.198485
117098ms,117098,225.489,0.198535
117130ms,117130,225.512,0.198275
117162ms,117162,225.501,0.198357
117194ms,117194,225.495,0.198520
117227ms,117227,225.489,0.198497
117258ms,117258,225.475,0.198490
117290ms,117290,225.531,0.198534
117322ms,117322,225.548,0.198537
117354ms,117354,225.604,0.198622
117402ms,117402,225.671,0.198788
117434ms,117434,225.643,0.198770
117498ms,117498,225.274,0.198767
118170ms,118170,223.749,0.197500
118234ms,118234,224.251,0.198038
118330ms,118330,224.904,0.198229
118394ms,118394,225.309,0.199020
118458ms,118458,225.611,0.198710
118490ms,118490,225.554,0.198519
118538ms,118538,225.517,0.198674
118570ms,118570,225.606,0.198895
118602ms,118602,225.638,0.198846
118634ms,118634,225.552,0.199061
118666ms,118666,225.573,0.198708
118698ms,118698,225.659,0.198802
118730ms,118730,225.619,0.198912
118794ms,118794,225.525,0.198806
118826ms,118826,225.597,0.199128
118858ms,118858,225.625,0.198789
119562ms,119562,223.342,0.197122
119674ms,119674,223.940,0.197528
119706ms,119706,224.345,0.198108
119834ms,119834,225.147,0.198277
119866ms,119866,225.080,0.198599
120026ms,120026,225.576,0.198924
120074ms,120074,225.684,0.198793
120106ms,120106,225.586,0.198566
120138ms,120138,225.582,0.198717
120170ms,120170,225.572,0.198857
120202ms,120202,225.522,0.198640
120234ms,120234,225.650,0.198548
120266ms,120266,225.607,0.198812
120298ms,120298,225.609,0.198445
120330ms,120330,225.572,0.199022
120362ms,120362,225.769,0.198996
121130ms,121130,223.902,0.197851
121162ms,121162,224.061,0.198006
121434ms,121434,225.575,0.198528
121466ms,121466,225.618,0.198757
121498ms,121498,225.497,0.198562
121530ms,121530,225.545,0.198560
121578ms,121578,225.562,0.198853
121610ms,121610,225.607,0.198458
121674ms,121674,225.589,0.198617
121706ms,121706,225.536,0.198523
121738ms,121738,225.599,0.198704
121770ms,121770,225.652,0.198565
121802ms,121802,225.587,0.198669
121834ms,121834,225.705,0.199028
121866ms,121866,225.636,0.198532
121946ms,121946,225.303,0.198420
122666ms,122666,224.121,0.197430
122714ms,122714,224.395,0.198039
122810ms,122810,225.022,0.198292
122842ms,122842,225.045,0.198290
122906ms,122906,225.368,0.198877
122938ms,122938,225.564,0.198530
122970ms,122970,225.582,0.198560
123002ms,123002,225.559,0.198551
123034ms,123034,225.640,0.198961
123082ms,123082,225.494,0.198704
123114ms,123114,225.524,0.198672
123146ms,123146,225.531,0.198767
123178ms,123178,225.565,0.198622
123210ms,123210,225.586,0.198783
123242ms,123242,225.523,0.198457
123274ms,123274,225.550,0.198544
123306ms,123306,225.624,0.198526
123434ms,123434,224.899,0.198478
124106ms,124106,224.042,0.197337
124138ms,124138,224.067,0.198091
124218ms,124218,224.653,0.197928
124250ms,124250,224.803,0.198104
124314ms,124314,224.990,0.197913
124378ms,124378,225.467,0.198608
124410ms,124410,225.583,0.198439
124442ms,124442,225.599,0.198385
124474ms,124474,225.553,0.198764
124506ms,124506,225.622,0.198410
124618ms,124618,225.584,0.198736
124650ms,124650,225.620,0.198802
124746ms,124746,225.726,0.199043
124778ms,124778,225.668,0.198575
124842ms,124842,225.709,0.198775
124938ms,124938,224.722,0.198357
125514ms,125514,223.224,0.196235
125706ms,125706,224.768,0.198397
125818ms,125818,225.264,0.198771
125882ms,125882,225.643,0.198648
125946ms,125946,225.597,0.198525
125978ms,125978,225.636,0.198635
126010ms,126010,225.621,0.198563
126042ms,126042,225.573,0.198848
126074ms,126074,225.584,0.198589
126122ms,126122,225.594,0.198742
126154ms,126154,225.532,0.198673
126218ms,126218,225.539,0.198574
126250ms,126250,225.646,0.199009
126282ms,126282,225.639,0.198914
126314ms,126314,225.645,0.199158
126378ms,126378,225.384,0.198486
126490ms,126490,223.804,0.197695
127114ms,127114,224.127,0.197632
127290ms,127290,225.133,0.198159
127322ms,127322,225.335,0.198671
127354ms,127354,225.529,0.198741
127386ms,127386,225.619,0.198550
127418ms,127418,225.682,0.198720
127450ms,127450,225.636,0.198600
127514ms,127514,225.603,0.198946
127546ms,127546,225.535,0.198864
127578ms,127578,225.626,0.198800
127690ms,127690,225.596,0.198761
127722ms,127722,225.644,0.198809
127754ms,127754,225.694,0.198864
127914ms,127914,224.657,0.198358
128458ms,128458,223.032,0.196920
128618ms,128618,224.140,0.197769
128714ms,128714,224.761,0.198406
128746ms,128746,224.954,0.198078
128794ms,128794,225.219,0.198383
128890ms,128890,225.618,0.198386
128922ms,128922,225.574,0.198608
128954ms,128954,225.551,0.198543
128986ms,128986,225.598,0.198730
129018ms,129018,225.549,0.198727
129050ms,129050,225.586,0.198617
129082ms,129082,225.620,0.198694
129114ms,129114,225.576,0.198381
129162ms,129162,225.600,0.198720
129194ms,129194,225.658,0.198741
129226ms,129226,225.547,0.198779
129290ms,129290,225.656,0.198720
129962ms,129962,223.302,0.196590
130266ms,130266,225.089,0.198160
130298ms,130298,225.416,0.198722
130362ms,130362,225.440,0.198697
130394ms,130394,225.549,0.198820
130426ms,130426,225.597,0.198698
130458ms,130458,225.619,0.199117
130522ms,130522,225.688,0.198944
130586ms,130586,225.538,0.198938
130666ms,130666,225.614,0.199130
130698ms,130698,225.688,0.198977
130730ms,130730,225.632,0.198984
130794ms,130794,225.656,0.199126
130858ms,130858,225.481,0.198809
130954ms,130954,223.759,0.197218
131594ms,131594,224.160,0.197244
131690ms,131690,224.664,0.198414
131754ms,131754,225.088,0.198186
131834ms,131834,225.562,0.198636
131930ms,131930,225.594,0.198722
131962ms,131962,225.535,0.198817
131994ms,131994,225.533,0.198676
132026ms,132026,225.569,0.198433
132122ms,132122,225.499,0.198769
132170ms,132170,225.633,0.198908
132202ms,132202,225.488,0.198714
132394ms,132394,224.729,0.198342
133098ms,133098,223.992,0.197943
133130ms,133130,224.441,0.198069
133162ms,133162,224.704,0.197864
133226ms,133226,224.905,0.198400
133306ms,133306,225.523,0.198711
133338ms,133338,225.663,0.198503
133370ms,133370,225.656,0.198888
133402ms,133402,225.696,0.199005
133466ms,133466,225.655,0.199026
133530ms,133530,225.628,0.199078
133594ms,133594,225.697,0.198955
133626ms,133626,225.654,0.198984
133674ms,133674,225.673,0.198901
133706ms,133706,225.583,0.199261
133738ms,133738,225.634,0.198773
133770ms,133770,225.729,0.198282
134570ms,134570,224.014,0.198017
134634ms,134634,224.608,0.198008
134666ms,134666,224.954,0.198385
134730ms,134730,225.093,0.198079
134762ms,134762,225.400,0.198505
134810ms,134810,225.401,0.198754
134874ms,134874,225.495,0.198507
134906ms,134906,225.469,0.198490
134938ms,134938,225.553,0.198763
134970ms,134970,225.532,0.198536
135002ms,135002,225.556,0.198721
135034ms,135034,225.512,0.198593
135066ms,135066,225.580,0.198709
135098ms,135098,225.517,0.198721
135130ms,135130,225.450,0.198889
135162ms,135162,225.542,0.198663
135210ms,135210,225.513,0.198570
135242ms,135242,225.551,0.198959
135370ms,135370,224.766,0.198170
136106ms,136106,224.457,0.197845
136202ms,136202,224.943,0.198629
136234ms,136234,225.167,0.198714
136266ms,136266,225.326,0.198635
136378ms,136378,225.531,0.198794
136442ms,136442,225.447,0.198494
136474ms,136474,225.495,0.198590
136506ms,136506,225.552,0.198754
136538ms,136538,225.412,0.198283
136570ms,136570,225.526,0.198939
136602ms,136602,225.457,0.198652
136634ms,136634,225.488,0.198536
136666ms,136666,225.520,0.198690
137546ms,137546,223.910,0.197502
137706ms,137706,224.993,0.198085
137738ms,137738,225.339,0.198381
137770ms,137770,225.359,0.199067
137881ms,137881,225.505,0.198957
137914ms,137914,225.553,0.198779
137946ms,137946,225.507,0.198515
137978ms,137978,225.461,0.198497
138010ms,138010,225.512,0.198536
138042ms,138042,225.496,0.198636
138074ms,138074,225.507,0.198669
138106ms,138106,225.560,0.198645
138138ms,138138,225.603,0.198722
138281ms,138281,225.588,0.199238
138314ms,138314,225.310,0.198660
138874ms,138874,222.983,0.196927
139049ms,139049,223.971,0.198190
139113ms,139113,224.661,0.198348
139177ms,139177,224.990,0.197995
139273ms,139273,225.752,0.198525
139306ms,139306,225.466,0.198691
139338ms,139338,225.547,0.198631
139385ms,139385,225.522,0.198756
139417ms,139417,225.605,0.198681
139449ms,139449,225.622,0.198843
139481ms,139481,225.547,0.198642
139513ms,139513,225.538,0.198735
139545ms,139545,225.574,0.198880
139577ms,139577,225.631,0.198725
139609ms,139609,225.623,0.198701
139641ms,139641,225.581,0.198774
139673ms,139673,225.699,0.198770
139705ms,139705,225.796,0.198953
139817ms,139817,224.891,0.198363
140409ms,140409,223.502,0.196513
140473ms,140473,223.984,0.197551
140521ms,140521,224.108,0.198050
140745ms,140745,225.426,0.198740
140777ms,140777,225.621,0.198681
140809ms,140809,225.604,0.198695
140841ms,140841,225.583,0.198704
140889ms,140889,225.535,0.198471
140921ms,140921,225.536,0.198494
140953ms,140953,225.558,0.198804
140985ms,140985,225.559,0.198411
141017ms,141017,225.506,0.198403
141049ms,141049,225.499,0.198484
141081ms,141081,225.435,0.198575
141113ms,141113,225.618,0.198724
141145ms,141145,225.591,0.198440
141177ms,141177,225.518,0.198980
141321ms,141321,224.671,0.198611
141353ms,141353,224.356,0.197409
141849ms,141849,223.126,0.196613
142025ms,142025,224.303,0.198223
142057ms,142057,224.327,0.197831
142121ms,142121,224.776,0.198227
142153ms,142153,224.999,0.198395
142185ms,142185,225.038,0.198264
142249ms,142249,225.487,0.198708
142281ms,142281,225.501,0.198628
142313ms,142313,225.604,0.198704
142393ms,142393,225.631,0.198786
142425ms,142425,225.647,0.198921
142457ms,142457,225.654,0.198548
142489ms,142489,225.583,0.198885
142521ms,142521,225.597,0.198607
142553ms,142553,225.631,0.198750
142585ms,142585,225.619,0.198675
142617ms,142617,225.624,0.198603
142649ms,142649,225.502,0.198584
142681ms,142681,225.574,0.198669
143449ms,143449,223.970,0.197492
143593ms,143593,224.679,0.198542
143657ms,143657,224.962,0.198126
143689ms,143689,225.196,0.198607
143753ms,143753,225.572,0.198262
143785ms,143785,225.501,0.198499
143817ms,143817,225.487,0.198488
143849ms,143849,225.509,0.198525
143881ms,143881,225.518,0.198481
143929ms,143929,225.655,0.198593
143961ms,143961,225.588,0.198589
143993ms,143993,225.485,0.198615
144025ms,144025,225.509,0.198691
144057ms,144057,225.488,0.198460
144089ms,144089,225.548,0.198616
144121ms,144121,225.599,0.198830
144185ms,144185,225.541,0.198798
144297ms,144297,225.020,0.198567
144361ms,144361,224.156,0.198077
144857ms,144857,222.976,0.197088
144985ms,144985,223.967,0.197645
145017ms,145017,224.386,0.197834
145129ms,145129,224.994,0.198701
145161ms,145161,225.235,0.198476
145193ms,145193,225.355,0.198843
145225ms,145225,225.546,0.199007
145257ms,145257,225.432,0.198927
145289ms,145289,225.561,0.198542
145321ms,145321,225.469,0.198394
145353ms,145353,225.540,0.198501
145385ms,145385,225.491,0.198626
145433ms,145433,225.471,0.198732
145465ms,145465,225.531,0.198743
145497ms,145497,225.531,0.198564
145529ms,145529,225.523,0.198515
145561ms,145561,225.516,0.198822
145593ms,145593,225.566,0.198466
145625ms,145625,225.460,0.198450
145657ms,145657,225.723,0.198939
145801ms,145801,224.749,0.198574
146425ms,146425,223.806,0.197099
146489ms,146489,223.919,0.197463
146633ms,146633,224.948,0.197816
146665ms,146665,225.101,0.198696
146729ms,146729,225.503,0.198756
146825ms,146825,225.560,0.198506
146889ms,146889,225.574,0.198760
146969ms,146969,225.560,0.198536
147001ms,147001,225.496,0.198614
147033ms,147033,225.609,0.198695
147161ms,147161,225.687,0.198877
147257ms,147257,224.930,0.198703
147929ms,147929,223.953,0.197438
147961ms,147961,223.948,0.198058
148201ms,148201,225.523,0.198597
148233ms,148233,225.511,0.198702
148265ms,148265,225.501,0.198417
148297ms,148297,225.538,0.198764
148329ms,148329,225.569,0.198750
148361ms,148361,225.601,0.198776
148425ms,148425,225.565,0.198388
148473ms,148473,225.504,0.198648
148537ms,148537,225.545,0.198734
148569ms,148569,225.634,0.198980
148633ms,148633,225.650,0.198927
148761ms,148761,224.723,0.198542
148793ms,148793,224.189,0.198025
149465ms,149465,224.192,0.197751
149529ms,149529,224.741,0.198386
149609ms,149609,225.137,0.198544
149641ms,149641,225.109,0.198586
149673ms,149673,225.441,0.198497
149705ms,149705,225.456,0.198597
149769ms,149769,225.446,0.198718
149801ms,149801,225.481,0.198754
149833ms,149833,225.513,0.198703
149865ms,149865,225.613,0.198932
149897ms,149897,225.497,0.198824
149929ms,149929,225.408,0.198883
149977ms,149977,225.504,0.198717
150009ms,150009,225.389,0.198445
150041ms,150041,225.517,0.198704
150105ms,150105,225.522,0.198604
150137ms,150137,225.573,0.198491
150233ms,150233,224.930,0.198171
150937ms,150937,224.001,0.198010
151065ms,151065,225.155,0.198677
151209ms,151209,225.700,0.198752
151241ms,151241,225.590,0.198652
151273ms,151273,225.552,0.199126
151305ms,151305,225.509,0.198336
151369ms,151369,225.440,0.198498
151401ms,151401,225.514,0.198529
151433ms,151433,225.564,0.198822
151465ms,151465,225.607,0.198954
151513ms,151513,225.493,0.198652
151545ms,151545,225.503,0.198588
151577ms,151577,225.495,0.198824
151705ms,151705,225.253,0.198727
151801ms,151801,223.791,0.197672
152409ms,152409,223.938,0.197727
152441ms,152441,224.089,0.197454
152569ms,152569,225.047,0.198540
152601ms,152601,225.235,0.198393
152649ms,152649,225.344,0.198357
152713ms,152713,225.482,0.198343
152777ms,152777,225.509,0.198901
152809ms,152809,225.545,0.198708
152841ms,152841,225.513,0.198520
152873ms,152873,225.478,0.198553
152905ms,152905,225.519,0.198706
152937ms,152937,225.505,0.198794
152969ms,152969,225.551,0.198797
153017ms,153017,225.502,0.198746
153049ms,153049,225.566,0.198646
153209ms,153209,225.068,0.198699
153817ms,153817,223.380,0.196210
153881ms,153881,224.009,0.197227
153913ms,153913,223.929,0.197902
154009ms,154009,224.738,0.198337
154073ms,154073,224.961,0.197987
154153ms,154153,225.439,0.198515
154217ms,154217,225.519,0.199149
154249ms,154249,225.530,0.198799
154281ms,154281,225.574,0.198781
154313ms,154313,225.577,0.198579
154345ms,154345,225.540,0.198761
154377ms,154377,225.514,0.198425
154409ms,154409,225.508,0.198791
154441ms,154441,225.536,0.198553
154473ms,154473,225.664,0.198909
154521ms,154521,225.555,0.198626
154585ms,154585,225.663,0.198988
154713ms,154713,224.658,0.198693
155417ms,155417,224.130,0.197427
155449ms,155449,224.425,0.197962
155481ms,155481,224.800,0.198209
155545ms,155545,225.102,0.198204
155577ms,155577,225.155,0.199072
155689ms,155689,225.373,0.198487
155721ms,155721,225.550,0.198918
155753ms,155753,225.440,0.198520
155785ms,155785,225.493,0.198435
155817ms,155817,225.523,0.198408
155849ms,155849,225.483,0.198612
155881ms,155881,225.457,0.198910
155913ms,155913,225.494,0.199018
155945ms,155945,225.600,0.198698
155977ms,155977,225.454,0.198646
156025ms,156025,225.559,0.198604
156057ms,156057,225.634,0.198752
156921ms,156921,224.089,0.197799
156953ms,156953,224.526,0.197802
157113ms,157113,225.360,0.198283
157161ms,157161,225.475,0.198482
157193ms,157193,225.524,0.198704
157225ms,157225,225.585,0.198792
157257ms,157257,225.500,0.198786
157289ms,157289,225.592,0.198637
157321ms,157321,225.583,0.198707
157353ms,157353,225.431,0.198612
157417ms,157417,225.493,0.198764
157481ms,157481,225.609,0.199014
157529ms,157529,225.494,0.198651
157657ms,157657,225.356,0.199149
157689ms,157689,224.924,0.198690
158393ms,158393,224.053,0.198116
158521ms,158521,224.996,0.198762
158553ms,158553,225.230,0.198859
158585ms,158585,225.311,0.198619
158617ms,158617,225.423,0.198571
158649ms,158649,225.539,0.198470
158697ms,158697,225.578,0.198264
158729ms,158729,225.578,0.198437
158761ms,158761,225.600,0.198759
158793ms,158793,225.565,0.199004
158825ms,158825,225.587,0.198642
158857ms,158857,225.416,0.198826
158889ms,158889,225.560,0.198800
158921ms,158921,225.523,0.198554
158953ms,158953,225.571,0.198665
158985ms,158985,225.545,0.198330
159017ms,159017,225.604,0.198536
159193ms,159193,224.663,0.198223
159225ms,159225,224.213,0.197967
159753ms,159753,223.229,0.196366
159833ms,159833,223.812,0.196955
159897ms,159897,224.106,0.197968
159961ms,159961,224.781,0.198188
160057ms,160057,225.045,0.198771
160089ms,160089,225.373,0.198391
160121ms,160121,225.482,0.198743
160153ms,160153,225.666,0.199059
160265ms,160265,225.746,0.199141
160521ms,160521,225.632,0.198734
161368ms,161368,224.140,0.197554
161433ms,161433,224.633,0.198297
161528ms,161528,225.177,0.198606
161593ms,161593,225.483,0.198800
161704ms,161704,225.620,0.198563
161736ms,161736,225.703,0.198807
161768ms,161768,225.553,0.198658
161800ms,161800,225.465,0.198513
161832ms,161832,225.651,0.198833
161865ms,161865,225.514,0.198813
161896ms,161896,225.569,0.198740
161929ms,161929,225.575,0.198797
161961ms,161961,225.508,0.198573
162025ms,162025,225.667,0.198458
162872ms,162872,224.101,0.197724
163032ms,163032,225.042,0.198489
163096ms,163096,225.874,0.198574
163192ms,163192,225.709,0.198880
163272ms,163272,225.726,0.198984
163336ms,163336,225.706,0.199051
163400ms,163400,225.539,0.198696
163464ms,163464,225.678,0.198725
163496ms,163496,225.796,0.198659
163528ms,163528,225.741,0.199041
163560ms,163560,225.555,0.198387
163640ms,163640,224.981,0.198334
164200ms,164200,223.357,0.196611
164328ms,164328,224.019,0.197949
164376ms,164376,224.421,0.198039
164472ms,164472,224.889,0.198621
164504ms,164504,225.032,0.198093
164536ms,164536,225.341,0.198625
164568ms,164568,225.495,0.198478
164632ms,164632,225.622,0.199139
164744ms,164744,225.597,0.198980
164776ms,164776,225.545,0.198718
164808ms,164808,225.481,0.199039
164872ms,164872,225.595,0.198759
164968ms,164968,225.607,0.198972
165000ms,165000,225.473,0.198941
165144ms,165144,224.589,0.198425
165704ms,165704,223.106,0.196220
165768ms,165768,223.847,0.197584
165880ms,165880,224.504,0.197857
166040ms,166040,225.453,0.198268
166072ms,166072,225.535,0.198355
166136ms,166136,225.576,0.198676
166168ms,166168,225.550,0.198596
166200ms,166200,225.590,0.198657
166248ms,166248,225.583,0.198869
166408ms,166408,225.490,0.198525
166600ms,166600,225.017,0.198251
167208ms,167208,223.318,0.196842
167272ms,167272,223.805,0.197423
167304ms,167304,223.973,0.198144
167512ms,167512,225.211,0.198320
167544ms,167544,225.346,0.198807
167704ms,167704,225.645,0.198854
167816ms,167816,225.529,0.198778
167880ms,167880,225.616,0.198899
167912ms,167912,225.511,0.198693
167944ms,167944,225.680,0.198739
168072ms,168072,225.262,0.198915
168104ms,168104,224.598,0.198400
168840ms,168840,224.505,0.198073
168872ms,168872,224.643,0.198325
168952ms,168952,225.153,0.198371
168984ms,168984,225.086,0.198377
169016ms,169016,225.343,0.198565
169144ms,169144,225.461,0.198504
169176ms,169176,225.460,0.198481
169208ms,169208,225.462,0.198503
169240ms,169240,225.563,0.198520
169288ms,169288,225.569,0.198681
169320ms,169320,225.532,0.198526
169352ms,169352,225.555,0.198390
169384ms,169384,225.413,0.198398
169416ms,169416,225.482,0.198664
169480ms,169480,225.607,0.198562
169576ms,169576,224.895,0.198562
170248ms,170248,223.758,0.197492
170344ms,170344,224.536,0.198003
170376ms,170376,224.757,0.198097
170520ms,170520,225.468,0.198536
170552ms,170552,225.456,0.198172
170584ms,170584,225.614,0.198678
170744ms,170744,225.550,0.198898
170776ms,170776,225.579,0.198830
170856ms,170856,225.552,0.198956
170888ms,170888,225.534,0.198461
170920ms,170920,225.590,0.199103
171048ms,171048,225.293,0.198534
171080ms,171080,224.947,0.198559
171816ms,171816,224.356,0.198067
171848ms,171848,224.689,0.198229
171912ms,171912,225.006,0.198370
171960ms,171960,225.135,0.198334
171992ms,171992,225.332,0.198482
172024ms,172024,225.644,0.198801
172056ms,172056,225.665,0.198451
172088ms,172088,225.582,0.198412
172120ms,172120,225.656,0.198415
172152ms,172152,225.679,0.198525
172184ms,172184,225.647,0.198443
172248ms,172248,225.545,0.198712
172280ms,172280,225.587,0.198868
172328ms,172328,225.584,0.198439
172360ms,172360,225.567,0.198657
172392ms,172392,225.658,0.198724
172552ms,172552,225.048,0.198400
173224ms,173224,223.982,0.197591
173256ms,173256,223.914,0.198070
173320ms,173320,224.612,0.198082
173352ms,173352,224.828,0.198698
173464ms,173464,225.141,0.198514
173560ms,173560,225.484,0.198517
173656ms,173656,225.469,0.198510
173688ms,173688,225.494,0.198665
173720ms,173720,225.557,0.198495
173752ms,173752,225.551,0.198568
173784ms,173784,225.594,0.198525
173832ms,173832,225.468,0.198530
173864ms,173864,225.506,0.198570
173896ms,173896,225.572,0.198615
173928ms,173928,225.478,0.198907
174024ms,174024,225.311,0.198777
174056ms,174056,224.854,0.198503
174760ms,174760,224.208,0.197965
174856ms,174856,224.794,0.198602
174920ms,174920,224.999,0.198140
174952ms,174952,225.416,0.198444
175000ms,175000,225.494,0.198746
175032ms,175032,225.661,0.198244
175064ms,175064,225.570,0.198472
175096ms,175096,225.496,0.198670
175128ms,175128,225.589,0.198481
175160ms,175160,225.546,0.198715
175192ms,175192,225.496,0.198830
175224ms,175224,225.490,0.198603
175256ms,175256,225.519,0.198789
175320ms,175320,225.573,0.198841
175368ms,175368,225.535,0.198730
175560ms,175560,224.502,0.198191
176200ms,176200,223.733,0.197217
176232ms,176232,224.063,0.197893
176296ms,176296,224.716,0.197971
176424ms,176424,225.226,0.198406
176536ms,176536,225.417,0.198274
176568ms,176568,225.526,0.198553
176632ms,176632,225.503,0.198413
176664ms,176664,225.681,0.198635
176728ms,176728,225.537,0.198573
176792ms,176792,225.555,0.198769
176824ms,176824,225.553,0.198666
176904ms,176904,225.563,0.199101
176936ms,176936,225.637,0.198782
177000ms,177000,225.243,0.198395
177736ms,177736,223.898,0.197940
177768ms,177768,224.269,0.198067
177832ms,177832,224.719,0.199052
177896ms,177896,225.107,0.198221
177928ms,177928,225.245,0.198567
177960ms,177960,225.510,0.198729
178008ms,178008,225.510,0.198621
178104ms,178104,225.513,0.198725
178136ms,178136,225.574,0.198808
178200ms,178200,225.619,0.198701
178264ms,178264,225.573,0.198395
178328ms,178328,225.501,0.198892
178360ms,178360,225.499,0.198729
178408ms,178408,225.591,0.198550
178536ms,178536,224.595,0.198068
179176ms,179176,224.020,0.197587
179208ms,179208,224.072,0.197772
179400ms,179400,225.249,0.198624
179512ms,179512,225.539,0.198751
179544ms,179544,225.470,0.198517
179736ms,179736,225.433,0.198730
179768ms,179768,225.498,0.198729
179800ms,179800,225.372,0.198579
179832ms,179832,225.468,0.198839
180040ms,180040,224.339,0.197910
180072ms,180072,223.537,0.197368
180568ms,180568,223.120,0.196833
180680ms,180680,223.808,0.197865
180712ms,180712,224.113,0.197757
180808ms,180808,224.831,0.198445
180840ms,180840,224.997,0.198686
180872ms,180872,225.097,0.198337
180904ms,180904,225.333,0.198486
180968ms,180968,225.678,0.198409
181016ms,181016,225.677,0.198499
181048ms,181048,225.671,0.198294
181112ms,181112,225.584,0.198782
181176ms,181176,225.624,0.198664
181208ms,181208,225.521,0.198677
181240ms,181240,225.566,0.198614
181272ms,181272,225.529,0.198734
181304ms,181304,225.630,0.198838
181336ms,181336,225.438,0.198980
181480ms,181480,224.928,0.198517
182248ms,182248,224.706,0.198315
182312ms,182312,224.975,0.198566
182344ms,182344,225.086,0.198154
182376ms,182376,225.384,0.198634
182408ms,182408,225.413,0.198675
182440ms,182440,225.437,0.198204
182552ms,182552,225.566,0.199109
182584ms,182584,225.556,0.198971
182648ms,182648,225.470,0.198963
182680ms,182680,225.476,0.198850
182712ms,182712,225.531,0.198861
182776ms,182776,225.511,0.198645
182808ms,182808,225.399,0.198934
182840ms,182840,225.488,0.198936
182920ms,182920,225.486,0.198882
183687ms,183687,224.307,0.197945
183848ms,183848,225.219,0.198650
183880ms,183880,225.375,0.198939
184055ms,184055,225.606,0.198902
184087ms,184087,225.518,0.198867
184119ms,184119,225.608,0.199008
184151ms,184151,225.599,0.198918
184183ms,184183,225.582,0.198914
184247ms,184247,225.588,0.198750
184279ms,184279,225.501,0.198747
184376ms,184376,225.527,0.198259
184423ms,184423,225.279,0.198505
184455ms,184455,224.802,0.198067
184520ms,184520,223.723,0.197141
185191ms,185191,224.439,0.197850
185287ms,185287,225.083,0.198161
185319ms,185319,225.151,0.198581
185351ms,185351,225.303,0.198696
185415ms,185415,225.482,0.198629
185447ms,185447,225.582,0.198400
185479ms,185479,225.637,0.198952
185511ms,185511,225.653,0.199069
185543ms,185543,225.561,0.198566
185591ms,185591,225.641,0.198555
185623ms,185623,225.580,0.198733
185655ms,185655,225.618,0.198554
185687ms,185687,225.521,0.198567
185751ms,185751,225.710,0.198670
185847ms,185847,225.458,0.198211
185911ms,185911,224.919,0.198689
186583ms,186583,223.999,0.197330
186615ms,186615,224.078,0.198365
186647ms,186647,224.505,0.198245
186823ms,186823,225.284,0.198324
186855ms,186855,225.479,0.198757
186887ms,186887,225.503,0.198754
186919ms,186919,225.556,0.198530
186983ms,186983,225.493,0.198816
187047ms,187047,225.439,0.198721
187159ms,187159,225.427,0.198755
187191ms,187191,225.489,0.198925
187223ms,187223,225.532,0.198559
187383ms,187383,225.283,0.198439
187495ms,187495,223.708,0.197201
188055ms,188055,223.921,0.197355
188119ms,188119,224.196,0.197378
188231ms,188231,224.998,0.198600
188295ms,188295,225.300,0.199087
188327ms,188327,225.207,0.198571
188359ms,188359,225.409,0.198412
188391ms,188391,225.358,0.198343
188695ms,188695,225.480,0.198856
188695ms,188695,225.480,0.198856
188727ms,188727,225.491,0.198951
188855ms,188855,225.278,0.198840
188887ms,188887,224.824,0.198397
189463ms,189463,223.125,0.197239
189591ms,189591,223.967,0.197702
189767ms,189767,225.081,0.198213
189799ms,189799,225.336,0.198619
189831ms,189831,225.360,0.198958
189895ms,189895,225.589,0.198487
190231ms,190231,225.575,0.198523
190359ms,190359,225.201,0.198565
190391ms,190391,224.681,0.198101
190455ms,190455,223.656,0.197196
190967ms,190967,223.122,0.196861
191031ms,191031,223.982,0.197476
191095ms,191095,224.120,0.197731
191223ms,191223,224.826,0.198331
191271ms,191271,225.167,0.198808
191303ms,191303,225.333,0.198421
191335ms,191335,225.517,0.198654
191367ms,191367,225.489,0.198904
191399ms,191399,225.446,0.198789
191431ms,191431,225.473,0.198614
191463ms,191463,225.541,0.198874
191495ms,191495,225.445,0.198376
191559ms,191559,225.551,0.198479
191591ms,191591,225.521,0.198621
191639ms,191639,225.503,0.198642
191671ms,191671,225.657,0.198820
191703ms,191703,225.548,0.198494
191735ms,191735,225.591,0.198691
191799ms,191799,225.589,0.199047
192535ms,192535,223.927,0.197477
192727ms,192727,225.075,0.198136
192807ms,192807,225.353,0.198796
192839ms,192839,225.502,0.198610
192871ms,192871,225.558,0.198596
192903ms,192903,225.412,0.198371
192935ms,192935,225.539,0.198363
192967ms,192967,225.435,0.198738
192999ms,192999,225.355,0.198641
193031ms,193031,225.576,0.198421
193063ms,193063,225.554,0.198710
193095ms,193095,225.545,0.198714
193207ms,193207,225.387,0.198400
193239ms,193239,225.522,0.198632
193335ms,193335,225.281,0.198803
193367ms,193367,224.826,0.198602
193431ms,193431,223.743,0.197528
194071ms,194071,224.178,0.198195
194103ms,194103,224.487,0.197937
194231ms,194231,225.157,0.198644
194279ms,194279,225.432,0.198728
194343ms,194343,225.565,0.198685
194375ms,194375,225.531,0.198434
194407ms,194407,225.524,0.198577
194439ms,194439,225.495,0.198645
194471ms,194471,225.463,0.198726
194503ms,194503,225.486,0.198475
194535ms,194535,225.499,0.198553
194567ms,194567,225.502,0.198753
194599ms,194599,225.412,0.198467
194679ms,194679,225.517,0.198792
194711ms,194711,225.535,0.199257
194839ms,194839,224.812,0.198472
195511ms,195511,223.987,0.197629
195575ms,195575,224.500,0.198008
195639ms,195639,224.765,0.198137
195703ms,195703,225.106,0.198029
195735ms,195735,225.345,0.198553
195767ms,195767,225.542,0.198550
195815ms,195815,225.561,0.198726
195879ms,195879,225.391,0.198157
195943ms,195943,225.472,0.199097
195975ms,195975,225.488,0.198556
196007ms,196007,225.526,0.198665
196039ms,196039,225.587,0.198810
196071ms,196071,225.608,0.198670
196103ms,196103,225.578,0.198426
196135ms,196135,225.475,0.198572
196183ms,196183,225.498,0.198855
196215ms,196215,225.698,0.198926
196343ms,196343,224.554,0.198212
197079ms,197079,224.474,0.198293
197111ms,197111,224.788,0.197987
197175ms,197175,224.819,0.198068
197207ms,197207,225.156,0.198753
197239ms,197239,225.427,0.198160
197271ms,197271,225.439,0.198347
197383ms,197383,225.454,0.198777
197415ms,197415,225.474,0.198629
197447ms,197447,225.544,0.198914
197479ms,197479,225.551,0.198916
197511ms,197511,225.562,0.198840
197543ms,197543,225.436,0.198660
197575ms,197575,225.564,0.198714
197607ms,197607,225.502,0.198314
197639ms,197639,225.531,0.199088
198519ms,198519,224.107,0.198527
198615ms,198615,224.862,0.198232
198647ms,198647,224.929,0.198118
198679ms,198679,225.112,0.198028
198711ms,198711,225.353,0.198417
198743ms,198743,225.356,0.198398
198775ms,198775,225.476,0.198676
198807ms,198807,225.434,0.198555
198855ms,198855,225.507,0.198938
198919ms,198919,225.553,0.198989
198951ms,198951,225.507,0.198838
199015ms,199015,225.500,0.198509
199047ms,199047,225.551,0.198724
199079ms,199079,225.609,0.198945
199111ms,199111,225.607,0.198928
199143ms,199143,225.468,0.198627
199175ms,199175,225.507,0.198409
199879ms,199879,223.201,0.196841
200023ms,200023,224.341,0.197618
200055ms,200055,224.491,0.198482
200183ms,200183,225.116,0.198536
200215ms,200215,225.380,0.198230
200247ms,200247,225.451,0.198368
200279ms,200279,225.480,0.198522
200311ms,200311,225.487,0.198683
200487ms,200487,225.439,0.198564
200519ms,200519,225.499,0.198638
200551ms,200551,225.512,0.198436
200615ms,200615,225.507,0.198667
200647ms,200647,225.430,0.199105
201527ms,201527,224.459,0.197842
201623ms,201623,224.933,0.198752
201655ms,201655,225.173,0.198162
201687ms,201687,225.338,0.198546
201719ms,201719,225.438,0.198847
201783ms,201783,225.498,0.198422
201815ms,201815,225.503,0.198369
201847ms,201847,225.607,0.198337
201895ms,201895,225.503,0.198501
201927ms,201927,225.535,0.198677
201991ms,201991,225.549,0.198649
202023ms,202023,225.486,0.198835
202055ms,202055,225.505,0.198563
202087ms,202087,225.549,0.199025
202119ms,202119,225.446,0.198868
202919ms,202919,223.849,0.197924
203031ms,203031,224.448,0.197813
203159ms,203159,225.337,0.198496
203191ms,203191,225.385,0.198706
203255ms,203255,225.490,0.198553
203287ms,203287,225.560,0.198701
203367ms,203367,225.593,0.198593
203431ms,203431,225.568,0.198613
203495ms,203495,225.592,0.198866
203527ms,203527,225.531,0.198566
203559ms,203559,225.567,0.198995
203591ms,203591,225.551,0.198535
203831ms,203831,223.680,0.197196
204327ms,204327,223.115,0.196455
204535ms,204535,224.849,0.198442
204631ms,204631,225.219,0.198538
204727ms,204727,225.553,0.198566
204791ms,204791,225.525,0.198684
204823ms,204823,225.567,0.198852
204871ms,204871,225.458,0.198593
204935ms,204935,225.465,0.198665
204967ms,204967,225.586,0.198928
205031ms,205031,225.644,0.198878
205063ms,205063,225.693,0.198846
205927ms,205927,224.024,0.197319
205959ms,205959,224.468,0.197789
206071ms,206071,224.986,0.198217
206103ms,206103,225.063,0.198334
206135ms,206135,225.256,0.198593
206167ms,206167,225.523,0.198362
206231ms,206231,225.567,0.198748
206263ms,206263,225.586,0.198665
206295ms,206295,225.435,0.198515
206407ms,206407,225.568,0.198794
206471ms,206471,225.618,0.198782
206567ms,206567,225.481,0.198582
206695ms,206695,224.939,0.198387
207606ms,207606,225.260,0.198443
207638ms,207638,225.362,0.198439
207703ms,207703,225.477,0.198630
207734ms,207734,225.513,0.198965
207799ms,207799,225.479,0.199009
207831ms,207831,225.485,0.198920
207910ms,207910,225.513,0.198921
207942ms,207942,225.492,0.199084
208006ms,208006,225.534,0.198916
208166ms,208166,225.246,0.198765
208774ms,208774,223.103,0.196360
208902ms,208902,224.147,0.198066
208966ms,208966,224.872,0.198180
209078ms,209078,225.175,0.198699
209110ms,209110,225.412,0.198649
209334ms,209334,225.543,0.198579
209446ms,209446,225.580,0.198702
209478ms,209478,225.683,0.199003
209606ms,209606,225.538,0.198787
209670ms,209670,224.922,0.198699
210278ms,210278,223.330,0.196527
210342ms,210342,223.825,0.197770
210374ms,210374,224.103,0.197626
210582ms,210582,225.266,0.198571
210614ms,210614,225.329,0.199161
210646ms,210646,225.472,0.198500
210678ms,210678,225.335,0.198573
210806ms,210806,225.495,0.198728
210870ms,210870,225.494,0.198385
210902ms,210902,225.492,0.198678
210950ms,210950,225.581,0.198347
210982ms,210982,225.573,0.198875
211078ms,211078,225.501,0.198723
211174ms,211174,224.810,0.198477
211814ms,211814,223.744,0.196889
211878ms,211878,224.144,0.198219
211942ms,211942,224.715,0.198423
212006ms,212006,225.040,0.198439
212038ms,212038,225.259,0.198609
212086ms,212086,225.325,0.198684
212118ms,212118,225.527,0.198839
212150ms,212150,225.535,0.198645
212182ms,212182,225.523,0.198842
212214ms,212214,225.595,0.198635
212518ms,212518,225.618,0.198554
213350ms,213350,224.130,0.197481
213446ms,213446,224.748,0.198541
213510ms,213510,225.170,0.198249
213542ms,213542,225.412,0.198956
213574ms,213574,225.427,0.198571
213654ms,213654,225.539,0.198653
213686ms,213686,225.565,0.198647
213718ms,213718,225.612,0.199117
213750ms,213750,225.587,0.198877
213782ms,213782,225.506,0.198712
213878ms,213878,225.540,0.198637
213990ms,213990,225.607,0.198320
214214ms,214214,223.589,0.197444
214854ms,214854,224.058,0.197704
214918ms,214918,224.859,0.198889
215014ms,215014,225.204,0.199079
215046ms,215046,225.399,0.198513
215158ms,215158,225.506,0.198596
215286ms,215286,225.613,0.199036
215318ms,215318,225.545,0.198803
215350ms,215350,225.529,0.199052
215446ms,215446,225.510,0.198714
215494ms,215494,225.498,0.198955
215622ms,215622,224.997,0.198462
216326ms,216326,224.185,0.198033
216486ms,216486,224.936,0.198340
216518ms,216518,225.275,0.198527
216630ms,216630,225.538,0.198540
216662ms,216662,225.507,0.198525
216694ms,216694,225.563,0.198489
216726ms,216726,225.512,0.198429
216758ms,216758,225.505,0.198238
216790ms,216790,225.570,0.198476
216886ms,216886,225.585,0.198729
216918ms,216918,225.583,0.198334
216982ms,216982,225.536,0.198708
217030ms,217030,225.425,0.198557
217126ms,217126,224.533,0.198613
217158ms,217158,224.220,0.198111
217798ms,217798,224.066,0.197979
217990ms,217990,225.254,0.198845
218022ms,218022,225.451,0.198381
218118ms,218118,225.363,0.198829
218166ms,218166,225.433,0.198518
218198ms,218198,225.485,0.198763
218230ms,218230,225.531,0.198939
218262ms,218262,225.501,0.198905
218326ms,218326,225.489,0.198547
218422ms,218422,225.569,0.198895
218454ms,218454,225.565,0.198760
218534ms,218534,225.562,0.198368
218566ms,218566,225.373,0.198805
218598ms,218598,224.878,0.198709
219254ms,219254,223.790,0.197788
219302ms,219302,224.031,0.197487
219430ms,219430,224.836,0.198562
219462ms,219462,225.092,0.198041
219494ms,219494,225.302,0.198674
219526ms,219526,225.567,0.198178
219590ms,219590,225.507,0.199072
219622ms,219622,225.608,0.198760
219670ms,219670,225.513,0.198567
219702ms,219702,225.426,0.198595
219766ms,219766,225.436,0.198520
219798ms,219798,225.501,0.198571
219830ms,219830,225.460,0.198651
219862ms,219862,225.579,0.198710
219926ms,219926,225.447,0.198573
220102ms,220102,224.686,0.198410
220662ms,220662,223.263,0.196267
220758ms,220758,224.015,0.198737
220870ms,220870,224.760,0.198661
220966ms,220966,225.286,0.198709
220998ms,220998,225.300,0.198267
221062ms,221062,225.426,0.198626
221094ms,221094,225.487,0.198422
221126ms,221126,225.624,0.198644
221174ms,221174,225.562,0.198577
221206ms,221206,225.594,0.198695
221238ms,221238,225.618,0.198507
221270ms,221270,225.649,0.198704
221334ms,221334,225.447,0.198685
221366ms,221366,225.610,0.198834
222262ms,222262,224.216,0.197809
222310ms,222310,224.429,0.197393
222406ms,222406,225.033,0.198248
222438ms,222438,225.072,0.198488
222502ms,222502,225.466,0.198625
222566ms,222566,225.540,0.199151
222598ms,222598,225.460,0.198496
222630ms,222630,225.539,0.198470
222662ms,222662,225.494,0.198747
222806ms,222806,225.389,0.198574
222902ms,222902,225.410,0.198546
223030ms,223030,224.946,0.198036
223734ms,223734,224.076,0.197694
223846ms,223846,224.877,0.198545
223942ms,223942,225.223,0.198786
223974ms,223974,225.305,0.198863
224038ms,224038,225.468,0.198995
224070ms,224070,225.467,0.198790
224102ms,224102,225.367,0.198504
224134ms,224134,225.460,0.198879
224166ms,224166,225.508,0.198540
224214ms,224214,225.555,0.199123
224246ms,224246,225.526,0.198564
224278ms,224278,225.489,0.198906
224310ms,224310,225.499,0.198953
224342ms,224342,225.475,0.198698
224374ms,224374,225.594,0.198881
224438ms,224438,225.481,0.198713
224502ms,224502,225.391,0.198712
224534ms,224534,224.761,0.198531
224614ms,224614,223.741,0.197408
225110ms,225110,223.117,0.196407
225238ms,225238,224.173,0.197710
225270ms,225270,224.464,0.197277
225302ms,225302,224.745,0.197972
225382ms,225382,224.964,0.198334
225446ms,225446,225.287,0.198366
225510ms,225510,225.476,0.198736
225670ms,225670,225.536,0.199154
225702ms,225702,225.590,0.199055
225782ms,225782,225.561,0.198860
225814ms,225814,225.528,0.198679
225910ms,225910,225.586,0.198665
226006ms,226006,225.040,0.198873
226678ms,226678,223.928,0.197448
226710ms,226710,223.847,0.197624
226806ms,226806,224.790,0.198883
226950ms,226950,225.468,0.198815
227014ms,227014,225.591,0.198685
227046ms,227046,225.441,0.198716
227142ms,227142,225.528,0.199088
227318ms,227318,225.510,0.199073
227350ms,227350,225.468,0.198544
227510ms,227510,224.612,0.198144
227574ms,227574,223.721,0.197603
228086ms,228086,223.190,0.196258
228150ms,228150,223.877,0.197288
228182ms,228182,223.943,0.197915
228390ms,228390,225.327,0.198647
228422ms,228422,225.560,0.198335
228454ms,228454,225.481,0.198405
228486ms,228486,225.306,0.198382
228518ms,228518,225.553,0.198871
228550ms,228550,225.532,0.198924
228582ms,228582,225.514,0.199048
228614ms,228614,225.526,0.198554
228678ms,228678,225.592,0.198716
228790ms,228790,225.513,0.198649
228886ms,228886,225.448,0.198617
228918ms,228918,225.448,0.198545
228950ms,228950,225.414,0.198713
228982ms,228982,224.930,0.198689
229718ms,229718,224.327,0.197766
229814ms,229814,225.015,0.198342
229846ms,229846,225.065,0.198287
229925ms,229925,225.423,0.199157
229958ms,229958,225.586,0.198917
230022ms,230022,225.495,0.198917
230054ms,230054,225.615,0.198540
230150ms,230150,225.568,0.198485
230181ms,230181,225.395,0.198720
230261ms,230261,225.389,0.198403
230325ms,230325,225.543,0.198408
230453ms,230453,225.290,0.198874
231061ms,231061,223.227,0.197017
231221ms,231221,224.508,0.197539
231317ms,231317,224.916,0.198377
231349ms,231349,225.207,0.198602
231397ms,231397,225.418,0.198685
231461ms,231461,225.373,0.198699
231589ms,231589,225.539,0.198916
231621ms,231621,225.460,0.198514
231653ms,231653,225.447,0.198577
231685ms,231685,225.489,0.198389
231717ms,231717,225.384,0.198555
231749ms,231749,225.430,0.198581
231829ms,231829,225.308,0.198831
232661ms,232661,223.871,0.197899
232789ms,232789,224.941,0.198744
232853ms,232853,225.174,0.198508
232885ms,232885,225.242,0.198577
232933ms,232933,225.567,0.198760
232997ms,232997,225.409,0.198524
233029ms,233029,225.449,0.198631
233061ms,233061,225.458,0.198254
233125ms,233125,225.430,0.198407
233157ms,233157,225.399,0.198660
233189ms,233189,225.403,0.198747
233221ms,233221,225.497,0.198446
233253ms,233253,225.432,0.198532
233397ms,233397,225.567,0.198242
233429ms,233429,225.436,0.199078
234101ms,234101,223.793,0.197125
234165ms,234165,224.121,0.197324
234197ms,234197,224.373,0.197727
234261ms,234261,224.753,0.198084
234325ms,234325,225.188,0.198761
234357ms,234357,225.316,0.199213
234389ms,234389,225.487,0.199050
234469ms,234469,225.505,0.198341
234501ms,234501,225.535,0.198424
234533ms,234533,225.413,0.198696
234565ms,234565,225.539,0.198830
234597ms,234597,225.599,0.198606
234693ms,234693,225.465,0.198548
234725ms,234725,225.481,0.198609
234757ms,234757,225.389,0.198591
234805ms,234805,225.391,0.198798
234933ms,234933,224.963,0.198489
235637ms,235637,224.022,0.198158
235829ms,235829,225.210,0.198753
235861ms,235861,225.309,0.198436
235893ms,235893,225.540,0.198353
235941ms,235941,225.443,0.198970
235973ms,235973,225.525,0.199034
236069ms,236069,225.346,0.198596
236101ms,236101,225.437,0.198886
236165ms,236165,225.395,0.198549
236261ms,236261,225.398,0.198447
236293ms,236293,225.705,0.198478
236437ms,236437,224.849,0.197993
237141ms,237141,224.130,0.197775
237205ms,237205,224.772,0.198703
237269ms,237269,225.011,0.198586
237301ms,237301,225.036,0.198631
237365ms,237365,225.420,0.198687
237429ms,237429,225.579,0.198647
237477ms,237477,225.343,0.198552
237509ms,237509,225.379,0.198601
237541ms,237541,225.467,0.198802
237573ms,237573,225.493,0.198422
237605ms,237605,225.423,0.198497
237669ms,237669,225.509,0.198497
237701ms,237701,225.497,0.198304
237733ms,237733,225.493,0.198545
237765ms,237765,225.409,0.199051
237845ms,237845,225.647,0.198252
237909ms,237909,224.930,0.198504
238501ms,238501,223.317,0.196402
238709ms,238709,224.735,0.198510
238805ms,238805,225.128,0.198471
238837ms,238837,225.367,0.198870
238869ms,238869,225.566,0.198322
238901ms,238901,225.508,0.198607
238933ms,238933,225.530,0.198355
238981ms,238981,225.586,0.198570
239013ms,239013,225.470,0.198568
239045ms,239045,225.472,0.198443
239077ms,239077,225.451,0.198366
239109ms,239109,225.553,0.198659
239173ms,239173,225.355,0.198456
239205ms,239205,225.381,0.198125
239237ms,239237,225.385,0.198490
239349ms,239349,225.524,0.198469
239381ms,239381,225.350,0.198708
239413ms,239413,224.838,0.198583
240037ms,240037,223.717,0.197132
240117ms,240117,223.918,0.197642
240245ms,240245,224.922,0.198623
240277ms,240277,224.893,0.198413
240309ms,240309,225.413,0.198692
240341ms,240341,225.384,0.198591
240405ms,240405,225.352,0.198593
240437ms,240437,225.415,0.198285
240485ms,240485,225.387,0.198975
240549ms,240549,225.543,0.198401
240581ms,240581,225.450,0.198428
240613ms,240613,225.536,0.198212
240645ms,240645,225.369,0.198283
240677ms,240677,225.334,0.198436
240709ms,240709,225.484,0.198557
240837ms,240837,225.436,0.198481
240981ms,240981,223.533,0.197934
241781ms,241781,225.061,0.198563
241813ms,241813,225.445,0.198163
241909ms,241909,225.404,0.198262
241941ms,241941,225.349,0.198622
241973ms,241973,225.452,0.198372
242021ms,242021,225.404,0.198717
242117ms,242117,225.579,0.198498
242149ms,242149,225.510,0.198666
242213ms,242213,225.556,0.198530
242245ms,242245,225.479,0.198682
242981ms,242981,223.197,0.196394
243045ms,243045,223.749,0.197354
243077ms,243077,223.965,0.197772
243189ms,243189,224.749,0.198412
243285ms,243285,225.344,0.198913
243317ms,243317,225.401,0.198413
243381ms,243381,225.410,0.198440
243413ms,243413,225.420,0.198521
243445ms,243445,225.611,0.198296
243477ms,243477,225.504,0.198368
243525ms,243525,225.402,0.198585
243557ms,243557,225.391,0.198432
243621ms,243621,225.457,0.198546
243653ms,243653,225.427,0.198532
243685ms,243685,225.584,0.198504
243845ms,243845,225.273,0.198774
244453ms,244453,223.018,0.196534
244613ms,244613,224.488,0.198173
244725ms,244725,225.047,0.198460
244757ms,244757,225.085,0.198400
244789ms,244789,225.364,0.198437
244917ms,244917,225.607,0.198752
244949ms,244949,225.635,0.198527
245013ms,245013,225.526,0.198127
245061ms,245061,225.593,0.198561
245093ms,245093,225.521,0.198831
245125ms,245125,225.483,0.198706
245349ms,245349,224.750,0.198117
246053ms,246053,223.879,0.197728
246085ms,246085,224.298,0.197952
246117ms,246117,224.714,0.198088
246197ms,246197,224.922,0.199013
246261ms,246261,225.172,0.198438
246325ms,246325,225.424,0.198310
246357ms,246357,225.429,0.198425
246389ms,246389,225.285,0.198268
246421ms,246421,225.389,0.198484
246453ms,246453,225.377,0.198666
246485ms,246485,225.364,0.198536
246517ms,246517,225.385,0.198837
246565ms,246565,225.368,0.198624
246597ms,246597,225.425,0.199063
246629ms,246629,225.419,0.198752
246661ms,246661,225.409,0.198763
246789ms,246789,225.597,0.198533
246853ms,246853,224.850,0.198767
246933ms,246933,223.610,0.197330
247557ms,247557,224.077,0.198237
247589ms,247589,224.482,0.197590
247621ms,247621,224.806,0.198275
247733ms,247733,225.127,0.198747
247765ms,247765,225.371,0.198566
247797ms,247797,225.350,0.198495
247861ms,247861,225.347,0.198682
247893ms,247893,225.318,0.198577
247925ms,247925,225.341,0.198731
247957ms,247957,225.451,0.198648
247989ms,247989,225.387,0.199057
248021ms,248021,225.331,0.198418
248069ms,248069,225.512,0.198776
248101ms,248101,225.321,0.198616
248133ms,248133,225.435,0.198726
248165ms,248165,225.515,0.198647
248293ms,248293,225.197,0.198182
248325ms,248325,224.746,0.197991
249029ms,249029,224.196,0.197678
249061ms,249061,224.423,0.197842
249157ms,249157,224.982,0.198475
249189ms,249189,225.019,0.198376
249237ms,249237,225.285,0.198208
249333ms,249333,225.516,0.198153
249397ms,249397,225.492,0.198601
249461ms,249461,225.547,0.198642
249493ms,249493,225.517,0.198361
249557ms,249557,225.676,0.198877
249669ms,249669,225.541,0.199053
249797ms,249797,225.041,0.198580
249829ms,249829,224.563,0.197995
250501ms,250501,223.924,0.198043
250533ms,250533,224.201,0.198317
250565ms,250565,224.523,0.198201
250597ms,250597,224.806,0.198371
250693ms,250693,225.235,0.198784
250741ms,250741,225.421,0.198820
250901ms,250901,225.573,0.198918
250997ms,250997,225.528,0.199032
251029ms,251029,225.567,0.198555
251269ms,251269,225.284,0.199041
251301ms,251301,224.813,0.198698
251877ms,251877,223.038,0.196611
252005ms,252005,224.115,0.197527
252133ms,252133,225.020,0.198237
252165ms,252165,225.127,0.198845
252197ms,252197,225.270,0.199090
252277ms,252277,225.497,0.198662
252309ms,252309,225.572,0.198336
252405ms,252405,225.463,0.198676
252565ms,252565,225.478,0.198595
252773ms,252773,224.920,0.198455
253444ms,253444,224.017,0.197753
253476ms,253476,224.059,0.197925
253508ms,253508,224.433,0.198455
253604ms,253604,224.991,0.198951
253636ms,253636,225.200,0.199016
253668ms,253668,225.460,0.198674
253700ms,253700,225.367,0.198778
253748ms,253748,225.465,0.198858
253780ms,253780,225.552,0.199362
253812ms,253812,225.501,0.199208
253876ms,253876,225.504,0.198541
253908ms,253908,225.612,0.198491
255044ms,255044,224.692,0.198098
255140ms,255140,225.025,0.198725
255204ms,255204,225.363,0.198668
255252ms,255252,225.449,0.198264
255284ms,255284,225.404,0.198442
255316ms,255316,225.428,0.198473
255412ms,255412,225.505,0.198352
255476ms,255476,225.391,0.198693
255508ms,255508,225.442,0.198654
255540ms,255540,225.460,0.198949
255604ms,255604,225.389,0.198885
255748ms,255748,224.816,0.198531
256308ms,256308,223.185,0.196947
256452ms,256452,223.878,0.197820
256580ms,256580,224.928,0.198712
256612ms,256612,225.191,0.198969
256644ms,256644,225.243,0.198802
256676ms,256676,225.470,0.198647
256740ms,256740,225.579,0.198949
256852ms,256852,225.396,0.198540
256884ms,256884,225.528,0.199114
256916ms,256916,225.613,0.198967
256948ms,256948,225.544,0.198880
256980ms,256980,225.399,0.198827
257044ms,257044,225.399,0.198595
257076ms,257076,225.505,0.198426
257220ms,257220,224.988,0.198743
257924ms,257924,223.795,0.197565
258148ms,258148,225.386,0.198248
258212ms,258212,225.559,0.198535
258292ms,258292,225.399,0.198278
258324ms,258324,225.555,0.198689
258420ms,258420,225.601,0.198414
258484ms,258484,225.596,0.198712
258516ms,258516,225.538,0.198588
258548ms,258548,225.642,0.198567
258644ms,258644,225.548,0.198862
258692ms,258692,225.470,0.198831
258724ms,258724,224.737,0.198315
259284ms,259284,223.115,0.196373
259460ms,259460,224.432,0.198427
259556ms,259556,225.088,0.198397
259588ms,259588,225.203,0.198919
259652ms,259652,225.510,0.199073
259684ms,259684,225.382,0.198517
259716ms,259716,225.422,0.198619
259748ms,259748,225.338,0.198472
259860ms,259860,225.507,0.198405
260020ms,260020,225.426,0.198702
260052ms,260052,225.494,0.199206
260196ms,260196,225.076,0.198661
260228ms,260228,224.532,0.197798
260996ms,260996,224.855,0.198130
261124ms,261124,225.213,0.198691
261220ms,261220,225.481,0.198347
261252ms,261252,225.473,0.198609
261556ms,261556,225.511,0.198843
261652ms,261652,225.430,0.198729
261700ms,261700,224.736,0.198308
262388ms,262388,223.939,0.197535
262468ms,262468,224.759,0.198376
262532ms,262532,224.961,0.198246
262564ms,262564,225.110,0.198978
262724ms,262724,225.573,0.198925
262756ms,262756,225.442,0.198704
262836ms,262836,225.620,0.198862
262868ms,262868,225.635,0.198718
262900ms,262900,225.504,0.198744
262996ms,262996,225.452,0.198707
263028ms,263028,225.512,0.198803
263124ms,263124,225.439,0.198444
263188ms,263188,224.624,0.198513
263860ms,263860,224.021,0.197768
264100ms,264100,225.224,0.198783
264164ms,264164,225.463,0.198846
264196ms,264196,225.489,0.199043
264228ms,264228,225.567,0.198824
264260ms,264260,225.529,0.198898
264292ms,264292,225.572,0.198640
264324ms,264324,225.593,0.198730
264372ms,264372,225.576,0.198564
264404ms,264404,225.609,0.198914
264436ms,264436,225.561,0.199267
264500ms,264500,225.647,0.198685
264532ms,264532,225.615,0.199051
264628ms,264628,225.384,0.198053
264660ms,264660,224.921,0.198607
265364ms,265364,223.903,0.197293
265396ms,265396,224.431,0.198062
265540ms,265540,224.976,0.198182
265572ms,265572,225.243,0.198576
265604ms,265604,225.306,0.198352
265636ms,265636,225.498,0.198536
265668ms,265668,225.503,0.198867
265700ms,265700,225.428,0.198856
265732ms,265732,225.465,0.198653
265764ms,265764,225.465,0.198854
265796ms,265796,225.504,0.199243
265908ms,265908,225.298,0.198640
265940ms,265940,225.408,0.199250
265972ms,265972,225.430,0.199037
266004ms,266004,225.522,0.198866
266068ms,266068,225.566,0.199033
266100ms,266100,225.542,0.198485
266132ms,266132,225.000,0.198298
266164ms,266164,224.554,0.198156
266740ms,266740,223.193,0.196367
266804ms,266804,223.818,0.197287
266836ms,266836,224.073,0.197771
267044ms,267044,225.095,0.198542
267076ms,267076,225.410,0.199110
267140ms,267140,225.383,0.198804
267172ms,267172,225.297,0.198715
267204ms,267204,225.489,0.198630
267236ms,267236,225.559,0.199165
267268ms,267268,225.471,0.198824
267300ms,267300,225.526,0.199000
267332ms,267332,225.639,0.198709
267364ms,267364,225.538,0.198600
267412ms,267412,225.575,0.198697
267508ms,267508,225.513,0.198808
267572ms,267572,225.571,0.198234
268212ms,268212,223.046,0.196518
268340ms,268340,224.091,0.197674
268372ms,268372,224.379,0.197546
268468ms,268468,225.140,0.198599
268516ms,268516,225.103,0.198573
268548ms,268548,225.368,0.198786
268580ms,268580,225.524,0.198623
268612ms,268612,225.510,0.198713
268740ms,268740,225.532,0.198510
269012ms,269012,225.366,0.198452
269076ms,269076,225.569,0.198458
269140ms,269140,224.577,0.198165
269716ms,269716,223.120,0.196376
270052ms,270052,225.419,0.198616
270084ms,270084,225.436,0.198820
270116ms,270116,225.453,0.198701
270148ms,270148,225.527,0.198968
270308ms,270308,225.483,0.198497
270340ms,270340,225.436,0.198701
270372ms,270372,225.499,0.198715
270452ms,270452,225.450,0.199052
270484ms,270484,225.547,0.199076
270548ms,270548,225.497,0.198258
270580ms,270580,225.433,0.199366
270612ms,270612,224.762,0.198456
271316ms,271316,224.075,0.197432
271348ms,271348,224.449,0.197780
271444ms,271444,224.948,0.198426
271476ms,271476,225.031,0.198476
271508ms,271508,225.442,0.198703
271588ms,271588,225.509,0.199069
271620ms,271620,225.530,0.198999
271652ms,271652,225.665,0.199158
271684ms,271684,225.535,0.198942
271716ms,271716,225.593,0.199011
271748ms,271748,225.604,0.198815
271780ms,271780,225.655,0.199264
271812ms,271812,225.634,0.198925
271844ms,271844,225.566,0.198921
271908ms,271908,225.539,0.199176
271988ms,271988,225.666,0.199065
272052ms,272052,225.439,0.198577
272084ms,272084,225.241,0.198258
272180ms,272180,223.713,0.197756
272788ms,272788,224.071,0.197443
272980ms,272980,225.119,0.198571
273012ms,273012,225.222,0.198475
273044ms,273044,225.423,0.198663
273092ms,273092,225.539,0.198707
273124ms,273124,225.599,0.198821
273348ms,273348,225.517,0.198854
273412ms,273412,225.517,0.198777
273460ms,273460,225.447,0.198726
273556ms,273556,225.372,0.198278
273588ms,273588,224.679,0.197936
274292ms,274292,223.840,0.197760
274452ms,274452,224.959,0.198623
274484ms,274484,225.315,0.198445
274516ms,274516,225.293,0.198682
274548ms,274548,225.412,0.198221
274596ms,274596,225.489,0.198859
274628ms,274628,225.450,0.198072
274660ms,274660,225.590,0.198599
274692ms,274692,225.370,0.198436
274724ms,274724,225.389,0.198261
274756ms,274756,225.390,0.198468
274788ms,274788,225.352,0.198706
274820ms,274820,225.430,0.198866
274852ms,274852,225.448,0.198678
274884ms,274884,225.489,0.198235
274916ms,274916,225.509,0.199034
275795ms,275795,223.876,0.197472
275827ms,275827,224.452,0.197630
275923ms,275923,225.002,0.198126
275955ms,275955,225.208,0.198822
275987ms,275987,225.381,0.198421
276020ms,276020,225.354,0.198594
276051ms,276051,225.497,0.198776
276099ms,276099,225.526,0.198890
276163ms,276163,225.473,0.198999
276195ms,276195,225.473,0.198974
276227ms,276227,225.450,0.199260
276291ms,276291,225.536,0.199025
276323ms,276323,225.550,0.198893
276355ms,276355,225.464,0.198595
276387ms,276387,225.437,0.198228
276419ms,276419,225.463,0.199216
276499ms,276499,225.454,0.198360
276531ms,276531,225.340,0.198739
276563ms,276563,224.854,0.198441
277267ms,277267,223.938,0.197576
277459ms,277459,225.340,0.198741
277491ms,277491,225.447,0.198489
277523ms,277523,225.475,0.198537
277555ms,277555,225.449,0.198347
277635ms,277635,225.355,0.198464
277699ms,277699,225.583,0.198544
277731ms,277731,225.580,0.198568
277763ms,277763,225.439,0.198267
277795ms,277795,225.531,0.199083
277891ms,277891,225.450,0.198779
278003ms,278003,225.553,0.198482
278131ms,278131,223.543,0.197364
278627ms,278627,223.137,0.196204
278771ms,278771,223.997,0.197253
278931ms,278931,224.996,0.198091
278995ms,278995,225.418,0.198952
279027ms,279027,225.369,0.198727
279059ms,279059,225.568,0.198773
279091ms,279091,225.365,0.198354
279139ms,279139,225.439,0.198729
279171ms,279171,225.402,0.198260
279203ms,279203,225.426,0.198727
279235ms,279235,225.402,0.198419
279267ms,279267,225.405,0.198627
279331ms,279331,225.435,0.198690
279363ms,279363,225.448,0.198812
279395ms,279395,225.565,0.199059
279507ms,279507,225.365,0.198494
279539ms,279539,224.754,0.198212
280403ms,280403,224.924,0.198344
280435ms,280435,225.433,0.199084
280467ms,280467,225.319,0.199049
280499ms,280499,225.433,0.198712
280531ms,280531,225.473,0.199090
280595ms,280595,225.459,0.198552
280643ms,280643,225.431,0.198354
280675ms,280675,225.388,0.198539
280707ms,280707,225.560,0.199018
280739ms,280739,225.494,0.198802
280771ms,280771,225.444,0.198821
280803ms,280803,225.479,0.198606
280835ms,280835,225.678,0.198631
280867ms,280867,225.366,0.198826
280963ms,280963,225.474,0.198181
281107ms,281107,223.699,0.197001
281603ms,281603,223.029,0.196375
281731ms,281731,224.085,0.197619
281779ms,281779,224.490,0.197549
281875ms,281875,224.888,0.198643
281907ms,281907,224.998,0.198507
281939ms,281939,225.284,0.198457
281971ms,281971,225.446,0.198789
282003ms,282003,225.398,0.198446
282035ms,282035,225.394,0.198724
282099ms,282099,225.362,0.198297
282147ms,282147,225.435,0.198550
282179ms,282179,225.488,0.198569
282211ms,282211,225.419,0.198753
282243ms,282243,225.488,0.198563
282307ms,282307,225.469,0.198563
282339ms,282339,225.572,0.198591
282371ms,282371,225.587,0.198713
282499ms,282499,224.785,0.198802
283203ms,283203,224.072,0.197660
283315ms,283315,224.781,0.198660
283411ms,283411,225.212,0.198525
283443ms,283443,225.508,0.198688
283475ms,283475,225.430,0.198673
283539ms,283539,225.468,0.198925
283571ms,283571,225.666,0.198868
283603ms,283603,225.572,0.198896
283715ms,283715,225.409,0.198944
283779ms,283779,225.598,0.198819
283843ms,283843,225.454,0.199047
283971ms,283971,225.178,0.198582
284579ms,284579,223.074,0.196466
284707ms,284707,223.962,0.197548
284739ms,284739,224.274,0.197792
284851ms,284851,224.939,0.198231
284883ms,284883,224.958,0.198122
284915ms,284915,225.529,0.198609
284947ms,284947,225.503,0.198468
285011ms,285011,225.413,0.198545
285043ms,285043,225.401,0.198572
285075ms,285075,225.409,0.198696
285107ms,285107,225.636,0.198849
285187ms,285187,225.533,0.198294
285251ms,285251,225.523,0.198666
285475ms,285475,224.890,0.198356
286211ms,286211,224.223,0.197286
286323ms,286323,225.035,0.198800
286355ms,286355,225.094,0.198455
286387ms,286387,225.278,0.198945
286419ms,286419,225.240,0.198573
286451ms,286451,225.445,0.198589
286483ms,286483,225.365,0.198556
286515ms,286515,225.490,0.198540
286547ms,286547,225.488,0.198651
286579ms,286579,225.478,0.198974
286611ms,286611,225.403,0.198925
286691ms,286691,225.528,0.198242
286723ms,286723,225.514,0.198853
286755ms,286755,225.507,0.198801
286787ms,286787,225.613,0.198594
286819ms,286819,225.469,0.198366
286851ms,286851,225.543,0.198624
287715ms,287715,224.433,0.198360
287827ms,287827,224.970,0.198147
287891ms,287891,225.417,0.198683
287923ms,287923,225.481,0.198725
287955ms,287955,225.462,0.198457
287987ms,287987,225.466,0.199169
288019ms,288019,225.598,0.199146
288147ms,288147,225.497,0.198789
288227ms,288227,225.624,0.198722
288323ms,288323,225.474,0.199108
288387ms,288387,225.471,0.198502
288451ms,288451,224.819,0.198676
289155ms,289155,223.964,0.197513
289251ms,289251,224.855,0.198286
289315ms,289315,225.064,0.198493
289395ms,289395,225.364,0.198532
289427ms,289427,225.378,0.198393
289459ms,289459,225.605,0.198707
289491ms,289491,225.676,0.198535
289795ms,289795,225.550,0.198248
289891ms,289891,225.496,0.198324
289955ms,289955,224.646,0.197857
289987ms,289987,224.226,0.198064
290019ms,290019,223.464,0.197254
290531ms,290531,223.019,0.196345
290659ms,290659,224.162,0.197818
290691ms,290691,224.385,0.197698
290819ms,290819,225.111,0.198647
290867ms,290867,225.278,0.198753
290899ms,290899,225.441,0.198291
290931ms,290931,225.586,0.198605
290963ms,290963,225.589,0.198821
290995ms,290995,225.464,0.198585
291027ms,291027,225.477,0.198840
291059ms,291059,225.482,0.198784
291091ms,291091,225.516,0.198524
291123ms,291123,225.498,0.198594
291155ms,291155,225.424,0.198405
291187ms,291187,225.454,0.198440
291219ms,291219,225.398,0.198521
291267ms,291267,225.525,0.198474
291363ms,291363,225.490,0.198336
291395ms,291395,225.292,0.198622
292131ms,292131,224.010,0.197683
292195ms,292195,224.804,0.198355
292259ms,292259,224.948,0.198136
292291ms,292291,225.106,0.198657
292323ms,292323,225.499,0.198563
292355ms,292355,225.471,0.199220
292403ms,292403,225.536,0.198472
292563ms,292563,225.540,0.198766
292595ms,292595,225.542,0.198930
292899ms,292899,224.919,0.198370
293571ms,293571,223.773,0.197239
293603ms,293603,224.067,0.198238
293795ms,293795,225.182,0.198624
293827ms,293827,225.416,0.199005
293859ms,293859,225.427,0.198456
293907ms,293907,225.532,0.198400
293939ms,293939,225.466,0.198973
294003ms,294003,225.492,0.198555
294067ms,294067,225.484,0.198431
294099ms,294099,225.446,0.198429
294131ms,294131,225.593,0.198594
294163ms,294163,225.504,0.198981
294339ms,294339,225.436,0.198254
294467ms,294467,223.611,0.197738
295139ms,295139,224.589,0.198189
295267ms,295267,225.130,0.198675
295299ms,295299,225.250,0.198338
295331ms,295331,225.365,0.198518
295363ms,295363,225.505,0.198760
295411ms,295411,225.519,0.198570
295443ms,295443,225.472,0.199096
295475ms,295475,225.414,0.198806
295507ms,295507,225.373,0.198993
295539ms,295539,225.423,0.198817
295571ms,295571,225.396,0.199236
295603ms,295603,225.345,0.199125
295667ms,295667,225.371,0.199120
295699ms,295699,225.415,0.198511
295731ms,295731,225.457,0.198826
295811ms,295811,225.541,0.198357
295843ms,295843,225.284,0.199093
296435ms,296435,223.107,0.196364
296579ms,296579,224.092,0.197248
296611ms,296611,224.389,0.198063
296643ms,296643,224.867,0.198103
296707ms,296707,224.920,0.198790
296771ms,296771,225.449,0.198323
296803ms,296803,225.438,0.198208
296835ms,296835,225.344,0.198535
296867ms,296867,225.400,0.198290
296899ms,296899,225.368,0.198582
296979ms,296979,225.481,0.199047
297011ms,297011,225.603,0.198605
297043ms,297043,225.564,0.199033
297075ms,297075,225.514,0.198770
297107ms,297107,225.579,0.198991
297139ms,297139,225.481,0.198735
297171ms,297171,225.448,0.198825
297203ms,297203,225.362,0.198519
297347ms,297347,225.047,0.198261
298035ms,298035,223.989,0.197592
298147ms,298147,224.753,0.198069
298243ms,298243,225.165,0.198716
298275ms,298275,225.350,0.198712
298307ms,298307,225.520,0.198684
298339ms,298339,225.429,0.198299
298403ms,298403,225.465,0.198926
298611ms,298611,225.427,0.198571
298642ms,298642,225.497,0.198944
298675ms,298675,225.594,0.198466
298771ms,298771,225.458,0.198511
298803ms,298803,225.305,0.198624
298850ms,298850,224.915,0.198200
299538ms,299538,223.933,0.197332
299586ms,299586,224.336,0.196923
299618ms,299618,224.736,0.198293
299682ms,299682,224.897,0.198401
299714ms,299714,225.022,0.198522
299778ms,299778,225.435,0.198438
299810ms,299810,225.597,0.198928
299842ms,299842,225.478,0.198850
299874ms,299874,225.495,0.198871
299906ms,299906,225.478,0.199017
299938ms,299938,225.602,0.198959
299986ms,299986,225.415,0.199000
300018ms,300018,225.417,0.198864
300050ms,300050,225.500,0.198840
300082ms,300082,225.500,0.198741
300114ms,300114,225.427,0.199465
300146ms,300146,225.653,0.198761
300274ms,300274,225.449,0.198467
301010ms,301010,223.930,0.197434
301042ms,301042,224.296,0.197992
301154ms,301154,224.870,0.198750
301218ms,301218,225.242,0.198484
301250ms,301250,225.338,0.199133
301282ms,301282,225.420,0.198834
301314ms,301314,225.547,0.198776
301378ms,301378,225.360,0.198370
301410ms,301410,225.512,0.198667
301458ms,301458,225.417,0.198948
301522ms,301522,225.423,0.198781
301554ms,301554,225.471,0.198687
301586ms,301586,225.404,0.198398
