timestamp_ms,elapsed_ms,pix_dist,m_dist
0ms,0,138.191,0.190689
16ms,16,138.192,0.190685
33ms,33,138.193,0.190702
50ms,50,138.193,0.190702
66ms,66,138.193,0.190706
83ms,83,138.193,0.190706
100ms,100,138.193,0.190706
116ms,116,138.193,0.190706
133ms,133,138.193,0.190706
150ms,150,138.193,0.190706
166ms,166,138.193,0.190706
183ms,183,138.193,0.190706
200ms,200,138.193,0.190706
216ms,216,138.193,0.190706
233ms,233,138.193,0.190706
250ms,250,138.193,0.190706
266ms,266,138.193,0.190706
283ms,283,138.193,0.190706
300ms,300,138.193,0.190706
316ms,316,138.193,0.190706
333ms,333,138.193,0.190706
350ms,350,140.067,0.197852
366ms,366,140.067,0.197852
383ms,383,140.067,0.197852
400ms,400,140.067,0.197852
416ms,416,140.070,0.197759
433ms,433,140.027,0.197084
450ms,450,140.025,0.197095
466ms,466,140.025,0.197100
483ms,483,140.026,0.196988
500ms,500,140.026,0.196981
516ms,516,140.025,0.196857
533ms,533,140.026,0.196861
550ms,550,140.071,0.198782
566ms,566,140.075,0.198913
583ms,583,140.074,0.198940
633ms,633,139.237,0.191979
650ms,650,139.237,0.191979
700ms,700,138.307,0.188616
716ms,716,138.307,0.188616
733ms,733,137.845,0.189136
750ms,750,137.253,0.187585
766ms,766,137.255,0.187587
816ms,816,136.769,0.186130
833ms,833,136.769,0.186111
850ms,850,136.662,0.185524
866ms,866,136.662,0.185524
883ms,883,136.801,0.189517
900ms,900,136.799,0.189381
1400ms,1400,136.995,0.186475
1416ms,1416,136.994,0.186477
1433ms,1433,137.918,0.193816
1483ms,1483,137.502,0.187207
1500ms,1500,137.828,0.187543
1516ms,1516,137.855,0.187403
1583ms,1583,138.531,0.190051
1600ms,1600,138.531,0.190051
1683ms,1683,139.567,0.191299
1700ms,1700,139.578,0.191189
1716ms,1716,139.580,0.191153
1733ms,1733,139.507,0.192333
1750ms,1750,139.530,0.192479
1766ms,1766,140.113,0.196393
1783ms,1783,140.113,0.196413
1800ms,1800,140.112,0.196461
1816ms,1816,140.139,0.197133
1833ms,1833,139.612,0.192078
1849ms,1849,139.612,0.192078
1866ms,1866,139.612,0.192077
1883ms,1883,139.612,0.192077
1900ms,1900,139.612,0.192077
1916ms,1916,139.612,0.192077
1933ms,1933,139.612,0.192077
1950ms,1950,139.626,0.191858
1966ms,1966,139.626,0.191857
1983ms,1983,139.626,0.191856
2000ms,2000,139.626,0.191856
2016ms,2016,139.551,0.191980
2033ms,2033,139.552,0.191981
2050ms,2050,139.696,0.192138
2066ms,2066,139.696,0.192138
2083ms,2083,139.696,0.192138
2100ms,2100,139.456,0.192817
2116ms,2116,139.455,0.192833
2133ms,2133,138.884,0.190667
2150ms,2150,138.884,0.190667
2266ms,2266,137.630,0.198794
2283ms,2283,137.630,0.198794
2300ms,2300,137.050,0.187648
2316ms,2316,137.043,0.187448
2383ms,2383,136.607,0.185186
2400ms,2400,136.607,0.185186
2866ms,2866,136.855,0.187060
2883ms,2883,136.855,0.187060
3000ms,3000,137.925,0.189273
3016ms,3016,138.039,0.188971
3033ms,3033,137.862,0.189084
3050ms,3050,137.939,0.188905
3066ms,3066,138.695,0.192960
3083ms,3083,138.695,0.192960
3100ms,3100,138.754,0.189813
3116ms,3116,138.844,0.189327
3150ms,3150,139.417,0.191596
3166ms,3166,139.417,0.191596
3183ms,3183,139.593,0.192455
3200ms,3200,139.593,0.192455
3216ms,3216,139.598,0.192421
3233ms,3233,139.475,0.192958
3250ms,3250,139.474,0.192979
3266ms,3266,139.472,0.192998
3283ms,3283,139.493,0.192745
3300ms,3300,139.491,0.192773
3316ms,3316,139.564,0.192753
3333ms,3333,139.562,0.192742
3350ms,3350,139.564,0.192748
3366ms,3366,139.566,0.192730
3383ms,3383,139.567,0.192734
3400ms,3400,139.568,0.192720
3416ms,3416,139.568,0.192721
3433ms,3433,139.567,0.192705
3449ms,3449,139.567,0.192705
3466ms,3466,139.567,0.192692
3483ms,3483,139.567,0.192669
3500ms,3500,139.568,0.192659
3516ms,3516,139.568,0.192659
3533ms,3533,139.614,0.193036
3550ms,3550,139.356,0.192510
3566ms,3566,139.371,0.192672
3633ms,3633,138.807,0.191289
3650ms,3650,138.807,0.191289
3666ms,3666,138.200,0.188749
3683ms,3683,138.200,0.188749
3699ms,3699,137.729,0.188367
3716ms,3716,137.735,0.188375
3733ms,3733,138.020,0.190541
3750ms,3750,138.020,0.190541
3766ms,3766,136.979,0.187971
3783ms,3783,137.005,0.188607
3800ms,3800,136.785,0.186051
3816ms,3816,136.785,0.186051
3833ms,3833,136.653,0.188933
3850ms,3850,136.653,0.188928
3866ms,3866,136.757,0.187912
3883ms,3883,136.757,0.187910
3900ms,3900,136.643,0.184649
3916ms,3916,136.643,0.184649
4066ms,4066,137.078,0.189458
4083ms,4083,137.078,0.189458
4100ms,4100,136.732,0.196298
4116ms,4116,136.727,0.196767
4350ms,4350,136.993,0.186973
4366ms,4366,136.993,0.186973
4383ms,4383,137.095,0.186732
4433ms,4433,138.374,0.191139
4450ms,4450,138.430,0.189978
4483ms,4483,137.948,0.188028
4500ms,4500,137.963,0.188373
4516ms,4516,137.966,0.188367
4533ms,4533,138.306,0.189288
4550ms,4550,138.306,0.189287
4600ms,4600,138.837,0.190282
4616ms,4616,138.836,0.190293
4700ms,4700,139.526,0.191582
4716ms,4716,139.513,0.191372
4733ms,4733,140.212,0.196312
4750ms,4750,140.212,0.196316
4766ms,4766,140.212,0.196321
4783ms,4783,140.209,0.196456
4800ms,4800,140.210,0.196445
4816ms,4816,140.208,0.196527
4833ms,4833,140.190,0.195743
4850ms,4850,140.190,0.195743
4866ms,4866,140.190,0.195606
4883ms,4883,140.190,0.195549
4900ms,4900,140.191,0.195467
4916ms,4916,140.188,0.195513
4933ms,4933,140.185,0.195599
4950ms,4950,140.185,0.195600
4966ms,4966,140.184,0.195605
4983ms,4983,140.213,0.196939
5000ms,5000,140.273,0.198355
5016ms,5016,140.287,0.198702
5033ms,5033,140.313,0.199054
5050ms,5050,140.413,0.197831
5066ms,5066,140.160,0.200098
5083ms,5083,140.186,0.199022
5100ms,5100,139.136,0.190213
5116ms,5116,139.136,0.190213
5133ms,5133,139.136,0.190213
5150ms,5150,138.698,0.190686
5200ms,5200,137.684,0.188810
5216ms,5216,137.713,0.188715
5266ms,5266,136.889,0.187812
5283ms,5283,136.983,0.187532
5333ms,5333,136.610,0.188128
5350ms,5350,136.610,0.188128
5366ms,5366,136.817,0.186530
5383ms,5383,136.826,0.186689
5400ms,5400,136.664,0.184792
5416ms,5416,136.664,0.184792
5466ms,5466,136.800,0.184587
5483ms,5483,136.799,0.184582
5500ms,5500,136.799,0.184577
5516ms,5516,136.799,0.184575
5533ms,5533,136.799,0.184577
5600ms,5600,136.638,0.195524
5616ms,5616,136.616,0.194530
5633ms,5633,136.842,0.189640
5650ms,5650,136.842,0.189640
5866ms,5866,137.617,0.197434
5883ms,5883,137.617,0.197434
5900ms,5900,137.617,0.197434
5916ms,5916,137.617,0.197439
5933ms,5933,137.617,0.197444
5950ms,5950,137.684,0.187200
5966ms,5966,137.984,0.188145
5983ms,5983,137.992,0.188145
6000ms,6000,138.129,0.189561
6016ms,6016,138.152,0.189466
6066ms,6066,138.670,0.190491
6083ms,6083,138.633,0.190413
6100ms,6100,138.969,0.190817
6116ms,6116,138.968,0.190823
6133ms,6133,139.388,0.191370
6150ms,6150,139.400,0.191501
6166ms,6166,139.578,0.191266
6183ms,6183,139.553,0.191454
6200ms,6200,139.644,0.191778
6216ms,6216,139.568,0.191885
6233ms,6233,139.555,0.191985
6250ms,6250,139.500,0.192431
6266ms,6266,139.500,0.192435
6283ms,6283,139.481,0.192469
6300ms,6300,139.463,0.192442
6316ms,6316,139.460,0.192443
6333ms,6333,139.459,0.192437
6350ms,6350,139.459,0.192441
6366ms,6366,139.459,0.192452
6383ms,6383,139.458,0.192453
6400ms,6400,139.459,0.192454
6416ms,6416,139.459,0.192454
6433ms,6433,139.459,0.192454
6450ms,6450,139.492,0.192735
6466ms,6466,139.493,0.192742
6483ms,6483,139.493,0.192739
6500ms,6500,139.493,0.192714
6516ms,6516,139.471,0.192954
6533ms,6533,139.545,0.193078
6550ms,6550,139.551,0.193084
6566ms,6566,139.314,0.191280
6583ms,6583,139.354,0.191314
6600ms,6600,138.819,0.191018
6616ms,6616,138.819,0.191018
6633ms,6633,138.819,0.191018
6649ms,6649,138.417,0.189626
6666ms,6666,138.417,0.189626
6683ms,6683,137.818,0.188967
6700ms,6700,137.818,0.188967
6716ms,6716,137.178,0.189147
6733ms,6733,137.181,0.189079
6750ms,6750,136.926,0.187397
6766ms,6766,136.847,0.187591
6783ms,6783,136.847,0.187591
6800ms,6800,136.514,0.185606
6816ms,6816,136.514,0.185640
6833ms,6833,136.629,0.187302
6850ms,6850,136.629,0.187302
6866ms,6866,136.669,0.185242
6883ms,6883,136.669,0.185242
6966ms,6966,136.733,0.184989
6983ms,6983,136.740,0.185272
7050ms,7050,137.187,0.189240
7066ms,7066,137.187,0.189220
7116ms,7116,136.562,0.188296
7133ms,7133,136.716,0.186875
7300ms,7300,137.130,0.194041
7316ms,7316,137.130,0.194041
7350ms,7350,136.809,0.186426
7416ms,7416,137.468,0.186946
7433ms,7433,137.468,0.186946
7450ms,7450,138.236,0.190557
7466ms,7466,138.235,0.190534
7483ms,7483,138.050,0.188312
7500ms,7500,138.050,0.188311
7516ms,7516,138.109,0.188691
7533ms,7533,138.109,0.188691
7600ms,7600,138.922,0.190399
7616ms,7616,138.922,0.190399
7633ms,7633,138.922,0.190399
7649ms,7649,138.922,0.190399
7666ms,7666,139.554,0.192408
7683ms,7683,139.472,0.192213
7700ms,7700,139.658,0.191973
7716ms,7716,139.664,0.191662
7733ms,7733,139.646,0.191759
7750ms,7750,139.646,0.191756
7766ms,7766,139.644,0.191756
7783ms,7783,139.600,0.191734
7800ms,7800,139.601,0.191757
7816ms,7816,139.764,0.191429
7833ms,7833,139.766,0.191431
7850ms,7850,139.598,0.191806
7866ms,7866,139.598,0.191806
7883ms,7883,139.597,0.191806
7899ms,7899,139.597,0.191805
7916ms,7916,139.597,0.191805
7933ms,7933,139.597,0.191806
7950ms,7950,139.597,0.191806
7966ms,7966,139.598,0.191807
7983ms,7983,139.598,0.191811
8000ms,8000,139.509,0.192215
8016ms,8016,139.509,0.192219
8033ms,8033,139.489,0.193942
8050ms,8050,139.533,0.193938
8066ms,8066,139.191,0.191479
8083ms,8083,139.191,0.191479
8100ms,8100,139.191,0.191479
8116ms,8116,139.191,0.191479
8133ms,8133,138.079,0.189089
8150ms,8150,138.079,0.189089
8166ms,8166,138.079,0.189089
8183ms,8183,138.308,0.195730
8200ms,8200,138.308,0.195730
8216ms,8216,137.016,0.186941
8233ms,8233,137.016,0.186941
8316ms,8316,136.477,0.185800
8333ms,8333,136.479,0.184893
8350ms,8350,136.846,0.186947
8366ms,8366,136.590,0.185412
8383ms,8383,136.590,0.185412
8400ms,8400,136.637,0.185100
8416ms,8416,136.523,0.184027
8600ms,8600,136.417,0.188384
8683ms,8683,136.639,0.187630
8700ms,8700,136.642,0.187741
8850ms,8850,137.696,0.198944
8866ms,8866,138.049,0.187654
8883ms,8883,138.049,0.187654
8900ms,8900,137.600,0.187979
8916ms,8916,137.600,0.187982
8933ms,8933,137.660,0.187297
8950ms,8950,137.832,0.187392
8966ms,8966,137.833,0.187392
8983ms,8983,138.163,0.189761
9000ms,9000,138.195,0.189823
9050ms,9050,138.687,0.190123
9066ms,9066,138.645,0.190022
9083ms,9083,139.054,0.190836
9100ms,9100,139.057,0.190835
9116ms,9116,139.401,0.190948
9133ms,9133,139.505,0.191192
9150ms,9150,139.505,0.191192
9166ms,9166,139.685,0.191712
9183ms,9183,139.685,0.191712
9200ms,9200,139.558,0.192810
9216ms,9216,139.558,0.192814
9233ms,9233,139.568,0.192725
9250ms,9250,139.634,0.191993
9266ms,9266,139.582,0.192614
9283ms,9283,139.578,0.192638
9300ms,9300,139.580,0.192639
9316ms,9316,139.582,0.192635
9333ms,9333,139.582,0.192632
9350ms,9350,139.582,0.192637
9366ms,9366,139.582,0.192630
9383ms,9383,139.580,0.192634
9400ms,9400,139.579,0.192641
9416ms,9416,139.577,0.192648
9433ms,9433,139.571,0.192791
9450ms,9450,139.579,0.192835
9466ms,9466,139.557,0.192803
9483ms,9483,139.598,0.193175
9500ms,9500,139.599,0.193141
9516ms,9516,139.516,0.193308
9533ms,9533,139.344,0.191581
9550ms,9550,139.300,0.191366
9566ms,9566,138.785,0.190559
9583ms,9583,138.727,0.190511
9600ms,9600,138.460,0.190171
9616ms,9616,138.460,0.190171
9633ms,9633,137.959,0.189296
9650ms,9650,137.959,0.189296
9666ms,9666,137.956,0.189170
9683ms,9683,137.218,0.187537
9700ms,9700,137.218,0.187537
9783ms,9783,136.664,0.185922
9800ms,9800,136.565,0.185799
9816ms,9816,136.608,0.187432
9833ms,9833,136.608,0.187432
9850ms,9850,136.692,0.184765
9866ms,9866,136.692,0.184765
10283ms,10283,137.426,0.191924
10300ms,10300,137.426,0.191920
10400ms,10400,138.023,0.192180
10416ms,10416,138.023,0.192180
10433ms,10433,138.022,0.192165
10450ms,10450,137.929,0.188207
10466ms,10466,137.941,0.188320
10483ms,10483,138.052,0.188481
10500ms,10500,138.051,0.188476
10516ms,10516,138.286,0.189524
10533ms,10533,138.338,0.189379
10550ms,10550,138.647,0.190502
10566ms,10566,138.647,0.190502
10583ms,10583,139.037,0.190082
10616ms,10616,139.396,0.191420
10633ms,10633,139.400,0.191432
11083ms,11083,138.641,0.189207
11100ms,11100,138.641,0.189207
11116ms,11116,138.202,0.189561
11133ms,11133,137.802,0.188825
11150ms,11150,137.802,0.188825
11166ms,11166,137.086,0.186926
11183ms,11183,137.086,0.186926
11200ms,11200,137.086,0.186926
11283ms,11283,136.626,0.187465
11300ms,11300,136.626,0.187465
11316ms,11316,136.879,0.187487
11333ms,11333,136.880,0.187525
11350ms,11350,136.539,0.185393
11366ms,11366,136.539,0.185393
11383ms,11383,136.612,0.184862
11400ms,11400,136.624,0.184497
11866ms,11866,138.223,0.191574
11883ms,11883,137.957,0.188755
11900ms,11900,137.967,0.188961
11916ms,11916,138.259,0.188948
11933ms,11933,137.611,0.188085
11950ms,11950,137.998,0.188844
11966ms,11966,137.998,0.188844
11983ms,11983,138.749,0.191022
12000ms,12000,138.733,0.191095
12016ms,12016,138.384,0.189330
12033ms,12033,138.384,0.189330
12050ms,12050,138.735,0.190469
12066ms,12066,138.678,0.191666
12116ms,12116,139.562,0.191045
12133ms,12133,139.571,0.190944
12150ms,12150,139.585,0.191925
12166ms,12166,139.667,0.191869
12183ms,12183,139.429,0.192432
12200ms,12200,139.427,0.192432
12216ms,12216,139.426,0.192431
12233ms,12233,139.451,0.192315
12250ms,12250,139.454,0.192308
12266ms,12266,139.455,0.192307
12283ms,12283,139.455,0.192314
12300ms,12300,139.456,0.192314
12316ms,12316,139.456,0.192313
12333ms,12333,139.456,0.192313
12350ms,12350,139.484,0.192240
12366ms,12366,139.483,0.192239
12383ms,12383,139.483,0.192239
12400ms,12400,139.483,0.192239
12416ms,12416,139.483,0.192240
12433ms,12433,139.668,0.192118
12450ms,12450,139.572,0.192340
12466ms,12466,139.574,0.192321
12483ms,12483,139.560,0.192308
12500ms,12500,139.518,0.192514
12516ms,12516,139.619,0.191780
12533ms,12533,139.533,0.193276
12550ms,12550,138.892,0.190875
12566ms,12566,138.892,0.190875
12583ms,12583,138.335,0.190986
12600ms,12600,138.335,0.190986
12616ms,12616,138.438,0.197443
12633ms,12633,138.438,0.197443
12683ms,12683,136.919,0.187426
12700ms,12700,136.919,0.187426
12716ms,12716,136.919,0.187426
12733ms,12733,136.919,0.187426
12816ms,12816,136.688,0.185507
12833ms,12833,136.688,0.185507
12850ms,12850,136.549,0.184675
12866ms,12866,136.616,0.185428
13283ms,13283,136.607,0.187182
13299ms,13299,136.607,0.187182
13316ms,13316,137.953,0.192630
13333ms,13333,137.953,0.192630
13383ms,13383,138.379,0.188949
13400ms,13400,138.381,0.188931
13416ms,13416,137.934,0.187719
13433ms,13433,137.934,0.187719
13450ms,13450,138.191,0.188306
13466ms,13466,138.191,0.188306
13483ms,13483,138.184,0.188299
13583ms,13583,139.373,0.190899
13600ms,13600,139.358,0.191140
13616ms,13616,139.624,0.191447
13633ms,13633,139.624,0.191447
13650ms,13650,139.585,0.192212
13666ms,13666,139.585,0.192212
13683ms,13683,139.585,0.192212
13700ms,13700,139.585,0.192212
13716ms,13716,139.578,0.192271
13733ms,13733,139.577,0.192276
13750ms,13750,139.575,0.192284
13766ms,13766,139.575,0.192287
13783ms,13783,139.545,0.192082
13799ms,13799,139.545,0.192082
13816ms,13816,139.545,0.192082
13833ms,13833,139.545,0.192082
13850ms,13850,139.545,0.192084
13866ms,13866,139.544,0.192085
13883ms,13883,139.544,0.192085
13900ms,13900,139.543,0.192086
13916ms,13916,139.545,0.192085
13933ms,13933,139.547,0.192085
13950ms,13950,139.508,0.191981
13966ms,13966,139.504,0.191985
13983ms,13983,139.421,0.192253
14000ms,14000,139.373,0.192149
14016ms,14016,139.036,0.190927
14049ms,14049,138.552,0.193292
14066ms,14066,138.552,0.193292
14116ms,14116,137.661,0.188860
14133ms,14133,137.661,0.188860
14183ms,14183,136.947,0.187939
14200ms,14200,136.946,0.187987
14216ms,14216,136.841,0.195402
14233ms,14233,136.842,0.195422
14250ms,14250,136.842,0.195423
14266ms,14266,136.831,0.201500
14283ms,14283,136.832,0.201661
14299ms,14299,136.653,0.185994
14316ms,14316,136.653,0.185995
14333ms,14333,136.546,0.185203
14516ms,14516,136.569,0.191398
14533ms,14533,136.569,0.191398
14633ms,14633,136.506,0.187951
14650ms,14650,136.507,0.187953
14750ms,14750,136.821,0.187257
14766ms,14766,136.821,0.187257
14783ms,14783,137.716,0.195969
14799ms,14799,137.835,0.194599
14816ms,14816,137.452,0.186770
14950ms,14950,138.325,0.189540
14966ms,14966,138.325,0.189537
14983ms,14983,138.325,0.189537
15100ms,15100,139.314,0.190991
15116ms,15116,139.314,0.190991
15133ms,15133,139.398,0.191748
15150ms,15150,139.424,0.191778
15166ms,15166,139.425,0.191788
15183ms,15183,139.532,0.191598
15200ms,15200,139.531,0.191604
15216ms,15216,139.532,0.191614
15233ms,15233,139.532,0.191611
15250ms,15250,139.531,0.191610
15266ms,15266,139.531,0.191610
15283ms,15283,139.530,0.191608
15299ms,15299,139.531,0.191612
15316ms,15316,139.532,0.191621
15333ms,15333,139.532,0.191620
15350ms,15350,139.530,0.191621
15366ms,15366,139.530,0.191619
15383ms,15383,139.530,0.191619
15400ms,15400,139.529,0.191616
15416ms,15416,139.529,0.191619
15433ms,15433,139.471,0.191532
15450ms,15450,139.471,0.191533
15466ms,15466,139.402,0.193116
15483ms,15483,139.401,0.193116
15500ms,15500,139.408,0.190814
15516ms,15516,139.478,0.191865
15533ms,15533,138.554,0.191276
15549ms,15549,138.135,0.189070
15566ms,15566,138.135,0.189070
15583ms,15583,137.689,0.189386
15600ms,15600,137.689,0.189379
15650ms,15650,137.124,0.187051
15666ms,15666,137.161,0.186947
15716ms,15716,136.458,0.187132
15733ms,15733,136.458,0.187132
15750ms,15750,136.458,0.187132
15799ms,15799,136.492,0.185235
15816ms,15816,136.492,0.185235
15833ms,15833,136.724,0.184850
15850ms,15850,136.710,0.184855
15983ms,15983,136.614,0.186049
16300ms,16300,137.339,0.186875
16316ms,16316,137.340,0.186879
16333ms,16333,138.041,0.188137
16383ms,16383,138.009,0.188805
16400ms,16400,137.926,0.190317
16416ms,16416,138.833,0.193467
16433ms,16433,138.833,0.193467
16450ms,16450,138.708,0.191024
16466ms,16466,138.710,0.191026
16483ms,16483,139.135,0.190095
16500ms,16500,139.136,0.190099
16516ms,16516,139.137,0.190104
16533ms,16533,139.379,0.190691
16550ms,16550,139.379,0.190691
16566ms,16566,139.589,0.191026
16583ms,16583,139.572,0.191386
16600ms,16600,139.631,0.191782
16616ms,16616,139.624,0.191779
16633ms,16633,139.690,0.191792
16650ms,16650,139.745,0.191842
16666ms,16666,139.585,0.191993
16683ms,16683,139.520,0.191973
16700ms,16700,139.519,0.191973
16716ms,16716,139.519,0.191975
16733ms,16733,139.518,0.191975
16750ms,16750,139.518,0.191976
16766ms,16766,139.519,0.191976
16783ms,16783,139.519,0.191976
16800ms,16800,139.519,0.191975
16816ms,16816,139.518,0.191974
16833ms,16833,139.519,0.191974
16850ms,16850,139.518,0.191971
16866ms,16866,139.547,0.191979
16883ms,16883,139.547,0.191979
16900ms,16900,139.590,0.192022
16916ms,16916,139.590,0.192021
16933ms,16933,139.486,0.192520
16950ms,16950,139.469,0.192603
16966ms,16966,139.547,0.192061
16983ms,16983,139.525,0.192041
17000ms,17000,138.897,0.190862
17016ms,17016,138.757,0.191043
17033ms,17033,138.219,0.189728
17050ms,17050,138.219,0.189728
17066ms,17066,138.161,0.198576
17083ms,17083,138.163,0.198605
17133ms,17133,136.886,0.187926
17150ms,17150,136.851,0.186090
17166ms,17166,136.851,0.186090
17183ms,17183,136.692,0.185971
17200ms,17200,136.692,0.185971
17216ms,17216,136.719,0.186253
17233ms,17233,136.719,0.186253
17250ms,17250,136.719,0.186253
17266ms,17266,136.479,0.184540
17283ms,17283,136.479,0.184540
17300ms,17300,136.547,0.184241
17316ms,17316,136.547,0.184241
17700ms,17700,137.206,0.189637
17733ms,17733,136.829,0.187521
17750ms,17750,136.829,0.187521
17766ms,17766,137.817,0.193467
17783ms,17783,137.848,0.194303
17800ms,17800,137.420,0.187089
17816ms,17816,137.420,0.187089
17833ms,17833,137.705,0.187458
17850ms,17850,137.709,0.187440
17866ms,17866,137.922,0.189268
17883ms,17883,137.922,0.189273
17900ms,17900,138.150,0.188738
17916ms,17916,138.131,0.188745
17933ms,17933,138.418,0.189192
17950ms,17950,138.734,0.190164
17966ms,17966,138.737,0.190190
17983ms,17983,139.173,0.190912
18000ms,18000,139.173,0.190912
18016ms,18016,139.173,0.190912
18033ms,18033,139.344,0.190741
18050ms,18050,139.464,0.190592
18066ms,18066,139.533,0.191254
18083ms,18083,139.533,0.191254
18100ms,18100,139.608,0.191490
18116ms,18116,139.608,0.191490
18133ms,18133,139.607,0.191491
18150ms,18150,139.607,0.191491
18166ms,18166,139.575,0.191700
18183ms,18183,139.508,0.191689
18200ms,18200,139.508,0.191702
18216ms,18216,139.508,0.191705
18233ms,18233,139.457,0.191978
18250ms,18250,139.457,0.191978
18266ms,18266,139.457,0.191983
18283ms,18283,139.457,0.191984
18300ms,18300,139.456,0.191986
18316ms,18316,139.456,0.191985
18333ms,18333,139.455,0.191984
18350ms,18350,139.454,0.191986
18366ms,18366,139.454,0.191986
18383ms,18383,139.454,0.191985
18400ms,18400,139.504,0.192273
18416ms,18416,139.504,0.192273
18433ms,18433,139.572,0.191220
18450ms,18450,139.554,0.191238
18483ms,18483,139.019,0.191020
18500ms,18500,138.614,0.191727
18516ms,18516,138.614,0.191727
18533ms,18533,138.383,0.194903
18550ms,18550,138.383,0.194903
18566ms,18566,138.383,0.194903
18583ms,18583,138.383,0.194903
18666ms,18666,136.625,0.185978
18683ms,18683,136.625,0.185978
18733ms,18733,136.671,0.185784
18750ms,18750,136.551,0.184850
18766ms,18766,136.551,0.184850
18783ms,18783,136.551,0.184850
18916ms,18916,136.989,0.190913
19300ms,19300,137.583,0.186885
19316ms,19316,137.583,0.186884
19333ms,19333,137.883,0.188467
19350ms,19350,137.883,0.188467
19366ms,19366,138.202,0.188629
19383ms,19383,138.202,0.188629
19433ms,19433,138.820,0.191021
19450ms,19450,138.761,0.190961
19466ms,19466,138.896,0.190265
19483ms,19483,138.896,0.190265
19500ms,19500,139.378,0.191045
19516ms,19516,139.378,0.191045
19533ms,19533,139.325,0.191599
19550ms,19550,139.325,0.191599
19900ms,19900,139.302,0.191318
19916ms,19916,139.301,0.191318
19933ms,19933,139.301,0.191318
19950ms,19950,139.301,0.191319
19966ms,19966,138.999,0.191199
19983ms,19983,138.930,0.190396
20000ms,20000,138.101,0.189381
20016ms,20016,138.068,0.189369
20033ms,20033,137.748,0.189151
20050ms,20050,137.749,0.189164
20066ms,20066,137.679,0.187861
20083ms,20083,137.679,0.187861
20100ms,20100,137.036,0.186946
20116ms,20116,137.036,0.186946
20166ms,20166,136.664,0.188105
20183ms,20183,136.662,0.188115
20200ms,20200,136.864,0.187951
20216ms,20216,136.864,0.187951
20233ms,20233,136.494,0.184231
20250ms,20250,136.456,0.184187
20266ms,20266,136.632,0.184693
20283ms,20283,136.631,0.184693
20300ms,20300,136.631,0.184693
20400ms,20400,136.934,0.189870
20416ms,20416,136.934,0.189870
20533ms,20533,136.659,0.186628
20550ms,20550,136.659,0.186628
20833ms,20833,137.944,0.188390
20850ms,20850,137.944,0.188390
20866ms,20866,138.887,0.190119
20883ms,20883,138.932,0.189557
20900ms,20900,138.692,0.189849
20916ms,20916,138.692,0.189851
20933ms,20933,138.733,0.190344
20950ms,20950,138.873,0.189849
20966ms,20966,139.090,0.189746
20983ms,20983,139.092,0.189750
21000ms,21000,139.284,0.191004
21016ms,21016,139.416,0.190845
21033ms,21033,139.405,0.191293
21050ms,21050,139.416,0.190973
21066ms,21066,139.422,0.190979
21366ms,21366,139.472,0.191016
21383ms,21383,139.470,0.191024
21400ms,21400,139.209,0.190543
21416ms,21416,139.269,0.190985
21433ms,21433,139.272,0.190658
21450ms,21450,138.819,0.191186
21466ms,21466,138.819,0.191186
21483ms,21483,138.302,0.189455
21500ms,21500,138.403,0.189012
21516ms,21516,137.871,0.189359
21566ms,21566,137.160,0.187400
21583ms,21583,137.114,0.187350
21733ms,21733,136.530,0.184365
21750ms,21750,136.530,0.184365
21816ms,21816,137.015,0.192584
21833ms,21833,137.015,0.192584
21850ms,21850,137.006,0.191952
21866ms,21866,137.006,0.191952
22250ms,22250,137.811,0.190265
22266ms,22266,137.811,0.190265
22283ms,22283,137.530,0.188008
22300ms,22300,137.755,0.187568
22316ms,22316,137.683,0.189226
22333ms,22333,138.191,0.188072
22350ms,22350,138.193,0.188092
22383ms,22383,138.328,0.188833
22400ms,22400,138.831,0.190715
22416ms,22416,138.831,0.190715
22433ms,22433,138.886,0.190415
22450ms,22450,138.886,0.190415
22466ms,22466,138.886,0.190415
22483ms,22483,138.886,0.190415
22500ms,22500,139.381,0.191421
22516ms,22516,139.441,0.191422
22533ms,22533,139.459,0.191442
22900ms,22900,138.910,0.191138
22916ms,22916,138.911,0.191130
22933ms,22933,138.529,0.191858
22950ms,22950,138.529,0.191858
22966ms,22966,138.529,0.191858
23016ms,23016,137.501,0.188170
23033ms,23033,137.502,0.188169
23083ms,23083,136.811,0.186901
23100ms,23100,136.811,0.186901
23116ms,23116,136.611,0.184780
23133ms,23133,136.633,0.186622
23150ms,23150,136.633,0.186622
23166ms,23166,136.701,0.185980
23183ms,23183,136.709,0.185456
23200ms,23200,136.624,0.184351
23216ms,23216,136.624,0.184351
23383ms,23383,136.923,0.184477
23400ms,23400,136.923,0.184477
23750ms,23750,137.996,0.190042
23766ms,23766,138.004,0.190304
23783ms,23783,137.949,0.187764
23800ms,23800,137.949,0.187767
23816ms,23816,138.057,0.187856
23833ms,23833,138.054,0.187836
23883ms,23883,138.764,0.191011
23900ms,23900,138.764,0.191011
23916ms,23916,138.750,0.190018
23933ms,23933,139.210,0.191121
23950ms,23950,139.225,0.191149
23966ms,23966,139.546,0.191126
23983ms,23983,139.561,0.191091
24400ms,24400,138.712,0.189182
24416ms,24416,138.712,0.189182
24433ms,24433,138.712,0.189182
24450ms,24450,138.095,0.189287
24466ms,24466,138.095,0.189287
24483ms,24483,137.843,0.188769
24500ms,24500,137.870,0.188743
24516ms,24516,137.219,0.187859
24533ms,24533,137.219,0.187859
24583ms,24583,136.708,0.186441
24600ms,24600,136.708,0.186441
24616ms,24616,136.704,0.185637
24633ms,24633,136.737,0.187512
24650ms,24650,136.819,0.186828
24666ms,24666,136.819,0.186828
24683ms,24683,136.573,0.184423
24700ms,24700,136.573,0.184423
25216ms,25216,137.952,0.192873
25233ms,25233,137.952,0.192873
25250ms,25250,137.932,0.187423
25266ms,25266,137.940,0.187420
25283ms,25283,137.965,0.188949
25300ms,25300,137.966,0.188951
25316ms,25316,138.213,0.188205
25333ms,25333,138.213,0.188205
25350ms,25350,138.787,0.190862
25366ms,25366,138.751,0.190973
25450ms,25450,139.403,0.190702
25466ms,25466,139.390,0.190735
25500ms,25500,139.388,0.191099
25516ms,25516,139.527,0.191278
25533ms,25533,139.518,0.191319
25550ms,25550,139.521,0.191327
25566ms,25566,139.522,0.191328
25583ms,25583,139.526,0.191323
25600ms,25600,139.528,0.191319
25616ms,25616,139.551,0.191437
25633ms,25633,139.553,0.191446
25650ms,25650,139.553,0.191446
25666ms,25666,139.553,0.191452
25683ms,25683,139.553,0.191448
25700ms,25700,139.553,0.191448
25716ms,25716,139.541,0.191450
25733ms,25733,139.541,0.191450
25750ms,25750,139.552,0.191451
25766ms,25766,139.553,0.191454
25783ms,25783,139.587,0.191670
25800ms,25800,139.589,0.191674
25816ms,25816,139.566,0.191764
25883ms,25883,138.962,0.190979
25900ms,25900,139.045,0.190881
25916ms,25916,138.414,0.189689
25933ms,25933,138.028,0.188572
25950ms,25950,138.028,0.188572
25966ms,25966,138.028,0.188572
26050ms,26050,136.889,0.187836
26066ms,26066,136.889,0.187836
26083ms,26083,136.563,0.186426
26099ms,26099,136.562,0.186422
26116ms,26116,136.624,0.186731
26133ms,26133,136.624,0.186732
26150ms,26150,136.734,0.187089
26166ms,26166,136.732,0.187120
26183ms,26183,136.499,0.184160
26200ms,26200,136.499,0.184160
26316ms,26316,136.936,0.189993
26716ms,26716,137.937,0.190202
26733ms,26733,137.937,0.190202
26750ms,26750,137.932,0.188042
26766ms,26766,137.932,0.188047
26783ms,26783,138.745,0.190915
26800ms,26800,138.745,0.190915
26816ms,26816,138.466,0.188658
26833ms,26833,138.466,0.188658
26849ms,26849,138.752,0.189774
26866ms,26866,138.752,0.189774
26883ms,26883,138.855,0.190518
26900ms,26900,138.855,0.190518
26916ms,26916,139.330,0.191415
26933ms,26933,139.330,0.191415
26950ms,26950,139.552,0.191211
26966ms,26966,139.442,0.191368
26983ms,26983,139.551,0.191324
27000ms,27000,139.546,0.191364
27016ms,27016,139.548,0.191399
27033ms,27033,139.546,0.191410
27050ms,27050,139.544,0.191428
27066ms,27066,139.544,0.191437
27083ms,27083,139.545,0.191426
27099ms,27099,139.546,0.191423
27116ms,27116,139.546,0.191421
27133ms,27133,139.546,0.191421
27150ms,27150,139.548,0.191419
27166ms,27166,139.548,0.191419
27183ms,27183,139.548,0.191420
27200ms,27200,139.548,0.191419
27216ms,27216,139.548,0.191419
27233ms,27233,139.548,0.191419
27250ms,27250,139.548,0.191418
27266ms,27266,139.548,0.191419
27283ms,27283,139.605,0.191828
27300ms,27300,139.602,0.191713
27349ms,27349,139.178,0.191094
27366ms,27366,139.176,0.191019
27383ms,27383,138.591,0.189632
27400ms,27400,138.591,0.189632
27416ms,27416,138.137,0.188760
27433ms,27433,138.137,0.188760
27450ms,27450,137.580,0.187996
27466ms,27466,137.580,0.187996
27483ms,27483,137.580,0.187996
27500ms,27500,137.142,0.187744
27516ms,27516,137.142,0.187744
27533ms,27533,137.142,0.187744
27550ms,27550,136.508,0.186829
27566ms,27566,136.507,0.186830
27583ms,27583,136.717,0.186299
27599ms,27599,136.717,0.186299
27616ms,27616,136.852,0.188938
27633ms,27633,136.852,0.188938
27650ms,27650,136.458,0.184604
27666ms,27666,136.458,0.184604
28183ms,28183,138.007,0.191609
28200ms,28200,138.007,0.191609
28216ms,28216,137.760,0.187044
28233ms,28233,137.752,0.187063
28250ms,28250,137.621,0.187897
28300ms,28300,138.870,0.188619
28316ms,28316,138.495,0.189646
28333ms,28333,138.495,0.189646
28349ms,28349,138.762,0.190349
28366ms,28366,138.762,0.190349
28383ms,28383,139.093,0.190127
28400ms,28400,139.093,0.190127
28416ms,28416,139.491,0.190510
28433ms,28433,139.352,0.191114
28599ms,28599,139.437,0.191297
28616ms,28616,139.437,0.191293
28633ms,28633,139.436,0.191292
28650ms,28650,139.436,0.191292
28849ms,28849,138.842,0.189651
28866ms,28866,138.842,0.189651
28883ms,28883,138.131,0.189037
28900ms,28900,138.123,0.189030
28950ms,28950,137.131,0.187713
28966ms,28966,137.131,0.187711
28983ms,28983,137.131,0.187715
29000ms,29000,136.948,0.187206
29016ms,29016,136.949,0.187201
29033ms,29033,136.851,0.186119
29050ms,29050,136.848,0.186104
29066ms,29066,136.681,0.186153
29083ms,29083,136.681,0.186153
29099ms,29099,136.829,0.186361
29116ms,29116,136.610,0.184682
29133ms,29133,136.610,0.184682
29233ms,29233,136.464,0.185414
29583ms,29583,136.671,0.186110
29650ms,29650,137.943,0.188326
29666ms,29666,137.946,0.188296
29683ms,29683,137.587,0.187035
29700ms,29700,137.590,0.187029
29800ms,29800,138.823,0.189591
29816ms,29816,138.815,0.189635
29900ms,29900,139.585,0.191291
29916ms,29916,139.532,0.191502
29933ms,29933,139.592,0.191681
29950ms,29950,139.748,0.191558
29966ms,29966,139.748,0.191557
29983ms,29983,139.691,0.191551
30000ms,30000,139.691,0.191547
30016ms,30016,139.689,0.191543
30033ms,30033,139.688,0.191543
30050ms,30050,139.688,0.191541
30066ms,30066,139.688,0.191553
30083ms,30083,139.688,0.191554
30099ms,30099,139.687,0.191558
30116ms,30116,139.683,0.191555
30316ms,30316,139.112,0.190311
30333ms,30333,139.099,0.190323
30349ms,30349,138.436,0.190490
30366ms,30366,138.436,0.190490
30383ms,30383,137.907,0.188976
30400ms,30400,137.907,0.188976
30416ms,30416,137.443,0.188487
30433ms,30433,137.443,0.188487
30483ms,30483,136.915,0.187316
30500ms,30500,136.915,0.187316
30516ms,30516,136.915,0.187316
30533ms,30533,136.522,0.185612
30550ms,30550,136.522,0.185609
30566ms,30566,136.670,0.186506
30583ms,30583,136.670,0.186506
30599ms,30599,136.647,0.184573
30616ms,30616,136.646,0.184580
30633ms,30633,136.482,0.184240
30650ms,30650,136.481,0.184239
31150ms,31150,137.625,0.187630
31166ms,31166,137.624,0.187630
31183ms,31183,138.016,0.189518
31200ms,31200,138.016,0.189518
31216ms,31216,138.667,0.191207
31233ms,31233,138.667,0.191207
31250ms,31250,138.647,0.191272
31266ms,31266,138.451,0.188732
31283ms,31283,138.493,0.189360
31300ms,31300,138.826,0.191112
31316ms,31316,138.827,0.191111
31366ms,31366,139.462,0.190995
31383ms,31383,139.559,0.190612
31400ms,31400,139.502,0.191021
31416ms,31416,139.449,0.191716
31716ms,31716,139.605,0.191900
31733ms,31733,139.550,0.191353
31750ms,31750,139.545,0.191366
31766ms,31766,139.387,0.191785
31783ms,31783,139.387,0.191785
31800ms,31800,138.954,0.190160
31816ms,31816,138.954,0.190160
31833ms,31833,138.209,0.189979
31849ms,31849,138.209,0.189979
31900ms,31900,137.447,0.188406
31916ms,31916,137.653,0.191380
31933ms,31933,137.653,0.191376
31950ms,31950,136.843,0.186295
31966ms,31966,136.843,0.186295
32033ms,32033,136.620,0.186327
32049ms,32049,136.622,0.186318
32133ms,32133,136.168,0.188960
32150ms,32150,136.242,0.191469
32600ms,32600,137.257,0.187803
32616ms,32616,137.428,0.187268
32633ms,32633,137.377,0.188253
32650ms,32650,137.379,0.188247
32666ms,32666,137.616,0.189548
32683ms,32683,137.666,0.189813
32716ms,32716,138.463,0.188531
32733ms,32733,138.245,0.188510
32750ms,32750,138.661,0.190849
32766ms,32766,138.661,0.190849
32783ms,32783,138.661,0.190849
32800ms,32800,138.661,0.190849
32816ms,32816,138.661,0.190849
32833ms,32833,139.350,0.190743
32850ms,32850,139.353,0.190746
32866ms,32866,139.428,0.191617
32883ms,32883,139.486,0.190823
32900ms,32900,139.514,0.191167
32916ms,32916,139.516,0.191134
32933ms,32933,139.533,0.191092
32950ms,32950,139.533,0.191091
32966ms,32966,139.521,0.191094
32983ms,32983,139.480,0.191183
33000ms,33000,139.493,0.191178
33050ms,33050,139.495,0.191175
33066ms,33066,139.496,0.191180
33083ms,33083,139.496,0.191181
33100ms,33100,139.496,0.191180
33116ms,33116,139.497,0.191176
33133ms,33133,139.497,0.191173
33150ms,33150,139.497,0.191173
33166ms,33166,139.475,0.191289
33183ms,33183,139.498,0.191171
33200ms,33200,139.645,0.191510
33266ms,33266,139.090,0.191650
33283ms,33283,139.091,0.191650
33300ms,33300,138.541,0.189520
33316ms,33316,138.541,0.189520
33400ms,33400,137.110,0.187253
33416ms,33416,137.110,0.187253
33433ms,33433,136.864,0.186575
33450ms,33450,136.815,0.186894
33466ms,33466,137.321,0.192432
33483ms,33483,137.321,0.192432
33500ms,33500,136.655,0.187769
33516ms,33516,136.645,0.187934
33533ms,33533,136.730,0.187039
33550ms,33550,136.738,0.187155
33566ms,33566,136.416,0.185500
33583ms,33583,136.416,0.185500
34066ms,34066,137.358,0.187772
34083ms,34083,137.364,0.187765
34100ms,34100,138.131,0.188647
34116ms,34116,138.139,0.188416
34133ms,34133,137.702,0.187147
34150ms,34150,137.701,0.187083
34166ms,34166,137.987,0.188571
34183ms,34183,138.013,0.188673
34200ms,34200,138.490,0.188258
34216ms,34216,138.490,0.188258
34233ms,34233,138.735,0.189936
34250ms,34250,138.751,0.190064
34266ms,34266,138.809,0.190584
34283ms,34283,138.809,0.190584
34300ms,34300,138.809,0.190584
34316ms,34316,139.251,0.191061
34333ms,34333,139.414,0.191023
34350ms,34350,139.460,0.191043
34416ms,34416,139.536,0.191480
34716ms,34716,139.503,0.190850
34766ms,34766,138.907,0.191948
34783ms,34783,138.906,0.191910
34800ms,34800,138.086,0.189007
34816ms,34816,138.084,0.189008
34833ms,34833,137.894,0.188870
34850ms,34850,137.917,0.188627
34866ms,34866,137.351,0.188426
34883ms,34883,137.351,0.188426
34900ms,34900,136.852,0.187568
34916ms,34916,136.853,0.187487
34933ms,34933,136.794,0.187033
34950ms,34950,136.794,0.187033
34966ms,34966,136.698,0.186131
34983ms,34983,136.672,0.186489
35000ms,35000,136.819,0.186299
35016ms,35016,136.819,0.186299
35166ms,35166,136.895,0.195023
35183ms,35183,136.895,0.195023
35200ms,35200,136.950,0.194392
35216ms,35216,136.950,0.194392
35266ms,35266,136.731,0.188496
35283ms,35283,136.731,0.188496
35566ms,35566,137.968,0.187864
35583ms,35583,137.990,0.187629
35600ms,35600,137.688,0.187595
35616ms,35616,137.688,0.187595
35633ms,35633,137.922,0.189132
35650ms,35650,137.922,0.189132
35700ms,35700,138.594,0.188762
35716ms,35716,138.607,0.188876
35733ms,35733,138.786,0.189970
35750ms,35750,138.786,0.189966
35766ms,35766,138.965,0.189815
35783ms,35783,139.070,0.189632
35800ms,35800,139.186,0.190369
35816ms,35816,139.186,0.190369
35833ms,35833,139.186,0.190369
35850ms,35850,139.186,0.190369
35866ms,35866,139.186,0.190369
35883ms,35883,139.367,0.190957
35900ms,35900,139.368,0.190957
35916ms,35916,139.368,0.190957
35933ms,35933,139.368,0.190957
35950ms,35950,139.367,0.190949
35966ms,35966,139.366,0.190948
35983ms,35983,139.300,0.190585
36000ms,36000,139.300,0.190582
36016ms,36016,139.300,0.190582
36033ms,36033,139.300,0.190582
36050ms,36050,139.300,0.190582
36066ms,36066,139.366,0.190943
36083ms,36083,139.376,0.191012
36100ms,36100,139.376,0.191011
36116ms,36116,139.376,0.190999
36133ms,36133,139.376,0.190992
36150ms,36150,139.377,0.190989
36166ms,36166,139.369,0.191071
36183ms,36183,139.368,0.191072
36200ms,36200,139.368,0.191073
36216ms,36216,139.592,0.189985
36233ms,36233,139.473,0.190065
36250ms,36250,138.789,0.189663
36266ms,36266,138.816,0.189600
36283ms,36283,138.211,0.188827
36300ms,36300,138.215,0.188810
36316ms,36316,137.967,0.188889
36333ms,36333,137.384,0.187770
36350ms,36350,137.384,0.187770
36366ms,36366,137.173,0.186955
36383ms,36383,137.148,0.187199
36400ms,36400,136.997,0.186011
36416ms,36416,136.997,0.186011
36433ms,36433,136.634,0.185415
36450ms,36450,136.631,0.185450
36500ms,36500,136.590,0.185883
36516ms,36516,136.590,0.185883
36533ms,36533,136.590,0.185883
36550ms,36550,136.590,0.185883
36566ms,36566,136.590,0.185883
36633ms,36633,136.418,0.185628
36650ms,36650,136.410,0.185680
36666ms,36666,136.410,0.185680
36683ms,36683,136.327,0.185186
36700ms,36700,136.417,0.185456
36716ms,36716,136.866,0.190187
36983ms,36983,137.260,0.187815
37000ms,37000,137.260,0.187815
37016ms,37016,137.764,0.195937
37033ms,37033,137.764,0.195937
37050ms,37050,137.764,0.195937
37066ms,37066,137.764,0.195937
37083ms,37083,137.966,0.188686
37100ms,37100,137.966,0.188686
37116ms,37116,137.596,0.188221
37133ms,37133,137.918,0.187741
37150ms,37150,137.918,0.187741
37166ms,37166,138.235,0.188556
37233ms,37233,138.847,0.190430
37250ms,37250,138.788,0.190538
37266ms,37266,139.121,0.190810
37283ms,37283,139.142,0.190796
37300ms,37300,139.275,0.190647
37316ms,37316,139.275,0.190647
37333ms,37333,139.275,0.190647
37350ms,37350,139.378,0.191230
37366ms,37366,139.378,0.191235
37383ms,37383,139.383,0.191238
37400ms,37400,139.384,0.191242
37416ms,37416,139.369,0.191002
37433ms,37433,139.340,0.191148
37450ms,37450,139.340,0.191148
37466ms,37466,139.341,0.191151
37483ms,37483,139.341,0.191151
37500ms,37500,139.378,0.191164
37516ms,37516,139.379,0.191164
37533ms,37533,139.378,0.191164
37550ms,37550,139.379,0.191164
37566ms,37566,139.379,0.191164
37583ms,37583,139.380,0.191163
37600ms,37600,139.408,0.191045
37616ms,37616,139.424,0.191264
37633ms,37633,139.423,0.191272
37666ms,37666,139.526,0.190844
37683ms,37683,139.525,0.190843
37700ms,37700,139.524,0.190843
37716ms,37716,139.345,0.190912
37733ms,37733,139.240,0.191050
37750ms,37750,138.809,0.189703
37766ms,37766,138.809,0.189703
37783ms,37783,138.258,0.189011
37800ms,37800,138.258,0.189011
37850ms,37850,137.004,0.186746
37866ms,37866,137.007,0.186774
37916ms,37916,137.348,0.193821
37933ms,37933,136.678,0.187634
37950ms,37950,136.669,0.187406
37966ms,37966,136.380,0.184119
37983ms,37983,136.388,0.184124
38000ms,38000,136.497,0.184429
38016ms,38016,136.497,0.184429
38066ms,38066,136.368,0.184618
38083ms,38083,136.358,0.185233
38100ms,38100,136.357,0.185218
38483ms,38483,137.595,0.187259
38500ms,38500,137.595,0.187259
38550ms,38550,137.783,0.189787
38566ms,38566,137.783,0.189787
38583ms,38583,137.563,0.188409
38600ms,38600,137.563,0.188409
38616ms,38616,138.409,0.193140
38633ms,38633,138.409,0.193140
38650ms,38650,138.285,0.188385
38666ms,38666,138.274,0.188390
38733ms,38733,138.995,0.190483
38750ms,38750,138.995,0.190483
38766ms,38766,138.995,0.190483
38783ms,38783,139.019,0.190654
38800ms,38800,139.411,0.190996
38816ms,38816,139.411,0.190996
38833ms,38833,139.411,0.190996
38850ms,38850,139.407,0.191018
38866ms,38866,139.407,0.191018
38883ms,38883,139.418,0.190872
38900ms,38900,139.418,0.190872
38916ms,38916,139.409,0.190511
38933ms,38933,139.408,0.190507
38950ms,38950,139.406,0.190512
38966ms,38966,139.405,0.190507
38983ms,38983,139.402,0.190500
39000ms,39000,139.402,0.190498
39016ms,39016,139.402,0.190498
39033ms,39033,139.403,0.190496
39050ms,39050,139.409,0.190507
39066ms,39066,139.409,0.190507
39083ms,39083,139.411,0.190513
39100ms,39100,139.414,0.190517
39116ms,39116,139.405,0.190479
39133ms,39133,139.412,0.190376
39150ms,39150,139.412,0.190376
39166ms,39166,139.105,0.191102
39183ms,39183,139.109,0.191072
39200ms,39200,138.644,0.189849
39216ms,39216,138.644,0.189849
39233ms,39233,138.644,0.189849
39250ms,39250,138.233,0.188743
39266ms,39266,138.233,0.188743
39416ms,39416,136.644,0.186080
39433ms,39433,136.644,0.186080
39450ms,39450,136.738,0.185881
39466ms,39466,136.738,0.185881
39483ms,39483,136.592,0.184322
39533ms,39533,136.366,0.188442
39550ms,39550,136.428,0.187921
40000ms,40000,137.799,0.197868
40050ms,40050,137.526,0.187636
40066ms,40066,137.519,0.187644
40083ms,40083,137.686,0.188319
40100ms,40100,137.686,0.188319
40116ms,40116,138.174,0.189100
40133ms,40133,138.182,0.189121
40150ms,40150,138.583,0.189199
40166ms,40166,138.583,0.189205
40183ms,40183,138.784,0.190621
40200ms,40200,138.784,0.190620
40250ms,40250,139.215,0.191099
40266ms,40266,139.366,0.189827
40283ms,40283,139.654,0.191698
40300ms,40300,139.620,0.191760
40316ms,40316,139.621,0.191772
40650ms,40650,139.445,0.191677
40683ms,40683,138.792,0.190420
40700ms,40700,138.246,0.190100
40716ms,40716,138.245,0.190015
40733ms,40733,138.245,0.190015
40783ms,40783,137.448,0.188193
40800ms,40800,137.448,0.188193
40816ms,40816,137.679,0.191216
40833ms,40833,137.679,0.191216
40850ms,40850,136.897,0.186700
40866ms,40866,136.997,0.187276
40916ms,40916,136.639,0.186819
40933ms,40933,136.582,0.187065
40950ms,40950,136.483,0.185497
40966ms,40966,136.483,0.185497
40983ms,40983,136.537,0.183307
41000ms,41000,136.536,0.183306
41516ms,41516,137.951,0.189562
41550ms,41550,137.590,0.188166
41566ms,41566,137.590,0.188166
41583ms,41583,138.535,0.188242
41600ms,41600,138.535,0.188242
41616ms,41616,138.298,0.188917
41633ms,41633,138.298,0.188917
41716ms,41716,139.287,0.190951
41733ms,41733,139.287,0.190951
41750ms,41750,139.601,0.190680
41766ms,41766,139.461,0.191085
42150ms,42150,139.271,0.191135
42166ms,42166,139.235,0.191076
42183ms,42183,138.728,0.190277
42200ms,42200,138.730,0.190289
42216ms,42216,138.172,0.189652
42233ms,42233,138.227,0.189685
42250ms,42250,138.227,0.189685
42300ms,42300,137.118,0.187814
42316ms,42316,137.669,0.192167
42333ms,42333,137.669,0.192167
42383ms,42383,136.645,0.186794
42400ms,42400,136.645,0.186794
42983ms,42983,137.991,0.189379
43000ms,43000,137.991,0.189379
43016ms,43016,137.991,0.189382
43050ms,43050,137.767,0.187159
43066ms,43066,137.933,0.188270
43083ms,43083,137.936,0.188275
43100ms,43100,138.302,0.188184
43116ms,43116,138.650,0.190127
43133ms,43133,138.650,0.190127
43166ms,43166,138.776,0.189878
43216ms,43216,139.304,0.190820
43233ms,43233,139.304,0.190820
43250ms,43250,139.304,0.190820
43266ms,43266,139.304,0.190820
43550ms,43550,139.577,0.191189
43566ms,43566,139.575,0.191190
43583ms,43583,139.562,0.191212
43600ms,43600,139.562,0.191231
43616ms,43616,139.418,0.191220
43633ms,43633,139.253,0.191615
43650ms,43650,138.848,0.189588
43666ms,43666,138.848,0.189588
43683ms,43683,138.271,0.189166
43700ms,43700,138.271,0.189166
43716ms,43716,137.953,0.189009
43733ms,43733,137.953,0.189009
43750ms,43750,137.483,0.189437
43766ms,43766,137.483,0.189437
43783ms,43783,137.413,0.189604
43800ms,43800,136.884,0.187767
43816ms,43816,136.884,0.187758
43833ms,43833,136.906,0.186835
43850ms,43850,136.905,0.186792
43866ms,43866,136.519,0.186222
43883ms,43883,136.519,0.186222
43900ms,43900,136.661,0.187532
43916ms,43916,136.295,0.184674
43933ms,43933,136.295,0.184674
44450ms,44450,137.981,0.189460
44466ms,44466,137.981,0.189460
44483ms,44483,137.611,0.187013
44500ms,44500,137.611,0.187036
44516ms,44516,137.677,0.188186
44533ms,44533,137.677,0.188184
44550ms,44550,137.679,0.188190
44566ms,44566,137.681,0.188198
44583ms,44583,137.681,0.188198
44666ms,44666,138.922,0.190085
44683ms,44683,138.922,0.190085
44700ms,44700,138.922,0.190085
44716ms,44716,139.565,0.191167
44733ms,44733,139.565,0.191167
44750ms,44750,139.599,0.191329
44766ms,44766,139.604,0.191324
44783ms,44783,139.602,0.191329
44800ms,44800,139.600,0.191331
44816ms,44816,139.608,0.191330
44833ms,44833,139.607,0.191330
44850ms,44850,139.608,0.191330
44866ms,44866,139.608,0.191331
44883ms,44883,139.611,0.191301
44900ms,44900,139.611,0.191301
44916ms,44916,139.611,0.191301
44933ms,44933,139.610,0.191303
44950ms,44950,139.610,0.191306
44966ms,44966,139.609,0.191311
44983ms,44983,139.609,0.191311
45000ms,45000,139.608,0.191322
45016ms,45016,139.610,0.191313
45033ms,45033,139.718,0.191783
45050ms,45050,139.715,0.191785
45066ms,45066,139.749,0.191670
45083ms,45083,139.710,0.191554
45100ms,45100,139.465,0.190295
45116ms,45116,138.860,0.189802
45133ms,45133,138.860,0.189802
45150ms,45150,138.449,0.189139
45166ms,45166,138.418,0.189135
45216ms,45216,137.479,0.188120
45233ms,45233,137.479,0.188120
45300ms,45300,136.912,0.186438
45316ms,45316,136.862,0.186463
45333ms,45333,136.534,0.186579
45350ms,45350,136.534,0.186579
45366ms,45366,136.501,0.186332
45383ms,45383,136.501,0.186332
45400ms,45400,136.445,0.184271
45416ms,45416,136.446,0.184269
45916ms,45916,137.789,0.194471
45933ms,45933,137.789,0.194477
45950ms,45950,137.446,0.188236
45966ms,45966,137.446,0.188236
45983ms,45983,137.502,0.191168
46000ms,46000,137.546,0.190624
46016ms,46016,137.839,0.188879
46033ms,46033,137.839,0.188879
46050ms,46050,137.839,0.188879
46066ms,46066,138.338,0.189561
46083ms,46083,138.338,0.189561
46100ms,46100,138.680,0.190334
46116ms,46116,138.679,0.190325
46133ms,46133,139.011,0.191031
46150ms,46150,139.018,0.190667
46166ms,46166,139.980,0.193326
46183ms,46183,139.981,0.193315
46233ms,46233,139.522,0.191274
46250ms,46250,139.542,0.191166
46266ms,46266,139.540,0.191178
46283ms,46283,139.540,0.191174
46300ms,46300,139.542,0.191177
46316ms,46316,139.541,0.191180
46333ms,46333,139.540,0.191179
46350ms,46350,139.539,0.191177
46366ms,46366,139.538,0.191184
46383ms,46383,139.583,0.191214
46400ms,46400,139.583,0.191210
46416ms,46416,139.583,0.191211
46433ms,46433,139.609,0.191082
46533ms,46533,139.594,0.191195
46550ms,46550,139.593,0.191215
46566ms,46566,139.478,0.190885
46583ms,46583,139.481,0.190852
46600ms,46600,139.085,0.191055
46616ms,46616,139.085,0.191055
46633ms,46633,138.454,0.192031
46650ms,46650,138.454,0.192031
46666ms,46666,138.221,0.188864
46683ms,46683,138.221,0.188864
46700ms,46700,138.400,0.193542
46716ms,46716,137.545,0.190681
46733ms,46733,137.545,0.190681
46750ms,46750,136.803,0.187025
46766ms,46766,136.803,0.187025
46783ms,46783,137.363,0.191673
46800ms,46800,137.362,0.191690
46816ms,46816,137.362,0.191690
46833ms,46833,136.535,0.185670
46850ms,46850,136.535,0.185670
46866ms,46866,136.563,0.186008
46883ms,46883,136.565,0.186025
46900ms,46900,136.553,0.183926
46916ms,46916,136.553,0.183926
47433ms,47433,137.889,0.197548
47450ms,47450,137.889,0.197548
47500ms,47500,138.078,0.188150
47516ms,47516,138.271,0.188514
47533ms,47533,138.220,0.188504
47550ms,47550,138.219,0.188504
47566ms,47566,138.581,0.188684
47583ms,47583,138.581,0.188684
47600ms,47600,138.818,0.189919
47616ms,47616,138.775,0.190439
47666ms,47666,139.429,0.190108
47683ms,47683,139.429,0.190108
47700ms,47700,139.392,0.191067
47716ms,47716,139.392,0.191067
47733ms,47733,139.425,0.191122
47750ms,47750,139.420,0.191126
47766ms,47766,139.422,0.191126
47783ms,47783,139.421,0.191123
47800ms,47800,139.419,0.191138
47816ms,47816,139.419,0.191135
47833ms,47833,139.402,0.191066
47850ms,47850,139.402,0.191066
48000ms,48000,139.410,0.191055
48016ms,48016,139.407,0.191055
48033ms,48033,139.440,0.190854
48050ms,48050,139.439,0.190855
48066ms,48066,139.075,0.190734
48083ms,48083,139.069,0.190503
48100ms,48100,138.677,0.190195
48116ms,48116,138.677,0.190195
48133ms,48133,138.167,0.188720
48150ms,48150,138.174,0.188658
48200ms,48200,137.105,0.187652
48216ms,48216,137.101,0.187620
48333ms,48333,136.697,0.187532
48350ms,48350,136.707,0.187464
48883ms,48883,137.307,0.187644
48933ms,48933,137.576,0.187831
48950ms,48950,137.579,0.187849
48966ms,48966,137.723,0.188035
48983ms,48983,137.723,0.188036
49000ms,49000,138.155,0.188619
49016ms,49016,138.143,0.188615
49033ms,49033,138.559,0.188781
49050ms,49050,138.559,0.188781
49066ms,49066,138.559,0.188781
49083ms,49083,138.746,0.190252
49100ms,49100,139.076,0.189921
49116ms,49116,139.076,0.189921
49133ms,49133,139.233,0.190533
49150ms,49150,139.409,0.190890
49166ms,49166,139.415,0.191608
49183ms,49183,139.400,0.191398
49200ms,49200,139.456,0.191221
49216ms,49216,139.457,0.191225
49233ms,49233,139.461,0.191232
49250ms,49250,139.462,0.191237
49266ms,49266,139.464,0.191246
49283ms,49283,139.465,0.191247
49300ms,49300,139.467,0.191251
49316ms,49316,139.465,0.191257
49333ms,49333,139.465,0.191269
49350ms,49350,139.465,0.191264
49366ms,49366,139.466,0.191263
49383ms,49383,139.466,0.191263
49400ms,49400,139.466,0.191264
49416ms,49416,139.466,0.191264
49433ms,49433,139.466,0.191264
49450ms,49450,139.468,0.191260
49466ms,49466,139.469,0.191252
49483ms,49483,139.436,0.191085
49500ms,49500,139.439,0.191178
49516ms,49516,139.449,0.191172
49533ms,49533,139.300,0.191617
49550ms,49550,139.300,0.191617
49566ms,49566,138.763,0.190866
49583ms,49583,138.763,0.190866
49600ms,49600,138.763,0.190866
49616ms,49616,138.763,0.190868
49633ms,49633,137.945,0.188864
49650ms,49650,137.945,0.188864
49666ms,49666,137.945,0.188864
49683ms,49683,137.945,0.188864
49700ms,49700,137.715,0.192198
49716ms,49716,137.715,0.192155
49733ms,49733,136.954,0.185814
49750ms,49750,136.971,0.185883
49766ms,49766,136.614,0.186499
49783ms,49783,136.614,0.186499
49800ms,49800,136.646,0.185832
49816ms,49816,136.646,0.185832
49833ms,49833,136.646,0.185832
49850ms,49850,136.391,0.183974
49866ms,49866,136.390,0.183977
49933ms,49933,136.911,0.195022
49950ms,49950,136.976,0.198832
50366ms,50366,137.927,0.195464
50383ms,50383,137.990,0.193014
50416ms,50416,137.382,0.186693
50433ms,50433,137.685,0.186487
50450ms,50450,137.728,0.187349
50466ms,50466,138.717,0.189801
50483ms,50483,138.717,0.189801
50500ms,50500,138.433,0.189325
50516ms,50516,138.428,0.189315
50533ms,50533,138.743,0.191367
50550ms,50550,138.743,0.191367
50566ms,50566,138.743,0.191367
50583ms,50583,139.569,0.194146
50600ms,50600,139.569,0.194146
50616ms,50616,139.232,0.190517
50633ms,50633,139.232,0.190517
50650ms,50650,139.298,0.190743
50666ms,50666,139.298,0.190742
50683ms,50683,139.573,0.192645
50700ms,50700,139.622,0.192317
50716ms,50716,139.609,0.192233
50733ms,50733,139.584,0.192463
50750ms,50750,139.584,0.192463
50766ms,50766,139.584,0.192463
50783ms,50783,139.593,0.191928
50800ms,50800,139.594,0.191920
50816ms,50816,139.593,0.191920
50833ms,50833,139.567,0.191958
50850ms,50850,139.568,0.191955
50866ms,50866,139.569,0.191942
50883ms,50883,139.569,0.191942
50900ms,50900,139.569,0.191942
50916ms,50916,139.569,0.191942
50933ms,50933,139.569,0.191943
50950ms,50950,139.569,0.191943
50966ms,50966,139.569,0.191943
51050ms,51050,139.216,0.190875
51066ms,51066,139.152,0.190985
51083ms,51083,138.599,0.192727
51166ms,51166,137.128,0.187500
51183ms,51183,137.114,0.187411
51200ms,51200,136.807,0.187570
51216ms,51216,136.795,0.187564
51233ms,51233,137.336,0.193475
51250ms,51250,137.336,0.193495
51266ms,51266,136.617,0.187516
51283ms,51283,136.627,0.187878
51300ms,51300,136.475,0.185602
51316ms,51316,136.424,0.185486
51333ms,51333,136.453,0.185626
51350ms,51350,136.368,0.183634
51366ms,51366,136.368,0.183634
51383ms,51383,136.497,0.184481
51400ms,51400,136.497,0.184481
51416ms,51416,136.497,0.184481
51433ms,51433,136.497,0.184481
51449ms,51449,136.987,0.201252
51466ms,51466,136.987,0.201252
51816ms,51816,137.589,0.188277
51833ms,51833,137.589,0.188277
51850ms,51850,137.268,0.187964
51866ms,51866,137.307,0.187830
51900ms,51900,137.530,0.187401
51916ms,51916,137.532,0.187398
51933ms,51933,138.411,0.189407
51949ms,51949,138.405,0.189291
51966ms,51966,138.392,0.187582
51983ms,51983,138.392,0.187582
52000ms,52000,139.022,0.189968
52016ms,52016,139.060,0.189848
52033ms,52033,139.662,0.198079
52050ms,52050,139.662,0.198079
52066ms,52066,139.163,0.190529
52083ms,52083,139.163,0.190529
52100ms,52100,139.163,0.190529
52116ms,52116,139.438,0.190811
52133ms,52133,139.438,0.190811
52150ms,52150,139.518,0.190960
52166ms,52166,139.518,0.190960
52183ms,52183,139.477,0.191198
52199ms,52199,139.480,0.191199
52216ms,52216,139.481,0.191201
52233ms,52233,139.481,0.191202
52250ms,52250,139.477,0.191186
52266ms,52266,139.476,0.191181
52283ms,52283,139.473,0.191163
52300ms,52300,139.472,0.191160
52316ms,52316,139.471,0.191155
52333ms,52333,139.471,0.191159
52350ms,52350,139.471,0.191159
52366ms,52366,139.471,0.191160
52383ms,52383,139.474,0.191164
52400ms,52400,139.476,0.191168
52416ms,52416,139.476,0.191167
52433ms,52433,139.521,0.191504
52449ms,52449,139.537,0.191180
52466ms,52466,139.495,0.191340
52483ms,52483,139.547,0.191219
52500ms,52500,139.547,0.191223
52516ms,52516,139.261,0.190867
52533ms,52533,139.183,0.190846
52550ms,52550,138.711,0.191078
52566ms,52566,138.711,0.191078
52583ms,52583,138.093,0.189223
52600ms,52600,138.101,0.189172
52616ms,52616,137.612,0.188759
52633ms,52633,137.612,0.188759
52650ms,52650,137.016,0.187672
52666ms,52666,136.969,0.187536
52683ms,52683,136.938,0.186715
52699ms,52699,136.855,0.185840
52716ms,52716,136.855,0.185840
52733ms,52733,136.699,0.186966
52750ms,52750,136.593,0.187583
52766ms,52766,136.714,0.187290
52783ms,52783,136.714,0.187290
52850ms,52850,137.132,0.190777
52866ms,52866,137.133,0.190116
53316ms,53316,137.367,0.189431
53333ms,53333,137.367,0.189431
53350ms,53350,137.932,0.192653
53366ms,53366,137.932,0.192653
53383ms,53383,137.747,0.186719
53400ms,53400,137.587,0.187001
53416ms,53416,137.669,0.187518
53433ms,53433,137.669,0.187518
53449ms,53449,138.740,0.188463
53466ms,53466,138.738,0.188231
53483ms,53483,138.626,0.189019
53500ms,53500,138.739,0.190263
53516ms,53516,138.739,0.190263
53533ms,53533,138.791,0.190011
53550ms,53550,138.767,0.189875
53566ms,53566,139.240,0.190668
53583ms,53583,139.258,0.190410
53600ms,53600,139.300,0.190348
53616ms,53616,139.442,0.191237
53633ms,53633,139.441,0.191239
53650ms,53650,139.447,0.191134
53666ms,53666,139.452,0.191151
53683ms,53683,139.424,0.191267
53699ms,53699,139.422,0.191269
53716ms,53716,139.427,0.191278
53733ms,53733,139.428,0.191274
53750ms,53750,139.430,0.191281
53766ms,53766,139.417,0.191265
53783ms,53783,139.418,0.191258
53800ms,53800,139.418,0.191256
53816ms,53816,139.417,0.191248
53833ms,53833,139.417,0.191243
53850ms,53850,139.417,0.191245
53866ms,53866,139.417,0.191247
53883ms,53883,139.418,0.191246
53900ms,53900,139.418,0.191245
53933ms,53933,139.390,0.190817
53949ms,53949,139.390,0.190816
53966ms,53966,139.158,0.190497
53983ms,53983,139.158,0.190497
54000ms,54000,139.158,0.190497
54016ms,54016,138.876,0.190077
54033ms,54033,138.876,0.190077
54050ms,54050,138.137,0.190677
54066ms,54066,138.137,0.190677
54116ms,54116,137.456,0.192487
54133ms,54133,137.457,0.192468
54150ms,54150,136.914,0.187566
54166ms,54166,137.676,0.193387
54183ms,54183,137.677,0.193383
54199ms,54199,137.676,0.193387
54216ms,54216,136.536,0.185821
54233ms,54233,136.536,0.185821
54250ms,54250,136.536,0.185821
54266ms,54266,136.536,0.185821
54483ms,54483,136.543,0.191912
54500ms,54500,136.544,0.191888
54783ms,54783,137.101,0.186841
54800ms,54800,137.101,0.186841
54850ms,54850,137.704,0.187287
54866ms,54866,137.572,0.188090
54883ms,54883,137.695,0.188509
54900ms,54900,137.695,0.188509
54916ms,54916,138.079,0.189483
54933ms,54933,138.075,0.189434
54983ms,54983,138.619,0.189132
55000ms,55000,138.532,0.189260
55016ms,55016,138.779,0.190464
55033ms,55033,138.779,0.190464
55050ms,55050,139.204,0.190724
55066ms,55066,139.203,0.190726
55083ms,55083,139.560,0.191033
55100ms,55100,139.523,0.191115
55116ms,55116,139.509,0.190993
55133ms,55133,139.510,0.190991
55150ms,55150,139.521,0.191148
55166ms,55166,139.520,0.191151
55183ms,55183,139.473,0.191137
55199ms,55199,139.485,0.191193
55216ms,55216,139.497,0.191234
55233ms,55233,139.498,0.191237
55250ms,55250,139.498,0.191238
55266ms,55266,139.498,0.191238
55283ms,55283,139.498,0.191235
55300ms,55300,139.486,0.191191
55316ms,55316,139.443,0.190882
55333ms,55333,139.443,0.190885
55350ms,55350,139.497,0.190993
55366ms,55366,139.496,0.190992
55449ms,55449,139.390,0.191122
55466ms,55466,139.391,0.191114
55483ms,55483,139.391,0.191114
55500ms,55500,139.392,0.191098
55516ms,55516,138.499,0.191293
55533ms,55533,138.501,0.191304
55583ms,55583,137.448,0.188572
55600ms,55600,137.447,0.188564
55616ms,55616,137.766,0.191984
55633ms,55633,137.766,0.191984
55650ms,55650,136.840,0.187146
55666ms,55666,136.840,0.187137
55683ms,55683,137.029,0.196889
55699ms,55699,137.029,0.196889
55716ms,55716,136.717,0.187053
55733ms,55733,136.669,0.188701
55750ms,55750,136.477,0.185147
55766ms,55766,136.477,0.185147
55783ms,55783,136.369,0.184315
55800ms,55800,136.366,0.184330
55983ms,55983,136.840,0.186104
56000ms,56000,136.840,0.186104
56316ms,56316,138.357,0.194889
56333ms,56333,138.355,0.194870
56350ms,56350,137.669,0.187483
56366ms,56366,137.669,0.187482
56383ms,56383,137.943,0.188475
56400ms,56400,137.944,0.188490
56416ms,56416,138.137,0.189651
56433ms,56433,138.137,0.189651
56449ms,56449,138.137,0.189651
56466ms,56466,138.137,0.189651
56483ms,56483,138.712,0.190262
56500ms,56500,138.712,0.190262
56516ms,56516,138.712,0.190262
56533ms,56533,138.712,0.190262
56550ms,56550,139.442,0.190355
56566ms,56566,139.442,0.190355
56583ms,56583,139.424,0.191097
56600ms,56600,139.426,0.191099
56616ms,56616,139.427,0.191102
56633ms,56633,139.489,0.190920
56650ms,56650,139.427,0.191204
56666ms,56666,139.427,0.191202
56683ms,56683,139.428,0.191207
56699ms,56699,139.447,0.191095
56716ms,56716,139.447,0.191110
56733ms,56733,139.448,0.191106
56750ms,56750,139.448,0.191112
56766ms,56766,139.561,0.191521
56783ms,56783,139.564,0.191540
56800ms,56800,139.564,0.191540
56816ms,56816,139.563,0.191541
56833ms,56833,139.565,0.191528
56850ms,56850,139.565,0.191516
56866ms,56866,139.565,0.191516
56900ms,56900,139.543,0.191291
56916ms,56916,139.489,0.190821
56933ms,56933,139.490,0.190820
56949ms,56949,139.181,0.190733
56966ms,56966,139.228,0.190440
56983ms,56983,138.827,0.189871
57000ms,57000,138.827,0.189871
57016ms,57016,138.827,0.189871
57033ms,57033,138.470,0.189615
57050ms,57050,138.496,0.189593
57066ms,57066,138.051,0.188150
57083ms,57083,137.507,0.189530
57100ms,57100,137.505,0.189471
57116ms,57116,137.201,0.187010
57133ms,57133,137.145,0.187001
57150ms,57150,136.861,0.185829
57166ms,57166,136.861,0.185829
57183ms,57183,136.665,0.187253
57199ms,57199,136.617,0.188012
57316ms,57316,137.034,0.210005
57750ms,57750,137.077,0.186838
57766ms,57766,137.079,0.186838
57783ms,57783,137.081,0.186843
57800ms,57800,137.760,0.194151
57816ms,57816,137.760,0.194151
57833ms,57833,137.483,0.187799
57850ms,57850,137.339,0.187707
57866ms,57866,137.704,0.189528
57883ms,57883,138.627,0.187767
57900ms,57900,138.630,0.187734
57916ms,57916,138.434,0.189023
57933ms,57933,138.315,0.188734
57949ms,57949,138.840,0.190458
57966ms,57966,138.840,0.190458
58016ms,58016,139.322,0.190376
58033ms,58033,139.378,0.190472
58050ms,58050,139.462,0.191487
58066ms,58066,139.504,0.191346
58083ms,58083,139.466,0.191680
58100ms,58100,139.462,0.191669
58116ms,58116,139.457,0.191662
58133ms,58133,139.458,0.191663
58150ms,58150,139.458,0.191664
58166ms,58166,139.460,0.191663
58183ms,58183,139.460,0.191662
58199ms,58199,139.460,0.191659
58216ms,58216,139.461,0.191662
58233ms,58233,139.461,0.191660
58250ms,58250,139.461,0.191662
58266ms,58266,139.461,0.191665
58283ms,58283,139.462,0.191668
58300ms,58300,139.462,0.191668
58316ms,58316,139.462,0.191668
58333ms,58333,139.538,0.192301
58350ms,58350,139.539,0.192300
58366ms,58366,139.540,0.192309
58383ms,58383,139.451,0.191533
58400ms,58400,139.451,0.191530
58416ms,58416,139.489,0.190854
58433ms,58433,139.487,0.190791
58516ms,58516,138.199,0.188718
58533ms,58533,138.199,0.188718
58550ms,58550,138.203,0.188628
58566ms,58566,137.470,0.188501
58583ms,58583,137.471,0.188536
58633ms,58633,136.708,0.186442
58666ms,58666,136.413,0.186289
58683ms,58683,136.551,0.186043
58699ms,58699,136.536,0.186521
58716ms,58716,136.433,0.184155
58733ms,58733,136.432,0.184154
59216ms,59216,137.889,0.191324
59233ms,59233,137.889,0.191324
59250ms,59250,137.366,0.188154
59266ms,59266,137.366,0.188154
59283ms,59283,137.371,0.188213
59300ms,59300,137.371,0.188213
59316ms,59316,137.371,0.188213
59333ms,59333,137.619,0.187123
59350ms,59350,137.623,0.187120
59366ms,59366,137.627,0.187119
59383ms,59383,137.623,0.187120
59400ms,59400,138.119,0.188950
59416ms,59416,138.119,0.188950
59433ms,59433,138.781,0.190233
59449ms,59449,138.781,0.190233
59466ms,59466,138.848,0.191114
59483ms,59483,139.771,0.194379
59500ms,59500,139.771,0.194379
59516ms,59516,139.409,0.190897
59533ms,59533,139.409,0.190897
59550ms,59550,139.838,0.192271
59566ms,59566,139.802,0.192749
59583ms,59583,139.750,0.192119
59600ms,59600,139.750,0.192122
59616ms,59616,139.661,0.191398
59633ms,59633,139.661,0.191403
59650ms,59650,139.661,0.191412
59666ms,59666,139.660,0.191421
59683ms,59683,139.659,0.191403
59699ms,59699,139.660,0.191387
59716ms,59716,139.659,0.191384
59733ms,59733,139.633,0.191543
59750ms,59750,139.631,0.191546
59766ms,59766,139.630,0.191559
59783ms,59783,139.630,0.191559
59800ms,59800,139.630,0.191560
59816ms,59816,139.630,0.191566
59833ms,59833,139.739,0.192032
59850ms,59850,139.739,0.192037
59866ms,59866,139.741,0.192055
59883ms,59883,139.655,0.191200
59900ms,59900,139.652,0.191196
59916ms,59916,139.350,0.190864
59933ms,59933,139.350,0.190865
59949ms,59949,139.009,0.190245
59966ms,59966,138.999,0.190564
59983ms,59983,138.172,0.189624
60000ms,60000,138.172,0.189624
60016ms,60016,137.981,0.189243
60033ms,60033,137.981,0.189243
60050ms,60050,137.982,0.189238
60133ms,60133,136.894,0.186086
60150ms,60150,136.894,0.186087
60166ms,60166,136.748,0.187399
60183ms,60183,136.716,0.187227
60199ms,60199,137.321,0.198107
60216ms,60216,137.322,0.198103
60316ms,60316,136.397,0.186163
60333ms,60333,136.384,0.186682
60433ms,60433,136.834,0.189833
60449ms,60449,136.839,0.190346
60750ms,60750,137.893,0.194069
60766ms,60766,137.882,0.193937
60833ms,60833,137.545,0.188516
60850ms,60850,137.545,0.188516
60866ms,60866,138.595,0.187996
60883ms,60883,138.591,0.189026
60933ms,60933,138.717,0.189236
60949ms,60949,138.728,0.189154
61000ms,61000,139.235,0.190208
61016ms,61016,139.227,0.190246
61033ms,61033,139.360,0.190380
61050ms,61050,139.360,0.190380
61066ms,61066,139.459,0.190834
61083ms,61083,139.463,0.190831
61100ms,61100,139.461,0.190835
61116ms,61116,139.459,0.190838
61133ms,61133,139.460,0.190839
61150ms,61150,139.460,0.190839
61166ms,61166,139.460,0.190838
61183ms,61183,139.460,0.190839
61199ms,61199,139.494,0.190860
61216ms,61216,139.494,0.190858
61233ms,61233,139.493,0.190864
61250ms,61250,139.483,0.191094
61266ms,61266,139.493,0.190864
61283ms,61283,139.493,0.190864
61300ms,61300,139.493,0.190864
61316ms,61316,139.493,0.190863
61333ms,61333,139.491,0.190865
61350ms,61350,139.490,0.190867
61366ms,61366,139.399,0.191206
61383ms,61383,139.399,0.191206
61400ms,61400,139.615,0.190517
61416ms,61416,139.571,0.190389
61433ms,61433,138.975,0.190712
61449ms,61449,138.975,0.190712
61466ms,61466,138.438,0.190512
61483ms,61483,138.216,0.188568
61500ms,61500,138.216,0.188568
61550ms,61550,137.519,0.190010
61566ms,61566,137.519,0.189984
61583ms,61583,137.519,0.189950
61600ms,61600,136.639,0.186491
61616ms,61616,136.639,0.186491
61633ms,61633,137.346,0.192669
61650ms,61650,137.345,0.192689
61699ms,61699,136.588,0.185224
61716ms,61716,136.601,0.185389
61733ms,61733,136.995,0.186027
61750ms,61750,136.995,0.186027
62283ms,62283,137.502,0.188781
62300ms,62300,137.503,0.188789
62316ms,62316,137.501,0.188953
62333ms,62333,137.860,0.187994
62350ms,62350,137.861,0.187973
62366ms,62366,138.185,0.188861
62383ms,62383,138.185,0.188861
62400ms,62400,138.185,0.188861
62416ms,62416,138.185,0.188861
62433ms,62433,139.662,0.198324
62449ms,62449,139.603,0.197844
62466ms,62466,139.766,0.193674
62483ms,62483,139.766,0.193674
62500ms,62500,139.434,0.190810
62516ms,62516,139.469,0.190717
62533ms,62533,139.553,0.191563
62550ms,62550,139.549,0.191590
62566ms,62566,139.546,0.191615
62583ms,62583,139.545,0.191609
62600ms,62600,139.542,0.191607
62616ms,62616,139.541,0.191607
62633ms,62633,139.572,0.191461
62650ms,62650,139.572,0.191464
62666ms,62666,139.571,0.191471
62683ms,62683,139.571,0.191474
62699ms,62699,139.570,0.191475
62716ms,62716,139.571,0.191470
62733ms,62733,139.572,0.191466
62750ms,62750,139.572,0.191466
62766ms,62766,139.572,0.191455
62783ms,62783,139.571,0.191436
62800ms,62800,139.571,0.191423
62816ms,62816,139.571,0.191425
62833ms,62833,139.573,0.191422
62850ms,62850,139.534,0.191174
62866ms,62866,139.475,0.191292
62883ms,62883,139.476,0.191282
62900ms,62900,139.169,0.190947
62916ms,62916,139.175,0.190933
62933ms,62933,138.680,0.191549
62949ms,62949,138.680,0.191549
63033ms,63033,137.290,0.188220
63050ms,63050,137.289,0.188221
63066ms,63066,136.814,0.186138
63083ms,63083,136.814,0.186113
63100ms,63100,136.671,0.186336
63116ms,63116,136.671,0.186336
63133ms,63133,136.640,0.187634
63150ms,63150,136.640,0.187634
63166ms,63166,136.642,0.186206
63183ms,63183,136.642,0.186209
63199ms,63199,136.480,0.184141
63216ms,63216,136.479,0.184139
63699ms,63699,137.456,0.187643
63716ms,63716,137.531,0.187156
63733ms,63733,138.130,0.193731
63750ms,63750,137.365,0.187468
63766ms,63766,137.522,0.187440
63783ms,63783,137.522,0.187438
63800ms,63800,137.648,0.188472
63816ms,63816,137.648,0.188472
63833ms,63833,138.776,0.192403
63850ms,63850,138.779,0.192418
63866ms,63866,138.779,0.192421
63883ms,63883,138.621,0.189929
63900ms,63900,138.807,0.191310
63916ms,63916,138.807,0.191310
63933ms,63933,138.959,0.190176
63949ms,63949,138.945,0.189719
63966ms,63966,139.391,0.190553
63983ms,63983,139.371,0.190525
64000ms,64000,139.759,0.191093
64016ms,64016,139.645,0.191066
64033ms,64033,139.719,0.191199
64050ms,64050,139.706,0.191163
64066ms,64066,139.708,0.191159
64083ms,64083,139.708,0.191156
64099ms,64099,139.708,0.191154
64116ms,64116,139.708,0.191152
64133ms,64133,139.709,0.191152
64150ms,64150,139.709,0.191152
64166ms,64166,139.709,0.191151
64183ms,64183,139.709,0.191149
64200ms,64200,139.709,0.191150
64216ms,64216,139.709,0.191150
64233ms,64233,139.709,0.191149
64250ms,64250,139.709,0.191148
64266ms,64266,139.710,0.191148
64283ms,64283,139.679,0.191106
64300ms,64300,139.587,0.191157
64316ms,64316,139.527,0.191286
64333ms,64333,139.582,0.191153
64349ms,64349,139.582,0.191152
64366ms,64366,139.404,0.191187
64383ms,64383,139.506,0.191097
64400ms,64400,138.811,0.190097
64416ms,64416,138.816,0.190077
64433ms,64433,138.147,0.189506
64450ms,64450,138.147,0.189506
64466ms,64466,138.205,0.189508
64483ms,64483,138.206,0.189512
64533ms,64533,137.043,0.187442
64550ms,64550,137.060,0.187380
64566ms,64566,136.856,0.186192
64583ms,64583,136.856,0.186192
64599ms,64599,136.856,0.186192
64616ms,64616,136.685,0.186222
64633ms,64633,136.685,0.186222
64650ms,64650,136.679,0.185999
64666ms,64666,136.688,0.186090
64683ms,64683,136.399,0.183339
64700ms,64700,136.144,0.184366
64716ms,64716,136.144,0.184366
65200ms,65200,137.983,0.189486
65216ms,65216,137.861,0.189947
65233ms,65233,137.454,0.187083
65250ms,65250,137.456,0.187078
65266ms,65266,137.767,0.187165
65283ms,65283,137.765,0.188106
65300ms,65300,138.484,0.189996
65316ms,65316,138.494,0.189601
65333ms,65333,138.318,0.189644
65349ms,65349,138.318,0.189644
65366ms,65366,138.318,0.189644
65383ms,65383,138.829,0.189578
65400ms,65400,138.828,0.189574
65416ms,65416,138.856,0.190379
65433ms,65433,138.856,0.190379
65450ms,65450,139.112,0.190033
65466ms,65466,139.022,0.190172
65483ms,65483,139.346,0.191398
65500ms,65500,139.403,0.191206
65516ms,65516,139.422,0.191231
65533ms,65533,139.431,0.191258
65550ms,65550,139.431,0.191260
65566ms,65566,139.430,0.191262
65583ms,65583,139.430,0.191263
65600ms,65600,139.430,0.191264
65616ms,65616,139.430,0.191266
65633ms,65633,139.431,0.191264
65650ms,65650,139.430,0.191254
65666ms,65666,139.430,0.191241
65683ms,65683,139.429,0.191241
65700ms,65700,139.430,0.191248
65716ms,65716,139.430,0.191247
65733ms,65733,139.430,0.191247
65750ms,65750,139.430,0.191246
65766ms,65766,139.430,0.191246
65783ms,65783,139.456,0.191339
65800ms,65800,139.458,0.191334
65816ms,65816,139.517,0.191620
65833ms,65833,139.569,0.191615
65850ms,65850,139.453,0.190619
65866ms,65866,139.454,0.190620
65883ms,65883,138.939,0.191011
65900ms,65900,138.349,0.190297
65916ms,65916,138.528,0.190932
65933ms,65933,138.000,0.188558
65950ms,65950,138.005,0.188564
65966ms,65966,137.408,0.189444
65983ms,65983,137.407,0.189436
66000ms,66000,137.647,0.191822
66016ms,66016,137.647,0.191822
66033ms,66033,136.950,0.186303
66050ms,66050,136.887,0.186434
66100ms,66100,136.560,0.186308
66116ms,66116,136.559,0.186312
66133ms,66133,136.559,0.186310
66150ms,66150,136.448,0.184651
66166ms,66166,136.448,0.184651
66183ms,66183,136.284,0.183976
66616ms,66616,137.558,0.192764
66633ms,66633,137.559,0.192760
66766ms,66766,138.117,0.189444
66783ms,66783,138.100,0.189072
66800ms,66800,138.449,0.189307
66816ms,66816,138.446,0.189317
66833ms,66833,138.715,0.191266
66850ms,66850,138.715,0.191266
66866ms,66866,138.715,0.191266
66883ms,66883,139.893,0.192426
66900ms,66900,139.865,0.192093
66950ms,66950,139.712,0.191756
66966ms,66966,139.696,0.191705
67350ms,67350,139.368,0.190900
67366ms,67366,139.380,0.190973
67383ms,67383,138.573,0.189674
67400ms,67400,138.575,0.189666
67416ms,67416,138.333,0.189565
67433ms,67433,138.333,0.189564
67450ms,67450,138.270,0.191411
67466ms,67466,138.270,0.191411
67483ms,67483,137.009,0.187899
67533ms,67533,137.517,0.197030
67550ms,67550,137.518,0.197010
67566ms,67566,136.719,0.187687
67583ms,67583,136.720,0.187683
67600ms,67600,136.614,0.186324
67616ms,67616,136.614,0.186324
67633ms,67633,136.614,0.186324
67650ms,67650,136.467,0.183300
67666ms,67666,136.381,0.184034
68116ms,68116,137.231,0.189264
68133ms,68133,137.231,0.189264
68183ms,68183,137.892,0.190433
68200ms,68200,137.892,0.190433
68216ms,68216,137.604,0.187044
68233ms,68233,137.604,0.187044
68250ms,68250,137.730,0.187584
68266ms,68266,137.730,0.187584
68283ms,68283,138.068,0.188336
68300ms,68300,138.633,0.189434
68316ms,68316,138.633,0.189434
68350ms,68350,138.674,0.191346
68366ms,68366,138.941,0.190092
68383ms,68383,138.942,0.190094
68400ms,68400,138.942,0.190096
68416ms,68416,139.143,0.191254
68433ms,68433,139.135,0.191289
68450ms,68450,139.644,0.191599
68466ms,68466,139.699,0.191739
68483ms,68483,139.638,0.191594
68500ms,68500,139.638,0.191597
68516ms,68516,139.580,0.191331
68533ms,68533,139.564,0.191341
68550ms,68550,139.619,0.191584
68566ms,68566,139.619,0.191584
68583ms,68583,139.597,0.191890
68600ms,68600,139.597,0.191889
68616ms,68616,139.596,0.191890
68633ms,68633,139.594,0.191888
68650ms,68650,139.594,0.191860
68666ms,68666,139.628,0.191775
68683ms,68683,139.628,0.191767
68700ms,68700,139.628,0.191750
68716ms,68716,139.628,0.191750
68733ms,68733,139.628,0.191750
68750ms,68750,139.628,0.191750
68766ms,68766,139.628,0.191750
68783ms,68783,139.536,0.191082
68800ms,68800,139.532,0.191099
68816ms,68816,139.413,0.190731
68833ms,68833,139.413,0.190741
68850ms,68850,138.988,0.190072
68866ms,68866,138.985,0.190050
68883ms,68883,138.358,0.189768
68900ms,68900,138.365,0.189755
68916ms,68916,138.226,0.188548
68933ms,68933,138.226,0.188548
69016ms,69016,137.103,0.186063
69033ms,69033,137.103,0.186063
69050ms,69050,136.659,0.187887
69066ms,69066,136.583,0.187390
69083ms,69083,136.323,0.187162
69100ms,69100,136.541,0.184728
69116ms,69116,136.541,0.184728
69133ms,69133,136.541,0.184728
69350ms,69350,136.558,0.184716
69366ms,69366,136.558,0.184716
69383ms,69383,136.558,0.184716
69400ms,69400,136.558,0.184716
69716ms,69716,137.620,0.187675
69733ms,69733,137.620,0.187675
69750ms,69750,137.937,0.187954
69766ms,69766,137.986,0.187924
69833ms,69833,138.528,0.190300
69866ms,69866,139.051,0.191042
69883ms,69883,139.086,0.191145
69900ms,69900,139.106,0.191019
69916ms,69916,139.394,0.190460
69933ms,69933,139.394,0.190460
69950ms,69950,139.579,0.191178
69966ms,69966,139.579,0.191178
69983ms,69983,139.607,0.191035
70000ms,70000,139.607,0.191035
70016ms,70016,139.580,0.191235
70033ms,70033,139.579,0.191255
70050ms,70050,139.579,0.191290
70066ms,70066,139.580,0.191287
70083ms,70083,139.581,0.191275
70100ms,70100,139.582,0.191271
70116ms,70116,139.584,0.191262
70133ms,70133,139.584,0.191267
70150ms,70150,139.584,0.191262
70166ms,70166,139.584,0.191254
70183ms,70183,139.583,0.191253
70200ms,70200,139.583,0.191255
70216ms,70216,139.629,0.191228
70233ms,70233,139.637,0.191257
70250ms,70250,139.584,0.191141
70266ms,70266,139.584,0.191143
70283ms,70283,139.563,0.190797
70300ms,70300,139.444,0.190811
70316ms,70316,139.162,0.190758
70333ms,70333,139.171,0.190631
70350ms,70350,138.496,0.189729
70366ms,70366,138.568,0.189864
70383ms,70383,138.080,0.188596
70400ms,70400,138.080,0.188596
70450ms,70450,137.727,0.190248
70466ms,70466,137.727,0.190248
70483ms,70483,136.778,0.186614
70500ms,70500,136.779,0.186609
70550ms,70550,136.664,0.186289
70566ms,70566,136.664,0.186292
70583ms,70583,136.431,0.184119
70600ms,70600,136.431,0.184119
70616ms,70616,136.290,0.185448
70633ms,70633,136.477,0.185549
70766ms,70766,136.957,0.193208
71116ms,71116,137.979,0.197785
71133ms,71133,138.003,0.194202
71183ms,71183,137.563,0.188802
71200ms,71200,137.563,0.188812
71216ms,71216,137.783,0.188231
71233ms,71233,137.782,0.188237
71250ms,71250,138.089,0.188499
71266ms,71266,138.089,0.188499
71283ms,71283,138.703,0.189584
71300ms,71300,138.703,0.189584
71316ms,71316,138.957,0.190698
71333ms,71333,138.985,0.190991
71350ms,71350,139.026,0.190716
71366ms,71366,139.030,0.190725
71383ms,71383,139.611,0.191035
71400ms,71400,139.600,0.191120
71416ms,71416,139.811,0.191632
71433ms,71433,139.791,0.191647
71450ms,71450,139.749,0.191700
71466ms,71466,139.723,0.191884
71483ms,71483,139.724,0.191887
71500ms,71500,139.725,0.191887
71516ms,71516,139.750,0.191711
71533ms,71533,139.749,0.191714
71550ms,71550,139.724,0.191883
71566ms,71566,139.723,0.191875
71583ms,71583,139.722,0.191864
71600ms,71600,139.722,0.191863
71616ms,71616,139.721,0.191843
71633ms,71633,139.722,0.191853
71650ms,71650,139.724,0.191868
71666ms,71666,139.724,0.191868
71683ms,71683,139.725,0.191873
71700ms,71700,139.750,0.191727
71716ms,71716,139.747,0.191737
71733ms,71733,139.748,0.191737
71783ms,71783,139.314,0.191048
71800ms,71800,139.290,0.190946
71816ms,71816,139.222,0.191263
71833ms,71833,138.743,0.190338
71850ms,71850,138.742,0.190335
71866ms,71866,138.175,0.188858
71883ms,71883,138.080,0.194186
71900ms,71900,138.080,0.194180
71916ms,71916,137.442,0.190715
71933ms,71933,137.455,0.190624
72016ms,72016,136.686,0.185403
72033ms,72033,136.686,0.185403
72050ms,72050,136.524,0.185562
72066ms,72066,136.524,0.185562
72083ms,72083,136.524,0.185562
72100ms,72100,136.524,0.185562
72600ms,72600,137.115,0.186951
72616ms,72616,137.116,0.186954
72666ms,72666,137.510,0.187872
72683ms,72683,137.598,0.187646
72700ms,72700,137.599,0.187647
72716ms,72716,138.065,0.189003
72733ms,72733,138.065,0.189003
72783ms,72783,138.584,0.190572
72800ms,72800,138.635,0.190190
72816ms,72816,138.886,0.190666
72833ms,72833,138.886,0.190666
72850ms,72850,139.533,0.190161
72866ms,72866,139.614,0.190308
72883ms,72883,139.627,0.191287
72900ms,72900,139.633,0.191350
72916ms,72916,139.655,0.191385
72933ms,72933,139.778,0.191944
72950ms,72950,139.772,0.191970
72966ms,72966,139.766,0.191977
72983ms,72983,139.764,0.191981
73000ms,73000,139.736,0.191779
73016ms,73016,139.736,0.191779
73033ms,73033,139.735,0.191774
73050ms,73050,139.734,0.191774
73066ms,73066,139.734,0.191768
73083ms,73083,139.734,0.191769
73100ms,73100,139.734,0.191774
73116ms,73116,139.734,0.191778
73133ms,73133,139.734,0.191780
73150ms,73150,139.733,0.191782
73166ms,73166,139.733,0.191783
73183ms,73183,139.636,0.191738
73200ms,73200,139.636,0.191738
73216ms,73216,139.603,0.191391
73233ms,73233,139.603,0.191365
73250ms,73250,139.492,0.190691
73266ms,73266,139.569,0.190607
73283ms,73283,138.971,0.190786
73300ms,73300,138.971,0.190786
73316ms,73316,138.971,0.190786
73333ms,73333,138.322,0.189586
73350ms,73350,138.322,0.189586
73366ms,73366,138.040,0.188573
73383ms,73383,138.025,0.188534
73466ms,73466,136.703,0.186568
73516ms,73516,136.456,0.186528
73533ms,73533,136.446,0.186565
73550ms,73550,136.534,0.185362
73566ms,73566,136.534,0.185362
73583ms,73583,136.167,0.183426
73600ms,73600,136.181,0.183602
74066ms,74066,137.734,0.188588
74083ms,74083,137.734,0.188588
74100ms,74100,137.391,0.188494
74116ms,74116,137.426,0.188732
74166ms,74166,137.443,0.191552
74183ms,74183,137.443,0.191686
74200ms,74200,138.419,0.189656
74216ms,74216,138.419,0.189656
74233ms,74233,137.962,0.188944
74250ms,74250,138.006,0.189103
74266ms,74266,138.677,0.189227
74283ms,74283,138.696,0.189663
74300ms,74300,138.696,0.189663
74316ms,74316,139.429,0.197294
74350ms,74350,139.160,0.190801
74366ms,74366,139.117,0.190809
74383ms,74383,139.372,0.191352
74400ms,74400,139.372,0.191352
74416ms,74416,139.377,0.191352
74433ms,74433,139.348,0.191338
74450ms,74450,139.348,0.191335
74466ms,74466,139.276,0.191289
74483ms,74483,139.276,0.191289
74500ms,74500,139.295,0.190916
74516ms,74516,139.297,0.190920
74533ms,74533,139.298,0.190920
74550ms,74550,139.371,0.190822
74566ms,74566,139.400,0.190416
74583ms,74583,139.400,0.190419
74600ms,74600,139.400,0.190419
74616ms,74616,139.400,0.190419
74633ms,74633,139.417,0.190644
74650ms,74650,139.417,0.190644
74666ms,74666,139.418,0.190649
74683ms,74683,139.419,0.190663
74700ms,74700,139.551,0.191337
74716ms,74716,139.375,0.190876
74733ms,74733,139.405,0.190946
74750ms,74750,139.116,0.190164
74766ms,74766,139.116,0.190164
74783ms,74783,138.636,0.190773
74800ms,74800,138.633,0.190770
74816ms,74816,138.631,0.190767
74833ms,74833,138.340,0.189056
74850ms,74850,138.393,0.188874
74866ms,74866,138.190,0.192607
74883ms,74883,138.190,0.192607
74900ms,74900,137.273,0.189350
74916ms,74916,137.274,0.189344
75000ms,75000,136.605,0.185923
75016ms,75016,136.605,0.185923
75033ms,75033,136.606,0.185357
75050ms,75050,136.616,0.185447
75066ms,75066,136.462,0.184589
75116ms,75116,136.481,0.191228
75133ms,75133,136.481,0.191228
75550ms,75550,137.043,0.188920
75566ms,75566,137.044,0.188910
75583ms,75583,137.117,0.188138
75633ms,75633,137.527,0.187072
75650ms,75650,137.525,0.187057
75666ms,75666,138.233,0.189382
75683ms,75683,138.233,0.189382
75700ms,75700,137.947,0.189455
75766ms,75766,138.731,0.190763
75783ms,75783,138.653,0.190852
75800ms,75800,138.919,0.190138
75816ms,75816,138.921,0.190139
75833ms,75833,139.190,0.190550
75850ms,75850,139.373,0.190505
75866ms,75866,139.690,0.190858
75883ms,75883,139.691,0.191531
75900ms,75900,139.690,0.191535
75916ms,75916,139.690,0.191557
75933ms,75933,139.747,0.191551
75950ms,75950,139.688,0.191645
75966ms,75966,139.689,0.191662
75983ms,75983,139.689,0.191662
76000ms,76000,139.688,0.191673
76016ms,76016,139.688,0.191668
76033ms,76033,139.689,0.191665
76050ms,76050,139.689,0.191666
76066ms,76066,139.689,0.191667
76083ms,76083,139.685,0.191714
76100ms,76100,139.681,0.191762
76116ms,76116,139.681,0.191762
76133ms,76133,139.681,0.191774
76150ms,76150,139.681,0.191773
76166ms,76166,139.681,0.191770
76183ms,76183,139.593,0.191681
76200ms,76200,139.670,0.192218
76216ms,76216,139.674,0.192223
76233ms,76233,139.663,0.189954
76250ms,76250,139.663,0.189956
76266ms,76266,139.001,0.190280
76283ms,76283,138.263,0.190310
76300ms,76300,138.343,0.190527
76316ms,76316,138.343,0.190527
76333ms,76333,138.055,0.188750
76350ms,76350,138.055,0.188750
76366ms,76366,137.600,0.187813
76383ms,76383,137.606,0.187767
76433ms,76433,136.883,0.187824
76450ms,76450,136.882,0.187826
76466ms,76466,137.111,0.195850
76483ms,76483,137.111,0.195850
76500ms,76500,136.562,0.186810
76516ms,76516,136.562,0.186811
76533ms,76533,136.485,0.184207
76550ms,76550,136.485,0.184207
77100ms,77100,137.848,0.193072
77133ms,77133,137.556,0.188009
77150ms,77150,137.556,0.188009
77166ms,77166,138.593,0.192539
77183ms,77183,138.529,0.193928
77200ms,77200,138.166,0.189143
77216ms,77216,138.180,0.189144
77266ms,77266,138.441,0.189491
77283ms,77283,138.441,0.189491
77300ms,77300,138.361,0.189774
77316ms,77316,138.387,0.190134
77333ms,77333,138.882,0.188927
77350ms,77350,138.875,0.188959
77366ms,77366,139.133,0.190513
77383ms,77383,139.132,0.190513
77400ms,77400,139.131,0.190467
77416ms,77416,139.104,0.189937
77433ms,77433,139.094,0.189996
77450ms,77450,139.095,0.189997
77466ms,77466,139.095,0.189998
77483ms,77483,139.092,0.189986
77500ms,77500,139.087,0.189973
77516ms,77516,139.085,0.189974
77533ms,77533,139.084,0.189968
77550ms,77550,139.083,0.189968
77566ms,77566,139.084,0.189970
77583ms,77583,139.085,0.189971
77600ms,77600,139.086,0.189971
77616ms,77616,139.087,0.189990
77633ms,77633,139.086,0.190008
77650ms,77650,139.087,0.190015
77666ms,77666,139.105,0.190005
77683ms,77683,139.024,0.190148
77900ms,77900,136.876,0.185991
77916ms,77916,136.839,0.186126
77933ms,77933,137.232,0.198060
77950ms,77950,137.232,0.198060
77966ms,77966,136.718,0.185663
77983ms,77983,136.638,0.186646
78000ms,78000,136.680,0.185898
78016ms,78016,136.680,0.185898
78100ms,78100,136.819,0.194481
78533ms,78533,137.422,0.187700
78550ms,78550,137.423,0.187713
78566ms,78566,138.052,0.192201
78583ms,78583,137.467,0.188919
78600ms,78600,137.650,0.188536
78616ms,78616,137.650,0.188536
78633ms,78633,137.649,0.188536
78650ms,78650,138.452,0.188386
78666ms,78666,138.132,0.190194
78683ms,78683,138.116,0.190129
78700ms,78700,138.433,0.190160
78716ms,78716,138.433,0.190160
78733ms,78733,138.691,0.189831
78750ms,78750,138.691,0.189831
78766ms,78766,138.691,0.189831
78783ms,78783,138.691,0.189815
78800ms,78800,139.017,0.190595
78816ms,78816,139.017,0.190595
78833ms,78833,139.017,0.190595
78850ms,78850,139.017,0.190595
78866ms,78866,139.218,0.190638
78883ms,78883,139.196,0.190755
78900ms,78900,139.203,0.190754
78916ms,78916,139.203,0.190754
78933ms,78933,139.207,0.190787
78950ms,78950,139.190,0.190726
78966ms,78966,139.188,0.190722
78983ms,78983,139.189,0.190725
79000ms,79000,139.189,0.190735
79016ms,79016,139.187,0.190710
79033ms,79033,139.187,0.190710
79050ms,79050,139.186,0.190708
79066ms,79066,139.185,0.190708
79083ms,79083,139.184,0.190696
79100ms,79100,139.184,0.190687
79116ms,79116,139.184,0.190686
79133ms,79133,139.182,0.190676
79150ms,79150,139.182,0.190676
79166ms,79166,139.332,0.190858
79183ms,79183,139.336,0.190850
79200ms,79200,139.208,0.191097
79216ms,79216,139.214,0.191116
79266ms,79266,138.377,0.189882
79283ms,79283,138.377,0.189878
79333ms,79333,138.250,0.202412
79350ms,79350,138.250,0.202412
79366ms,79366,138.250,0.202412
79383ms,79383,136.832,0.186828
79400ms,79400,136.862,0.186566
79416ms,79416,137.015,0.186411
79433ms,79433,137.015,0.186411
79450ms,79450,136.622,0.185943
79466ms,79466,136.440,0.185024
79483ms,79483,136.440,0.185024
79500ms,79500,136.368,0.183993
79516ms,79516,136.357,0.183859
79533ms,79533,136.399,0.184870
79550ms,79550,136.399,0.184870
80033ms,80033,138.101,0.196707
80050ms,80050,138.164,0.195902
80066ms,80066,137.588,0.188425
80083ms,80083,137.604,0.188299
80100ms,80100,137.685,0.188095
80116ms,80116,137.685,0.188095
80133ms,80133,137.685,0.188095
80150ms,80150,138.026,0.187774
80166ms,80166,138.034,0.187450
80216ms,80216,138.845,0.191966
80233ms,80233,138.864,0.191959
80250ms,80250,138.889,0.191701
80266ms,80266,139.214,0.191124
80283ms,80283,139.214,0.191124
80300ms,80300,139.575,0.190241
80316ms,80316,139.556,0.190124
80333ms,80333,139.532,0.190694
80350ms,80350,139.546,0.190592
80366ms,80366,139.544,0.190578
80383ms,80383,139.544,0.190574
80400ms,80400,139.545,0.190577
80416ms,80416,139.466,0.190918
80433ms,80433,139.464,0.190908
80450ms,80450,139.463,0.190904
80466ms,80466,139.463,0.190900
80483ms,80483,139.463,0.190900
80500ms,80500,139.463,0.190900
80516ms,80516,139.463,0.190901
80533ms,80533,139.463,0.190900
80550ms,80550,139.463,0.190900
80566ms,80566,139.463,0.190902
80583ms,80583,139.464,0.190904
80600ms,80600,139.464,0.190904
80616ms,80616,139.434,0.191026
80633ms,80633,139.433,0.191029
80650ms,80650,139.394,0.191599
80666ms,80666,139.243,0.191424
80683ms,80683,139.295,0.191499
80700ms,80700,138.895,0.190340
80716ms,80716,138.895,0.190340
80733ms,80733,138.088,0.190118
80750ms,80750,138.088,0.190118
80766ms,80766,138.138,0.188586
80783ms,80783,138.124,0.188503
80800ms,80800,137.530,0.190847
80816ms,80816,137.528,0.190801
80833ms,80833,136.986,0.187488
80850ms,80850,136.966,0.186973
80866ms,80866,136.736,0.185265
80883ms,80883,136.736,0.185265
80900ms,80900,136.736,0.185265
80916ms,80916,136.513,0.185267
80933ms,80933,136.506,0.185349
80983ms,80983,136.457,0.184011
81000ms,81000,136.457,0.184011
81016ms,81016,136.271,0.184278
81033ms,81033,136.300,0.184372
81466ms,81466,137.040,0.186828
81483ms,81483,137.041,0.186830
81500ms,81500,138.130,0.193439
81516ms,81516,138.130,0.193439
81533ms,81533,137.529,0.188145
81550ms,81550,137.529,0.188145
81566ms,81566,137.596,0.188010
81583ms,81583,137.596,0.188010
81600ms,81600,137.596,0.188010
81616ms,81616,137.596,0.188010
81633ms,81633,137.596,0.188010
81650ms,81650,138.157,0.188538
81666ms,81666,138.156,0.188532
81683ms,81683,138.648,0.188534
81700ms,81700,138.673,0.188625
81716ms,81716,138.663,0.190695
81733ms,81733,138.663,0.190692
81750ms,81750,138.953,0.190571
81766ms,81766,138.943,0.190544
81783ms,81783,139.291,0.190171
81800ms,81800,139.287,0.190864
81816ms,81816,139.493,0.190826
81833ms,81833,139.493,0.190826
81850ms,81850,139.493,0.190826
81866ms,81866,139.435,0.190685
81883ms,81883,139.443,0.190692
81900ms,81900,139.443,0.190694
81916ms,81916,139.442,0.190695
81933ms,81933,139.443,0.190701
81950ms,81950,139.475,0.190779
81966ms,81966,139.474,0.190789
81983ms,81983,139.475,0.190788
82000ms,82000,139.474,0.190801
82016ms,82016,139.473,0.190811
82033ms,82033,139.473,0.190811
82050ms,82050,139.473,0.190812
82066ms,82066,139.473,0.190791
82083ms,82083,139.473,0.190783
82100ms,82100,139.473,0.190781
82116ms,82116,139.472,0.190761
82133ms,82133,139.474,0.190755
82150ms,82150,139.448,0.189799
82166ms,82166,139.461,0.189895
82183ms,82183,138.925,0.190490
82200ms,82200,138.930,0.190482
82216ms,82216,138.468,0.190876
82233ms,82233,138.468,0.190876
82333ms,82333,136.728,0.186870
82350ms,82350,136.717,0.186875
82366ms,82366,137.267,0.192281
82383ms,82383,137.267,0.192281
82400ms,82400,137.267,0.192281
82416ms,82416,136.407,0.185900
82433ms,82433,136.407,0.185900
82450ms,82450,136.571,0.186124
82466ms,82466,136.571,0.186124
82983ms,82983,137.186,0.188492
83000ms,83000,137.274,0.187768
83050ms,83050,137.549,0.188112
83066ms,83066,137.834,0.189078
83083ms,83083,137.835,0.189104
83100ms,83100,138.190,0.188827
83116ms,83116,138.190,0.188827
83133ms,83133,138.783,0.188996
83150ms,83150,138.710,0.189160
83166ms,83166,138.723,0.189167
83183ms,83183,138.709,0.189992
83200ms,83200,138.715,0.190182
83216ms,83216,138.816,0.190488
83233ms,83233,138.841,0.190378
83250ms,83250,139.149,0.190204
83266ms,83266,139.170,0.190326
83283ms,83283,139.311,0.190567
83300ms,83300,139.314,0.190579
83316ms,83316,139.313,0.190642
83333ms,83333,139.273,0.191192
83350ms,83350,139.272,0.191196
83366ms,83366,139.272,0.191193
83383ms,83383,139.272,0.191193
83400ms,83400,139.272,0.191193
83416ms,83416,139.271,0.191190
83433ms,83433,139.271,0.191191
83450ms,83450,139.272,0.191190
83466ms,83466,139.271,0.191193
83483ms,83483,139.273,0.191196
83500ms,83500,139.274,0.191196
83516ms,83516,139.273,0.191196
83533ms,83533,139.274,0.191196
83550ms,83550,139.257,0.191320
83566ms,83566,139.259,0.191313
83583ms,83583,139.175,0.191095
83600ms,83600,139.177,0.191099
83616ms,83616,139.390,0.190980
83633ms,83633,139.323,0.191006
83650ms,83650,139.039,0.190901
83666ms,83666,139.039,0.190901
83683ms,83683,138.639,0.190026
83700ms,83700,138.750,0.189972
83783ms,83783,137.196,0.188451
83800ms,83800,137.196,0.188451
83866ms,83866,136.561,0.185153
83883ms,83883,136.561,0.185153
83900ms,83900,136.561,0.185153
83916ms,83916,136.441,0.185343
83933ms,83933,136.441,0.185343
83950ms,83950,136.256,0.183861
83966ms,83966,136.256,0.183862
83983ms,83983,136.899,0.197982
84000ms,84000,136.899,0.197982
84450ms,84450,137.035,0.186368
84466ms,84466,137.035,0.186368
84483ms,84483,137.133,0.186912
84500ms,84500,137.051,0.187557
84516ms,84516,137.474,0.188353
84533ms,84533,137.476,0.188334
84550ms,84550,138.439,0.190632
84566ms,84566,138.436,0.190410
84583ms,84583,138.049,0.188216
84600ms,84600,138.049,0.188216
84616ms,84616,138.517,0.188919
84633ms,84633,138.517,0.188919
84650ms,84650,138.676,0.190110
84666ms,84666,138.676,0.190110
84683ms,84683,138.778,0.190458
84700ms,84700,138.918,0.189879
84716ms,84716,139.179,0.190697
84733ms,84733,139.177,0.190680
84750ms,84750,139.417,0.190839
84766ms,84766,139.396,0.190951
84783ms,84783,139.437,0.191368
84800ms,84800,139.459,0.191399
84816ms,84816,139.448,0.191428
84833ms,84833,139.426,0.191682
84850ms,84850,139.333,0.191617
84866ms,84866,139.336,0.191576
84883ms,84883,139.339,0.191540
84900ms,84900,139.338,0.191543
84916ms,84916,139.336,0.191542
84933ms,84933,139.327,0.191356
84950ms,84950,139.336,0.191545
84966ms,84966,139.336,0.191545
84983ms,84983,139.337,0.191542
85000ms,85000,139.337,0.191540
85016ms,85016,139.337,0.191539
85033ms,85033,139.337,0.191539
85050ms,85050,139.337,0.191539
85066ms,85066,139.337,0.191539
85083ms,85083,139.411,0.190559
85100ms,85100,139.411,0.190413
85116ms,85116,139.241,0.190617
85133ms,85133,139.288,0.190610
85150ms,85150,138.971,0.190164
85166ms,85166,138.971,0.190164
85183ms,85183,138.332,0.189476
85200ms,85200,138.332,0.189476
85216ms,85216,138.103,0.188385
85233ms,85233,138.103,0.188386
85250ms,85250,138.226,0.199394
85266ms,85266,138.226,0.199394
85316ms,85316,136.826,0.185938
85333ms,85333,136.826,0.185938
85350ms,85350,136.582,0.187044
85366ms,85366,136.530,0.187907
85416ms,85416,136.416,0.184024
85433ms,85433,136.418,0.183995
85616ms,85616,136.825,0.193062
85633ms,85633,136.769,0.193240
85916ms,85916,136.901,0.186489
85933ms,85933,136.901,0.186488
85966ms,85966,137.870,0.190547
86016ms,86016,137.728,0.187638
86033ms,86033,137.722,0.187676
86050ms,86050,138.577,0.188784
86066ms,86066,138.555,0.187656
86083ms,86083,139.178,0.186620
86100ms,86100,139.178,0.186620
86116ms,86116,139.178,0.186620
86133ms,86133,139.178,0.186620
86150ms,86150,138.707,0.190016
86166ms,86166,138.707,0.190016
86183ms,86183,138.707,0.190016
86200ms,86200,139.076,0.190451
86216ms,86216,139.091,0.190276
86233ms,86233,139.181,0.190628
86250ms,86250,139.422,0.191059
86266ms,86266,139.396,0.191176
86283ms,86283,139.396,0.191174
86300ms,86300,139.395,0.191177
86316ms,86316,139.385,0.191161
86333ms,86333,139.387,0.191174
86350ms,86350,139.481,0.190936
86366ms,86366,139.481,0.190936
86383ms,86383,139.482,0.190945
86400ms,86400,139.482,0.190947
86416ms,86416,139.453,0.191065
86433ms,86433,139.453,0.191066
86450ms,86450,139.452,0.191079
86466ms,86466,139.454,0.191079
86483ms,86483,139.426,0.191091
86500ms,86500,139.427,0.191097
86516ms,86516,139.458,0.190978
86533ms,86533,139.447,0.191193
86550ms,86550,139.463,0.190977
86566ms,86566,139.462,0.190974
86583ms,86583,139.462,0.190968
86600ms,86600,139.463,0.190993
86616ms,86616,139.462,0.191000
86633ms,86633,139.067,0.190691
86650ms,86650,138.594,0.189575
86666ms,86666,138.594,0.189575
86683ms,86683,138.338,0.188635
86700ms,86700,138.338,0.188635
86750ms,86750,137.951,0.193494
86766ms,86766,137.945,0.192756
86783ms,86783,136.841,0.187121
86800ms,86800,136.841,0.187121
86850ms,86850,136.514,0.186348
86866ms,86866,136.514,0.186348
86883ms,86883,136.567,0.186408
86900ms,86900,136.570,0.186418
87433ms,87433,137.487,0.188190
87450ms,87450,137.465,0.187876
87466ms,87466,137.465,0.187876
87483ms,87483,137.626,0.187496
87500ms,87500,137.516,0.188156
87516ms,87516,138.429,0.189240
87533ms,87533,138.439,0.189203
87550ms,87550,137.978,0.188667
87566ms,87566,137.978,0.188667
87583ms,87583,138.498,0.189597
87600ms,87600,138.498,0.189597
87616ms,87616,138.779,0.189762
87633ms,87633,138.779,0.189762
87650ms,87650,138.781,0.189770
87666ms,87666,138.783,0.189778
87683ms,87683,139.027,0.190003
87700ms,87700,139.027,0.190003
87716ms,87716,138.997,0.190170
87733ms,87733,139.130,0.190810
87750ms,87750,139.140,0.190866
87766ms,87766,139.278,0.191446
87783ms,87783,139.289,0.191446
87800ms,87800,139.288,0.191470
87816ms,87816,139.329,0.191408
87833ms,87833,139.307,0.191243
87850ms,87850,139.340,0.191653
87866ms,87866,139.340,0.191648
87883ms,87883,139.342,0.191642
87900ms,87900,139.342,0.191653
87916ms,87916,139.342,0.191642
87933ms,87933,139.341,0.191643
87950ms,87950,139.331,0.191420
87966ms,87966,139.331,0.191421
87983ms,87983,139.332,0.191411
88000ms,88000,139.292,0.191460
88016ms,88016,139.260,0.191177
88033ms,88033,139.261,0.191180
88050ms,88050,139.248,0.190823
88066ms,88066,139.231,0.191018
88083ms,88083,139.231,0.191016
88100ms,88100,139.169,0.191107
88116ms,88116,139.169,0.191107
88133ms,88133,139.093,0.190274
88150ms,88150,139.093,0.190274
88166ms,88166,138.346,0.189668
88183ms,88183,138.346,0.189668
88200ms,88200,138.133,0.188424
88216ms,88216,138.133,0.188424
88233ms,88233,137.531,0.190009
88250ms,88250,136.979,0.186562
88266ms,88266,136.979,0.186562
88283ms,88283,136.745,0.187073
88300ms,88300,136.745,0.187073
88316ms,88316,136.673,0.186755
88333ms,88333,136.672,0.186756
88350ms,88350,136.619,0.186068
88366ms,88366,136.619,0.186068
88383ms,88383,136.274,0.183281
88400ms,88400,136.276,0.183309
88416ms,88416,136.952,0.192275
88433ms,88433,136.952,0.192278
88450ms,88450,136.952,0.192278
88466ms,88466,136.952,0.192278
88483ms,88483,136.952,0.192278
88900ms,88900,136.893,0.186549
88916ms,88916,136.890,0.186564
88933ms,88933,137.956,0.190488
88950ms,88950,138.088,0.190624
88966ms,88966,137.591,0.187530
88983ms,88983,137.592,0.187490
89000ms,89000,138.582,0.195563
89016ms,89016,138.578,0.195305
89033ms,89033,138.144,0.189084
89050ms,89050,138.257,0.189378
89066ms,89066,138.257,0.189378
89116ms,89116,138.412,0.189482
89133ms,89133,138.313,0.189774
89150ms,89150,138.460,0.189787
89166ms,89166,138.460,0.189787
89183ms,89183,138.985,0.189729
89200ms,89200,138.985,0.189721
89216ms,89216,138.987,0.189721
89233ms,89233,138.995,0.189778
89250ms,89250,138.968,0.189447
89266ms,89266,138.969,0.189480
89283ms,89283,138.970,0.189481
89300ms,89300,138.971,0.189469
89316ms,89316,138.969,0.189478
89333ms,89333,138.968,0.189487
89350ms,89350,138.996,0.189595
89366ms,89366,138.996,0.189604
89383ms,89383,138.996,0.189604
89400ms,89400,138.966,0.189500
89416ms,89416,138.966,0.189492
89433ms,89433,138.966,0.189494
89450ms,89450,138.968,0.189496
89466ms,89466,138.970,0.189498
89483ms,89483,138.970,0.189498
89500ms,89500,138.970,0.189498
89516ms,89516,139.017,0.189498
89533ms,89533,139.017,0.189499
89550ms,89550,139.063,0.189674
89566ms,89566,139.062,0.189676
89583ms,89583,139.063,0.189676
89666ms,89666,137.794,0.189086
89683ms,89683,137.781,0.188811
89700ms,89700,137.936,0.200828
89716ms,89716,137.936,0.200828
89733ms,89733,137.135,0.187336
89750ms,89750,137.146,0.187391
89766ms,89766,136.697,0.186436
89783ms,89783,136.697,0.186436
89800ms,89800,137.111,0.195678
89816ms,89816,137.105,0.195776
89833ms,89833,136.279,0.185912
89850ms,89850,136.440,0.184242
89866ms,89866,136.409,0.184432
90400ms,90400,137.160,0.186654
90416ms,90416,137.160,0.186639
90433ms,90433,137.161,0.186630
90450ms,90450,137.161,0.186625
90466ms,90466,137.716,0.187734
90483ms,90483,137.663,0.187883
90500ms,90500,138.368,0.189203
90516ms,90516,138.362,0.189244
90566ms,90566,138.441,0.189870
90583ms,90583,138.457,0.189813
90600ms,90600,138.878,0.189125
90616ms,90616,139.002,0.189030
90633ms,90633,138.846,0.190209
90650ms,90650,139.252,0.190581
90666ms,90666,139.360,0.190163
90683ms,90683,139.335,0.190365
90700ms,90700,139.403,0.190739
90716ms,90716,139.352,0.191067
90733ms,90733,139.352,0.191067
90750ms,90750,139.352,0.191067
90766ms,90766,139.381,0.190849
90783ms,90783,139.446,0.190949
90800ms,90800,139.445,0.190955
90816ms,90816,139.421,0.190838
90833ms,90833,139.337,0.190896
90850ms,90850,139.338,0.190882
90866ms,90866,139.339,0.190884
90883ms,90883,139.339,0.190884
90900ms,90900,139.339,0.190883
90916ms,90916,139.339,0.190884
90933ms,90933,139.339,0.190884
90950ms,90950,139.338,0.190883
90966ms,90966,139.318,0.191429
90983ms,90983,139.351,0.191237
91000ms,91000,139.487,0.192262
91016ms,91016,139.487,0.192251
91033ms,91033,139.418,0.191615
91050ms,91050,139.286,0.191067
91066ms,91066,139.260,0.190472
91083ms,91083,138.859,0.190207
91100ms,91100,138.857,0.190214
91116ms,91116,138.808,0.190268
91133ms,91133,138.446,0.189315
91150ms,91150,138.446,0.189315
91200ms,91200,137.427,0.189655
91216ms,91216,137.427,0.189655
91266ms,91266,136.843,0.186239
91283ms,91283,136.843,0.186239
91300ms,91300,136.460,0.186189
91316ms,91316,136.385,0.186496
91333ms,91333,136.481,0.185563
91350ms,91350,136.481,0.185563
91366ms,91366,136.406,0.184065
91383ms,91383,136.406,0.184065
91400ms,91400,136.406,0.184065
91416ms,91416,136.406,0.184065
91900ms,91900,137.980,0.194725
91916ms,91916,138.048,0.192543
91933ms,91933,137.442,0.187816
91950ms,91950,137.443,0.187831
91966ms,91966,137.461,0.188113
91983ms,91983,137.477,0.188123
92000ms,92000,137.941,0.188151
92016ms,92016,138.007,0.188052
92033ms,92033,138.370,0.190060
92050ms,92050,138.358,0.190074
92100ms,92100,138.973,0.189978
92116ms,92116,139.063,0.189624
92133ms,92133,138.901,0.190755
92150ms,92150,138.908,0.190702
92166ms,92166,139.155,0.191118
92183ms,92183,139.314,0.190868
92200ms,92200,139.302,0.190865
92216ms,92216,139.247,0.190766
92233ms,92233,139.248,0.190745
92250ms,92250,139.248,0.190742
92266ms,92266,139.248,0.190743
92283ms,92283,139.212,0.190922
92300ms,92300,139.212,0.190936
92316ms,92316,139.213,0.190936
92333ms,92333,139.312,0.191114
92350ms,92350,139.310,0.191100
92366ms,92366,139.360,0.191143
92383ms,92383,139.282,0.190984
92400ms,92400,139.282,0.190980
92416ms,92416,139.282,0.190983
92433ms,92433,139.360,0.191141
92450ms,92450,139.359,0.191141
92466ms,92466,139.360,0.191141
92483ms,92483,139.364,0.191131
92500ms,92500,139.314,0.191029
92516ms,92516,139.442,0.191044
92533ms,92533,139.413,0.191190
92550ms,92550,139.412,0.191194
92566ms,92566,139.200,0.190375
92583ms,92583,139.200,0.190375
92600ms,92600,138.611,0.190827
92616ms,92616,138.611,0.190827
92633ms,92633,138.611,0.190827
92650ms,92650,138.210,0.189190
92666ms,92666,137.547,0.188477
92683ms,92683,137.547,0.188477
92700ms,92700,137.668,0.193041
92716ms,92716,137.685,0.192679
92733ms,92733,136.711,0.186281
92750ms,92750,136.695,0.186438
92800ms,92800,136.552,0.185508
92816ms,92816,136.552,0.185508
92833ms,92833,136.472,0.184161
92850ms,92850,136.480,0.184095
92900ms,92900,136.392,0.185443
92916ms,92916,136.366,0.185926
93166ms,93166,136.708,0.193502
93183ms,93183,136.709,0.193620
93366ms,93366,138.284,0.195327
93383ms,93383,138.284,0.195327
93400ms,93400,138.284,0.195327
93416ms,93416,137.493,0.187768
93433ms,93433,137.487,0.187800
93450ms,93450,137.597,0.187846
93466ms,93466,138.426,0.193159
93483ms,93483,138.426,0.193085
93500ms,93500,138.948,0.195111
93516ms,93516,137.964,0.188697
93533ms,93533,138.198,0.189098
93550ms,93550,138.194,0.189090
93566ms,93566,138.592,0.189126
93583ms,93583,138.450,0.189813
93600ms,93600,138.465,0.189987
93616ms,93616,138.465,0.189987
93633ms,93633,138.821,0.189325
93650ms,93650,138.922,0.189141
93666ms,93666,139.061,0.190000
93683ms,93683,139.060,0.189992
93700ms,93700,139.060,0.189992
93716ms,93716,139.065,0.190014
93733ms,93733,139.158,0.190776
93750ms,93750,139.158,0.190775
93766ms,93766,139.158,0.190774
93783ms,93783,139.158,0.190775
93800ms,93800,139.158,0.190776
93816ms,93816,139.244,0.191135
93833ms,93833,139.244,0.191123
93850ms,93850,139.331,0.191094
93866ms,93866,139.331,0.191094
93883ms,93883,139.331,0.191094
93900ms,93900,139.330,0.191094
93916ms,93916,139.246,0.191091
93933ms,93933,139.245,0.191092
93950ms,93950,139.277,0.190935
93966ms,93966,139.287,0.190973
93983ms,93983,139.294,0.190991
94000ms,94000,139.304,0.191079
94016ms,94016,139.309,0.191098
94033ms,94033,139.313,0.191116
94050ms,94050,139.306,0.191041
94066ms,94066,138.732,0.190543
94083ms,94083,138.732,0.190543
94100ms,94100,138.290,0.189793
94116ms,94116,138.290,0.189794
94183ms,94183,137.268,0.188842
94200ms,94200,137.268,0.188842
94216ms,94216,136.818,0.186250
94233ms,94233,136.784,0.186258
94266ms,94266,136.517,0.186407
94283ms,94283,136.517,0.186407
94300ms,94300,136.589,0.186392
94316ms,94316,136.590,0.186411
94333ms,94333,136.430,0.183368
94350ms,94350,136.430,0.183369
94366ms,94366,136.343,0.184788
94383ms,94383,136.314,0.185406
94833ms,94833,137.147,0.186974
94850ms,94850,137.092,0.186962
94916ms,94916,137.588,0.187794
94933ms,94933,137.588,0.187794
94950ms,94950,138.532,0.194247
94966ms,94966,138.400,0.192405
94983ms,94983,137.953,0.189072
95000ms,95000,137.953,0.189072
95050ms,95050,138.688,0.189606
95066ms,95066,138.711,0.190339
95083ms,95083,138.727,0.190366
95100ms,95100,138.999,0.190433
95116ms,95116,139.002,0.190464
95133ms,95133,139.243,0.191306
95150ms,95150,139.411,0.192646
95166ms,95166,139.310,0.190203
95183ms,95183,139.311,0.190201
95200ms,95200,139.328,0.190252
95216ms,95216,139.316,0.190545
95233ms,95233,139.321,0.190530
95250ms,95250,139.321,0.190530
95266ms,95266,139.295,0.190720
95283ms,95283,139.295,0.190722
95300ms,95300,139.296,0.190722
95316ms,95316,139.297,0.190725
95333ms,95333,139.297,0.190724
95350ms,95350,139.273,0.190627
95366ms,95366,139.272,0.190629
95383ms,95383,139.272,0.190636
95400ms,95400,139.272,0.190637
95416ms,95416,139.273,0.190632
95433ms,95433,139.273,0.190632
95450ms,95450,139.257,0.190421
95466ms,95466,139.310,0.190667
95483ms,95483,139.315,0.190667
95500ms,95500,139.191,0.189520
95516ms,95516,139.282,0.189227
95533ms,95533,138.945,0.190457
95550ms,95550,138.942,0.190433
95566ms,95566,138.290,0.189236
95583ms,95583,138.290,0.189236
95600ms,95600,138.124,0.188208
95616ms,95616,138.125,0.188207
95750ms,95750,136.634,0.188619
95766ms,95766,136.632,0.188621
95816ms,95816,136.508,0.184243
95833ms,95833,136.375,0.184045
95850ms,95850,136.318,0.184480
96300ms,96300,136.997,0.186296
96316ms,96316,136.997,0.186295
96333ms,96333,137.794,0.193218
96350ms,96350,137.814,0.194479
96366ms,96366,137.552,0.187931
96383ms,96383,137.582,0.188209
96400ms,96400,137.557,0.187837
96416ms,96416,137.558,0.187838
96433ms,96433,137.559,0.187826
96450ms,96450,137.839,0.189768
96466ms,96466,137.838,0.189750
96483ms,96483,138.299,0.188789
96500ms,96500,138.311,0.188987
96516ms,96516,138.673,0.190093
96533ms,96533,138.673,0.190093
96550ms,96550,138.889,0.190713
96566ms,96566,138.889,0.190713
96583ms,96583,138.814,0.190383
96600ms,96600,138.814,0.190383
96616ms,96616,138.814,0.190381
96633ms,96633,138.814,0.190383
96650ms,96650,139.304,0.191439
96666ms,96666,139.304,0.191439
96683ms,96683,139.359,0.190835
96700ms,96700,139.335,0.190994
96716ms,96716,139.336,0.190991
96733ms,96733,139.300,0.190622
96750ms,96750,139.297,0.190615
96766ms,96766,139.297,0.190615
96783ms,96783,139.298,0.190627
96800ms,96800,139.298,0.190627
96816ms,96816,139.299,0.190624
96833ms,96833,139.299,0.190625
96850ms,96850,139.299,0.190625
96866ms,96866,139.299,0.190626
96883ms,96883,139.298,0.190617
96900ms,96900,139.298,0.190617
96916ms,96916,139.298,0.190617
96933ms,96933,139.298,0.190617
96950ms,96950,139.289,0.190539
96966ms,96966,139.316,0.190689
96983ms,96983,139.428,0.190897
97000ms,97000,139.433,0.190837
97016ms,97016,139.136,0.190607
97033ms,97033,139.136,0.190605
97066ms,97066,138.282,0.188797
97083ms,97083,138.288,0.188783
97133ms,97133,137.205,0.188367
97150ms,97150,137.206,0.188366
97166ms,97166,137.204,0.188320
97183ms,97183,137.496,0.190656
97200ms,97200,137.496,0.190656
97216ms,97216,136.740,0.186570
97233ms,97233,136.697,0.186595
97250ms,97250,136.440,0.186290
97266ms,97266,136.440,0.186291
97283ms,97283,136.501,0.187033
97300ms,97300,136.511,0.186946
97316ms,97316,136.202,0.184470
97333ms,97333,136.202,0.184470
97350ms,97350,136.325,0.185122
97366ms,97366,136.294,0.186078
97750ms,97750,137.123,0.188630
97766ms,97766,137.124,0.188597
97816ms,97816,137.333,0.186819
97833ms,97833,137.401,0.186364
97850ms,97850,137.615,0.187779
97866ms,97866,137.632,0.187934
97883ms,97883,137.653,0.188014
97950ms,97950,137.979,0.189252
97966ms,97966,137.979,0.189252
97983ms,97983,138.282,0.190487
98000ms,98000,138.282,0.190487
98016ms,98016,138.710,0.189709
98033ms,98033,138.669,0.189208
98050ms,98050,138.758,0.190787
98066ms,98066,138.765,0.190786
98083ms,98083,139.078,0.190944
98100ms,98100,139.115,0.190424
98116ms,98116,139.446,0.190794
98133ms,98133,139.416,0.190936
98150ms,98150,139.176,0.190515
98166ms,98166,139.176,0.190521
98183ms,98183,139.176,0.190530
98200ms,98200,139.178,0.190491
98216ms,98216,139.193,0.190534
98233ms,98233,139.193,0.190536
98250ms,98250,139.177,0.190474
98266ms,98266,139.215,0.190559
98283ms,98283,139.216,0.190558
98300ms,98300,139.216,0.190557
98316ms,98316,139.215,0.190558
98333ms,98333,139.238,0.190570
98350ms,98350,139.238,0.190570
98366ms,98366,139.238,0.190577
98383ms,98383,139.238,0.190580
98400ms,98400,139.241,0.190558
98416ms,98416,139.245,0.190550
98433ms,98433,139.243,0.190540
98450ms,98450,139.374,0.191029
98466ms,98466,139.444,0.190975
98483ms,98483,139.387,0.190884
98500ms,98500,139.392,0.190886
98516ms,98516,138.888,0.190567
98533ms,98533,138.888,0.190567
98550ms,98550,138.346,0.189435
98566ms,98566,138.346,0.189435
98583ms,98583,138.089,0.188302
98600ms,98600,138.089,0.188301
98616ms,98616,137.540,0.188973
98633ms,98633,137.539,0.189073
98650ms,98650,137.620,0.193345
98666ms,98666,137.620,0.193324
98683ms,98683,137.025,0.186296
98700ms,98700,137.050,0.187335
98716ms,98716,137.184,0.194702
98733ms,98733,137.184,0.194698
98783ms,98783,136.439,0.184192
98800ms,98800,136.439,0.184193
98816ms,98816,136.329,0.183948
98833ms,98833,136.329,0.183948
99316ms,99316,137.804,0.192397
99333ms,99333,137.805,0.192289
99350ms,99350,137.590,0.186712
99366ms,99366,137.311,0.187861
99383ms,99383,137.511,0.187503
99400ms,99400,137.512,0.187500
99416ms,99416,137.720,0.188576
99433ms,99433,137.682,0.188747
99483ms,99483,138.651,0.189603
99500ms,99500,138.698,0.188970
99516ms,99516,138.649,0.190035
99533ms,99533,138.651,0.190034
99550ms,99550,138.929,0.190546
99566ms,99566,138.974,0.190047
99583ms,99583,139.264,0.190218
99600ms,99600,139.250,0.190309
99616ms,99616,139.263,0.190719
99633ms,99633,139.262,0.190716
99650ms,99650,139.249,0.190678
99666ms,99666,139.251,0.190682
99683ms,99683,139.196,0.190636
99700ms,99700,139.167,0.190602
99716ms,99716,139.166,0.190608
99733ms,99733,139.166,0.190607
99750ms,99750,139.165,0.190608
99766ms,99766,139.165,0.190608
99783ms,99783,139.194,0.190636
99800ms,99800,139.194,0.190647
99816ms,99816,139.194,0.190648
99833ms,99833,139.164,0.190620
99850ms,99850,139.165,0.190621
99866ms,99866,139.163,0.190596
99883ms,99883,139.162,0.190575
99900ms,99900,139.162,0.190569
99916ms,99916,139.174,0.190891
99933ms,99933,139.343,0.191454
99950ms,99950,139.383,0.190360
99966ms,99966,139.430,0.190379
99983ms,99983,139.094,0.190859
100000ms,100000,139.151,0.190687
100016ms,100016,138.707,0.189908
100033ms,100033,138.769,0.189671
100083ms,100083,137.655,0.188029
100100ms,100100,137.655,0.188029
100116ms,100116,137.156,0.187061
100133ms,100133,137.156,0.187061
100183ms,100183,136.857,0.186214
100200ms,100200,136.857,0.186214
100216ms,100216,136.857,0.186214
100233ms,100233,136.616,0.186874
100250ms,100250,136.627,0.186247
100266ms,100266,136.627,0.186247
100283ms,100283,136.433,0.182843
100300ms,100300,136.433,0.182843
100316ms,100316,136.433,0.182843
100333ms,100333,136.433,0.182843
100783ms,100783,137.081,0.186141
100800ms,100800,137.081,0.186141
100816ms,100816,138.162,0.192259
100833ms,100833,138.193,0.192177
100850ms,100850,137.626,0.187334
100866ms,100866,137.626,0.187334
100883ms,100883,138.429,0.188475
100900ms,100900,138.426,0.188454
100916ms,100916,138.063,0.188922
100933ms,100933,138.063,0.188923
100950ms,100950,138.063,0.188923
101000ms,101000,138.708,0.189125
101016ms,101016,138.710,0.189133
101033ms,101033,138.831,0.190016
101050ms,101050,139.056,0.190650
101066ms,101066,139.056,0.190650
101083ms,101083,139.145,0.190465
101100ms,101100,139.145,0.190465
101116ms,101116,139.145,0.190465
101133ms,101133,139.145,0.190465
101150ms,101150,139.135,0.190321
101166ms,101166,139.135,0.190320
101183ms,101183,139.111,0.190486
101200ms,101200,139.111,0.190492
101216ms,101216,139.134,0.190353
101233ms,101233,139.179,0.190268
101250ms,101250,139.180,0.190267
101266ms,101266,139.181,0.190265
101283ms,101283,139.221,0.190358
101300ms,101300,139.221,0.190358
101316ms,101316,139.221,0.190359
101333ms,101333,139.221,0.190360
101350ms,101350,139.197,0.190523
101366ms,101366,139.197,0.190532
101383ms,101383,139.197,0.190528
101400ms,101400,139.215,0.190261
101416ms,101416,139.145,0.190210
101433ms,101433,139.162,0.190087
101450ms,101450,139.120,0.190782
101466ms,101466,139.120,0.190782
101483ms,101483,138.604,0.190088
101500ms,101500,138.798,0.190033
101583ms,101583,137.170,0.188340
101600ms,101600,137.170,0.188340
101616ms,101616,136.909,0.186813
101633ms,101633,136.909,0.186813
101650ms,101650,136.886,0.186311
101666ms,101666,136.886,0.186311
101683ms,101683,136.485,0.186792
101700ms,101700,136.475,0.187295
101716ms,101716,136.475,0.187295
101733ms,101733,136.603,0.185991
101750ms,101750,136.603,0.185991
101766ms,101766,136.423,0.183757
101783ms,101783,136.424,0.183709
102250ms,102250,137.118,0.186884
102266ms,102266,137.133,0.186309
102316ms,102316,137.400,0.188211
102333ms,102333,137.387,0.188222
102350ms,102350,138.379,0.189201
102366ms,102366,138.390,0.189000
102383ms,102383,138.087,0.189259
102400ms,102400,138.087,0.189259
102416ms,102416,138.432,0.189564
102500ms,102500,138.860,0.190751
102516ms,102516,138.860,0.190751
102533ms,102533,139.108,0.190692
102550ms,102550,139.108,0.190692
102566ms,102566,139.337,0.190585
102583ms,102583,139.337,0.190585
102600ms,102600,139.348,0.190655
102616ms,102616,139.331,0.190666
102633ms,102633,139.335,0.190669
102649ms,102649,139.336,0.190668
102666ms,102666,139.353,0.190674
102683ms,102683,139.353,0.190696
102700ms,102700,139.353,0.190696
102716ms,102716,139.353,0.190696
102733ms,102733,139.352,0.190693
102750ms,102750,139.384,0.190658
102766ms,102766,139.383,0.190661
102783ms,102783,139.383,0.190669
102800ms,102800,139.383,0.190662
102816ms,102816,139.383,0.190660
102833ms,102833,139.383,0.190660
102850ms,102850,139.383,0.190660
102866ms,102866,139.398,0.191235
102883ms,102883,139.398,0.191234
102899ms,102899,139.547,0.191597
102916ms,102916,139.547,0.191598
102933ms,102933,139.429,0.191754
102950ms,102950,139.324,0.190642
103000ms,103000,138.256,0.188902
103016ms,103016,138.373,0.188646
103033ms,103033,137.993,0.187602
103050ms,103050,137.380,0.189032
103066ms,103066,137.378,0.189000
103116ms,103116,136.793,0.186757
103133ms,103133,136.793,0.186757
103149ms,103149,136.569,0.186451
103166ms,103166,136.569,0.186451
103183ms,103183,137.166,0.193450
103200ms,103200,137.166,0.193450
103216ms,103216,137.166,0.193450
103233ms,103233,136.163,0.184559
103250ms,103250,136.163,0.184559
103266ms,103266,136.841,0.189886
103283ms,103283,136.836,0.189917
103733ms,103733,137.060,0.186509
103750ms,103750,137.060,0.186509
103833ms,103833,137.426,0.188242
103850ms,103850,137.903,0.189439
103866ms,103866,137.899,0.189429
103883ms,103883,138.329,0.191107
103899ms,103899,138.329,0.191107
103916ms,103916,138.643,0.190737
103933ms,103933,138.643,0.190737
103950ms,103950,138.746,0.190814
103966ms,103966,138.746,0.190814
103983ms,103983,138.746,0.190814
104000ms,104000,138.949,0.190732
104016ms,104016,138.971,0.190745
104033ms,104033,139.338,0.191152
104050ms,104050,139.338,0.191152
104066ms,104066,139.398,0.190809
104083ms,104083,139.398,0.190809
104100ms,104100,139.398,0.190809
104116ms,104116,139.398,0.190809
104133ms,104133,139.398,0.190809
104149ms,104149,139.398,0.190809
104166ms,104166,139.434,0.191026
104183ms,104183,139.434,0.191028
104200ms,104200,139.433,0.191032
104216ms,104216,139.433,0.191032
104233ms,104233,139.433,0.191035
104250ms,104250,139.432,0.191035
104266ms,104266,139.432,0.191035
104283ms,104283,139.432,0.191033
104300ms,104300,139.432,0.191033
104316ms,104316,139.433,0.191046
104333ms,104333,139.415,0.191059
104350ms,104350,139.413,0.191058
104366ms,104366,139.490,0.191519
104383ms,104383,139.495,0.191530
104399ms,104399,139.359,0.190955
104416ms,104416,139.452,0.191444
104433ms,104433,139.183,0.190939
104450ms,104450,139.183,0.190939
104466ms,104466,138.333,0.189856
104483ms,104483,138.403,0.189978
104500ms,104500,138.052,0.188862
104516ms,104516,138.044,0.188750
104533ms,104533,137.426,0.188824
104550ms,104550,137.427,0.188746
104566ms,104566,137.510,0.193178
104583ms,104583,137.509,0.193156
104600ms,104600,136.679,0.187180
104616ms,104616,136.631,0.187038
104633ms,104633,136.471,0.186881
104649ms,104649,136.451,0.185550
104666ms,104666,136.451,0.185550
104683ms,104683,136.412,0.184180
104700ms,104700,136.412,0.184180
104716ms,104716,136.300,0.184421
104733ms,104733,136.300,0.184421
104750ms,104750,136.300,0.184421
105200ms,105200,137.128,0.187008
105216ms,105216,137.110,0.186920
105233ms,105233,138.053,0.191392
105250ms,105250,138.059,0.191323
105266ms,105266,137.500,0.187619
105283ms,105283,137.509,0.187562
105300ms,105300,137.489,0.188150
105316ms,105316,137.489,0.188145
105366ms,105366,139.046,0.190155
105383ms,105383,139.046,0.190155
105399ms,105399,138.797,0.190272
105416ms,105416,138.790,0.190270
105433ms,105433,138.724,0.190935
105450ms,105450,139.623,0.194397
105466ms,105466,139.623,0.194397
105483ms,105483,139.219,0.190517
105500ms,105500,139.219,0.190517
105516ms,105516,139.197,0.190715
105533ms,105533,139.461,0.191224
105550ms,105550,139.461,0.191218
105566ms,105566,139.463,0.191220
105583ms,105583,139.448,0.191689
105600ms,105600,139.512,0.191209
105616ms,105616,139.513,0.191210
105633ms,105633,139.513,0.191215
105649ms,105649,139.511,0.191225
105666ms,105666,139.510,0.191232
105683ms,105683,139.510,0.191238
105700ms,105700,139.511,0.191239
105716ms,105716,139.511,0.191238
105733ms,105733,139.511,0.191239
105750ms,105750,139.511,0.191238
105766ms,105766,139.510,0.191239
105783ms,105783,139.511,0.191237
105800ms,105800,139.511,0.191237
105816ms,105816,139.511,0.191237
105833ms,105833,139.511,0.191237
105850ms,105850,139.580,0.191039
105866ms,105866,139.606,0.190602
105883ms,105883,139.608,0.190581
105899ms,105899,139.157,0.190904
105916ms,105916,139.157,0.190904
105933ms,105933,138.553,0.189718
105950ms,105950,138.553,0.189718
105966ms,105966,138.206,0.188564
105983ms,105983,138.206,0.188564
106033ms,106033,137.863,0.193391
106050ms,106050,137.862,0.193350
106066ms,106066,136.695,0.185816
106083ms,106083,136.661,0.186033
106100ms,106100,137.411,0.195891
106116ms,106116,137.411,0.195891
106133ms,106133,136.500,0.186074
106149ms,106149,136.500,0.186075
106166ms,106166,136.464,0.184137
106183ms,106183,136.464,0.184137
106233ms,106233,137.006,0.200129
106250ms,106250,137.005,0.200102
106700ms,106700,137.749,0.195062
106716ms,106716,137.746,0.194984
106766ms,106766,137.551,0.187849
106783ms,106783,137.539,0.187777
106800ms,106800,137.760,0.191077
106816ms,106816,137.792,0.190963
106833ms,106833,138.218,0.189081
106850ms,106850,138.218,0.189081
106866ms,106866,138.827,0.189458
106883ms,106883,138.827,0.189458
106899ms,106899,138.731,0.190952
106916ms,106916,138.732,0.190954
106933ms,106933,139.068,0.191255
106950ms,106950,138.968,0.190370
106966ms,106966,139.317,0.190571
106983ms,106983,139.458,0.190468
107000ms,107000,139.407,0.190434
107016ms,107016,139.416,0.190461
107033ms,107033,139.432,0.190602
107050ms,107050,139.432,0.190607
107066ms,107066,139.433,0.190607
107083ms,107083,139.431,0.190603
107100ms,107100,139.431,0.190606
107116ms,107116,139.431,0.190609
107133ms,107133,139.433,0.190626
107149ms,107149,139.452,0.190709
107166ms,107166,139.404,0.190803
107183ms,107183,139.404,0.190804
107200ms,107200,139.403,0.190802
107216ms,107216,139.403,0.190803
107233ms,107233,139.403,0.190798
107250ms,107250,139.404,0.190791
107266ms,107266,139.438,0.190907
107283ms,107283,139.438,0.190907
107300ms,107300,139.437,0.190885
107316ms,107316,139.480,0.190808
107333ms,107333,139.474,0.190900
107350ms,107350,139.500,0.190710
107366ms,107366,139.226,0.190387
107383ms,107383,139.226,0.190387
107399ms,107399,139.226,0.190387
107416ms,107416,138.534,0.190581
107433ms,107433,138.381,0.188803
107450ms,107450,138.381,0.188803
107500ms,107500,137.710,0.200177
107516ms,107516,137.710,0.200177
107550ms,107550,136.734,0.186311
107566ms,107566,136.660,0.186292
107583ms,107583,136.660,0.186292
107600ms,107600,136.495,0.188108
107616ms,107616,136.492,0.188124
107633ms,107633,136.619,0.186407
107649ms,107649,136.619,0.186407
107700ms,107700,136.467,0.186283
107716ms,107716,136.467,0.186283
107766ms,107766,136.808,0.198953
107783ms,107783,136.808,0.198953
107800ms,107800,136.808,0.198953
108183ms,108183,137.300,0.187831
108200ms,108200,137.257,0.188297
108216ms,108216,138.186,0.194544
108233ms,108233,137.501,0.187629
108250ms,108250,137.499,0.187433
108266ms,108266,138.293,0.188540
108283ms,108283,138.285,0.186603
108300ms,108300,137.916,0.188576
108316ms,108316,137.916,0.188576
108366ms,108366,138.696,0.189450
108383ms,108383,138.800,0.189013
108399ms,108399,138.872,0.191195
108416ms,108416,138.871,0.191197
108433ms,108433,139.155,0.191557
108450ms,108450,139.392,0.192052
108466ms,108466,139.454,0.191213
108483ms,108483,139.410,0.191131
108500ms,108500,139.326,0.190822
108516ms,108516,139.396,0.190798
108533ms,108533,139.396,0.190796
108550ms,108550,139.373,0.190953
108566ms,108566,139.373,0.190966
108583ms,108583,139.376,0.191004
108600ms,108600,139.377,0.191001
108616ms,108616,139.373,0.191054
108633ms,108633,139.372,0.191055
108649ms,108649,139.372,0.191052
108666ms,108666,139.370,0.191051
108683ms,108683,139.370,0.191050
108700ms,108700,139.371,0.191048
108716ms,108716,139.371,0.191046
108733ms,108733,139.371,0.191047
108750ms,108750,139.374,0.191055
108766ms,108766,139.377,0.191069
108783ms,108783,139.378,0.191067
108800ms,108800,139.450,0.190976
108816ms,108816,139.460,0.191100
108833ms,108833,139.484,0.190551
108850ms,108850,139.484,0.190514
108866ms,108866,138.822,0.190090
108883ms,108883,138.822,0.190090
108899ms,108899,138.822,0.190090
108916ms,108916,138.221,0.189633
108933ms,108933,138.221,0.189633
108950ms,108950,137.923,0.188794
108966ms,108966,137.927,0.188801
108983ms,108983,137.372,0.189886
109000ms,109000,137.372,0.189886
109016ms,109016,137.026,0.187330
109033ms,109033,136.869,0.185693
109050ms,109050,136.869,0.185693
109066ms,109066,136.578,0.189078
109083ms,109083,136.578,0.189078
109100ms,109100,136.485,0.184874
109116ms,109116,136.486,0.184877
109133ms,109133,136.416,0.183736
109149ms,109149,136.436,0.183675
109166ms,109166,136.456,0.186448
109183ms,109183,136.456,0.186448
109633ms,109633,137.215,0.187393
109649ms,109649,137.215,0.187411
109666ms,109666,137.215,0.187422
109683ms,109683,138.015,0.192126
109700ms,109700,138.015,0.192126
109716ms,109716,137.656,0.187812
109733ms,109733,137.658,0.187812
109750ms,109750,137.657,0.187736
109766ms,109766,137.657,0.187736
109783ms,109783,137.847,0.188954
109800ms,109800,137.858,0.188989
109833ms,109833,138.619,0.189721
109850ms,109850,138.655,0.189818
109866ms,109866,138.782,0.190723
109883ms,109883,138.831,0.191006
109899ms,109899,138.938,0.190741
109916ms,109916,138.954,0.191051
109933ms,109933,139.221,0.190942
109950ms,109950,139.273,0.190629
109966ms,109966,139.441,0.190761
109983ms,109983,139.425,0.190749
110000ms,110000,139.385,0.190490
110016ms,110016,139.385,0.190488
110033ms,110033,139.384,0.190488
110050ms,110050,139.386,0.190503
110066ms,110066,139.385,0.190505
110083ms,110083,139.385,0.190521
110100ms,110100,139.384,0.190517
110116ms,110116,139.402,0.190735
110133ms,110133,139.402,0.190744
110149ms,110149,139.403,0.190749
110166ms,110166,139.403,0.190749
110183ms,110183,139.403,0.190746
110200ms,110200,139.404,0.190735
110216ms,110216,139.404,0.190726
110233ms,110233,139.406,0.190710
110250ms,110250,139.390,0.190861
110266ms,110266,139.526,0.191631
110283ms,110283,139.515,0.191655
110300ms,110300,139.493,0.191568
110316ms,110316,139.495,0.191450
110333ms,110333,139.154,0.191119
110350ms,110350,139.154,0.191119
110366ms,110366,138.270,0.190122
110383ms,110383,138.278,0.190124
110399ms,110399,138.123,0.189222
110416ms,110416,138.123,0.189222
110433ms,110433,138.123,0.189222
110516ms,110516,136.789,0.185999
110533ms,110533,136.786,0.186090
110550ms,110550,137.342,0.197784
110566ms,110566,137.342,0.197784
110583ms,110583,136.603,0.187270
110600ms,110600,136.596,0.187995
110616ms,110616,136.335,0.184036
110633ms,110633,136.337,0.184036
110649ms,110649,136.337,0.184036
111149ms,111149,138.146,0.193884
111166ms,111166,137.499,0.187832
111183ms,111183,137.501,0.187809
111200ms,111200,137.501,0.187814
111216ms,111216,137.443,0.188106
111233ms,111233,137.444,0.188103
111250ms,111250,138.368,0.191310
111266ms,111266,138.402,0.189239
111283ms,111283,138.217,0.189205
111300ms,111300,138.217,0.189205
111316ms,111316,138.585,0.189197
111333ms,111333,138.585,0.189198
111350ms,111350,138.773,0.190066
111366ms,111366,138.775,0.190070
111383ms,111383,138.986,0.191209
111399ms,111399,138.964,0.191619
111416ms,111416,139.172,0.191137
111433ms,111433,139.339,0.191304
111450ms,111450,139.391,0.191301
111466ms,111466,139.336,0.191226
111483ms,111483,139.310,0.190976
111500ms,111500,139.312,0.191595
111516ms,111516,139.311,0.191592
111533ms,111533,139.311,0.191616
111550ms,111550,139.311,0.191619
111566ms,111566,139.309,0.191617
111583ms,111583,139.307,0.191619
111600ms,111600,139.307,0.191618
111616ms,111616,139.306,0.191633
111633ms,111633,139.305,0.191604
111649ms,111649,139.305,0.191605
111666ms,111666,139.305,0.191605
111683ms,111683,139.305,0.191606
111700ms,111700,139.305,0.191605
111716ms,111716,139.306,0.191606
111733ms,111733,139.306,0.191606
111750ms,111750,139.306,0.191622
111766ms,111766,139.308,0.191625
111783ms,111783,139.337,0.191528
111800ms,111800,139.339,0.191542
111816ms,111816,139.204,0.190967
111833ms,111833,138.595,0.189930
111850ms,111850,138.627,0.189803
111866ms,111866,138.391,0.189510
111883ms,111883,138.391,0.189510
111950ms,111950,137.369,0.190196
111966ms,111966,137.367,0.190173
111983ms,111983,136.874,0.186413
112000ms,112000,136.884,0.186440
112016ms,112016,136.979,0.185483
112033ms,112033,136.979,0.185483
112050ms,112050,136.514,0.186268
112066ms,112066,136.514,0.186268
112083ms,112083,136.547,0.185766
112100ms,112100,136.547,0.185766
112116ms,112116,136.417,0.184292
112133ms,112133,136.416,0.184291
112149ms,112149,136.420,0.186358
112166ms,112166,136.420,0.186358
112633ms,112633,137.538,0.187716
112649ms,112649,137.539,0.187717
112666ms,112666,137.539,0.187717
112683ms,112683,137.539,0.187717
112700ms,112700,137.539,0.187717
112783ms,112783,138.352,0.188783
112800ms,112800,138.349,0.188781
112816ms,112816,138.581,0.189609
112833ms,112833,138.581,0.189609
112850ms,112850,138.789,0.190902
112866ms,112866,138.828,0.190821
112883ms,112883,139.241,0.191054
112899ms,112899,139.241,0.191054
112916ms,112916,139.258,0.191115
112933ms,112933,139.333,0.191131
113050ms,113050,139.366,0.190849
113066ms,113066,139.364,0.190854
113083ms,113083,139.361,0.190867
113100ms,113100,139.361,0.190866
113116ms,113116,139.360,0.190873
113133ms,113133,139.360,0.190875
113149ms,113149,139.361,0.190880
113166ms,113166,139.361,0.190880
113183ms,113183,139.363,0.190882
113200ms,113200,139.362,0.190883
113216ms,113216,139.364,0.190886
113233ms,113233,139.364,0.190886
113250ms,113250,139.334,0.191466
113266ms,113266,139.334,0.191466
113283ms,113283,139.325,0.191173
113300ms,113300,139.311,0.191426
113316ms,113316,138.877,0.190306
113333ms,113333,138.877,0.190306
113383ms,113383,138.080,0.187994
113399ms,113399,138.091,0.187991
113433ms,113433,137.526,0.192987
113450ms,113450,137.539,0.193225
113466ms,113466,137.526,0.192998
113483ms,113483,136.796,0.185384
113500ms,113500,136.796,0.185384
113516ms,113516,136.434,0.186842
113533ms,113533,136.492,0.186528
113583ms,113583,136.380,0.183989
113600ms,113600,136.380,0.183936
114116ms,114116,137.256,0.188027
114133ms,114133,137.291,0.188055
114183ms,114183,137.536,0.187785
114200ms,114200,137.536,0.187785
114216ms,114216,137.536,0.187785
114233ms,114233,137.876,0.190111
114250ms,114250,138.315,0.190736
114266ms,114266,138.287,0.190441
114300ms,114300,138.883,0.190361
114316ms,114316,138.917,0.191579
114333ms,114333,138.882,0.191477
114350ms,114350,139.038,0.190589
114366ms,114366,139.038,0.190586
114383ms,114383,139.470,0.190851
114399ms,114399,139.509,0.190926
114416ms,114416,139.552,0.190796
114433ms,114433,139.593,0.190830
114450ms,114450,139.593,0.190841
114466ms,114466,139.592,0.190841
114483ms,114483,139.592,0.190841
114500ms,114500,139.591,0.190824
114516ms,114516,139.555,0.190851
114533ms,114533,139.555,0.190851
114550ms,114550,139.555,0.190852
114566ms,114566,139.555,0.190851
114583ms,114583,139.555,0.190850
114600ms,114600,139.555,0.190850
114616ms,114616,139.554,0.190854
114633ms,114633,139.554,0.190854
114649ms,114649,139.554,0.190852
114666ms,114666,139.554,0.190852
114683ms,114683,139.555,0.190850
114700ms,114700,139.616,0.191025
114716ms,114716,139.609,0.191059
114733ms,114733,139.612,0.191068
114750ms,114750,139.566,0.191316
114766ms,114766,139.566,0.191315
114783ms,114783,139.053,0.191547
114800ms,114800,139.053,0.191547
114816ms,114816,138.503,0.190216
114833ms,114833,138.503,0.190216
114850ms,114850,138.165,0.189440
114866ms,114866,138.175,0.189448
114916ms,114916,137.179,0.188381
114933ms,114933,137.181,0.188393
114950ms,114950,136.675,0.186746
114966ms,114966,136.675,0.186746
114983ms,114983,136.675,0.186746
115016ms,115016,136.548,0.185570
115033ms,115033,136.548,0.185570
115050ms,115050,136.586,0.186349
115066ms,115066,136.587,0.186388
115083ms,115083,136.037,0.184359
115100ms,115100,136.037,0.184359
115649ms,115649,137.556,0.187862
115666ms,115666,137.618,0.187564
115683ms,115683,138.387,0.193046
115700ms,115700,138.377,0.194076
115716ms,115716,138.040,0.188815
115733ms,115733,138.040,0.188815
115750ms,115750,138.040,0.188815
115766ms,115766,138.409,0.188864
115783ms,115783,138.642,0.189451
115800ms,115800,138.870,0.190945
115816ms,115816,138.822,0.190987
115833ms,115833,138.822,0.190987
115850ms,115850,139.227,0.190945
115866ms,115866,139.312,0.190979
115883ms,115883,139.316,0.190657
115899ms,115899,139.325,0.190894
115916ms,115916,139.339,0.190508
115933ms,115933,139.361,0.190566
115950ms,115950,139.377,0.190550
115966ms,115966,139.374,0.190586
115983ms,115983,139.342,0.190961
116000ms,116000,139.342,0.190959
116016ms,116016,139.342,0.190961
116033ms,116033,139.343,0.190952
116050ms,116050,139.345,0.190950
116066ms,116066,139.345,0.190952
116083ms,116083,139.345,0.190952
116100ms,116100,139.346,0.190904
116116ms,116116,139.346,0.190905
116133ms,116133,139.346,0.190860
116149ms,116149,139.346,0.190859
116166ms,116166,139.394,0.190851
116183ms,116183,139.394,0.190882
116200ms,116200,139.469,0.191413
116216ms,116216,139.467,0.191300
116233ms,116233,139.467,0.191298
116250ms,116250,139.145,0.191044
116266ms,116266,139.213,0.190785
116283ms,116283,138.560,0.190606
116300ms,116300,138.556,0.190320
116316ms,116316,138.361,0.188238
116333ms,116333,138.380,0.188184
116350ms,116350,137.713,0.188400
116366ms,116366,137.718,0.188383
116383ms,116383,137.329,0.189604
116399ms,116399,137.476,0.189399
116416ms,116416,136.947,0.186996
116433ms,116433,136.947,0.186994
116450ms,116450,136.777,0.186121
116466ms,116466,136.731,0.186444
116483ms,116483,136.428,0.186338
116500ms,116500,136.428,0.186338
116516ms,116516,136.428,0.186338
116566ms,116566,136.382,0.183954
116583ms,116583,136.378,0.183940
116600ms,116600,136.378,0.183939
117083ms,117083,137.385,0.187584
117100ms,117100,137.337,0.187382
117116ms,117116,137.627,0.187908
117133ms,117133,137.627,0.187908
117149ms,117149,137.630,0.187670
117166ms,117166,137.624,0.187703
117233ms,117233,138.429,0.188689
117250ms,117250,138.429,0.188677
117266ms,117266,138.645,0.191114
117283ms,117283,138.647,0.191111
117300ms,117300,138.784,0.190909
117316ms,117316,138.716,0.191036
117333ms,117333,139.009,0.191009
117350ms,117350,138.998,0.191178
117366ms,117366,139.257,0.191956
117383ms,117383,139.390,0.191475
117399ms,117399,139.412,0.190812
117416ms,117416,139.526,0.191302
117433ms,117433,139.526,0.191319
117450ms,117450,139.552,0.190927
117466ms,117466,139.552,0.190932
117483ms,117483,139.523,0.191321
117500ms,117500,139.523,0.191317
117516ms,117516,139.523,0.191316
117533ms,117533,139.523,0.191318
117550ms,117550,139.537,0.191762
117566ms,117566,139.538,0.191754
117583ms,117583,139.537,0.191749
117600ms,117600,139.538,0.191751
117616ms,117616,139.541,0.191781
117633ms,117633,139.541,0.191781
117649ms,117649,139.541,0.191782
117666ms,117666,139.541,0.191782
117683ms,117683,139.531,0.191335
117700ms,117700,139.504,0.191142
117716ms,117716,139.504,0.191142
117733ms,117733,139.275,0.191377
117750ms,117750,139.279,0.191334
117766ms,117766,139.636,0.192844
117783ms,117783,139.636,0.192844
117800ms,117800,138.225,0.188961
117816ms,117816,138.002,0.188140
117833ms,117833,138.005,0.188137
117883ms,117883,137.006,0.186834
117899ms,117899,137.007,0.186835
117916ms,117916,136.804,0.185153
117933ms,117933,136.804,0.185155
117950ms,117950,136.690,0.187268
117966ms,117966,136.665,0.187501
117983ms,117983,137.083,0.194125
118000ms,118000,137.083,0.194125
118016ms,118016,137.082,0.194132
118033ms,118033,136.374,0.183307
118050ms,118050,136.375,0.183307
118066ms,118066,136.265,0.184941
118083ms,118083,136.265,0.184941
118600ms,118600,137.648,0.187445
118616ms,118616,137.472,0.189307
118633ms,118633,137.472,0.189309
118649ms,118649,138.359,0.190377
118666ms,118666,138.359,0.190377
118716ms,118716,138.734,0.190336
118733ms,118733,138.734,0.190336
118750ms,118750,138.763,0.191205
118766ms,118766,138.763,0.191205
118783ms,118783,138.727,0.191127
118800ms,118800,139.016,0.191484
118816ms,118816,139.018,0.191515
118833ms,118833,139.239,0.190898
118850ms,118850,139.359,0.191099
118866ms,118866,139.439,0.191176
118883ms,118883,139.388,0.191306
118899ms,118899,139.408,0.191425
118916ms,118916,139.407,0.191420
118933ms,118933,139.406,0.191418
118950ms,118950,139.425,0.191762
118966ms,118966,139.426,0.191761
118983ms,118983,139.426,0.191757
119000ms,119000,139.425,0.191759
119016ms,119016,139.535,0.192388
119033ms,119033,139.534,0.192386
119050ms,119050,139.533,0.192388
119066ms,119066,139.533,0.192386
119083ms,119083,139.533,0.192393
119100ms,119100,139.533,0.192399
119116ms,119116,139.501,0.192674
119133ms,119133,139.501,0.192679
119149ms,119149,139.501,0.192698
119166ms,119166,139.443,0.192500
119183ms,119183,139.439,0.192504
119200ms,119200,139.442,0.192325
119216ms,119216,139.429,0.192080
119233ms,119233,139.039,0.191978
119250ms,119250,139.039,0.191978
119266ms,119266,139.274,0.193851
119283ms,119283,139.274,0.193851
119300ms,119300,138.191,0.189848
119316ms,119316,138.235,0.190041
119333ms,119333,137.989,0.197496
119350ms,119350,137.989,0.197496
119366ms,119366,137.753,0.192918
119383ms,119383,137.757,0.192780
119399ms,119399,136.929,0.186342
119416ms,119416,136.635,0.186860
119433ms,119433,136.659,0.186998
119450ms,119450,136.713,0.186856
119466ms,119466,136.713,0.186856
119483ms,119483,136.417,0.184432
119500ms,119500,136.417,0.184432
119516ms,119516,136.417,0.184432
119533ms,119533,136.369,0.183483
119550ms,119550,136.422,0.183610
120033ms,120033,137.198,0.187522
120050ms,120050,137.198,0.187520
120100ms,120100,137.556,0.187717
120116ms,120116,137.558,0.187718
120133ms,120133,137.683,0.188868
120149ms,120149,137.683,0.188868
120166ms,120166,137.683,0.188868
120183ms,120183,137.683,0.188868
120200ms,120200,138.274,0.188045
120250ms,120250,139.005,0.191108
120266ms,120266,139.004,0.191108
120283ms,120283,139.005,0.191108
120300ms,120300,139.201,0.190888
120316ms,120316,139.220,0.191005
120366ms,120366,139.326,0.190766
120383ms,120383,139.326,0.190769
120399ms,120399,139.326,0.190770
120416ms,120416,139.326,0.190770
120433ms,120433,139.349,0.190797
120450ms,120450,139.349,0.190797
120466ms,120466,139.351,0.190769
120483ms,120483,139.352,0.190768
120500ms,120500,139.367,0.190821
120516ms,120516,139.324,0.190730
120533ms,120533,139.322,0.190736
120550ms,120550,139.321,0.190738
120566ms,120566,139.441,0.191256
120583ms,120583,139.460,0.191723
120600ms,120600,139.461,0.191739
120616ms,120616,139.481,0.191245
120633ms,120633,139.478,0.191282
120649ms,120649,139.451,0.191562
120666ms,120666,139.503,0.191663
120683ms,120683,139.503,0.191664
120700ms,120700,139.307,0.191560
120716ms,120716,139.157,0.191318
120733ms,120733,138.555,0.190424
120750ms,120750,138.555,0.190424
120766ms,120766,138.409,0.189097
120783ms,120783,138.409,0.189097
120833ms,120833,137.428,0.190356
120850ms,120850,137.428,0.190356
120866ms,120866,136.808,0.186593
120883ms,120883,136.810,0.186579
120899ms,120899,136.810,0.186281
120916ms,120916,136.810,0.186281
120933ms,120933,136.573,0.186356
120950ms,120950,136.573,0.186356
121000ms,121000,136.312,0.184456
121016ms,121016,136.312,0.184456
121500ms,121500,137.123,0.185757
121516ms,121516,137.124,0.185759
121533ms,121533,137.481,0.187586
121550ms,121550,137.413,0.187387
121566ms,121566,137.577,0.187820
121583ms,121583,137.572,0.187815
121633ms,121633,138.118,0.189127
121649ms,121649,138.118,0.189127
121666ms,121666,138.593,0.189229
121683ms,121683,138.552,0.189458
121700ms,121700,138.799,0.191385
121716ms,121716,138.805,0.191406
121733ms,121733,138.921,0.191177
121750ms,121750,138.933,0.190376
121816ms,121816,139.403,0.191560
121833ms,121833,139.676,0.190993
121850ms,121850,139.584,0.191243
121866ms,121866,139.594,0.191361
121883ms,121883,139.593,0.191361
121899ms,121899,139.585,0.191351
121916ms,121916,139.477,0.191160
121933ms,121933,139.509,0.191043
121950ms,121950,139.509,0.191045
121966ms,121966,139.519,0.191054
121983ms,121983,139.518,0.191053
122000ms,122000,139.517,0.191058
122016ms,122016,139.517,0.191058
122033ms,122033,139.517,0.191057
122050ms,122050,139.517,0.191052
122066ms,122066,139.517,0.191048
122083ms,122083,139.516,0.191042
122100ms,122100,139.515,0.191043
122116ms,122116,139.503,0.191038
122133ms,122133,139.505,0.191058
122149ms,122149,139.505,0.191058
122166ms,122166,139.505,0.191058
122183ms,122183,139.457,0.191227
122200ms,122200,139.404,0.190965
122216ms,122216,139.404,0.190964
122233ms,122233,138.160,0.189800
122250ms,122250,138.160,0.189800
122266ms,122266,137.917,0.188036
122283ms,122283,137.918,0.187987
122333ms,122333,137.644,0.191800
122350ms,122350,137.648,0.191427
122366ms,122366,136.784,0.185054
122383ms,122383,136.784,0.185054
122399ms,122399,136.619,0.188024
122416ms,122416,136.619,0.188024
122466ms,122466,136.402,0.184206
122483ms,122483,136.402,0.184199
122500ms,122500,136.762,0.192272
122516ms,122516,136.762,0.192272
122533ms,122533,136.762,0.192272
122666ms,122666,136.808,0.195385
122683ms,122683,136.818,0.196095
123016ms,123016,137.878,0.192283
123033ms,123033,137.520,0.187943
123050ms,123050,137.520,0.188018
123066ms,123066,137.441,0.189060
123083ms,123083,137.432,0.188762
123100ms,123100,137.872,0.189078
123116ms,123116,137.884,0.189069
123149ms,123149,139.071,0.191150
123166ms,123166,138.673,0.189369
123183ms,123183,138.689,0.189171
123200ms,123200,138.832,0.190711
123216ms,123216,138.844,0.190751
123233ms,123233,138.788,0.190833
123250ms,123250,138.815,0.190705
123266ms,123266,139.124,0.191074
123283ms,123283,139.124,0.191074
123300ms,123300,139.124,0.191074
123316ms,123316,139.373,0.191504
123333ms,123333,139.376,0.191502
123350ms,123350,139.400,0.190972
123366ms,123366,139.400,0.190971
123383ms,123383,139.391,0.190970
123399ms,123399,139.393,0.190966
123416ms,123416,139.378,0.190983
123433ms,123433,139.382,0.190977
123450ms,123450,139.382,0.190980
123466ms,123466,139.382,0.190983
123483ms,123483,139.382,0.190983
123500ms,123500,139.382,0.190985
123516ms,123516,139.380,0.190982
123533ms,123533,139.380,0.190979
123550ms,123550,139.381,0.190976
123566ms,123566,139.381,0.190968
123583ms,123583,139.465,0.191157
123600ms,123600,139.405,0.191010
123616ms,123616,139.404,0.191011
123633ms,123633,139.457,0.191070
123649ms,123649,139.453,0.191032
123666ms,123666,139.457,0.190890
123683ms,123683,139.193,0.191049
123700ms,123700,139.169,0.191394
123716ms,123716,138.514,0.190393
123733ms,123733,138.569,0.190294
123750ms,123750,138.167,0.189268
123766ms,123766,138.167,0.189268
123816ms,123816,137.668,0.193321
123833ms,123833,136.708,0.186094
123850ms,123850,136.707,0.186092
123866ms,123866,137.265,0.196967
123883ms,123883,137.261,0.196752
123899ms,123899,136.516,0.185495
123916ms,123916,136.517,0.185494
123933ms,123933,136.481,0.184335
123950ms,123950,136.456,0.184230
124483ms,124483,137.799,0.195952
124500ms,124500,137.799,0.195946
124550ms,124550,137.706,0.187770
124566ms,124566,137.706,0.187770
124583ms,124583,137.747,0.188728
124600ms,124600,137.690,0.188726
124616ms,124616,138.017,0.189109
124633ms,124633,138.491,0.189306
124649ms,124649,138.491,0.189308
124666ms,124666,138.955,0.189821
124683ms,124683,139.023,0.189818
124700ms,124700,138.903,0.190657
124716ms,124716,138.901,0.190657
124733ms,124733,139.070,0.190818
124750ms,124750,139.108,0.191946
124766ms,124766,139.265,0.190793
124783ms,124783,139.278,0.190890
124800ms,124800,139.279,0.190886
124816ms,124816,139.338,0.190554
124833ms,124833,139.339,0.190554
124850ms,124850,139.249,0.190648
124866ms,124866,139.248,0.190649
124883ms,124883,139.248,0.190647
124899ms,124899,139.247,0.190647
124916ms,124916,139.247,0.190650
124933ms,124933,139.247,0.190650
124950ms,124950,139.246,0.190658
124966ms,124966,139.246,0.190658
124983ms,124983,139.246,0.190658
125000ms,125000,139.358,0.191143
125016ms,125016,139.360,0.191147
125033ms,125033,139.360,0.191165
125050ms,125050,139.361,0.191175
125066ms,125066,139.362,0.191194
125083ms,125083,139.354,0.190870
125100ms,125100,139.394,0.190831
125116ms,125116,139.396,0.190831
125133ms,125133,139.233,0.191216
125149ms,125149,139.255,0.190918
125166ms,125166,138.866,0.191186
125183ms,125183,138.866,0.191186
125200ms,125200,138.866,0.191186
125216ms,125216,138.390,0.189625
125233ms,125233,138.326,0.189544
125283ms,125283,137.829,0.197155
125300ms,125300,137.764,0.195816
125350ms,125350,136.890,0.185983
125366ms,125366,136.927,0.186177
125433ms,125433,136.400,0.183997
125450ms,125450,136.400,0.183997
125466ms,125466,136.329,0.183947
125483ms,125483,136.248,0.184878
125533ms,125533,136.396,0.187099
125550ms,125550,136.396,0.187099
125566ms,125566,136.396,0.187099
125983ms,125983,137.979,0.194538
126000ms,126000,137.979,0.194538
126016ms,126016,137.628,0.187674
126033ms,126033,137.628,0.187674
126050ms,126050,137.597,0.188435
126066ms,126066,137.475,0.189647
126083ms,126083,137.769,0.189182
126100ms,126100,137.769,0.189182
126116ms,126116,138.123,0.190272
126133ms,126133,138.123,0.190208
126149ms,126149,138.501,0.189644
126166ms,126166,138.501,0.189644
126183ms,126183,138.786,0.190571
126200ms,126200,138.786,0.190571
126216ms,126216,138.936,0.191037
126233ms,126233,139.256,0.190777
126250ms,126250,139.277,0.190570
126266ms,126266,139.293,0.190611
126283ms,126283,139.297,0.190553
126300ms,126300,139.278,0.190828
126316ms,126316,139.248,0.190999
126333ms,126333,139.249,0.190998
126350ms,126350,139.253,0.190990
126366ms,126366,139.253,0.190990
126383ms,126383,139.258,0.191009
126399ms,126399,139.258,0.191009
126416ms,126416,139.258,0.191014
126433ms,126433,139.258,0.191012
126450ms,126450,139.254,0.191020
126466ms,126466,139.255,0.191020
126483ms,126483,139.255,0.191017
126500ms,126500,139.255,0.191019
126516ms,126516,139.255,0.191017
126533ms,126533,139.255,0.191017
126550ms,126550,139.255,0.191018
126566ms,126566,139.255,0.191018
126583ms,126583,139.209,0.191008
126600ms,126600,139.195,0.191040
126616ms,126616,139.444,0.190086
126633ms,126633,138.929,0.190538
126649ms,126649,138.929,0.190538
126666ms,126666,138.424,0.189387
126683ms,126683,138.424,0.189387
126700ms,126700,138.425,0.189386
126716ms,126716,138.197,0.189886
126733ms,126733,138.197,0.189881
126750ms,126750,138.009,0.199406
126766ms,126766,138.010,0.199416
126816ms,126816,136.891,0.186196
126833ms,126833,136.891,0.186196
126850ms,126850,137.226,0.199307
126866ms,126866,137.223,0.200262
126883ms,126883,136.589,0.185855
126899ms,126899,136.588,0.185855
126916ms,126916,136.400,0.183853
126933ms,126933,136.379,0.184075
126950ms,126950,136.434,0.184443
126966ms,126966,136.433,0.184443
126983ms,126983,136.370,0.185101
127000ms,127000,136.370,0.185097
127033ms,127033,137.068,0.199614
127050ms,127050,137.059,0.200945
127066ms,127066,136.382,0.186639
127083ms,127083,136.472,0.187925
127100ms,127100,136.466,0.188006
127516ms,127516,137.569,0.188627
127533ms,127533,137.569,0.188630
127583ms,127583,138.208,0.189698
127600ms,127600,138.188,0.189565
127616ms,127616,138.347,0.189960
127633ms,127633,138.347,0.189960
127649ms,127649,138.822,0.189868
127666ms,127666,138.839,0.189869
127683ms,127683,138.890,0.190548
127700ms,127700,138.911,0.190401
127716ms,127716,139.212,0.191154
127733ms,127733,139.377,0.190516
127750ms,127750,139.356,0.191260
127766ms,127766,139.302,0.191028
127783ms,127783,139.272,0.191166
127800ms,127800,139.272,0.191165
127816ms,127816,139.269,0.191158
127833ms,127833,139.272,0.191103
127850ms,127850,139.277,0.191085
127866ms,127866,139.278,0.191093
127883ms,127883,139.279,0.191101
127899ms,127899,139.277,0.191121
127916ms,127916,139.276,0.191122
127933ms,127933,139.275,0.191145
127950ms,127950,139.274,0.191163
127966ms,127966,139.274,0.191171
127983ms,127983,139.274,0.191173
128000ms,128000,139.274,0.191177
128016ms,128016,139.274,0.191185
128033ms,128033,139.273,0.191180
128050ms,128050,139.338,0.191587
128066ms,128066,139.337,0.191570
128083ms,128083,139.433,0.191690
128100ms,128100,139.435,0.191689
128116ms,128116,139.334,0.191314
128133ms,128133,139.334,0.191314
128150ms,128150,138.654,0.190058
128166ms,128166,138.654,0.190058
128183ms,128183,138.304,0.189846
128199ms,128199,138.304,0.189843
128250ms,128250,137.913,0.193313
128266ms,128266,137.005,0.187570
128283ms,128283,136.662,0.186218
128300ms,128300,136.662,0.186218
128316ms,128316,136.662,0.186218
128333ms,128333,136.662,0.186218
128350ms,128350,136.499,0.187378
128366ms,128366,136.499,0.187378
128383ms,128383,136.482,0.184730
128400ms,128400,136.484,0.184736
128550ms,128550,136.393,0.186618
128566ms,128566,136.389,0.186532
128916ms,128916,137.525,0.188197
129000ms,129000,137.577,0.188359
129050ms,129050,137.968,0.188453
129066ms,129066,137.968,0.188453
129083ms,129083,138.434,0.189279
129100ms,129100,138.428,0.189261
129116ms,129116,138.765,0.189648
129133ms,129133,138.699,0.189874
129150ms,129150,138.741,0.190329
129166ms,129166,138.705,0.190799
129183ms,129183,139.141,0.191013
129199ms,129199,139.136,0.191020
129216ms,129216,139.343,0.191775
129233ms,129233,139.343,0.191775
129250ms,129250,139.437,0.192237
129266ms,129266,139.438,0.192236
129283ms,129283,139.438,0.192159
129300ms,129300,139.438,0.192151
129316ms,129316,139.468,0.192744
129333ms,129333,139.468,0.192721
129350ms,129350,139.418,0.192175
129366ms,129366,139.417,0.192160
129383ms,129383,139.464,0.192769
129400ms,129400,139.459,0.192864
129416ms,129416,139.457,0.192889
129433ms,129433,139.456,0.192907
129449ms,129449,139.396,0.192638
129466ms,129466,139.395,0.192642
129483ms,129483,139.395,0.192638
129500ms,129500,139.395,0.192638
129516ms,129516,139.285,0.191380
129533ms,129533,139.288,0.191399
129550ms,129550,139.294,0.191408
129566ms,129566,139.295,0.191408
129583ms,129583,139.102,0.190428
129600ms,129600,139.050,0.190923
129616ms,129616,138.665,0.190744
129633ms,129633,138.720,0.190789
129683ms,129683,137.706,0.187499
129699ms,129699,137.706,0.187499
129716ms,129716,137.341,0.189724
129733ms,129733,137.342,0.189717
129750ms,129750,137.352,0.189862
129766ms,129766,136.922,0.186853
129783ms,129783,136.921,0.186853
129800ms,129800,136.973,0.186295
129816ms,129816,136.477,0.186146
129833ms,129833,136.477,0.186146
129850ms,129850,136.639,0.186884
129866ms,129866,136.636,0.186944
129883ms,129883,136.378,0.183858
129900ms,129900,136.378,0.183858
129983ms,129983,136.554,0.187202
130000ms,130000,136.556,0.187398
130383ms,130383,137.189,0.188413
130400ms,130400,137.190,0.188412
130449ms,130449,137.657,0.187639
130466ms,130466,137.664,0.187581
130533ms,130533,138.581,0.190049
130550ms,130550,138.584,0.189845
130566ms,130566,138.330,0.190012
130583ms,130583,138.330,0.190012
130600ms,130600,138.628,0.190512
130616ms,130616,138.782,0.190139
130633ms,130633,138.782,0.190139
130650ms,130650,138.915,0.190607
130666ms,130666,138.944,0.189976
130683ms,130683,139.358,0.190449
130699ms,130699,139.331,0.190359
130716ms,130716,139.344,0.190639
130733ms,130733,139.344,0.190639
130750ms,130750,139.344,0.190639
130766ms,130766,139.436,0.190346
130783ms,130783,139.419,0.190558
130800ms,130800,139.418,0.190555
130816ms,130816,139.376,0.190494
130833ms,130833,139.374,0.190493
130850ms,130850,139.373,0.190404
130866ms,130866,139.373,0.190404
130883ms,130883,139.373,0.190404
130900ms,130900,139.347,0.190173
130916ms,130916,139.347,0.190173
130933ms,130933,139.347,0.190173
130949ms,130949,139.347,0.190173
130966ms,130966,139.348,0.190042
131116ms,131116,138.247,0.189688
131133ms,131133,138.247,0.189688
131150ms,131150,137.955,0.188440
131166ms,131166,137.955,0.188440
131266ms,131266,136.919,0.185851
131283ms,131283,136.919,0.185851
131300ms,131300,136.484,0.187526
131316ms,131316,136.489,0.187498
131333ms,131333,136.544,0.186007
131350ms,131350,136.544,0.186007
131366ms,131366,136.553,0.184779
131383ms,131383,136.505,0.184670
131400ms,131400,136.613,0.185658
131850ms,131850,137.018,0.186082
131866ms,131866,136.986,0.186040
131933ms,131933,137.579,0.187639
131950ms,131950,137.513,0.188721
131966ms,131966,137.512,0.188726
131983ms,131983,138.277,0.193129
132000ms,132000,138.276,0.193117
132016ms,132016,138.275,0.193109
132033ms,132033,137.906,0.188287
132066ms,132066,138.490,0.189476
132083ms,132083,138.490,0.189476
132100ms,132100,138.682,0.190147
132116ms,132116,138.682,0.190147
132133ms,132133,138.816,0.190465
132150ms,132150,138.816,0.190465
132166ms,132166,139.085,0.191596
132183ms,132183,139.091,0.191606
132200ms,132200,139.129,0.190855
132216ms,132216,139.036,0.190777
132233ms,132233,139.092,0.191113
132250ms,132250,139.096,0.191104
132266ms,132266,139.079,0.190720
132283ms,132283,139.079,0.190718
132300ms,132300,139.079,0.190714
132316ms,132316,139.079,0.190698
132333ms,132333,139.079,0.190698
132350ms,132350,139.096,0.191067
132366ms,132366,139.072,0.190986
132383ms,132383,139.072,0.190981
132400ms,132400,139.072,0.190985
132416ms,132416,139.072,0.190984
132433ms,132433,139.092,0.191215
132450ms,132450,139.072,0.190985
132466ms,132466,139.072,0.190983
132483ms,132483,139.072,0.190983
132500ms,132500,139.203,0.191487
132516ms,132516,139.159,0.191412
132533ms,132533,139.188,0.191621
132550ms,132550,139.188,0.191627
132566ms,132566,139.103,0.191392
132583ms,132583,139.132,0.191452
132600ms,132600,138.586,0.190104
132616ms,132616,138.097,0.188611
132633ms,132633,138.097,0.188611
132650ms,132650,137.372,0.189089
132666ms,132666,137.368,0.189083
132683ms,132683,136.797,0.187646
132700ms,132700,136.786,0.187626
132716ms,132716,136.691,0.186455
132733ms,132733,136.691,0.186455
132750ms,132750,137.265,0.196687
132766ms,132766,137.266,0.196692
132783ms,132783,137.266,0.196659
132800ms,132800,136.377,0.185721
132816ms,132816,136.377,0.185721
132833ms,132833,136.388,0.184372
132850ms,132850,136.414,0.184398
132900ms,132900,136.426,0.185270
132916ms,132916,136.439,0.185637
133166ms,133166,136.737,0.197095
133183ms,133183,136.737,0.197095
133200ms,133200,136.340,0.192883
133216ms,133216,136.340,0.192883
133400ms,133400,137.502,0.187968
133416ms,133416,137.629,0.187705
133433ms,133433,137.501,0.188618
133450ms,133450,138.301,0.189498
133466ms,133466,138.301,0.189498
133533ms,133533,138.560,0.189016
133550ms,133550,138.562,0.189024
133566ms,133566,138.700,0.190106
133583ms,133583,138.772,0.190036
133600ms,133600,138.722,0.190705
133616ms,133616,138.754,0.190500
133633ms,133633,139.348,0.191335
133650ms,133650,139.370,0.191843
133666ms,133666,139.271,0.191747
133683ms,133683,139.237,0.191799
133700ms,133700,139.251,0.191642
133716ms,133716,139.252,0.191638
133733ms,133733,139.216,0.191597
133750ms,133750,139.237,0.191424
133766ms,133766,139.213,0.191572
133783ms,133783,139.214,0.191571
133800ms,133800,139.214,0.191566
133816ms,133816,139.214,0.191571
133833ms,133833,139.199,0.191559
133850ms,133850,139.199,0.191559
133866ms,133866,139.199,0.191558
133883ms,133883,139.198,0.191557
133900ms,133900,139.198,0.191556
133916ms,133916,139.198,0.191556
133933ms,133933,139.198,0.191555
133950ms,133950,139.200,0.191556
133966ms,133966,139.232,0.191565
133983ms,133983,139.229,0.191569
134000ms,134000,139.496,0.193040
134016ms,134016,139.497,0.193038
134033ms,134033,139.100,0.191967
134050ms,134050,139.100,0.191967
134066ms,134066,139.356,0.196631
134083ms,134083,139.354,0.196525
134166ms,134166,137.341,0.189670
134183ms,134183,137.340,0.189622
134250ms,134250,136.517,0.185917
134266ms,134266,136.517,0.185917
134283ms,134283,136.517,0.185917
134333ms,134333,136.444,0.184500
134350ms,134350,136.444,0.184500
134366ms,134366,136.444,0.184500
134383ms,134383,136.444,0.184500
134433ms,134433,136.504,0.189042
134450ms,134450,136.509,0.189213
134466ms,134466,136.441,0.187525
134483ms,134483,136.441,0.187515
134833ms,134833,137.160,0.186725
134850ms,134850,137.119,0.186885
134900ms,134900,137.630,0.188452
134916ms,134916,137.579,0.188627
134933ms,134933,137.496,0.188627
134950ms,134950,137.498,0.188596
134966ms,134966,137.858,0.187391
134983ms,134983,137.860,0.187353
135000ms,135000,138.115,0.189428
135016ms,135016,138.893,0.190011
135033ms,135033,138.893,0.190011
135050ms,135050,138.829,0.190175
135066ms,135066,138.930,0.190666
135083ms,135083,138.891,0.190849
135100ms,135100,139.117,0.190889
135116ms,135116,139.129,0.190802
135133ms,135133,139.444,0.191249
135150ms,135150,139.424,0.190880
135166ms,135166,139.301,0.190697
135183ms,135183,139.301,0.190696
135200ms,135200,139.301,0.190697
135216ms,135216,139.287,0.190674
135233ms,135233,139.287,0.190666
135250ms,135250,139.286,0.190662
135266ms,135266,139.351,0.190462
135283ms,135283,139.336,0.190506
135300ms,135300,139.316,0.190732
135316ms,135316,139.324,0.190838
135333ms,135333,139.320,0.190853
135350ms,135350,139.321,0.190852
135366ms,135366,139.336,0.190616
135383ms,135383,139.337,0.190617
135400ms,135400,139.339,0.190613
135416ms,135416,139.338,0.190609
135433ms,135433,139.325,0.190814
135450ms,135450,139.326,0.190820
135466ms,135466,139.344,0.190558
135483ms,135483,139.361,0.190547
135500ms,135500,139.438,0.190210
135516ms,135516,139.512,0.189945
135533ms,135533,138.977,0.190254
135550ms,135550,138.977,0.190254
135700ms,135700,136.846,0.187651
135716ms,135716,136.883,0.187918
135733ms,135733,136.508,0.186281
135750ms,135750,136.508,0.186281
135800ms,135800,136.357,0.183916
135816ms,135816,136.357,0.183909
135833ms,135833,136.446,0.184774
135850ms,135850,136.446,0.184774
135900ms,135900,136.423,0.187701
135916ms,135916,136.423,0.187708
135933ms,135933,136.416,0.187538
135950ms,135950,136.416,0.187538
136250ms,136250,136.810,0.185625
136366ms,136366,137.637,0.188061
136383ms,136383,137.637,0.188061
136400ms,136400,137.637,0.188061
136416ms,136416,137.637,0.188061
136500ms,136500,138.590,0.189219
136516ms,136516,138.558,0.189372
136533ms,136533,138.782,0.190994
136550ms,136550,138.782,0.190994
136566ms,136566,138.782,0.190994
136583ms,136583,138.991,0.191892
136600ms,136600,139.305,0.191593
136616ms,136616,139.345,0.191386
136633ms,136633,139.372,0.191526
136650ms,136650,139.372,0.191477
136666ms,136666,139.373,0.191419
136683ms,136683,139.370,0.191412
136700ms,136700,139.383,0.191375
136716ms,136716,139.383,0.191374
136733ms,136733,139.378,0.191369
136750ms,136750,139.377,0.191363
136766ms,136766,139.376,0.191362
136783ms,136783,139.376,0.191362
136800ms,136800,139.375,0.191355
136816ms,136816,139.374,0.191349
136833ms,136833,139.350,0.191596
136850ms,136850,139.351,0.191583
136866ms,136866,139.351,0.191587
136883ms,136883,139.351,0.191587
136900ms,136900,139.350,0.191597
136916ms,136916,139.350,0.191597
136933ms,136933,139.350,0.191597
136950ms,136950,139.347,0.191568
136966ms,136966,139.344,0.191527
136983ms,136983,139.419,0.191183
137000ms,137000,139.024,0.190472
137016ms,137016,139.024,0.190472
137033ms,137033,138.764,0.191176
137050ms,137050,138.764,0.191176
137066ms,137066,138.247,0.189276
137083ms,137083,138.233,0.189241
137100ms,137100,138.060,0.196706
137116ms,137116,138.061,0.196676
137133ms,137133,137.210,0.187508
137150ms,137150,137.204,0.187559
137166ms,137166,136.803,0.187060
137183ms,137183,136.699,0.186470
137200ms,137200,136.601,0.187415
137216ms,137216,136.600,0.187414
137233ms,137233,136.540,0.186075
137250ms,137250,136.550,0.186048
137266ms,137266,136.447,0.184488
137283ms,137283,136.447,0.184488
137300ms,137300,136.134,0.183985
137316ms,137316,136.134,0.183985
137333ms,137333,136.134,0.183985
137900ms,137900,138.427,0.190153
137916ms,137916,138.430,0.190054
137966ms,137966,138.571,0.190802
137983ms,137983,138.569,0.190804
138000ms,138000,138.752,0.190667
138016ms,138016,138.751,0.190666
138033ms,138033,138.860,0.190975
138050ms,138050,138.870,0.190762
138066ms,138066,139.135,0.190958
138083ms,138083,139.200,0.191044
138100ms,138100,139.195,0.191061
138116ms,138116,139.184,0.191277
138133ms,138133,139.184,0.191277
138150ms,138150,139.353,0.191107
138166ms,138166,139.348,0.191136
138183ms,138183,139.347,0.191135
138200ms,138200,139.346,0.191131
138216ms,138216,139.301,0.190987
138233ms,138233,139.318,0.191308
138250ms,138250,139.318,0.191305
138266ms,138266,139.318,0.191300
138283ms,138283,139.333,0.191249
138300ms,138300,139.202,0.191221
138316ms,138316,139.202,0.191222
138333ms,138333,139.202,0.191220
138350ms,138350,139.203,0.191214
138366ms,138366,139.206,0.191209
138383ms,138383,139.206,0.191210
138400ms,138400,139.136,0.190686
138416ms,138416,139.148,0.190741
138483ms,138483,139.341,0.191257
138500ms,138500,139.037,0.190989
138516ms,138516,138.616,0.190536
138533ms,138533,138.689,0.190371
138550ms,138550,138.287,0.188952
138566ms,138566,138.347,0.188786
138633ms,138633,136.731,0.185997
138650ms,138650,136.713,0.186028
138666ms,138666,136.767,0.185511
138683ms,138683,136.767,0.185511
138700ms,138700,136.523,0.186489
138716ms,138716,136.523,0.186489
138800ms,138800,136.514,0.184811
138816ms,138816,136.514,0.184811
138833ms,138833,136.514,0.184812
138883ms,138883,136.455,0.186801
138900ms,138900,136.456,0.186790
139133ms,139133,136.632,0.193561
139150ms,139150,136.639,0.193823
139350ms,139350,137.680,0.187999
139366ms,139366,137.432,0.188171
139383ms,139383,137.524,0.188338
139400ms,139400,137.969,0.188656
139416ms,139416,137.964,0.188553
139433ms,139433,138.244,0.189996
139450ms,139450,138.244,0.189996
139466ms,139466,138.567,0.189508
139483ms,139483,138.567,0.189508
139500ms,139500,138.567,0.189508
139516ms,139516,138.567,0.189508
139533ms,139533,139.023,0.191302
139550ms,139550,139.023,0.191302
139566ms,139566,139.278,0.191302
139583ms,139583,139.278,0.191302
139600ms,139600,139.264,0.191352
139616ms,139616,139.177,0.191277
139633ms,139633,139.177,0.191276
139650ms,139650,139.177,0.191277
139666ms,139666,139.230,0.191306
139683ms,139683,139.294,0.191230
139700ms,139700,139.294,0.191232
139716ms,139716,139.339,0.191267
139733ms,139733,139.340,0.191269
139750ms,139750,139.343,0.191258
139766ms,139766,139.363,0.191249
139783ms,139783,139.362,0.191233
139800ms,139800,139.360,0.191244
139816ms,139816,139.359,0.191247
139833ms,139833,139.359,0.191254
139850ms,139850,139.359,0.191254
139866ms,139866,139.358,0.191243
139883ms,139883,139.339,0.191252
139900ms,139900,139.348,0.191282
139916ms,139916,139.349,0.191284
139933ms,139933,139.314,0.192885
139950ms,139950,139.314,0.192892
139966ms,139966,139.304,0.193055
139983ms,139983,138.901,0.191128
140000ms,140000,138.905,0.191121
140016ms,140016,138.394,0.188790
140033ms,140033,138.394,0.188790
140050ms,140050,137.809,0.188221
140066ms,140066,137.809,0.188225
140083ms,140083,137.389,0.189945
140100ms,140100,137.388,0.189799
140116ms,140116,136.944,0.187232
140133ms,140133,136.944,0.187229
140150ms,140150,136.869,0.187097
140166ms,140166,136.869,0.187097
140183ms,140183,137.063,0.193436
140233ms,140233,136.436,0.184288
140250ms,140250,136.436,0.184288
140266ms,140266,136.436,0.184288
140283ms,140283,136.436,0.184288
140600ms,140600,136.778,0.190426
140616ms,140616,136.778,0.190426
140833ms,140833,137.669,0.187423
140850ms,140850,137.660,0.188015
140866ms,140866,137.720,0.187836
140883ms,140883,137.868,0.189323
140900ms,140900,137.843,0.190094
140916ms,140916,138.212,0.189775
140933ms,140933,138.196,0.189725
140950ms,140950,138.646,0.190186
140966ms,140966,138.680,0.189038
140983ms,140983,138.738,0.190428
141000ms,141000,138.869,0.190789
141016ms,141016,138.872,0.190677
141033ms,141033,139.140,0.190888
141050ms,141050,139.140,0.190888
141066ms,141066,139.133,0.191275
141083ms,141083,139.136,0.191258
141100ms,141100,139.136,0.191258
141116ms,141116,139.136,0.191258
141133ms,141133,139.170,0.191152
141150ms,141150,139.172,0.191175
141166ms,141166,139.172,0.191172
141183ms,141183,139.173,0.191175
141200ms,141200,139.227,0.191517
141216ms,141216,139.189,0.190772
141233ms,141233,139.189,0.190767
141250ms,141250,139.188,0.190773
141266ms,141266,139.188,0.190756
141283ms,141283,139.188,0.190755
141300ms,141300,139.203,0.190757
141316ms,141316,139.187,0.190759
141333ms,141333,139.201,0.190763
141350ms,141350,139.198,0.190761
141366ms,141366,139.196,0.190760
141383ms,141383,139.299,0.191042
141400ms,141400,139.317,0.191065
141416ms,141416,139.268,0.191038
141433ms,141433,139.151,0.190321
141450ms,141450,139.173,0.190563
141466ms,141466,138.771,0.189604
141483ms,141483,138.721,0.189567
141500ms,141500,138.721,0.189567
141516ms,141516,138.195,0.188947
141533ms,141533,138.195,0.188947
141550ms,141550,137.695,0.188554
141566ms,141566,137.695,0.188554
141583ms,141583,137.929,0.193192
141600ms,141600,137.929,0.193164
141616ms,141616,136.808,0.186858
141633ms,141633,136.793,0.187068
141650ms,141650,136.743,0.187151
141666ms,141666,136.758,0.186768
141683ms,141683,136.555,0.185646
141700ms,141700,136.555,0.185651
141716ms,141716,136.639,0.185302
141733ms,141733,136.639,0.185302
141900ms,141900,136.454,0.187259
141916ms,141916,136.558,0.188063
141933ms,141933,136.558,0.188063
142166ms,142166,136.835,0.187191
142316ms,142316,137.705,0.187920
142333ms,142333,137.705,0.187920
142350ms,142350,138.483,0.191462
142366ms,142366,138.483,0.191498
142416ms,142416,138.377,0.188662
142433ms,142433,138.378,0.188664
142450ms,142450,138.549,0.190142
142466ms,142466,138.549,0.190142
142483ms,142483,138.793,0.190923
142500ms,142500,138.793,0.190923
142516ms,142516,138.942,0.190267
142533ms,142533,138.942,0.190267
142550ms,142550,139.185,0.190650
142566ms,142566,139.184,0.190655
142583ms,142583,139.271,0.190993
142600ms,142600,139.298,0.191274
142616ms,142616,139.299,0.191241
142633ms,142633,139.301,0.191253
142650ms,142650,139.191,0.191058
142666ms,142666,139.191,0.191059
142683ms,142683,139.161,0.191260
142700ms,142700,139.218,0.191293
142716ms,142716,139.216,0.191292
142733ms,142733,139.215,0.191292
142750ms,142750,139.235,0.191272
142766ms,142766,139.220,0.191286
142783ms,142783,139.247,0.191130
142800ms,142800,139.247,0.191134
142816ms,142816,139.210,0.191281
142833ms,142833,139.221,0.191283
142850ms,142850,139.222,0.191281
142866ms,142866,139.220,0.191286
142883ms,142883,139.283,0.191347
142900ms,142900,139.299,0.191481
142916ms,142916,139.323,0.191566
142933ms,142933,139.323,0.191566
142950ms,142950,139.047,0.190824
142966ms,142966,139.179,0.190731
142983ms,142983,138.443,0.189218
143000ms,143000,138.443,0.189216
143116ms,143116,136.721,0.186372
143133ms,143133,136.777,0.186384
143150ms,143150,137.209,0.201884
143166ms,143166,137.209,0.201887
143216ms,143216,136.468,0.184264
143233ms,143233,136.515,0.184395
143250ms,143250,136.377,0.184284
143266ms,143266,136.376,0.184284
143316ms,143316,136.477,0.186680
143333ms,143333,136.474,0.186697
143383ms,143383,136.492,0.186473
143400ms,143400,136.492,0.186473
143466ms,143466,136.826,0.185388
143816ms,143816,137.671,0.187738
143833ms,143833,137.472,0.188102
143850ms,143850,138.346,0.191769
143866ms,143866,138.345,0.192001
143883ms,143883,137.986,0.190869
143900ms,143900,137.986,0.190887
143983ms,143983,138.809,0.189693
144000ms,144000,138.817,0.189639
144016ms,144016,138.972,0.190739
144033ms,144033,139.042,0.190747
144050ms,144050,139.268,0.191217
144066ms,144066,139.167,0.191127
144083ms,144083,139.180,0.191130
144100ms,144100,139.102,0.190827
144116ms,144116,139.104,0.190670
144133ms,144133,139.089,0.190780
144150ms,144150,139.102,0.190844
144166ms,144166,139.103,0.190857
144183ms,144183,139.197,0.190709
144200ms,144200,139.101,0.190874
144216ms,144216,139.160,0.190720
144233ms,144233,139.160,0.190719
144250ms,144250,139.159,0.190713
144266ms,144266,139.158,0.190710
144283ms,144283,139.238,0.190904
144300ms,144300,139.203,0.191024
144316ms,144316,139.203,0.191024
144333ms,144333,139.187,0.191169
144350ms,144350,139.108,0.190828
144366ms,144366,139.152,0.190709
144450ms,144450,138.707,0.190337
144466ms,144466,138.707,0.190337
144516ms,144516,137.710,0.188759
144533ms,144533,137.710,0.188759
144550ms,144550,137.710,0.188759
144566ms,144566,137.159,0.188138
144583ms,144583,137.348,0.192119
144600ms,144600,137.348,0.192119
144616ms,144616,137.348,0.192119
144633ms,144633,137.348,0.192119
144650ms,144650,136.483,0.186371
144666ms,144666,136.483,0.186371
144683ms,144683,136.628,0.186068
144700ms,144700,136.626,0.186074
144750ms,144750,136.501,0.186305
144766ms,144766,136.501,0.186307
144816ms,144816,136.480,0.186351
144833ms,144833,136.480,0.186351
145300ms,145300,137.603,0.187667
145316ms,145316,137.603,0.187667
145333ms,145333,137.559,0.187948
145350ms,145350,137.559,0.187948
145366ms,145366,137.879,0.188445
145383ms,145383,137.868,0.188528
145400ms,145400,137.868,0.188528
145416ms,145416,139.567,0.192289
145433ms,145433,139.567,0.192302
145450ms,145450,138.873,0.189256
145466ms,145466,138.832,0.189550
145483ms,145483,138.904,0.190668
145500ms,145500,138.946,0.190423
145566ms,145566,139.148,0.191349
145583ms,145583,139.267,0.191137
145600ms,145600,139.268,0.191143
145616ms,145616,139.268,0.191159
145633ms,145633,139.269,0.191154
145650ms,145650,139.269,0.191151
145666ms,145666,139.269,0.191150
145683ms,145683,139.270,0.191152
145700ms,145700,139.270,0.191148
145716ms,145716,139.270,0.191146
145733ms,145733,139.270,0.191148
145750ms,145750,139.270,0.191148
145766ms,145766,139.271,0.191142
145783ms,145783,139.271,0.191142
145800ms,145800,139.271,0.191141
145816ms,145816,139.271,0.191137
145833ms,145833,139.394,0.191344
145850ms,145850,139.397,0.191661
145866ms,145866,139.394,0.191665
145883ms,145883,139.369,0.193818
145900ms,145900,139.365,0.193801
145916ms,145916,139.131,0.191030
145933ms,145933,139.127,0.191001
146033ms,146033,137.516,0.190344
146050ms,146050,137.516,0.190344
146083ms,146083,137.519,0.189298
146100ms,146100,136.741,0.186922
146116ms,146116,136.741,0.186922
146133ms,146133,137.342,0.204258
146150ms,146150,137.342,0.204250
146183ms,146183,136.349,0.184383
146200ms,146200,136.345,0.184411
146216ms,146216,136.226,0.185473
146233ms,146233,136.226,0.185473
146250ms,146250,136.626,0.186823
146266ms,146266,136.559,0.187476
146316ms,146316,136.346,0.186764
146333ms,146333,136.394,0.187897
146350ms,146350,136.462,0.189601
146366ms,146366,136.469,0.189337
146383ms,146383,136.473,0.189306
146566ms,146566,136.708,0.196933
146750ms,146750,137.505,0.187744
146766ms,146766,137.505,0.187744
146783ms,146783,137.551,0.188020
146800ms,146800,137.752,0.188353
146816ms,146816,137.762,0.188338
146966ms,146966,138.736,0.190429
146983ms,146983,139.049,0.190099
147000ms,147000,139.113,0.190154
147016ms,147016,139.301,0.190239
147033ms,147033,139.301,0.190239
147050ms,147050,139.298,0.190721
147066ms,147066,139.298,0.190725
147083ms,147083,139.299,0.190732
147100ms,147100,139.299,0.190732
147116ms,147116,139.284,0.190656
147133ms,147133,139.285,0.190658
147150ms,147150,139.285,0.190658
147166ms,147166,139.286,0.190659
147183ms,147183,139.284,0.190657
147200ms,147200,139.282,0.190653
147216ms,147216,139.282,0.190653
147233ms,147233,139.283,0.190654
147250ms,147250,139.318,0.190727
147266ms,147266,139.320,0.190729
147283ms,147283,139.320,0.190729
147300ms,147300,139.320,0.190729
147316ms,147316,139.320,0.190719
147333ms,147333,139.339,0.190749
147350ms,147350,139.340,0.190751
147366ms,147366,139.376,0.190896
147383ms,147383,139.487,0.190247
147400ms,147400,139.385,0.189820
147416ms,147416,138.983,0.190320
147433ms,147433,138.984,0.190316
147450ms,147450,138.479,0.189122
147466ms,147466,138.454,0.189048
147483ms,147483,137.774,0.187675
147500ms,147500,137.774,0.187675
147516ms,147516,137.775,0.187738
147533ms,147533,137.328,0.188587
147550ms,147550,137.374,0.188352
147566ms,147566,137.478,0.192114
147583ms,147583,137.477,0.192096
147600ms,147600,136.907,0.185942
147616ms,147616,136.996,0.186006
147633ms,147633,136.413,0.185404
147650ms,147650,136.412,0.185408
147700ms,147700,136.251,0.183824
147716ms,147716,136.251,0.183825
147850ms,147850,136.478,0.188870
147866ms,147866,136.476,0.188352
148333ms,148333,138.660,0.190239
148350ms,148350,138.660,0.190239
148366ms,148366,138.131,0.188834
148383ms,148383,138.057,0.189140
148400ms,148400,138.427,0.190138
148416ms,148416,138.427,0.190138
148433ms,148433,138.824,0.192858
148450ms,148450,138.824,0.192858
148466ms,148466,138.989,0.190466
148483ms,148483,138.989,0.190466
148500ms,148500,139.074,0.190546
148516ms,148516,139.074,0.190547
148533ms,148533,139.147,0.190651
148550ms,148550,139.147,0.190651
148566ms,148566,139.182,0.190652
148583ms,148583,139.180,0.190648
148600ms,148600,139.178,0.190643
148633ms,148633,139.181,0.190648
148650ms,148650,139.182,0.190655
148666ms,148666,139.182,0.190656
148683ms,148683,139.182,0.190655
148700ms,148700,139.181,0.190648
148716ms,148716,139.180,0.190641
148733ms,148733,139.194,0.190591
148750ms,148750,139.194,0.190592
148766ms,148766,139.194,0.190595
148783ms,148783,139.194,0.190595
148800ms,148800,139.194,0.190595
148816ms,148816,139.194,0.190595
148833ms,148833,139.332,0.191333
148850ms,148850,139.330,0.191376
148866ms,148866,139.317,0.191509
148883ms,148883,139.317,0.191509
148900ms,148900,139.028,0.190661
148916ms,148916,139.050,0.190507
148966ms,148966,137.979,0.189722
148983ms,148983,137.502,0.190131
149000ms,149000,137.500,0.190063
149016ms,149016,136.879,0.186861
149033ms,149033,136.878,0.186860
149050ms,149050,136.877,0.186859
149100ms,149100,137.059,0.191167
149116ms,149116,137.059,0.191170
149133ms,149133,136.504,0.185744
149150ms,149150,136.504,0.185738
149166ms,149166,136.339,0.184245
149183ms,149183,136.339,0.184245
149666ms,149666,136.886,0.185942
149683ms,149683,136.873,0.185937
149766ms,149766,137.622,0.188000
149783ms,149783,138.284,0.189368
149800ms,149800,138.289,0.188895
149816ms,149816,138.282,0.189109
149833ms,149833,138.088,0.188707
149850ms,149850,138.088,0.188707
149866ms,149866,138.592,0.191151
149883ms,149883,138.592,0.191151
149900ms,149900,138.723,0.190470
149916ms,149916,138.723,0.190470
149933ms,149933,138.827,0.190691
149950ms,149950,138.825,0.190722
149966ms,149966,139.140,0.191053
149983ms,149983,139.140,0.191053
150000ms,150000,139.346,0.190793
150016ms,150016,139.345,0.190793
150033ms,150033,139.330,0.191105
150050ms,150050,139.329,0.191097
150066ms,150066,139.329,0.191095
150083ms,150083,139.244,0.191118
150100ms,150100,139.243,0.191124
150116ms,150116,139.243,0.191123
150133ms,150133,139.244,0.191125
150150ms,150150,139.243,0.191127
150166ms,150166,139.242,0.191131
150183ms,150183,139.241,0.191131
150200ms,150200,139.240,0.191121
150216ms,150216,139.240,0.191117
150233ms,150233,139.240,0.191103
150250ms,150250,139.197,0.191012
150266ms,150266,139.197,0.191003
150283ms,150283,139.199,0.191002
150300ms,150300,139.257,0.191254
150316ms,150316,139.299,0.191268
150333ms,150333,139.427,0.191920
150350ms,150350,139.350,0.192500
150366ms,150366,139.035,0.192170
150383ms,150383,139.035,0.192170
150400ms,150400,139.035,0.192170
150416ms,150416,139.035,0.192170
150433ms,150433,137.982,0.189581
150450ms,150450,137.992,0.189604
150500ms,150500,137.094,0.187043
150516ms,150516,137.096,0.187010
150533ms,150533,136.858,0.186721
150550ms,150550,136.858,0.186721
150566ms,150566,136.858,0.186721
150583ms,150583,136.732,0.189056
150600ms,150600,136.615,0.187607
150616ms,150616,136.615,0.187607
150633ms,150633,136.535,0.185589
150650ms,150650,136.536,0.185582
150666ms,150666,136.337,0.183525
150683ms,150683,136.338,0.183522
150700ms,150700,136.356,0.185632
150716ms,150716,136.302,0.187370
150766ms,150766,136.461,0.186324
150783ms,150783,136.463,0.186282
151166ms,151166,136.976,0.186714
151183ms,151183,137.146,0.189196
151233ms,151233,137.605,0.188009
151250ms,151250,137.605,0.188016
151266ms,151266,138.140,0.192054
151283ms,151283,138.140,0.192054
151300ms,151300,137.792,0.188559
151316ms,151316,137.792,0.188559
151333ms,151333,137.792,0.188559
151383ms,151383,138.645,0.189378
151400ms,151400,138.819,0.190071
151416ms,151416,138.822,0.190077
151433ms,151433,139.256,0.190476
151450ms,151450,139.177,0.190420
151466ms,151466,139.400,0.190546
151483ms,151483,139.322,0.190804
151500ms,151500,139.294,0.190609
151516ms,151516,139.296,0.190607
151533ms,151533,139.318,0.190582
151550ms,151550,139.365,0.190532
151566ms,151566,139.323,0.190686
151583ms,151583,139.303,0.190697
151600ms,151600,139.362,0.190870
151616ms,151616,139.461,0.190740
151633ms,151633,139.447,0.190739
151650ms,151650,139.448,0.190739
151666ms,151666,139.447,0.190740
151683ms,151683,139.446,0.190742
151700ms,151700,139.433,0.190732
151716ms,151716,139.432,0.190741
151733ms,151733,139.432,0.190740
151750ms,151750,139.432,0.190734
151766ms,151766,139.432,0.190734
151783ms,151783,139.438,0.190741
151800ms,151800,139.373,0.190726
151816ms,151816,139.466,0.190349
151833ms,151833,139.198,0.189623
151850ms,151850,139.202,0.189627
151866ms,151866,138.924,0.191718
151883ms,151883,138.924,0.191718
151900ms,151900,138.264,0.189138
151916ms,151916,138.264,0.189138
151966ms,151966,137.367,0.189776
151983ms,151983,137.365,0.189584
152033ms,152033,136.935,0.185455
152050ms,152050,136.860,0.187623
152066ms,152066,137.074,0.193106
152083ms,152083,137.074,0.193106
152100ms,152100,137.074,0.193106
152150ms,152150,136.419,0.183838
152166ms,152166,136.420,0.183819
152183ms,152183,136.109,0.184833
152200ms,152200,136.468,0.186613
152216ms,152216,136.468,0.186613
152650ms,152650,136.842,0.185503
152700ms,152700,137.460,0.187583
152716ms,152716,137.474,0.187793
152733ms,152733,137.603,0.187676
152750ms,152750,137.606,0.187652
152766ms,152766,137.655,0.188449
152783ms,152783,137.656,0.188432
152800ms,152800,137.883,0.189010
152816ms,152816,137.883,0.189010
152833ms,152833,138.263,0.190466
152850ms,152850,138.263,0.190466
152866ms,152866,138.263,0.190466
152883ms,152883,138.630,0.189907
152900ms,152900,138.629,0.189898
152916ms,152916,138.619,0.189863
152933ms,152933,138.619,0.189863
152950ms,152950,138.890,0.190473
152966ms,152966,138.880,0.190504
152983ms,152983,139.256,0.190910
153000ms,153000,139.136,0.191125
153016ms,153016,139.135,0.191151
153066ms,153066,139.148,0.191182
153300ms,153300,139.097,0.190575
153350ms,153350,139.233,0.191215
153366ms,153366,139.139,0.190603
153383ms,153383,138.775,0.190592
153400ms,153400,138.189,0.189709
153416ms,153416,138.189,0.189709
153433ms,153433,137.739,0.187976
153450ms,153450,137.737,0.187908
153500ms,153500,136.805,0.186413
153516ms,153516,136.767,0.186396
153566ms,153566,136.454,0.186309
153583ms,153583,136.454,0.186309
153600ms,153600,136.454,0.186309
153616ms,153616,136.512,0.185691
153633ms,153633,136.469,0.186943
153650ms,153650,136.219,0.183538
153666ms,153666,136.219,0.183538
153683ms,153683,137.062,0.195991
153700ms,153700,137.078,0.195251
154083ms,154083,137.235,0.190548
154100ms,154100,137.235,0.190548
154116ms,154116,137.329,0.187039
154133ms,154133,137.329,0.187039
154150ms,154150,137.125,0.186569
154233ms,154233,137.712,0.187802
154250ms,154250,137.712,0.187799
154266ms,154266,138.023,0.188992
154283ms,154283,138.022,0.188995
154300ms,154300,138.226,0.189058
154316ms,154316,138.226,0.189058
154333ms,154333,138.226,0.189058
154350ms,154350,138.226,0.189056
154366ms,154366,138.226,0.189058
154383ms,154383,138.802,0.190573
154400ms,154400,138.802,0.190573
154416ms,154416,138.980,0.190623
154433ms,154433,138.980,0.190624
154450ms,154450,139.237,0.191095
154466ms,154466,139.237,0.191095
154483ms,154483,139.216,0.190837
154500ms,154500,139.167,0.190841
154516ms,154516,139.191,0.190672
154533ms,154533,139.287,0.190866
154550ms,154550,139.264,0.190863
154566ms,154566,139.263,0.190863
154583ms,154583,139.263,0.190861
154600ms,154600,139.263,0.190862
154616ms,154616,139.263,0.190878
154633ms,154633,139.264,0.190891
154650ms,154650,139.264,0.190891
154666ms,154666,139.218,0.191036
154683ms,154683,139.265,0.190900
154700ms,154700,139.167,0.190704
154716ms,154716,139.167,0.190704
154733ms,154733,139.167,0.190704
154750ms,154750,139.170,0.190716
154766ms,154766,139.193,0.191166
154783ms,154783,139.202,0.191212
154800ms,154800,139.203,0.191232
154816ms,154816,139.177,0.191111
154833ms,154833,139.059,0.190711
154850ms,154850,138.745,0.190330
154866ms,154866,138.897,0.190415
154883ms,154883,138.296,0.188833
154900ms,154900,138.299,0.188817
154916ms,154916,137.940,0.187728
154933ms,154933,137.940,0.187728
155000ms,155000,136.938,0.186659
155016ms,155016,136.939,0.186660
155033ms,155033,136.633,0.188968
155050ms,155050,136.633,0.189329
155066ms,155066,136.445,0.186066
155083ms,155083,136.445,0.186066
155100ms,155100,136.401,0.184113
155116ms,155116,136.401,0.184113
155133ms,155133,136.401,0.184113
155150ms,155150,136.460,0.185568
155166ms,155166,136.443,0.185556
155283ms,155283,136.445,0.189195
155683ms,155683,137.522,0.188538
155700ms,155700,137.522,0.188538
155716ms,155716,137.511,0.188366
155733ms,155733,137.511,0.188366
155750ms,155750,138.441,0.192040
155766ms,155766,138.395,0.192898
155783ms,155783,137.977,0.188442
155800ms,155800,138.674,0.189206
155816ms,155816,138.674,0.189206
155833ms,155833,138.797,0.190918
155850ms,155850,138.797,0.190918
155866ms,155866,138.797,0.190918
155883ms,155883,139.101,0.191389
155900ms,155900,139.101,0.191388
155916ms,155916,139.044,0.191894
155933ms,155933,139.044,0.191896
155950ms,155950,139.045,0.191895
155966ms,155966,139.062,0.191626
155983ms,155983,139.350,0.191738
156000ms,156000,139.350,0.191738
156016ms,156016,139.254,0.191630
156033ms,156033,139.304,0.191638
156050ms,156050,139.307,0.191631
156066ms,156066,139.329,0.191706
156083ms,156083,139.328,0.191712
156100ms,156100,139.328,0.191711
156116ms,156116,139.327,0.191711
156133ms,156133,139.341,0.191755
156150ms,156150,139.344,0.191752
156166ms,156166,139.345,0.191749
156183ms,156183,139.345,0.191745
156200ms,156200,139.331,0.191700
156216ms,156216,139.335,0.191710
156233ms,156233,139.252,0.191042
156250ms,156250,139.253,0.191044
156266ms,156266,139.255,0.191048
156283ms,156283,139.189,0.190183
156300ms,156300,139.194,0.190184
156316ms,156316,138.940,0.190375
156333ms,156333,138.941,0.190363
156350ms,156350,138.753,0.190532
156366ms,156366,138.693,0.190588
156416ms,156416,137.639,0.188111
156433ms,156433,137.638,0.188093
156450ms,156450,137.176,0.187673
156466ms,156466,137.176,0.187672
156483ms,156483,136.641,0.185766
156500ms,156500,136.702,0.185904
156516ms,156516,137.366,0.196698
156533ms,156533,137.366,0.196698
156550ms,156550,136.495,0.186573
156566ms,156566,136.495,0.186573
156583ms,156583,136.428,0.186448
156600ms,156600,136.156,0.184930
156616ms,156616,136.154,0.185083
156633ms,156633,136.156,0.184930
156716ms,156716,136.210,0.186105
156733ms,156733,136.210,0.186195
157183ms,157183,137.734,0.188264
157200ms,157200,137.733,0.188187
157216ms,157216,138.276,0.196085
157233ms,157233,138.276,0.196085
157250ms,157250,138.276,0.196085
157266ms,157266,138.300,0.194673
157283ms,157283,138.379,0.189837
157300ms,157300,138.377,0.189801
157316ms,157316,138.513,0.189890
157333ms,157333,138.490,0.190058
157350ms,157350,138.567,0.190596
157366ms,157366,138.491,0.190352
157383ms,157383,138.778,0.190408
157400ms,157400,138.760,0.190447
157416ms,157416,139.318,0.191487
157433ms,157433,139.318,0.191487
157450ms,157450,139.318,0.191487
157466ms,157466,139.316,0.191490
157483ms,157483,139.228,0.191407
157500ms,157500,139.228,0.191410
157516ms,157516,139.228,0.191411
157533ms,157533,139.227,0.191411
157550ms,157550,139.228,0.191404
157566ms,157566,139.228,0.191404
157583ms,157583,139.228,0.191415
157600ms,157600,139.228,0.191417
157616ms,157616,139.310,0.191494
157633ms,157633,139.310,0.191497
157650ms,157650,139.314,0.191486
157666ms,157666,139.313,0.191495
157683ms,157683,139.313,0.191510
157700ms,157700,139.313,0.191509
157716ms,157716,139.314,0.191511
157733ms,157733,139.284,0.191334
157750ms,157750,139.230,0.191528
157766ms,157766,139.226,0.191524
157783ms,157783,139.124,0.191684
157800ms,157800,139.134,0.191667
157816ms,157816,138.806,0.190433
157833ms,157833,138.806,0.190433
157883ms,157883,137.600,0.188025
157900ms,157900,137.742,0.187481
157950ms,157950,136.774,0.185826
157966ms,157966,136.775,0.185977
157983ms,157983,136.679,0.186034
158000ms,158000,136.679,0.186033
158016ms,158016,136.515,0.185544
158033ms,158033,136.515,0.185547
158116ms,158116,136.490,0.185156
158133ms,158133,136.490,0.185156
158150ms,158150,136.490,0.185156
158250ms,158250,136.373,0.186015
158266ms,158266,136.373,0.186015
158450ms,158450,136.831,0.192688
158466ms,158466,136.831,0.192693
158616ms,158616,137.401,0.188142
158633ms,158633,137.593,0.187111
158650ms,158650,137.639,0.187694
158666ms,158666,137.634,0.187714
158683ms,158683,137.703,0.188877
158700ms,158700,137.754,0.188896
158716ms,158716,137.935,0.189039
158733ms,158733,137.935,0.189040
158750ms,158750,138.363,0.190092
158766ms,158766,138.363,0.190092
158783ms,158783,138.556,0.189790
158800ms,158800,138.556,0.189790
158816ms,158816,138.835,0.189678
158833ms,158833,138.978,0.189876
158850ms,158850,138.892,0.190463
158866ms,158866,138.879,0.190416
158883ms,158883,139.189,0.191448
158900ms,158900,139.189,0.191448
158916ms,158916,139.189,0.191448
158933ms,158933,139.250,0.191062
158950ms,158950,139.346,0.191009
158966ms,158966,139.246,0.191062
158983ms,158983,139.235,0.191076
159000ms,159000,139.215,0.191390
159016ms,159016,139.175,0.191583
159033ms,159033,139.175,0.191577
159050ms,159050,139.174,0.191569
159066ms,159066,139.174,0.191577
159083ms,159083,139.173,0.191582
159100ms,159100,139.173,0.191582
159116ms,159116,139.173,0.191582
159133ms,159133,139.173,0.191579
159150ms,159150,139.173,0.191577
159166ms,159166,139.173,0.191573
159183ms,159183,139.173,0.191571
159200ms,159200,139.153,0.191315
159216ms,159216,139.185,0.191545
159233ms,159233,139.192,0.191618
159250ms,159250,139.186,0.192252
159266ms,159266,139.222,0.191671
159283ms,159283,139.234,0.191742
159300ms,159300,138.846,0.190662
159316ms,159316,138.846,0.190662
159333ms,159333,138.419,0.188812
159350ms,159350,138.458,0.188703
159383ms,159383,137.423,0.190329
159400ms,159400,137.423,0.190281
159416ms,159416,137.501,0.191466
159433ms,159433,137.509,0.191524
159450ms,159450,136.878,0.186224
159466ms,159466,136.878,0.186224
159483ms,159483,136.622,0.188127
159500ms,159500,136.620,0.188086
159516ms,159516,137.003,0.193203
159533ms,159533,137.004,0.193171
159550ms,159550,136.338,0.183855
159566ms,159566,136.338,0.183855
159583ms,159583,136.358,0.185353
159600ms,159600,136.358,0.185353
159700ms,159700,136.453,0.186604
159716ms,159716,136.453,0.186605
159733ms,159733,136.456,0.186258
159950ms,159950,136.856,0.195539
160166ms,160166,137.719,0.188761
160183ms,160183,137.793,0.188629
160200ms,160200,137.793,0.188629
160216ms,160216,138.065,0.190677
160233ms,160233,138.119,0.189425
160283ms,160283,138.691,0.191666
160300ms,160300,138.740,0.190179
160316ms,160316,138.794,0.189738
160333ms,160333,138.793,0.189729
160350ms,160350,138.945,0.190804
160366ms,160366,138.946,0.190871
160383ms,160383,139.201,0.191239
160400ms,160400,139.226,0.191007
160416ms,160416,139.225,0.191008
160433ms,160433,139.170,0.190943
160450ms,160450,139.170,0.190942
160466ms,160466,139.174,0.190979
160483ms,160483,139.174,0.190979
160500ms,160500,139.187,0.191027
160516ms,160516,139.186,0.191030
160533ms,160533,139.183,0.191016
160550ms,160550,139.184,0.191013
160566ms,160566,139.169,0.191031
160583ms,160583,139.169,0.191029
160600ms,160600,139.169,0.191028
160616ms,160616,139.168,0.191028
160633ms,160633,139.169,0.191027
160650ms,160650,139.168,0.191030
160666ms,160666,139.169,0.191027
160683ms,160683,139.204,0.191160
160700ms,160700,139.203,0.191167
160716ms,160716,139.167,0.191312
160733ms,160733,139.168,0.191312
160750ms,160750,139.067,0.190849
160766ms,160766,139.067,0.190849
160783ms,160783,138.646,0.190422
160800ms,160800,138.649,0.190425
160816ms,160816,138.651,0.190429
160833ms,160833,138.148,0.188921
160850ms,160850,138.148,0.188921
160866ms,160866,137.641,0.188286
160883ms,160883,137.641,0.188286
160933ms,160933,136.633,0.186108
160966ms,160966,137.205,0.202351
160983ms,160983,136.494,0.185296
161000ms,161000,136.494,0.185296
161016ms,161016,136.593,0.186202
161033ms,161033,136.593,0.186202
161050ms,161050,136.342,0.184515
161066ms,161066,136.342,0.184515
161116ms,161116,136.210,0.185271
161133ms,161133,136.189,0.185979
161433ms,161433,136.677,0.195039
161516ms,161516,136.710,0.185773
161533ms,161533,136.717,0.185730
161550ms,161550,136.717,0.185730
161600ms,161600,137.456,0.187666
161616ms,161616,137.456,0.187666
161633ms,161633,137.456,0.187666
161650ms,161650,137.456,0.187666
161666ms,161666,138.352,0.192061
161683ms,161683,138.350,0.192056
161733ms,161733,138.469,0.190145
161750ms,161750,138.467,0.190122
161766ms,161766,138.660,0.188798
161783ms,161783,138.719,0.190246
161800ms,161800,138.717,0.190240
161816ms,161816,138.900,0.190107
161833ms,161833,138.967,0.190868
161850ms,161850,139.156,0.191486
161866ms,161866,139.127,0.190706
161883ms,161883,139.069,0.190782
161900ms,161900,139.094,0.190933
161916ms,161916,139.095,0.190922
161933ms,161933,139.095,0.190925
161950ms,161950,139.095,0.190924
161966ms,161966,139.094,0.190928
161983ms,161983,139.090,0.190935
162000ms,162000,139.078,0.190922
162016ms,162016,139.078,0.190925
162033ms,162033,139.078,0.190927
162050ms,162050,139.079,0.190928
162066ms,162066,139.077,0.190924
162083ms,162083,139.077,0.190924
162100ms,162100,139.075,0.190920
162116ms,162116,139.074,0.190926
162133ms,162133,139.104,0.191070
162150ms,162150,139.102,0.191081
162166ms,162166,139.110,0.191084
162183ms,162183,139.026,0.190855
162200ms,162200,139.070,0.190579
162216ms,162216,138.986,0.190518
162233ms,162233,138.976,0.190437
162250ms,162250,138.517,0.190169
162266ms,162266,138.520,0.190158
162283ms,162283,138.313,0.188959
162300ms,162300,138.313,0.188959
162316ms,162316,138.313,0.188959
162333ms,162333,137.653,0.188428
162350ms,162350,137.653,0.188428
162366ms,162366,137.360,0.189422
162383ms,162383,137.372,0.189388
162433ms,162433,136.841,0.186299
162450ms,162450,136.841,0.186299
162466ms,162466,136.475,0.184986
162483ms,162483,136.354,0.184622
162550ms,162550,136.491,0.184366
162566ms,162566,136.429,0.184862
162650ms,162650,136.528,0.190586
162666ms,162666,136.475,0.189345
162683ms,162683,136.476,0.189346
163083ms,163083,137.232,0.187348
163100ms,163100,137.626,0.187469
163116ms,163116,137.634,0.187440
163133ms,163133,137.569,0.187842
163150ms,163150,137.568,0.187847
163166ms,163166,137.990,0.188794
163183ms,163183,137.990,0.188794
163200ms,163200,138.223,0.189766
163266ms,163266,138.697,0.189913
163283ms,163283,138.662,0.189627
163300ms,163300,138.776,0.190458
163316ms,163316,138.776,0.190458
163333ms,163333,139.006,0.190705
163350ms,163350,139.121,0.190682
163366ms,163366,139.178,0.191157
163383ms,163383,139.214,0.190705
163400ms,163400,139.212,0.190701
163416ms,163416,139.211,0.190698
163433ms,163433,139.210,0.190701
163450ms,163450,139.212,0.190708
163466ms,163466,139.176,0.190946
163483ms,163483,139.177,0.190947
163500ms,163500,139.176,0.190970
163516ms,163516,139.176,0.190956
163533ms,163533,139.165,0.191050
163550ms,163550,139.164,0.191044
163566ms,163566,139.163,0.191026
163583ms,163583,139.163,0.191028
163600ms,163600,139.163,0.191050
163616ms,163616,139.164,0.191059
163633ms,163633,139.165,0.191066
163650ms,163650,139.165,0.191090
163666ms,163666,139.235,0.191397
163683ms,163683,139.235,0.191420
163700ms,163700,139.417,0.192137
163716ms,163716,139.420,0.192096
163733ms,163733,139.040,0.190751
163750ms,163750,139.039,0.190755
163766ms,163766,138.482,0.189603
163816ms,163816,138.165,0.203137
163833ms,163833,138.165,0.203137
163850ms,163850,138.165,0.202935
163900ms,163900,136.884,0.187682
163916ms,163916,136.884,0.187682
163933ms,163933,137.173,0.201253
163950ms,163950,137.187,0.200669
164000ms,164000,136.611,0.185405
164016ms,164016,136.576,0.185390
164333ms,164333,136.320,0.201738
164400ms,164400,136.800,0.192015
164416ms,164416,136.786,0.189674
164600ms,164600,137.527,0.189212
164616ms,164616,137.527,0.189226
164633ms,164633,137.838,0.188618
164650ms,164650,137.840,0.188605
164666ms,164666,137.842,0.188590
164683ms,164683,137.838,0.188618
164700ms,164700,138.302,0.189552
164716ms,164716,138.269,0.189467
164733ms,164733,138.715,0.190382
164750ms,164750,138.838,0.189338
164766ms,164766,138.658,0.190279
164783ms,164783,138.744,0.190342
164800ms,164800,139.011,0.191072
164816ms,164816,139.045,0.191258
164866ms,164866,139.338,0.191180
164883ms,164883,139.338,0.191182
164900ms,164900,139.291,0.191094
164966ms,164966,139.118,0.191304
164983ms,164983,139.119,0.191295
165000ms,165000,139.095,0.191367
165016ms,165016,139.094,0.191363
165033ms,165033,139.223,0.191296
165050ms,165050,139.224,0.191280
165066ms,165066,139.226,0.191267
165083ms,165083,139.226,0.191272
165100ms,165100,139.226,0.191274
165133ms,165133,139.282,0.191003
165150ms,165150,139.293,0.191118
165166ms,165166,139.202,0.190463
165183ms,165183,139.206,0.190463
165200ms,165200,139.338,0.190389
165216ms,165216,139.389,0.190405
165233ms,165233,138.779,0.190551
165250ms,165250,138.834,0.190652
165266ms,165266,138.351,0.188928
165283ms,165283,138.313,0.189167
165300ms,165300,137.642,0.188408
165316ms,165316,137.642,0.188408
165333ms,165333,137.336,0.189380
165350ms,165350,137.335,0.189340
165400ms,165400,136.784,0.186777
165416ms,165416,136.733,0.186439
165433ms,165433,136.344,0.185576
165450ms,165450,136.344,0.185576
165500ms,165500,136.370,0.184345
165516ms,165516,136.370,0.184345
165533ms,165533,136.428,0.185471
165550ms,165550,136.456,0.184851
165600ms,165600,136.469,0.189144
165616ms,165616,136.461,0.188945
165633ms,165633,136.424,0.187333
165650ms,165650,136.424,0.187333
165666ms,165666,136.454,0.188344
165683ms,165683,136.454,0.188344
165800ms,165800,136.379,0.192468
165816ms,165816,136.375,0.192879
165866ms,165866,136.786,0.188622
165883ms,165883,136.564,0.191590
166066ms,166066,137.703,0.187642
166083ms,166083,137.702,0.187649
166100ms,166100,137.668,0.188134
166116ms,166116,137.658,0.188050
166133ms,166133,137.658,0.188050
166150ms,166150,138.079,0.187920
166200ms,166200,138.534,0.189380
166216ms,166216,138.616,0.188547
166233ms,166233,138.733,0.190398
166250ms,166250,138.737,0.190397
166266ms,166266,138.598,0.189765
166283ms,166283,138.685,0.189858
166300ms,166300,138.966,0.189269
166316ms,166316,138.984,0.189382
166333ms,166333,138.919,0.190140
166350ms,166350,138.920,0.190142
166366ms,166366,138.921,0.190144
166383ms,166383,138.880,0.190366
166400ms,166400,138.879,0.190350
166416ms,166416,138.831,0.190081
166433ms,166433,138.875,0.190282
166450ms,166450,138.905,0.189905
166466ms,166466,138.904,0.189904
166483ms,166483,138.904,0.189703
166500ms,166500,138.904,0.189703
166516ms,166516,138.903,0.189889
166533ms,166533,138.923,0.189821
166550ms,166550,138.923,0.189821
166566ms,166566,138.923,0.189821
166583ms,166583,138.928,0.189810
166600ms,166600,138.932,0.189756
166616ms,166616,138.932,0.189759
166633ms,166633,138.875,0.190056
166650ms,166650,138.875,0.190056
166666ms,166666,139.036,0.190243
166683ms,166683,139.036,0.190243
166733ms,166733,138.316,0.189115
166750ms,166750,138.316,0.189115
166766ms,166766,137.782,0.189125
166783ms,166783,137.782,0.189125
166833ms,166833,136.988,0.186705
166850ms,166850,136.988,0.186692
166866ms,166866,136.988,0.186680
166916ms,166916,136.335,0.185622
166933ms,166933,136.335,0.185622
166966ms,166966,136.379,0.184690
166983ms,166983,136.379,0.184690
167000ms,167000,136.435,0.185161
167016ms,167016,136.435,0.185161
167533ms,167533,137.552,0.187392
167550ms,167550,137.572,0.187148
167566ms,167566,137.559,0.187810
167583ms,167583,137.563,0.187802
167600ms,167600,138.379,0.192904
167616ms,167616,138.378,0.192909
167633ms,167633,138.379,0.192904
167650ms,167650,138.256,0.190072
167666ms,167666,138.253,0.190140
167716ms,167716,138.951,0.189455
167733ms,167733,138.953,0.189456
167750ms,167750,138.890,0.190460
167766ms,167766,139.065,0.190456
167783ms,167783,139.083,0.190354
167850ms,167850,139.168,0.191127
167866ms,167866,139.192,0.191327
167900ms,167900,139.192,0.191321
167916ms,167916,139.192,0.191321
167933ms,167933,139.190,0.191342
167950ms,167950,139.190,0.191341
167966ms,167966,139.188,0.191360
167983ms,167983,139.206,0.191832
168000ms,168000,139.232,0.191570
168016ms,168016,139.235,0.191562
168033ms,168033,139.235,0.191562
168050ms,168050,139.235,0.191567
168066ms,168066,139.235,0.191568
168083ms,168083,139.236,0.191562
168100ms,168100,139.236,0.191556
168116ms,168116,139.270,0.190733
168133ms,168133,139.268,0.190733
168150ms,168150,139.281,0.190765
168166ms,168166,138.954,0.190055
168183ms,168183,138.954,0.190055
168200ms,168200,138.747,0.190789
168216ms,168216,138.747,0.190789
168266ms,168266,137.765,0.187915
168283ms,168283,137.776,0.187899
168333ms,168333,136.672,0.186103
168350ms,168350,136.632,0.186407
168366ms,168366,136.703,0.187069
168383ms,168383,136.648,0.187274
168400ms,168400,136.647,0.187276
168416ms,168416,136.444,0.184862
168433ms,168433,136.444,0.184862
168450ms,168450,136.508,0.186506
168466ms,168466,136.508,0.186506
168483ms,168483,136.338,0.183916
168500ms,168500,136.338,0.183916
169033ms,169033,137.573,0.187502
169050ms,169050,137.573,0.187502
169066ms,169066,138.286,0.190451
169083ms,169083,138.286,0.190466
169100ms,169100,137.963,0.188629
169116ms,169116,137.956,0.188674
169133ms,169133,137.952,0.188679
169200ms,169200,138.733,0.189074
169216ms,169216,138.665,0.190289
169233ms,169233,138.664,0.190268
169250ms,169250,138.746,0.189737
169266ms,169266,138.732,0.189552
169283ms,169283,139.298,0.190747
169300ms,169300,139.314,0.190830
169316ms,169316,139.134,0.191138
169333ms,169333,139.134,0.191139
169350ms,169350,139.113,0.191181
169366ms,169366,139.059,0.191157
169383ms,169383,139.059,0.191154
169400ms,169400,139.059,0.191160
169416ms,169416,139.059,0.191163
169433ms,169433,139.059,0.190815
169450ms,169450,139.062,0.190806
169466ms,169466,139.062,0.190808
169483ms,169483,139.063,0.190808
169500ms,169500,139.064,0.190812
169516ms,169516,139.064,0.190815
169533ms,169533,139.064,0.190815
169550ms,169550,139.064,0.190820
169566ms,169566,139.066,0.190824
169583ms,169583,139.074,0.190837
169600ms,169600,139.075,0.190837
169616ms,169616,139.090,0.191145
169633ms,169633,139.167,0.190668
169650ms,169650,139.231,0.189442
169666ms,169666,139.233,0.189441
169716ms,169716,138.190,0.188869
169733ms,169733,138.190,0.188869
169750ms,169750,137.849,0.187666
169800ms,169800,137.406,0.192774
169816ms,169816,137.385,0.190411
169833ms,169833,136.775,0.186167
169850ms,169850,136.775,0.186167
169866ms,169866,136.775,0.186167
169950ms,169950,136.569,0.184404
169966ms,169966,136.564,0.184412
169983ms,169983,136.462,0.185185
170000ms,170000,136.462,0.185185
170316ms,170316,136.544,0.192658
170333ms,170333,136.549,0.193024
170550ms,170550,137.498,0.189685
170566ms,170566,138.591,0.190284
170583ms,170583,138.591,0.190263
170600ms,170600,138.329,0.189825
170616ms,170616,138.329,0.189825
170633ms,170633,138.329,0.189825
170650ms,170650,138.680,0.190052
170666ms,170666,138.674,0.190014
170683ms,170683,138.706,0.189704
170700ms,170700,138.706,0.189704
170716ms,170716,138.918,0.191099
170733ms,170733,138.847,0.191003
170750ms,170750,139.215,0.191235
170766ms,170766,139.215,0.191235
170783ms,170783,139.146,0.191347
170800ms,170800,139.146,0.191347
170816ms,170816,139.146,0.191347
170833ms,170833,139.155,0.191082
170850ms,170850,139.192,0.191309
170866ms,170866,139.231,0.191799
170883ms,170883,139.232,0.191808
170900ms,170900,139.233,0.191818
170916ms,170916,139.292,0.192074
171066ms,171066,139.217,0.191065
171083ms,171083,139.220,0.191087
171100ms,171100,139.220,0.191087
171116ms,171116,139.235,0.191149
171133ms,171133,139.227,0.191039
171150ms,171150,138.966,0.191269
171166ms,171166,138.966,0.191269
171183ms,171183,138.516,0.190081
171200ms,171200,138.697,0.189886
171216ms,171216,138.078,0.189056
171233ms,171233,138.078,0.189056
171250ms,171250,137.960,0.196999
171266ms,171266,137.964,0.196996
171316ms,171316,136.952,0.186255
171333ms,171333,136.958,0.186306
171350ms,171350,136.643,0.189471
171366ms,171366,136.568,0.185852
171383ms,171383,136.569,0.185853
171400ms,171400,136.569,0.185855
171416ms,171416,136.569,0.185855
171433ms,171433,136.569,0.185855
171450ms,171450,136.441,0.184001
171466ms,171466,136.442,0.184000
171916ms,171916,136.932,0.186397
171933ms,171933,136.844,0.186160
171950ms,171950,137.787,0.194809
171966ms,171966,137.787,0.194802
171983ms,171983,137.462,0.187561
172000ms,172000,137.389,0.187495
172016ms,172016,137.756,0.187586
172033ms,172033,137.756,0.187585
172050ms,172050,138.390,0.194300
172066ms,172066,138.390,0.194300
172083ms,172083,137.981,0.188914
172100ms,172100,137.982,0.188934
172116ms,172116,138.396,0.189295
172133ms,172133,138.396,0.189295
172150ms,172150,138.396,0.189295
172166ms,172166,138.714,0.189668
172183ms,172183,138.692,0.190393
172200ms,172200,138.678,0.190380
172216ms,172216,138.883,0.190555
172233ms,172233,138.984,0.190816
172250ms,172250,139.281,0.191367
172266ms,172266,139.233,0.191875
172283ms,172283,139.255,0.191558
172300ms,172300,139.256,0.191549
172316ms,172316,139.205,0.191454
172333ms,172333,139.204,0.191468
172350ms,172350,139.203,0.191464
172366ms,172366,139.203,0.191462
172383ms,172383,139.203,0.191463
172400ms,172400,139.202,0.191467
172416ms,172416,139.201,0.191476
172433ms,172433,139.201,0.191475
172450ms,172450,139.200,0.191476
172466ms,172466,139.200,0.191466
172483ms,172483,139.200,0.191447
172500ms,172500,139.201,0.191442
172516ms,172516,139.201,0.191427
172533ms,172533,139.202,0.191409
172550ms,172550,139.202,0.191409
172566ms,172566,139.189,0.191180
172583ms,172583,139.304,0.192230
172600ms,172600,139.337,0.191862
172616ms,172616,139.374,0.191475
172633ms,172633,139.361,0.191379
172650ms,172650,138.655,0.190616
172666ms,172666,138.659,0.190607
172683ms,172683,138.304,0.189243
172700ms,172700,138.304,0.189243
172716ms,172716,137.800,0.188332
172733ms,172733,137.800,0.188332
172750ms,172750,137.228,0.188140
172766ms,172766,137.275,0.188229
172816ms,172816,136.904,0.188146
172833ms,172833,136.849,0.187610
172850ms,172850,136.535,0.185425
172866ms,172866,136.535,0.185425
172883ms,172883,136.338,0.185507
172900ms,172900,136.338,0.185507
172916ms,172916,136.338,0.185507
172933ms,172933,136.365,0.184564
172950ms,172950,136.365,0.184563
172966ms,172966,136.454,0.184954
173083ms,173083,136.484,0.189249
173100ms,173100,136.484,0.189249
173416ms,173416,137.191,0.186294
173483ms,173483,137.563,0.188042
173500ms,173500,137.426,0.188478
173516ms,173516,137.671,0.188455
173533ms,173533,137.676,0.188455
173550ms,173550,138.520,0.190091
173566ms,173566,138.513,0.189956
173583ms,173583,138.146,0.188725
173600ms,173600,138.146,0.188725
173616ms,173616,138.638,0.189000
173633ms,173633,138.696,0.188977
173650ms,173650,138.855,0.190388
173666ms,173666,138.852,0.190407
173683ms,173683,138.850,0.190426
173700ms,173700,138.927,0.191131
173716ms,173716,138.927,0.191131
173883ms,173883,139.287,0.191375
173900ms,173900,139.287,0.191379
173916ms,173916,139.287,0.191435
173933ms,173933,139.287,0.191441
173950ms,173950,139.287,0.191441
173966ms,173966,139.287,0.191446
173983ms,173983,139.287,0.191441
174000ms,174000,139.287,0.191443
174016ms,174016,139.288,0.191460
174033ms,174033,139.288,0.191460
174050ms,174050,139.288,0.191460
174066ms,174066,139.274,0.191446
174083ms,174083,139.273,0.191459
174100ms,174100,139.182,0.192506
174116ms,174116,139.180,0.192519
174166ms,174166,138.175,0.189866
174183ms,174183,137.593,0.188194
174200ms,174200,137.593,0.188194
174216ms,174216,137.193,0.189364
174233ms,174233,137.268,0.189502
174250ms,174250,137.387,0.192437
174266ms,174266,137.387,0.192437
174316ms,174316,136.532,0.186504
174333ms,174333,136.533,0.186521
174350ms,174350,136.373,0.185646
174366ms,174366,136.373,0.185646
174383ms,174383,136.373,0.185646
174400ms,174400,136.373,0.185646
174416ms,174416,136.349,0.186185
174433ms,174433,136.349,0.186185
174450ms,174450,136.349,0.186185
174766ms,174766,136.551,0.196015
174900ms,174900,136.983,0.186067
174916ms,174916,136.983,0.186067
174933ms,174933,136.983,0.186067
174950ms,174950,137.842,0.187793
174966ms,174966,137.735,0.187700
174983ms,174983,137.696,0.188115
175000ms,175000,137.615,0.188565
175016ms,175016,137.858,0.188335
175033ms,175033,137.966,0.189211
175050ms,175050,138.152,0.190105
175066ms,175066,138.152,0.190105
175083ms,175083,138.713,0.189858
175100ms,175100,138.713,0.189858
175116ms,175116,138.777,0.189689
175133ms,175133,138.777,0.189689
175150ms,175150,138.917,0.190636
175166ms,175166,138.917,0.190636
175183ms,175183,138.917,0.190636
175233ms,175233,139.039,0.191275
175266ms,175266,139.076,0.191366
175283ms,175283,139.182,0.191246
175300ms,175300,139.180,0.190871
175316ms,175316,139.180,0.190869
175333ms,175333,139.278,0.190659
175350ms,175350,139.278,0.190661
175366ms,175366,139.190,0.190870
175483ms,175483,139.130,0.191016
175516ms,175516,139.204,0.191064
175533ms,175533,139.211,0.191076
175550ms,175550,139.228,0.191088
175566ms,175566,139.085,0.190197
175583ms,175583,139.096,0.190202
175600ms,175600,139.088,0.191024
175616ms,175616,139.088,0.191024
175633ms,175633,138.518,0.189501
175650ms,175650,138.518,0.189501
175666ms,175666,138.264,0.189107
175683ms,175683,138.265,0.189109
175733ms,175733,137.642,0.192807
175750ms,175750,137.619,0.190945
175766ms,175766,136.971,0.185887
175783ms,175783,136.641,0.188634
175800ms,175800,136.641,0.188634
175816ms,175816,136.588,0.185623
175833ms,175833,136.588,0.185626
175850ms,175850,136.340,0.184040
175866ms,175866,136.340,0.184040
175883ms,175883,136.262,0.184457
175900ms,175900,136.309,0.184557
176183ms,176183,136.349,0.190771
176200ms,176200,136.349,0.190771
176466ms,176466,137.732,0.188204
176483ms,176483,137.733,0.188174
176500ms,176500,137.734,0.188152
176516ms,176516,137.732,0.188204
176533ms,176533,138.935,0.189597
176550ms,176550,138.935,0.189597
176566ms,176566,138.935,0.189597
176583ms,176583,138.745,0.189577
176600ms,176600,138.745,0.189577
176616ms,176616,138.810,0.190216
176633ms,176633,138.711,0.190757
176650ms,176650,139.094,0.190680
176666ms,176666,139.094,0.190680
176683ms,176683,139.151,0.190981
176700ms,176700,139.151,0.190981
176716ms,176716,139.153,0.190981
176733ms,176733,139.154,0.190982
176750ms,176750,139.141,0.191015
176766ms,176766,139.164,0.191168
176783ms,176783,139.164,0.191169
176800ms,176800,139.165,0.191167
176816ms,176816,139.164,0.191171
176833ms,176833,139.164,0.191174
176850ms,176850,139.164,0.191175
176866ms,176866,139.164,0.191175
176883ms,176883,139.164,0.191176
176900ms,176900,139.164,0.191174
176916ms,176916,139.164,0.191172
176933ms,176933,139.142,0.191038
176950ms,176950,139.143,0.191046
176966ms,176966,139.142,0.191048
176983ms,176983,139.169,0.191192
177000ms,177000,139.169,0.191190
177016ms,177016,139.294,0.191305
177033ms,177033,139.299,0.191310
177050ms,177050,139.050,0.192581
177066ms,177066,139.051,0.192561
177083ms,177083,139.052,0.192540
177100ms,177100,138.681,0.190131
177116ms,177116,138.682,0.190126
177166ms,177166,137.699,0.188465
177183ms,177183,137.698,0.188465
177200ms,177200,137.613,0.193081
177216ms,177216,137.614,0.193083
177266ms,177266,136.542,0.187195
177283ms,177283,136.572,0.187389
177300ms,177300,136.338,0.185504
177316ms,177316,136.338,0.185504
177333ms,177333,136.625,0.185897
177716ms,177716,136.493,0.186759
177900ms,177900,137.993,0.190518
177916ms,177916,137.993,0.190569
177933ms,177933,137.636,0.187348
177950ms,177950,137.636,0.187348
177966ms,177966,138.234,0.192332
177983ms,177983,138.234,0.192332
178000ms,178000,137.941,0.188755
178016ms,178016,137.941,0.188755
178033ms,178033,138.269,0.189932
178050ms,178050,138.206,0.189705
178066ms,178066,138.653,0.190214
178083ms,178083,138.653,0.190214
178100ms,178100,138.653,0.190859
178116ms,178116,138.716,0.190922
178133ms,178133,139.113,0.191780
178150ms,178150,139.328,0.191644
178166ms,178166,139.253,0.192287
178183ms,178183,139.190,0.192232
178200ms,178200,139.190,0.192232
178216ms,178216,139.190,0.192232
178233ms,178233,139.200,0.191907
178250ms,178250,139.198,0.191921
178266ms,178266,139.197,0.191917
178283ms,178283,139.196,0.191921
178300ms,178300,139.198,0.191918
178316ms,178316,139.198,0.191918
178333ms,178333,139.197,0.191921
178350ms,178350,139.197,0.191920
178366ms,178366,139.198,0.191917
178383ms,178383,139.198,0.191919
178400ms,178400,139.198,0.191930
178416ms,178416,139.198,0.191929
178433ms,178433,139.198,0.191927
178450ms,178450,139.198,0.191927
178466ms,178466,139.198,0.191924
178483ms,178483,139.198,0.191924
178500ms,178500,139.074,0.191003
178516ms,178516,139.166,0.190899
178533ms,178533,139.155,0.190415
178550ms,178550,138.868,0.190935
178566ms,178566,138.868,0.190935
178583ms,178583,138.868,0.190935
178600ms,178600,138.335,0.188845
178616ms,178616,138.335,0.188845
178766ms,178766,137.239,0.200308
178783ms,178783,137.212,0.201152
178800ms,178800,136.256,0.186263
178816ms,178816,136.256,0.186263
178833ms,178833,136.330,0.184707
178850ms,178850,136.328,0.184704
178866ms,178866,136.328,0.184626
178883ms,178883,136.328,0.184626
179216ms,179216,136.480,0.189282
179400ms,179400,137.521,0.186950
179416ms,179416,137.493,0.186939
179433ms,179433,137.549,0.188033
179450ms,179450,137.550,0.188035
179466ms,179466,137.576,0.188551
179483ms,179483,137.577,0.188555
179500ms,179500,138.082,0.189745
179516ms,179516,138.082,0.189745
179583ms,179583,138.694,0.189746
179600ms,179600,138.746,0.190428
179616ms,179616,138.794,0.190021
179633ms,179633,138.982,0.190306
179650ms,179650,139.005,0.190386
179666ms,179666,139.230,0.192507
179683ms,179683,139.230,0.192507
179700ms,179700,139.230,0.192507
179716ms,179716,139.195,0.192944
179733ms,179733,139.196,0.192935
179750ms,179750,139.195,0.192953
179766ms,179766,139.194,0.192975
179783ms,179783,139.192,0.192961
179800ms,179800,139.094,0.193879
179816ms,179816,139.094,0.193883
179833ms,179833,139.096,0.193897
179850ms,179850,139.096,0.193894
179866ms,179866,139.096,0.193890
179883ms,179883,139.096,0.193888
179900ms,179900,139.155,0.192609
179916ms,179916,139.121,0.192998
179933ms,179933,139.057,0.193490
179950ms,179950,139.058,0.193477
179966ms,179966,139.056,0.193493
179983ms,179983,139.059,0.191729
180033ms,180033,139.110,0.192004
180050ms,180050,139.113,0.191969
180150ms,180150,137.531,0.188820
180266ms,180266,136.496,0.185650
180283ms,180283,136.496,0.185650
180300ms,180300,136.526,0.184372
180316ms,180316,136.526,0.184372
180333ms,180333,136.399,0.183840
180516ms,180516,136.341,0.192071
180533ms,180533,136.401,0.189208
180600ms,180600,136.598,0.188587
180616ms,180616,136.467,0.189986
180883ms,180883,137.545,0.187626
180900ms,180900,137.545,0.187626
180916ms,180916,137.709,0.187623
180933ms,180933,137.672,0.187749
180950ms,180950,138.265,0.191933
180966ms,180966,138.110,0.189671
180983ms,180983,138.110,0.189671
181000ms,181000,138.339,0.189532
181016ms,181016,138.338,0.189524
181033ms,181033,138.768,0.190187
181050ms,181050,138.750,0.190267
181066ms,181066,138.819,0.190385
181083ms,181083,138.778,0.190464
181100ms,181100,138.901,0.190714
181116ms,181116,138.917,0.190612
181133ms,181133,139.092,0.191405
181150ms,181150,139.092,0.191406
181166ms,181166,139.092,0.191408
181183ms,181183,139.092,0.191313
181200ms,181200,139.128,0.190778
181216ms,181216,139.128,0.190777
181233ms,181233,139.129,0.190779
181250ms,181250,139.158,0.190795
181266ms,181266,139.159,0.190794
181283ms,181283,139.161,0.190807
181300ms,181300,139.161,0.190804
181316ms,181316,139.174,0.190820
181333ms,181333,139.174,0.190820
181350ms,181350,139.175,0.190818
181366ms,181366,139.175,0.190816
181383ms,181383,139.175,0.190816
181400ms,181400,139.176,0.190817
181416ms,181416,139.176,0.190818
181433ms,181433,139.176,0.190818
181450ms,181450,139.148,0.190566
181500ms,181500,139.250,0.192293
181516ms,181516,139.299,0.192615
181533ms,181533,138.831,0.190202
181550ms,181550,138.831,0.190202
181566ms,181566,138.380,0.188794
181583ms,181583,138.385,0.188796
181600ms,181600,137.792,0.187779
181616ms,181616,137.792,0.187779
181633ms,181633,137.792,0.187779
181650ms,181650,137.306,0.189747
181666ms,181666,137.306,0.189747
181716ms,181716,136.777,0.186407
181733ms,181733,136.791,0.186628
181750ms,181750,136.508,0.189205
181766ms,181766,136.425,0.185201
181783ms,181783,136.425,0.185201
181800ms,181800,136.459,0.184440
181816ms,181816,136.459,0.184440
181833ms,181833,136.433,0.185623
181850ms,181850,136.433,0.185623
182133ms,182133,136.430,0.196766
182333ms,182333,137.908,0.192959
182366ms,182366,137.610,0.187503
182383ms,182383,137.613,0.187510
182400ms,182400,137.611,0.187522
182416ms,182416,137.810,0.187895
182433ms,182433,137.810,0.187897
182450ms,182450,137.959,0.188227
182466ms,182466,137.962,0.188199
182516ms,182516,138.763,0.190166
182533ms,182533,138.763,0.190166
182550ms,182550,138.692,0.190356
182566ms,182566,138.760,0.191013
182583ms,182583,138.746,0.190986
182600ms,182600,138.959,0.191119
182616ms,182616,138.978,0.190882
182633ms,182633,139.122,0.192085
182650ms,182650,139.087,0.192053
182883ms,182883,139.181,0.191051
182966ms,182966,139.295,0.194034
182983ms,182983,139.294,0.193980
183000ms,183000,138.937,0.191036
183016ms,183016,138.935,0.191042
183033ms,183033,138.320,0.189788
183050ms,183050,138.320,0.189788
183100ms,183100,137.928,0.202216
183116ms,183116,137.928,0.202015
183133ms,183133,137.928,0.202015
183183ms,183183,137.016,0.186918
183200ms,183200,137.064,0.186521
183216ms,183216,137.250,0.196573
183233ms,183233,137.250,0.196573
183250ms,183250,136.582,0.186477
183266ms,183266,136.621,0.186310
183283ms,183283,136.375,0.184487
183300ms,183300,136.375,0.184487
183316ms,183316,136.345,0.184208
183333ms,183333,136.171,0.185311
183366ms,183366,136.382,0.185682
183383ms,183383,136.380,0.185666
183466ms,183466,136.473,0.191667
183483ms,183483,136.473,0.191667
183800ms,183800,137.559,0.188510
183816ms,183816,137.834,0.191206
183866ms,183866,137.649,0.187722
183883ms,183883,137.649,0.187722
183900ms,183900,137.649,0.187722
183916ms,183916,137.651,0.187717
183933ms,183933,137.652,0.187715
184016ms,184016,138.755,0.190057
184033ms,184033,138.755,0.190057
184050ms,184050,138.740,0.190311
184083ms,184083,138.963,0.191045
184100ms,184100,138.963,0.191045
184116ms,184116,139.119,0.191039
184200ms,184200,139.230,0.191828
184216ms,184216,139.230,0.191827
184233ms,184233,139.230,0.191829
184366ms,184366,139.234,0.191770
184383ms,184383,139.297,0.192193
184400ms,184400,139.298,0.192197
184416ms,184416,139.292,0.192277
184433ms,184433,139.294,0.192237
184450ms,184450,139.340,0.192664
184466ms,184466,139.358,0.192111
184483ms,184483,139.048,0.191761
184500ms,184500,139.051,0.191726
184516ms,184516,138.561,0.190473
184533ms,184533,138.561,0.190473
184550ms,184550,138.006,0.188308
184600ms,184600,137.544,0.192950
184616ms,184616,137.544,0.192956
184633ms,184633,136.950,0.186379
184650ms,184650,136.950,0.186379
184666ms,184666,136.913,0.186593
184683ms,184683,137.172,0.195276
184700ms,184700,137.172,0.195276
184716ms,184716,136.562,0.185144
184733ms,184733,136.562,0.185139
184750ms,184750,136.381,0.184153
184766ms,184766,136.381,0.184153
184816ms,184816,136.552,0.186448
184833ms,184833,136.552,0.186449
185266ms,185266,136.742,0.185382
185316ms,185316,137.429,0.187311
185333ms,185333,137.321,0.187531
185350ms,185350,137.570,0.187384
185366ms,185366,138.197,0.191314
185383ms,185383,138.195,0.191304
185400ms,185400,137.889,0.189956
185416ms,185416,137.889,0.189956
185433ms,185433,137.886,0.189950
185483ms,185483,138.815,0.190578
185500ms,185500,138.823,0.190597
185516ms,185516,138.870,0.190513
185533ms,185533,138.866,0.190843
185550ms,185550,138.933,0.191597
185566ms,185566,138.926,0.191715
185650ms,185650,139.386,0.190836
185666ms,185666,139.385,0.190843
185683ms,185683,139.416,0.190918
185716ms,185716,139.380,0.191453
185733ms,185733,139.379,0.191451
185750ms,185750,139.315,0.191556
185766ms,185766,139.276,0.191484
185783ms,185783,139.276,0.191484
185800ms,185800,139.276,0.191484
185816ms,185816,139.276,0.191485
185833ms,185833,139.276,0.191486
185916ms,185916,139.472,0.191503
185933ms,185933,139.446,0.191343
185950ms,185950,139.365,0.193098
185966ms,185966,139.365,0.193098
186050ms,186050,137.906,0.189410
186066ms,186066,137.906,0.189410
186116ms,186116,136.880,0.186673
186133ms,186133,136.884,0.186684
186183ms,186183,137.149,0.197305
186200ms,186200,137.148,0.197124
186250ms,186250,136.381,0.184261
186266ms,186266,136.382,0.184252
186283ms,186283,136.321,0.184570
186300ms,186300,136.321,0.184570
186333ms,186333,136.972,0.196933
186616ms,186616,136.466,0.193653
186633ms,186633,136.466,0.193653
186716ms,186716,137.005,0.188023
186733ms,186733,137.051,0.190195
186750ms,186750,137.037,0.185593
186766ms,186766,137.037,0.185593
186816ms,186816,137.543,0.187308
186833ms,186833,137.543,0.187308
186850ms,186850,137.541,0.189122
186866ms,186866,137.428,0.189731
186883ms,186883,137.751,0.188665
186900ms,186900,137.751,0.188665
186983ms,186983,138.836,0.190297
187000ms,187000,138.782,0.190000
187016ms,187016,138.752,0.190497
187033ms,187033,138.752,0.190497
187050ms,187050,139.104,0.190434
187066ms,187066,139.139,0.190703
187116ms,187116,139.212,0.191635
187133ms,187133,139.212,0.191648
187150ms,187150,139.242,0.191709
187166ms,187166,139.225,0.191622
187183ms,187183,139.240,0.191637
187200ms,187200,139.239,0.191633
187216ms,187216,139.255,0.191918
187233ms,187233,139.255,0.191923
187250ms,187250,139.255,0.191923
187266ms,187266,139.255,0.191925
187283ms,187283,139.235,0.191623
187300ms,187300,139.186,0.191507
187316ms,187316,139.207,0.191794
187333ms,187333,139.209,0.191776
187416ms,187416,139.344,0.191872
187433ms,187433,139.345,0.191842
187450ms,187450,139.043,0.191011
187466ms,187466,139.044,0.191011
187500ms,187500,138.688,0.190299
187516ms,187516,137.970,0.189294
187533ms,187533,138.060,0.188816
187583ms,187583,136.992,0.187102
187600ms,187600,136.991,0.187098
187683ms,187683,136.375,0.185367
187700ms,187700,136.375,0.185367
187716ms,187716,136.375,0.185367
187733ms,187733,136.495,0.185339
187750ms,187750,136.339,0.184097
187766ms,187766,136.339,0.184098
187783ms,187783,136.339,0.184098
187800ms,187800,136.338,0.184097
187816ms,187816,136.315,0.185519
187833ms,187833,136.315,0.185519
187850ms,187850,136.302,0.185987
187866ms,187866,136.307,0.186377
187883ms,187883,136.491,0.189163
187900ms,187900,136.472,0.189096
188283ms,188283,137.293,0.187209
188300ms,188300,137.292,0.187208
188316ms,188316,137.570,0.187898
188333ms,188333,137.570,0.187898
188350ms,188350,138.231,0.191126
188366ms,188366,138.231,0.191126
188383ms,188383,137.997,0.188006
188400ms,188400,137.996,0.187987
188416ms,188416,138.043,0.188443
188433ms,188433,138.043,0.188443
188450ms,188450,138.043,0.188443
188466ms,188466,138.627,0.190070
188483ms,188483,138.556,0.189696
188500ms,188500,138.755,0.190611
188516ms,188516,138.755,0.190393
188533ms,188533,138.805,0.191052
188550ms,188550,139.057,0.190728
188566ms,188566,139.057,0.190728
188583ms,188583,139.035,0.190867
188600ms,188600,139.044,0.190888
188616ms,188616,139.043,0.190875
188633ms,188633,139.117,0.190888
188650ms,188650,139.114,0.190946
188666ms,188666,139.114,0.190946
188683ms,188683,139.113,0.190942
188700ms,188700,139.113,0.190942
188716ms,188716,139.112,0.190947
188733ms,188733,139.112,0.190949
188750ms,188750,139.112,0.190944
188766ms,188766,139.111,0.190946
188783ms,188783,139.111,0.190945
188800ms,188800,139.112,0.190942
188816ms,188816,139.112,0.190940
188833ms,188833,139.112,0.190940
188850ms,188850,139.117,0.190937
188866ms,188866,139.201,0.191159
188883ms,188883,139.199,0.191151
188900ms,188900,139.250,0.191103
188916ms,188916,139.250,0.191103
188933ms,188933,139.257,0.191943
188950ms,188950,138.748,0.190579
188966ms,188966,138.748,0.190579
188983ms,188983,138.164,0.189185
189000ms,189000,138.164,0.189185
189016ms,189016,138.164,0.189185
189033ms,189033,138.164,0.189185
189050ms,189050,137.773,0.201479
189066ms,189066,137.773,0.201479
189083ms,189083,137.773,0.201479
189100ms,189100,137.773,0.201479
189150ms,189150,136.496,0.185634
189166ms,189166,136.496,0.185634
189183ms,189183,136.549,0.185109
189200ms,189200,136.550,0.185111
189216ms,189216,136.526,0.185110
189233ms,189233,136.489,0.184549
189250ms,189250,136.489,0.184549
189266ms,189266,136.340,0.185197
189283ms,189283,136.342,0.185192
189516ms,189516,136.531,0.189148
189533ms,189533,136.530,0.189176
189600ms,189600,136.547,0.196244
189616ms,189616,136.485,0.196937
189783ms,189783,137.568,0.187879
189800ms,189800,137.568,0.187879
189816ms,189816,137.753,0.187853
189833ms,189833,137.754,0.187853
189850ms,189850,137.878,0.188129
189866ms,189866,137.878,0.188129
189883ms,189883,138.130,0.189868
189900ms,189900,138.130,0.189868
189950ms,189950,138.671,0.190540
189966ms,189966,138.671,0.190540
189983ms,189983,138.671,0.190540
190000ms,190000,138.671,0.190540
190016ms,190016,138.671,0.190540
190066ms,190066,139.096,0.192336
190083ms,190083,139.095,0.192340
190100ms,190100,139.095,0.192346
190366ms,190366,139.247,0.193416
190383ms,190383,139.242,0.193768
190400ms,190400,139.160,0.194507
190416ms,190416,139.156,0.192978
190433ms,190433,139.062,0.193106
190450ms,190450,139.062,0.193106
190466ms,190466,138.707,0.190943
190483ms,190483,138.707,0.190943
190533ms,190533,137.579,0.188146
190550ms,190550,137.680,0.195153
190566ms,190566,137.680,0.195153
190583ms,190583,136.840,0.188182
190600ms,190600,136.887,0.187839
190616ms,190616,136.591,0.186610
190633ms,190633,136.591,0.186610
190650ms,190650,136.461,0.186258
190666ms,190666,136.461,0.186256
190683ms,190683,136.435,0.184854
190700ms,190700,136.435,0.184854
190716ms,190716,136.435,0.184854
190733ms,190733,136.293,0.184669
190750ms,190750,136.268,0.184598
190766ms,190766,136.477,0.186229
190783ms,190783,136.477,0.186229
190916ms,190916,136.370,0.188077
191016ms,191016,136.505,0.194925
191033ms,191033,136.505,0.194925
191333ms,191333,138.318,0.194805
191383ms,191383,138.314,0.189411
191400ms,191400,138.373,0.189964
191416ms,191416,138.590,0.189210
191433ms,191433,138.638,0.189278
191450ms,191450,138.902,0.190226
191466ms,191466,138.902,0.190226
191483ms,191483,138.902,0.190226
191500ms,191500,139.248,0.190351
191516ms,191516,139.248,0.190350
191533ms,191533,139.544,0.190976
191550ms,191550,139.544,0.190976
191566ms,191566,139.391,0.191169
191583ms,191583,139.390,0.191173
191600ms,191600,139.386,0.191240
191616ms,191616,139.386,0.191243
191633ms,191633,139.386,0.191243
191650ms,191650,139.386,0.191243
191833ms,191833,139.323,0.191441
191850ms,191850,139.323,0.191439
191866ms,191866,139.402,0.191638
191883ms,191883,139.323,0.190755
191900ms,191900,139.219,0.190307
191916ms,191916,139.219,0.190307
192000ms,192000,137.548,0.188327
192016ms,192016,137.548,0.188327
192133ms,192133,136.363,0.184886
192150ms,192150,136.478,0.185950
192166ms,192166,136.478,0.185950
192216ms,192216,136.293,0.185075
192233ms,192233,136.293,0.185075
192250ms,192250,136.272,0.184639
192300ms,192300,136.298,0.186793
192316ms,192316,136.298,0.186791
192333ms,192333,136.289,0.187291
192350ms,192350,136.289,0.187291
192366ms,192366,136.488,0.188789
192383ms,192383,136.488,0.188789
192833ms,192833,137.687,0.188532
192850ms,192850,137.687,0.188532
192866ms,192866,137.687,0.188532
192883ms,192883,137.687,0.188532
192900ms,192900,138.646,0.190255
192916ms,192916,138.640,0.190014
192933ms,192933,138.799,0.189807
192950ms,192950,138.841,0.190611
192966ms,192966,138.841,0.190611
192983ms,192983,138.936,0.190808
193000ms,193000,138.969,0.190828
193016ms,193016,138.995,0.191557
193033ms,193033,139.333,0.191299
193050ms,193050,139.335,0.191301
193066ms,193066,139.339,0.191302
193083ms,193083,139.340,0.191235
193466ms,193466,137.715,0.188256
193483ms,193483,137.717,0.188236
193600ms,193600,136.438,0.185813
193616ms,193616,136.438,0.185813
193666ms,193666,136.295,0.185368
193683ms,193683,136.295,0.185368
193700ms,193700,136.327,0.185025
193716ms,193716,136.327,0.184523
193966ms,193966,136.578,0.195016
194033ms,194033,136.667,0.194531
194050ms,194050,136.674,0.193915
194183ms,194183,137.050,0.186900
194233ms,194233,137.671,0.186943
194250ms,194250,137.671,0.186957
194266ms,194266,137.670,0.188398
194283ms,194283,137.670,0.188398
194300ms,194300,137.722,0.188626
194316ms,194316,137.722,0.188626
194333ms,194333,138.180,0.189380
194350ms,194350,138.180,0.189380
194366ms,194366,138.598,0.189001
194383ms,194383,138.515,0.188691
194400ms,194400,138.675,0.189688
194416ms,194416,138.675,0.189688
194433ms,194433,138.810,0.190397
194450ms,194450,138.871,0.190384
194466ms,194466,138.969,0.190543
194483ms,194483,138.959,0.190620
194500ms,194500,138.951,0.190684
194800ms,194800,139.179,0.190944
194816ms,194816,139.225,0.190948
194916ms,194916,138.262,0.189719
194966ms,194966,137.593,0.189539
194983ms,194983,137.594,0.189366
195100ms,195100,136.491,0.185701
195116ms,195116,136.491,0.185700
195133ms,195133,136.378,0.184609
195150ms,195150,136.378,0.184609
195166ms,195166,136.362,0.184117
195183ms,195183,136.383,0.184315
195283ms,195283,137.192,0.193460
195300ms,195300,137.176,0.193041
195683ms,195683,137.788,0.190895
195716ms,195716,137.497,0.187299
195733ms,195733,137.531,0.187445
195750ms,195750,137.531,0.187444
195766ms,195766,138.362,0.192464
195783ms,195783,138.363,0.192444
195800ms,195800,138.928,0.187911
195816ms,195816,138.928,0.187911
195866ms,195866,138.756,0.189070
195883ms,195883,138.811,0.189144
195900ms,195900,138.595,0.190623
195916ms,195916,138.594,0.190602
195966ms,195966,139.204,0.190848
195983ms,195983,139.283,0.190998
196000ms,196000,139.260,0.191033
196016ms,196016,139.260,0.191033
196033ms,196033,139.260,0.191033
196050ms,196050,139.281,0.191000
196066ms,196066,139.322,0.191008
196083ms,196083,139.244,0.191154
196100ms,196100,139.244,0.191161
196116ms,196116,139.320,0.191011
196133ms,196133,139.320,0.191007
196150ms,196150,139.348,0.191328
196166ms,196166,139.349,0.191332
196183ms,196183,139.349,0.191334
196200ms,196200,139.367,0.191344
196216ms,196216,139.326,0.191310
196233ms,196233,139.298,0.191010
196250ms,196250,139.342,0.190997
196266ms,196266,139.327,0.191040
196283ms,196283,139.332,0.191050
196300ms,196300,139.431,0.191652
196316ms,196316,139.431,0.191652
196333ms,196333,139.298,0.190451
196350ms,196350,139.298,0.190451
196416ms,196416,138.316,0.189845
196433ms,196433,138.316,0.189845
196450ms,196450,137.730,0.188549
196466ms,196466,137.730,0.188549
196483ms,196483,137.595,0.194854
196500ms,196500,137.595,0.194854
196533ms,196533,136.671,0.187252
196550ms,196550,136.671,0.187252
196566ms,196566,136.482,0.185398
196583ms,196583,136.482,0.185398
196600ms,196600,136.562,0.185433
196616ms,196616,136.562,0.185433
196633ms,196633,136.382,0.183545
196650ms,196650,136.382,0.183545
196666ms,196666,136.543,0.187353
196683ms,196683,136.542,0.187356
196733ms,196733,136.412,0.186656
196833ms,196833,136.415,0.190993
197216ms,197216,137.607,0.187510
197233ms,197233,137.607,0.187510
197250ms,197250,138.275,0.194133
197266ms,197266,138.275,0.194133
197283ms,197283,137.928,0.189534
197300ms,197300,137.913,0.189531
197333ms,197333,138.684,0.190001
197350ms,197350,138.684,0.190001
197366ms,197366,138.798,0.190109
197383ms,197383,138.798,0.190109
197400ms,197400,138.838,0.190431
197416ms,197416,138.843,0.190384
197800ms,197800,139.193,0.192915
197816ms,197816,139.192,0.192920
197833ms,197833,138.816,0.190096
197850ms,197850,138.818,0.190094
197866ms,197866,138.277,0.188624
197883ms,197883,138.277,0.188624
197900ms,197900,138.277,0.188624
197916ms,197916,137.741,0.187672
197933ms,197933,137.746,0.187682
197950ms,197950,138.085,0.200120
197966ms,197966,138.085,0.200120
197983ms,197983,136.687,0.185714
198000ms,198000,136.687,0.185713
198016ms,198016,137.280,0.193342
198033ms,198033,137.280,0.193342
198050ms,198050,136.465,0.186165
198066ms,198066,136.463,0.186110
198083ms,198083,136.463,0.186110
198100ms,198100,136.463,0.186110
198116ms,198116,136.298,0.184286
198200ms,198200,136.303,0.185943
198516ms,198516,136.888,0.197810
198583ms,198583,137.309,0.186515
198683ms,198683,137.414,0.188298
198700ms,198700,137.484,0.187632
198750ms,198750,138.493,0.192630
198766ms,198766,138.493,0.192630
198816ms,198816,138.487,0.189950
198833ms,198833,138.486,0.189947
198850ms,198850,138.876,0.189757
198866ms,198866,138.876,0.189755
198883ms,198883,138.909,0.190048
198900ms,198900,138.969,0.190345
198916ms,198916,139.039,0.191257
199050ms,199050,139.182,0.191620
199066ms,199066,139.182,0.191623
199083ms,199083,139.271,0.191758
199100ms,199100,139.272,0.191727
199116ms,199116,139.356,0.191584
199133ms,199133,139.357,0.191584
199150ms,199150,139.271,0.191719
199166ms,199166,139.271,0.191718
199183ms,199183,139.271,0.191719
199200ms,199200,139.270,0.191724
199216ms,199216,139.270,0.191717
199233ms,199233,139.270,0.191714
199250ms,199250,139.271,0.191690
199266ms,199266,139.270,0.191689
199283ms,199283,139.100,0.191265
199316ms,199316,139.158,0.190345
199333ms,199333,138.576,0.189681
199350ms,199350,138.576,0.189681
199366ms,199366,138.576,0.189681
199383ms,199383,138.576,0.189681
199400ms,199400,138.102,0.200755
199416ms,199416,138.102,0.200755
199433ms,199433,138.102,0.200755
199450ms,199450,137.900,0.195676
199466ms,199466,137.899,0.195671
199483ms,199483,136.932,0.186950
199500ms,199500,136.955,0.186629
199516ms,199516,136.559,0.187935
199533ms,199533,136.559,0.187935
199583ms,199583,136.360,0.184596
199600ms,199600,136.360,0.184597
199616ms,199616,136.279,0.184347
199633ms,199633,136.283,0.184339
199650ms,199650,136.386,0.186405
199666ms,199666,136.386,0.186405
199766ms,199766,136.474,0.187395
199783ms,199783,136.474,0.187388
199800ms,199800,136.475,0.187381
199900ms,199900,136.405,0.192834
199950ms,199950,136.600,0.190553
200083ms,200083,137.039,0.185344
200100ms,200100,137.039,0.185344
200166ms,200166,137.563,0.187706
200183ms,200183,137.563,0.187706
200200ms,200200,137.563,0.187706
200216ms,200216,137.783,0.188570
200233ms,200233,137.781,0.188555
200250ms,200250,138.230,0.189071
200266ms,200266,138.230,0.189071
200316ms,200316,138.643,0.190014
200333ms,200333,138.643,0.190015
200383ms,200383,138.888,0.190217
200400ms,200400,138.888,0.190217
200416ms,200416,139.289,0.191822
200433ms,200433,139.285,0.191853
200450ms,200450,139.285,0.191853
200466ms,200466,139.285,0.191853
200483ms,200483,139.284,0.191796
200500ms,200500,139.284,0.191795
200516ms,200516,139.284,0.191798
200533ms,200533,139.284,0.191798
200550ms,200550,139.288,0.191812
200566ms,200566,139.285,0.191825
200583ms,200583,139.288,0.191823
200600ms,200600,139.289,0.191819
200616ms,200616,139.310,0.191838
200633ms,200633,139.310,0.191835
200650ms,200650,139.310,0.191832
200666ms,200666,139.310,0.191832
200683ms,200683,139.315,0.191818
200700ms,200700,139.317,0.191842
200716ms,200716,139.321,0.191879
200733ms,200733,139.322,0.191886
200750ms,200750,139.266,0.192132
200766ms,200766,139.051,0.191089
200783ms,200783,138.904,0.190935
200800ms,200800,138.905,0.190941
200816ms,200816,138.420,0.191388
200833ms,200833,138.516,0.191980
200883ms,200883,137.705,0.189525
200900ms,200900,137.705,0.189525
200916ms,200916,137.524,0.197546
200933ms,200933,137.524,0.197421
200950ms,200950,136.544,0.186461
200966ms,200966,136.551,0.186585
200983ms,200983,137.144,0.196250
201000ms,201000,137.144,0.196265
201016ms,201016,136.397,0.185863
201033ms,201033,136.398,0.185847
201050ms,201050,136.503,0.184608
201066ms,201066,136.503,0.184607
201083ms,201083,136.304,0.183684
201100ms,201100,136.303,0.183682
201116ms,201116,136.574,0.186178
201133ms,201133,136.574,0.186178
201616ms,201616,137.497,0.186938
201633ms,201633,137.497,0.186938
201650ms,201650,137.620,0.187562
201666ms,201666,137.620,0.187562
201683ms,201683,138.355,0.191003
201700ms,201700,138.355,0.191003
201716ms,201716,138.375,0.189987
201733ms,201733,137.948,0.190120
201750ms,201750,138.244,0.189356
201766ms,201766,138.200,0.189277
201816ms,201816,138.729,0.190139
201833ms,201833,138.744,0.190213
201850ms,201850,138.829,0.190823
201866ms,201866,138.829,0.190823
201883ms,201883,139.131,0.190466
201900ms,201900,139.131,0.190466
201916ms,201916,139.150,0.190650
201933ms,201933,139.150,0.190650
201950ms,201950,139.158,0.191281
201966ms,201966,139.154,0.191262
201983ms,201983,139.155,0.191250
202000ms,202000,139.153,0.191244
202016ms,202016,139.130,0.191482
202033ms,202033,139.128,0.191464
202050ms,202050,139.135,0.191495
202066ms,202066,139.134,0.191497
202083ms,202083,139.128,0.191461
202100ms,202100,139.128,0.191462
202116ms,202116,139.128,0.191464
202133ms,202133,139.127,0.191471
202150ms,202150,139.127,0.191461
202166ms,202166,139.127,0.191436
202183ms,202183,139.127,0.191427
202200ms,202200,139.127,0.191422
202216ms,202216,139.350,0.191852
202233ms,202233,139.356,0.191916
202250ms,202250,139.140,0.192448
202266ms,202266,139.142,0.192389
202300ms,202300,138.885,0.190028
202316ms,202316,138.207,0.189297
202333ms,202333,138.210,0.189312
202350ms,202350,137.662,0.187770
202366ms,202366,137.663,0.187774
202383ms,202383,137.398,0.189514
202400ms,202400,137.398,0.189514
202450ms,202450,136.926,0.186361
202466ms,202466,136.926,0.186361
202483ms,202483,136.926,0.186361
202500ms,202500,136.636,0.186824
202516ms,202516,136.636,0.186826
202533ms,202533,137.003,0.193630
202550ms,202550,136.462,0.184476
202566ms,202566,136.456,0.184571
202583ms,202583,136.346,0.185131
202600ms,202600,136.346,0.185131
202683ms,202683,136.297,0.186792
202700ms,202700,136.299,0.187055
202900ms,202900,136.607,0.190024
202916ms,202916,136.497,0.189223
202933ms,202933,136.546,0.189009
203116ms,203116,137.538,0.187761
203133ms,203133,137.610,0.187393
203150ms,203150,138.223,0.190500
203166ms,203166,138.196,0.189676
203183ms,203183,137.788,0.188739
203200ms,203200,137.788,0.188739
203216ms,203216,137.741,0.188733
203266ms,203266,138.518,0.191806
203283ms,203283,138.518,0.191806
203300ms,203300,138.518,0.191806
203316ms,203316,138.518,0.191806
203333ms,203333,138.759,0.190154
203350ms,203350,139.166,0.190308
203366ms,203366,139.166,0.190308
203383ms,203383,139.320,0.190286
203400ms,203400,139.274,0.190550
203700ms,203700,139.231,0.190285
203716ms,203716,139.235,0.190294
203733ms,203733,139.303,0.190495
203750ms,203750,139.431,0.190381
203766ms,203766,139.413,0.190231
203850ms,203850,137.463,0.189972
203866ms,203866,137.462,0.189973
203883ms,203883,137.696,0.191099
203900ms,203900,137.696,0.191099
203916ms,203916,136.940,0.186587
203933ms,203933,136.940,0.186587
204000ms,204000,136.358,0.185569
204016ms,204016,136.359,0.185569
204033ms,204033,136.346,0.184233
204050ms,204050,136.346,0.184234
204066ms,204066,136.344,0.184501
204083ms,204083,136.343,0.184500
204100ms,204100,136.502,0.185327
204116ms,204116,136.501,0.185331
204150ms,204150,136.366,0.186287
204216ms,204216,136.368,0.188147
204233ms,204233,136.368,0.188147
204433ms,204433,136.753,0.191998
204450ms,204450,136.755,0.191974
204616ms,204616,137.563,0.187873
204633ms,204633,137.563,0.187874
204650ms,204650,137.759,0.188388
204666ms,204666,137.759,0.188388
204716ms,204716,138.357,0.188963
204733ms,204733,138.357,0.188963
204750ms,204750,138.381,0.189168
204766ms,204766,138.701,0.189516
204783ms,204783,138.701,0.189516
204800ms,204800,138.882,0.190295
204816ms,204816,138.908,0.190369
204833ms,204833,139.187,0.189956
204850ms,204850,139.097,0.190054
204866ms,204866,139.203,0.191008
204883ms,204883,139.206,0.191003
204900ms,204900,139.204,0.190993
204916ms,204916,139.211,0.191013
204933ms,204933,139.151,0.190988
204950ms,204950,139.150,0.191011
204966ms,204966,139.149,0.191028
204983ms,204983,139.142,0.191086
205000ms,205000,139.169,0.191063
205016ms,205016,139.171,0.191053
205033ms,205033,139.171,0.191031
205049ms,205049,139.143,0.190771
205066ms,205066,139.143,0.190771
205083ms,205083,139.116,0.190759
205100ms,205100,139.116,0.190760
205116ms,205116,139.116,0.190762
205133ms,205133,139.117,0.190768
205150ms,205150,139.102,0.190969
205166ms,205166,139.220,0.190123
205183ms,205183,139.220,0.190124
205200ms,205200,139.250,0.190459
205216ms,205216,139.233,0.190484
205233ms,205233,139.040,0.190718
205250ms,205250,138.969,0.190682
205266ms,205266,138.349,0.188299
205283ms,205283,138.349,0.188299
205299ms,205299,137.664,0.187771
205316ms,205316,137.675,0.187770
205333ms,205333,137.204,0.188650
205416ms,205416,136.364,0.185832
205433ms,205433,136.365,0.185832
205450ms,205450,136.476,0.186382
205466ms,205466,136.476,0.186382
205483ms,205483,136.476,0.186382
205500ms,205500,136.273,0.186563
205516ms,205516,136.251,0.186099
205633ms,205633,136.385,0.186498
205650ms,205650,136.373,0.185378
205816ms,205816,136.692,0.194978
205833ms,205833,136.727,0.194947
206033ms,206033,137.558,0.187188
206049ms,206049,137.558,0.187188
206066ms,206066,137.453,0.188849
206083ms,206083,137.478,0.188757
206100ms,206100,137.533,0.188666
206116ms,206116,137.523,0.188666
206133ms,206133,138.095,0.190695
206150ms,206150,138.287,0.189267
206166ms,206166,138.287,0.189267
206216ms,206216,138.655,0.190088
206233ms,206233,138.655,0.190088
206250ms,206250,138.661,0.190058
206266ms,206266,138.959,0.190931
206283ms,206283,138.974,0.191293
206299ms,206299,139.233,0.191590
206316ms,206316,139.224,0.191349
206333ms,206333,139.077,0.191384
206350ms,206350,139.099,0.191401
206366ms,206366,139.102,0.191392
206383ms,206383,139.137,0.191561
206400ms,206400,139.158,0.191750
206416ms,206416,139.158,0.191759
206433ms,206433,139.144,0.191741
206450ms,206450,139.139,0.191712
206516ms,206516,139.048,0.191474
206533ms,206533,139.051,0.191491
206549ms,206549,139.051,0.191492
206566ms,206566,139.051,0.191488
206583ms,206583,139.175,0.191366
206600ms,206600,139.172,0.191365
206616ms,206616,139.178,0.191358
206633ms,206633,139.061,0.191124
206650ms,206650,139.155,0.191058
206666ms,206666,139.102,0.190195
206683ms,206683,139.101,0.190250
206733ms,206733,137.966,0.189106
206750ms,206750,137.965,0.189103
206766ms,206766,137.537,0.189551
206783ms,206783,137.537,0.189551
206799ms,206799,137.121,0.187489
206816ms,206816,137.131,0.187448
206866ms,206866,137.150,0.196497
206900ms,206900,136.431,0.185543
206916ms,206916,136.537,0.185662
206933ms,206933,136.535,0.185702
206950ms,206950,136.467,0.184226
206966ms,206966,136.467,0.184226
207266ms,207266,136.180,0.191352
207283ms,207283,136.180,0.191349
207533ms,207533,137.657,0.187306
207549ms,207549,137.672,0.187208
207566ms,207566,138.277,0.190492
207583ms,207583,138.279,0.190579
207600ms,207600,137.903,0.190959
207616ms,207616,137.915,0.191033
207633ms,207633,138.203,0.189081
207650ms,207650,138.203,0.189081
207666ms,207666,138.662,0.190130
207683ms,207683,138.641,0.189388
207700ms,207700,138.701,0.190202
207716ms,207716,138.943,0.191304
207733ms,207733,138.943,0.191304
207750ms,207750,138.943,0.191304
207766ms,207766,138.943,0.191304
207783ms,207783,138.962,0.190959
208049ms,208049,139.161,0.191020
208066ms,208066,139.161,0.191113
208083ms,208083,139.155,0.191110
208100ms,208100,139.329,0.191981
208116ms,208116,139.196,0.193140
208133ms,208133,139.036,0.191400
208150ms,208150,139.036,0.191400
208166ms,208166,138.700,0.190069
208183ms,208183,138.700,0.190069
208233ms,208233,137.504,0.188480
208250ms,208250,137.504,0.188480
208266ms,208266,137.154,0.187842
208283ms,208283,137.166,0.187851
208333ms,208333,137.350,0.191537
208350ms,208350,137.350,0.191537
208366ms,208366,136.443,0.184979
208383ms,208383,136.443,0.184979
208400ms,208400,136.599,0.185155
208416ms,208416,136.599,0.185152
208433ms,208433,136.365,0.184401
208450ms,208450,136.365,0.184401
208466ms,208466,136.604,0.186833
208483ms,208483,136.604,0.186833
208600ms,208600,136.408,0.189263
208616ms,208616,136.408,0.189263
209000ms,209000,137.613,0.187695
209016ms,209016,137.644,0.187587
209033ms,209033,138.368,0.191282
209049ms,209049,138.368,0.191282
209066ms,209066,138.368,0.191282
209083ms,209083,138.368,0.191282
209166ms,209166,138.840,0.189631
209183ms,209183,138.858,0.190233
209200ms,209200,138.994,0.190419
209216ms,209216,139.057,0.190440
209566ms,209566,139.458,0.189950
209583ms,209583,139.390,0.190433
209600ms,209600,139.263,0.190862
209616ms,209616,139.278,0.191095
209633ms,209633,138.893,0.190705
209650ms,209650,138.893,0.190718
209666ms,209666,138.892,0.190732
209700ms,209700,138.547,0.188870
209716ms,209716,137.664,0.188285
209783ms,209783,136.797,0.186285
209799ms,209799,136.865,0.186980
209816ms,209816,136.865,0.186980
209833ms,209833,136.341,0.186346
209850ms,209850,136.341,0.186334
209866ms,209866,136.929,0.196043
209883ms,209883,136.929,0.196043
209900ms,209900,136.281,0.186360
209916ms,209916,136.281,0.186360
210233ms,210233,136.217,0.189548
210250ms,210250,136.202,0.189398
210266ms,210266,136.470,0.193731
210283ms,210283,136.471,0.193701
210299ms,210299,136.783,0.197952
210316ms,210316,136.863,0.196547
210516ms,210516,138.208,0.191672
210533ms,210533,137.824,0.188085
210549ms,210549,137.824,0.188087
210583ms,210583,138.158,0.190011
210600ms,210600,138.349,0.190100
210616ms,210616,138.349,0.190100
210633ms,210633,138.349,0.190100
210650ms,210650,138.349,0.190100
210666ms,210666,138.933,0.190093
210683ms,210683,138.933,0.190092
210700ms,210700,138.933,0.190093
210716ms,210716,138.933,0.190093
210766ms,210766,139.334,0.190834
210783ms,210783,139.334,0.190834
210799ms,210799,139.334,0.190834
210950ms,210950,139.281,0.190985
210966ms,210966,139.364,0.191268
210983ms,210983,139.364,0.191266
211000ms,211000,139.364,0.191258
211016ms,211016,139.429,0.191213
211033ms,211033,139.388,0.191372
211049ms,211049,139.389,0.191385
211066ms,211066,139.324,0.191296
211083ms,211083,139.323,0.191295
211100ms,211100,139.053,0.190730
211116ms,211116,139.055,0.190735
211183ms,211183,137.771,0.189486
211200ms,211200,137.771,0.189486
211250ms,211250,137.381,0.189672
211266ms,211266,137.380,0.189668
211316ms,211316,136.372,0.186062
211333ms,211333,136.363,0.185303
211350ms,211350,136.363,0.185303
211366ms,211366,136.299,0.184220
211383ms,211383,136.299,0.184220
211400ms,211400,136.223,0.185236
211416ms,211416,136.221,0.185238
211983ms,211983,137.655,0.188001
212000ms,212000,137.653,0.188039
212016ms,212016,138.391,0.194503
212033ms,212033,138.413,0.192015
212083ms,212083,138.587,0.191388
212100ms,212100,138.530,0.189248
212116ms,212116,138.654,0.189751
212133ms,212133,138.915,0.189304
212150ms,212150,138.899,0.189421
212166ms,212166,139.002,0.190800
212183ms,212183,139.002,0.190800
212216ms,212216,139.046,0.191140
212233ms,212233,139.046,0.191140
212250ms,212250,139.046,0.191140
212266ms,212266,139.051,0.190969
212283ms,212283,139.051,0.190975
212299ms,212299,139.052,0.190987
212316ms,212316,139.052,0.191014
212333ms,212333,139.052,0.191005
212350ms,212350,139.053,0.191002
212366ms,212366,139.052,0.190994
212383ms,212383,139.051,0.190987
212400ms,212400,139.052,0.190989
212416ms,212416,138.963,0.190954
212433ms,212433,138.963,0.190953
212450ms,212450,138.963,0.190954
212466ms,212466,138.963,0.190954
212483ms,212483,138.963,0.190954
212516ms,212516,139.097,0.191277
212533ms,212533,139.028,0.191511
212716ms,212716,137.952,0.194839
212733ms,212733,137.953,0.194848
212750ms,212750,136.908,0.185718
212766ms,212766,136.910,0.185712
212783ms,212783,137.178,0.200696
212799ms,212799,137.165,0.201637
212816ms,212816,136.276,0.186552
212833ms,212833,136.276,0.186552
212850ms,212850,136.532,0.185813
212866ms,212866,136.532,0.185813
212883ms,212883,136.233,0.184617
212900ms,212900,136.233,0.184617
212916ms,212916,136.401,0.185954
213033ms,213033,136.366,0.189802
213049ms,213049,136.366,0.189802
213066ms,213066,136.366,0.189802
213083ms,213083,136.366,0.189802
213100ms,213100,136.366,0.189802
213400ms,213400,137.464,0.187236
213416ms,213416,137.466,0.187220
213433ms,213433,137.480,0.187201
213450ms,213450,137.480,0.187201
213466ms,213466,137.480,0.187201
213483ms,213483,138.320,0.192138
213500ms,213500,138.320,0.192138
213516ms,213516,138.033,0.190596
213533ms,213533,138.034,0.190627
213549ms,213549,139.154,0.188910
213566ms,213566,139.149,0.189179
213616ms,213616,138.844,0.189268
213633ms,213633,138.736,0.189678
213650ms,213650,138.917,0.190953
213666ms,213666,138.917,0.190953
213683ms,213683,138.985,0.191694
213700ms,213700,138.985,0.191694
213716ms,213716,139.056,0.191295
213766ms,213766,139.114,0.191896
213783ms,213783,139.114,0.191896
213799ms,213799,139.114,0.191895
213816ms,213816,139.114,0.191907
214016ms,214016,139.193,0.191895
214033ms,214033,139.165,0.192205
214049ms,214049,139.176,0.192204
214066ms,214066,139.169,0.192223
214083ms,214083,139.041,0.190676
214100ms,214100,139.075,0.190579
214116ms,214116,138.303,0.189057
214133ms,214133,137.776,0.189715
214150ms,214150,137.784,0.189715
214250ms,214250,136.775,0.186931
214266ms,214266,136.775,0.186931
214283ms,214283,136.550,0.186908
214299ms,214299,136.523,0.186996
214350ms,214350,136.429,0.184251
214366ms,214366,136.427,0.184028
214383ms,214383,136.404,0.184433
214400ms,214400,136.404,0.184433
214933ms,214933,137.757,0.187968
214950ms,214950,137.693,0.188280
214966ms,214966,137.705,0.188213
214983ms,214983,137.848,0.187918
215000ms,215000,137.847,0.187916
215016ms,215016,138.208,0.189902
215033ms,215033,138.198,0.189837
215049ms,215049,138.149,0.188807
215066ms,215066,138.149,0.188807
215083ms,215083,138.737,0.189699
215100ms,215100,138.642,0.189921
215150ms,215150,138.984,0.190887
215166ms,215166,139.076,0.190803
215516ms,215516,139.279,0.191656
215533ms,215533,139.275,0.191644
215549ms,215549,139.153,0.190457
215566ms,215566,139.153,0.190457
215616ms,215616,138.009,0.191136
215633ms,215633,138.009,0.191136
215716ms,215716,136.808,0.186688
215733ms,215733,136.762,0.187100
215750ms,215750,137.185,0.199662
215783ms,215783,136.538,0.186174
215799ms,215799,136.538,0.186173
215816ms,215816,136.615,0.185716
215833ms,215833,136.615,0.185715
215850ms,215850,136.156,0.185148
215866ms,215866,136.156,0.185148
215916ms,215916,136.488,0.186893
215933ms,215933,136.485,0.186884
216150ms,216150,136.226,0.191692
216166ms,216166,136.551,0.190273
216416ms,216416,137.527,0.188374
216433ms,216433,137.547,0.188347
216450ms,216450,138.155,0.189969
216466ms,216466,138.155,0.189969
216483ms,216483,138.155,0.189969
216500ms,216500,137.920,0.190628
216549ms,216549,138.813,0.189865
216566ms,216566,138.817,0.189436
216583ms,216583,138.748,0.190129
216600ms,216600,138.764,0.189833
216616ms,216616,138.839,0.190831
216633ms,216633,138.925,0.191666
216650ms,216650,139.112,0.191563
216666ms,216666,139.060,0.191349
216683ms,216683,139.044,0.191239
216700ms,216700,139.045,0.191227
216716ms,216716,138.994,0.191166
216733ms,216733,138.994,0.191166
216750ms,216750,138.980,0.191131
216766ms,216766,138.983,0.191146
216783ms,216783,139.040,0.191584
216799ms,216799,139.042,0.191594
216816ms,216816,139.040,0.191595
216833ms,216833,139.039,0.191593
216850ms,216850,139.040,0.191587
216866ms,216866,139.040,0.191586
216883ms,216883,139.039,0.191584
216900ms,216900,139.039,0.191584
216916ms,216916,139.039,0.191584
216933ms,216933,139.039,0.191584
216950ms,216950,139.059,0.191680
216966ms,216966,139.059,0.191678
216983ms,216983,139.184,0.191859
217000ms,217000,139.182,0.191833
217016ms,217016,138.896,0.190886
217033ms,217033,138.836,0.190827
217049ms,217049,138.763,0.190994
217066ms,217066,138.704,0.190904
217083ms,217083,138.167,0.189563
217100ms,217100,138.077,0.189444
217116ms,217116,137.577,0.188042
217133ms,217133,137.577,0.188042
217150ms,217150,137.729,0.198909
217166ms,217166,137.729,0.198909
217216ms,217216,136.761,0.187192
217233ms,217233,136.714,0.187955
217250ms,217250,136.711,0.187850
217266ms,217266,136.410,0.186416
217283ms,217283,136.410,0.186416
217299ms,217299,136.545,0.185794
217316ms,217316,136.284,0.184183
217333ms,217333,136.284,0.184183
217350ms,217350,137.063,0.194343
217616ms,217616,136.241,0.189733
217633ms,217633,136.241,0.189733
217650ms,217650,136.242,0.189817
217916ms,217916,137.769,0.188427
217933ms,217933,137.770,0.188429
217950ms,217950,137.770,0.188427
217966ms,217966,137.770,0.188427
218033ms,218033,138.717,0.190242
218049ms,218049,138.899,0.189201
218066ms,218066,138.743,0.189715
218083ms,218083,138.750,0.189736
218100ms,218100,138.766,0.190335
218416ms,218416,139.014,0.190970
218466ms,218466,139.182,0.192260
218483ms,218483,139.264,0.192565
218500ms,218500,139.192,0.191953
218549ms,218549,138.358,0.189232
218566ms,218566,138.399,0.189243
218583ms,218583,137.654,0.188148
218600ms,218600,137.654,0.188148
218616ms,218616,137.313,0.189164
218633ms,218633,137.313,0.189165
218650ms,218650,136.652,0.185966
218666ms,218666,136.652,0.185965
218683ms,218683,136.791,0.186889
218700ms,218700,136.789,0.186903
218716ms,218716,136.421,0.185495
218733ms,218733,136.421,0.185495
218750ms,218750,136.421,0.185495
218799ms,218799,136.330,0.184586
218816ms,218816,136.331,0.184577
218833ms,218833,136.545,0.185253
218850ms,218850,136.545,0.185253
218950ms,218950,136.635,0.189357
218966ms,218966,136.631,0.189206
219166ms,219166,136.552,0.195202
219183ms,219183,136.556,0.194675
219350ms,219350,137.517,0.187302
219366ms,219366,137.517,0.187302
219383ms,219383,138.271,0.188815
219400ms,219400,138.271,0.188815
219416ms,219416,137.992,0.188198
219433ms,219433,137.987,0.188202
219450ms,219450,138.207,0.189627
219466ms,219466,138.207,0.189627
219483ms,219483,138.724,0.188641
219500ms,219500,138.632,0.188696
219516ms,219516,138.638,0.188733
219533ms,219533,138.700,0.190110
219549ms,219549,138.705,0.190117
219566ms,219566,138.835,0.191110
219583ms,219583,138.796,0.190749
219600ms,219600,139.060,0.190282
219616ms,219616,138.939,0.190589
219633ms,219633,139.040,0.190586
219650ms,219650,139.040,0.190586
219666ms,219666,138.970,0.190827
219683ms,219683,138.963,0.190828
219700ms,219700,138.964,0.190814
219716ms,219716,138.961,0.190824
219733ms,219733,138.962,0.190821
219750ms,219750,138.961,0.190811
219766ms,219766,138.975,0.190841
219783ms,219783,138.974,0.190839
219799ms,219799,138.974,0.190839
219816ms,219816,138.988,0.190775
219833ms,219833,138.988,0.190772
219850ms,219850,138.988,0.190763
219866ms,219866,138.988,0.190764
219883ms,219883,138.989,0.190753
220000ms,220000,138.879,0.190198
220016ms,220016,138.882,0.190176
220033ms,220033,138.347,0.188967
220049ms,220049,138.345,0.188962
220066ms,220066,137.870,0.188869
220083ms,220083,137.870,0.188869
220100ms,220100,137.404,0.189422
220116ms,220116,137.494,0.193213
220133ms,220133,137.494,0.193217
220150ms,220150,136.847,0.188332
220166ms,220166,136.845,0.188329
220216ms,220216,137.184,0.193800
220233ms,220233,137.184,0.193804
220250ms,220250,137.185,0.193800
220266ms,220266,136.426,0.184136
220283ms,220283,136.426,0.184136
220299ms,220299,136.311,0.186216
220316ms,220316,136.327,0.184105
220366ms,220366,136.305,0.186166
220383ms,220383,136.305,0.186166
220400ms,220400,136.305,0.186166
220416ms,220416,136.305,0.186166
220633ms,220633,136.776,0.194947
220650ms,220650,136.776,0.194947
220799ms,220799,137.350,0.187358
220816ms,220816,137.348,0.187439
220900ms,220900,137.812,0.188479
220916ms,220916,138.298,0.190270
220933ms,220933,138.310,0.190311
220950ms,220950,138.599,0.190023
220966ms,220966,138.599,0.190023
220983ms,220983,138.738,0.190314
221000ms,221000,138.738,0.190314
221016ms,221016,138.652,0.189860
221033ms,221033,138.504,0.189765
221049ms,221049,138.504,0.189765
221066ms,221066,138.617,0.191234
221083ms,221083,138.778,0.191032
221100ms,221100,138.919,0.189930
221116ms,221116,138.845,0.190208
221316ms,221316,139.106,0.190554
221333ms,221333,139.106,0.190581
221350ms,221350,139.110,0.190566
221366ms,221366,139.089,0.190613
221383ms,221383,139.088,0.190626
221400ms,221400,139.114,0.190628
221416ms,221416,139.113,0.190641
221433ms,221433,139.048,0.190983
221450ms,221450,139.166,0.190308
221466ms,221466,139.029,0.189870
221483ms,221483,139.034,0.189882
221500ms,221500,138.439,0.190484
221516ms,221516,138.439,0.190484
221533ms,221533,137.932,0.188279
221549ms,221549,137.933,0.188266
221600ms,221600,137.306,0.189365
221633ms,221633,136.668,0.187098
221650ms,221650,136.668,0.187098
221666ms,221666,136.440,0.186101
221683ms,221683,136.386,0.186311
221700ms,221700,136.337,0.184821
221716ms,221716,136.545,0.185833
221733ms,221733,136.446,0.185718
221750ms,221750,136.087,0.184871
221766ms,221766,136.087,0.184871
221783ms,221783,136.087,0.184871
221833ms,221833,136.366,0.187435
221850ms,221850,136.370,0.187462
221866ms,221866,136.373,0.187507
221883ms,221883,136.375,0.187487
221900ms,221900,136.339,0.186954
221916ms,221916,136.309,0.187430
222116ms,222116,136.784,0.196206
222133ms,222133,136.783,0.196201
222299ms,222299,137.463,0.186989
222316ms,222316,137.472,0.186954
222333ms,222333,137.505,0.188376
222350ms,222350,137.509,0.188386
222366ms,222366,138.339,0.189766
222383ms,222383,138.339,0.189766
222400ms,222400,137.982,0.189225
222416ms,222416,137.982,0.189225
222466ms,222466,138.700,0.189675
222483ms,222483,138.718,0.188924
222533ms,222533,138.998,0.191355
222549ms,222549,139.001,0.191356
222650ms,222650,139.159,0.191910
222866ms,222866,139.266,0.192884
222883ms,222883,139.264,0.192879
222900ms,222900,139.231,0.192669
222916ms,222916,139.259,0.193046
222933ms,222933,139.126,0.192486
222950ms,222950,139.126,0.192485
222966ms,222966,138.984,0.190990
222983ms,222983,138.984,0.190990
223033ms,223033,137.636,0.188360
223049ms,223049,137.635,0.188359
223166ms,223166,136.416,0.185342
223183ms,223183,136.416,0.185342
223200ms,223200,136.517,0.184855
223216ms,223216,136.517,0.184855
223233ms,223233,136.517,0.184855
223250ms,223250,136.517,0.184855
223266ms,223266,136.540,0.185457
223283ms,223283,136.541,0.185462
223400ms,223400,136.527,0.190256
223416ms,223416,136.561,0.189297
223533ms,223533,136.518,0.190507
223549ms,223549,136.504,0.190237
223616ms,223616,136.564,0.193184
223799ms,223799,137.609,0.187515
223816ms,223816,137.622,0.187423
223833ms,223833,137.607,0.188377
223850ms,223850,137.607,0.188379
223866ms,223866,137.843,0.187846
223883ms,223883,137.835,0.187809
223966ms,223966,138.680,0.190123
223983ms,223983,138.687,0.190163
224000ms,224000,138.693,0.190601
224016ms,224016,138.808,0.190804
224033ms,224033,139.031,0.191555
224049ms,224049,139.123,0.192191
224066ms,224066,139.120,0.192224
224083ms,224083,139.242,0.191816
224100ms,224100,139.092,0.191642
224116ms,224116,139.094,0.191630
224133ms,224133,139.155,0.191651
224150ms,224150,139.154,0.191644
224166ms,224166,139.152,0.191653
224183ms,224183,139.152,0.191668
224200ms,224200,139.068,0.191394
224216ms,224216,139.068,0.191394
224233ms,224233,139.069,0.191394
224250ms,224250,139.068,0.191398
224266ms,224266,139.067,0.191404
224283ms,224283,139.067,0.191405
224299ms,224299,139.067,0.191406
224316ms,224316,139.070,0.191411
224350ms,224350,139.069,0.191406
224366ms,224366,139.125,0.191538
224383ms,224383,139.273,0.191790
224400ms,224400,139.191,0.192546
224416ms,224416,139.191,0.192546
224433ms,224433,139.191,0.192546
224450ms,224450,139.084,0.190785
224466ms,224466,139.009,0.190921
224483ms,224483,138.386,0.188860
224500ms,224500,137.849,0.189074
224516ms,224516,137.862,0.189075
224633ms,224633,137.157,0.194799
224650ms,224650,137.157,0.194799
224733ms,224733,136.529,0.184824
224750ms,224750,136.528,0.184827
224850ms,224850,136.366,0.186644
224866ms,224866,136.366,0.186644
225100ms,225100,136.869,0.195550
225116ms,225116,136.884,0.194843
225283ms,225283,137.739,0.188115
225299ms,225299,137.805,0.187992
225316ms,225316,137.691,0.188144
225333ms,225333,138.422,0.193400
225350ms,225350,138.409,0.193367
225366ms,225366,138.253,0.190330
225383ms,225383,138.253,0.190330
225400ms,225400,138.364,0.189939
225416ms,225416,138.363,0.189935
225450ms,225450,138.820,0.189810
225466ms,225466,138.838,0.190433
225483ms,225483,138.838,0.190433
225500ms,225500,138.936,0.190640
225516ms,225516,139.026,0.190874
225533ms,225533,138.915,0.191114
225549ms,225549,138.924,0.191140
225566ms,225566,138.924,0.191142
225583ms,225583,138.927,0.191140
225600ms,225600,138.914,0.191035
225616ms,225616,138.906,0.190986
225633ms,225633,138.892,0.190952
225650ms,225650,138.911,0.190989
225666ms,225666,138.911,0.190990
225683ms,225683,138.911,0.190985
225700ms,225700,138.910,0.190982
225716ms,225716,138.910,0.190980
225733ms,225733,138.910,0.190987
225750ms,225750,138.911,0.190976
225766ms,225766,138.863,0.190602
225783ms,225783,138.863,0.190600
225799ms,225799,138.863,0.190591
225816ms,225816,138.928,0.190598
225833ms,225833,139.081,0.191419
225850ms,225850,139.132,0.191511
225866ms,225866,139.143,0.191424
225883ms,225883,139.140,0.191419
225900ms,225900,139.041,0.191055
225916ms,225916,139.041,0.191055
225933ms,225933,139.039,0.191057
225983ms,225983,138.044,0.189393
226000ms,226000,138.044,0.189393
226016ms,226016,137.538,0.188050
226033ms,226033,137.538,0.188051
226100ms,226100,136.645,0.188209
226116ms,226116,136.645,0.188209
226133ms,226133,136.688,0.186730
226150ms,226150,136.689,0.186698
226166ms,226166,136.437,0.184310
226183ms,226183,136.437,0.184310
226200ms,226200,136.159,0.184154
226216ms,226216,136.155,0.184091
226233ms,226233,137.006,0.200848
226250ms,226250,137.006,0.200848
226383ms,226383,136.470,0.188169
226750ms,226750,137.379,0.186968
226766ms,226766,137.379,0.186968
226783ms,226783,137.562,0.187524
226799ms,226799,137.562,0.187524
226850ms,226850,137.886,0.189580
226866ms,226866,137.886,0.189580
226883ms,226883,138.150,0.189274
226900ms,226900,138.150,0.189274
226916ms,226916,138.150,0.189274
226933ms,226933,138.633,0.190701
226950ms,226950,138.740,0.190461
226966ms,226966,139.109,0.191807
226983ms,226983,139.119,0.191484
227316ms,227316,139.039,0.191599
227333ms,227333,139.118,0.191059
227350ms,227350,139.062,0.191097
227366ms,227366,139.040,0.191828
227383ms,227383,139.040,0.191828
227433ms,227433,138.210,0.189280
227450ms,227450,138.221,0.189325
227466ms,227466,138.221,0.189325
227483ms,227483,138.221,0.189325
227500ms,227500,138.221,0.189325
227549ms,227549,136.650,0.186056
227566ms,227566,136.650,0.186057
227583ms,227583,136.678,0.187053
227600ms,227600,136.681,0.187203
227616ms,227616,136.324,0.185274
227633ms,227633,136.324,0.185274
227650ms,227650,136.615,0.186593
227666ms,227666,136.616,0.186708
227683ms,227683,136.249,0.185053
228283ms,228283,137.996,0.194450
228299ms,228299,137.995,0.194446
228316ms,228316,137.695,0.188342
228333ms,228333,137.725,0.188353
228350ms,228350,138.156,0.189096
228366ms,228366,138.156,0.189096
228450ms,228450,138.869,0.190695
228466ms,228466,138.845,0.190852
228483ms,228483,139.121,0.192311
228500ms,228500,139.139,0.191525
228516ms,228516,139.161,0.191831
228533ms,228533,139.119,0.191766
228549ms,228549,139.119,0.191767
228566ms,228566,139.117,0.191730
228583ms,228583,139.117,0.191730
228600ms,228600,139.090,0.191460
228616ms,228616,139.089,0.191483
228633ms,228633,139.089,0.191502
228650ms,228650,139.088,0.191492
228816ms,228816,139.148,0.192052
228833ms,228833,139.327,0.192085
228850ms,228850,139.206,0.193273
228866ms,228866,139.252,0.193041
228883ms,228883,139.026,0.190826
228933ms,228933,137.710,0.189225
228950ms,228950,137.710,0.189225
228966ms,228966,137.710,0.189225
228983ms,228983,137.830,0.199081
229000ms,229000,137.830,0.199081
229083ms,229083,137.094,0.191799
229100ms,229100,137.094,0.191799
229116ms,229116,136.576,0.184780
229133ms,229133,136.492,0.185513
229150ms,229150,136.685,0.185303
229166ms,229166,136.334,0.184564
229183ms,229183,136.256,0.184829
229200ms,229200,136.256,0.184829
229216ms,229216,136.256,0.184829
229233ms,229233,136.256,0.184829
229250ms,229250,136.347,0.184332
229266ms,229266,136.347,0.184332
229783ms,229783,137.940,0.188925
229799ms,229799,137.940,0.188925
229816ms,229816,138.270,0.189460
229833ms,229833,138.270,0.189460
229883ms,229883,138.425,0.189873
229900ms,229900,138.425,0.189873
229916ms,229916,138.688,0.189586
229933ms,229933,138.490,0.190050
229950ms,229950,139.047,0.190599
229966ms,229966,139.047,0.190599
229983ms,229983,139.100,0.190267
230000ms,230000,139.101,0.190432
230049ms,230049,139.412,0.190448
230066ms,230066,139.412,0.190449
230083ms,230083,139.412,0.190447
230100ms,230100,139.412,0.190447
230116ms,230116,139.421,0.190433
230133ms,230133,139.420,0.190437
230150ms,230150,139.418,0.190446
230166ms,230166,139.418,0.190446
230183ms,230183,139.473,0.190400
230200ms,230200,139.472,0.190399
230216ms,230216,139.418,0.190471
230233ms,230233,139.418,0.190471
230250ms,230250,139.405,0.190389
230266ms,230266,139.404,0.190382
230283ms,230283,139.366,0.190460
230299ms,230299,139.366,0.190483
230316ms,230316,139.318,0.190130
230333ms,230333,139.327,0.189869
230350ms,230350,139.069,0.190144
230366ms,230366,139.093,0.190763
230383ms,230383,138.765,0.190317
230400ms,230400,138.783,0.190300
230483ms,230483,137.620,0.190430
230500ms,230500,137.620,0.190430
230516ms,230516,136.723,0.186396
230533ms,230533,136.723,0.186393
230549ms,230549,137.242,0.191930
230566ms,230566,137.242,0.191930
230583ms,230583,136.477,0.185102
230600ms,230600,136.462,0.185556
230616ms,230616,136.625,0.185501
230633ms,230633,136.625,0.185501
230650ms,230650,136.474,0.183511
230666ms,230666,136.474,0.183511
230716ms,230716,136.147,0.185422
230733ms,230733,136.148,0.185441
231016ms,231016,136.810,0.188937
231033ms,231033,136.810,0.188937
231116ms,231116,136.679,0.186293
231183ms,231183,137.381,0.187405
231200ms,231200,137.387,0.187352
231216ms,231216,137.565,0.188348
231233ms,231233,137.570,0.188368
231250ms,231250,137.570,0.188368
231266ms,231266,138.363,0.189881
231283ms,231283,138.363,0.189881
231299ms,231299,137.858,0.189077
231316ms,231316,138.151,0.191504
231333ms,231333,138.204,0.195533
231350ms,231350,138.493,0.189568
231366ms,231366,138.493,0.189564
231383ms,231383,138.844,0.190184
231400ms,231400,138.879,0.189506
231416ms,231416,138.856,0.190612
231433ms,231433,138.836,0.190637
231450ms,231450,139.180,0.191340
231466ms,231466,139.171,0.191385
231483ms,231483,139.212,0.191553
231500ms,231500,139.122,0.191509
231516ms,231516,139.101,0.191504
231533ms,231533,139.101,0.191503
231549ms,231549,139.100,0.191504
231566ms,231566,139.099,0.191504
231583ms,231583,139.098,0.191505
231600ms,231600,139.097,0.191504
231616ms,231616,139.096,0.191504
231633ms,231633,139.097,0.191508
231650ms,231650,139.098,0.191507
231666ms,231666,139.184,0.191257
231683ms,231683,139.183,0.191256
231700ms,231700,139.108,0.191351
231716ms,231716,139.108,0.191354
231733ms,231733,139.108,0.191353
231816ms,231816,139.342,0.192156
231833ms,231833,139.345,0.192134
231850ms,231850,138.719,0.190416
231866ms,231866,138.719,0.190416
231883ms,231883,138.323,0.188648
231900ms,231900,138.323,0.188648
231916ms,231916,137.683,0.187873
231933ms,231933,137.679,0.187844
232033ms,232033,136.884,0.186321
232049ms,232049,136.883,0.186323
232066ms,232066,136.425,0.185651
232083ms,232083,136.425,0.185650
232116ms,232116,136.329,0.184734
232133ms,232133,136.329,0.184734
232150ms,232150,136.329,0.184734
232166ms,232166,136.329,0.184734
232516ms,232516,136.221,0.187921
232533ms,232533,136.222,0.187912
232683ms,232683,137.642,0.187566
232700ms,232700,137.625,0.187898
232716ms,232716,137.536,0.188013
232733ms,232733,137.534,0.188039
232750ms,232750,137.834,0.188619
232766ms,232766,137.834,0.188619
232783ms,232783,137.834,0.188619
232799ms,232799,138.371,0.188683
232816ms,232816,138.352,0.189048
232833ms,232833,138.510,0.190038
232850ms,232850,138.510,0.190038
232866ms,232866,138.585,0.190291
232883ms,232883,138.642,0.189548
232900ms,232900,138.832,0.189791
232916ms,232916,138.972,0.189240
232933ms,232933,139.048,0.188870
232950ms,232950,139.223,0.189595
232966ms,232966,139.221,0.189593
232983ms,232983,139.150,0.190361
233000ms,233000,139.149,0.190365
233016ms,233016,139.118,0.190181
233033ms,233033,139.118,0.190182
233049ms,233049,139.090,0.190116
233066ms,233066,139.086,0.190758
233083ms,233083,139.090,0.190748
233100ms,233100,139.090,0.190746
233116ms,233116,139.148,0.191085
233133ms,233133,139.145,0.191082
233150ms,233150,139.145,0.191082
233166ms,233166,139.089,0.190713
233183ms,233183,139.089,0.190713
233200ms,233200,139.090,0.190711
233216ms,233216,139.094,0.190096
233233ms,233233,139.095,0.190096
233250ms,233250,139.095,0.190096
233266ms,233266,139.117,0.190157
233283ms,233283,139.116,0.190153
233299ms,233299,139.122,0.189638
233316ms,233316,139.022,0.189715
233333ms,233333,139.059,0.190417
233600ms,233600,136.384,0.185008
233616ms,233616,136.384,0.185008
233633ms,233633,136.275,0.184580
233650ms,233650,136.275,0.184580
233700ms,233700,136.249,0.185569
233716ms,233716,136.247,0.185550
233733ms,233733,136.244,0.185533
233783ms,233783,136.369,0.187953
233799ms,233799,136.370,0.187941
234150ms,234150,137.544,0.186830
234166ms,234166,137.487,0.188036
234183ms,234183,137.635,0.187237
234200ms,234200,137.635,0.187237
234216ms,234216,138.367,0.191266
234233ms,234233,138.360,0.191090
234250ms,234250,138.006,0.189986
234266ms,234266,138.006,0.189986
234283ms,234283,138.006,0.189986
234299ms,234299,138.324,0.189828
234316ms,234316,138.324,0.189828
234366ms,234366,138.667,0.190250
234383ms,234383,138.667,0.190250
234400ms,234400,139.022,0.191753
234416ms,234416,139.022,0.191753
234433ms,234433,139.234,0.191402
234450ms,234450,139.234,0.191402
234466ms,234466,139.303,0.191146
234483ms,234483,139.303,0.191155
234500ms,234500,139.303,0.191150
234516ms,234516,139.304,0.191147
234700ms,234700,139.308,0.191107
234716ms,234716,139.308,0.191107
234733ms,234733,139.407,0.191326
234750ms,234750,139.407,0.191327
234766ms,234766,139.402,0.191502
234783ms,234783,139.401,0.191500
234799ms,234799,139.177,0.192116
234816ms,234816,139.177,0.192115
234833ms,234833,139.199,0.192146
234850ms,234850,139.208,0.192164
234866ms,234866,138.032,0.188706
234883ms,234883,138.090,0.188925
234900ms,234900,137.551,0.188480
234916ms,234916,137.323,0.193827
234933ms,234933,137.322,0.193819
234950ms,234950,136.930,0.187202
234966ms,234966,136.906,0.186884
234983ms,234983,137.069,0.196746
235000ms,235000,137.069,0.196746
235016ms,235016,136.485,0.186081
235033ms,235033,136.485,0.186081
235049ms,235049,136.485,0.186081
235066ms,235066,136.355,0.183873
235083ms,235083,136.351,0.183810
235100ms,235100,136.157,0.185391
235116ms,235116,136.157,0.185391
235150ms,235150,136.528,0.187809
235266ms,235266,136.454,0.188195
235283ms,235283,136.456,0.188078
235483ms,235483,136.879,0.193721
235600ms,235600,137.250,0.186793
235616ms,235616,137.246,0.186818
235666ms,235666,137.426,0.188684
235683ms,235683,137.415,0.188833
235700ms,235700,138.299,0.192736
235716ms,235716,138.141,0.189569
235733ms,235733,138.178,0.189868
235750ms,235750,138.310,0.189678
235766ms,235766,138.310,0.189678
235783ms,235783,138.310,0.189674
235816ms,235816,138.631,0.189940
235833ms,235833,138.768,0.190086
235850ms,235850,138.767,0.190071
235866ms,235866,138.884,0.190929
235883ms,235883,139.001,0.190412
236266ms,236266,139.248,0.190312
236283ms,236283,139.248,0.190311
236299ms,236299,138.689,0.190598
236316ms,236316,138.693,0.190601
236333ms,236333,138.076,0.189218
236350ms,236350,138.075,0.189213
236416ms,236416,137.583,0.193636
236466ms,236466,136.634,0.187358
236483ms,236483,136.359,0.185809
236500ms,236500,136.359,0.185809
236516ms,236516,136.563,0.185967
236533ms,236533,136.560,0.186008
236549ms,236549,136.561,0.186027
236566ms,236566,136.317,0.184576
236583ms,236583,136.317,0.184576
236600ms,236600,136.332,0.185630
236616ms,236616,136.263,0.186454
236883ms,236883,136.345,0.193102
237100ms,237100,137.359,0.187263
237116ms,237116,137.359,0.187263
237133ms,237133,137.463,0.187588
237150ms,237150,137.517,0.187361
237166ms,237166,138.335,0.192472
237183ms,237183,138.337,0.192521
237200ms,237200,137.873,0.190197
237216ms,237216,137.889,0.190175
237266ms,237266,138.650,0.189685
237283ms,237283,138.787,0.190474
237299ms,237299,138.787,0.190474
237316ms,237316,138.787,0.190474
237333ms,237333,138.901,0.190930
237350ms,237350,138.947,0.191177
237366ms,237366,139.264,0.191572
237383ms,237383,139.254,0.191546
237400ms,237400,139.237,0.191415
237416ms,237416,139.237,0.191415
237433ms,237433,139.235,0.191412
237450ms,237450,139.235,0.191412
237466ms,237466,139.235,0.191412
237483ms,237483,139.235,0.191412
237799ms,237799,138.299,0.190316
237816ms,237816,138.297,0.190280
237833ms,237833,137.825,0.188811
237850ms,237850,137.825,0.188811
237900ms,237900,136.664,0.185802
237916ms,237916,136.663,0.185803
237966ms,237966,136.339,0.185202
237983ms,237983,136.339,0.185202
238000ms,238000,136.514,0.186552
238016ms,238016,136.515,0.186656
238033ms,238033,136.313,0.184555
238049ms,238049,136.313,0.184555
238083ms,238083,136.403,0.186054
238200ms,238200,136.611,0.191010
238216ms,238216,136.611,0.191010
238600ms,238600,137.485,0.187967
238616ms,238616,137.485,0.187967
238633ms,238633,138.313,0.193502
238650ms,238650,138.313,0.193502
238666ms,238666,138.313,0.193502
238683ms,238683,138.313,0.193502
238700ms,238700,138.274,0.190100
238716ms,238716,138.274,0.190100
238733ms,238733,138.667,0.188956
238750ms,238750,138.689,0.189051
238783ms,238783,138.623,0.190016
238799ms,238799,138.832,0.190902
238816ms,238816,138.832,0.190902
238833ms,238833,138.832,0.190902
238850ms,238850,138.826,0.190925
238866ms,238866,138.826,0.190925
238933ms,238933,139.394,0.190774
238950ms,238950,139.393,0.190776
238966ms,238966,139.392,0.190782
238983ms,238983,139.379,0.190697
239000ms,239000,139.380,0.190695
239016ms,239016,139.380,0.190694
239033ms,239033,139.381,0.190695
239183ms,239183,139.352,0.190296
239216ms,239216,139.274,0.191074
239233ms,239233,139.443,0.191048
239250ms,239250,138.939,0.191385
239299ms,239299,137.748,0.188701
239316ms,239316,137.748,0.188701
239333ms,239333,137.449,0.189830
239350ms,239350,137.449,0.189826
239433ms,239433,136.197,0.185526
239450ms,239450,136.197,0.185526
239500ms,239500,136.307,0.184238
239516ms,239516,136.307,0.184234
239533ms,239533,136.387,0.185753
239549ms,239549,136.387,0.185753
240049ms,240049,137.336,0.186962
240066ms,240066,137.345,0.186900
240083ms,240083,137.628,0.187253
240100ms,240100,137.521,0.188097
240116ms,240116,137.522,0.188165
240133ms,240133,137.812,0.189509
240150ms,240150,137.833,0.189299
240166ms,240166,138.300,0.189851
240183ms,240183,138.300,0.189851
240200ms,240200,138.648,0.190039
240216ms,240216,138.712,0.189459
240233ms,240233,138.843,0.190679
240250ms,240250,138.832,0.190653
240266ms,240266,138.858,0.190717
240283ms,240283,138.995,0.191230
240333ms,240333,139.217,0.192690
240350ms,240350,139.217,0.192690
240366ms,240366,139.217,0.192690
240383ms,240383,139.218,0.192723
240400ms,240400,139.221,0.192717
240416ms,240416,139.272,0.192612
240433ms,240433,139.271,0.192611
240450ms,240450,139.249,0.192616
240466ms,240466,139.250,0.192617
240483ms,240483,139.221,0.192680
240500ms,240500,139.219,0.192683
240516ms,240516,139.219,0.192676
240533ms,240533,139.221,0.192676
240549ms,240549,139.222,0.192675
240566ms,240566,139.253,0.192600
240633ms,240633,139.241,0.192427
240650ms,240650,139.311,0.192865
240666ms,240666,139.044,0.191490
240683ms,240683,139.061,0.191209
240700ms,240700,138.715,0.190584
240716ms,240716,138.717,0.190575
240733ms,240733,138.719,0.190565
240750ms,240750,138.373,0.188382
240766ms,240766,138.373,0.188382
240816ms,240816,137.301,0.189257
240833ms,240833,137.301,0.189257
240883ms,240883,136.799,0.186558
240900ms,240900,136.300,0.186370
240916ms,240916,136.300,0.186370
240966ms,240966,136.398,0.185406
240983ms,240983,136.398,0.185406
241000ms,241000,136.232,0.184693
241016ms,241016,136.232,0.184693
241066ms,241066,136.189,0.185256
241083ms,241083,136.189,0.185256
241100ms,241100,136.189,0.185256
241250ms,241250,136.887,0.191951
241549ms,241549,137.560,0.187673
241566ms,241566,137.560,0.187673
241583ms,241583,138.377,0.191483
241600ms,241600,138.377,0.191483
241616ms,241616,137.908,0.188303
241633ms,241633,137.908,0.188303
241650ms,241650,139.165,0.189742
241683ms,241683,138.587,0.189963
241700ms,241700,138.721,0.190052
241716ms,241716,138.638,0.190243
241733ms,241733,138.756,0.190354
241750ms,241750,138.872,0.190732
241766ms,241766,139.124,0.191881
241783ms,241783,139.126,0.191909
241799ms,241799,139.020,0.190571
241816ms,241816,139.038,0.190680
241833ms,241833,139.065,0.190877
241850ms,241850,139.126,0.191470
241866ms,241866,139.121,0.191524
241883ms,241883,139.125,0.191574
241900ms,241900,139.125,0.191575
241916ms,241916,139.119,0.191562
241933ms,241933,139.136,0.191668
241950ms,241950,139.136,0.191663
241966ms,241966,139.135,0.191665
241983ms,241983,139.132,0.191702
242000ms,242000,139.130,0.191731
242016ms,242016,139.131,0.191734
242033ms,242033,139.131,0.191734
242049ms,242049,139.132,0.191723
242066ms,242066,139.133,0.191740
242083ms,242083,139.105,0.191453
242100ms,242100,139.315,0.191943
242116ms,242116,139.360,0.191964
242133ms,242133,139.076,0.191780
242150ms,242150,139.079,0.191759
242166ms,242166,138.951,0.191274
242183ms,242183,138.951,0.191274
242200ms,242200,138.577,0.188980
242216ms,242216,138.501,0.188948
242233ms,242233,138.501,0.188948
242250ms,242250,138.006,0.189163
242266ms,242266,138.013,0.189237
242283ms,242283,137.921,0.202374
242299ms,242299,137.921,0.202374
242350ms,242350,136.745,0.186482
242366ms,242366,136.745,0.186482
242383ms,242383,136.514,0.186792
242400ms,242400,136.501,0.186923
242416ms,242416,136.427,0.185048
242433ms,242433,136.427,0.185048
242450ms,242450,136.516,0.185840
242466ms,242466,136.514,0.185875
242483ms,242483,136.294,0.184890
242500ms,242500,137.022,0.207546
242516ms,242516,137.003,0.207105
243016ms,243016,137.398,0.187804
243033ms,243033,137.447,0.187818
243049ms,243049,137.621,0.188115
243066ms,243066,137.621,0.188116
243116ms,243116,138.009,0.190960
243133ms,243133,137.986,0.191825
243150ms,243150,138.188,0.188611
243166ms,243166,138.188,0.188611
243183ms,243183,138.187,0.188608
243200ms,243200,138.187,0.188607
243216ms,243216,138.188,0.188609
243233ms,243233,138.188,0.188610
243250ms,243250,138.999,0.190457
243266ms,243266,138.999,0.190457
243650ms,243650,139.360,0.190572
243666ms,243666,139.360,0.190573
243816ms,243816,136.610,0.186105
243833ms,243833,136.610,0.186103
243850ms,243850,136.680,0.187667
243866ms,243866,136.645,0.188244
243883ms,243883,136.472,0.185052
243900ms,243900,136.472,0.185052
243916ms,243916,136.534,0.185254
243933ms,243933,136.534,0.185255
243950ms,243950,136.361,0.184232
243966ms,243966,136.361,0.184232
243983ms,243983,136.347,0.185451
244000ms,244000,136.357,0.184867
244266ms,244266,136.494,0.195805
244316ms,244316,136.076,0.186482
244483ms,244483,137.365,0.187331
244500ms,244500,137.372,0.187321
244516ms,244516,137.529,0.187919
244533ms,244533,137.515,0.187984
244549ms,244549,138.165,0.190636
244566ms,244566,138.117,0.191006
244583ms,244583,138.095,0.188118
244600ms,244600,138.095,0.188121
244683ms,244683,138.730,0.191075
244700ms,244700,138.737,0.191162
244716ms,244716,138.914,0.191021
244733ms,244733,138.912,0.190847
244750ms,244750,139.142,0.191696
244766ms,244766,139.066,0.191721
244783ms,244783,139.011,0.191373
244799ms,244799,139.011,0.191373
244816ms,244816,139.011,0.191373
244833ms,244833,139.009,0.191397
244850ms,244850,139.007,0.191410
244866ms,244866,139.006,0.191411
244883ms,244883,139.005,0.191407
244900ms,244900,139.005,0.191407
244916ms,244916,139.007,0.191411
244933ms,244933,139.007,0.191413
244950ms,244950,139.007,0.191420
244966ms,244966,139.007,0.191407
244983ms,244983,139.008,0.191388
245000ms,245000,139.008,0.191387
245016ms,245016,139.009,0.191369
245033ms,245033,139.016,0.191426
245049ms,245049,139.037,0.191586
245066ms,245066,139.089,0.191728
245083ms,245083,139.101,0.192062
245100ms,245100,139.149,0.192265
245183ms,245183,138.300,0.188934
245200ms,245200,138.300,0.188934
245216ms,245216,137.723,0.188376
245233ms,245233,137.723,0.188376
245250ms,245250,137.723,0.188376
245350ms,245350,136.343,0.185500
245366ms,245366,136.343,0.185500
245416ms,245416,136.325,0.185203
245433ms,245433,136.328,0.185173
245450ms,245450,136.849,0.202879
245466ms,245466,136.820,0.204204
245716ms,245716,136.377,0.187566
245733ms,245733,136.376,0.187574
245783ms,245783,136.505,0.192448
245799ms,245799,136.517,0.190584
245983ms,245983,137.566,0.187943
246000ms,246000,137.566,0.187943
246016ms,246016,137.683,0.187287
246033ms,246033,137.594,0.187750
246049ms,246049,137.598,0.187726
246066ms,246066,137.849,0.187778
246116ms,246116,138.518,0.189954
246133ms,246133,138.518,0.189954
246150ms,246150,138.723,0.190097
246166ms,246166,138.723,0.190097
246183ms,246183,138.862,0.190523
246200ms,246200,138.761,0.190734
246216ms,246216,139.172,0.191179
246233ms,246233,139.172,0.191179
246250ms,246250,139.084,0.191365
246266ms,246266,139.085,0.191363
246283ms,246283,139.098,0.191430
246299ms,246299,139.098,0.191429
246316ms,246316,139.138,0.191375
246333ms,246333,139.139,0.191358
246350ms,246350,139.158,0.191308
246366ms,246366,139.158,0.191307
246383ms,246383,139.134,0.191415
246400ms,246400,139.134,0.191415
246416ms,246416,139.133,0.191420
246433ms,246433,139.133,0.191423
246450ms,246450,139.133,0.191421
246466ms,246466,139.133,0.191418
246483ms,246483,139.134,0.191420
246500ms,246500,139.134,0.191417
246516ms,246516,139.135,0.191421
246533ms,246533,139.136,0.191408
246549ms,246549,139.210,0.191725
246566ms,246566,139.209,0.191724
246583ms,246583,139.196,0.190625
246600ms,246600,139.334,0.190459
246616ms,246616,138.880,0.190403
246633ms,246633,138.880,0.190403
246650ms,246650,138.880,0.190403
246666ms,246666,138.880,0.190403
246683ms,246683,137.790,0.188676
246700ms,246700,137.791,0.188674
246716ms,246716,137.791,0.188672
246733ms,246733,137.791,0.188672
246750ms,246750,137.444,0.191365
246766ms,246766,137.444,0.191365
246783ms,246783,137.444,0.191365
246799ms,246799,137.444,0.191365
246816ms,246816,137.444,0.191365
246833ms,246833,136.570,0.187011
246850ms,246850,136.570,0.187015
246866ms,246866,136.530,0.185751
246883ms,246883,136.344,0.184160
246900ms,246900,136.344,0.184152
247049ms,247049,136.361,0.186310
247066ms,247066,136.361,0.186309
247383ms,247383,136.946,0.187528
247400ms,247400,137.076,0.186009
247450ms,247450,137.706,0.187867
247466ms,247466,137.710,0.187807
247483ms,247483,137.768,0.188330
247500ms,247500,137.769,0.188329
247516ms,247516,137.770,0.188328
247533ms,247533,138.526,0.192632
247549ms,247549,138.513,0.192518
247633ms,247633,138.762,0.189764
247650ms,247650,138.832,0.189813
247666ms,247666,138.929,0.191780
247683ms,247683,139.049,0.191430
247700ms,247700,139.032,0.191537
248083ms,248083,138.953,0.190510
248100ms,248100,138.953,0.190510
248116ms,248116,138.399,0.189466
248133ms,248133,138.399,0.189466
248299ms,248299,136.543,0.186663
248316ms,248316,136.541,0.187165
248333ms,248333,136.247,0.186076
248350ms,248350,136.247,0.186076
248366ms,248366,136.555,0.184492
248383ms,248383,136.524,0.184620
248400ms,248400,136.371,0.185573
248416ms,248416,136.371,0.185573
248433ms,248433,136.371,0.185573
248450ms,248450,136.371,0.185573
248466ms,248466,136.097,0.185970
248483ms,248483,136.097,0.185970
248500ms,248500,136.101,0.185867
248516ms,248516,136.308,0.185872
248533ms,248533,136.310,0.185979
248549ms,248549,136.394,0.189288
248566ms,248566,136.394,0.189288
248866ms,248866,137.074,0.186336
248950ms,248950,137.556,0.187644
248966ms,248966,137.562,0.187755
248983ms,248983,137.771,0.188301
249000ms,249000,137.804,0.188228
249066ms,249066,138.314,0.190254
249083ms,249083,138.314,0.190254
249100ms,249100,138.737,0.190115
249116ms,249116,138.737,0.190115
249133ms,249133,138.856,0.190323
249150ms,249150,138.856,0.190323
249166ms,249166,138.918,0.191425
249183ms,249183,138.918,0.191425
249200ms,249200,139.280,0.191130
249216ms,249216,139.281,0.191125
249233ms,249233,139.230,0.191322
249250ms,249250,139.183,0.191276
249283ms,249283,139.176,0.191457
249299ms,249299,139.177,0.191492
249316ms,249316,139.177,0.191545
249333ms,249333,139.177,0.191546
249350ms,249350,139.196,0.191561
249366ms,249366,139.195,0.191553
249383ms,249383,139.220,0.191971
249400ms,249400,139.220,0.191971
249416ms,249416,139.220,0.191972
249433ms,249433,139.201,0.191999
249450ms,249450,139.201,0.191998
249466ms,249466,139.200,0.192023
249483ms,249483,139.200,0.192023
249500ms,249500,139.221,0.192585
249516ms,249516,139.220,0.192608
249533ms,249533,139.266,0.193313
249549ms,249549,139.266,0.193313
249566ms,249566,138.994,0.192481
249583ms,249583,138.931,0.190951
249600ms,249600,138.441,0.188961
249616ms,249616,138.441,0.188959
249633ms,249633,137.993,0.188294
249650ms,249650,138.029,0.188316
249666ms,249666,138.028,0.188315
249750ms,249750,137.324,0.205634
249766ms,249766,137.324,0.205631
249783ms,249783,137.324,0.205633
249799ms,249799,137.323,0.205623
249816ms,249816,137.324,0.205632
249833ms,249833,136.498,0.184352
249850ms,249850,136.498,0.184352
249866ms,249866,136.284,0.186802
249883ms,249883,136.284,0.186802
249933ms,249933,136.094,0.186073
249950ms,249950,136.094,0.186073
249983ms,249983,136.094,0.186073
250033ms,250033,136.253,0.187766
250049ms,250049,136.253,0.187766
250433ms,250433,137.658,0.187782
250450ms,250450,137.661,0.187812
250466ms,250466,138.380,0.193057
250483ms,250483,137.955,0.190813
250516ms,250516,138.198,0.188718
250533ms,250533,138.198,0.188718
250549ms,250549,138.198,0.188718
250600ms,250600,138.731,0.190339
250616ms,250616,138.831,0.190831
250633ms,250633,138.939,0.191364
250650ms,250650,138.954,0.191202
250666ms,250666,139.298,0.191751
250683ms,250683,139.189,0.191562
250700ms,250700,139.144,0.192081
250716ms,250716,139.147,0.192112
250733ms,250733,139.171,0.192469
250750ms,250750,139.147,0.192123
250766ms,250766,139.145,0.192107
250783ms,250783,139.145,0.192107
250799ms,250799,139.141,0.192066
250816ms,250816,139.141,0.192045
250833ms,250833,139.141,0.192048
250850ms,250850,139.227,0.191900
250866ms,250866,139.227,0.191897
250883ms,250883,139.228,0.191894
250900ms,250900,139.228,0.191889
250916ms,250916,139.145,0.192050
250933ms,250933,139.145,0.192045
250950ms,250950,139.116,0.191693
250966ms,250966,139.151,0.191908
250983ms,250983,139.142,0.191899
251000ms,251000,139.216,0.191645
251016ms,251016,139.216,0.191646
251033ms,251033,139.276,0.191222
251049ms,251049,139.276,0.191215
251066ms,251066,138.697,0.190492
251083ms,251083,138.697,0.190492
251166ms,251166,137.131,0.187826
251183ms,251183,137.137,0.187835
251266ms,251266,136.413,0.185516
251283ms,251283,136.640,0.185568
251299ms,251299,136.640,0.185568
251316ms,251316,136.601,0.185540
251333ms,251333,136.247,0.184669
251350ms,251350,136.247,0.184669
251366ms,251366,136.247,0.184669
251383ms,251383,136.247,0.184669
251866ms,251866,137.395,0.186698
251883ms,251883,137.396,0.186697
251900ms,251900,137.529,0.187784
251916ms,251916,137.590,0.187967
251933ms,251933,138.321,0.193946
251950ms,251950,138.311,0.194083
251966ms,251966,137.903,0.190094
251983ms,251983,138.054,0.188570
252000ms,252000,138.904,0.191695
252016ms,252016,138.904,0.191691
252033ms,252033,138.544,0.189685
252049ms,252049,138.606,0.189297
252066ms,252066,138.593,0.189606
252116ms,252116,138.843,0.190083
252133ms,252133,139.137,0.190113
252150ms,252150,139.136,0.190389
252166ms,252166,139.053,0.190756
252183ms,252183,139.053,0.190758
252200ms,252200,139.054,0.190782
252216ms,252216,139.119,0.190335
252233ms,252233,139.117,0.190339
252250ms,252250,139.117,0.190339
252266ms,252266,139.082,0.190244
252283ms,252283,139.082,0.190244
252299ms,252299,139.079,0.190249
252316ms,252316,139.079,0.190249
252333ms,252333,139.071,0.190267
252350ms,252350,139.073,0.190267
252366ms,252366,139.079,0.190269
252383ms,252383,139.079,0.190269
252400ms,252400,139.079,0.190275
252416ms,252416,139.119,0.190369
252433ms,252433,139.086,0.190244
252450ms,252450,139.126,0.190334
252466ms,252466,139.103,0.190568
252483ms,252483,139.110,0.190487
252500ms,252500,139.139,0.189962
252516ms,252516,139.145,0.189597
252533ms,252533,138.733,0.191050
252549ms,252549,138.733,0.191050
252566ms,252566,138.106,0.189992
252583ms,252583,138.106,0.189994
252600ms,252600,137.704,0.188365
252616ms,252616,137.705,0.188359
252633ms,252633,137.222,0.189229
252650ms,252650,137.222,0.189229
252666ms,252666,137.222,0.189229
252683ms,252683,137.222,0.189229
252733ms,252733,136.314,0.185424
252750ms,252750,136.314,0.185425
252799ms,252799,136.209,0.186671
252816ms,252816,136.209,0.186671
252833ms,252833,136.209,0.186671
252850ms,252850,136.566,0.186359
252933ms,252933,136.243,0.186857
252950ms,252950,136.243,0.186850
253166ms,253166,136.432,0.193906
253183ms,253183,136.436,0.193235
253333ms,253333,137.303,0.187298
253350ms,253350,137.313,0.187258
253366ms,253366,137.628,0.187545
253383ms,253383,137.513,0.187798
253400ms,253400,138.301,0.193030
253416ms,253416,138.305,0.192852
253433ms,253433,137.804,0.189316
253450ms,253450,137.818,0.189700
253466ms,253466,138.098,0.189871
253483ms,253483,138.098,0.189871
253500ms,253500,138.444,0.189707
253516ms,253516,138.526,0.189201
253533ms,253533,138.767,0.190215
253549ms,253549,138.780,0.190228
253566ms,253566,138.790,0.190949
253583ms,253583,138.790,0.190949
253600ms,253600,138.790,0.190949
253616ms,253616,139.115,0.191557
253633ms,253633,139.115,0.191559
253933ms,253933,139.245,0.192178
253950ms,253950,139.245,0.192178
253966ms,253966,139.245,0.192178
253983ms,253983,139.245,0.192178
254000ms,254000,139.245,0.192178
254016ms,254016,138.921,0.191363
254033ms,254033,139.008,0.191121
254049ms,254049,138.427,0.188795
254066ms,254066,137.788,0.189604
254083ms,254083,137.788,0.189604
254100ms,254100,137.460,0.188744
254116ms,254116,137.463,0.188731
254133ms,254133,137.442,0.187160
254150ms,254150,137.442,0.187160
254166ms,254166,136.776,0.186368
254183ms,254183,136.776,0.186368
254200ms,254200,136.480,0.187259
254216ms,254216,136.478,0.187254
254266ms,254266,136.340,0.185817
254283ms,254283,136.340,0.185817
254299ms,254299,136.512,0.185655
254316ms,254316,136.512,0.185655
254450ms,254450,136.527,0.186929
254850ms,254850,137.384,0.187661
254866ms,254866,137.598,0.187443
254883ms,254883,137.598,0.187443
254900ms,254900,138.383,0.191056
254916ms,254916,138.383,0.191056
254933ms,254933,138.048,0.189302
254950ms,254950,138.048,0.189302
254966ms,254966,138.331,0.189162
254983ms,254983,138.331,0.189162
255000ms,255000,138.331,0.189162
255016ms,255016,138.328,0.189159
255033ms,255033,138.975,0.191421
255049ms,255049,138.988,0.191569
255066ms,255066,139.066,0.191590
255083ms,255083,139.066,0.191644
255100ms,255100,139.063,0.191665
255116ms,255116,139.161,0.192000
255133ms,255133,139.161,0.192000
255150ms,255150,139.126,0.192048
255166ms,255166,139.125,0.192022
255183ms,255183,139.054,0.191389
255200ms,255200,139.055,0.191387
255216ms,255216,139.079,0.191360
255233ms,255233,139.079,0.191351
255250ms,255250,139.146,0.191862
255266ms,255266,139.121,0.191578
255283ms,255283,139.104,0.191593
255299ms,255299,139.150,0.192342
255316ms,255316,139.149,0.192358
255333ms,255333,139.061,0.191379
255350ms,255350,139.062,0.191359
255366ms,255366,139.153,0.192304
255383ms,255383,139.156,0.192307
255416ms,255416,139.169,0.191883
255433ms,255433,139.196,0.192058
255450ms,255450,139.191,0.192056
255516ms,255516,138.400,0.190514
255533ms,255533,138.400,0.190514
255549ms,255549,137.913,0.190269
255566ms,255566,137.913,0.190269
255666ms,255666,137.194,0.195062
255683ms,255683,137.193,0.195066
255700ms,255700,136.492,0.185184
255716ms,255716,136.492,0.185184
255733ms,255733,136.492,0.185184
255750ms,255750,136.492,0.185184
255766ms,255766,136.398,0.184326
255783ms,255783,136.381,0.185251
256100ms,256100,136.234,0.191926
256116ms,256116,136.223,0.192471
256316ms,256316,137.471,0.187490
256333ms,256333,137.471,0.187490
256350ms,256350,137.583,0.187562
256366ms,256366,137.582,0.187562
256383ms,256383,137.731,0.188455
256399ms,256399,137.731,0.188455
256416ms,256416,138.000,0.189568
256433ms,256433,137.978,0.190069
256450ms,256450,138.279,0.188994
256466ms,256466,138.651,0.189521
256483ms,256483,138.651,0.189521
256533ms,256533,138.950,0.190672
256550ms,256550,138.895,0.190682
256566ms,256566,139.424,0.192130
256583ms,256583,139.422,0.192131
256600ms,256600,139.427,0.192134
256616ms,256616,139.395,0.191817
256633ms,256633,139.395,0.191816
256649ms,256649,139.396,0.191824
256666ms,256666,139.373,0.191637
256683ms,256683,139.395,0.191834
256700ms,256700,139.394,0.191841
256716ms,256716,139.392,0.191836
256733ms,256733,139.392,0.191838
256750ms,256750,139.391,0.191836
256766ms,256766,139.391,0.191835
256783ms,256783,139.391,0.191834
256800ms,256800,139.390,0.191833
256816ms,256816,139.394,0.191863
256833ms,256833,139.395,0.191865
256850ms,256850,139.397,0.191870
256866ms,256866,139.375,0.191678
256883ms,256883,139.437,0.191652
256899ms,256899,139.363,0.191641
256916ms,256916,139.363,0.191641
256933ms,256933,139.130,0.192854
256950ms,256950,139.141,0.192907
256966ms,256966,138.523,0.190952
256983ms,256983,138.523,0.190952
257000ms,257000,138.523,0.190952
257016ms,257016,138.271,0.189333
257033ms,257033,138.320,0.189430
257050ms,257050,137.695,0.188207
257066ms,257066,137.695,0.188207
257083ms,257083,137.605,0.195171
257100ms,257100,137.605,0.195172
257183ms,257183,136.357,0.186712
257200ms,257200,136.357,0.186712
257216ms,257216,136.515,0.186922
257233ms,257233,136.544,0.187079
257250ms,257250,136.216,0.186712
257266ms,257266,136.315,0.188627
257283ms,257283,136.315,0.188627
257333ms,257333,136.334,0.186907
257733ms,257733,137.647,0.187590
257750ms,257750,137.648,0.187570
257766ms,257766,137.648,0.187570
257783ms,257783,137.179,0.186614
257800ms,257800,137.179,0.186614
257816ms,257816,138.157,0.192750
257833ms,257833,138.156,0.192739
257850ms,257850,137.597,0.188202
257866ms,257866,137.597,0.188202
257883ms,257883,138.096,0.190608
257899ms,257899,138.087,0.190613
257916ms,257916,138.269,0.189686
257933ms,257933,138.269,0.189686
257983ms,257983,138.915,0.190385
258000ms,258000,138.915,0.190385
258016ms,258016,138.969,0.190964
258033ms,258033,138.927,0.190888
258383ms,258383,139.382,0.193519
258399ms,258399,139.381,0.193509
258416ms,258416,139.247,0.194606
258433ms,258433,139.308,0.194938
258500ms,258500,137.616,0.188813
258516ms,258516,137.616,0.188813
258533ms,258533,137.616,0.188813
258550ms,258550,137.661,0.192350
258566ms,258566,137.661,0.192350
258616ms,258616,136.812,0.188006
258649ms,258649,136.198,0.184761
258666ms,258666,136.198,0.184761
258716ms,258716,136.309,0.183822
258733ms,258733,136.309,0.183822
258750ms,258750,136.464,0.185083
258816ms,258816,136.248,0.184634
258833ms,258833,136.163,0.184356
258850ms,258850,136.134,0.186396
259050ms,259050,136.462,0.192606
259066ms,259066,136.462,0.192606
259100ms,259100,136.436,0.198555
259250ms,259250,137.145,0.186759
259266ms,259266,137.156,0.186748
259283ms,259283,137.545,0.187026
259300ms,259300,137.547,0.187030
259316ms,259316,137.626,0.187981
259333ms,259333,137.626,0.187981
259350ms,259350,137.834,0.187636
259366ms,259366,137.830,0.187624
259983ms,259983,137.898,0.190679
260000ms,260000,137.898,0.190679
260016ms,260016,137.853,0.200694
260033ms,260033,137.853,0.200694
260050ms,260050,137.853,0.200694
260116ms,260116,136.536,0.187686
260133ms,260133,136.536,0.187684
260149ms,260149,136.448,0.185574
260166ms,260166,136.448,0.185574
260183ms,260183,136.443,0.183740
260200ms,260200,136.466,0.183883
260216ms,260216,136.310,0.184617
260233ms,260233,136.310,0.184615
260283ms,260283,136.155,0.186969
260300ms,260300,136.139,0.186738
260783ms,260783,137.500,0.187510
260800ms,260800,137.500,0.187510
260816ms,260816,137.500,0.187510
260833ms,260833,137.691,0.187999
260850ms,260850,137.647,0.188142
260866ms,260866,138.028,0.190302
260883ms,260883,138.267,0.189420
260899ms,260899,138.267,0.189417
260983ms,260983,139.047,0.190833
261000ms,261000,139.036,0.191088
261016ms,261016,139.149,0.191308
261033ms,261033,139.111,0.191562
261050ms,261050,139.146,0.192196
261066ms,261066,139.146,0.192196
261083ms,261083,139.145,0.192186
261100ms,261100,139.109,0.191965
261116ms,261116,139.112,0.191975
261133ms,261133,139.113,0.191972
261149ms,261149,139.134,0.192083
261166ms,261166,139.134,0.192082
261183ms,261183,139.135,0.192101
261200ms,261200,139.134,0.192106
261216ms,261216,139.134,0.192108
261233ms,261233,139.134,0.192104
261250ms,261250,139.134,0.192105
261266ms,261266,139.134,0.192109
261333ms,261333,139.212,0.192614
261350ms,261350,139.239,0.192498
261366ms,261366,139.240,0.192499
261383ms,261383,139.191,0.191464
261399ms,261399,139.220,0.191435
261433ms,261433,138.685,0.190431
261450ms,261450,138.174,0.191644
261466ms,261466,138.142,0.192292
261483ms,261483,137.716,0.190184
261500ms,261500,137.725,0.190240
261516ms,261516,137.639,0.195217
261533ms,261533,137.639,0.195217
261550ms,261550,137.639,0.195217
261633ms,261633,136.371,0.185688
261649ms,261649,136.391,0.185680
261666ms,261666,136.441,0.185410
261683ms,261683,136.414,0.184318
261700ms,261700,136.414,0.184318
261716ms,261716,136.494,0.188848
261733ms,261733,136.437,0.189833
261850ms,261850,136.586,0.188386
261866ms,261866,136.586,0.188386
262216ms,262216,137.353,0.187228
262233ms,262233,137.423,0.187515
262283ms,262283,138.226,0.193420
262300ms,262300,138.233,0.193018
262316ms,262316,138.235,0.192931
262366ms,262366,138.335,0.190123
262383ms,262383,138.267,0.191445
262833ms,262833,139.347,0.192062
262850ms,262850,139.352,0.192073
262866ms,262866,139.144,0.191523
262883ms,262883,138.890,0.191226
262900ms,262900,138.890,0.191226
262916ms,262916,138.361,0.188197
262933ms,262933,138.342,0.188210
262950ms,262950,137.654,0.188336
262966ms,262966,137.654,0.188336
263016ms,263016,136.747,0.186205
263033ms,263033,136.746,0.186201
263083ms,263083,136.808,0.190248
263166ms,263166,136.428,0.186184
263183ms,263183,136.428,0.186184
263200ms,263200,136.496,0.185584
263216ms,263216,136.496,0.185583
263266ms,263266,136.175,0.187346
263283ms,263283,136.153,0.186505
263300ms,263300,136.153,0.186508
263483ms,263483,136.689,0.186397
263716ms,263716,137.505,0.186962
263733ms,263733,137.505,0.186962
263750ms,263750,138.193,0.191788
263766ms,263766,138.193,0.191788
263783ms,263783,137.839,0.188074
263800ms,263800,137.686,0.187742
263816ms,263816,137.714,0.187452
263833ms,263833,138.102,0.190905
263850ms,263850,138.106,0.190767
263866ms,263866,138.352,0.189418
263883ms,263883,138.338,0.189582
264366ms,264366,139.079,0.193422
264383ms,264383,139.081,0.193385
264433ms,264433,138.088,0.189923
264450ms,264450,138.103,0.189942
264483ms,264483,137.423,0.191697
264500ms,264500,137.423,0.191697
264600ms,264600,136.439,0.186671
264616ms,264616,136.440,0.186660
264633ms,264633,136.491,0.184826
264650ms,264650,136.491,0.184826
264666ms,264666,136.253,0.184851
264683ms,264683,136.253,0.184850
264766ms,264766,136.199,0.185537
264783ms,264783,136.199,0.185537
264833ms,264833,136.494,0.187911
264850ms,264850,136.494,0.187911
265033ms,265033,136.627,0.193326
265050ms,265050,136.628,0.193341
265166ms,265166,137.765,0.188176
265183ms,265183,137.763,0.188061
265200ms,265200,137.416,0.187128
265216ms,265216,137.416,0.187128
265233ms,265233,137.416,0.187128
265250ms,265250,137.424,0.187109
265266ms,265266,138.087,0.190078
265283ms,265283,138.087,0.190078
265300ms,265300,138.087,0.190078
265316ms,265316,138.375,0.193196
265333ms,265333,138.375,0.193191
265350ms,265350,138.296,0.192224
265400ms,265400,138.932,0.190996
265416ms,265416,138.968,0.190884
265433ms,265433,138.961,0.191576
265450ms,265450,138.981,0.191347
265466ms,265466,139.272,0.191970
265483ms,265483,139.253,0.192104
265566ms,265566,139.178,0.192367
265583ms,265583,139.178,0.192352
265666ms,265666,139.138,0.192236
265683ms,265683,139.139,0.192236
265700ms,265700,139.139,0.192236
265716ms,265716,139.140,0.192234
265733ms,265733,139.140,0.192232
265750ms,265750,139.140,0.192231
265766ms,265766,139.141,0.192230
265783ms,265783,139.249,0.192121
265800ms,265800,139.381,0.192380
265816ms,265816,139.440,0.192698
265833ms,265833,139.243,0.194367
265850ms,265850,139.243,0.194367
265866ms,265866,138.782,0.190910
265883ms,265883,138.782,0.190910
265900ms,265900,138.358,0.189097
265916ms,265916,138.358,0.189097
265933ms,265933,137.586,0.187773
265950ms,265950,137.584,0.187752
266033ms,266033,136.805,0.186133
266050ms,266050,136.805,0.186133
266066ms,266066,136.286,0.185896
266083ms,266083,136.286,0.185896
266133ms,266133,136.223,0.185133
266150ms,266150,136.205,0.185139
266233ms,266233,136.581,0.187907
266250ms,266250,136.559,0.188339
266266ms,266266,136.554,0.188318
266283ms,266283,136.563,0.188292
266433ms,266433,136.784,0.198943
266450ms,266450,136.786,0.199263
266733ms,266733,138.286,0.194074
266750ms,266750,138.287,0.194240
266866ms,266866,138.862,0.190468
266883ms,266883,138.857,0.190544
266900ms,266900,138.948,0.190940
266916ms,266916,139.024,0.191652
266933ms,266933,139.347,0.191807
266950ms,266950,139.346,0.191931
266966ms,266966,139.413,0.191311
266983ms,266983,139.413,0.191311
267000ms,267000,139.412,0.191311
267083ms,267083,139.396,0.191433
267100ms,267100,139.396,0.191436
267116ms,267116,139.395,0.191434
267133ms,267133,139.395,0.191438
267150ms,267150,139.395,0.191439
267166ms,267166,139.330,0.191491
267183ms,267183,139.331,0.191491
267200ms,267200,139.340,0.191663
267216ms,267216,139.342,0.191656
267233ms,267233,139.330,0.191486
267250ms,267250,139.394,0.191431
267266ms,267266,139.395,0.191429
267283ms,267283,139.489,0.191477
267300ms,267300,139.451,0.191549
267316ms,267316,139.457,0.191200
267333ms,267333,139.099,0.191227
267350ms,267350,139.099,0.191227
267366ms,267366,138.099,0.189676
267383ms,267383,138.099,0.189676
267600ms,267600,136.398,0.184549
267616ms,267616,136.398,0.184549
267633ms,267633,136.398,0.184549
267650ms,267650,136.334,0.184867
268166ms,268166,137.505,0.187321
268183ms,268183,137.475,0.187226
268200ms,268200,137.659,0.187919
268216ms,268216,137.636,0.187930
268233ms,268233,137.571,0.188311
268250ms,268250,137.574,0.188304
268300ms,268300,138.293,0.189221
268316ms,268316,138.293,0.189223
268383ms,268383,138.775,0.190858
268400ms,268400,138.775,0.190858
268416ms,268416,139.040,0.191277
268433ms,268433,139.035,0.191264
268450ms,268450,139.440,0.193259
268466ms,268466,139.323,0.192466
268483ms,268483,139.348,0.192385
268500ms,268500,139.348,0.192392
268516ms,268516,139.347,0.192378
268533ms,268533,139.346,0.192373
268550ms,268550,139.355,0.192554
268566ms,268566,139.355,0.192549
268583ms,268583,139.355,0.192549
268600ms,268600,139.354,0.192549
268616ms,268616,139.355,0.192503
268633ms,268633,139.333,0.192134
268650ms,268650,139.332,0.192143
268666ms,268666,139.331,0.192151
268683ms,268683,139.294,0.191668
268700ms,268700,139.297,0.191675
268716ms,268716,139.298,0.191700
268733ms,268733,139.252,0.191214
268750ms,268750,139.216,0.191100
268766ms,268766,139.214,0.191097
268783ms,268783,139.456,0.191068
268800ms,268800,139.456,0.191069
268816ms,268816,139.222,0.191413
268833ms,268833,139.187,0.192212
268933ms,268933,137.635,0.192327
268950ms,268950,137.635,0.192327
268966ms,268966,136.760,0.185969
268983ms,268983,136.793,0.186572
269000ms,269000,137.187,0.190912
269016ms,269016,137.187,0.190912
269033ms,269033,136.428,0.185977
269050ms,269050,136.405,0.186062
269066ms,269066,136.432,0.185151
269083ms,269083,136.433,0.185152
269100ms,269100,136.433,0.185152
269116ms,269116,136.280,0.183833
269133ms,269133,136.280,0.183833
269150ms,269150,136.267,0.187777
269166ms,269166,136.265,0.187555
269650ms,269650,137.365,0.187342
269666ms,269666,137.505,0.187149
269683ms,269683,137.506,0.187189
269700ms,269700,138.235,0.192753
269716ms,269716,138.232,0.192602
269733ms,269733,137.881,0.188960
269750ms,269750,137.867,0.188951
269800ms,269800,138.619,0.190110
269816ms,269816,138.619,0.190109
269883ms,269883,139.056,0.191144
269900ms,269900,139.051,0.191217
269916ms,269916,139.336,0.191571
269933ms,269933,139.319,0.191607
269950ms,269950,139.283,0.191273
269966ms,269966,139.281,0.191273
269983ms,269983,139.279,0.191275
270000ms,270000,139.277,0.191273
270016ms,270016,139.252,0.191280
270033ms,270033,139.252,0.191281
270050ms,270050,139.253,0.191283
270066ms,270066,139.238,0.191316
270083ms,270083,139.238,0.191315
270100ms,270100,139.184,0.191199
270116ms,270116,139.183,0.191199
270133ms,270133,139.183,0.191197
270150ms,270150,139.184,0.191197
270166ms,270166,139.184,0.191197
270183ms,270183,139.184,0.191197
270200ms,270200,139.184,0.191195
270216ms,270216,139.185,0.191217
270233ms,270233,139.187,0.191275
270250ms,270250,139.187,0.191275
270266ms,270266,139.187,0.191275
270283ms,270283,139.219,0.192345
270300ms,270300,139.188,0.192249
270316ms,270316,138.698,0.190914
270333ms,270333,138.698,0.190914
270350ms,270350,138.417,0.188897
270366ms,270366,138.442,0.188663
270383ms,270383,137.672,0.187873
270400ms,270400,137.672,0.187873
270416ms,270416,137.751,0.198905
270433ms,270433,137.762,0.198922
270450ms,270450,137.472,0.187168
270500ms,270500,136.431,0.186051
270516ms,270516,136.431,0.186051
270533ms,270533,136.624,0.186252
270550ms,270550,136.624,0.186252
270566ms,270566,136.535,0.184385
270583ms,270583,136.535,0.184385
270600ms,270600,136.523,0.186588
270616ms,270616,136.523,0.186588
270633ms,270633,136.523,0.186589
270750ms,270750,136.355,0.185082
270766ms,270766,136.481,0.187406
270900ms,270900,136.445,0.190600
270916ms,270916,136.441,0.190670
270933ms,270933,136.610,0.189689
270950ms,270950,136.556,0.190125
271083ms,271083,136.982,0.186165
271100ms,271100,136.982,0.186165
271150ms,271150,137.344,0.187299
271166ms,271166,137.344,0.187309
271183ms,271183,137.385,0.187934
271200ms,271200,137.385,0.187936
271216ms,271216,137.419,0.187955
271233ms,271233,137.632,0.188555
271266ms,271266,138.410,0.189502
271283ms,271283,138.409,0.189497
271316ms,271316,138.835,0.189751
271333ms,271333,138.776,0.190921
271350ms,271350,138.793,0.190944
271366ms,271366,139.064,0.191330
271383ms,271383,139.064,0.191330
271400ms,271400,139.064,0.191330
271700ms,271700,139.055,0.191122
271716ms,271716,139.055,0.191124
271733ms,271733,139.165,0.191148
271750ms,271750,139.170,0.191141
271766ms,271766,139.054,0.191127
271850ms,271850,137.910,0.189473
271866ms,271866,137.910,0.189473
271883ms,271883,137.510,0.188602
271900ms,271900,137.520,0.188437
271983ms,271983,136.860,0.191843
272000ms,272000,136.860,0.191843
272016ms,272016,136.429,0.185129
272033ms,272033,136.429,0.185127
272050ms,272050,136.356,0.184454
272066ms,272066,136.254,0.184461
272083ms,272083,136.254,0.184461
272150ms,272150,136.865,0.201647
272166ms,272166,136.425,0.187568
272183ms,272183,136.252,0.185954
272200ms,272200,136.256,0.185846
272616ms,272616,137.590,0.187435
272633ms,272633,137.564,0.187274
272650ms,272650,137.592,0.188106
272666ms,272666,137.646,0.188187
272683ms,272683,137.817,0.188588
272700ms,272700,137.699,0.188384
272850ms,272850,139.167,0.191826
273150ms,273150,139.405,0.192266
273166ms,273166,139.403,0.192287
273183ms,273183,139.429,0.192035
273200ms,273200,139.400,0.191611
273216ms,273216,139.230,0.191763
273233ms,273233,139.214,0.191754
273250ms,273250,139.008,0.191056
273266ms,273266,139.008,0.191056
273283ms,273283,138.511,0.190033
273300ms,273300,138.511,0.190033
273316ms,273316,138.178,0.190162
273333ms,273333,138.178,0.190162
273350ms,273350,138.178,0.190162
273366ms,273366,138.178,0.190162
273383ms,273383,137.472,0.191315
273400ms,273400,137.472,0.191306
273483ms,273483,136.519,0.185092
273500ms,273500,136.519,0.185092
273516ms,273516,136.498,0.184584
273533ms,273533,136.498,0.184584
273550ms,273550,136.294,0.185485
273566ms,273566,136.294,0.185485
273650ms,273650,136.362,0.185348
273666ms,273666,136.362,0.185328
273816ms,273816,136.464,0.192026
273833ms,273833,136.464,0.192032
274033ms,274033,136.597,0.185614
274116ms,274116,137.507,0.187539
274133ms,274133,137.508,0.187555
274150ms,274150,138.312,0.191502
274166ms,274166,138.343,0.191642
274183ms,274183,137.964,0.190658
274200ms,274200,137.964,0.190656
274250ms,274250,138.672,0.189453
274266ms,274266,138.671,0.189448
274316ms,274316,139.024,0.190542
274333ms,274333,139.014,0.190595
274350ms,274350,139.235,0.191105
274366ms,274366,139.235,0.191105
274383ms,274383,139.235,0.191105
274400ms,274400,139.239,0.191101
274416ms,274416,139.237,0.191076
274433ms,274433,139.256,0.191635
274450ms,274450,139.257,0.191632
274466ms,274466,139.213,0.191574
274483ms,274483,139.210,0.191595
274500ms,274500,139.209,0.191603
274516ms,274516,139.208,0.191611
274533ms,274533,139.208,0.191607
274550ms,274550,139.209,0.191608
274566ms,274566,139.247,0.191586
274583ms,274583,139.248,0.191584
274600ms,274600,139.246,0.191583
274616ms,274616,139.246,0.191595
274633ms,274633,139.302,0.191823
274650ms,274650,139.289,0.191882
274666ms,274666,139.334,0.191961
274683ms,274683,139.354,0.191462
274700ms,274700,139.355,0.191465
274716ms,274716,139.010,0.191349
274733ms,274733,139.010,0.191349
274750ms,274750,138.760,0.191175
274766ms,274766,138.778,0.190706
274783ms,274783,138.252,0.189264
274800ms,274800,138.252,0.189264
274816ms,274816,138.252,0.189264
274833ms,274833,137.813,0.188675
274850ms,274850,137.795,0.198636
274866ms,274866,137.794,0.198607
274950ms,274950,136.403,0.185547
274966ms,274966,136.395,0.185626
274983ms,274983,136.398,0.184992
275050ms,275050,136.378,0.186259
275066ms,275066,136.378,0.186259
275200ms,275200,136.473,0.186845
275216ms,275216,136.473,0.186845
275550ms,275550,137.519,0.187045
275566ms,275566,137.519,0.187045
275583ms,275583,137.377,0.187220
275600ms,275600,137.558,0.187511
275616ms,275616,137.559,0.187511
275633ms,275633,138.266,0.190371
275650ms,275650,137.965,0.192281
275666ms,275666,137.965,0.192281
275683ms,275683,138.473,0.191365
275700ms,275700,138.407,0.191065
275750ms,275750,138.980,0.188858
275766ms,275766,138.980,0.188858
275783ms,275783,139.105,0.190244
275800ms,275800,139.105,0.190244
275816ms,275816,139.208,0.190670
275833ms,275833,139.208,0.190670
275850ms,275850,139.208,0.190670
275866ms,275866,139.208,0.190670
276150ms,276150,139.234,0.192165
276166ms,276166,139.228,0.192214
276183ms,276183,139.114,0.191682
276200ms,276200,139.114,0.191682
276216ms,276216,138.932,0.191058
276233ms,276233,139.043,0.190622
276283ms,276283,137.908,0.189005
276300ms,276300,137.908,0.189005
276316ms,276316,137.908,0.189005
276333ms,276333,137.793,0.197927
276350ms,276350,137.792,0.197885
276366ms,276366,136.842,0.186305
276483ms,276483,136.451,0.184779
276500ms,276500,136.451,0.184778
276516ms,276516,136.316,0.185933
276533ms,276533,136.316,0.185933
277100ms,277100,137.575,0.187524
277116ms,277116,137.575,0.187524
277133ms,277133,138.594,0.190815
277150ms,277150,138.594,0.190815
277166ms,277166,138.105,0.190308
277183ms,277183,138.105,0.190308
277200ms,277200,138.358,0.189169
277216ms,277216,138.398,0.189096
277250ms,277250,138.962,0.190691
277266ms,277266,138.947,0.190684
277283ms,277283,139.048,0.190931
277316ms,277316,139.190,0.192058
277333ms,277333,139.165,0.191675
277716ms,277716,138.627,0.190328
277733ms,277733,138.627,0.190328
277750ms,277750,138.074,0.189597
277766ms,277766,138.074,0.189597
277816ms,277816,137.521,0.195271
277833ms,277833,137.522,0.195287
277850ms,277850,137.524,0.195307
277900ms,277900,136.680,0.187989
277916ms,277916,136.680,0.187989
277933ms,277933,136.425,0.185611
277950ms,277950,136.424,0.185589
277966ms,277966,136.491,0.185248
277983ms,277983,136.491,0.185248
278000ms,278000,136.322,0.184874
278016ms,278016,136.325,0.184750
278033ms,278033,136.915,0.197320
278150ms,278150,136.986,0.197920
278166ms,278166,136.986,0.197920
278300ms,278300,136.528,0.193048
278316ms,278316,136.528,0.193065
278366ms,278366,136.669,0.193686
278383ms,278383,136.669,0.193686
278516ms,278516,137.371,0.187092
278533ms,278533,137.366,0.187111
278550ms,278550,137.553,0.188138
278566ms,278566,137.553,0.188138
278583ms,278583,137.553,0.188138
278633ms,278633,137.898,0.190453
278650ms,278650,137.898,0.190453
278666ms,278666,137.898,0.190453
278683ms,278683,137.898,0.190453
278733ms,278733,138.861,0.190075
278750ms,278750,138.861,0.190075
278766ms,278766,138.846,0.190404
278783ms,278783,138.846,0.190404
279166ms,279166,139.127,0.192250
279183ms,279183,139.127,0.192250
279250ms,279250,137.675,0.188076
279266ms,279266,137.675,0.188076
279400ms,279400,136.440,0.185301
279416ms,279416,136.440,0.185301
279433ms,279433,136.447,0.184895
279450ms,279450,136.448,0.184895
279466ms,279466,136.298,0.184341
279483ms,279483,136.298,0.184331
279500ms,279500,136.477,0.185501
279516ms,279516,136.477,0.185501
279566ms,279566,136.393,0.186031
279583ms,279583,136.393,0.186031
280000ms,280000,137.367,0.187410
280016ms,280016,137.367,0.187410
280033ms,280033,137.367,0.187410
280050ms,280050,137.599,0.188672
280066ms,280066,137.599,0.188672
280133ms,280133,138.317,0.188823
280150ms,280150,138.286,0.188243
280166ms,280166,138.527,0.189969
280183ms,280183,138.527,0.189969
280233ms,280233,139.064,0.191076
280250ms,280250,139.031,0.191347
280316ms,280316,139.151,0.191737
280333ms,280333,139.242,0.192604
280350ms,280350,139.242,0.192601
280366ms,280366,139.242,0.192596
280383ms,280383,139.198,0.192104
280400ms,280400,139.171,0.192097
280416ms,280416,139.171,0.192097
280433ms,280433,139.171,0.192094
280450ms,280450,139.172,0.192091
280466ms,280466,139.172,0.192093
280483ms,280483,139.172,0.192093
280500ms,280500,139.172,0.192093
280516ms,280516,139.174,0.192108
280533ms,280533,139.174,0.192117
280550ms,280550,139.176,0.192124
280733ms,280733,137.919,0.188462
280750ms,280750,137.919,0.188462
280766ms,280766,137.621,0.192960
280783ms,280783,137.620,0.192921
280800ms,280800,136.801,0.187538
280816ms,280816,136.777,0.187695
280866ms,280866,136.459,0.185504
280883ms,280883,136.453,0.185868
280966ms,280966,136.300,0.186215
280983ms,280983,136.300,0.186215
281266ms,281266,136.169,0.187866
281283ms,281283,136.169,0.187880
281416ms,281416,136.648,0.186275
281500ms,281500,137.554,0.187499
281516ms,281516,137.602,0.187401
281533ms,281533,137.602,0.187401
281550ms,281550,137.602,0.187401
281650ms,281650,138.543,0.189576
281683ms,281683,138.896,0.190421
281700ms,281700,139.029,0.190527
281766ms,281766,139.195,0.191040
281783ms,281783,139.195,0.191039
281800ms,281800,139.196,0.191038
281816ms,281816,139.033,0.190632
281833ms,281833,139.032,0.190639
281850ms,281850,139.031,0.190638
281866ms,281866,139.049,0.190682
281883ms,281883,139.029,0.190631
282050ms,282050,139.040,0.190964
282066ms,282066,139.040,0.190965
282100ms,282100,139.283,0.190539
282116ms,282116,139.278,0.190470
282166ms,282166,138.434,0.189293
282183ms,282183,138.434,0.189293
282200ms,282200,137.668,0.188529
282216ms,282216,137.651,0.188342
282233ms,282233,137.313,0.188893
282250ms,282250,137.311,0.188865
282266ms,282266,136.521,0.185683
282283ms,282283,136.521,0.185684
282333ms,282333,136.249,0.186009
282350ms,282350,136.249,0.186005
282366ms,282366,136.448,0.185268
282383ms,282383,136.448,0.185268
282400ms,282400,136.448,0.185268
282416ms,282416,136.280,0.184119
282433ms,282433,136.088,0.185449
282450ms,282450,136.088,0.185449
282516ms,282516,136.336,0.184906
282533ms,282533,136.261,0.185754
282550ms,282550,136.226,0.185831
282900ms,282900,136.913,0.186106
282916ms,282916,136.913,0.186105
282966ms,282966,137.221,0.186954
283000ms,283000,138.325,0.190647
283016ms,283016,138.255,0.191465
283033ms,283033,137.880,0.187894
283050ms,283050,137.880,0.187894
283066ms,283066,138.191,0.190887
283083ms,283083,138.150,0.190866
283183ms,283183,138.928,0.191362
283200ms,283200,138.929,0.191216
283233ms,283233,139.283,0.191817
283250ms,283250,139.089,0.191385
283266ms,283266,139.089,0.191353
283283ms,283283,139.090,0.191370
283300ms,283300,139.089,0.191340
283316ms,283316,139.089,0.191340
283333ms,283333,138.996,0.191676
283350ms,283350,138.996,0.191676
283366ms,283366,138.997,0.191682
283383ms,283383,138.997,0.191682
283400ms,283400,138.996,0.191690
283416ms,283416,138.996,0.191675
283433ms,283433,138.996,0.191666
283450ms,283450,138.995,0.191670
283466ms,283466,138.995,0.191673
283483ms,283483,138.995,0.191673
283500ms,283500,138.995,0.191673
283516ms,283516,138.995,0.191673
283533ms,283533,138.995,0.191673
283550ms,283550,139.074,0.192365
283566ms,283566,139.068,0.192378
283583ms,283583,139.116,0.192638
283600ms,283600,139.116,0.192641
283616ms,283616,139.021,0.191061
283633ms,283633,138.698,0.190448
283650ms,283650,138.698,0.190448
283666ms,283666,138.209,0.191617
283683ms,283683,138.209,0.191617
283700ms,283700,137.833,0.189262
283716ms,283716,137.833,0.189262
283733ms,283733,137.622,0.196210
283750ms,283750,137.595,0.193681
283833ms,283833,136.389,0.185461
283850ms,283850,136.389,0.185461
283866ms,283866,136.442,0.185327
283883ms,283883,136.443,0.185329
283900ms,283900,136.443,0.185332
283916ms,283916,136.321,0.184906
283933ms,283933,136.321,0.184906
284016ms,284016,136.400,0.185984
284266ms,284266,136.564,0.192948
284283ms,284283,136.564,0.192948
284300ms,284300,136.590,0.191274
284433ms,284433,137.366,0.187419
284450ms,284450,137.366,0.187418
284466ms,284466,137.548,0.187311
284483ms,284483,137.548,0.187311
284500ms,284500,138.086,0.190703
284516ms,284516,138.086,0.190703
284533ms,284533,137.816,0.188318
284550ms,284550,137.800,0.188680
284633ms,284633,138.781,0.190118
284650ms,284650,138.781,0.190118
284666ms,284666,138.781,0.190118
284683ms,284683,138.956,0.191005
284700ms,284700,139.067,0.190930
285050ms,285050,139.140,0.190721
285066ms,285066,139.132,0.190760
285083ms,285083,139.133,0.191161
285100ms,285100,139.130,0.191138
285116ms,285116,138.998,0.190431
285133ms,285133,139.001,0.190370
285216ms,285216,137.453,0.189127
285300ms,285300,137.019,0.195485
285316ms,285316,137.018,0.195489
285333ms,285333,136.428,0.185193
285350ms,285350,136.461,0.185525
285366ms,285366,136.497,0.184869
285383ms,285383,136.499,0.184873
285483ms,285483,136.287,0.186070
285500ms,285500,136.287,0.186070
285516ms,285516,136.294,0.186486
285533ms,285533,136.293,0.186529
285583ms,285583,136.415,0.187967
285916ms,285916,137.800,0.189084
285933ms,285933,137.694,0.189130
285983ms,285983,137.561,0.187336
286000ms,286000,137.477,0.187559
286016ms,286016,137.710,0.188777
286066ms,286066,138.234,0.189873
286083ms,286083,138.234,0.189872
286183ms,286183,138.893,0.190441
286200ms,286200,138.893,0.190441
286650ms,286650,138.075,0.189502
286666ms,286666,137.971,0.189153
286816ms,286816,136.345,0.185319
286833ms,286833,136.466,0.185282
286850ms,286850,136.466,0.185282
286866ms,286866,136.364,0.185096
286883ms,286883,136.369,0.185038
286900ms,286900,136.610,0.187272
286916ms,286916,136.610,0.187272
286933ms,286933,136.610,0.187272
287416ms,287416,137.507,0.187519
287433ms,287433,137.507,0.187522
287483ms,287483,138.270,0.196774
287500ms,287500,138.264,0.192206
287516ms,287516,137.957,0.189818
287533ms,287533,137.865,0.191070
287550ms,287550,138.176,0.189372
287566ms,287566,138.176,0.189372
287583ms,287583,138.693,0.190874
287600ms,287600,138.692,0.190979
287633ms,287633,138.804,0.190838
287650ms,287650,138.826,0.190878
288016ms,288016,139.243,0.191200
288033ms,288033,139.053,0.191528
288050ms,288050,139.073,0.191585
288066ms,288066,139.081,0.191700
288116ms,288116,138.324,0.189606
288133ms,288133,138.324,0.189606
288150ms,288150,137.624,0.188256
288166ms,288166,137.624,0.188256
288183ms,288183,137.376,0.188640
288200ms,288200,137.377,0.188642
288250ms,288250,136.912,0.187538
288300ms,288300,136.281,0.185714
288350ms,288350,136.445,0.184210
288366ms,288366,136.445,0.184210
288383ms,288383,136.512,0.186876
288400ms,288400,136.450,0.187730
288916ms,288916,137.509,0.187194
288933ms,288933,137.509,0.187194
288950ms,288950,138.285,0.193279
288966ms,288966,138.284,0.193270
288983ms,288983,137.972,0.188900
289000ms,289000,137.975,0.188901
289016ms,289016,138.259,0.189991
289033ms,289033,138.259,0.189991
289050ms,289050,138.588,0.190799
289066ms,289066,138.588,0.190799
289116ms,289116,138.880,0.191199
289133ms,289133,138.880,0.191199
289150ms,289150,138.880,0.191199
289166ms,289166,138.880,0.191199
289183ms,289183,139.159,0.192049
289200ms,289200,139.159,0.192049
289216ms,289216,139.159,0.192049
289233ms,289233,139.159,0.192049
289250ms,289250,139.201,0.192154
289283ms,289283,139.192,0.192158
289600ms,289600,138.543,0.188777
289616ms,289616,138.542,0.188778
289650ms,289650,137.452,0.188826
289666ms,289666,137.451,0.188827
289783ms,289783,136.518,0.185317
289800ms,289800,136.517,0.185312
289816ms,289816,136.385,0.185384
289833ms,289833,136.385,0.185384
289850ms,289850,136.127,0.184772
289866ms,289866,136.319,0.184614
289916ms,289916,136.374,0.188771
289933ms,289933,136.352,0.187512
289950ms,289950,136.190,0.186683
289966ms,289966,136.190,0.186695
289983ms,289983,136.190,0.186690
290183ms,290183,136.317,0.189333
290200ms,290200,136.255,0.188980
290216ms,290216,136.970,0.193054
290233ms,290233,136.970,0.193054
290400ms,290400,137.433,0.186982
290416ms,290416,137.433,0.186982
290433ms,290433,137.499,0.188070
290450ms,290450,137.583,0.187945
290466ms,290466,137.565,0.187924
290516ms,290516,138.314,0.190431
290533ms,290533,138.314,0.190421
290550ms,290550,138.633,0.189643
290566ms,290566,138.672,0.189239
290616ms,290616,138.963,0.190242
290633ms,290633,138.963,0.190242
290650ms,290650,138.963,0.190242
290666ms,290666,138.956,0.190245
291133ms,291133,137.782,0.188738
291150ms,291150,137.782,0.188738
291250ms,291250,136.350,0.184676
291266ms,291266,136.350,0.184676
291283ms,291283,136.515,0.185857
291300ms,291300,136.516,0.185851
291316ms,291316,136.143,0.184803
291333ms,291333,136.143,0.184803
291383ms,291383,136.534,0.184687
291400ms,291400,136.529,0.184840
291633ms,291633,136.239,0.190570
291683ms,291683,136.608,0.197873
291700ms,291700,136.566,0.197133
291783ms,291783,136.712,0.185838
291800ms,291800,136.712,0.185838
291866ms,291866,137.292,0.186957
291883ms,291883,137.295,0.186910
291900ms,291900,137.346,0.187292
291916ms,291916,137.372,0.187307
291933ms,291933,138.140,0.192874
291950ms,291950,138.193,0.192355
291966ms,291966,137.766,0.187728
291983ms,291983,137.766,0.187728
292000ms,292000,138.257,0.189545
292016ms,292016,138.257,0.189545
292033ms,292033,138.647,0.190450
292083ms,292083,138.918,0.190991
292100ms,292100,138.999,0.190989
292416ms,292416,139.024,0.191170
292433ms,292433,139.025,0.191168
292483ms,292483,139.083,0.190820
292500ms,292500,139.083,0.190821
292550ms,292550,138.300,0.189562
292566ms,292566,138.300,0.189563
292583ms,292583,137.683,0.187936
292600ms,292600,137.683,0.187936
292616ms,292616,137.682,0.187936
292733ms,292733,136.265,0.185168
292750ms,292750,136.265,0.185168
292766ms,292766,136.265,0.185168
292783ms,292783,136.265,0.185168
292800ms,292800,136.268,0.184282
292816ms,292816,136.268,0.184282
292833ms,292833,136.547,0.187381
293300ms,293300,137.108,0.186864
293366ms,293366,137.482,0.187782
293383ms,293383,137.482,0.187783
293400ms,293400,138.207,0.190720
293416ms,293416,138.208,0.190686
293433ms,293433,137.854,0.188039
293450ms,293450,137.854,0.188039
293466ms,293466,138.113,0.190421
293483ms,293483,138.110,0.190385
293500ms,293500,138.523,0.189703
293516ms,293516,138.523,0.189703
293533ms,293533,138.969,0.191107
293550ms,293550,138.970,0.190835
293600ms,293600,138.961,0.191442
293616ms,293616,138.975,0.191252
294050ms,294050,137.863,0.188532
294066ms,294066,137.863,0.188532
294200ms,294200,136.428,0.187515
294216ms,294216,136.426,0.187517
294233ms,294233,136.969,0.192332
294250ms,294250,136.969,0.192332
294266ms,294266,136.417,0.184229
294283ms,294283,136.417,0.184228
294300ms,294300,136.467,0.185908
294316ms,294316,136.467,0.185908
294366ms,294366,136.282,0.186942
294383ms,294383,136.282,0.186942
294400ms,294400,136.300,0.186889
294416ms,294416,136.352,0.186970
294433ms,294433,136.500,0.187839
294633ms,294633,136.292,0.193425
294650ms,294650,136.292,0.193425
294850ms,294850,137.709,0.187408
294866ms,294866,137.705,0.187428
294883ms,294883,137.703,0.187435
294900ms,294900,137.825,0.188003
294916ms,294916,137.825,0.188003
294966ms,294966,138.321,0.189810
294983ms,294983,138.321,0.189810
295066ms,295066,139.053,0.191718
295083ms,295083,139.053,0.191718
295466ms,295466,139.149,0.191628
295483ms,295483,139.180,0.191121
295566ms,295566,137.637,0.188909
295583ms,295583,137.637,0.188909
295600ms,295600,137.494,0.190825
295616ms,295616,137.494,0.190875
295683ms,295683,136.488,0.188232
295733ms,295733,136.384,0.184739
295750ms,295750,136.378,0.184772
295766ms,295766,136.416,0.184929
295783ms,295783,136.416,0.184929
296283ms,296283,137.596,0.188263
296300ms,296300,137.439,0.187229
296316ms,296316,137.449,0.187162
296333ms,296333,137.630,0.188015
296350ms,296350,137.630,0.188013
296366ms,296366,138.378,0.192130
296383ms,296383,138.377,0.192079
296400ms,296400,138.376,0.192023
296416ms,296416,139.002,0.188636
296433ms,296433,138.225,0.189923
296450ms,296450,138.225,0.189923
296466ms,296466,138.520,0.190045
296500ms,296500,138.773,0.189796
296516ms,296516,138.765,0.189823
296533ms,296533,139.152,0.190597
296550ms,296550,139.147,0.190826
296933ms,296933,138.973,0.190415
296950ms,296950,138.882,0.190566
297033ms,297033,137.637,0.188560
297050ms,297050,137.637,0.188506
297066ms,297066,137.655,0.190162
297083ms,297083,137.672,0.189719
297183ms,297183,136.218,0.184048
297200ms,297200,136.231,0.184054
297216ms,297216,136.658,0.185814
297233ms,297233,136.269,0.184748
297250ms,297250,136.269,0.184748
297266ms,297266,136.740,0.185163
297283ms,297283,136.661,0.184842
297733ms,297733,137.531,0.186930
297750ms,297750,137.557,0.186572
297766ms,297766,137.446,0.187003
297783ms,297783,137.445,0.187005
297800ms,297800,137.585,0.187438
297816ms,297816,137.600,0.187629
297833ms,297833,138.363,0.191308
297850ms,297850,138.368,0.191189
297866ms,297866,137.820,0.188332
297883ms,297883,137.820,0.188332
297900ms,297900,137.820,0.188332
297916ms,297916,138.148,0.189934
297933ms,297933,138.146,0.190009
297950ms,297950,138.435,0.189783
297966ms,297966,138.435,0.189783
297983ms,297983,138.983,0.190658
298000ms,298000,138.983,0.190658
298016ms,298016,139.058,0.190363
298033ms,298033,139.055,0.190938
298050ms,298050,139.049,0.190893
298066ms,298066,139.079,0.190788
298083ms,298083,139.155,0.190990
298100ms,298100,139.211,0.190901
298400ms,298400,139.141,0.190835
298433ms,298433,138.774,0.190650
298450ms,298450,138.777,0.190634
298500ms,298500,137.634,0.188011
298516ms,298516,137.634,0.188011
298533ms,298533,137.748,0.197072
298550ms,298550,137.731,0.196323
298600ms,298600,136.702,0.186832
298616ms,298616,136.702,0.186832
298633ms,298633,136.320,0.186194
298650ms,298650,136.320,0.186194
298666ms,298666,136.320,0.186194
298683ms,298683,136.366,0.185201
298700ms,298700,136.366,0.185201
298716ms,298716,136.374,0.184723
298733ms,298733,136.374,0.184723
298750ms,298750,136.340,0.185355
298766ms,298766,136.340,0.185355
298816ms,298816,136.180,0.185562
298833ms,298833,136.180,0.185344
298850ms,298850,136.180,0.185344
298866ms,298866,136.378,0.185617
298883ms,298883,136.378,0.185617
299216ms,299216,137.002,0.186281
299300ms,299300,137.752,0.187557
299316ms,299316,137.753,0.187573
299333ms,299333,137.749,0.187753
299350ms,299350,137.750,0.187738
299366ms,299366,137.917,0.190576
299383ms,299383,137.914,0.190554
299400ms,299400,138.323,0.191017
299416ms,299416,138.323,0.191017
299433ms,299433,138.323,0.191017
299483ms,299483,138.791,0.190345
299500ms,299500,138.791,0.190345
299516ms,299516,138.988,0.191039
299533ms,299533,138.988,0.191038
299550ms,299550,138.983,0.191113
299566ms,299566,138.983,0.191113
299583ms,299583,139.115,0.191881
299600ms,299600,139.115,0.191883
299616ms,299616,139.118,0.191899
299633ms,299633,139.118,0.191898
299650ms,299650,139.170,0.192155
299666ms,299666,139.166,0.191975
299683ms,299683,139.166,0.191972
299700ms,299700,139.167,0.191960
299716ms,299716,139.166,0.191933
299733ms,299733,139.144,0.191354
299750ms,299750,139.143,0.191346
299766ms,299766,139.148,0.191365
299783ms,299783,139.155,0.191367
299800ms,299800,139.153,0.191361
299816ms,299816,139.164,0.191149
299833ms,299833,139.161,0.191146
299850ms,299850,139.212,0.191238
299866ms,299866,139.215,0.191240
299900ms,299900,139.266,0.191389
299916ms,299916,139.078,0.190748
299933ms,299933,139.026,0.190925
300000ms,300000,138.212,0.190269
300016ms,300016,137.772,0.189151
300133ms,300133,136.380,0.185776
300150ms,300150,136.380,0.185776
300166ms,300166,136.380,0.185776
300216ms,300216,136.183,0.184595
300233ms,300233,136.183,0.184595
300283ms,300283,136.526,0.184892
300300ms,300300,136.526,0.184892
300533ms,300533,136.233,0.188019
300550ms,300550,136.233,0.188019
300566ms,300566,136.233,0.188019
300783ms,300783,137.625,0.187796
300800ms,300800,137.625,0.187796
300816ms,300816,138.371,0.193816
300833ms,300833,137.978,0.189570
300850ms,300850,137.978,0.189570
300866ms,300866,138.379,0.190430
300883ms,300883,138.379,0.190434
300983ms,300983,139.093,0.190678
301000ms,301000,139.128,0.190701
301150ms,301150,139.229,0.191225
301166ms,301166,139.229,0.191225
301183ms,301183,139.197,0.191443
301200ms,301200,139.195,0.191440
301416ms,301416,138.951,0.190409
301450ms,301450,138.326,0.190136
301466ms,301466,138.254,0.190103
301483ms,301483,137.689,0.188374
301500ms,301500,137.689,0.188374
301516ms,301516,137.359,0.188635
301533ms,301533,137.359,0.188635
301616ms,301616,136.456,0.185665
301666ms,301666,136.362,0.185297
301683ms,301683,136.362,0.185297
301700ms,301700,136.362,0.185297
301716ms,301716,136.441,0.185437
301733ms,301733,136.481,0.185552
301783ms,301783,136.344,0.187369
301800ms,301800,136.344,0.187368
301816ms,301816,136.308,0.186639
301833ms,301833,136.290,0.186440
302250ms,302250,137.481,0.187706
302266ms,302266,137.481,0.187706
302283ms,302283,138.430,0.190837
302300ms,302300,138.430,0.190837
302316ms,302316,137.828,0.188204
302333ms,302333,137.685,0.188411
302383ms,302383,138.769,0.191207
302416ms,302416,138.756,0.190579
302433ms,302433,138.795,0.190520
302450ms,302450,138.793,0.190512
302466ms,302466,138.797,0.190511
302483ms,302483,138.978,0.190947
302500ms,302500,138.978,0.190947
302516ms,302516,138.980,0.190987
302533ms,302533,138.988,0.190993
302783ms,302783,139.023,0.191018
302800ms,302800,138.986,0.191047
302816ms,302816,139.017,0.191146
302833ms,302833,139.017,0.191146
302950ms,302950,137.818,0.188267
302966ms,302966,137.818,0.188267
303150ms,303150,136.353,0.184928
303166ms,303166,136.353,0.184928
303183ms,303183,136.337,0.184957
303200ms,303200,136.473,0.185103
303250ms,303250,136.509,0.188545
303266ms,303266,136.515,0.188569
303283ms,303283,136.245,0.186356
303300ms,303300,136.240,0.186478
303516ms,303516,136.536,0.192596
303550ms,303550,136.708,0.199353
303566ms,303566,136.740,0.197367
303650ms,303650,136.990,0.186119
303666ms,303666,136.881,0.186096
303750ms,303750,137.756,0.187652
303766ms,303766,137.761,0.187614
303783ms,303783,137.829,0.188337
303800ms,303800,137.839,0.188123
303850ms,303850,138.359,0.189876
303866ms,303866,138.428,0.189814
303916ms,303916,138.899,0.190735
303933ms,303933,139.032,0.191222
303950ms,303950,139.146,0.190792
303966ms,303966,139.124,0.191282
303983ms,303983,139.068,0.191757
304250ms,304250,139.187,0.191888
304266ms,304266,139.187,0.191888
304366ms,304366,139.018,0.191980
304383ms,304383,139.021,0.191959
304450ms,304450,137.551,0.188727
304466ms,304466,137.550,0.188723
304483ms,304483,137.146,0.188903
304500ms,304500,137.145,0.188903
304550ms,304550,137.192,0.196930
304566ms,304566,137.192,0.196930
304583ms,304583,136.490,0.184778
304600ms,304600,136.490,0.184778
304650ms,304650,136.388,0.184539
304666ms,304666,136.434,0.184505
304683ms,304683,136.252,0.185829
304700ms,304700,136.252,0.185829
305016ms,305016,136.410,0.188199
305033ms,305033,136.410,0.188203
305133ms,305133,136.651,0.186515
305200ms,305200,137.430,0.187157
305216ms,305216,137.485,0.186994
305233ms,305233,137.485,0.186994
305250ms,305250,137.486,0.186995
305266ms,305266,137.486,0.186995
305316ms,305316,138.315,0.190678
305333ms,305333,138.271,0.190622
305350ms,305350,138.703,0.190719
305366ms,305366,138.703,0.190719
